time/s,<Ewe>/V,<I>/mA,freq/Hz,Re(Z)/Ohm,-Im(Z)/Ohm,Tech
405.4700012207031,1.4609482288360596,0.07837153971195221,20015.62109375,0.04185187588797704,-0.006027645354035962,1
405.77099609375,1.4595355987548828,0.057119324803352356,20015.62109375,0.04168671976211114,-0.0061675190452207375,1
406.0719909667969,1.45954167842865,0.05198829993605614,20015.62109375,0.0416546563846018,-0.006060716107207688,1
406.3730163574219,1.4595410823822021,0.04906506836414337,20015.62109375,0.04162063825008611,-0.006194485494110636,1
406.67401123046875,1.4595423936843872,0.04698508232831955,20015.62109375,0.04174176916933587,-0.00610119364217695,1
406.9750061035156,1.459527850151062,0.045782625675201416,20015.62109375,0.04164329165243183,-0.0060679753903596844,1
407.2760009765625,1.4595351219177246,0.04484771192073822,20015.62109375,0.04169310637377592,-0.006218886927836796,1
407.5769958496094,1.4595376253128052,0.04420940950512886,20015.62109375,0.04159825916958746,-0.006204111065480032,1
407.87799072265625,1.459529161453247,0.04396645724773407,20015.62109375,0.04154659404999284,-0.006302371338428551,1
408.17901611328125,1.4595303535461426,0.04392025247216225,20015.62109375,0.04170328285649434,-0.006141411271963224,1
408.4800109863281,1.4595288038253784,0.04360054060816765,20015.62109375,0.04157356789907459,-0.006213079372581295,1
408.781005859375,1.4595310688018799,0.042943231761455536,20015.62109375,0.041766411775379236,-0.006089563264447115,1
409.0820007324219,1.4595295190811157,0.04263656586408615,20015.62109375,0.04169705571948628,-0.0061563450242953215,1
409.38299560546875,1.4595351219177246,0.042249780148267746,20015.62109375,0.041548372756836656,-0.006236776434712997,1
409.6839904785156,1.4595328569412231,0.041810084134340286,20015.62109375,0.04153460939325048,-0.006208932606372737,1
409.9850158691406,1.4595239162445068,0.041361819952726364,20015.62109375,0.04163844585792175,-0.00610007944283017,1
410.2860107421875,1.4595288038253784,0.04102161526679993,20015.62109375,0.04160789176528882,-0.00616400707033199,1
410.5870056152344,1.4595328569412231,0.040595706552267075,20015.62109375,0.04165035055561033,-0.006208578550387528,1
410.88800048828125,1.4595308303833008,0.040312509983778,20015.62109375,0.041555897744443196,-0.006204710148776664,1
411.1889953613281,1.459526777267456,0.04012172669172287,20015.62109375,0.04169240653428738,-0.006244963243845235,1
411.489990234375,1.459538459777832,0.04014967381954193,20015.62109375,0.04162773104559546,-0.006170876491874462,1
411.791015625,1.4595390558242798,0.04023128002882004,20015.62109375,0.04172039603904073,-0.006103418670530845,1
412.0920104980469,1.4595274925231934,0.04065047949552536,20015.62109375,0.04169555603778084,-0.006312510596313951,1
412.39300537109375,1.4595292806625366,0.040676191449165344,20015.62109375,0.04160504478944152,-0.006113810534678259,1
412.6940002441406,1.459533452987671,0.04045261815190315,20015.62109375,0.04170171524302274,-0.006026842780700704,1
412.9949951171875,1.4595167636871338,0.040271151810884476,20015.62109375,0.04163767941744229,-0.006240904547286943,1
413.2959899902344,1.4595355987548828,0.04019066318869591,20015.62109375,0.04157190862584976,-0.006152758571561893,1
413.5970153808594,1.4595303535461426,0.04005763679742813,20015.62109375,0.04183914499359234,-0.006354755447062734,1
413.89801025390625,1.4595201015472412,0.03960713371634483,20015.62109375,0.0417142718142712,-0.00622354861960204,1
414.1990051269531,1.4595273733139038,0.039331767708063126,20015.62109375,0.041667218394487796,-0.006122348094521717,1
414.5,1.4595255851745605,0.03903701901435852,20015.62109375,0.04179708715828895,-0.006222600602566127,1
414.802001953125,1.4595210552215576,0.03881009295582771,20015.62109375,0.041721423819579107,-0.006062231101348234,1
415.1029968261719,1.45952308177948,0.038616329431533813,20015.62109375,0.041764232341759855,-0.00617773732170964,1
415.40399169921875,1.4595235586166382,0.03867445886135101,20015.62109375,0.0417233145896126,-0.00617204883930808,1
415.70501708984375,1.4595237970352173,0.03885667026042938,20015.62109375,0.04172460116400806,-0.006110689343813865,1
416.0060119628906,1.4595317840576172,0.03910260275006294,20015.62109375,0.04160198297546454,-0.00605907885183643,1
416.3070068359375,1.459533929824829,0.03947783634066582,20015.62109375,0.04174471918954182,-0.006205994430752678,1
416.6080017089844,1.4595308303833008,0.03919314965605736,20015.62109375,0.04167729225466617,-0.006119945520664786,1
416.90899658203125,1.4595261812210083,0.03899752348661423,20015.62109375,0.04178418357322942,-0.006178565323397914,1
417.2099914550781,1.459525465965271,0.03886375203728676,20015.62109375,0.041731736950973285,-0.006131712470109065,1
417.5110168457031,1.4595247507095337,0.03874637559056282,20015.62109375,0.041706182304900606,-0.006171292700716783,1
417.81201171875,1.4595234394073486,0.038586147129535675,20015.62109375,0.04183644207323777,-0.006368402575856591,1
418.1130065917969,1.4595149755477905,0.038349904119968414,20015.62109375,0.041697874731305505,-0.006166944576073286,1
418.41400146484375,1.4595180749893188,0.03805851191282272,20015.62109375,0.041783169990829865,-0.00622396026911339,1
418.7149963378906,1.4595234394073486,0.03788822144269943,20015.62109375,0.04170763731074846,-0.006215412817888051,1
419.0159912109375,1.459526777267456,0.03762105107307434,20015.62109375,0.04181975030119973,-0.006194523600262993,1
419.3170166015625,1.4595249891281128,0.037600185722112656,20015.62109375,0.041748667412402574,-0.006180073857159206,1
419.6180114746094,1.459532380104065,0.037878163158893585,20015.62109375,0.04177633448591925,-0.006144104718257611,1
419.9200134277344,1.4595236778259277,0.03826829791069031,20015.62109375,0.04177328583814391,-0.006324237770390859,1
420.22100830078125,1.4595264196395874,0.03863868489861488,20015.62109375,0.041684008773358754,-0.00612590153322767,1
420.5220031738281,1.4595216512680054,0.038503795862197876,20015.62109375,0.04189674882497294,-0.0062724381512518175,1
420.822998046875,1.45952308177948,0.03821985796093941,20015.62109375,0.04176656769419154,-0.005963201498979747,1
421.1239929199219,1.4595264196395874,0.03811030462384224,20015.62109375,0.04188002801355611,-0.006389976929448359,1
421.4250183105469,1.459519386291504,0.03812670335173607,20015.62109375,0.041707577229098174,-0.0061915925064308965,1
421.72601318359375,1.4595389366149902,0.03795045241713524,20015.62109375,0.04166300364971397,-0.0062241807841879,1
422.0270080566406,1.4595272541046143,0.03787480667233467,20015.62109375,0.041614992267926025,-0.006121850742688577,1
422.3280029296875,1.4595208168029785,0.037625525146722794,20015.62109375,0.041800745112024626,-0.006000649131057318,1
422.6289978027344,1.4595204591751099,0.03746715933084488,20015.62109375,0.04185071512026452,-0.006297139209708961,1
422.92999267578125,1.4595192670822144,0.03727264702320099,20015.62109375,0.04166028499861962,-0.006194870906503046,1
423.23101806640625,1.4595237970352173,0.037198495119810104,20015.62109375,0.041968246443229267,-0.0060835719412223425,1
423.5320129394531,1.4595097303390503,0.03735946863889694,20015.62109375,0.041761263023187306,-0.006194634608918139,1
423.8330078125,1.459521770477295,0.037664275616407394,20015.62109375,0.041730241448147555,-0.006071093915883978,1
424.1340026855469,1.4595227241516113,0.038052551448345184,20015.62109375,0.04183588021541183,-0.006254631858321478,1
424.43499755859375,1.459528923034668,0.03821501508355141,20015.62109375,0.04174110340483404,-0.006046162613203175,1
424.7359924316406,1.4595109224319458,0.03797280788421631,20015.62109375,0.0417322494485373,-0.00603551428464446,1
425.0370178222656,1.459520936012268,0.03784872591495514,20015.62109375,0.04174628179415182,-0.00615404963842816,1
425.3380126953125,1.4595173597335815,0.03780065476894379,20015.62109375,0.04186003271530439,-0.006264515358806549,1
425.6390075683594,1.4595140218734741,0.03775258734822273,20015.62109375,0.04186112624125102,-0.006150498265533309,1
425.94000244140625,1.4595189094543457,0.03767247498035431,20015.62109375,0.041805816152663995,-0.0061336202090596795,1
426.2409973144531,1.4595203399658203,0.0374842993915081,20015.62109375,0.04183750418231214,-0.006168321482161508,1
426.5419921875,1.459512710571289,0.037303950637578964,20015.62109375,0.041899999374569244,-0.006146652714817279,1
426.843017578125,1.4595204591751099,0.03702932596206665,20015.62109375,0.041815845751363274,-0.006164685159561057,1
427.1440124511719,1.4595167636871338,0.036917537450790405,20015.62109375,0.04176590149638645,-0.006228495444240029,1
427.44500732421875,1.459523320198059,0.03697417676448822,20015.62109375,0.0418633905922173,-0.006182628315720279,1
427.7460021972656,1.4595218896865845,0.037271901965141296,20015.62109375,0.041739082285790326,-0.006158701368760282,1
428.0469970703125,1.459532380104065,0.0377894788980484,20015.62109375,0.04191076590011759,-0.006045051782478643,1
428.3479919433594,1.4595272541046143,0.038002245128154755,20015.62109375,0.041847948792945025,-0.006200467630247691,1
428.6490173339844,1.4595314264297485,0.03783978149294853,20015.62109375,0.04176638347911976,-0.00609475842100848,1
428.95001220703125,1.4595253467559814,0.03759012371301651,20015.62109375,0.041764357628696076,-0.006167039786831223,1
429.2510070800781,1.4595279693603516,0.03755509853363037,20015.62109375,0.04171611518986278,-0.006183192045681088,1
429.552001953125,1.4595317840576172,0.03737251088023186,20015.62109375,0.04163831784798694,-0.00615949318953422,1
429.8529968261719,1.459519863128662,0.03723277896642685,20015.62109375,0.0417860633541788,-0.006059312142329575,1
430.15399169921875,1.4595236778259277,0.03711092844605446,20015.62109375,0.04173550756028141,-0.006174615143636968,1
430.45501708984375,1.4595260620117188,0.036987219005823135,20015.62109375,0.04196443957982289,-0.005963678852716719,1
430.7560119628906,1.459524393081665,0.03676662594079971,20015.62109375,0.04183502762964592,-0.0062713358411238965,1
431.0570068359375,1.4595279693603516,0.03661198541522026,20015.62109375,0.041844116448818594,-0.0062159330105713,1
431.3580017089844,1.4595248699188232,0.03661683201789856,20015.62109375,0.04181914380390838,-0.00618949080207662,1
431.65899658203125,1.459524393081665,0.03672638162970543,20015.62109375,0.04182003158814065,-0.006186921479651151,1
431.9599914550781,1.4595147371292114,0.037087082862854004,20015.62109375,0.04183768375118781,-0.006277771967537179,1
432.2610168457031,1.4595179557800293,0.03755882382392883,20015.62109375,0.041834623429671536,-0.006266823764955145,1
432.56201171875,1.4595258235931396,0.037538331001996994,20015.62109375,0.0418642007482683,-0.006062963907408453,1
432.8630065917969,1.4595224857330322,0.03723575919866562,20015.62109375,0.04183155328159565,-0.0060500033476386435,1
433.16400146484375,1.4595237970352173,0.03710385039448738,20015.62109375,0.041928707018552044,-0.006024237244129927,1
433.4649963378906,1.4595261812210083,0.036847859621047974,20015.62109375,0.041838553000458405,-0.006119935655951653,1
433.7659912109375,1.4595239162445068,0.03684636577963829,20015.62109375,0.041802721733012166,-0.0060881422205427875,1
434.0670166015625,1.4595208168029785,0.03673197329044342,20015.62109375,0.04182246649121561,-0.006085829823342119,1
434.3680114746094,1.4595270156860352,0.036499083042144775,20015.62109375,0.04189234295313673,-0.006290962653207468,1
434.66900634765625,1.4595279693603516,0.03634742647409439,20015.62109375,0.0418346105670056,-0.0061522118248703616,1
434.9700012207031,1.4595295190811157,0.03620433807373047,20015.62109375,0.04195411086036417,-0.0060881792507303896,1
435.27099609375,1.4595204591751099,0.036154404282569885,20015.62109375,0.041980444214539246,-0.006189894418650457,1
435.5719909667969,1.4595166444778442,0.03626991808414459,20015.62109375,0.04180152751973948,-0.006162128799931901,1
435.8730163574219,1.4595340490341187,0.03663918748497963,20015.62109375,0.0418444063144056,-0.00622946685104407,1
436.17401123046875,1.4595215320587158,0.036972686648368835,20015.62109375,0.04179367726968803,-0.006261861656644414,1
436.4750061035156,1.4595177173614502,0.03712434321641922,20015.62109375,0.04181721229185233,-0.006111981500198914,1
436.7760009765625,1.4595228433609009,0.03692387416958809,20015.62109375,0.04179204074320968,-0.006081906058798214,1
437.0769958496094,1.4595264196395874,0.036677196621894836,20015.62109375,0.04181375361040161,-0.0062327603159714065,1
437.37799072265625,1.459524154663086,0.03662167489528656,20015.62109375,0.04178626284738631,-0.006218943535048872,1
437.67901611328125,1.459521770477295,0.03640741854906082,20015.62109375,0.041815206632701316,-0.00619532978812007,1
437.9800109863281,1.459529995918274,0.036241598427295685,20015.62109375,0.041868476789470956,-0.006158701530351884,1
438.281005859375,1.4595255851745605,0.03613651916384697,20015.62109375,0.041922754046015816,-0.006122793173409832,1
438.5820007324219,1.459525227546692,0.03609403967857361,20015.62109375,0.04190858148769517,-0.006077981117495587,1
438.88299560546875,1.459518551826477,0.035842519253492355,20015.62109375,0.04185038280181039,-0.006122302387438285,1
439.1839904785156,1.459525465965271,0.03570427745580673,20015.62109375,0.04180033716062567,-0.006104695421680291,1
439.4850158691406,1.4595204591751099,0.035826124250888824,20015.62109375,0.04189150390711635,-0.006143374218822688,1
439.7860107421875,1.4595320224761963,0.036056406795978546,20015.62109375,0.04185310355634999,-0.0060833998220811295,1
440.0870056152344,1.4595301151275635,0.03654640540480614,20015.62109375,0.04180242138130812,-0.006274524110046785,1
440.38800048828125,1.4595271348953247,0.036712221801280975,20015.62109375,0.04196849288682781,-0.006183728478164617,1
440.6889953613281,1.4595189094543457,0.036446914076805115,20015.62109375,0.04193954444533472,-0.006176306366569801,1
440.9900207519531,1.4595153331756592,0.03648343309760094,20015.62109375,0.041860471185088156,-0.0061509271032951065,1
441.291015625,1.4595258235931396,0.036480825394392014,20015.62109375,0.04191468726404771,-0.006222736826917165,1
441.5920104980469,1.459521770477295,0.03620060905814171,20015.62109375,0.04186706788353601,-0.0060905425932630455,1
441.89300537109375,1.4595234394073486,0.03613242134451866,20015.62109375,0.04190142388853862,-0.006132121211928394,1
442.1940002441406,1.459526538848877,0.03595468029379845,20015.62109375,0.041810350315844895,-0.006077185586251954,1
442.4949951171875,1.459527611732483,0.03584028407931328,20015.62109375,0.0418341727834326,-0.006078066395707644,1
442.7960205078125,1.4595155715942383,0.035842519253492355,20015.62109375,0.0418813511595108,-0.006085502096034341,1
443.0970153808594,1.4595171213150024,0.03573334217071533,20015.62109375,0.04196215933590995,-0.00602784891742391,1
443.39801025390625,1.459523320198059,0.03571731969714165,20015.62109375,0.041896152969219065,-0.005974265226253335,1
443.6990051269531,1.4595277309417725,0.03593045845627785,20015.62109375,0.041885756767646,-0.006096769371111937,1
444.0,1.4595065116882324,0.03636903688311577,20015.62109375,0.04178653382271931,-0.006268523004649198,1
444.3009948730469,1.459525465965271,0.03680538013577461,20015.62109375,0.04184805928393879,-0.006243876182487139,1
444.6020202636719,1.4595205783843994,0.03674538806080818,20015.62109375,0.041899000702478845,-0.006193280849247621,1
444.90399169921875,1.459519624710083,0.03642679378390312,20015.62109375,0.04182757165841546,-0.006179288488538061,1
445.20501708984375,1.4595216512680054,0.03634966164827347,20015.62109375,0.04177517584729687,-0.006189499351536474,1
445.5060119628906,1.4595167636871338,0.03632022440433502,20015.62109375,0.0418385902185452,-0.0061807372761367866,1
445.8070068359375,1.4595268964767456,0.03610261157155037,20015.62109375,0.04180968235966476,-0.0060287115058306005,1
446.1080017089844,1.4595211744308472,0.036015789955854416,20015.62109375,0.04195800557656565,-0.006278847535329013,1
446.40899658203125,1.4595181941986084,0.035721417516469955,20015.62109375,0.04179070197587385,-0.006217932699054354,1
446.7099914550781,1.45952308177948,0.03570278733968735,20015.62109375,0.04178034661539422,-0.006044555098306488,1
447.0110168457031,1.459518551826477,0.035660307854413986,20015.62109375,0.04186931366932221,-0.006175877383739282,1
447.31201171875,1.4595187902450562,0.03557683899998665,20015.62109375,0.04188793621827373,-0.006134681645620349,1
447.6130065917969,1.4595266580581665,0.0358089841902256,20015.62109375,0.04182690395594869,-0.006066958941678845,1
447.91400146484375,1.4595205783843994,0.03614397346973419,20015.62109375,0.041831041377067994,-0.006180313175294953,1
448.2149963378906,1.4595171213150024,0.03649833798408508,20015.62109375,0.04181002833742364,-0.006133352301373757,1
448.5159912109375,1.4595142602920532,0.03654901310801506,20015.62109375,0.04181502842771097,-0.006059048836260951,1
448.8170166015625,1.4595203399658203,0.03641896694898605,20015.62109375,0.04195281804437352,-0.0060232964327970205,1
449.1180114746094,1.4595085382461548,0.03632804751396179,20015.62109375,0.04196885669689338,-0.006087775117297782,1
449.41900634765625,1.4595204591751099,0.03628184273838997,20015.62109375,0.0418073467239476,-0.006223949710030365,1
449.7200012207031,1.4595195055007935,0.036201730370521545,20015.62109375,0.04199966160264359,-0.00614126771416996,1
450.02099609375,1.4595232009887695,0.03604373708367348,20015.62109375,0.041915952537877534,-0.00609956873890216,1
405.4700012207031,1.4609423875808716,0.0778692439198494,14390.6240234375,0.041686191286715954,-0.004043843247654949,2
405.77099609375,1.4595081806182861,0.056597281247377396,14390.6240234375,0.041621447519928766,-0.0037907955369514356,2
406.0719909667969,1.459494709968567,0.05147966742515564,14390.6240234375,0.04153522853779866,-0.003903242993211584,2
406.3730163574219,1.4595063924789429,0.04880646616220474,14390.6240234375,0.04166547804757564,-0.0040316282471806525,2
406.67401123046875,1.4595040082931519,0.04686956852674484,14390.6240234375,0.04151617481159059,-0.003716259631969716,2
406.9750061035156,1.4594929218292236,0.04533175006508827,14390.6240234375,0.04151534514288776,-0.0038727330651635765,2
407.2760009765625,1.4595009088516235,0.04425784945487976,14390.6240234375,0.041700491667530766,-0.0037855444421168775,2
407.5769958496094,1.459493637084961,0.04340454190969467,14390.6240234375,0.04162133744982684,-0.0037488995447392316,2
407.87799072265625,1.459494709968567,0.04301552474498749,14390.6240234375,0.04175001101539772,-0.0038998223039257234,2
408.17901611328125,1.4595022201538086,0.042844489216804504,14390.6240234375,0.04152705034784795,-0.0038845312727705168,2
408.4800109863281,1.4595035314559937,0.042928703129291534,14390.6240234375,0.04158363061532611,-0.0038516830992393544,2
408.781005859375,1.4594892263412476,0.04283256456255913,14390.6240234375,0.041651903346869905,-0.0038150331794717424,2
409.0820007324219,1.459497094154358,0.04228890687227249,14390.6240234375,0.04140264718214858,-0.003747533928854663,2
409.38299560546875,1.4594913721084595,0.04171841964125633,14390.6240234375,0.04157628593484717,-0.003924322167254501,2
409.6839904785156,1.4595040082931519,0.04125748574733734,14390.6240234375,0.041591213507191256,-0.003960730781914446,2
409.9850158691406,1.4595009088516235,0.04079058766365051,14390.6240234375,0.04154739467606585,-0.0038254742739029066,2
410.2860107421875,1.4594999551773071,0.04062626138329506,14390.6240234375,0.04171250125789692,-0.0037360189059775332,2
410.5870056152344,1.4595048427581787,0.04030990228056908,14390.6240234375,0.04163087160527705,-0.0038563891494380357,2
410.88800048828125,1.4594937562942505,0.039957400411367416,14390.6240234375,0.04165612713625651,-0.003958478186005539,2
411.1889953613281,1.4594956636428833,0.03958813101053238,14390.6240234375,0.04167105338502234,-0.0038270664078282044,2
411.489990234375,1.4595024585723877,0.03936455771327019,14390.6240234375,0.041638358858716897,-0.0036962924695537022,2
411.791015625,1.4594910144805908,0.039244573563337326,14390.6240234375,0.04173298686439014,-0.0037029628431036127,2
412.0920104980469,1.4594959020614624,0.03932878375053406,14390.6240234375,0.041620114931983296,-0.003794054740542357,2
412.39300537109375,1.4594860076904297,0.03982176631689072,14390.6240234375,0.04153033720233402,-0.00393690104338049,2
412.6940002441406,1.4594999551773071,0.04016793519258499,14390.6240234375,0.041642366444830804,-0.003898392876902604,2
412.9949951171875,1.4594899415969849,0.03998870030045509,14390.6240234375,0.041702044225123795,-0.004043727021002922,2
413.2959899902344,1.459490418434143,0.039702899754047394,14390.6240234375,0.04152854822022944,-0.003937353343238469,2
413.5970153808594,1.459489107131958,0.03947858139872551,14390.6240234375,0.04162658370714331,-0.00392227600033472,2
413.89801025390625,1.4594966173171997,0.039237864315509796,14390.6240234375,0.04161214376617814,-0.003788772773094229,2
414.1990051269531,1.4594765901565552,0.038988951593637466,14390.6240234375,0.04161331037753227,-0.0037111337666119915,2
414.35699462890625,1.4594911336898804,0.0389423742890358,14390.6240234375,0.042018404514834636,-0.0037675274724864095,2
414.6579895019531,1.4594827890396118,0.03870687633752823,14390.6240234375,0.041650738298766664,-0.0037765324533480175,2
414.9590148925781,1.4594889879226685,0.03845721855759621,14390.6240234375,0.04169972569128285,-0.003827644381119036,2
415.260009765625,1.4594905376434326,0.038203462958335876,14390.6240234375,0.0416554723222225,-0.003772951487055738,2
415.5610046386719,1.4594906568527222,0.03813154622912407,14390.6240234375,0.04159494787223422,-0.0038641540353688015,2
415.86199951171875,1.4594887495040894,0.03813452646136284,14390.6240234375,0.04162258902030802,-0.003784966070227348,2
416.1629943847656,1.4594905376434326,0.03849112614989281,14390.6240234375,0.04158106259460496,-0.0037913181908632997,2
416.4640197753906,1.4594945907592773,0.03894982859492302,14390.6240234375,0.04172157859854759,-0.0038766942875941984,2
416.7650146484375,1.4594794511795044,0.03926916420459747,14390.6240234375,0.041628377237876456,-0.003932678616022334,2
417.0660095214844,1.4594907760620117,0.03904782608151436,14390.6240234375,0.0416466956096096,-0.0036868600346826675,2
417.36700439453125,1.4595001935958862,0.0388261154294014,14390.6240234375,0.04166160674377302,-0.0037832012449182085,2
417.6679992675781,1.4594987630844116,0.03853882476687431,14390.6240234375,0.04151387138024101,-0.0038435445816291766,2
417.968994140625,1.4594894647598267,0.038479577749967575,14390.6240234375,0.04162396985858252,-0.003931281023537552,2
418.27001953125,1.459485650062561,0.038305189460515976,14390.6240234375,0.0416615979647137,-0.0038418671498718134,2
418.5710144042969,1.4594908952713013,0.03812782093882561,14390.6240234375,0.041642273566535846,-0.003994203054406848,2
418.87200927734375,1.4594871997833252,0.0380316823720932,14390.6240234375,0.0415544493381094,-0.0037189966363502403,2
419.1730041503906,1.4594886302947998,0.03781668096780777,14390.6240234375,0.04161002192651266,-0.003985375973763427,2
419.4739990234375,1.4594945907592773,0.037649743258953094,14390.6240234375,0.04178263593057461,-0.0037738335485300845,2
419.7749938964844,1.4594889879226685,0.0376102440059185,14390.6240234375,0.04173025280484981,-0.0038779782046496113,2
420.0760192871094,1.4594897031784058,0.037912070751190186,14390.6240234375,0.041631246692731154,-0.0038980627892296134,2
420.37701416015625,1.4594894647598267,0.0384434312582016,14390.6240234375,0.04162911998456306,-0.0037530787794774457,2
420.6780090332031,1.459489345550537,0.03872140869498253,14390.6240234375,0.04173509408216198,-0.003969252862713553,2
420.97900390625,1.4594879150390625,0.038607385009527206,14390.6240234375,0.04157629571506171,-0.003865815641325516,2
421.2799987792969,1.4594823122024536,0.038361456245183945,14390.6240234375,0.0416869544585505,-0.0037880884236581604,2
421.58099365234375,1.4594886302947998,0.03817924112081528,14390.6240234375,0.041651111041720985,-0.0038580135973979132,2
421.88201904296875,1.459490180015564,0.037928465753793716,14390.6240234375,0.04169322777443331,-0.003858275430516486,2
422.1830139160156,1.4594905376434326,0.037774574011564255,14390.6240234375,0.041675487917334074,-0.0038724830308698712,2
422.4840087890625,1.459484577178955,0.03763595595955849,14390.6240234375,0.04158597152553066,-0.003819897400150505,2
422.7850036621094,1.4594900608062744,0.037413500249385834,14390.6240234375,0.041749692243058856,-0.0037850004548458335,2
423.08599853515625,1.4594899415969849,0.037350527942180634,14390.6240234375,0.04165878699508213,-0.003914984568951303,2
423.3869934082031,1.4594933986663818,0.037168312817811966,14390.6240234375,0.04168090669283491,-0.0038430739648195452,2
423.6880187988281,1.4594882726669312,0.037098634988069534,14390.6240234375,0.04188192846261259,-0.0038590910613033845,2
423.989013671875,1.4594817161560059,0.037226442247629166,14390.6240234375,0.041827407662707344,-0.0038181563061142247,2
424.291015625,1.4594950675964355,0.0375618040561676,14390.6240234375,0.04179550602583879,-0.003734154548914766,2
424.5920104980469,1.4594857692718506,0.03796461224555969,14390.6240234375,0.04148259875196223,-0.003909362541395811,2
424.89300537109375,1.4594907760620117,0.038065966218709946,14390.6240234375,0.041640500180591226,-0.0038366250722223633,2
425.1940002441406,1.4594812393188477,0.03789716586470604,14390.6240234375,0.041704984512660206,-0.0038398590059616866,2
425.4949951171875,1.4594950675964355,0.03774625435471535,14390.6240234375,0.04155919035859819,-0.0038737347956657934,2
425.7959899902344,1.4594812393188477,0.037426915019750595,14390.6240234375,0.04164774867746979,-0.0038578949367947964,2
426.0970153808594,1.459490180015564,0.03728345409035683,14390.6240234375,0.04171408099497136,-0.0037334745996752306,2
426.39801025390625,1.4594931602478027,0.037008460611104965,14390.6240234375,0.04168093007651259,-0.0038812706271956743,2
426.6990051269531,1.459498643875122,0.03683481737971306,14390.6240234375,0.041617853060443875,-0.0038034497268364877,2
427.0,1.4594978094100952,0.03664179891347885,14390.6240234375,0.041832897874180694,-0.003854885088519012,2
427.3009948730469,1.4594850540161133,0.03649759292602539,14390.6240234375,0.04178102916016219,-0.0038576801871565342,2
427.6020202636719,1.4594906568527222,0.03647523373365402,14390.6240234375,0.04180247720420132,-0.003724970133059764,2
427.90301513671875,1.4594948291778564,0.03646070137619972,14390.6240234375,0.04164735459854909,-0.0038415776110246676,2
428.2040100097656,1.4594910144805908,0.03674725070595741,14390.6240234375,0.04172121476142945,-0.0037797222079820132,2
428.5050048828125,1.4594881534576416,0.037163469940423965,14390.6240234375,0.04181564672183001,-0.003890883928353424,2
428.8059997558594,1.4594978094100952,0.03737623989582062,14390.6240234375,0.041563314471363424,-0.003764489380309705,2
429.10699462890625,1.459492564201355,0.03724731132388115,14390.6240234375,0.04168145873182355,-0.003623874298341018,2
429.40802001953125,1.4595052003860474,0.03710422292351723,14390.6240234375,0.041815108236417195,-0.003811655507062702,2
429.5660095214844,1.4594972133636475,0.036965977400541306,14390.6240234375,0.04200438227000783,-0.0038300599349925663,2
429.86700439453125,1.4594892263412476,0.036730483174324036,14390.6240234375,0.041740086570499206,-0.003877944133674828,2
430.1679992675781,1.4594979286193848,0.03667756915092468,14390.6240234375,0.04165406050701824,-0.0037807211650358157,2
430.468994140625,1.459496021270752,0.03639810159802437,14390.6240234375,0.04173624546860673,-0.003856570999608367,2
430.77001953125,1.4594855308532715,0.036284077912569046,14390.6240234375,0.041682522416721025,-0.0037146417064575134,2
431.0710144042969,1.4594886302947998,0.03618086129426956,14390.6240234375,0.04166979062667135,-0.003923701112311582,2
431.37200927734375,1.4594852924346924,0.03606273978948593,14390.6240234375,0.041756368824093025,-0.0038835280758189837,2
431.6730041503906,1.4594935178756714,0.036023616790771484,14390.6240234375,0.041917786184786365,-0.003759271306339926,2
431.9739990234375,1.4594955444335938,0.03619390353560448,14390.6240234375,0.041885646118718874,-0.003897273562176012,2
432.2749938964844,1.4594894647598267,0.03642791137099266,14390.6240234375,0.04170314884266468,-0.003776841254368921,2
432.5760192871094,1.4594897031784058,0.03700398653745651,14390.6240234375,0.04181245544910304,-0.0037566032125719386,2
432.87701416015625,1.4594860076904297,0.037046466022729874,14390.6240234375,0.04172645791258259,-0.0038133450146141676,2
433.1780090332031,1.4594799280166626,0.03697603940963745,14390.6240234375,0.04175760289775663,-0.0037788494924083154,2
433.47900390625,1.4594826698303223,0.03682177513837814,14390.6240234375,0.04173769181041601,-0.003933397752464343,2
433.7799987792969,1.4594898223876953,0.03658031299710274,14390.6240234375,0.041763780425272665,-0.0038810487203895286,2
434.08099365234375,1.4594799280166626,0.03640257194638252,14390.6240234375,0.04170787883623779,-0.0037879633140960917,2
434.38201904296875,1.4594866037368774,0.036332521587610245,14390.6240234375,0.04168488572379949,-0.0037197233206349013,2
434.6830139160156,1.4594881534576416,0.03614024445414543,14390.6240234375,0.04175581397558427,-0.0038539062576548235,2
434.9840087890625,1.4594862461090088,0.03616446629166603,14390.6240234375,0.041777399231365475,-0.003939420943689379,2
435.2850036621094,1.4594910144805908,0.035953935235738754,14390.6240234375,0.04175014416206692,-0.0038715137572094137,2
435.4429931640625,1.4594829082489014,0.03591853380203247,14390.6240234375,0.04203180346484114,-0.003851042097013531,2
435.7449951171875,1.4594883918762207,0.0359736829996109,14390.6240234375,0.0417730424234411,-0.003808885476866555,2
436.0460205078125,1.4594892263412476,0.03614248335361481,14390.6240234375,0.0417154154984066,-0.003717588092359889,2
436.3470153808594,1.459487795829773,0.03656652569770813,14390.6240234375,0.041732234596797216,-0.00371686561415815,2
436.64801025390625,1.4594883918762207,0.037003614008426666,14390.6240234375,0.04171414783327836,-0.0039046412340619716,2
436.9490051269531,1.4594817161560059,0.03701069578528404,14390.6240234375,0.04182013521639709,-0.003909734337070342,2
437.25,1.459486484527588,0.03685717284679413,14390.6240234375,0.04168262210922427,-0.0038282541502924023,2
437.5509948730469,1.4594897031784058,0.036762528121471405,14390.6240234375,0.04156690343255321,-0.003870282762496778,2
437.8520202636719,1.4594955444335938,0.03643349930644035,14390.6240234375,0.04174309047494117,-0.0037545096877353405,2
438.15301513671875,1.4594875574111938,0.036382824182510376,14390.6240234375,0.04178840992345845,-0.0038328761526456334,2
438.4540100097656,1.4594886302947998,0.036080252379179,14390.6240234375,0.041731795569292254,-0.003840320764704365,2
438.7550048828125,1.4594800472259521,0.03611117973923683,14390.6240234375,0.041667651476280175,-0.00386969574482502,2
439.0559997558594,1.459480881690979,0.03590325638651848,14390.6240234375,0.04175286355742767,-0.003745338684006862,2
439.35699462890625,1.459492802619934,0.035766132175922394,14390.6240234375,0.041854392750416254,-0.0039000050195983475,2
439.65802001953125,1.4594885110855103,0.03582463413476944,14390.6240234375,0.041751586154425785,-0.003831796746899168,2
439.9590148925781,1.4594905376434326,0.036041129380464554,14390.6240234375,0.04183054362944406,-0.003897010665114798,2
440.260009765625,1.4594871997833252,0.03625873848795891,14390.6240234375,0.04171247652430656,-0.0038537829024106536,2
440.5610046386719,1.459490180015564,0.03667011857032776,14390.6240234375,0.04161863328313131,-0.003858558076113767,2
440.86199951171875,1.4594815969467163,0.03668874874711037,14390.6240234375,0.041611177148311924,-0.0037966473858447422,2
441.1629943847656,1.4594736099243164,0.03671557828783989,14390.6240234375,0.04173749731940789,-0.003784072952820797,2
441.4640197753906,1.4594820737838745,0.036453623324632645,14390.6240234375,0.041690865072485456,-0.0038265629274520964,2
441.7650146484375,1.4594860076904297,0.03626321256160736,14390.6240234375,0.0417598685511928,-0.003862916026020132,2
442.0660095214844,1.4594852924346924,0.03613540157675743,14390.6240234375,0.041719537121842905,-0.0037838435924379614,2
442.36700439453125,1.4594793319702148,0.03605379909276962,14390.6240234375,0.041588281827330945,-0.003855959137696008,2
442.5249938964844,1.459487795829773,0.0358138270676136,14390.6240234375,0.04195356492709897,-0.0037784015450656877,2
442.8260192871094,1.4594841003417969,0.03568229079246521,14390.6240234375,0.04173264685585048,-0.0038805440461060505,2
443.12701416015625,1.4594922065734863,0.0356200635433197,14390.6240234375,0.041725191377205505,-0.003777561264101506,2
443.4280090332031,1.4594875574111938,0.03546467795968056,14390.6240234375,0.041667392607853806,-0.0037439003342181094,2
443.72900390625,1.4594876766204834,0.035442695021629333,14390.6240234375,0.041627922119473436,-0.00390145342340621,2
444.0299987792969,1.459490418434143,0.035682663321495056,14390.6240234375,0.04183331181111646,-0.0038315936539044092,2
444.33099365234375,1.4594862461090088,0.03609739616513252,14390.6240234375,0.04183978363715894,-0.0037305265954580445,2
444.63201904296875,1.45949125289917,0.036404434591531754,14390.6240234375,0.041729082984833216,-0.003851860504149968,2
444.9330139160156,1.459490418434143,0.03641896694898605,14390.6240234375,0.041701073346102124,-0.0037113444623806773,2
445.2340087890625,1.4594894647598267,0.036177508533000946,14390.6240234375,0.04167859653288361,-0.003849425092979194,2
445.5350036621094,1.4594935178756714,0.03612459450960159,14390.6240234375,0.041672668353687145,-0.003761382363001277,2
445.83599853515625,1.4594941139221191,0.0359591506421566,14390.6240234375,0.041792398504922924,-0.003860792501361943,2
446.1369934082031,1.4594887495040894,0.03575420752167702,14390.6240234375,0.0419249534517711,-0.0038279727861851246,2
446.4380187988281,1.459495186805725,0.035615965723991394,14390.6240234375,0.041792601414726,-0.0037262996386457766,2
446.739013671875,1.4594827890396118,0.0353633277118206,14390.6240234375,0.04179817694525553,-0.003709359830949025,2
446.8970031738281,1.459486484527588,0.03519899770617485,14390.6240234375,0.04205300131175683,-0.003916220781460883,2
447.197998046875,1.459488868713379,0.03516248241066933,14390.6240234375,0.04167244878353393,-0.003962351292029767,2
447.4989929199219,1.4594786167144775,0.035032808780670166,14390.6240234375,0.0418092423431428,-0.003781149617186171,2
447.8000183105469,1.4594939947128296,0.03526905179023743,14390.6240234375,0.04193034858616016,-0.003887921724321585,2
448.10101318359375,1.4594886302947998,0.035459090024232864,14390.6240234375,0.041814231863700556,-0.0038029661347905195,2
448.4020080566406,1.4594863653182983,0.035811591893434525,14390.6240234375,0.041786006516035964,-0.0038771001554810916,2
448.7030029296875,1.4594885110855103,0.03609366714954376,14390.6240234375,0.041736371193386315,-0.003867587016603643,2
449.0039978027344,1.4594838619232178,0.03598635271191597,14390.6240234375,0.041740725117511965,-0.003748608710644288,2
449.30499267578125,1.4594863653182983,0.035798922181129456,14390.6240234375,0.041695820136799344,-0.0039549051609696385,2
449.60601806640625,1.4594839811325073,0.035708002746105194,14390.6240234375,0.04174493585494519,-0.003715463851496867,2
449.7640075683594,1.4594895839691162,0.035653598606586456,14390.6240234375,0.042040187211522265,-0.00385968395599941,2
450.06500244140625,1.4594807624816895,0.035463932901620865,14390.6240234375,0.0418630073091287,-0.0037505454650928944,2
405.3269958496094,1.4609662294387817,0.27631062269210815,10359.375,0.04172638172690605,-0.0016872725773051445,3
405.4850158691406,1.459533929824829,0.07255450636148453,10359.375,0.041539278917003326,-0.001605441546258047,3
405.64300537109375,1.4595351219177246,0.061090003699064255,10359.375,0.0414796156650416,-0.001680217002790856,3
405.8009948730469,1.4595307111740112,0.05609796196222305,10359.375,0.04165133236953851,-0.0018146657869517033,3
405.9590148925781,1.4595222473144531,0.05298059433698654,10359.375,0.04161327557523824,-0.0016436406794930417,3
406.11700439453125,1.4595379829406738,0.050986312329769135,10359.375,0.041661566231473574,-0.001637594387145552,3
406.2749938964844,1.459536075592041,0.04957742244005203,10359.375,0.04152811420986592,-0.0015569722877540352,3
406.4330139160156,1.4595260620117188,0.04846104234457016,10359.375,0.0415962730609779,-0.0016201440402612436,3
406.59100341796875,1.4595319032669067,0.04747992381453514,10359.375,0.04174154946631727,-0.0016349473029152117,3
406.7489929199219,1.459843635559082,0.04736962914466858,10359.375,0.04169004021657966,-0.001691338578848358,3
406.9070129394531,1.4595320224761963,0.045869819819927216,10359.375,0.041662140472086905,-0.0017521005718940722,3
407.06500244140625,1.459529995918274,0.04529038816690445,10359.375,0.04164022265414022,-0.0016860061229943997,3
407.2229919433594,1.4595305919647217,0.04462562873959541,10359.375,0.04172811592327233,-0.0016177665311428052,3
407.3810119628906,1.4595375061035156,0.044156868010759354,10359.375,0.041762665079673855,-0.0016320497362965667,3
407.53900146484375,1.4595153331756592,0.04358973354101181,10359.375,0.04163977635224287,-0.0017521446304221042,3
407.6969909667969,1.4595327377319336,0.043096382170915604,10359.375,0.04170661455875702,-0.001589298592000874,3
407.8550109863281,1.459531545639038,0.04268426075577736,10359.375,0.04165162053260634,-0.0015988535769497257,3
408.01300048828125,1.459531307220459,0.04257172718644142,10359.375,0.0416172962296057,-0.0016441572487640012,3
408.1709899902344,1.459539532661438,0.04242938384413719,10359.375,0.04167770592236067,-0.0015227171765465372,3
408.3290100097656,1.4595370292663574,0.04231536388397217,10359.375,0.041641838509008905,-0.0016968067102554833,3
408.48699951171875,1.4595216512680054,0.042372748255729675,10359.375,0.041565081476653436,-0.0017417099258107375,3
408.6449890136719,1.459531307220459,0.042424168437719345,10359.375,0.0417608106390246,-0.001663259593165847,3
408.8030090332031,1.459522008895874,0.04251061752438545,10359.375,0.041672208603476056,-0.0016204548466241713,3
408.96099853515625,1.4595208168029785,0.04259632155299187,10359.375,0.04154750732418484,-0.0017184486049621902,3
409.1190185546875,1.4595234394073486,0.04256688430905342,10359.375,0.041535401452067564,-0.0016788011020605728,3
409.2770080566406,1.45952570438385,0.0424237959086895,10359.375,0.04148060793384,-0.0017224825483646948,3
409.43499755859375,1.4595260620117188,0.042114146053791046,10359.375,0.041575406233229834,-0.0017177730617496045,3
409.593994140625,1.4595277309417725,0.041748229414224625,10359.375,0.041564993180782245,-0.0016730440017804847,3
409.75201416015625,1.4595268964767456,0.04160625860095024,10359.375,0.04156857670244145,-0.0016181868589167517,3
409.9100036621094,1.4595298767089844,0.041446030139923096,10359.375,0.041709680894484846,-0.0014593087408675924,3
410.0679931640625,1.4595210552215576,0.04122059419751167,10359.375,0.04172616731215755,-0.0015521716246615492,3
410.22601318359375,1.4595317840576172,0.04115873947739601,10359.375,0.04142767268709905,-0.0014694532087095942,3
410.3840026855469,1.459519386291504,0.04096981883049011,10359.375,0.04164195849100263,-0.0016035635045141064,3
410.5419921875,1.4595154523849487,0.04078499600291252,10359.375,0.041563528473013076,-0.0016730942267327291,3
410.70001220703125,1.459521770477295,0.04073357582092285,10359.375,0.041369582393378464,-0.0015601625741478128,3
410.8580017089844,1.4595235586166382,0.040521178394556046,10359.375,0.04162696911881053,-0.0017120621235052664,3
411.0159912109375,1.4595181941986084,0.04030878469347954,10359.375,0.04179279912376599,-0.0016426130545028484,3
411.17401123046875,1.459527611732483,0.040084466338157654,10359.375,0.041642929598415375,-0.0015409624993176863,3
411.3320007324219,1.4598281383514404,0.04061955213546753,10359.375,0.041705107718633734,-0.0016780165124962185,3
411.489990234375,1.4595173597335815,0.03980611637234688,10359.375,0.04165039891751738,-0.001757252184999996,3
411.64801025390625,1.4595253467559814,0.039590366184711456,10359.375,0.04167674976717588,-0.001567623431663376,3
411.8059997558594,1.4595162868499756,0.039426039904356,10359.375,0.04164395388412634,-0.0015572916984061772,3
411.9639892578125,1.4595266580581665,0.03935077041387558,10359.375,0.041809159216363655,-0.0016554285632451953,3
412.12200927734375,1.4595293998718262,0.0393679104745388,10359.375,0.041665041348245294,-0.0015987345456268563,3
412.2799987792969,1.4595282077789307,0.039431627839803696,10359.375,0.04169204150958554,-0.0016203699184691614,3
412.4380187988281,1.4595333337783813,0.03953969106078148,10359.375,0.04167055237089646,-0.0015656629156051748,3
412.59600830078125,1.4595253467559814,0.03981207683682442,10359.375,0.04157711665780727,-0.0016350790957631821,3
412.7539978027344,1.459524154663086,0.04000845178961754,10359.375,0.04166159945482428,-0.0015214623259670716,3
412.9120178222656,1.4595222473144531,0.040277112275362015,10359.375,0.04154881371038592,-0.0017290508511769056,3
413.07000732421875,1.4595321416854858,0.04031437262892723,10359.375,0.04166292937925345,-0.0016498699200693365,3
413.2279968261719,1.4595218896865845,0.04023277014493942,10359.375,0.04161695447613427,-0.0015921917659895849,3
413.3860168457031,1.4595288038253784,0.04007887467741966,10359.375,0.041730461224316895,-0.0015102114872089644,3
413.54400634765625,1.4595208168029785,0.039874304085969925,10359.375,0.04149021016366728,-0.00158483950368786,3
413.7019958496094,1.4595232009887695,0.03962688520550728,10359.375,0.0415976228037904,-0.0015613200591203247,3
413.8600158691406,1.4595332145690918,0.03951062634587288,10359.375,0.0416908411845619,-0.0016249423542608248,3
414.01800537109375,1.4595197439193726,0.03940107300877571,10359.375,0.041637810136707955,-0.0017067802769490698,3
414.1759948730469,1.4595264196395874,0.03931909799575806,10359.375,0.04162941435394033,-0.0016135970133714687,3
414.3340148925781,1.4595227241516113,0.03920470178127289,10359.375,0.041655587137473776,-0.001707558716807202,3
414.49200439453125,1.4598326683044434,0.03987840563058853,10359.375,0.041728691641522,-0.0014730877736605422,3
414.6499938964844,1.4595141410827637,0.039001621305942535,10359.375,0.041654183730898714,-0.0015754804679979138,3
414.8080139160156,1.4595340490341187,0.0388309583067894,10359.375,0.041747341578368624,-0.0015919943672281593,3
414.96600341796875,1.4595268964767456,0.0386275090277195,10359.375,0.04173082116869214,-0.0015937840467107388,3
415.1239929199219,1.4595310688018799,0.03849373385310173,10359.375,0.04164696088150818,-0.0015777975966778906,3
415.2820129394531,1.459525227546692,0.03846168890595436,10359.375,0.041615349009592864,-0.001593039524550282,3
415.44000244140625,1.459532380104065,0.0384046770632267,10359.375,0.041584149896464286,-0.0016804288373224873,3
415.5979919433594,1.4595286846160889,0.03828581050038338,10359.375,0.04177355302277806,-0.0015750184330155035,3
415.7560119628906,1.4595277309417725,0.03813862428069115,10359.375,0.04164169104567833,-0.0016676090466437928,3
415.91400146484375,1.4595240354537964,0.03797653317451477,10359.375,0.04186459813586476,-0.001604305104497973,3
416.0719909667969,1.4595197439193726,0.03803093731403351,10359.375,0.04187599532027044,-0.0016660517570403854,3
416.2300109863281,1.4595314264297485,0.038030192255973816,10359.375,0.04189245100494599,-0.001691264197172349,3
416.38800048828125,1.4595232009887695,0.03829438239336014,10359.375,0.04161454693255045,-0.0016519238968479971,3
416.5459899902344,1.4595303535461426,0.0384628064930439,10359.375,0.04161266798421851,-0.0016635550701578582,3
416.7040100097656,1.4595298767089844,0.03877655789256096,10359.375,0.041798727151257084,-0.0015855282838726302,3
416.86199951171875,1.459524154663086,0.03885369002819061,10359.375,0.04168571112300845,-0.0016566650262721048,3
417.02001953125,1.4595242738723755,0.039101485162973404,10359.375,0.04151447095558367,-0.0016720712015816082,3
417.1780090332031,1.4595216512680054,0.03902919590473175,10359.375,0.04152789568546037,-0.0017007499233315645,3
417.3370056152344,1.4595236778259277,0.039132412523031235,10359.375,0.04149811654177664,-0.0014678011211395673,3
417.4949951171875,1.4595171213150024,0.038831330835819244,10359.375,0.04163137697594926,-0.0016399964595211743,3
417.65301513671875,1.4595205783843994,0.038822390139102936,10359.375,0.04177869095252623,-0.0017061720390383205,3
417.8110046386719,1.4595168828964233,0.03854664787650108,10359.375,0.04164638577915251,-0.001559179091836735,3
417.968994140625,1.4595227241516113,0.03834766894578934,10359.375,0.041658038044890905,-0.0017072139792531683,3
418.12701416015625,1.4595282077789307,0.03825749084353447,10359.375,0.04166446048899508,-0.0016079417850360148,3
418.2850036621094,1.4595240354537964,0.03831338509917259,10359.375,0.04164258429904051,-0.001598804998890724,3
418.4429931640625,1.459514856338501,0.03817290812730789,10359.375,0.041735378681569055,-0.0017390774168249083,3
418.60101318359375,1.4595204591751099,0.03797951340675354,10359.375,0.04176345165778648,-0.0016032373585577167,3
418.7590026855469,1.4595158100128174,0.03786996379494667,10359.375,0.04173085359100555,-0.0016023434280549548,3
418.9169921875,1.45951247215271,0.03787219896912575,10359.375,0.0418234225132726,-0.0017318584592569317,3
419.07501220703125,1.4595190286636353,0.0377071276307106,10359.375,0.04180294930180071,-0.001579899525283647,3
419.2330017089844,1.459525227546692,0.03765607625246048,10359.375,0.04169130722131267,-0.0016791438248878264,3
419.3909912109375,1.45951509475708,0.03734791651368141,10359.375,0.041844814293575956,-0.0016254282001339907,3
419.54901123046875,1.4595171213150024,0.037197377532720566,10359.375,0.041681859546450886,-0.0015970970607011722,3
419.7070007324219,1.4595202207565308,0.03715601563453674,10359.375,0.04171338777731375,-0.0015744281381557274,3
419.864990234375,1.4595210552215576,0.037150800228118896,10359.375,0.04176502073171428,-0.001679788814169406,3
420.02301025390625,1.459516167640686,0.037278611212968826,10359.375,0.04167859797335315,-0.0015403818247728364,3
420.1809997558594,1.4595141410827637,0.03725103661417961,10359.375,0.04183468436921635,-0.0015911773200455402,3
420.3390197753906,1.4595128297805786,0.03728531673550606,10359.375,0.041671277601382624,-0.001809875908202378,3
420.49700927734375,1.4595223665237427,0.0375521145761013,10359.375,0.04173114352839494,-0.0015384083608251178,3
420.6549987792969,1.4595204591751099,0.0377894788980484,10359.375,0.0417672465316967,-0.0017704969574203811,3
420.8130187988281,1.4595155715942383,0.03807565197348595,10359.375,0.041818702720010474,-0.001579146990561185,3
420.97100830078125,1.4595155715942383,0.0381963811814785,10359.375,0.0416568763394348,-0.0016328368732382178,3
421.1289978027344,1.459521770477295,0.03820309042930603,10359.375,0.04166567723356862,-0.0015541193647342281,3
421.2870178222656,1.4595223665237427,0.03825898468494415,10359.375,0.041674498868598295,-0.001443419416000741,3
421.44500732421875,1.4595168828964233,0.03805404156446457,10359.375,0.04183462304882449,-0.0016427035167161555,3
421.6029968261719,1.4595173597335815,0.037885986268520355,10359.375,0.04186461102314227,-0.0017326891660977722,3
421.7610168457031,1.4595260620117188,0.03792809322476387,10359.375,0.0417766190954664,-0.0015727750755138053,3
421.91900634765625,1.4595164060592651,0.03777829930186272,10359.375,0.041755903622320845,-0.0014143542753933423,3
422.0769958496094,1.459515929222107,0.03760875388979912,10359.375,0.041765535626308664,-0.0014935562311178235,3
422.2350158691406,1.459519386291504,0.037488024681806564,10359.375,0.041654579328870026,-0.0017194140051204304,3
422.39300537109375,1.4595142602920532,0.037452999502420425,10359.375,0.041922076984885995,-0.0016421784319790831,3
422.5509948730469,1.4595204591751099,0.037440329790115356,10359.375,0.04174320542839828,-0.0016731596360141274,3
422.7090148925781,1.4595253467559814,0.037256624549627304,10359.375,0.04178813447496729,-0.001604627814270893,3
422.86700439453125,1.4595226049423218,0.03707217797636986,10359.375,0.04191892759327415,-0.0015495592996198691,3
423.0249938964844,1.4595224857330322,0.03711540251970291,10359.375,0.04198217099161826,-0.001536466920856735,3
423.1830139160156,1.459525465965271,0.03698870912194252,10359.375,0.04182988553516672,-0.0014331201020553932,3
423.34100341796875,1.4595352411270142,0.03674016892910004,10359.375,0.041813920518778296,-0.0015480885081443343,3
423.4989929199219,1.459523320198059,0.03673756122589111,10359.375,0.04182048295696646,-0.001470537918903868,3
423.6570129394531,1.4595229625701904,0.03668203949928284,10359.375,0.04175053623354587,-0.0015223579593232196,3
423.81500244140625,1.459520697593689,0.036529265344142914,10359.375,0.041870428418410675,-0.001739990304307437,3
423.9729919433594,1.4595304727554321,0.03654901310801506,10359.375,0.041799320549181146,-0.0016144837906672644,3
424.1310119628906,1.4595242738723755,0.036566153168678284,10359.375,0.04175529382051853,-0.0016155649362054778,3
424.28900146484375,1.4598257541656494,0.03746790438890457,10359.375,0.0418031844721555,-0.0015421869062115163,3
424.4469909667969,1.4595270156860352,0.03678898140788078,10359.375,0.041966474498203565,-0.0016455985939892155,3
424.6050109863281,1.4595235586166382,0.03708186373114586,10359.375,0.04180350949125643,-0.0017446669794091403,3
424.76300048828125,1.4595197439193726,0.037373628467321396,10359.375,0.04183735635440151,-0.001675444781234475,3
424.9209899902344,1.4595218896865845,0.03767433762550354,10359.375,0.04183928155260756,-0.0016733937449277534,3
425.0790100097656,1.459518313407898,0.0378185398876667,10359.375,0.04171385606901882,-0.0015738980396487786,3
425.23699951171875,1.4595210552215576,0.03785915672779083,10359.375,0.041854552499505315,-0.0016293893194207554,3
425.39501953125,1.4595242738723755,0.03781295195221901,10359.375,0.04175104581302694,-0.0016783742807486854,3
425.5530090332031,1.4595234394073486,0.037485044449567795,10359.375,0.041677577018074764,-0.0016414307858329234,3
425.71099853515625,1.4595203399658203,0.037552859634160995,10359.375,0.04188160360838394,-0.001607021783245948,3
425.8690185546875,1.45952308177948,0.03749510273337364,10359.375,0.04175751940134126,-0.0014931150552146312,3
426.0270080566406,1.459524393081665,0.03728717938065529,10359.375,0.041959707967016216,-0.0015214203226233802,3
426.18499755859375,1.4595167636871338,0.037264078855514526,10359.375,0.04169531759911465,-0.0015830093967475344,3
426.343017578125,1.4595295190811157,0.037264078855514526,10359.375,0.04174357521263084,-0.0015376408389058567,3
426.5010070800781,1.4595166444778442,0.03703826665878296,10359.375,0.041797242001600655,-0.0015363041135140034,3
426.65899658203125,1.4595178365707397,0.0370539166033268,10359.375,0.04182010717649042,-0.0015589410149856003,3
426.8170166015625,1.4598290920257568,0.037659432739019394,10359.375,0.041857165166732976,-0.0017622267920035528,3
426.9750061035156,1.4595186710357666,0.03671073168516159,10359.375,0.04182733957971795,-0.0014438033409599315,3
427.13299560546875,1.4595179557800293,0.03675209358334541,10359.375,0.041784158771522105,-0.0015659309463404078,3
427.291015625,1.4595237970352173,0.03678860887885094,10359.375,0.041742989461608176,-0.0015538438307125943,3
427.4490051269531,1.459519386291504,0.03651585057377815,10359.375,0.041909711100967716,-0.0016845548958954383,3
427.60699462890625,1.4595181941986084,0.03650914132595062,10359.375,0.041776916934226714,-0.001621578769322157,3
427.7650146484375,1.4595178365707397,0.036387667059898376,10359.375,0.04170900992041442,-0.0015620490948559816,3
427.9230041503906,1.459523320198059,0.03627811744809151,10359.375,0.04180982345964716,-0.001604192664829863,3
428.08099365234375,1.4595263004302979,0.036494236439466476,10359.375,0.041773704288240315,-0.0015993407610761614,3
428.239013671875,1.4595189094543457,0.03654342517256737,10359.375,0.04173561778213104,-0.0015553380989797685,3
428.3970031738281,1.4595110416412354,0.03665483742952347,10359.375,0.041794684099428624,-0.0015849059097459031,3
428.55499267578125,1.459518551826477,0.036900024861097336,10359.375,0.041779126422169355,-0.0016369229284074432,3
428.7130126953125,1.4595245122909546,0.03718806430697441,10359.375,0.041650363505888174,-0.001575236221134426,3
428.8710021972656,1.4595216512680054,0.0374552346765995,10359.375,0.041854942506421446,-0.0015036328306841087,3
429.02899169921875,1.4595249891281128,0.03758341819047928,10359.375,0.04185281720656195,-0.001549958254468913,3
429.18701171875,1.4595175981521606,0.03760279342532158,10359.375,0.04167253993944251,-0.0017532004236314876,3
429.3450012207031,1.4595164060592651,0.037638936191797256,10359.375,0.0417901400344037,-0.001591787994985049,3
429.50299072265625,1.459513545036316,0.037489887326955795,10359.375,0.04169113007352577,-0.0015699000624896395,3
429.6610107421875,1.459519863128662,0.037444427609443665,10359.375,0.0415693556683579,-0.0015837256953540025,3
429.8190002441406,1.4595160484313965,0.037192534655332565,10359.375,0.04178080967490705,-0.001704033489569662,3
429.9770202636719,1.4595106840133667,0.03719216212630272,10359.375,0.04174947112933514,-0.001638996014566539,3
430.135009765625,1.4595211744308472,0.03714185580611229,10359.375,0.041832432275948885,-0.0015360277255054703,3
430.2929992675781,1.4595134258270264,0.03703640401363373,10359.375,0.04181087357782274,-0.0014546101944316458,3
430.4510192871094,1.4595178365707397,0.037022244185209274,10359.375,0.04169838463035797,-0.001602973485259223,3
430.6090087890625,1.4595119953155518,0.03681506589055061,10359.375,0.04176373335340876,-0.001735391380257848,3
430.7669982910156,1.4595153331756592,0.03683257848024368,10359.375,0.04171638649939384,-0.0018068676986679863,3
430.9250183105469,1.4595154523849487,0.036729734390974045,10359.375,0.04183165908830898,-0.0016177280265002533,3
431.0830078125,1.4595197439193726,0.03654193505644798,10359.375,0.04176524523752297,-0.0016336315321371895,3
431.2409973144531,1.4595212936401367,0.036377232521772385,10359.375,0.041801666869357046,-0.001581031255963827,3
431.3990173339844,1.4595175981521606,0.036244578659534454,10359.375,0.0416493351134515,-0.001551401728099171,3
431.5570068359375,1.459520697593689,0.03628482297062874,10359.375,0.04172195655085308,-0.0015197719749991704,3
431.7149963378906,1.459509015083313,0.03611788898706436,10359.375,0.041672418341821754,-0.0014733320504795812,3
431.8730163574219,1.459523320198059,0.03610261157155037,10359.375,0.041824689536303444,-0.001586852629406134,3
432.031005859375,1.459520697593689,0.03612422198057175,10359.375,0.04177798482847119,-0.0016660611163160732,3
432.1889953613281,1.4595236778259277,0.03622036054730415,10359.375,0.041846137968050055,-0.0015269528130630555,3
432.3470153808594,1.4595204591751099,0.03643610700964928,10359.375,0.041791714221889556,-0.0016602790006457007,3
432.5050048828125,1.4595140218734741,0.03645883873105049,10359.375,0.041712863388392314,-0.0015072220200338647,3
432.6629943847656,1.4595153331756592,0.03682587295770645,10359.375,0.041761328239454505,-0.0015494016749272397,3
432.8210144042969,1.4595184326171875,0.03701479360461235,10359.375,0.04174098011853161,-0.00141692245520488,3
432.97900390625,1.4595253467559814,0.03726072609424591,10359.375,0.041784929370854894,-0.0015078508913104693,3
433.1369934082031,1.459520936012268,0.037219736725091934,10359.375,0.04171066595185612,-0.0015869744268611498,3
433.2950134277344,1.4595109224319458,0.037328168749809265,10359.375,0.04180751914377408,-0.0016910127613757385,3
433.4530029296875,1.45951247215271,0.03722532466053963,10359.375,0.0417383372156627,-0.0015393710850873,3
433.6109924316406,1.459513783454895,0.03714073821902275,10359.375,0.04175961305475791,-0.0016076754055728382,3
433.7690124511719,1.4595190286636353,0.03706509619951248,10359.375,0.04188673930568574,-0.001615709995867334,3
433.927001953125,1.4595026969909668,0.036828480660915375,10359.375,0.04178988625741722,-0.0015927262338073693,3
434.0849914550781,1.4595210552215576,0.03686686232686043,10359.375,0.041728409429045536,-0.001584345470460661,3
434.2430114746094,1.4595285654067993,0.03674650564789772,10359.375,0.04170625903264118,-0.0016750662365672135,3
434.4010009765625,1.4595130681991577,0.036652229726314545,10359.375,0.041677405444082924,-0.0016185621023419726,3
434.5589904785156,1.4595191478729248,0.03659819811582565,10359.375,0.04182631258986341,-0.0016932212429793165,3
434.7170104980469,1.4595162868499756,0.03654417023062706,10359.375,0.04182778016242657,-0.0015712907173636935,3
434.875,1.459510326385498,0.03662689030170441,10359.375,0.04182922211449013,-0.0015739065406229688,3
435.03302001953125,1.4595190286636353,0.0363515242934227,10359.375,0.04178526002058655,-0.0016274500661994772,3
435.1910095214844,1.459520936012268,0.036351896822452545,10359.375,0.04178248632445151,-0.0014800686534706183,3
435.3489990234375,1.459518551826477,0.036123476922512054,10359.375,0.04168823714108032,-0.0015902058127142662,3
435.50701904296875,1.459522008895874,0.036010198295116425,10359.375,0.04169113065492779,-0.001632210910186996,3
435.6650085449219,1.4595162868499756,0.03601653501391411,10359.375,0.04193840322028642,-0.0016130264324402332,3
435.822998046875,1.4595129489898682,0.035827986896038055,10359.375,0.04200704775877937,-0.0017781537281208477,3
435.98101806640625,1.4595082998275757,0.03574153780937195,10359.375,0.041904558243064806,-0.0015003434052267112,3
436.1390075683594,1.4595180749893188,0.035811591893434525,10359.375,0.041847037244427295,-0.0016110560788115138,3
436.2969970703125,1.4595223665237427,0.036039263010025024,10359.375,0.041738232623323664,-0.0015217000780005405,3
436.45501708984375,1.459518551826477,0.0361044742166996,10359.375,0.04185264494108265,-0.001574478100668681,3
436.6130065917969,1.459516167640686,0.03626656532287598,10359.375,0.04177476314686336,-0.0014159902159236054,3
436.77099609375,1.45951509475708,0.0366227924823761,10359.375,0.04197057770987662,-0.001545569193223246,3
436.92901611328125,1.459522008895874,0.037021126598119736,10359.375,0.04175584559580314,-0.0015881089081379446,3
437.0870056152344,1.459519386291504,0.03686164319515228,10359.375,0.04177859968303111,-0.0015499751409002631,3
437.2449951171875,1.4595208168029785,0.03707217797636986,10359.375,0.0417882002713858,-0.0015082682068163567,3
437.40301513671875,1.459515929222107,0.036828480660915375,10359.375,0.04165990337755062,-0.0015603194105727873,3
437.5610046386719,1.4595156908035278,0.036862388253211975,10359.375,0.04205430661248329,-0.0014117186185734596,3
437.718994140625,1.459517478942871,0.0365598201751709,10359.375,0.041722057691734225,-0.0015862610097182011,3
437.87701416015625,1.4595223665237427,0.036525908857584,10359.375,0.041907332450437415,-0.0016196863710955648,3
438.0350036621094,1.4598239660263062,0.03704199567437172,10359.375,0.04186190072772055,-0.0015499448475689167,3
438.1929931640625,1.4595236778259277,0.036272525787353516,10359.375,0.04188699916149771,-0.001625859132628402,3
438.35101318359375,1.4595087766647339,0.03636680170893669,10359.375,0.04180801603754053,-0.0016065840035890734,3
438.5090026855469,1.4595214128494263,0.03621887043118477,10359.375,0.04199664655118714,-0.0015658025184764773,3
438.6669921875,1.4595199823379517,0.03615216910839081,10359.375,0.04177293067850561,-0.001485369321059648,3
405.33599853515625,1.46098792552948,0.2634979784488678,7455.3974609375,0.04207170617144699,0.00024119025639827957,4
405.50299072265625,1.4595441818237305,0.07162891328334808,7455.3974609375,0.04191087813754799,0.0001701378737231189,4
405.6700134277344,1.4595417976379395,0.0609256774187088,7455.3974609375,0.04184447721700876,0.00015245251857440997,4
405.8370056152344,1.459540605545044,0.05607486143708229,7455.3974609375,0.041855498356201205,0.00026845221530138287,4
406.0039978027344,1.459549903869629,0.053179576992988586,7455.3974609375,0.04190061967070114,0.0002531567866588387,4
406.1709899902344,1.4595484733581543,0.05126578360795975,7455.3974609375,0.04201359029022654,0.0002633156080969328,4
406.3380126953125,1.4595593214035034,0.0497499518096447,7455.3974609375,0.041857265052455045,0.00033103854344056216,4
406.5050048828125,1.4595476388931274,0.04859519004821777,7455.3974609375,0.04188129151493478,0.00026716972255353094,4
406.6719970703125,1.4595457315444946,0.0476483516395092,7455.3974609375,0.041934207541770234,6.466893028179918e-05,4
406.8389892578125,1.4595400094985962,0.04701191186904907,7455.3974609375,0.04186489275703948,0.00024301411136894003,4
407.0060119628906,1.4595454931259155,0.04624393582344055,7455.3974609375,0.04176332884932916,8.675680343947217e-05,4
407.1730041503906,1.4595452547073364,0.045493099838495255,7455.3974609375,0.0418375888076089,0.00023742413011710987,4
407.3399963378906,1.4595391750335693,0.04485218599438667,7455.3974609375,0.041882945964228015,8.980628295060331e-05,4
407.50701904296875,1.4595314264297485,0.044322315603494644,7455.3974609375,0.04181802750874414,0.00028360528988304685,4
407.67401123046875,1.4595444202423096,0.04396235942840576,7455.3974609375,0.041828624948053915,0.0003105537548525141,4
407.84100341796875,1.4595290422439575,0.0435517281293869,7455.3974609375,0.04187415445607054,0.00025384552317599514,4
408.00799560546875,1.4595412015914917,0.043092284351587296,7455.3974609375,0.042031906838916507,0.000121386981723335,4
408.1750183105469,1.4595365524291992,0.04268798604607582,7455.3974609375,0.041888491524473055,0.00023711375901511351,4
408.3420104980469,1.459537386894226,0.04255533218383789,7455.3974609375,0.042058323795856806,6.82295801003657e-05,4
408.5090026855469,1.4595351219177246,0.04236268624663353,7455.3974609375,0.04207685794256599,0.00017605593864716173,4
408.6759948730469,1.4595274925231934,0.04232393577694893,7455.3974609375,0.041980479732403965,0.00022063880349629123,4
408.843017578125,1.4595372676849365,0.042301204055547714,7455.3974609375,0.04183909974009951,0.00025262548383774464,4
409.010009765625,1.4595396518707275,0.042325425893068314,7455.3974609375,0.04204127266389126,0.00032024445509781796,4
409.1780090332031,1.4595454931259155,0.042432740330696106,7455.3974609375,0.04199903067278558,0.0001879217788320087,4
409.3450012207031,1.4595295190811157,0.0424383282661438,7455.3974609375,0.041910870281068734,0.00022252129081465458,4
409.5119934082031,1.459538459777832,0.04232840612530708,7455.3974609375,0.042001692626423844,0.0003402450618999256,4
409.67901611328125,1.4595377445220947,0.042186807841062546,7455.3974609375,0.04178436006141466,0.00023752056187346956,4
409.84600830078125,1.4595410823822021,0.04200534150004387,7455.3974609375,0.04198617526475895,0.00034116800598494364,4
410.01300048828125,1.4595301151275635,0.041682276874780655,7455.3974609375,0.041819105750372176,0.00021080704739644688,4
410.17999267578125,1.4595470428466797,0.04142926633358002,7455.3974609375,0.0420542336622728,0.00013297202717743492,4
410.3470153808594,1.459533452987671,0.04142330214381218,7455.3974609375,0.04200814335265454,0.00021053710858106656,4
410.5140075683594,1.459531545639038,0.04121724143624306,7455.3974609375,0.04198550339094691,0.0004704104272314562,4
410.6809997558594,1.4595310688018799,0.04113079234957695,7455.3974609375,0.04197126758324476,0.00035851983457490426,4
410.8479919433594,1.4595394134521484,0.04089454934000969,7455.3974609375,0.04190258593351739,0.00016751916507760922,4
411.0150146484375,1.459539532661438,0.04065346345305443,7455.3974609375,0.041860779422979166,0.0003152976329117055,4
411.1820068359375,1.459843397140503,0.041292138397693634,7455.3974609375,0.04197871396217479,0.00013538051675752321,4
411.3489990234375,1.4595386981964111,0.040385544300079346,7455.3974609375,0.042016656554123025,0.00018135887962044043,4
411.5159912109375,1.4595307111740112,0.040120985358953476,7455.3974609375,0.041908721346158286,0.00013169259200460046,4
411.6830139160156,1.45953369140625,0.0399201400578022,7455.3974609375,0.041951108149045596,0.00023696309303550733,4
411.8500061035156,1.4595352411270142,0.039791956543922424,7455.3974609375,0.0420252058043605,0.00017193962615994222,4
412.01800537109375,1.4595417976379395,0.03947000950574875,7455.3974609375,0.042071362897901705,0.00029838008383913144,4
412.18499755859375,1.4595431089401245,0.03929375857114792,7455.3974609375,0.04193945922176508,0.00020257302984224527,4
412.35198974609375,1.4595246315002441,0.039276618510484695,7455.3974609375,0.042095445100046744,0.0002476343979014659,4
412.5190124511719,1.4595295190811157,0.03931760787963867,7455.3974609375,0.04199005357469646,0.00031927361595602145,4
412.6860046386719,1.459532380104065,0.039310526102781296,7455.3974609375,0.0419895645759756,0.0003018796788846042,4
412.8529968261719,1.4595274925231934,0.039471499621868134,7455.3974609375,0.04188544178198671,0.00014329351159068769,4
413.02001953125,1.4595322608947754,0.03973308205604553,7455.3974609375,0.042143089255797926,0.00029782367508071936,4
413.18701171875,1.459531545639038,0.03991641476750374,7455.3974609375,0.04194701350169885,0.0002747699575010423,4
413.35400390625,1.459529995918274,0.04003230109810829,7455.3974609375,0.041924025452121504,0.00020765251851477052,4
413.5220031738281,1.4595351219177246,0.04013067111372948,7455.3974609375,0.041956494607521086,0.00020626780718217862,4
413.6889953613281,1.4595346450805664,0.03995516523718834,7455.3974609375,0.041887973396075646,0.00026913489918798826,4
413.85601806640625,1.459537148475647,0.03990933299064636,7455.3974609375,0.04190662430218813,0.0001608759941801335,4
414.02301025390625,1.459539532661438,0.039761774241924286,7455.3974609375,0.04201902568634324,0.0001362719060750098,4
414.19000244140625,1.459529161453247,0.03954751789569855,7455.3974609375,0.04197161488444498,0.00019628506369202565,4
414.35699462890625,1.459527611732483,0.03948230668902397,7455.3974609375,0.04191585981490272,0.0001561244841111958,4
414.5240173339844,1.4595303535461426,0.03940107673406601,7455.3974609375,0.04195935929731475,0.00014412161991938865,4
414.6910095214844,1.459526538848877,0.03937797248363495,7455.3974609375,0.04203151422356652,0.0002325418565163233,4
414.8580017089844,1.4595381021499634,0.03921103477478027,7455.3974609375,0.04195362401854936,0.0002810451046556238,4
415.0260009765625,1.4595470428466797,0.039149925112724304,7455.3974609375,0.04210284340915348,8.335649215625331e-05,4
415.1929931640625,1.4595381021499634,0.03889542445540428,7455.3974609375,0.04193695123355623,0.00037406561129323975,4
415.3600158691406,1.459543228149414,0.03903329372406006,7455.3974609375,0.042004641477034886,0.00042725129295263786,4
415.5270080566406,1.4595307111740112,0.038827233016490936,7455.3974609375,0.04210358482837619,0.0002535147268711081,4
415.6940002441406,1.4595404863357544,0.03869793564081192,7455.3974609375,0.042015011654925966,0.000252205050859335,4
415.8609924316406,1.4595340490341187,0.03850715234875679,7455.3974609375,0.041987877038392504,0.00031148082441210303,4
416.02801513671875,1.459535002708435,0.038369279354810715,7455.3974609375,0.04196008625576085,0.00026571149528742557,4
416.19500732421875,1.459536075592041,0.03844156861305237,7455.3974609375,0.042135947473955354,0.0002954775812702729,4
416.36199951171875,1.4595369100570679,0.0382496677339077,7455.3974609375,0.042055484879923645,0.00039206460081589575,4
416.52899169921875,1.4595403671264648,0.03833760693669319,7455.3974609375,0.04212699021566028,0.00026896936080968544,4
416.6960144042969,1.459537386894226,0.03848814591765404,7455.3974609375,0.04198659122018552,0.0002382646985460593,4
416.8630065917969,1.45953369140625,0.03850715234875679,7455.3974609375,0.04187071144698278,0.0002623103158628256,4
417.0299987792969,1.4595351219177246,0.03866290673613548,7455.3974609375,0.04210047157147922,0.00023764617469440623,4
417.1969909667969,1.4595301151275635,0.039082854986190796,7455.3974609375,0.04195234173093772,0.00020591230830429127,4
417.364013671875,1.459532618522644,0.03931127116084099,7455.3974609375,0.04203072127678615,0.00019609048870100667,4
417.531005859375,1.4595348834991455,0.03922221437096596,7455.3974609375,0.04196285087438267,0.0003150396477650159,4
417.697998046875,1.4595330953598022,0.0391693040728569,7455.3974609375,0.0420452344071408,0.0002990418759600942,4
417.864990234375,1.4595316648483276,0.039142102003097534,7455.3974609375,0.042006571898257385,0.00022270891460148936,4
418.0320129394531,1.45953369140625,0.03891890123486519,7455.3974609375,0.04189240831255693,0.00031028566559429874,4
418.1990051269531,1.4595327377319336,0.03891368210315704,7455.3974609375,0.04205935067761396,0.00024157068709586057,4
418.3659973144531,1.4595282077789307,0.03885592520236969,7455.3974609375,0.042052166459765575,0.00029713600766365035,4
418.5329895019531,1.459539532661438,0.038639433681964874,7455.3974609375,0.04195681723951928,0.0003854474076376188,4
418.70001220703125,1.4595328569412231,0.03853733465075493,7455.3974609375,0.042063883992105686,0.0002190403105586419,4
418.86700439453125,1.4595398902893066,0.03865508362650871,7455.3974609375,0.04196483831072968,0.0001567821683534184,4
419.03399658203125,1.4595283269882202,0.03847324103116989,7455.3974609375,0.042099907429704125,0.00041235962011252947,4
419.2010192871094,1.4595293998718262,0.0384773425757885,7455.3974609375,0.04203492455016944,0.00031112075053388327,4
419.3690185546875,1.459532618522644,0.03829624503850937,7455.3974609375,0.04202147120152357,0.00010001185615369883,4
419.5360107421875,1.4595201015472412,0.03826010227203369,7455.3974609375,0.042062669439293765,2.4018312515272174e-05,4
419.7030029296875,1.4595342874526978,0.038233645260334015,7455.3974609375,0.042019866697520336,0.0003663590954593344,4
419.8699951171875,1.4595290422439575,0.03803578391671181,7455.3974609375,0.04211819726627952,0.0002108335487235577,4
420.0370178222656,1.4595340490341187,0.03798249736428261,7455.3974609375,0.04207235949445437,0.00023993132951348172,4
420.2040100097656,1.4595372676849365,0.037879280745983124,7455.3974609375,0.042072616230026214,0.0002449571841982108,4
420.3710021972656,1.4595391750335693,0.037827856838703156,7455.3974609375,0.04208444849698893,0.0003543740841262689,4
420.5379943847656,1.459535002708435,0.03792213276028633,7455.3974609375,0.042143804576490126,0.0003334629759989386,4
420.70501708984375,1.459534764289856,0.03804695978760719,7455.3974609375,0.04203731143459081,0.0003289243318337654,4
420.87200927734375,1.4595239162445068,0.03800932690501213,7455.3974609375,0.04204580452914255,0.0003401487628425608,4
421.03900146484375,1.4595348834991455,0.038388658314943314,7455.3974609375,0.04208922926806172,0.00026891768304239866,4
421.20599365234375,1.4595407247543335,0.03859993442893028,7455.3974609375,0.04210116770058115,0.00020845463138808654,4
421.3730163574219,1.4595322608947754,0.03879183530807495,7455.3974609375,0.042014993836487234,0.0002064802724093715,4
421.5400085449219,1.4595321416854858,0.03893231600522995,7455.3974609375,0.04194849056571813,0.00020657351065284845,4
421.7070007324219,1.4595340490341187,0.03880972042679787,7455.3974609375,0.041826000263915655,0.0003278692729776901,4
421.8739929199219,1.459531545639038,0.038547392934560776,7455.3974609375,0.0419366389242448,0.0001788487855415283,4
422.041015625,1.459535837173462,0.03851572051644325,7455.3974609375,0.04209043621146519,0.0002792319223557659,4
422.2080078125,1.4595333337783813,0.03838418424129486,7455.3974609375,0.04198599629877709,0.00026988984045416914,4
422.375,1.4595308303833008,0.038268670439720154,7455.3974609375,0.0420942602658576,0.0002820298745683341,4
422.5419921875,1.459533452987671,0.038305189460515976,7455.3974609375,0.042057759201873414,0.0002873382188074653,4
422.7090148925781,1.4595235586166382,0.03818781301379204,7455.3974609375,0.042120506869416416,0.0003553355334754051,4
422.8760070800781,1.4595227241516113,0.037990693002939224,7455.3974609375,0.041964138663514214,0.0002693147261342808,4
423.0429992675781,1.459529995918274,0.03812670335173607,7455.3974609375,0.04210851594650733,0.00024261609474113632,4
423.2099914550781,1.459539771080017,0.037953805178403854,7455.3974609375,0.042024530719277836,0.0002277638878663651,4
423.37701416015625,1.459527611732483,0.037987712770700455,7455.3974609375,0.041908581486077366,0.0002857819546087832,4
423.54400634765625,1.4595317840576172,0.037850961089134216,7455.3974609375,0.0420186236657376,0.00013565448756732302,4
423.71099853515625,1.4595279693603516,0.037629250437021255,7455.3974609375,0.04201643428261188,0.00028289342521735844,4
423.87799072265625,1.4595385789871216,0.03761322796344757,7455.3974609375,0.04194971588666364,0.00019578757902766664,4
424.0450134277344,1.459534764289856,0.0374939888715744,7455.3974609375,0.042014766815682315,0.0002871146182065322,4
424.2120056152344,1.4595308303833008,0.03719961643218994,7455.3974609375,0.04203089357119131,0.00033509249962440874,4
424.3789978027344,1.4595317840576172,0.03733748570084572,7455.3974609375,0.04197121139023358,0.00019447192175545833,4
424.5459899902344,1.45952308177948,0.03721414878964424,7455.3974609375,0.0421081019197609,0.0003082839459094823,4
424.7130126953125,1.4595288038253784,0.03727041184902191,7455.3974609375,0.04197331214211769,0.000347346562536673,4
424.8800048828125,1.4595329761505127,0.03764639049768448,7455.3974609375,0.042151213017909035,0.0001677794975775363,4
425.0469970703125,1.4595328569412231,0.03760875388979912,7455.3974609375,0.042045855742865575,0.0003331265555146681,4
425.2140197753906,1.4595246315002441,0.038119249045848846,7455.3974609375,0.04206770855605228,0.00021931693150527588,4
425.3810119628906,1.459533929824829,0.03845386579632759,7455.3974609375,0.042025382617953966,0.00025722720511377715,4
425.5480041503906,1.4595364332199097,0.03831338509917259,7455.3974609375,0.04202157313562527,0.00027942381919831216,4
425.7149963378906,1.4595284461975098,0.0382835753262043,7455.3974609375,0.042094575412920845,0.0001824178200075897,4
425.88201904296875,1.4595348834991455,0.038092419505119324,7455.3974609375,0.04218719077090534,0.0002396997837742675,4
426.04901123046875,1.4595303535461426,0.038033172488212585,7455.3974609375,0.042011803411856986,0.0002767018901052297,4
426.21600341796875,1.4595394134521484,0.03785319626331329,7455.3974609375,0.041978724058334034,0.00026784131017720006,4
426.38299560546875,1.4595390558242798,0.037821896374225616,7455.3974609375,0.04197195222925519,0.000184022941889539,4
426.5500183105469,1.459523320198059,0.037747371941804886,7455.3974609375,0.042002249375701475,0.00031591127956149666,4
426.7170104980469,1.4595288038253784,0.03766949474811554,7455.3974609375,0.04221296142375845,0.00014240108890261791,4
426.8840026855469,1.459527611732483,0.03751857951283455,7455.3974609375,0.04203672615863719,5.666256662953547e-05,4
427.0509948730469,1.4595309495925903,0.03780773654580116,7455.3974609375,0.042144545223359364,0.00017916772677582598,4
427.218017578125,1.4595295190811157,0.037496596574783325,7455.3974609375,0.04207898710443688,0.0002021947939582795,4
427.385009765625,1.4595248699188232,0.03743138536810875,7455.3974609375,0.04207378971610425,0.00021303384494793956,4
427.552001953125,1.4595234394073486,0.03736133500933647,7455.3974609375,0.042292548909192776,0.00025959857608301716,4
427.718994140625,1.459526538848877,0.03719402477145195,7455.3974609375,0.04211343487588915,0.0001366483696430647,4
427.8869934082031,1.459531545639038,0.036964863538742065,7455.3974609375,0.04214105901871389,0.00029209218410978426,4
428.05401611328125,1.4595309495925903,0.03691232204437256,7455.3974609375,0.04209322201586472,0.00033621669275899656,4
428.22100830078125,1.4595301151275635,0.03668912127614021,7455.3974609375,0.0421187898837987,0.00010792306786689382,4
428.38800048828125,1.4595364332199097,0.03666787967085838,7455.3974609375,0.04227155246761147,0.00024768771230731536,4
428.55499267578125,1.459524154663086,0.03670067340135574,7455.3974609375,0.04203976837734754,0.00015761839754283217,4
428.7220153808594,1.4595322608947754,0.0369085967540741,7455.3974609375,0.04204629570785705,0.00024202201485459734,4
428.8890075683594,1.4595322608947754,0.036972686648368835,7455.3974609375,0.042116397685551525,0.00023829338515969205,4
429.0559997558594,1.4595370292663574,0.03716906160116196,7455.3974609375,0.04221733679850455,0.00024166087960038132,4
429.2229919433594,1.4595297574996948,0.03753944858908653,7455.3974609375,0.04218956486435625,0.0002608173282242212,4
429.3900146484375,1.459533929824829,0.03769445791840553,7455.3974609375,0.042081035638570734,0.00015058946623344846,4
429.5570068359375,1.459538459777832,0.03786884620785713,7455.3974609375,0.04214934658513658,0.0004098639982647317,4
429.7239990234375,1.4595425128936768,0.03757000342011452,7455.3974609375,0.042041352950488935,0.0003568380080476519,4
429.8909912109375,1.4595376253128052,0.037581928074359894,7455.3974609375,0.04219968581522758,0.00027602762967236257,4
430.0580139160156,1.4595352411270142,0.03743809461593628,7455.3974609375,0.04190736472792633,0.0002110421277264209,4
430.2250061035156,1.4595327377319336,0.037431757897138596,7455.3974609375,0.04220434681828613,0.0002860994806599179,4
430.3919982910156,1.4595286846160889,0.03734009340405464,7455.3974609375,0.04217435425945838,0.0002875415136927916,4
430.5589904785156,1.4595433473587036,0.03717055171728134,7455.3974609375,0.04204019654648508,0.0004536208985047553,4
430.72601318359375,1.459533452987671,0.03710496798157692,7455.3974609375,0.04210331360555263,0.00017838511737018533,4
430.89300537109375,1.4595310688018799,0.03686872497200966,7455.3974609375,0.042083414606144925,0.00022944761778544048,4
431.05999755859375,1.459535837173462,0.03704199567437172,7455.3974609375,0.04221185979612431,0.00025300422917202275,4
431.2270202636719,1.4595354795455933,0.03679271042346954,7455.3974609375,0.04215354173399841,0.0004253383700644883,4
431.3940124511719,1.4595266580581665,0.03679382801055908,7455.3974609375,0.04213545450019604,0.0003869980856130359,4
431.5610046386719,1.4595311880111694,0.036560192704200745,7455.3974609375,0.04217979614109529,0.00030964356720243955,4
431.7279968261719,1.4595282077789307,0.0365355983376503,7455.3974609375,0.042001257660895984,0.00013662485600836696,4
431.89501953125,1.4595319032669067,0.03646070137619972,7455.3974609375,0.04215548844977002,0.0002402131744900792,4
432.0630187988281,1.459526777267456,0.03646368533372879,7455.3974609375,0.04215186027530354,0.0002082232229164825,4
432.2300109863281,1.4595272541046143,0.036175645887851715,7455.3974609375,0.042319527785100904,0.00025796687078490213,4
432.3970031738281,1.4595311880111694,0.03627290204167366,7455.3974609375,0.042201978660117684,0.00025057035068811736,4
432.5639953613281,1.4595310688018799,0.03623154014348984,7455.3974609375,0.042124846913127616,0.00023765194402057289,4
432.73101806640625,1.4595340490341187,0.03634928911924362,7455.3974609375,0.041966939596971384,0.00019041974744911578,4
432.89801025390625,1.4595319032669067,0.036431264132261276,7455.3974609375,0.042231635344237885,0.0003161359076392634,4
433.06500244140625,1.4595351219177246,0.03676588088274002,7455.3974609375,0.04212479932841766,0.0002797411162770032,4
433.23199462890625,1.459536075592041,0.03695480152964592,7455.3974609375,0.04213693805423769,0.00023247209532981683,4
433.3990173339844,1.4595316648483276,0.03717688471078873,7455.3974609375,0.04218737504724126,0.0002476269993880712,4
433.5660095214844,1.4595345258712769,0.037197377532720566,7455.3974609375,0.042153399183516536,0.00026766431137272587,4
433.7330017089844,1.4595396518707275,0.03723575919866562,7455.3974609375,0.042058214475538924,0.00034063022721504324,4
433.8999938964844,1.459526777267456,0.03704572096467018,7455.3974609375,0.04212484601218761,0.00029251212990493824,4
434.0670166015625,1.4595355987548828,0.036992065608501434,7455.3974609375,0.04203252900881572,0.00016222619011778432,4
434.2340087890625,1.4595447778701782,0.03690412640571594,7455.3974609375,0.042099560787580266,0.0001701510227688156,4
434.4010009765625,1.4595376253128052,0.036862391978502274,7455.3974609375,0.042178095508408106,0.0003053469813860946,4
434.5679931640625,1.4595324993133545,0.03667086362838745,7455.3974609375,0.0421665795905938,0.00016683029081968116,4
434.7350158691406,1.4595284461975098,0.036629874259233475,7455.3974609375,0.04221449555630966,0.0002457882732800138,4
434.9020080566406,1.4595199823379517,0.03646443039178848,7455.3974609375,0.042112975098715394,0.0003056888687589124,4
435.0690002441406,1.4595249891281128,0.03658180683851242,7455.3974609375,0.04213493195982494,0.0002811395256896259,4
435.2359924316406,1.459520936012268,0.03642120584845543,7455.3974609375,0.042043938983783107,0.0003694160248269836,4
435.40301513671875,1.459526538848877,0.03644244372844696,7455.3974609375,0.04206288046967642,0.0002560426390333405,4
435.57000732421875,1.45953369140625,0.03624122589826584,7455.3974609375,0.04215405240411741,0.00025529102698386056,4
435.73699951171875,1.4595308303833008,0.03621887043118477,7455.3974609375,0.04202199810912841,0.00012369965967860063,4
435.90399169921875,1.4595277309417725,0.036215890198946,7455.3974609375,0.04200411338100192,0.00029037682263219605,4
436.0710144042969,1.4595290422439575,0.036078017204999924,7455.3974609375,0.042199233917103084,0.0003438117361779209,4
436.2380065917969,1.4595285654067993,0.03605826944112778,7455.3974609375,0.04221952798407902,0.00025710690359537675,4
436.4049987792969,1.4595247507095337,0.03595132753252983,7455.3974609375,0.042129403380737965,0.000245908077828838,4
436.5719909667969,1.4595273733139038,0.03603591024875641,7455.3974609375,0.042066016976138605,0.0002580476108989541,4
436.739013671875,1.459531307220459,0.03606124967336655,7455.3974609375,0.042222681784880166,0.0002512277698170882,4
436.906005859375,1.4595340490341187,0.03621402382850647,7455.3974609375,0.04224396314846658,0.00034836943602879067,4
437.072998046875,1.4595273733139038,0.03645623102784157,7455.3974609375,0.04218405896414535,0.00015463293517943794,4
437.2400207519531,1.4595284461975098,0.036847859621047974,7455.3974609375,0.042182456653979496,0.00023764128993300384,4
437.4070129394531,1.459529161453247,0.03698572888970375,7455.3974609375,0.042119922446610954,0.00028439863467969443,4
437.5740051269531,1.459526538848877,0.03709416091442108,7455.3974609375,0.042029554203231866,0.0002479332190110723,4
437.7409973144531,1.4595329761505127,0.03705950826406479,7455.3974609375,0.04201789916794302,0.0003394220845376627,4
437.90802001953125,1.4595283269882202,0.036951448768377304,7455.3974609375,0.042260319559948516,0.00013764387773732765,4
438.0760192871094,1.4595224857330322,0.036834072321653366,7455.3974609375,0.04223246511816327,0.0001431616518554384,4
438.2430114746094,1.4595292806625366,0.03687543049454689,7455.3974609375,0.0420513089369381,0.000229899202942727,4
438.4100036621094,1.4595240354537964,0.03667570650577545,7455.3974609375,0.04208803961715129,0.00018626291553237121,4
438.5769958496094,1.45953369140625,0.036697689443826675,7455.3974609375,0.04199812985902151,0.00030786433931290447,4
438.7440185546875,1.4595253467559814,0.03659820184111595,7455.3974609375,0.042132808117576796,0.00025847491088061385,4
438.9110107421875,1.459529161453247,0.03648119792342186,7455.3974609375,0.04205430988493417,0.000238894644994105,4
439.0780029296875,1.459536075592041,0.03655199706554413,7455.3974609375,0.042030582688231066,0.00017382491222756887,4
439.2449951171875,1.4595234394073486,0.036392513662576675,7455.3974609375,0.04207720940874542,0.00044709239130101287,4
439.4120178222656,1.4595304727554321,0.03632618486881256,7455.3974609375,0.042203846336941436,0.00036965373637227593,4
439.5790100097656,1.4595197439193726,0.03628072515130043,7455.3974609375,0.04218954596525148,0.0002846373785215977,4
439.7460021972656,1.459520697593689,0.03630569204688072,7455.3974609375,0.04220685514786914,0.00027325176164440804,4
405.3890075683594,1.4609344005584717,0.21065735816955566,5365.841796875,0.04293366242945684,0.0018674576853091036,5
405.6090087890625,1.4594676494598389,0.062902070581913,5365.841796875,0.042381259260551585,0.001796648714931966,5
405.8290100097656,1.4594708681106567,0.05471106246113777,5365.841796875,0.042744297957253014,0.001690544008124282,5
406.04901123046875,1.4594593048095703,0.050972528755664825,5365.841796875,0.04260229174004329,0.0018165835934161208,5
406.2690124511719,1.459457278251648,0.0486794039607048,5365.841796875,0.042606350537944836,0.0017815658842965914,5
406.489013671875,1.4594601392745972,0.04683081805706024,5365.841796875,0.04264265154377396,0.001980328501915469,5
406.7090148925781,1.4594578742980957,0.045442793518304825,5365.841796875,0.042690015080492055,0.0017463736105684754,5
406.92901611328125,1.4594725370407104,0.044304803013801575,5365.841796875,0.04258735487734749,0.0017980441397756465,5
407.1490173339844,1.4594544172286987,0.0436195470392704,5365.841796875,0.0425746334405743,0.00187496787926995,5
407.3690185546875,1.4594711065292358,0.042742762714624405,5365.841796875,0.04268097835036969,0.001767832631496961,5
407.5889892578125,1.4594677686691284,0.042204324156045914,5365.841796875,0.042593088091493765,0.0018751803081839497,5
407.8089904785156,1.459456443786621,0.04160700738430023,5365.841796875,0.04278555098483127,0.0019140404977168108,5
408.02899169921875,1.4594643115997314,0.04115613177418709,5365.841796875,0.042489195439404465,0.0017193357771429255,5
408.2489929199219,1.459460973739624,0.04079282656311989,5365.841796875,0.04271901848663963,0.0017844979323145202,5
408.468994140625,1.459457516670227,0.040369898080825806,5365.841796875,0.04266393206494641,0.001801715409895789,5
408.6889953613281,1.4594594240188599,0.04000174626708031,5365.841796875,0.04252742100361773,0.0017807171455602108,5
408.90899658203125,1.4594697952270508,0.039713334292173386,5365.841796875,0.042688918854857864,0.0017759762755199648,5
409.1289978027344,1.459460735321045,0.03982624039053917,5365.841796875,0.04269731342090157,0.0018974960425229292,5
409.3489990234375,1.4594560861587524,0.03985940292477608,5365.841796875,0.04269488951109996,0.0019051806955664148,5
409.5690002441406,1.4594604969024658,0.04006807133555412,5365.841796875,0.04262347111512844,0.001878320138728925,5
409.78900146484375,1.459457516670227,0.04026593640446663,5365.841796875,0.042495089692857535,0.0018364594165455608,5
410.0090026855469,1.4594626426696777,0.0401235930621624,5365.841796875,0.04258826848275698,0.001977679567014605,5
410.22900390625,1.4594546556472778,0.03974686935544014,5365.841796875,0.04248271276086936,0.001850808732413551,5
410.4490051269531,1.4594491720199585,0.039546772837638855,5365.841796875,0.04257480589626959,0.0018508978572020342,5
410.66900634765625,1.4594556093215942,0.03928593546152115,5365.841796875,0.04262619724739361,0.0018519458342166088,5
410.8890075683594,1.4594645500183105,0.039064597338438034,5365.841796875,0.04264794010834515,0.001837406095369042,5
411.1090087890625,1.4594669342041016,0.03886934369802475,5365.841796875,0.042543048267953985,0.0018121673867853084,5
411.3290100097656,1.4594554901123047,0.038599561899900436,5365.841796875,0.042578421289684976,0.0017120563906118413,5
411.54901123046875,1.4594579935073853,0.038352884352207184,5365.841796875,0.042656944123112786,0.0018113183810147958,5
411.7690124511719,1.4594672918319702,0.03815465047955513,5365.841796875,0.04267710033017101,0.0018670736254339947,5
411.989013671875,1.459457516670227,0.03798696771264076,5365.841796875,0.042724397216297234,0.0018083914952841996,5
412.2090148925781,1.4594613313674927,0.03778277337551117,5365.841796875,0.04254937928865223,0.0018655312584368803,5
412.42901611328125,1.4594614505767822,0.037610992789268494,5365.841796875,0.04268488007883344,0.001846170352218226,5
412.6490173339844,1.4594488143920898,0.03768402710556984,5365.841796875,0.04262366786775327,0.0017839900708081166,5
412.8690185546875,1.4594625234603882,0.03756367042660713,5365.841796875,0.042604764993291126,0.0016810908091691211,5
413.0889892578125,1.4594603776931763,0.037616580724716187,5365.841796875,0.04269648400657478,0.0018305534873110532,5
413.3089904785156,1.4594532251358032,0.037812210619449615,5365.841796875,0.0426191515209534,0.0018604763715283172,5
413.52899169921875,1.4594659805297852,0.03822507709264755,5365.841796875,0.042663367500414565,0.0018414948155426724,5
413.7489929199219,1.459458827972412,0.038565654307603836,5365.841796875,0.04267589316894608,0.0017596313963880125,5
413.968994140625,1.4594542980194092,0.038450513035058975,5365.841796875,0.042465899641167475,0.0019177279665970502,5
414.1889953613281,1.4594686031341553,0.038421448320150375,5365.841796875,0.042508825097489475,0.0017415723828621526,5
414.40899658203125,1.4594687223434448,0.03802497684955597,5365.841796875,0.042647553297513796,0.0019450609905294247,5
414.6289978027344,1.4594624042510986,0.03787294775247574,5365.841796875,0.042590870738257805,0.0018357866673708433,5
414.8489990234375,1.4594577550888062,0.037694089114665985,5365.841796875,0.04256967027296922,0.0016873884544753677,5
415.0690002441406,1.4594547748565674,0.03754913806915283,5365.841796875,0.04277099099806553,0.0019306677706808302,5
415.28900146484375,1.4594545364379883,0.037404559552669525,5365.841796875,0.04263107450810249,0.001835630634545897,5
415.5090026855469,1.4594627618789673,0.03716608136892319,5365.841796875,0.0426265423718205,0.0017125712913714454,5
415.72900390625,1.4594593048095703,0.037067707628011703,5365.841796875,0.04260016271948353,0.0018138523697301637,5
415.9490051269531,1.4594546556472778,0.036811713129282,5365.841796875,0.04271660041523484,0.0017145012374704012,5
416.16900634765625,1.4594613313674927,0.036665648221969604,5365.841796875,0.042652905405881396,0.0017342109821469934,5
416.3890075683594,1.459457278251648,0.0365985743701458,5365.841796875,0.04260977318570959,0.001916743182069663,5
416.6090087890625,1.4594630002975464,0.036583296954631805,5365.841796875,0.04265019549025359,0.001921934153982257,5
416.8290100097656,1.45946204662323,0.036515478044748306,5365.841796875,0.042774022409910344,0.001891775107911286,5
417.04901123046875,1.459452509880066,0.03657398000359535,5365.841796875,0.04278306616560995,0.0018459741673720756,5
417.2690124511719,1.4594621658325195,0.03669433668255806,5365.841796875,0.04262096720784569,0.0018893661554631026,5
417.489013671875,1.4594645500183105,0.03697865083813667,5365.841796875,0.04263201648175662,0.0018173673914823108,5
417.7090148925781,1.4594600200653076,0.03735388070344925,5365.841796875,0.042751237450132484,0.0018455122358874215,5
417.92901611328125,1.4594632387161255,0.03739337995648384,5365.841796875,0.042643922471646556,0.001852542760688042,5
418.1490173339844,1.4594587087631226,0.037305813282728195,5365.841796875,0.04258711092903214,0.0018811711996362549,5
418.3690185546875,1.4594590663909912,0.03716906160116196,5365.841796875,0.042684180829025635,0.0018198307013511592,5
418.5890197753906,1.459456205368042,0.03710422292351723,5365.841796875,0.0425921840380718,0.001843407429099943,5
418.8089904785156,1.4594603776931763,0.036932818591594696,5365.841796875,0.04263638496092286,0.0017871304944214147,5
419.02899169921875,1.4594612121582031,0.03679531812667847,5365.841796875,0.04278753985621031,0.0018663808777527656,5
419.2489929199219,1.4594662189483643,0.036531127989292145,5365.841796875,0.042872807118945665,0.0016997958707268865,5
419.468994140625,1.4594597816467285,0.036357488483190536,5365.841796875,0.042714830274383934,0.0020132170465454687,5
419.6889953613281,1.4594552516937256,0.03612012416124344,5365.841796875,0.04292618537603331,0.0019240467174939145,5
419.90899658203125,1.4594627618789673,0.03607652708888054,5365.841796875,0.04271610641355923,0.0018413581332502376,5
420.1289978027344,1.4594579935073853,0.035915181040763855,5365.841796875,0.042774956986699426,0.0019562215611974186,5
420.3489990234375,1.4594513177871704,0.03585444390773773,5365.841796875,0.04290123106391967,0.0019180778952884463,5
420.5690002441406,1.4594523906707764,0.035696450620889664,5365.841796875,0.04272410341851577,0.0017779094273319659,5
420.78900146484375,1.4594577550888062,0.035658445209264755,5365.841796875,0.04277559607880322,0.0018738759025023531,5
421.0090026855469,1.4594557285308838,0.03576575964689255,5365.841796875,0.04274187155470158,0.0018901425764770408,5
421.22900390625,1.459446668624878,0.03590288758277893,5365.841796875,0.04279143779677218,0.0017141021399424885,5
421.4490051269531,1.4594467878341675,0.036115653812885284,5365.841796875,0.04274764770457811,0.0018665860351852618,5
421.66900634765625,1.4594510793685913,0.036531127989292145,5365.841796875,0.04276043269663424,0.0018891260052539389,5
421.8890075683594,1.4594578742980957,0.03660714626312256,5365.841796875,0.04262187112137567,0.0018242393307850142,5
422.1090087890625,1.4594509601593018,0.03648492321372032,5365.841796875,0.04274579394446371,0.0018163367552916098,5
422.3290100097656,1.4594460725784302,0.03634966164827347,5365.841796875,0.042704961114285636,0.0020079181269791898,5
422.54901123046875,1.459457516670227,0.036162976175546646,5365.841796875,0.042715312172217364,0.00194916292581096,5
422.7690124511719,1.4594500064849854,0.035894688218832016,5365.841796875,0.042999144128475345,0.001962657790798144,5
422.989013671875,1.4594533443450928,0.035752344876527786,5365.841796875,0.042879291804628406,0.0019473782131490907,5
423.2090148925781,1.4594526290893555,0.035688627511262894,5365.841796875,0.04262720306686044,0.0017323413861581836,5
423.42901611328125,1.4594534635543823,0.035567525774240494,5365.841796875,0.042715241974638864,0.0018093200874675572,5
423.6490173339844,1.4594509601593018,0.03531227633357048,5365.841796875,0.04281496317704616,0.001888799193190066,5
423.8690185546875,1.4594470262527466,0.035128574818372726,5365.841796875,0.042770478177952535,0.0018582289770907553,5
424.0890197753906,1.4594600200653076,0.03497729077935219,5365.841796875,0.04284915460299512,0.0018626918382452747,5
424.3089904785156,1.4594638347625732,0.03494226187467575,5365.841796875,0.04282436936742968,0.001986035518968107,5
424.52899169921875,1.4594612121582031,0.03487444669008255,5365.841796875,0.04276894305026215,0.0017703780542578215,5
424.7489929199219,1.4594535827636719,0.03502386808395386,5365.841796875,0.042589874596516156,0.0018757510060212956,5
424.968994140625,1.4594491720199585,0.03512037545442581,5365.841796875,0.04285566787995757,0.0019567411956391664,5
425.1889953613281,1.4594513177871704,0.0351259671151638,5365.841796875,0.0428536467874082,0.001966549557363843,5
425.40899658203125,1.4594497680664062,0.03531115874648094,5365.841796875,0.04282304209302907,0.00166581937855612,5
425.6289978027344,1.4594565629959106,0.0357411690056324,5365.841796875,0.0427199785423932,0.0018917576045171596,5
425.8489990234375,1.4594485759735107,0.03608286380767822,5365.841796875,0.042710895171235434,0.001671935893727426,5
426.0690002441406,1.459455966949463,0.03603106737136841,5365.841796875,0.04264006283069336,0.0018832784757323352,5
426.28900146484375,1.4594616889953613,0.03597964718937874,5365.841796875,0.042742176206307506,0.001871075630882038,5
426.5090026855469,1.459446668624878,0.03576873987913132,5365.841796875,0.042719068493233286,0.0018882680300423436,5
426.72900390625,1.4594590663909912,0.03566925227642059,5365.841796875,0.042709883676826106,0.0018114852857273466,5
426.9490051269531,1.4594521522521973,0.035631243139505386,5365.841796875,0.042618755818432635,0.0017517868223521954,5
427.16900634765625,1.4594576358795166,0.035427045077085495,5365.841796875,0.042811506217986225,0.0019273724853384492,5
427.3890075683594,1.4594477415084839,0.03511478751897812,5365.841796875,0.04277275919187356,0.0018361173060325066,5
427.6090087890625,1.4594553709030151,0.03504622355103493,5365.841796875,0.04276154329471011,0.001798238912743266,5
427.8290100097656,1.4594638347625732,0.034982506185770035,5365.841796875,0.04285757141266466,0.0019110681333663801,5
428.04901123046875,1.459465503692627,0.03479693830013275,5365.841796875,0.04262424938766108,0.001887986843384163,5
428.2690124511719,1.4594615697860718,0.034780170768499374,5365.841796875,0.04281963450243348,0.0018437599752544789,5
428.489013671875,1.459466576576233,0.034599822014570236,5365.841796875,0.04275866979346365,0.0018020192601589048,5
428.7090148925781,1.4594560861587524,0.03459944948554039,5365.841796875,0.04275782378450094,0.0017899127327305514,5
428.92901611328125,1.4594563245773315,0.034794703125953674,5365.841796875,0.04275226339051513,0.00196388123466571,5
429.1490173339844,1.459459900856018,0.0350056067109108,5365.841796875,0.042729889942405404,0.0017987039949349114,5
429.3690185546875,1.45946204662323,0.03520570695400238,5365.841796875,0.04280912447280774,0.0018094760288078918,5
429.5890197753906,1.4594550132751465,0.035446420311927795,5365.841796875,0.042686967561158154,0.001871563666604644,5
429.8089904785156,1.4594515562057495,0.03561261296272278,5365.841796875,0.04270384634868416,0.0017337377237015132,5
430.02899169921875,1.459457278251648,0.03569496050477028,5365.841796875,0.0427115575382163,0.0018516958787004932,5
430.2489929199219,1.4594634771347046,0.03556305170059204,5365.841796875,0.042777644670222485,0.001847479857321138,5
430.468994140625,1.4594534635543823,0.035525791347026825,5365.841796875,0.04292726620560804,0.0019489416419073145,5
430.6889953613281,1.459460735321045,0.03535065799951553,5365.841796875,0.04271566333572595,0.0018504148026418537,5
430.90899658203125,1.4594600200653076,0.03535661846399307,5365.841796875,0.04260268769841461,0.0019447183821753107,5
431.1289978027344,1.4594566822052002,0.03517775982618332,5365.841796875,0.04269464034365424,0.0019256913404888246,5
431.3489990234375,1.4594645500183105,0.03510398045182228,5365.841796875,0.042689445310837085,0.0018860408213200702,5
431.5690002441406,1.4594577550888062,0.034967973828315735,5365.841796875,0.04273356605257146,0.001981273037114795,5
431.78900146484375,1.4594531059265137,0.0347973108291626,5365.841796875,0.042867784517228384,0.0018349591030726745,5
432.0090026855469,1.4594627618789673,0.03475185111165047,5365.841796875,0.04281123735643818,0.0017416658266487838,5
432.22900390625,1.459458589553833,0.034599822014570236,5365.841796875,0.04272185952088393,0.0017493699667763705,5
432.4490051269531,1.4594576358795166,0.03441164642572403,5365.841796875,0.04265411673544881,0.0018119140215952286,5
432.66900634765625,1.4594606161117554,0.03432370722293854,5365.841796875,0.04280388644618255,0.0018891285477068414,5
432.8890075683594,1.459454894065857,0.03447163850069046,5365.841796875,0.04290624407148885,0.001630930013146069,5
433.1090087890625,1.4594614505767822,0.03482935577630997,5365.841796875,0.04289570734360061,0.0018180707016671855,5
433.3290100097656,1.4594621658325195,0.035023123025894165,5365.841796875,0.04264545605471042,0.0018157554286760452,5
433.54901123046875,1.4594621658325195,0.03533947840332985,5365.841796875,0.042828780900606114,0.0018137917637332333,5
433.7690124511719,1.4594565629959106,0.035616710782051086,5365.841796875,0.042635655476882285,0.0016760853322037525,5
433.989013671875,1.4594638347625732,0.03538382053375244,5365.841796875,0.042573417754149176,0.0019308931785779612,5
434.2090148925781,1.4594558477401733,0.03531227633357048,5365.841796875,0.04277173174181834,0.0017575920433148956,5
434.42901611328125,1.459458351135254,0.03515912964940071,5365.841796875,0.04290959388922609,0.0019026451705140414,5
434.6490173339844,1.4594571590423584,0.03513714298605919,5365.841796875,0.042610675750916475,0.0018999366208810522,5
434.8690185546875,1.4594509601593018,0.03505106642842293,5365.841796875,0.042869395993815215,0.0018517035293512455,5
435.0890197753906,1.4594577550888062,0.03492288663983345,5365.841796875,0.04279584613095479,0.0019448154243092237,5
435.3089904785156,1.4594600200653076,0.034761540591716766,5365.841796875,0.042853995829778585,0.0016512344082483944,5
435.52899169921875,1.4594594240188599,0.0345987044274807,5365.841796875,0.042745953612883816,0.0019186004562426191,5
435.7489929199219,1.4594643115997314,0.03456293046474457,5365.841796875,0.04289093682489622,0.001896838321779303,5
435.968994140625,1.4594556093215942,0.03444071114063263,5365.841796875,0.04258638121387778,0.0018213369554352854,5
436.1889953613281,1.4594535827636719,0.0342789925634861,5365.841796875,0.04282570514863002,0.001877298642940225,5
436.40899658203125,1.459457516670227,0.03415192663669586,5365.841796875,0.0428781333448687,0.0017697623129657226,5
436.6289978027344,1.4594593048095703,0.03410683944821358,5365.841796875,0.04279401960503317,0.0018943130760639105,5
436.8489990234375,1.459446668624878,0.034221235662698746,5365.841796875,0.04273096336821723,0.0017805038945333507,5
437.0690002441406,1.4594461917877197,0.034316256642341614,5365.841796875,0.042713218881897295,0.001897371287556023,5
437.28900146484375,1.4594533443450928,0.034594979137182236,5365.841796875,0.042836533677529605,0.0017718357042938158,5
437.5090026855469,1.4594556093215942,0.03498287871479988,5365.841796875,0.042744644674231766,0.001848168154886975,5
437.72900390625,1.4594519138336182,0.03524855896830559,5365.841796875,0.0428308477858153,0.001882322574171879,5
437.9490051269531,1.4594513177871704,0.03516695648431778,5365.841796875,0.04273367556493753,0.0018769393760868953,5
438.16900634765625,1.4594509601593018,0.03511180728673935,5365.841796875,0.04268346477554086,0.001889675460470787,5
438.3890075683594,1.4594546556472778,0.0349426344037056,5365.841796875,0.04277383346523568,0.00198945852791853,5
438.6090087890625,1.4594500064849854,0.034776072949171066,5365.841796875,0.042746324347157305,0.0017983033735177378,5
438.8290100097656,1.459456205368042,0.03463037684559822,5365.841796875,0.042725796597628755,0.0017887250892276902,5
439.04901123046875,1.459452509880066,0.0345938578248024,5365.841796875,0.04284524201348219,0.001767592543947205,5
439.2690124511719,1.4594510793685913,0.03448058292269707,5365.841796875,0.04282948294718342,0.0017972318172797428,5
439.489013671875,1.459455966949463,0.034364696592092514,5365.841796875,0.04299899837563812,0.001861245619462323,5
439.7090148925781,1.4594535827636719,0.034216392785310745,5365.841796875,0.042758655571976924,0.001924921645302559,5
439.92901611328125,1.4594522714614868,0.03401480242609978,5365.841796875,0.042852194445268416,0.0017908849652669401,5
440.1490173339844,1.4594547748565674,0.033975303173065186,5365.841796875,0.04285813585752291,0.0020525440151034175,5
440.3690185546875,1.459453821182251,0.03371893987059593,5365.841796875,0.04288280702721572,0.0019535594809117563,5
440.5890197753906,1.4594573974609375,0.0335717536509037,5365.841796875,0.04285164789226386,0.0019274607524778086,5
440.8089904785156,1.459455966949463,0.03360864147543907,5365.841796875,0.0428299944535498,0.0018829731200179528,5
441.02899169921875,1.4594544172286987,0.03387991338968277,5365.841796875,0.04294572583823657,0.0018574932653672531,5
441.2489929199219,1.459455132484436,0.0341530442237854,5365.841796875,0.04296291448270566,0.0017291582213040618,5
441.468994140625,1.4594520330429077,0.03452865034341812,5365.841796875,0.04291547746625411,0.0018647907387732826,5
441.6889953613281,1.4594444036483765,0.03486960008740425,5365.841796875,0.04290460040293755,0.0018408731339885284,5
441.90899658203125,1.459445834159851,0.03477383777499199,5365.841796875,0.043005982359698366,0.0017777969256709315,5
442.1289978027344,1.4594519138336182,0.034614354372024536,5365.841796875,0.042886099569204875,0.002033438357882424,5
442.3489990234375,1.4594593048095703,0.034489523619413376,5365.841796875,0.04275737591449845,0.0019254973561208639,5
442.5690002441406,1.4594659805297852,0.03435463458299637,5365.841796875,0.04272981332755158,0.0019744527241965133,5
442.78900146484375,1.4594663381576538,0.03430768474936485,5365.841796875,0.042752976750267443,0.0019954629085575278,5
443.0090026855469,1.4594581127166748,0.03413776680827141,5365.841796875,0.042903777530242056,0.0018873827166563792,5
443.22900390625,1.4594625234603882,0.034094542264938354,5365.841796875,0.04276155449014634,0.0018731444289017318,5
443.4490051269531,1.4594579935073853,0.033947356045246124,5365.841796875,0.04278553422592791,0.001873595833715343,5
443.66900634765625,1.4594557285308838,0.03386612609028816,5365.841796875,0.042810262691989245,0.0018569823501325133,5
443.8890075683594,1.4594552516937256,0.033694345504045486,5365.841796875,0.043030757862506284,0.0018450803083814595,5
444.1090087890625,1.4594413042068481,0.03358963876962662,5365.841796875,0.04284833744615364,0.001819921303823379,5
444.3290100097656,1.4594547748565674,0.033497974276542664,5365.841796875,0.042752802802950365,0.0019519397961860507,5
444.54901123046875,1.4594613313674927,0.03335600346326828,5365.841796875,0.04290411895373766,0.0018619067355342674,5
444.7690124511719,1.4594472646713257,0.033267319202423096,5365.841796875,0.04290981737444499,0.0019089445119441488,5
444.989013671875,1.459443211555481,0.03337053582072258,5365.841796875,0.04284386939437095,0.0018770100415032955,5
445.2090148925781,1.4594532251358032,0.03370664268732071,5365.841796875,0.042823469323674486,0.0018738965067969474,5
445.42901611328125,1.4594618082046509,0.034148573875427246,5365.841796875,0.04283770275319286,0.0018086240939735995,5
445.6490173339844,1.4594554901123047,0.03438630700111389,5365.841796875,0.04286309354674904,0.001788709506638084,5
445.8690185546875,1.4594593048095703,0.034541692584753036,5365.841796875,0.04286679165486642,0.001743101821053394,5
446.0890197753906,1.4594496488571167,0.03442245349287987,5365.841796875,0.0428785231428902,0.0017763873754109737,5
446.30902099609375,1.4594591856002808,0.03421042859554291,5365.841796875,0.04278277510087845,0.001877539940273837,5
446.52899169921875,1.4594552516937256,0.03418658301234245,5365.841796875,0.04284888264457706,0.0017900608930275222,5
446.7489929199219,1.4594563245773315,0.033957045525312424,5365.841796875,0.04270965572076122,0.0017813169810650517,5
446.968994140625,1.459449291229248,0.03391121327877045,5365.841796875,0.04285592725492424,0.0019025690462932798,5
447.1889953613281,1.45945405960083,0.033942513167858124,5365.841796875,0.042928013288485854,0.0017856771995177214,5
447.40899658203125,1.4594653844833374,0.03391941264271736,5365.841796875,0.042818581796998004,0.002008004080093913,5
447.6289978027344,1.459452748298645,0.03373831510543823,5365.841796875,0.04289173108115172,0.0017028596323499835,5
447.8489990234375,1.4594488143920898,0.03352368623018265,5365.841796875,0.042630112700393775,0.0018781316459606382,5
448.0690002441406,1.4594603776931763,0.033389538526535034,5365.841796875,0.04288295214411098,0.0020072469194392715,5
448.28900146484375,1.4594545364379883,0.03339401260018349,5365.841796875,0.04281588503121087,0.0019937443236151685,5
448.5090026855469,1.459451675415039,0.03328632190823555,5365.841796875,0.042711723770502676,0.0018230147430921108,5
448.72900390625,1.459457278251648,0.03331352397799492,5365.841796875,0.0429415555432347,0.00160847587077433,5
448.9490051269531,1.4594509601593018,0.033345941454172134,5365.841796875,0.04289751180899051,0.0017545059351542001,5
449.16900634765625,1.459443211555481,0.03365484997630119,5365.841796875,0.04261756224327493,0.0019097172102268429,5
449.3890075683594,1.459457516670227,0.033977165818214417,5365.841796875,0.0428376001038719,0.0020494568873954816,5
449.6090087890625,1.4594519138336182,0.03434270992875099,5365.841796875,0.042748830717405845,0.002034243794737832,5
449.8290100097656,1.4594374895095825,0.03453535586595535,5365.841796875,0.042889469844888846,0.0018453250717442833,5
450.04901123046875,1.459456205368042,0.03454839810729027,5365.841796875,0.04284047303508653,0.00181513108778361,5
450.2690124511719,1.459450125694275,0.034211546182632446,5365.841796875,0.04280153283964056,0.0018654320755889188,5
405.39801025390625,1.4609060287475586,0.20431753993034363,3861.17724609375,0.04351450234505729,0.003237011187292899,6
405.62701416015625,1.4594838619232178,0.06236772984266281,3861.17724609375,0.043447593746207186,0.0031503443918313202,6
405.85601806640625,1.459791898727417,0.055426497012376785,3861.17724609375,0.0433814245418645,0.0032696982435678505,6
406.0849914550781,1.4594814777374268,0.05150016397237778,3861.17724609375,0.04337946479306238,0.003202298784411418,6
406.3139953613281,1.4594873189926147,0.04932441562414169,3861.17724609375,0.043420660376956695,0.0032399248257327755,6
406.5429992675781,1.459797739982605,0.04838912934064865,3861.17724609375,0.043416344063977645,0.003331767363099348,6
406.7720031738281,1.459485650062561,0.04639708250761032,3861.17724609375,0.04352221256666931,0.0031398062640348003,6
407.0010070800781,1.459484577178955,0.04523039981722832,3861.17724609375,0.043475487956728454,0.0031875595115729077,6
407.2300109863281,1.4594866037368774,0.044319335371255875,3861.17724609375,0.04352581210966272,0.0032166967383939586,6
407.4590148925781,1.4594749212265015,0.043559182435274124,3861.17724609375,0.04349356254171375,0.0032449996165646263,6
407.6880187988281,1.4594855308532715,0.042959630489349365,3861.17724609375,0.04331618759110745,0.003297344684219913,6
407.9169921875,1.4594824314117432,0.04219985008239746,3861.17724609375,0.04335581975201927,0.003239847272102229,6
408.14599609375,1.4594852924346924,0.041925229132175446,3861.17724609375,0.04330452894629075,0.0033404685210783737,6
408.375,1.4597852230072021,0.04217264801263809,3861.17724609375,0.04348057664574147,0.0033220956570191107,6
408.60400390625,1.4594850540161133,0.04106558486819267,3861.17724609375,0.043440008823089675,0.003337573477732959,6
408.8330078125,1.4597909450531006,0.04146615415811539,3861.17724609375,0.043441411777014126,0.0033191019970609395,6
409.06201171875,1.459774374961853,0.04100112244486809,3861.17724609375,0.04356073664903635,0.003249322121412601,6
409.291015625,1.4597879648208618,0.04096348583698273,3861.17724609375,0.043451728816691196,0.003210914465952487,6
409.5199890136719,1.4594833850860596,0.04024245962500572,3861.17724609375,0.04338335654117569,0.003341417010750777,6
409.7489929199219,1.4597824811935425,0.04106558486819267,3861.17724609375,0.04334260064092718,0.0031920603846544993,6
409.9779968261719,1.4597870111465454,0.04127425327897072,3861.17724609375,0.043382346691181274,0.0031463152234732054,6
410.2070007324219,1.4597975015640259,0.04135660454630852,3861.17724609375,0.043318741649342775,0.003236889597430001,6
410.4360046386719,1.4594857692718506,0.04040045291185379,3861.17724609375,0.043547223516025794,0.0033451686838371396,6
410.6650085449219,1.4594831466674805,0.04024357721209526,3861.17724609375,0.04350487094917817,0.0032861428215947295,6
410.8940124511719,1.4594906568527222,0.039870209991931915,3861.17724609375,0.043451484100072574,0.003302818248386047,6
411.1230163574219,1.4597913026809692,0.040329281240701675,3861.17724609375,0.04347952237628548,0.0030166562766842085,6
411.35198974609375,1.4597874879837036,0.040069933980703354,3861.17724609375,0.04343071367569653,0.0032725593046423708,6
411.58099365234375,1.4597954750061035,0.03980127349495888,3861.17724609375,0.043359325431217816,0.003316431899090821,6
411.80999755859375,1.4594910144805908,0.03901540860533714,3861.17724609375,0.043314406777043984,0.0033583978559016034,6
412.03900146484375,1.4597903490066528,0.03936753794550896,3861.17724609375,0.043412781811411845,0.003247143085496401,6
412.26800537109375,1.4594866037368774,0.038607388734817505,3861.17724609375,0.04345870580158557,0.0033157635004965927,6
412.49700927734375,1.4597914218902588,0.03906795009970665,3861.17724609375,0.04347781716896318,0.0033206154063879986,6
412.72601318359375,1.4594879150390625,0.03814533352851868,3861.17724609375,0.043385686707692696,0.0033488933037653006,6
412.95501708984375,1.4594900608062744,0.03803242743015289,3861.17724609375,0.04354253651972439,0.003257798329758285,6
413.1839904785156,1.4594918489456177,0.03795865178108215,3861.17724609375,0.04348957318329319,0.003254940918071168,6
413.4129943847656,1.459473729133606,0.03807938098907471,3861.17724609375,0.04360875750979102,0.003197231337511416,6
413.6419982910156,1.4594866037368774,0.03815167024731636,3861.17724609375,0.04357902902647519,0.0033205441460386416,6
413.8710021972656,1.4594824314117432,0.038411758840084076,3861.17724609375,0.04340165578386067,0.003235595868610569,6
414.1000061035156,1.45978581905365,0.0393485352396965,3861.17724609375,0.04340438929066598,0.003240230008362617,6
414.3290100097656,1.4594861268997192,0.03861148655414581,3861.17724609375,0.04347299196236462,0.0032912232107254863,6
414.5580139160156,1.4594818353652954,0.03826979175209999,3861.17724609375,0.043529461497566084,0.0033006246360793427,6
414.7870178222656,1.4594807624816895,0.03839089348912239,3861.17724609375,0.04355311352819365,0.00311273511404542,6
415.0159912109375,1.4597915410995483,0.038798172026872635,3861.17724609375,0.04336324777069986,0.003188807269465381,6
415.2449951171875,1.4594879150390625,0.03794337064027786,3861.17724609375,0.04335872765097258,0.0033040440129789433,6
415.4739990234375,1.4597924947738647,0.038396481424570084,3861.17724609375,0.04351660740725504,0.0033084884009886993,6
415.7030029296875,1.4594818353652954,0.037524543702602386,3861.17724609375,0.04343365265596051,0.003288142092156748,6
415.9320068359375,1.4594770669937134,0.03745746985077858,3861.17724609375,0.04348117932902283,0.0033361901457213757,6
416.1610107421875,1.4594874382019043,0.03724544867873192,3861.17724609375,0.04352661259799768,0.0032552711622556296,6
416.3900146484375,1.459795355796814,0.037735819816589355,3861.17724609375,0.043457269517617345,0.0032331026953210597,6
416.6190185546875,1.4594773054122925,0.03714372217655182,3861.17724609375,0.04347096717120041,0.0033824038381820806,6
416.8479919433594,1.459474802017212,0.036924246698617935,3861.17724609375,0.043634757446559126,0.003295561454579193,6
417.0769958496094,1.4594825506210327,0.03707590326666832,3861.17724609375,0.04352911791022621,0.003379456722665104,6
417.3059997558594,1.4594800472259521,0.036955174058675766,3861.17724609375,0.04349545013600518,0.0032946300005280422,6
417.5350036621094,1.4594718217849731,0.03716496005654335,3861.17724609375,0.04345074682624816,0.0032758191049874577,6
417.7640075683594,1.459477186203003,0.03744964674115181,3861.17724609375,0.04351097880518006,0.003295844064422937,6
417.9930114746094,1.459475040435791,0.03756888583302498,3861.17724609375,0.04355294634042704,0.003255047818813834,6
418.2220153808594,1.4594687223434448,0.037821896374225616,3861.17724609375,0.04343387405054558,0.0034421051406797816,6
418.4510192871094,1.459480881690979,0.03777829930186272,3861.17724609375,0.043457165686753146,0.0032557974202361167,6
418.67999267578125,1.4594820737838745,0.037624407559633255,3861.17724609375,0.043366452477909836,0.0032304385431456274,6
418.90899658203125,1.4594813585281372,0.03747423738241196,3861.17724609375,0.043474479924972366,0.0032121110749717277,6
419.13800048828125,1.459474802017212,0.03751038387417793,3861.17724609375,0.043366665894554235,0.003377022771945688,6
419.36700439453125,1.4594776630401611,0.03731214627623558,3861.17724609375,0.043399387102132585,0.00320937965999088,6
419.59600830078125,1.4594682455062866,0.03714334964752197,3861.17724609375,0.043545176287135855,0.003412770056719663,6
419.82501220703125,1.4594813585281372,0.03707366809248924,3861.17724609375,0.043566148227851556,0.003265696280292133,6
420.05401611328125,1.4594742059707642,0.03682289272546768,3861.17724609375,0.04348509831340082,0.003330264978273352,6
420.2829895019531,1.459470272064209,0.0367293655872345,3861.17724609375,0.043481889873553364,0.0033073242880967387,6
420.5119934082031,1.4594792127609253,0.036556094884872437,3861.17724609375,0.043593953123453884,0.003221599335021118,6
420.7409973144531,1.4594768285751343,0.03643350303173065,3861.17724609375,0.043421596950381634,0.003296641880161245,6
420.9700012207031,1.4594881534576416,0.03643536567687988,3861.17724609375,0.043519036532099646,0.0032934529847167293,6
421.1990051269531,1.4594825506210327,0.03657025471329689,3861.17724609375,0.043594995987532595,0.0032990080905806658,6
421.4280090332031,1.4594806432724,0.036752838641405106,3861.17724609375,0.04347917445499334,0.0033591962265713594,6
421.6570129394531,1.4594826698303223,0.03698088601231575,3861.17724609375,0.04355409082531642,0.003377660868718574,6
421.8860168457031,1.4594858884811401,0.03728010132908821,3861.17724609375,0.04337313696147926,0.0033176339243583875,6
422.114990234375,1.459486722946167,0.0374261699616909,3861.17724609375,0.04349617983744241,0.003269128182525609,6
422.343994140625,1.459477424621582,0.03735015541315079,3861.17724609375,0.04352468013172603,0.0032588885268801876,6
422.572998046875,1.459476113319397,0.037171296775341034,3861.17724609375,0.04346982593482135,0.0032544843163082103,6
422.802001953125,1.459489107131958,0.037116147577762604,3861.17724609375,0.043444490838214306,0.003247921191795992,6
423.031005859375,1.4594836235046387,0.03701479360461235,3861.17724609375,0.043388645102569956,0.0033189651724629767,6
423.260009765625,1.4594758749008179,0.036890339106321335,3861.17724609375,0.04364269424816313,0.003339089792025132,6
423.489013671875,1.4594745635986328,0.0369425043463707,3861.17724609375,0.04347998808852216,0.0032406771976052216,6
423.718017578125,1.4594804048538208,0.03670290857553482,3861.17724609375,0.043561433464763,0.0033989291733091897,6
423.9469909667969,1.4594886302947998,0.03661124408245087,3861.17724609375,0.0434647384471715,0.003254822470041145,6
424.1759948730469,1.4597774744033813,0.03707515820860863,3861.17724609375,0.04352827733947078,0.0034041071765335477,6
424.4049987792969,1.4594852924346924,0.03625650703907013,3861.17724609375,0.04352137183148621,0.003233979975390128,6
424.6340026855469,1.459484338760376,0.03622669726610184,3861.17724609375,0.043548044488093934,0.0032839585366436215,6
424.8630065917969,1.4594712257385254,0.03590213879942894,3861.17724609375,0.0435485290467726,0.003400570362618237,6
425.0920104980469,1.4594731330871582,0.03611602634191513,3861.17724609375,0.04349928517485137,0.0033562367883977306,6
425.3210144042969,1.4594725370407104,0.036180488765239716,3861.17724609375,0.04369442871150173,0.0033637019375385093,6
425.5500183105469,1.4594768285751343,0.03641151636838913,3861.17724609375,0.04361730243485058,0.003271674590978002,6
425.77899169921875,1.4597843885421753,0.03732258081436157,3861.17724609375,0.04348814714519943,0.0032793999679534926,6
426.00799560546875,1.4594757556915283,0.03704982250928879,3861.17724609375,0.04355954713146995,0.0033226164883895146,6
426.23699951171875,1.4594827890396118,0.03704758360981941,3861.17724609375,0.043516780080520276,0.0032716683420548343,6
426.46600341796875,1.4594863653182983,0.03692163899540901,3861.17724609375,0.04368928239680952,0.0032348941432513855,6
426.69500732421875,1.4597790241241455,0.037534233182668686,3861.17724609375,0.04346316298787998,0.0032056018354827973,6
426.92401123046875,1.4594722986221313,0.03664291650056839,3861.17724609375,0.04348628028610962,0.0032658974317696355,6
427.15301513671875,1.4597759246826172,0.03722197189927101,3861.17724609375,0.04348017740600462,0.0033023405595017383,6
427.38201904296875,1.4597792625427246,0.03722383454442024,3861.17724609375,0.043563658668813066,0.0033232294732126,6
427.6109924316406,1.4594762325286865,0.03633997216820717,3861.17724609375,0.043641561854139733,0.003226244886253161,6
427.8399963378906,1.4594857692718506,0.0361868254840374,3861.17724609375,0.04362137343634857,0.0032971079647126102,6
428.0690002441406,1.4597798585891724,0.036812830716371536,3861.17724609375,0.043632064888484215,0.0034057432919194007,6
428.2980041503906,1.459472417831421,0.03605528920888901,3861.17724609375,0.04347603239776492,0.003267536392820965,6
428.5270080566406,1.4594694375991821,0.03574899211525917,3861.17724609375,0.043652740986983095,0.003277692451970269,6
428.7560119628906,1.4594770669937134,0.03569794446229935,3861.17724609375,0.043537473979820725,0.0032505721454768564,6
428.9850158691406,1.4594780206680298,0.0355377160012722,3861.17724609375,0.043675737204641435,0.003310071749696907,6
429.2140197753906,1.4594770669937134,0.035602178424596786,3861.17724609375,0.04365880943553909,0.003374770491027564,6
429.4429931640625,1.4594743251800537,0.03581569343805313,3861.17724609375,0.04346536804962833,0.003328305734660147,6
429.6719970703125,1.459472417831421,0.036167822778224945,3861.17724609375,0.04349150477093547,0.003288715365124716,6
429.9010009765625,1.4594762325286865,0.03638916090130806,3861.17724609375,0.04352425058298794,0.0031917450341935123,6
430.1300048828125,1.4594730138778687,0.03655162453651428,3861.17724609375,0.043453505621690064,0.0033526065849244103,6
430.3590087890625,1.4594769477844238,0.03659037500619888,3861.17724609375,0.04361821074338611,0.003268944266172027,6
430.5880126953125,1.4594664573669434,0.03634630888700485,3861.17724609375,0.04347375471693647,0.0032890566678815017,6
430.8170166015625,1.4594718217849731,0.03629637509584427,3861.17724609375,0.043665710619823085,0.0033009355711551653,6
431.0459899902344,1.459473729133606,0.03613055869936943,3861.17724609375,0.04347028529220732,0.003274655125055583,6
431.2749938964844,1.459477424621582,0.03595505282282829,3861.17724609375,0.04362969046668067,0.003328696622530188,6
431.5039978027344,1.4594718217849731,0.03583395108580589,3861.17724609375,0.043480589809207305,0.0032607631943542903,6
431.7330017089844,1.459472417831421,0.035807494074106216,3861.17724609375,0.043591430018999865,0.0032410669261500663,6
431.9620056152344,1.459472417831421,0.03548778221011162,3861.17724609375,0.04358657893503475,0.0033322198514324636,6
432.1910095214844,1.4594677686691284,0.03540804237127304,3861.17724609375,0.043617111015757805,0.003343847827254917,6
432.4200134277344,1.4594711065292358,0.035349540412425995,3861.17724609375,0.043554843652210185,0.0032939748530226103,6
432.6490173339844,1.4594758749008179,0.03505777567625046,3861.17724609375,0.043683770198478994,0.0033245705254278377,6
432.87799072265625,1.459471344947815,0.03511963039636612,3861.17724609375,0.04369296026672373,0.0032309689085242422,6
433.10699462890625,1.4594672918319702,0.03508348762989044,3861.17724609375,0.04371005956590483,0.003334652753945081,6
433.33599853515625,1.459470510482788,0.035165462642908096,3861.17724609375,0.043705588863005074,0.0032916786355876365,6
433.56500244140625,1.459470510482788,0.035392019897699356,3861.17724609375,0.043646485256317376,0.003374124045884943,6
433.79400634765625,1.4594837427139282,0.03569123521447182,3861.17724609375,0.04362480684390287,0.0033768093738258337,6
434.02301025390625,1.4594695568084717,0.03610521927475929,3861.17724609375,0.04354944868171925,0.003311000927791794,6
434.25201416015625,1.4594727754592896,0.03606795892119408,3861.17724609375,0.043612481504449345,0.0031793830479093766,6
434.48101806640625,1.459471583366394,0.035929713398218155,3861.17724609375,0.043615022678546986,0.0032757701328064307,6
434.7099914550781,1.4594731330871582,0.03570353239774704,3861.17724609375,0.043548684457319506,0.00328620873212105,6
434.9389953613281,1.4597748517990112,0.036282215267419815,3861.17724609375,0.04357380610401465,0.0032303028790719524,6
435.1679992675781,1.4594628810882568,0.03549821674823761,3861.17724609375,0.04347556278224335,0.003375872412503086,6
435.3970031738281,1.4594792127609253,0.0354069247841835,3861.17724609375,0.04357683301504306,0.0033179420150437756,6
435.6260070800781,1.4594773054122925,0.03530259057879448,3861.17724609375,0.04349021912153455,0.003265729228222844,6
435.8550109863281,1.4594796895980835,0.035329416394233704,3861.17724609375,0.04371120701913956,0.0033192031142655824,6
436.0840148925781,1.4594731330871582,0.035199373960494995,3861.17724609375,0.04359715138112349,0.0033769168716793357,6
436.3130187988281,1.4594672918319702,0.035079386085271835,3861.17724609375,0.04363254953538663,0.003280894521156648,6
436.5419921875,1.4594786167144775,0.034864384680986404,3861.17724609375,0.04358463781386909,0.0032314297812160247,6
436.77099609375,1.459481954574585,0.034691113978624344,3861.17724609375,0.043659263676222,0.003452116548936108,6
437.0,1.4594717025756836,0.034615471959114075,3861.17724609375,0.04365262654581979,0.003318494720351836,6
437.22900390625,1.4594751596450806,0.03477979823946953,3861.17724609375,0.04366319726584946,0.003343216038630664,6
437.4580078125,1.4594745635986328,0.034849852323532104,3861.17724609375,0.04370983372616008,0.00333514389669073,6
437.68701171875,1.4594709873199463,0.035145342350006104,3861.17724609375,0.04363489173286823,0.0033225875776325443,6
437.916015625,1.4594752788543701,0.03555634617805481,3861.17724609375,0.04359257137212842,0.0034245359992303177,6
438.14501953125,1.4594703912734985,0.03576911240816116,3861.17724609375,0.0437278017025261,0.0033366459653954585,6
438.3739929199219,1.4594695568084717,0.03560255095362663,3861.17724609375,0.04347718458618045,0.0033078994991799747,6
438.6029968261719,1.4597772359848022,0.036091431975364685,3861.17724609375,0.04365706964751095,0.0032477841221123034,6
438.8320007324219,1.4594706296920776,0.03542182967066765,3861.17724609375,0.043611933188688515,0.0033593607759147765,6
439.0610046386719,1.4597864151000977,0.03580302372574806,3861.17724609375,0.04368456807977855,0.003407441874461426,6
439.2900085449219,1.4594755172729492,0.035074543207883835,3861.17724609375,0.04359007220208691,0.0032462407237433535,6
439.5190124511719,1.4594743251800537,0.034913569688797,3861.17724609375,0.04363278522496325,0.0034050302502669984,6
439.7480163574219,1.459473729133606,0.034841280430555344,3861.17724609375,0.04366320367843233,0.0035312652532024694,6
439.9770202636719,1.459476113319397,0.03493630141019821,3861.17724609375,0.04360123017846612,0.003332010718943694,6
440.20599365234375,1.4594765901565552,0.034752968698740005,3861.17724609375,0.04377398881627433,0.0033000208857036687,6
440.43499755859375,1.4594742059707642,0.0347488708794117,3861.17724609375,0.04362916612764066,0.0033826851074988257,6
440.66400146484375,1.4594733715057373,0.03460056707262993,3861.17724609375,0.04361445990571964,0.003192845661180227,6
440.89300537109375,1.4594720602035522,0.034477598965168,3861.17724609375,0.04371733233592687,0.003370193794797028,6
441.12200927734375,1.4594815969467163,0.0345599502325058,3861.17724609375,0.043649342039044046,0.0034453042409120344,6
441.35101318359375,1.4594775438308716,0.034537967294454575,3861.17724609375,0.043744850667025936,0.0033301212193877364,6
441.58001708984375,1.459795594215393,0.035412512719631195,3861.17724609375,0.043706428712847356,0.0033404784249514625,6
441.8089904785156,1.459479808807373,0.03512708470225334,3861.17724609375,0.04358852026304076,0.003269165578347332,6
442.0379943847656,1.4594773054122925,0.0355667807161808,3861.17724609375,0.04366389495813695,0.0033662470677731466,6
442.2669982910156,1.4594801664352417,0.035560816526412964,3861.17724609375,0.0435483682606041,0.0033664117426248545,6
442.4960021972656,1.459478735923767,0.035508278757333755,3861.17724609375,0.04358769231607461,0.003229070070781787,6
442.7250061035156,1.4594773054122925,0.03525526449084282,3861.17724609375,0.0436016863286057,0.003366564758715836,6
442.9540100097656,1.45978844165802,0.035824261605739594,3861.17724609375,0.04378563139119832,0.0032419756481260444,6
443.1830139160156,1.45948326587677,0.03503243625164032,3861.17724609375,0.04368349111919344,0.0033592193130765977,6
443.4120178222656,1.4594829082489014,0.0348505973815918,3861.17724609375,0.04355887991097794,0.0032162377020231205,6
443.6409912109375,1.4594762325286865,0.03479805588722229,3861.17724609375,0.043733650522319645,0.003304050262679023,6
443.8699951171875,1.4594810009002686,0.03455808758735657,3861.17724609375,0.04366916159641688,0.003340926296427304,6
444.0989990234375,1.4594775438308716,0.034592367708683014,3861.17724609375,0.04372086529922253,0.0032509945335726584,6
444.3280029296875,1.4594714641571045,0.03447685390710831,3861.17724609375,0.043630050647875084,0.003324332390587649,6
444.5570068359375,1.4594765901565552,0.0343468114733696,3861.17724609375,0.04370297253671685,0.0033310413871119626,6
444.7860107421875,1.4594733715057373,0.03432370722293854,3861.17724609375,0.0436207909613865,0.003339435551276149,6
445.0150146484375,1.459478497505188,0.034028589725494385,3861.17724609375,0.043602632367595706,0.0032930985814151456,6
445.2440185546875,1.4594717025756836,0.03415378928184509,3861.17724609375,0.04365791370850402,0.0035120110168165167,6
445.4729919433594,1.4594753980636597,0.034393761307001114,3861.17724609375,0.043713878415683576,0.003388956879233875,6
445.7019958496094,1.4594802856445312,0.034713100641965866,3861.17724609375,0.04354321970775705,0.003372992733028895,6
445.9309997558594,1.459477186203003,0.03493816405534744,3861.17724609375,0.04354773538888215,0.0033502419871423014,6
446.1600036621094,1.4594756364822388,0.03525414690375328,3861.17724609375,0.04354269625020924,0.0034086431158110607,6
446.3890075683594,1.4594783782958984,0.03514981269836426,3861.17724609375,0.0436841125967431,0.0033516061246913554,6
446.6180114746094,1.4594746828079224,0.035062991082668304,3861.17724609375,0.04366612228635124,0.003269274788110071,6
446.8470153808594,1.4594777822494507,0.03491916134953499,3861.17724609375,0.043769211962933145,0.0033251351465593193,6
447.0760192871094,1.4594825506210327,0.034734711050987244,3861.17724609375,0.04356611726391761,0.0033368301902165012,6
447.30499267578125,1.4594712257385254,0.034728001803159714,3861.17724609375,0.043731482997670316,0.0033129176367873224,6
447.53399658203125,1.4594806432724,0.03456665948033333,3861.17724609375,0.04377387463952153,0.0032994323847634144,6
447.76300048828125,1.4594782590866089,0.03434792906045914,3861.17724609375,0.04363272449160798,0.003429690207693815,6
447.99200439453125,1.4594650268554688,0.034419845789670944,3861.17724609375,0.04370444368593551,0.00336482143113254,6
448.22100830078125,1.459475040435791,0.034159380942583084,3861.17724609375,0.043772737662001716,0.003382312576867224,6
448.45001220703125,1.4594712257385254,0.034086719155311584,3861.17724609375,0.04373342879714879,0.0032504504170362317,6
448.67901611328125,1.4594824314117432,0.03411019220948219,3861.17724609375,0.04370910775080311,0.0033332882710880468,6
448.90802001953125,1.4594807624816895,0.03405802696943283,3861.17724609375,0.043583883458893295,0.003234029045403916,6
449.1369934082031,1.4594764709472656,0.03389072045683861,3861.17724609375,0.043732553818685946,0.003437610591973716,6
449.3659973144531,1.4597731828689575,0.034794703125953674,3861.17724609375,0.0436032353468898,0.003368796844219538,6
449.5950012207031,1.4594839811325073,0.034193288534879684,3861.17724609375,0.043665745401989045,0.0033415471778236983,6
449.8240051269531,1.4597725868225098,0.03507379814982414,3861.17724609375,0.04367182658792237,0.003326195904136937,6
450.0530090332031,1.4594697952270508,0.03482898324728012,3861.17724609375,0.04375689651779374,0.0033433073235270283,6
450.2820129394531,1.4594744443893433,0.03482041507959366,3861.17724609375,0.04363945139439271,0.003288439677461223,6
405.39801025390625,1.4609277248382568,0.20364755392074585,2779.446533203125,0.04478335741694499,0.004274850438695645,7
405.62701416015625,1.4594990015029907,0.061613913625478745,2779.446533203125,0.04467342852838858,0.004438002341134154,7
405.85601806640625,1.4595102071762085,0.05378285422921181,2779.446533203125,0.04454085997682654,0.004416928977239365,7
406.0849914550781,1.4595082998275757,0.05062412470579147,2779.446533203125,0.04465476752787633,0.0043877768203214665,7
406.3139953613281,1.4595110416412354,0.048535943031311035,2779.446533203125,0.044622316706864396,0.004424687080934722,7
406.5429992675781,1.4598164558410645,0.04775678738951683,2779.446533203125,0.04455158586856869,0.0044474800177562316,7
406.7720031738281,1.459518313407898,0.04564773663878441,2779.446533203125,0.04454659734526475,0.0043904184637252415,7
407.0010070800781,1.4595105648040771,0.044564519077539444,2779.446533203125,0.04458386912456841,0.004592501392446903,7
407.2300109863281,1.4598129987716675,0.044352125376462936,2779.446533203125,0.04464542447125114,0.004508359991885047,7
407.4590148925781,1.459511637687683,0.042825113981962204,2779.446533203125,0.044642271842942366,0.00442548619279622,7
407.6880187988281,1.4595037698745728,0.0423220731317997,2779.446533203125,0.04458333268170878,0.004296362255691849,7
407.9169921875,1.4595052003860474,0.04168600216507912,2779.446533203125,0.04468525359184268,0.004456384973613681,7
408.14599609375,1.4598124027252197,0.042011674493551254,2779.446533203125,0.04458807301169692,0.004515646393344434,7
408.375,1.4594999551773071,0.040897902101278305,2779.446533203125,0.044622156922262325,0.004515640133401268,7
408.60400390625,1.45950186252594,0.040303196758031845,2779.446533203125,0.044630211704344946,0.004537848070758498,7
408.8330078125,1.4594975709915161,0.03995330259203911,2779.446533203125,0.044629143119307366,0.0044810489293612595,7
409.06201171875,1.459498405456543,0.03960825502872467,2779.446533203125,0.04473654453583971,0.004504007156124137,7
409.291015625,1.4598041772842407,0.040158990770578384,2779.446533203125,0.044622229351491724,0.004421689094888106,7
409.5199890136719,1.459506869316101,0.03961049020290375,2779.446533203125,0.044661998155735155,0.0044022329431020165,7
409.7489929199219,1.4595023393630981,0.03959782049059868,2779.446533203125,0.04472609134199562,0.004488316592140331,7
409.9779968261719,1.4595072269439697,0.040000252425670624,2779.446533203125,0.04460302556414661,0.004390960189709535,7
410.2070007324219,1.459486961364746,0.0402446947991848,2779.446533203125,0.0444609820745981,0.004365339732985364,7
410.4360046386719,1.4598056077957153,0.04082636162638664,2779.446533203125,0.04453914746328589,0.004459490522521657,7
410.6650085449219,1.4594953060150146,0.03978972136974335,2779.446533203125,0.044520272530819596,0.004411377013865206,7
410.8940124511719,1.4594954252243042,0.03939623013138771,2779.446533203125,0.044666803850715656,0.004440239890718857,7
411.1230163574219,1.4594933986663818,0.03926581144332886,2779.446533203125,0.044495697936519016,0.0042840271600624565,7
411.35198974609375,1.4595026969909668,0.039022862911224365,2779.446533203125,0.04467661578984027,0.004480492474864748,7
411.58099365234375,1.4594964981079102,0.038860026746988297,2779.446533203125,0.04455790672620636,0.004475259125574667,7
411.80999755859375,1.4594955444335938,0.03863794356584549,2779.446533203125,0.04462571260035338,0.004469517279352954,7
412.03900146484375,1.4594979286193848,0.03843635320663452,2779.446533203125,0.04459951078719674,0.004569301088055076,7
412.26800537109375,1.459798812866211,0.0390046052634716,2779.446533203125,0.04463222719315734,0.004557276910523162,7
412.49700927734375,1.4594957828521729,0.03805031627416611,2779.446533203125,0.04455206547979362,0.004569165718690365,7
412.72601318359375,1.459805965423584,0.038478460162878036,2779.446533203125,0.044625799688269574,0.004449178711475282,7
412.95501708984375,1.4594978094100952,0.03763074055314064,2779.446533203125,0.04464801513086335,0.004452173013431499,7
413.1839904785156,1.4594953060150146,0.037469394505023956,2779.446533203125,0.04461288423032501,0.004445629808129969,7
413.4129943847656,1.4594964981079102,0.037428777664899826,2779.446533203125,0.04461165839912508,0.004525043756056973,7
413.6419982910156,1.4594941139221191,0.037627387791872025,2779.446533203125,0.04463009468953109,0.004479387195541544,7
413.8710021972656,1.459808111190796,0.03862229362130165,2779.446533203125,0.04467770081153408,0.004530548028323168,7
414.1000061035156,1.4594939947128296,0.0384676530957222,2779.446533203125,0.04457488390236601,0.004408530298783685,7
414.3290100097656,1.4598009586334229,0.03904931992292404,2779.446533203125,0.044566401056873706,0.004467461926512018,7
414.5580139160156,1.4594978094100952,0.03836480900645256,2779.446533203125,0.0446155966256089,0.004466752859997965,7
414.7870178222656,1.4597972631454468,0.03892858698964119,2779.446533203125,0.04466334760569073,0.004522621653894775,7
415.0159912109375,1.4595004320144653,0.03811589628458023,2779.446533203125,0.04465139134886892,0.004562640925998805,7
415.2449951171875,1.459495186805725,0.03798883035778999,2779.446533203125,0.0444262967676332,0.004489367298198997,7
415.4739990234375,1.459504246711731,0.037825994193553925,2779.446533203125,0.04453044522293291,0.0046237715250134065,7
415.7030029296875,1.4594876766204834,0.0375182069838047,2779.446533203125,0.04469790398885677,0.004454779317185339,7
415.9320068359375,1.4594908952713013,0.03731699287891388,2779.446533203125,0.04464084703853247,0.004589712060550033,7
416.1610107421875,1.459499478340149,0.03730134293437004,2779.446533203125,0.04482657241840345,0.004334928732106584,7
416.3900146484375,1.459497332572937,0.03714781999588013,2779.446533203125,0.04462369235989338,0.004451391592754985,7
416.6190185546875,1.4594905376434326,0.0369376614689827,2779.446533203125,0.04466564393791892,0.004527109133933824,7
416.8479919433594,1.4594975709915161,0.0367245189845562,2779.446533203125,0.04469669279552701,0.004512315296304017,7
417.0769958496094,1.4597915410995483,0.037480201572179794,2779.446533203125,0.044696793945750025,0.004583901078114728,7
417.3059997558594,1.4594900608062744,0.03679122030735016,2779.446533203125,0.044738004142461825,0.0045579791505245115,7
417.5350036621094,1.45949125289917,0.036807987838983536,2779.446533203125,0.04453215393386953,0.004557808404785841,7
417.7640075683594,1.4597913026809692,0.03765719756484032,2779.446533203125,0.044797156526612314,0.0045652251140200365,7
417.9930114746094,1.4594998359680176,0.03730804845690727,2779.446533203125,0.04463666893837779,0.004421917652124753,7
418.2220153808594,1.4594981670379639,0.03771309182047844,2779.446533203125,0.04447898704664238,0.004605306142151944,7
418.4510192871094,1.459495186805725,0.03769073262810707,2779.446533203125,0.04463243549904551,0.004524592568230983,7
418.67999267578125,1.459490180015564,0.03750181198120117,2779.446533203125,0.044641406615721545,0.004489956351006731,7
418.90899658203125,1.459489345550537,0.037440329790115356,2779.446533203125,0.04457099908936336,0.0045310652495300745,7
419.13800048828125,1.4595028162002563,0.03714819252490997,2779.446533203125,0.0447853622329803,0.004452723760254719,7
419.36700439453125,1.4598015546798706,0.03757447376847267,2779.446533203125,0.0445837579190556,0.004584137893646263,7
419.59600830078125,1.4597910642623901,0.03752826899290085,2779.446533203125,0.044635542984641466,0.004528135691755654,7
419.82501220703125,1.4594941139221191,0.036706261336803436,2779.446533203125,0.04474824209602964,0.004501342897773669,7
420.05401611328125,1.4594861268997192,0.036559075117111206,2779.446533203125,0.04473454881394712,0.00451497878867467,7
420.2829895019531,1.459797978401184,0.036974549293518066,2779.446533203125,0.044662138280506934,0.004477704214207465,7
420.5119934082031,1.4597959518432617,0.03688772767782211,2779.446533203125,0.04490551001864841,0.004404345490621561,7
420.7409973144531,1.4594913721084595,0.03606982156634331,2779.446533203125,0.04468446399264463,0.004630974315914128,7
420.9700012207031,1.4598021507263184,0.03669023886322975,2779.446533203125,0.044698799231014726,0.004611151651348409,7
421.1990051269531,1.459494948387146,0.035987842828035355,2779.446533203125,0.04462557049757813,0.0043991687549919814,7
421.4280090332031,1.459496259689331,0.036060504615306854,2779.446533203125,0.04467597642127592,0.004555598647457194,7
421.6570129394531,1.4594981670379639,0.0361916683614254,2779.446533203125,0.044661539515718676,0.004442488270280966,7
421.8860168457031,1.4594956636428833,0.03645474091172218,2779.446533203125,0.04480186966136993,0.004540333630615848,7
422.114990234375,1.4594886302947998,0.036693964153528214,2779.446533203125,0.04459024446097989,0.00457537222301903,7
422.343994140625,1.4598013162612915,0.03763632848858833,2779.446533203125,0.04466654411676541,0.004496198544488515,7
422.572998046875,1.4594976902008057,0.03688586503267288,2779.446533203125,0.044610572182631966,0.004607858095294973,7
422.802001953125,1.4598002433776855,0.037482064217329025,2779.446533203125,0.04463607263206812,0.004560470738019438,7
423.031005859375,1.4594875574111938,0.03651920333504677,2779.446533203125,0.044654361694073795,0.004512402965941061,7
423.260009765625,1.459490180015564,0.03625277802348137,2779.446533203125,0.044709293550703064,0.00444453637179751,7
423.489013671875,1.4594913721084595,0.03605789691209793,2779.446533203125,0.044663510347108935,0.004629553457443099,7
423.718017578125,1.4594905376434326,0.03595728799700737,2779.446533203125,0.04462741145941738,0.004575590721116747,7
423.9469909667969,1.4594948291778564,0.035949837416410446,2779.446533203125,0.04482285397154858,0.004583133818357553,7
424.1759948730469,1.4598042964935303,0.036267682909965515,2779.446533203125,0.04473337426150139,0.004580256695157286,7
424.4049987792969,1.4594920873641968,0.035536594688892365,2779.446533203125,0.044838127969371665,0.004557751605571993,7
424.6340026855469,1.4598057270050049,0.036078762263059616,2779.446533203125,0.04492138684299187,0.0045635434301477115,7
424.8630065917969,1.4594990015029907,0.03537711501121521,2779.446533203125,0.04480247371979285,0.004537462290977501,7
425.0920104980469,1.45949125289917,0.03537524864077568,2779.446533203125,0.044805051759828726,0.004592086258955177,7
425.3210144042969,1.4594926834106445,0.03526271879673004,2779.446533203125,0.0447273735966572,0.0045767221087734825,7
425.5500183105469,1.4594982862472534,0.03541288524866104,2779.446533203125,0.04479362856503961,0.004532571823580679,7
425.77899169921875,1.4594837427139282,0.03554181382060051,2779.446533203125,0.04468947526360231,0.004417077005800595,7
426.00799560546875,1.4594881534576416,0.03598150983452797,2779.446533203125,0.04479827250566641,0.004429407774201844,7
426.23699951171875,1.4597896337509155,0.03691194951534271,2779.446533203125,0.04470880586558363,0.004466501526515456,7
426.46600341796875,1.4594882726669312,0.036374252289533615,2779.446533203125,0.044855904933103395,0.004498891459597477,7
426.69500732421875,1.4597983360290527,0.03678078576922417,2779.446533203125,0.044673597784589195,0.004516520292996163,7
426.92401123046875,1.4594939947128296,0.03598896041512489,2779.446533203125,0.0447491860001548,0.00469771459839192,7
427.15301513671875,1.4595000743865967,0.03580637648701668,2779.446533203125,0.044870525821871426,0.004617364261335966,7
427.38201904296875,1.4594944715499878,0.0358380489051342,2779.446533203125,0.044773409563789744,0.004611130191587448,7
427.6109924316406,1.4597991704940796,0.03626991808414459,2779.446533203125,0.04486174884903304,0.004458514535026858,7
427.8399963378906,1.4595036506652832,0.035443440079689026,2779.446533203125,0.044878916625417306,0.0044883928057429445,7
428.0690002441406,1.4597976207733154,0.03597554564476013,2779.446533203125,0.044687709454339745,0.004584032602170206,7
428.2980041503906,1.4594945907592773,0.03514795005321503,2779.446533203125,0.04482606895582374,0.004488005399509638,7
428.5270080566406,1.4595036506652832,0.03512372821569443,2779.446533203125,0.04479954672131368,0.0045600849164982886,7
428.7560119628906,1.4597982168197632,0.035645030438899994,2779.446533203125,0.04478929973984748,0.004467852273801547,7
428.9850158691406,1.4594920873641968,0.03500411659479141,2779.446533203125,0.044812442017968204,0.004569071408578846,7
429.2140197753906,1.4594898223876953,0.034972816705703735,2779.446533203125,0.04479921717499453,0.004464780202052628,7
429.4429931640625,1.4597933292388916,0.035637203603982925,2779.446533203125,0.0448997108803321,0.004583258522129752,7
429.6719970703125,1.4595024585723877,0.03520458936691284,2779.446533203125,0.04472824673728591,0.004565605007201867,7
429.9010009765625,1.4597961902618408,0.03614397346973419,2779.446533203125,0.04466184105347176,0.0046526292644331595,7
430.1300048828125,1.4594930410385132,0.03607652708888054,2779.446533203125,0.04474463501678055,0.004493881540200909,7
430.3590087890625,1.4597907066345215,0.0367390513420105,2779.446533203125,0.04479857090584005,0.004644330312790031,7
430.5880126953125,1.4598023891448975,0.036503925919532776,2779.446533203125,0.0447538557190049,0.004501953393831825,7
430.8170166015625,1.4594998359680176,0.03577880188822746,2779.446533203125,0.04476588722284452,0.004527141283280081,7
431.0459899902344,1.459795355796814,0.03643200919032097,2779.446533203125,0.04475657833430809,0.004616961867091754,7
431.2749938964844,1.4594939947128296,0.03571135550737381,2779.446533203125,0.04477247180327968,0.004564710232948016,7
431.5039978027344,1.459490180015564,0.03563385084271431,2779.446533203125,0.04487318275068483,0.004466619736929359,7
431.7330017089844,1.4594920873641968,0.03533240035176277,2779.446533203125,0.04469751890452907,0.00457574552312602,7
431.9620056152344,1.4594943523406982,0.03527762368321419,2779.446533203125,0.04472370830078477,0.004624272345904776,7
432.1910095214844,1.4594923257827759,0.035147204995155334,2779.446533203125,0.044690141228643315,0.00449665269003334,7
432.4200134277344,1.4597980976104736,0.035741910338401794,2779.446533203125,0.0448531685955545,0.004668352690253403,7
432.6490173339844,1.4597872495651245,0.03566179797053337,2779.446533203125,0.04465398584570857,0.004586194577140659,7
432.87799072265625,1.4594804048538208,0.03489009290933609,2779.446533203125,0.04484379175714839,0.004621339311108069,7
433.10699462890625,1.4594887495040894,0.03480029106140137,2779.446533203125,0.044666829980004576,0.004663122624713126,7
433.33599853515625,1.4594868421554565,0.03482786566019058,2779.446533203125,0.044834463627750565,0.004476308765549102,7
433.56500244140625,1.4595013856887817,0.03509615361690521,2779.446533203125,0.0447312850170794,0.004566523975996878,7
433.79400634765625,1.4594976902008057,0.0353875458240509,2779.446533203125,0.044804597645360496,0.004491285477418808,7
434.02301025390625,1.4594820737838745,0.03564316779375076,2779.446533203125,0.04479308517675704,0.004468623562231963,7
434.25201416015625,1.4598016738891602,0.036639560014009476,2779.446533203125,0.044756214976604994,0.004606684963918512,7
434.48101806640625,1.4597978591918945,0.03653373569250107,2779.446533203125,0.044760739311495434,0.004471357004626611,7
434.7099914550781,1.4594862461090088,0.035777684301137924,2779.446533203125,0.044754433614485625,0.004450244086195611,7
434.9389953613281,1.459492802619934,0.035688627511262894,2779.446533203125,0.044670141355284576,0.004460316818263408,7
435.1679992675781,1.4594855308532715,0.03553696721792221,2779.446533203125,0.044708412347271305,0.004493088708077629,7
435.3970031738281,1.4594862461090088,0.03550678491592407,2779.446533203125,0.044693932477287285,0.004558011022699288,7
435.6260070800781,1.4594942331314087,0.03529774397611618,2779.446533203125,0.04473534853837788,0.004540396905793251,7
435.8550109863281,1.4594868421554565,0.03519303724169731,2779.446533203125,0.04470977133203646,0.004641931049006824,7
436.0840148925781,1.4594972133636475,0.035079386085271835,2779.446533203125,0.0446975744842085,0.0047078185912195186,7
436.3130187988281,1.4598039388656616,0.035601433366537094,2779.446533203125,0.04477560311755994,0.004640125695668921,7
436.5419921875,1.4594931602478027,0.0348215326666832,2779.446533203125,0.04457141163500865,0.004609948501556904,7
436.77099609375,1.459484577178955,0.034683287143707275,2779.446533203125,0.044804050751719185,0.004600899958646954,7
437.0,1.4594975709915161,0.03458379954099655,2779.446533203125,0.04477314246652856,0.00454951196464261,7
437.22900390625,1.4594966173171997,0.03464192897081375,2779.446533203125,0.04470925800415731,0.004733202166750874,7
437.4580078125,1.4598007202148438,0.03535103052854538,2779.446533203125,0.044877737927741995,0.004552133702950487,7
437.68701171875,1.4595037698745728,0.035051438957452774,2779.446533203125,0.04480947028054951,0.004660594514464051,7
437.916015625,1.459504246711731,0.035487037152051926,2779.446533203125,0.04478999196818289,0.0045286707672967125,7
438.14501953125,1.4594975709915161,0.03564950078725815,2779.446533203125,0.0447117747492573,0.004604103827050978,7
438.3739929199219,1.4594825506210327,0.03572700545191765,2779.446533203125,0.044679461227616006,0.004566304036924968,7
438.6029968261719,1.459496259689331,0.03574340045452118,2779.446533203125,0.044851957529307956,0.004444307452441526,7
438.8320007324219,1.4594895839691162,0.0355958417057991,2779.446533203125,0.044655984857780294,0.00469181635023324,7
439.0610046386719,1.4594906568527222,0.03544865548610687,2779.446533203125,0.044842996435414374,0.004573742306006421,7
439.2900085449219,1.4594957828521729,0.03520794212818146,2779.446533203125,0.044852069223643716,0.004524927881726294,7
439.5190124511719,1.4594924449920654,0.03511665016412735,2779.446533203125,0.044719657564639255,0.004592201351746269,7
439.7480163574219,1.4594855308532715,0.03503989055752754,2779.446533203125,0.04471253190912586,0.00454516260201523,7
439.9770202636719,1.45979905128479,0.035656582564115524,2779.446533203125,0.044812775205562275,0.004597984607220814,7
440.20599365234375,1.4594930410385132,0.03482935577630997,2779.446533203125,0.04472895732232423,0.004539796715102792,7
440.43499755859375,1.4598058462142944,0.035247813910245895,2779.446533203125,0.044901987001133556,0.0045584995474479625,7
440.66400146484375,1.4594926834106445,0.03449809551239014,2779.446533203125,0.04478412888148534,0.004634618073689574,7
440.89300537109375,1.4594833850860596,0.03442543372511864,2779.446533203125,0.04483423856353628,0.004470040970973056,7
441.12200927734375,1.459499478340149,0.0343661867082119,2779.446533203125,0.04470658570068934,0.004676378147555213,7
441.35101318359375,1.4597986936569214,0.03497058153152466,2779.446533203125,0.04491815945257014,0.004791907870943459,7
441.58001708984375,1.4595028162002563,0.03450442850589752,2779.446533203125,0.04480277101344556,0.004598901110512272,7
441.8089904785156,1.4594972133636475,0.034877799451351166,2779.446533203125,0.04478487837143843,0.004477726165253801,7
442.0379943847656,1.4594955444335938,0.035279858857393265,2779.446533203125,0.044785461953936116,0.004633502471142405,7
442.2669982910156,1.4594929218292236,0.035629753023386,2779.446533203125,0.04473285856499963,0.0046258382534701496,7
442.4960021972656,1.4595026969909668,0.035365935415029526,2779.446533203125,0.044727267219324934,0.004401592284538323,7
442.7250061035156,1.459801197052002,0.035895805805921555,2779.446533203125,0.04476287311560446,0.004592195789317232,7
442.9540100097656,1.459800124168396,0.03559621423482895,2779.446533203125,0.04477945826996383,0.0045909088232378775,7
443.1830139160156,1.4594919681549072,0.034754086285829544,2779.446533203125,0.044743782324597976,0.004528627242977596,7
443.4120178222656,1.4594966173171997,0.0346907414495945,2779.446533203125,0.044780926625270036,0.004636973304258788,7
443.6409912109375,1.4597997665405273,0.03536071628332138,2779.446533203125,0.04495068166522382,0.004540397863819219,7
443.8699951171875,1.459807276725769,0.03527762368321419,2779.446533203125,0.04475061836382059,0.004568777972323096,7
444.0989990234375,1.4594937562942505,0.03443288430571556,2779.446533203125,0.044851032931526924,0.004513654183936355,7
444.3280029296875,1.459498405456543,0.03431848809123039,2779.446533203125,0.044809053837385246,0.004579542175191652,7
444.5570068359375,1.4595001935958862,0.0341191366314888,2779.446533203125,0.0448473539126631,0.004522632168292763,7
444.7860107421875,1.4595001935958862,0.03396337851881981,2779.446533203125,0.044819920706296736,0.004610612524037412,7
445.0150146484375,1.4594956636428833,0.034042004495859146,2779.446533203125,0.04483363520568182,0.004537282776449986,7
445.2440185546875,1.4594981670379639,0.03401815518736839,2779.446533203125,0.04486411974132036,0.00458751266261624,7
445.4729919433594,1.4594966173171997,0.034230925142765045,2779.446533203125,0.044941453556980225,0.004633677798588159,7
445.7019958496094,1.4594932794570923,0.03434159234166145,2779.446533203125,0.04484915955518652,0.0045982384734301815,7
445.9309997558594,1.4594950675964355,0.034659069031476974,2779.446533203125,0.044844341476148596,0.004530185848331423,7
446.1600036621094,1.4594999551773071,0.035042498260736465,2779.446533203125,0.044837484168344745,0.004541129542948326,7
446.3890075683594,1.4594961404800415,0.035033926367759705,2779.446533203125,0.04462464274578278,0.004546343712579569,7
446.6180114746094,1.4595041275024414,0.0349765419960022,2779.446533203125,0.04494758247492675,0.004668579333024956,7
446.8470153808594,1.4594932794570923,0.0348070003092289,2779.446533203125,0.04481046231404792,0.004683026231818618,7
447.0760192871094,1.4595013856887817,0.03463857248425484,2779.446533203125,0.04481206584137498,0.004441714059288041,7
447.30499267578125,1.4594966173171997,0.034567028284072876,2779.446533203125,0.04487651231686213,0.0046000420922797875,7
447.53399658203125,1.4597954750061035,0.03514459729194641,2779.446533203125,0.044733290650202484,0.004693177722510446,7
447.76300048828125,1.459496259689331,0.03444667160511017,2779.446533203125,0.04480553155971087,0.0046921817798565016,7
447.99200439453125,1.4597995281219482,0.035001881420612335,2779.446533203125,0.04496636993287225,0.004594092660544746,7
448.22100830078125,1.4594976902008057,0.03423465043306351,2779.446533203125,0.0448636201272425,0.004660948696227,7
448.45001220703125,1.4594886302947998,0.033999525010585785,2779.446533203125,0.04480812344303203,0.004622019992149292,7
448.67901611328125,1.459488034248352,0.033963751047849655,2779.446533203125,0.04496184503882584,0.004667882843391502,7
448.90802001953125,1.459503173828125,0.03392462804913521,2779.446533203125,0.04488598009710135,0.004462565443104937,7
449.1369934082031,1.4595009088516235,0.033765144646167755,2779.446533203125,0.04484462805744051,0.004637925870911139,7
449.3659973144531,1.4594955444335938,0.033879540860652924,2779.446533203125,0.04477910035628217,0.0046940441736561846,7
449.5950012207031,1.4594985246658325,0.0341094471514225,2779.446533203125,0.04477314596850459,0.00463001247756612,7
449.8240051269531,1.4598050117492676,0.03511478751897812,2779.446533203125,0.044793020772298,0.004479791474962807,7
450.0530090332031,1.4598037004470825,0.0353972353041172,2779.446533203125,0.044747481324017284,0.00459607735534462,7
405.39801025390625,1.4609220027923584,0.20349253714084625,1998.19677734375,0.04611202463265365,0.005371531100978123,8
405.62701416015625,1.4595012664794922,0.06139257550239563,1998.19677734375,0.045935067758680545,0.005280895426162361,8
405.85601806640625,1.459491491317749,0.053583499044179916,1998.19677734375,0.0459251428681466,0.005276049707572964,8
406.0849914550781,1.4595001935958862,0.05003724247217178,1998.19677734375,0.04596528894228896,0.00540249291914712,8
406.3139953613281,1.4594967365264893,0.048339568078517914,1998.19677734375,0.0459518423508325,0.005349673964943793,8
406.5429992675781,1.4595003128051758,0.04714754596352577,1998.19677734375,0.045874257605884275,0.00550902499920744,8
406.7720031738281,1.4594975709915161,0.046075135469436646,1998.19677734375,0.04594922982339705,0.005437689298246435,8
407.0010070800781,1.459489345550537,0.04498409479856491,1998.19677734375,0.04592175857101722,0.00549989652210696,8
407.2300109863281,1.459489345550537,0.04425002634525299,1998.19677734375,0.04590316834808017,0.005617541059526155,8
407.4590148925781,1.4595043659210205,0.0434693768620491,1998.19677734375,0.046048794233460554,0.00531431116054536,8
407.6880187988281,1.4594933986663818,0.04289628192782402,1998.19677734375,0.04577045532466741,0.005359247608425084,8
407.9169921875,1.4594926834106445,0.04238579049706459,1998.19677734375,0.046085922388989314,0.005450102621168263,8
408.14599609375,1.4595015048980713,0.04174860194325447,1998.19677734375,0.04596323627370438,0.005564711531072572,8
408.375,1.459801197052002,0.042091045528650284,1998.19677734375,0.045994931913169945,0.00532754396692538,8
408.60400390625,1.4594920873641968,0.04083157703280449,1998.19677734375,0.045857530429743706,0.005499256532441804,8
408.8330078125,1.459490180015564,0.0403754860162735,1998.19677734375,0.046136299944495016,0.005344899442604215,8
409.06201171875,1.4594926834106445,0.04009266197681427,1998.19677734375,0.045985134895474795,0.005350513439699026,8
409.291015625,1.459493637084961,0.03980984166264534,1998.19677734375,0.04588926311073729,0.005383496756060097,8
409.5199890136719,1.459491491317749,0.03957732394337654,1998.19677734375,0.045964092552575816,0.005438063670591367,8
409.7489929199219,1.4594923257827759,0.039509136229753494,1998.19677734375,0.04613238037318937,0.005495365813031389,8
409.9779968261719,1.4594945907592773,0.03950093686580658,1998.19677734375,0.04599087590808005,0.005444095490444821,8
410.2070007324219,1.4594910144805908,0.03961309790611267,1998.19677734375,0.04611692207195955,0.005466104230697043,8
410.4360046386719,1.4594968557357788,0.03992721810936928,1998.19677734375,0.045923513707369266,0.00549614780155771,8
410.6650085449219,1.459802269935608,0.040710847824811935,1998.19677734375,0.04593940007381085,0.0054252275376564406,8
410.8940124511719,1.4594961404800415,0.03972749412059784,1998.19677734375,0.0460625106480507,0.0054242554242704185,8
411.1230163574219,1.4594920873641968,0.039526648819446564,1998.19677734375,0.0460274118643273,0.005377358637065329,8
411.35198974609375,1.4594860076904297,0.03932878375053406,1998.19677734375,0.04596292885650045,0.005445718301174378,8
411.58099365234375,1.4594961404800415,0.03907502815127373,1998.19677734375,0.04586555485856422,0.005348451038494172,8
411.80999755859375,1.459486722946167,0.03882276266813278,1998.19677734375,0.04601284729113401,0.005436504182220559,8
412.03900146484375,1.4594848155975342,0.038492992520332336,1998.19677734375,0.04606763843128098,0.00561071284398912,8
412.26800537109375,1.4594844579696655,0.03834617882966995,1998.19677734375,0.04604333261129332,0.005505132008427082,8
412.49700927734375,1.4594844579696655,0.038144588470458984,1998.19677734375,0.04599366564678823,0.00539350265522348,8
412.72601318359375,1.4594815969467163,0.037961628288030624,1998.19677734375,0.046125628306419635,0.005508167546525499,8
412.95501708984375,1.4594848155975342,0.03775743022561073,1998.19677734375,0.04599412273980033,0.0054679962176695344,8
413.1839904785156,1.4594889879226685,0.037766747176647186,1998.19677734375,0.04600938005358853,0.005571893215342139,8
413.4129943847656,1.4594908952713013,0.037617698311805725,1998.19677734375,0.04602586919469105,0.005363297136334714,8
413.6419982910156,1.4594889879226685,0.03752603381872177,1998.19677734375,0.046102479376757065,0.005480755543569821,8
413.8710021972656,1.4594892263412476,0.037758179008960724,1998.19677734375,0.046125833024000376,0.005467907588669368,8
414.1000061035156,1.4594835042953491,0.0377555675804615,1998.19677734375,0.046139640292625864,0.005455902091374493,8
414.3290100097656,1.4594804048538208,0.03801044449210167,1998.19677734375,0.04603817597360624,0.005590527872213219,8
414.5580139160156,1.459484338760376,0.03830369934439659,1998.19677734375,0.04592927020970808,0.0054035470712618175,8
414.7870178222656,1.4594900608062744,0.038286931812763214,1998.19677734375,0.04599169634414539,0.005287541447762946,8
415.0159912109375,1.459492802619934,0.03804323449730873,1998.19677734375,0.04612560368393306,0.00557858709656552,8
415.2449951171875,1.4594817161560059,0.03801752254366875,1998.19677734375,0.04602706926002515,0.0055072390692725934,8
415.4739990234375,1.4594826698303223,0.037809599190950394,1998.19677734375,0.04599049622005967,0.005580465407215159,8
415.7030029296875,1.4594874382019043,0.03758230060338974,1998.19677734375,0.04593153543680902,0.0054364965074545305,8
415.9320068359375,1.4594817161560059,0.03751001134514809,1998.19677734375,0.0460144712882366,0.005357849165855816,8
416.1610107421875,1.459478735923767,0.03731624409556389,1998.19677734375,0.04597204415445704,0.0055007441356508865,8
416.3900146484375,1.459482192993164,0.037154898047447205,1998.19677734375,0.04614581892616747,0.005518395617071674,8
416.6190185546875,1.4594749212265015,0.036870960146188736,1998.19677734375,0.0461172043106433,0.005621218567315062,8
416.8479919433594,1.4594823122024536,0.036702536046504974,1998.19677734375,0.046029758245935984,0.005512703617112519,8
417.0769958496094,1.459490180015564,0.036537833511829376,1998.19677734375,0.04595394149514847,0.005439226276376186,8
417.3059997558594,1.459478735923767,0.03642828390002251,1998.19677734375,0.046007481189831445,0.005268396226810969,8
417.5350036621094,1.4594814777374268,0.03648306056857109,1998.19677734375,0.046140650672857816,0.005626755874151039,8
417.7640075683594,1.4594827890396118,0.03654901310801506,1998.19677734375,0.04607848411542381,0.005469474778249977,8
417.9930114746094,1.459484577178955,0.036668624728918076,1998.19677734375,0.04615057730997639,0.005523819535071257,8
418.2220153808594,1.4594930410385132,0.03691008687019348,1998.19677734375,0.046188416980788634,0.005510951509263377,8
418.4510192871094,1.459783673286438,0.037915050983428955,1998.19677734375,0.0460463162408134,0.005614643380726126,8
418.67999267578125,1.4594820737838745,0.03737810254096985,1998.19677734375,0.046077347712326515,0.005602293829012503,8
418.90899658203125,1.4594736099243164,0.03716868534684181,1998.19677734375,0.04616099418010724,0.0054005685472077606,8
419.13800048828125,1.4594839811325073,0.03709304332733154,1998.19677734375,0.04605315011509047,0.005469998755724061,8
419.36700439453125,1.4594916105270386,0.03691530227661133,1998.19677734375,0.04616908775730056,0.005443617823003116,8
419.59600830078125,1.4594807624816895,0.03682512789964676,1998.19677734375,0.04604390373019252,0.005443799505362957,8
419.82501220703125,1.4594796895980835,0.03669806197285652,1998.19677734375,0.04603909543847103,0.0056865780298843436,8
420.05401611328125,1.4594910144805908,0.036773331463336945,1998.19677734375,0.046057811970623974,0.005489956439575494,8
420.2829895019531,1.4594862461090088,0.036628756672143936,1998.19677734375,0.04611162056001625,0.005472431136431431,8
420.5119934082031,1.4594838619232178,0.03641859441995621,1998.19677734375,0.04615575288160661,0.005473616460333249,8
420.7409973144531,1.4597933292388916,0.03701293095946312,1998.19677734375,0.046055239583708246,0.005597654458494883,8
420.9700012207031,1.4594886302947998,0.03617601841688156,1998.19677734375,0.046207480915909725,0.005609443652440744,8
421.1990051269531,1.4594923257827759,0.03605677932500839,1998.19677734375,0.04615358800440059,0.005471249363203904,8
421.4280090332031,1.4594926834106445,0.03601802513003349,1998.19677734375,0.04618802882778356,0.00542244607974562,8
421.6570129394531,1.4594846963882446,0.03595803305506706,1998.19677734375,0.04591592554450674,0.005509947465770408,8
421.8860168457031,1.4594979286193848,0.03618645295500755,1998.19677734375,0.04619243674405029,0.005538495610375148,8
422.114990234375,1.459486961364746,0.036486413329839706,1998.19677734375,0.04611609913647926,0.005533778850101754,8
422.343994140625,1.4594861268997192,0.036726754158735275,1998.19677734375,0.046010402782214625,0.0055544398443991665,8
422.572998046875,1.4594831466674805,0.03710981085896492,1998.19677734375,0.045970786457372605,0.005456535556797144,8
422.802001953125,1.4594827890396118,0.03693952411413193,1998.19677734375,0.046067034172145506,0.005319621139222717,8
423.031005859375,1.459479570388794,0.036856427788734436,1998.19677734375,0.04620152559366338,0.0055290935830791706,8
423.260009765625,1.4594924449920654,0.03674054145812988,1998.19677734375,0.04608710981491412,0.005572699584594172,8
423.489013671875,1.4594826698303223,0.036552365869283676,1998.19677734375,0.046247987341572795,0.005543995724485783,8
423.718017578125,1.459497094154358,0.03645436838269234,1998.19677734375,0.046181067022499765,0.005587903578514046,8
423.9469909667969,1.4594889879226685,0.03649871051311493,1998.19677734375,0.0462033502847888,0.005526666641464753,8
424.1759948730469,1.4594873189926147,0.03633512929081917,1998.19677734375,0.04607499822676857,0.005423865995361879,8
424.4049987792969,1.4594919681549072,0.036243461072444916,1998.19677734375,0.04610666856745818,0.005431762451598033,8
424.6340026855469,1.4594814777374268,0.03601839765906334,1998.19677734375,0.04617871715917302,0.005577330972970517,8
424.8630065917969,1.4594818353652954,0.0358089841902256,1998.19677734375,0.04610696098063946,0.005455816527748038,8
425.0920104980469,1.4594841003417969,0.03568489849567413,1998.19677734375,0.04609878678418536,0.005574379161002175,8
425.3210144042969,1.4594879150390625,0.03567223250865936,1998.19677734375,0.046332325312956266,0.005614208646446455,8
425.5500183105469,1.459489107131958,0.03558466583490372,1998.19677734375,0.04619652979370822,0.005456810635909524,8
425.77899169921875,1.459489345550537,0.035740792751312256,1998.19677734375,0.04622801351189408,0.005639887199005452,8
426.00799560546875,1.4594966173171997,0.03602249547839165,1998.19677734375,0.04615693786138831,0.005571272847370384,8
426.23699951171875,1.459492564201355,0.03633773699402809,1998.19677734375,0.046132511531859814,0.005479317612404938,8
426.46600341796875,1.4594820737838745,0.03664291650056839,1998.19677734375,0.04615740419252332,0.00536358931351573,8
426.69500732421875,1.4594818353652954,0.03676290065050125,1998.19677734375,0.04614775728025012,0.005607608310744434,8
426.92401123046875,1.459494948387146,0.036608632653951645,1998.19677734375,0.04608989403710605,0.005443278717112,8
427.15301513671875,1.4594987630844116,0.0365695096552372,1998.19677734375,0.045963816118533875,0.00548310927384533,8
427.38201904296875,1.4594842195510864,0.036309417337179184,1998.19677734375,0.046124071838977744,0.005495400760193415,8
427.6109924316406,1.4594905376434326,0.036104846745729446,1998.19677734375,0.04604006520873508,0.005435179025390879,8
427.8399963378906,1.459488034248352,0.03595617040991783,1998.19677734375,0.04608707693485752,0.005599454269757454,8
428.0690002441406,1.4594765901565552,0.03601914271712303,1998.19677734375,0.04619427814674015,0.005477378256367573,8
428.2980041503906,1.4594812393188477,0.03593903034925461,1998.19677734375,0.04621268053522544,0.005794505205578478,8
428.5270080566406,1.4594815969467163,0.035864878445863724,1998.19677734375,0.04611901594753305,0.005624262633631841,8
428.7560119628906,1.4594897031784058,0.035630498081445694,1998.19677734375,0.04625511606007446,0.005410422536492935,8
428.9850158691406,1.4594849348068237,0.03543412312865257,1998.19677734375,0.04619824150184137,0.0055345241949336784,8
429.2140197753906,1.4594817161560059,0.035348422825336456,1998.19677734375,0.04620714983604878,0.0054921040921250275,8
429.4429931640625,1.459481120109558,0.035195644944906235,1998.19677734375,0.046165687028348994,0.005504511635600205,8
429.6719970703125,1.4594857692718506,0.03508833050727844,1998.19677734375,0.04614622613074458,0.005543253360651827,8
429.9010009765625,1.4594892263412476,0.035395000129938126,1998.19677734375,0.04631739730661535,0.005538188741890164,8
430.1300048828125,1.4594900608062744,0.03559137135744095,1998.19677734375,0.04615879140402547,0.005398497337200228,8
430.3590087890625,1.459493637084961,0.03597480058670044,1998.19677734375,0.04610567350043456,0.005583903233291445,8
430.5880126953125,1.4594902992248535,0.03614732623100281,1998.19677734375,0.046113078141580596,0.0055819804905733305,8
430.8170166015625,1.4594758749008179,0.036040011793375015,1998.19677734375,0.0460412983034968,0.0057346761388040145,8
431.0459899902344,1.4594870805740356,0.03602920472621918,1998.19677734375,0.046195392307905835,0.00543883697409079,8
431.2749938964844,1.4594799280166626,0.03585667908191681,1998.19677734375,0.046224938297470104,0.005481930132220379,8
431.5039978027344,1.4594837427139282,0.03567856550216675,1998.19677734375,0.04620721853970854,0.005563960469629903,8
431.7330017089844,1.459479570388794,0.03551088646054268,1998.19677734375,0.046193399724700455,0.00561973728378685,8
431.9620056152344,1.459494709968567,0.03533836081624031,1998.19677734375,0.04617054273114092,0.005435425815800349,8
432.1910095214844,1.4594792127609253,0.035296253859996796,1998.19677734375,0.0462121154924573,0.005637690435020726,8
432.4200134277344,1.4594770669937134,0.03524259477853775,1998.19677734375,0.04618547945842075,0.005611242297967569,8
432.6490173339844,1.4594744443893433,0.03520272672176361,1998.19677734375,0.046301904032543834,0.005458971274250764,8
432.87799072265625,1.4594879150390625,0.034868109971284866,1998.19677734375,0.0462137605690934,0.005694470247483325,8
433.10699462890625,1.4594810009002686,0.03482116013765335,1998.19677734375,0.046202837814528615,0.005609260045275221,8
433.33599853515625,1.4594848155975342,0.03479321300983429,1998.19677734375,0.046195283659037384,0.005509481541321068,8
433.56500244140625,1.4594765901565552,0.034699682146310806,1998.19677734375,0.04639194218899551,0.005744550024472402,8
433.79400634765625,1.4594839811325073,0.034868109971284866,1998.19677734375,0.046240589895475935,0.005526765620765919,8
434.02301025390625,1.4594773054122925,0.03502871096134186,1998.19677734375,0.04618880016727393,0.005599359422767097,8
434.25201416015625,1.459478497505188,0.03528432920575142,1998.19677734375,0.046191561300243024,0.005499314718839803,8
434.48101806640625,1.4594827890396118,0.0355909988284111,1998.19677734375,0.0461247806705307,0.0055013462599842414,8
434.7099914550781,1.459486484527588,0.03559808060526848,1998.19677734375,0.046066965626276137,0.005600092514598861,8
434.9389953613281,1.459486961364746,0.03563683107495308,1998.19677734375,0.04609819498837086,0.005519824059755193,8
435.1679992675781,1.4594773054122925,0.03543822467327118,1998.19677734375,0.046056466564384196,0.005544479505065832,8
435.3970031738281,1.4594838619232178,0.03529811650514603,1998.19677734375,0.04604047817654078,0.0054587299301323364,8
435.6260070800781,1.4594844579696655,0.03520607948303223,1998.19677734375,0.04608181829826848,0.00562730302279522,8
435.8550109863281,1.4594926834106445,0.034988466650247574,1998.19677734375,0.046317138308885696,0.005489644911170262,8
436.0840148925781,1.459484577178955,0.03480476513504982,1998.19677734375,0.046337844383603284,0.005528590590927323,8
436.3130187988281,1.4594902992248535,0.034702666103839874,1998.19677734375,0.04620798902248409,0.005492963566607376,8
436.5419921875,1.459482192993164,0.03467769920825958,1998.19677734375,0.04633344288177365,0.0055626524483091515,8
436.77099609375,1.4594835042953491,0.034413136541843414,1998.19677734375,0.046278109162212276,0.005598165119062484,8
437.0,1.4594814777374268,0.0344485342502594,1998.19677734375,0.046276379092310284,0.005607276963233933,8
437.22900390625,1.459486722946167,0.03432668745517731,1998.19677734375,0.04632983396387108,0.005527501826740506,8
437.4580078125,1.459486484527588,0.03429240733385086,1998.19677734375,0.046250768519997924,0.005583343854814373,8
437.68701171875,1.459481954574585,0.03433488681912422,1998.19677734375,0.04636479621897319,0.005589928679857969,8
437.916015625,1.4594871997833252,0.034531258046627045,1998.19677734375,0.0462819076172313,0.005584438477058337,8
438.14501953125,1.4594820737838745,0.03474290668964386,1998.19677734375,0.04627283161782622,0.005640070394411213,8
438.3739929199219,1.4594897031784058,0.03503653407096863,1998.19677734375,0.04631479616338191,0.005531082130124684,8
438.6029968261719,1.4594807624816895,0.03538866341114044,1998.19677734375,0.04612407222334493,0.005476586698906714,8
438.8320007324219,1.4594860076904297,0.03538866341114044,1998.19677734375,0.046181959514964385,0.005434693505393028,8
439.0610046386719,1.459472417831421,0.03514832258224487,1998.19677734375,0.04621998424401808,0.005496456960087318,8
439.2900085449219,1.4594777822494507,0.03507901355624199,1998.19677734375,0.04616087072568606,0.005505075904110649,8
439.5190124511719,1.4594767093658447,0.034921396523714066,1998.19677734375,0.04624987474812326,0.005513643790710885,8
439.7480163574219,1.4594756364822388,0.03474178910255432,1998.19677734375,0.0462636969989103,0.005544771254717243,8
439.9770202636719,1.4594794511795044,0.03467583656311035,1998.19677734375,0.04624975594761172,0.005435013975361507,8
440.20599365234375,1.4594831466674805,0.034594230353832245,1998.19677734375,0.04632470743731629,0.00553856150228734,8
440.43499755859375,1.4594701528549194,0.03441388159990311,1998.19677734375,0.04626514648097655,0.005618962519539813,8
440.66400146484375,1.4594734907150269,0.034394506365060806,1998.19677734375,0.04621497804550772,0.0056355347916398095,8
440.89300537109375,1.459485650062561,0.03429538756608963,1998.19677734375,0.04626797426921619,0.005608280321567418,8
441.12200927734375,1.4594764709472656,0.034107957035303116,1998.19677734375,0.04621020976241147,0.00552707367082375,8
441.35101318359375,1.459474802017212,0.033987972885370255,1998.19677734375,0.046157108894067884,0.005647163686163765,8
441.58001708984375,1.4594758749008179,0.034055791795253754,1998.19677734375,0.04626840037156473,0.005651195962945365,8
441.8089904785156,1.4594855308532715,0.03423353284597397,1998.19677734375,0.04630790185914077,0.005594288937107295,8
442.0379943847656,1.4594862461090088,0.03454653546214104,1998.19677734375,0.04618200854471813,0.005473952724479753,8
442.2669982910156,1.4594851732254028,0.03474849835038185,1998.19677734375,0.04628911755554631,0.005507442765251417,8
442.4960021972656,1.459483027458191,0.03516918793320656,1998.19677734375,0.04617305097889049,0.0055365090428879365,8
442.7250061035156,1.459490418434143,0.03525153920054436,1998.19677734375,0.04619652644235548,0.005499922596847646,8
442.9540100097656,1.459484577178955,0.03535103052854538,1998.19677734375,0.046183204833892516,0.005581190960497992,8
443.1830139160156,1.4594883918762207,0.03514944016933441,1998.19677734375,0.04610712860826082,0.005478053018795664,8
443.4120178222656,1.4594835042953491,0.03505628556013107,1998.19677734375,0.04622021006492194,0.005536010284276717,8
443.6409912109375,1.4594895839691162,0.034948594868183136,1998.19677734375,0.04623076642672541,0.005564031194800351,8
443.8699951171875,1.459479570388794,0.034933317452669144,1998.19677734375,0.04609563455133102,0.005521340117411546,8
444.0989990234375,1.45948326587677,0.03481333330273628,1998.19677734375,0.04628056646996068,0.00573094361842365,8
444.3280029296875,1.4594852924346924,0.034675464034080505,1998.19677734375,0.04620378862806496,0.005464330805613046,8
444.5570068359375,1.4594820737838745,0.034681424498558044,1998.19677734375,0.046267274984453134,0.005491643577822269,8
444.7860107421875,1.459489107131958,0.03459497541189194,1998.19677734375,0.046062763736063536,0.005452795801597181,8
445.0150146484375,1.4594773054122925,0.034314390271902084,1998.19677734375,0.0462712469797947,0.005450235432608257,8
445.2440185546875,1.4594871997833252,0.03421974554657936,1998.19677734375,0.04623578324096661,0.005457640094602533,8
445.4729919433594,1.4594866037368774,0.03417503088712692,1998.19677734375,0.04640219226310584,0.0056304442687900936,8
445.7019958496094,1.4594792127609253,0.034184716641902924,1998.19677734375,0.04623525454431255,0.005658594399856737,8
445.9309997558594,1.4594782590866089,0.03437400981783867,1998.19677734375,0.04621678551497058,0.00552957159882888,8
446.1600036621094,1.4594780206680298,0.034584544599056244,1998.19677734375,0.04619933495577293,0.0054387651261641355,8
446.3890075683594,1.4594792127609253,0.03505479544401169,1998.19677734375,0.046325641133249544,0.0055650574427579345,8
446.6180114746094,1.4594695568084717,0.035189684480428696,1998.19677734375,0.04623723026453331,0.005482119071053615,8
446.8470153808594,1.4594796895980835,0.03510994091629982,1998.19677734375,0.04623287356654278,0.005498604578921685,8
447.0760192871094,1.4594815969467163,0.03508833050727844,1998.19677734375,0.046136863813210194,0.005619601692055369,8
447.30499267578125,1.459483027458191,0.03501715883612633,1998.19677734375,0.046161125534712785,0.005565246303425097,8
447.53399658203125,1.4594711065292358,0.0348118431866169,1998.19677734375,0.04612709538860869,0.005662457113959363,8
447.76300048828125,1.4594700336456299,0.03468067944049835,1998.19677734375,0.04624368120873887,0.0056377257619340876,8
447.99200439453125,1.4594836235046387,0.034582678228616714,1998.19677734375,0.04634548381238106,0.005571801507193743,8
448.22100830078125,1.4594833850860596,0.034461576491594315,1998.19677734375,0.04628020042088828,0.005553028338943599,8
448.45001220703125,1.4594806432724,0.03443623706698418,1998.19677734375,0.04623497972211812,0.00557040382480785,8
448.67901611328125,1.4594863653182983,0.0342305488884449,1998.19677734375,0.04636803317447291,0.005571652713892995,8
448.90802001953125,1.459479808807373,0.034106094390153885,1998.19677734375,0.04631018030708982,0.005595729235444229,8
449.1369934082031,1.4594790935516357,0.03413441404700279,1998.19677734375,0.04637304097199702,0.005455375283059584,8
449.3659973144531,1.4594706296920776,0.0341336689889431,1998.19677734375,0.04624186063553932,0.005505364579200795,8
449.5950012207031,1.4594722986221313,0.034068457782268524,1998.19677734375,0.04620733104049065,0.005588007601098971,8
449.8240051269531,1.459476113319397,0.03424583002924919,1998.19677734375,0.046319072530819565,0.005777870548575606,8
450.0530090332031,1.459481954574585,0.03448319062590599,1998.19677734375,0.04630486593677116,0.005503035514444901,8
405.39801025390625,1.460932731628418,0.2030625343322754,1437.29931640625,0.047639654049984805,0.005966854402899223,9
405.62701416015625,1.459488034248352,0.06107137352228165,1437.29931640625,0.047495423259354186,0.00597748775110331,9
405.85601806640625,1.4594862461090088,0.05320454388856888,1437.29931640625,0.047502323195869736,0.0062892425052637055,9
406.0849914550781,1.4594924449920654,0.049682505428791046,1437.29931640625,0.047532672488954354,0.006223071429778978,9
406.3139953613281,1.459492802619934,0.04773778095841408,1437.29931640625,0.04744077278158399,0.0062280875197770705,9
406.5429992675781,1.4594852924346924,0.0466657429933548,1437.29931640625,0.04750008329926485,0.006062229340542435,9
406.7720031738281,1.4594866037368774,0.04575728625059128,1437.29931640625,0.047386000284026376,0.0061782104121241785,9
407.0010070800781,1.4594907760620117,0.04487156122922897,1437.29931640625,0.04746389277671214,0.006124504102289079,9
407.2300109863281,1.4594879150390625,0.0440458282828331,1437.29931640625,0.04732557657015063,0.006080056734192133,9
407.4590148925781,1.459493637084961,0.043166808784008026,1437.29931640625,0.04732138199316359,0.006206701278187192,9
407.6880187988281,1.459487795829773,0.0426514707505703,1437.29931640625,0.04751968846643668,0.006074564773815807,9
407.9169921875,1.4594929218292236,0.04217302054166794,1437.29931640625,0.047375970710078014,0.006075669602922298,9
408.14599609375,1.4594835042953491,0.041571978479623795,1437.29931640625,0.047486838822690294,0.006080198297360072,9
408.375,1.4594879150390625,0.04113377258181572,1437.29931640625,0.04737852252311709,0.0061208899335536155,9
408.60400390625,1.4594933986663818,0.0406855084002018,1437.29931640625,0.04746660004572431,0.0061310836837073154,9
408.8330078125,1.4594790935516357,0.04014222323894501,1437.29931640625,0.047405537079883424,0.006145128135794476,9
409.06201171875,1.4594868421554565,0.039676815271377563,1437.29931640625,0.04729967302388287,0.006179800548335472,9
409.291015625,1.459473729133606,0.03947858139872551,1437.29931640625,0.04743861390431423,0.00619696705661393,9
409.5199890136719,1.4594858884811401,0.03921811655163765,1437.29931640625,0.047420366339751316,0.006062896585078588,9
409.7489929199219,1.4594810009002686,0.03894200176000595,1437.29931640625,0.04752047199289508,0.00609675181449013,9
409.9779968261719,1.4594871997833252,0.039066459983587265,1437.29931640625,0.047552926826876146,0.00613185184514429,9
410.2070007324219,1.4594933986663818,0.039020996540784836,1437.29931640625,0.047470503288611035,0.0061591656386122485,9
410.4360046386719,1.4594860076904297,0.03911415487527847,1437.29931640625,0.04731048177329701,0.006145181940699304,9
410.6650085449219,1.4594875574111938,0.03947671502828598,1437.29931640625,0.04745082155633674,0.006130029050579772,9
410.8940124511719,1.4594817161560059,0.0395326092839241,1437.29931640625,0.04738724660930694,0.006231470358116714,9
411.1230163574219,1.4594831466674805,0.039357103407382965,1437.29931640625,0.04745575474451006,0.006102784768940024,9
411.35198974609375,1.4594835042953491,0.03901689872145653,1437.29931640625,0.04744387791921063,0.006068845744422307,9
411.58099365234375,1.459490180015564,0.0388358049094677,1437.29931640625,0.04729461394824189,0.006215761801627128,9
411.80999755859375,1.4594802856445312,0.03874190151691437,1437.29931640625,0.047443521342029095,0.006198214981764034,9
412.03900146484375,1.4594897031784058,0.03860440477728844,1437.29931640625,0.04744573959452902,0.006111146190185697,9
412.26800537109375,1.4594799280166626,0.038584284484386444,1437.29931640625,0.047361493667030186,0.006041893728796414,9
412.49700927734375,1.4594850540161133,0.03833388164639473,1437.29931640625,0.047419732076409225,0.006273165370913832,9
412.72601318359375,1.459485650062561,0.038076769560575485,1437.29931640625,0.04736841389239693,0.006267083185949433,9
412.95501708984375,1.4594858884811401,0.03792697563767433,1437.29931640625,0.047516896779243104,0.0061520171579797795,9
413.1839904785156,1.4594805240631104,0.03780214488506317,1437.29931640625,0.04743966581928321,0.006107200471388307,9
413.4129943847656,1.4594825506210327,0.03758528083562851,1437.29931640625,0.04757310428802524,0.006152906929854065,9
413.6419982910156,1.4594899415969849,0.0374261699616909,1437.29931640625,0.047508845437095375,0.006291529451639238,9
413.8710021972656,1.4594831466674805,0.03745672479271889,1437.29931640625,0.047510051347814566,0.006239132695584626,9
414.1000061035156,1.4594789743423462,0.03744703531265259,1437.29931640625,0.04763663652272658,0.0061388155897832255,9
414.3290100097656,1.459483027458191,0.037761904299259186,1437.29931640625,0.04757133575071353,0.006237352473578236,9
414.5580139160156,1.4594753980636597,0.03796945512294769,1437.29931640625,0.0473631850472517,0.006041056574558212,9
414.7870178222656,1.4594826698303223,0.03809726610779762,1437.29931640625,0.047346481153080676,0.006120738660546517,9
415.0159912109375,1.4594833850860596,0.03828059509396553,1437.29931640625,0.047518892576126195,0.00616733908161964,9
415.2449951171875,1.45948326587677,0.03800820931792259,1437.29931640625,0.04737432782952926,0.005923791016190598,9
415.4739990234375,1.4594740867614746,0.03772836551070213,1437.29931640625,0.04748625511915668,0.006279661783130678,9
415.7030029296875,1.4594810009002686,0.037793949246406555,1437.29931640625,0.04750621023659279,0.006244622530031859,9
415.9320068359375,1.4594783782958984,0.037559568881988525,1437.29931640625,0.047559734778186744,0.006143395993416821,9
416.1610107421875,1.4594805240631104,0.037497714161872864,1437.29931640625,0.04752971167985786,0.006190943356766255,9
416.3900146484375,1.4594842195510864,0.03746827691793442,1437.29931640625,0.04742317017035394,0.0062256874895783906,9
416.6190185546875,1.4594740867614746,0.03729798644781113,1437.29931640625,0.0473885325046732,0.006296504073309824,9
416.8479919433594,1.459474802017212,0.03702261671423912,1437.29931640625,0.04745921501993959,0.006137015022434951,9
417.0769958496094,1.4594862461090088,0.03696076199412346,1437.29931640625,0.04754281610405215,0.0061526659983267,9
417.3059997558594,1.459484338760376,0.036709241569042206,1437.29931640625,0.04764327404179451,0.006114637246610017,9
417.5350036621094,1.4594826698303223,0.036628756672143936,1437.29931640625,0.04754818160616217,0.006249168016454049,9
417.7640075683594,1.4594770669937134,0.03663993254303932,1437.29931640625,0.04745290398753676,0.006308977449742022,9
417.9930114746094,1.4594788551330566,0.03656764328479767,1437.29931640625,0.04764117286692422,0.006128315220608654,9
418.2220153808594,1.4594764709472656,0.03684413060545921,1437.29931640625,0.04751786724117277,0.006163894042075542,9
418.4510192871094,1.4594720602035522,0.0371362678706646,1437.29931640625,0.04753804097771065,0.006161788755375901,9
418.67999267578125,1.4594805240631104,0.03731773793697357,1437.29931640625,0.047360563519629216,0.006231769451742145,9
418.90899658203125,1.4594799280166626,0.03757782652974129,1437.29931640625,0.04744725929961401,0.006091176362616895,9
419.13800048828125,1.459477186203003,0.03749994933605194,1437.29931640625,0.04753254213468598,0.0061729544773453755,9
419.36700439453125,1.4594733715057373,0.03721265494823456,1437.29931640625,0.04747029368106871,0.006103814607375671,9
419.59600830078125,1.4594773054122925,0.03717092424631119,1437.29931640625,0.04758422979614971,0.006201378920481343,9
419.82501220703125,1.459479808807373,0.03717837482690811,1437.29931640625,0.0474901784538506,0.006268808024375306,9
420.05401611328125,1.4594740867614746,0.03698163107037544,1437.29931640625,0.04758838215940986,0.006195498921472479,9
420.2829895019531,1.4594708681106567,0.03684226796030998,1437.29931640625,0.04760804598223343,0.006233828458960462,9
420.5119934082031,1.4594827890396118,0.036811713129282,1437.29931640625,0.0474422804121522,0.006201660175642763,9
420.7409973144531,1.4594743251800537,0.03663620725274086,1437.29931640625,0.04747030224840302,0.006253376480066023,9
420.9700012207031,1.4594793319702148,0.03641561418771744,1437.29931640625,0.04760354642441117,0.006109988445943914,9
421.1990051269531,1.4594746828079224,0.03617192059755325,1437.29931640625,0.047612118363824764,0.006267344321268587,9
421.4280090332031,1.4594752788543701,0.03608435392379761,1437.29931640625,0.047454178466966826,0.006296614395477328,9
421.6570129394531,1.4594755172729492,0.035847362130880356,1437.29931640625,0.04766017172551812,0.006201430487978992,9
421.8860168457031,1.4594782590866089,0.03600945323705673,1437.29931640625,0.047684236995740634,0.006070654722652969,9
422.114990234375,1.4594839811325073,0.03593754023313522,1437.29931640625,0.04760886039076477,0.006294085170518206,9
422.343994140625,1.4594848155975342,0.03600163012742996,1437.29931640625,0.04760874910899543,0.006226404607778541,9
422.572998046875,1.4594732522964478,0.03659931942820549,1437.29931640625,0.04750597345577044,0.006284392748206718,9
422.802001953125,1.4594805240631104,0.03681767359375954,1437.29931640625,0.04742721513738895,0.006079379518504563,9
423.031005859375,1.459477424621582,0.036663781851530075,1437.29931640625,0.047442046799111584,0.0062922364805889815,9
423.260009765625,1.4594743251800537,0.03663546219468117,1437.29931640625,0.04758385514047105,0.006117881725078005,9
423.489013671875,1.4594764709472656,0.03648343309760094,1437.29931640625,0.047514882602519556,0.006152137927189347,9
423.718017578125,1.4594701528549194,0.036348916590213776,1437.29931640625,0.04755754449484421,0.0061398392053888294,9
423.9469909667969,1.4594814777374268,0.03631463274359703,1437.29931640625,0.04766265545482481,0.006122282218756895,9
424.1759948730469,1.4594711065292358,0.03631537780165672,1437.29931640625,0.0476760788816822,0.006065544400542988,9
424.4049987792969,1.4594876766204834,0.03607354685664177,1437.29931640625,0.047652338251668896,0.006274819476056521,9
424.6340026855469,1.459472894668579,0.03604932501912117,1437.29931640625,0.047600491741234555,0.0063229520033782965,9
424.8630065917969,1.4594775438308716,0.03601131960749626,1437.29931640625,0.047581943781630956,0.006320066831247781,9
425.0920104980469,1.4594807624816895,0.0356927253305912,1437.29931640625,0.0476474969998527,0.006135318566306816,9
425.3210144042969,1.4594701528549194,0.03563981130719185,1437.29931640625,0.0475738855475601,0.006150097550111003,9
425.5500183105469,1.4594712257385254,0.03532308340072632,1437.29931640625,0.04755989870898506,0.006284785608313562,9
425.77899169921875,1.4594824314117432,0.035224709659814835,1437.29931640625,0.04777750047132576,0.006042139026537811,9
426.00799560546875,1.459475040435791,0.035339850932359695,1437.29931640625,0.04756684401698986,0.006203384877610671,9
426.23699951171875,1.4594814777374268,0.03543151542544365,1437.29931640625,0.04765967778426287,0.006387732323276446,9
426.46600341796875,1.4594841003417969,0.03567372262477875,1437.29931640625,0.04769809774099052,0.006198426369880241,9
426.69500732421875,1.459477186203003,0.0361868254840374,1437.29931640625,0.04759215034587678,0.0063082074093939134,9
426.92401123046875,1.4594794511795044,0.03637685999274254,1437.29931640625,0.047479307101674716,0.006120209594588492,9
427.15301513671875,1.459476351737976,0.03610633686184883,1437.29931640625,0.047588191284220274,0.006223594828628463,9
427.38201904296875,1.4594799280166626,0.03595244511961937,1437.29931640625,0.04754242573929069,0.006243372647029682,9
427.6109924316406,1.4594697952270508,0.035863760858774185,1437.29931640625,0.047607450604937686,0.006175399147948318,9
427.8399963378906,1.4594719409942627,0.03564055636525154,1437.29931640625,0.04776906890084293,0.006149212915387474,9
428.0690002441406,1.4594727754592896,0.03577917441725731,1437.29931640625,0.047703160653184806,0.006283525009351165,9
428.2980041503906,1.4594755172729492,0.035456109791994095,1437.29931640625,0.047746019433737207,0.006231934162482624,9
428.5270080566406,1.4594743251800537,0.035282839089632034,1437.29931640625,0.04761633065186802,0.0063137459747417005,9
428.7560119628906,1.4594789743423462,0.03539201617240906,1437.29931640625,0.04753744259410018,0.006198595256638659,9
428.9850158691406,1.4594792127609253,0.035265326499938965,1437.29931640625,0.047786930855773034,0.006182033524536181,9
429.2140197753906,1.4594801664352417,0.035003744065761566,1437.29931640625,0.04773702585240368,0.006297069624324691,9
429.4429931640625,1.4594829082489014,0.03485916554927826,1437.29931640625,0.04774024209111332,0.006422122101646229,9
429.6719970703125,1.459487795829773,0.03476526588201523,1437.29931640625,0.04767029498669965,0.006321635840753911,9
429.9010009765625,1.4594802856445312,0.03480737283825874,1437.29931640625,0.04768500868250422,0.006037805923108153,9
430.1300048828125,1.4594794511795044,0.03500411659479141,1437.29931640625,0.04764495268860419,0.006317856136340309,9
430.3590087890625,1.4594879150390625,0.035084232687950134,1437.29931640625,0.04771092140779644,0.006117561194380086,9
430.5880126953125,1.4594807624816895,0.03539425507187843,1437.29931640625,0.047490282272528085,0.006208343084389691,9
430.8170166015625,1.4594815969467163,0.035854071378707886,1437.29931640625,0.04770685900382282,0.006132971592264257,9
431.0459899902344,1.4594745635986328,0.0358767993748188,1437.29931640625,0.04755475467677087,0.006257869274017979,9
431.2749938964844,1.4594779014587402,0.035614848136901855,1437.29931640625,0.04752257571991884,0.006260936913469374,9
431.5039978027344,1.459486961364746,0.035548146814107895,1437.29931640625,0.04757966315954184,0.00635595076119119,9
431.7330017089844,1.4594767093658447,0.03552914410829544,1437.29931640625,0.047677290424651256,0.006333003080450265,9
431.9620056152344,1.4594812393188477,0.03549933433532715,1437.29931640625,0.0474983706837123,0.006248277919765833,9
432.1910095214844,1.4594736099243164,0.035450518131256104,1437.29931640625,0.04759586048825592,0.006146156659533368,9
432.4200134277344,1.4594858884811401,0.03531525656580925,1437.29931640625,0.047731668756593626,0.006217081297842201,9
432.6490173339844,1.4594851732254028,0.03507417067885399,1437.29931640625,0.0476620906108031,0.006334493795584837,9
432.87799072265625,1.4594801664352417,0.03511441498994827,1437.29931640625,0.047810825067058284,0.006062022075944369,9
433.10699462890625,1.4594807624816895,0.03497616946697235,1437.29931640625,0.04771771023030485,0.006142295139997143,9
433.33599853515625,1.4594802856445312,0.03474961593747139,1437.29931640625,0.04778388210122432,0.006261371889041543,9
433.56500244140625,1.4594861268997192,0.03473060950636864,1437.29931640625,0.04780851140087415,0.006168588112070729,9
433.79400634765625,1.459476351737976,0.034747008234262466,1437.29931640625,0.0476573394074554,0.006393641801239136,9
434.02301025390625,1.4594777822494507,0.03464528173208237,1437.29931640625,0.04771935559697923,0.006125222799356142,9
434.25201416015625,1.4594780206680298,0.03486102819442749,1437.29931640625,0.04768215116588869,0.006233662889629969,9
434.48101806640625,1.4594831466674805,0.035197507590055466,1437.29931640625,0.04749219791381422,0.006209750928858793,9
434.7099914550781,1.459486484527588,0.03549523279070854,1437.29931640625,0.047700468036825594,0.006242980531068053,9
434.9389953613281,1.4594885110855103,0.035731106996536255,1437.29931640625,0.04765635637118246,0.006173245669556835,9
435.1679992675781,1.4594861268997192,0.035737067461013794,1437.29931640625,0.04762119714438616,0.0063115693577381745,9
435.3970031738281,1.4594829082489014,0.03550715744495392,1437.29931640625,0.04776275188099961,0.006376625862592506,9
435.6260070800781,1.4594842195510864,0.03543822467327118,1437.29931640625,0.04764742101024136,0.006264100322119899,9
435.8550109863281,1.4594942331314087,0.03546803444623947,1437.29931640625,0.047739004359695955,0.006251080427098378,9
436.0840148925781,1.4594773054122925,0.03527240455150604,1437.29931640625,0.04769793421765013,0.00617237032274398,9
436.3130187988281,1.4594781398773193,0.035153910517692566,1437.29931640625,0.04771826431974406,0.006312056305833947,9
436.5419921875,1.4594814777374268,0.03512261062860489,1437.29931640625,0.04761771778719955,0.006255904838675143,9
436.77099609375,1.459480881690979,0.034926239401102066,1437.29931640625,0.04771753456512154,0.006422646501388155,9
437.0,1.4594876766204834,0.03499741107225418,1437.29931640625,0.047682078431961976,0.006132716151805336,9
437.22900390625,1.459481120109558,0.03490648791193962,1437.29931640625,0.04755449495930722,0.006397106132354711,9
437.4580078125,1.4594826698303223,0.03469632938504219,1437.29931640625,0.04767335574765044,0.006320202732899401,9
437.68701171875,1.4594842195510864,0.03461919724941254,1437.29931640625,0.04771984278298897,0.006307379938093714,9
437.916015625,1.4594820737838745,0.034643419086933136,1437.29931640625,0.04768862173998654,0.0061146267806589895,9
438.14501953125,1.4594868421554565,0.03464788943529129,1437.29931640625,0.04768679772093024,0.0063872701278279214,9
438.3739929199219,1.4594852924346924,0.03491505980491638,1437.29931640625,0.04771887961468124,0.006351584732725594,9
438.6029968261719,1.4594725370407104,0.03526942431926727,1437.29931640625,0.047730956318331005,0.006212735469550321,9
438.8320007324219,1.459488868713379,0.03558093681931496,1437.29931640625,0.04760010863426324,0.006277790525973796,9
439.0610046386719,1.4594800472259521,0.03555895388126373,1437.29931640625,0.04776693122538513,0.006275513945140741,9
439.2900085449219,1.4594708681106567,0.0354456752538681,1437.29931640625,0.04753503574565323,0.006197961573864384,9
439.5190124511719,1.4594684839248657,0.03540356829762459,1437.29931640625,0.04768774223451784,0.006192635258935638,9
439.7480163574219,1.4594810009002686,0.03512633591890335,1437.29931640625,0.047602425121793565,0.006234956807722083,9
439.9770202636719,1.4594799280166626,0.035209059715270996,1437.29931640625,0.047703671124547216,0.006288345007127566,9
440.20599365234375,1.4594813585281372,0.03499778360128403,1437.29931640625,0.04769233066478358,0.006402410763903647,9
440.43499755859375,1.4594801664352417,0.034758929163217545,1437.29931640625,0.047821705158605954,0.006232159587500205,9
440.66400146484375,1.4594759941101074,0.034846123307943344,1437.29931640625,0.04767912656924103,0.0061397741354059,9
440.89300537109375,1.4594758749008179,0.034704528748989105,1437.29931640625,0.047578185943788834,0.0062828741170536835,9
441.12200927734375,1.4594788551330566,0.03459944948554039,1437.29931640625,0.04770548840180026,0.006375660652210069,9
441.35101318359375,1.4594804048538208,0.03455286845564842,1437.29931640625,0.04757676040608317,0.006383668619849765,9
441.58001708984375,1.4594719409942627,0.034484680742025375,1437.29931640625,0.047759704345482,0.006228804373012596,9
441.8089904785156,1.4594800472259521,0.03434420004487038,1437.29931640625,0.047704208630973494,0.006268274386424789,9
442.0379943847656,1.459483027458191,0.034371402114629745,1437.29931640625,0.047789583845081814,0.0064065874069920556,9
442.2669982910156,1.4594753980636597,0.03457895293831825,1437.29931640625,0.047869752745955084,0.006390969229077389,9
442.4960021972656,1.4594802856445312,0.03480289876461029,1437.29931640625,0.04766677963108651,0.0063034883929090815,9
442.7250061035156,1.4594752788543701,0.03516807034611702,1437.29931640625,0.047649823716895905,0.006087996242762212,9
442.9540100097656,1.459474802017212,0.035370033234357834,1437.29931640625,0.047674444612959006,0.006225406940583617,9
443.1830139160156,1.459483027458191,0.03531153127551079,1437.29931640625,0.04766871895655008,0.006123563617277195,9
443.4120178222656,1.4594855308532715,0.03518036752939224,1437.29931640625,0.04768423221735384,0.006172842595269541,9
443.6409912109375,1.4594736099243164,0.03519154712557793,1437.29931640625,0.047680854012052416,0.006295124832054677,9
443.8699951171875,1.4594755172729492,0.034945614635944366,1437.29931640625,0.047775301968694436,0.00607816796468561,9
444.0989990234375,1.4594825506210327,0.03488711267709732,1437.29931640625,0.04772048422048234,0.006300422173975005,9
444.3280029296875,1.4594800472259521,0.034852832555770874,1437.29931640625,0.047661140164891175,0.006152381962741398,9
444.5570068359375,1.4594825506210327,0.034541692584753036,1437.29931640625,0.04779934920496493,0.0064165801366329964,9
444.7860107421875,1.459487795829773,0.034464556723833084,1437.29931640625,0.047623703573087706,0.006357062387950649,9
445.0150146484375,1.4594883918762207,0.034477598965168,1437.29931640625,0.04780193568145667,0.00622172506990715,9
445.2440185546875,1.4594820737838745,0.0342450812458992,1437.29931640625,0.04769873956067863,0.006250631648376379,9
445.4729919433594,1.4594800472259521,0.03426035866141319,1437.29931640625,0.04777502581414537,0.006365139717670068,9
445.7019958496094,1.4594844579696655,0.03406212478876114,1437.29931640625,0.04769968123700778,0.006283853444612205,9
445.9309997558594,1.4594812393188477,0.03397567570209503,1437.29931640625,0.04770470333305143,0.006387248712325774,9
446.1600036621094,1.4594768285751343,0.034180618822574615,1437.29931640625,0.04772049590720341,0.006236095321009015,9
446.3890075683594,1.4594806432724,0.03447350114583969,1437.29931640625,0.04776783969268784,0.006298451978020876,9
446.6180114746094,1.459483027458191,0.03472651168704033,1437.29931640625,0.047569992570089994,0.006361407925151334,9
446.8470153808594,1.4594779014587402,0.034945614635944366,1437.29931640625,0.047639784008510114,0.006111839874828766,9
447.0760192871094,1.459479570388794,0.03502088412642479,1437.29931640625,0.04770382082916112,0.0063196499038384495,9
447.30499267578125,1.4594738483428955,0.03485432267189026,1437.29931640625,0.047658011834050724,0.006155489947227572,9
447.53399658203125,1.4594786167144775,0.03475669398903847,1437.29931640625,0.04774865477633922,0.006328563567827593,9
447.76300048828125,1.4594786167144775,0.03478240594267845,1437.29931640625,0.04775362745716002,0.006258765323453134,9
447.99200439453125,1.4594806432724,0.03462366759777069,1437.29931640625,0.0477057856943576,0.006275192520549676,9
448.22100830078125,1.4594768285751343,0.034400466829538345,1437.29931640625,0.047812033104802115,0.006271675730633371,9
448.45001220703125,1.4594764709472656,0.03440381959080696,1437.29931640625,0.04776529009433892,0.006201897754370247,9
448.67901611328125,1.4594693183898926,0.03423316031694412,1437.29931640625,0.04774389082386287,0.006193838260582013,9
448.90802001953125,1.459478497505188,0.033938415348529816,1437.29931640625,0.04786188923797344,0.006532462871084951,9
449.1369934082031,1.45947265625,0.03412025421857834,1437.29931640625,0.04775268965947401,0.006288540401113108,9
449.3659973144531,1.4594793319702148,0.03393058851361275,1437.29931640625,0.04782502174703571,0.006284468060854703,9
449.5950012207031,1.4594844579696655,0.03368018567562103,1437.29931640625,0.04780600607837869,0.006253384891169609,9
449.8240051269531,1.4594813585281372,0.0336976982653141,1437.29931640625,0.047890588707358225,0.006172184553264196,9
450.0530090332031,1.4594770669937134,0.033730488270521164,1437.29931640625,0.04774911947085861,0.006413667647641663,9
450.2820129394531,1.4594783782958984,0.03399616852402687,1437.29931640625,0.047623032513471275,0.006316361924000225,9
405.39801025390625,1.4609603881835938,0.20260867476463318,1036.6583251953125,0.04898635283708278,0.0063030767370890655,10
405.62701416015625,1.459489345550537,0.06034699082374573,1036.6583251953125,0.048686348127586994,0.0065797212997736965,10
405.85601806640625,1.4594818353652954,0.05246972665190697,1036.6583251953125,0.04892419107900127,0.006604085025042731,10
406.0849914550781,1.4594920873641968,0.04874088242650032,1036.6583251953125,0.04878145699939319,0.006575829804346573,10
406.3139953613281,1.4594956636428833,0.04666350781917572,1036.6583251953125,0.048893878201403056,0.006516971977722819,10
406.5429992675781,1.4594885110855103,0.04533696547150612,1036.6583251953125,0.04893484109774445,0.006684556521297764,10
406.7720031738281,1.4594910144805908,0.04464127868413925,1036.6583251953125,0.04885403781805887,0.0066867783808270895,10
407.0010070800781,1.459482192993164,0.04407079145312309,1036.6583251953125,0.04882651963358068,0.006655308606200049,10
407.2300109863281,1.4594916105270386,0.043536823242902756,1036.6583251953125,0.04873789113531361,0.006607033765324637,10
407.4590148925781,1.4594746828079224,0.04295627400279045,1036.6583251953125,0.04876387218165729,0.00666228561950041,10
407.6880187988281,1.4594875574111938,0.04238877072930336,1036.6583251953125,0.04876120010471992,0.006480209261605344,10
407.9169921875,1.4594937562942505,0.041761644184589386,1036.6583251953125,0.048914422666638424,0.006619131842081523,10
408.14599609375,1.4594848155975342,0.04120159149169922,1036.6583251953125,0.048814635090530994,0.006645961903855381,10
408.375,1.4594780206680298,0.04085691273212433,1036.6583251953125,0.048984961214118376,0.006580849086257669,10
408.60400390625,1.459479570388794,0.04043324291706085,1036.6583251953125,0.04882216549591939,0.006504842766751871,10
408.8330078125,1.4594887495040894,0.039999134838581085,1036.6583251953125,0.048823624117005936,0.006737244213473988,10
409.06201171875,1.4594780206680298,0.03971035033464432,1036.6583251953125,0.04866343646954046,0.006550470184793189,10
409.291015625,1.4594887495040894,0.03936902806162834,1036.6583251953125,0.048723645303299985,0.006623993257144198,10
409.5199890136719,1.4594860076904297,0.03898001089692116,1036.6583251953125,0.04891124434275971,0.00660535634271629,10
409.7489929199219,1.4594937562942505,0.0387534536421299,1036.6583251953125,0.048880417003587306,0.00662431955882312,10
409.9779968261719,1.459481954574585,0.03860999271273613,1036.6583251953125,0.048788542851717825,0.006590754890763557,10
410.2070007324219,1.4594873189926147,0.038418836891651154,1036.6583251953125,0.04909438943880285,0.006639196381592708,10
410.4360046386719,1.459490418434143,0.038325682282447815,1036.6583251953125,0.04889489038903239,0.0065013870186095895,10
410.6650085449219,1.4594850540161133,0.03851423040032387,1036.6583251953125,0.048815591899412175,0.006610840950997535,10
410.8940124511719,1.4594815969467163,0.038730353116989136,1036.6583251953125,0.048895002754371704,0.006707726659068732,10
411.1230163574219,1.459486484527588,0.03891219198703766,1036.6583251953125,0.048861761853577844,0.006550232759850964,10
411.35198974609375,1.4594758749008179,0.03895653411746025,1036.6583251953125,0.04882663291066573,0.006559839313526214,10
411.58099365234375,1.4594861268997192,0.038822390139102936,1036.6583251953125,0.04883545601546705,0.006633368570898718,10
411.80999755859375,1.4594776630401611,0.03850528597831726,1036.6583251953125,0.048843141535595026,0.0066152574358542575,10
412.03900146484375,1.4594796895980835,0.038366299122571945,1036.6583251953125,0.0488610894237021,0.00659457080305368,10
412.26800537109375,1.459484338760376,0.03816172853112221,1036.6583251953125,0.04876940632053124,0.006729158324502982,10
412.49700927734375,1.4594777822494507,0.03792325034737587,1036.6583251953125,0.048809271020491485,0.006554022259673898,10
412.72601318359375,1.4594835042953491,0.03774476423859596,1036.6583251953125,0.04872178402799854,0.006760376176584034,10
412.95501708984375,1.45947265625,0.03764341026544571,1036.6583251953125,0.048946910199188204,0.0066817889806672585,10
413.1839904785156,1.4594751596450806,0.03736058622598648,1036.6583251953125,0.04896933519422171,0.006673600024245015,10
413.4129943847656,1.4594844579696655,0.03707366809248924,1036.6583251953125,0.04896057893412015,0.006754322826512524,10
413.6419982910156,1.459472417831421,0.03701963648200035,1036.6583251953125,0.048712584104356464,0.006578075376662635,10
413.8710021972656,1.4594714641571045,0.036807987838983536,1036.6583251953125,0.04892406099974913,0.006672734965157513,10
414.1000061035156,1.4594850540161133,0.036647386848926544,1036.6583251953125,0.048790636660222576,0.0067189390328305275,10
414.3290100097656,1.459464430809021,0.0367293618619442,1036.6583251953125,0.04893732393905867,0.006766310269830394,10
414.5580139160156,1.4594874382019043,0.03688400238752365,1036.6583251953125,0.04898720890591067,0.0066967962336434515,10
414.7870178222656,1.459478497505188,0.03706211596727371,1036.6583251953125,0.04882904741125424,0.006562430387379426,10
415.0159912109375,1.4594756364822388,0.03728531673550606,1036.6583251953125,0.048937584119011876,0.006816864949000716,10
415.2449951171875,1.4594752788543701,0.03749547898769379,1036.6583251953125,0.04876723527383039,0.006544165451740589,10
415.4739990234375,1.459484577178955,0.03742467984557152,1036.6583251953125,0.048863561629183566,0.0067126627030143875,10
415.7030029296875,1.459477424621582,0.037197377532720566,1036.6583251953125,0.04881061863130762,0.006670391941250337,10
415.9320068359375,1.4594801664352417,0.03708820044994354,1036.6583251953125,0.048990246162982407,0.006592731013502341,10
416.1610107421875,1.4594740867614746,0.03706435114145279,1036.6583251953125,0.04889207435156862,0.006731806310624888,10
416.3900146484375,1.4594782590866089,0.036882512271404266,1036.6583251953125,0.04902821627240549,0.006699329987581468,10
416.6190185546875,1.4594731330871582,0.036699552088975906,1036.6583251953125,0.049043145931352124,0.006565547086320423,10
416.8479919433594,1.4594844579696655,0.036558330059051514,1036.6583251953125,0.048934579232476155,0.006630020078017308,10
417.0769958496094,1.4594740867614746,0.036334384232759476,1036.6583251953125,0.04903127696983592,0.006651014296584844,10
417.3059997558594,1.4594789743423462,0.036114536225795746,1036.6583251953125,0.048911102607258505,0.006727354887495209,10
417.5350036621094,1.4594707489013672,0.03592076897621155,1036.6583251953125,0.04898353782678375,0.006625551601319043,10
417.7640075683594,1.4594637155532837,0.035824261605739594,1036.6583251953125,0.0491201922857657,0.006648942968918714,10
417.9930114746094,1.459481954574585,0.03562192618846893,1036.6583251953125,0.04895448245941563,0.006798059261167361,10
418.2220153808594,1.4594794511795044,0.035714708268642426,1036.6583251953125,0.04898105186345995,0.00673384128874053,10
418.4510192871094,1.459473967552185,0.03581979125738144,1036.6583251953125,0.04896091879154386,0.006834240897905545,10
418.67999267578125,1.4594792127609253,0.036068327724933624,1036.6583251953125,0.04899948511506429,0.006839397912602888,10
418.90899658203125,1.4594786167144775,0.03625203296542168,1036.6583251953125,0.049030349988357196,0.006786546934174074,10
419.13800048828125,1.459471344947815,0.03657696023583412,1036.6583251953125,0.04881984013812881,0.0067865400373979135,10
419.36700439453125,1.459481120109558,0.03647933155298233,1036.6583251953125,0.04888330660123519,0.006717667000386094,10
419.59600830078125,1.4594790935516357,0.03634071722626686,1036.6583251953125,0.04907830644463131,0.006701525819576412,10
419.82501220703125,1.459481120109558,0.03616819158196449,1036.6583251953125,0.04882128743683851,0.006711352316014407,10
420.05401611328125,1.4594792127609253,0.035886116325855255,1036.6583251953125,0.048839933013796924,0.006603880541121504,10
420.2829895019531,1.4594781398773193,0.03594983369112015,1036.6583251953125,0.04886359223252391,0.006742895998957007,10
420.5119934082031,1.459471344947815,0.035843636840581894,1036.6583251953125,0.0489919867142731,0.006765485825681298,10
420.7409973144531,1.459481954574585,0.035620808601379395,1036.6583251953125,0.04895741863681618,0.006662881052366681,10
420.9700012207031,1.4594751596450806,0.03562527894973755,1036.6583251953125,0.04900144131907215,0.006807217870794914,10
421.1990051269531,1.4594764709472656,0.03556826710700989,1036.6583251953125,0.0489366808978998,0.00670747418563217,10
421.4280090332031,1.4594806432724,0.03531823679804802,1036.6583251953125,0.04909569581341114,0.006973553212511381,10
421.6570129394531,1.4594837427139282,0.035146087408065796,1036.6583251953125,0.04913504601727491,0.006861281515581973,10
421.8860168457031,1.4594829082489014,0.035147204995155334,1036.6583251953125,0.0489904379941218,0.0067363344277346845,10
422.114990234375,1.459485411643982,0.03494449704885483,1036.6583251953125,0.049064788837986685,0.0067016841673556826,10
422.343994140625,1.4594793319702148,0.035143475979566574,1036.6583251953125,0.04912221091266118,0.006706095238917805,10
422.572998046875,1.4594805240631104,0.035525042563676834,1036.6583251953125,0.04907595735255361,0.0066775001343712245,10
422.802001953125,1.4594796895980835,0.0356442853808403,1036.6583251953125,0.04913558407067258,0.006756435691323354,10
423.031005859375,1.4594765901565552,0.03591778874397278,1036.6583251953125,0.04899508728567651,0.006635577315910951,10
423.260009765625,1.4594815969467163,0.03612310439348221,1036.6583251953125,0.04890611093874525,0.006742353024093831,10
423.489013671875,1.4594765901565552,0.03606758266687393,1036.6583251953125,0.048853579197766374,0.006490056236907681,10
423.718017578125,1.4594662189483643,0.035905491560697556,1036.6583251953125,0.049100671365549985,0.006718892976923332,10
423.9469909667969,1.4594848155975342,0.03574340045452118,1036.6583251953125,0.04916171130571117,0.006663467351716287,10
424.1759948730469,1.459486961364746,0.03576650470495224,1036.6583251953125,0.048991377992228566,0.006860273694249493,10
424.4049987792969,1.459478497505188,0.03555336222052574,1036.6583251953125,0.049062913837296496,0.006755409153399918,10
424.6340026855469,1.4594799280166626,0.03546542301774025,1036.6583251953125,0.04892032560573031,0.006652944492446509,10
424.8630065917969,1.459476113319397,0.035427045077085495,1036.6583251953125,0.048969944432374894,0.006728002746006929,10
425.0920104980469,1.4594756364822388,0.03521837666630745,1036.6583251953125,0.049044956872588835,0.006709899158354374,10
425.3210144042969,1.459478497505188,0.035033926367759705,1036.6583251953125,0.04902739686431939,0.006729214950287481,10
425.5500183105469,1.4594752788543701,0.034967973828315735,1036.6583251953125,0.049042570831165436,0.006844780077017681,10
425.77899169921875,1.4594779014587402,0.034875188022851944,1036.6583251953125,0.04890936608525768,0.0066318825086932555,10
426.00799560546875,1.4594753980636597,0.03472911939024925,1036.6583251953125,0.04907445920597188,0.006761881722231882,10
426.23699951171875,1.4594802856445312,0.03474067151546478,1036.6583251953125,0.04894699475826912,0.006688249521824086,10
426.46600341796875,1.459483027458191,0.03498474135994911,1036.6583251953125,0.0490826155842397,0.006776262244469856,10
426.69500732421875,1.4594801664352417,0.03528246656060219,1036.6583251953125,0.04925699413744459,0.006706534605589811,10
426.92401123046875,1.459482192993164,0.035590626299381256,1036.6583251953125,0.04898239163640048,0.006748240178150246,10
427.15301513671875,1.4594796895980835,0.035788487643003464,1036.6583251953125,0.04925748388963961,0.0068376157804523946,10
427.38201904296875,1.4594833850860596,0.03584885597229004,1036.6583251953125,0.0489171129073938,0.0068421807439909225,10
427.6109924316406,1.4594776630401611,0.03567633032798767,1036.6583251953125,0.04907012869952832,0.006728914749463802,10
427.8399963378906,1.4594783782958984,0.035522062331438065,1036.6583251953125,0.0490266550976573,0.006848850799916049,10
428.0690002441406,1.4594875574111938,0.03551684692502022,1036.6583251953125,0.04900182216309991,0.006710433760708973,10
428.2980041503906,1.4594805240631104,0.03535512834787369,1036.6583251953125,0.04898919569096482,0.006627619244922641,10
428.5270080566406,1.459488034248352,0.035327181220054626,1036.6583251953125,0.04916427674282946,0.006653594282641609,10
428.7560119628906,1.4594659805297852,0.03527576103806496,1036.6583251953125,0.04908125725945065,0.0067884472464424415,10
428.9850158691406,1.4594627618789673,0.035253774374723434,1036.6583251953125,0.04901235153375735,0.006706030616673652,10
429.2140197753906,1.4594759941101074,0.03503131866455078,1036.6583251953125,0.04908912880026482,0.006726589763953358,10
429.4429931640625,1.4594827890396118,0.03484761342406273,1036.6583251953125,0.04897720981852746,0.006784294063780554,10
429.6719970703125,1.4594744443893433,0.03462441265583038,1036.6583251953125,0.049025833570780726,0.0069478277533931545,10
429.9010009765625,1.4594744443893433,0.034729864448308945,1036.6583251953125,0.04912257363853183,0.00681837507540696,10
430.1300048828125,1.459487795829773,0.0343807190656662,1036.6583251953125,0.0491595265325668,0.006840385250783745,10
430.3590087890625,1.459484338760376,0.034617334604263306,1036.6583251953125,0.04917858321274589,0.006786846860305585,10
430.5880126953125,1.4594764709472656,0.034959401935338974,1036.6583251953125,0.049054037279667374,0.00668946169758247,10
430.8170166015625,1.4594677686691284,0.035166580229997635,1036.6583251953125,0.04903235093687867,0.0066583181969570564,10
431.0459899902344,1.4594814777374268,0.03563012555241585,1036.6583251953125,0.049143169137454056,0.006722622524138314,10
431.2749938964844,1.4594789743423462,0.0356588177382946,1036.6583251953125,0.049070742622328224,0.006820041089869985,10
431.5039978027344,1.459483027458191,0.03555895388126373,1036.6583251953125,0.049109237078644744,0.006707997551523918,10
431.7330017089844,1.4594812393188477,0.03526085615158081,1036.6583251953125,0.04898413974179055,0.0069262239475831565,10
431.9620056152344,1.4594815969467163,0.03522619977593422,1036.6583251953125,0.048940419994125656,0.00684881943825689,10
432.1910095214844,1.4594838619232178,0.03509317338466644,1036.6583251953125,0.04919981660566155,0.0068396602191745865,10
432.4200134277344,1.459480881690979,0.035001881420612335,1036.6583251953125,0.049191311579333076,0.006773782694633697,10
432.6490173339844,1.459475040435791,0.034908726811409,1036.6583251953125,0.04918014832808849,0.006736257782058051,10
432.87799072265625,1.4594775438308716,0.03488413244485855,1036.6583251953125,0.04915211326393259,0.006802911150972882,10
433.10699462890625,1.4594746828079224,0.03469744697213173,1036.6583251953125,0.049025684235608054,0.006834516942591574,10
433.33599853515625,1.4594767093658447,0.03454690799117088,1036.6583251953125,0.04912444309166807,0.006924987374373497,10
433.56500244140625,1.4594849348068237,0.03447685390710831,1036.6583251953125,0.04920980450244825,0.006814327693933087,10
433.79400634765625,1.4594826698303223,0.0343468077480793,1036.6583251953125,0.04906438326019162,0.0066229792412335784,10
434.02301025390625,1.4594768285751343,0.03421638906002045,1036.6583251953125,0.04905128670360351,0.006705739155729483,10
434.25201416015625,1.4594736099243164,0.034170929342508316,1036.6583251953125,0.04903157116015412,0.006813375518660215,10
434.48101806640625,1.4594796895980835,0.03440083935856819,1036.6583251953125,0.04917727176800533,0.0067986382418203295,10
434.7099914550781,1.4594762325286865,0.03455697000026703,1036.6583251953125,0.04918102936229305,0.006753324158820606,10
434.9389953613281,1.4594807624816895,0.03483196347951889,1036.6583251953125,0.04909810246447068,0.006843340147059202,10
435.1679992675781,1.4594842195510864,0.035099878907203674,1036.6583251953125,0.049194906281010725,0.006824027669545924,10
435.3970031738281,1.459478497505188,0.035377856343984604,1036.6583251953125,0.0491432571102421,0.0067575325637158215,10
435.6260070800781,1.4594777822494507,0.035077523440122604,1036.6583251953125,0.04909363115491706,0.006879551017879637,10
435.8550109863281,1.4594777822494507,0.03489083796739578,1036.6583251953125,0.04910574207941828,0.0067700835915969135,10
436.0840148925781,1.4594697952270508,0.034883759915828705,1036.6583251953125,0.048950819703738775,0.006829666322411019,10
436.3130187988281,1.4594823122024536,0.03469930961728096,1036.6583251953125,0.04914811059120476,0.006730992122773383,10
436.5419921875,1.4594740867614746,0.0344921313226223,1036.6583251953125,0.049132625201508885,0.0067690062950744425,10
436.77099609375,1.4594777822494507,0.034376244992017746,1036.6583251953125,0.04923193718889386,0.006643546885935497,10
437.0,1.4594709873199463,0.034422826021909714,1036.6583251953125,0.048947977504179535,0.006693697821389468,10
437.22900390625,1.4594783782958984,0.034279365092515945,1036.6583251953125,0.04910564687994534,0.0068140916614422035,10
437.4580078125,1.459473729133606,0.03410758450627327,1036.6583251953125,0.0490325420111063,0.006912816150028475,10
437.68701171875,1.4594885110855103,0.03394214063882828,1036.6583251953125,0.049124423596791464,0.006727962886002587,10
437.916015625,1.4594788551330566,0.0337897352874279,1036.6583251953125,0.04918332126906579,0.006886786892310454,10
438.14501953125,1.4594825506210327,0.03366192802786827,1036.6583251953125,0.049192530858727004,0.006750095353447631,10
438.3739929199219,1.459479808807373,0.03381991758942604,1036.6583251953125,0.04935780618668525,0.006778197866626823,10
438.6029968261719,1.4594755172729492,0.03404833748936653,1036.6583251953125,0.049112767263834116,0.006646435502294231,10
438.8320007324219,1.4594706296920776,0.03428979590535164,1036.6583251953125,0.04909091360062677,0.006729269815161846,10
439.0610046386719,1.4594676494598389,0.03460950776934624,1036.6583251953125,0.049115796481080616,0.006849824899314577,10
439.2900085449219,1.4594738483428955,0.03470378369092941,1036.6583251953125,0.04919061878030853,0.006540935786432093,10
439.5190124511719,1.4594722986221313,0.0347440242767334,1036.6583251953125,0.04912605005140588,0.006782912219504987,10
439.7480163574219,1.4594745635986328,0.0344388484954834,1036.6583251953125,0.04918485078718384,0.00661992825276182,10
439.9770202636719,1.4594780206680298,0.03449846804141998,1036.6583251953125,0.04929353675540516,0.006810759189222857,10
440.20599365234375,1.4594768285751343,0.034445181488990784,1036.6583251953125,0.04921667869607272,0.006771448527193937,10
440.43499755859375,1.4594688415527344,0.034062497317790985,1036.6583251953125,0.04923053371518878,0.006637977287706846,10
440.66400146484375,1.4594707489013672,0.03397604823112488,1036.6583251953125,0.04920880767642702,0.006697034204395183,10
440.89300537109375,1.459468960762024,0.0339641235768795,1036.6583251953125,0.0492004946485896,0.006792500565489835,10
441.12200927734375,1.4594708681106567,0.03384898230433464,1036.6583251953125,0.04907780604277958,0.006810944686965427,10
441.35101318359375,1.4594653844833374,0.033651866018772125,1036.6583251953125,0.04917502209460683,0.006765890447143735,10
441.58001708984375,1.4594793319702148,0.033768124878406525,1036.6583251953125,0.049192489274237375,0.006895754030126994,10
441.8089904785156,1.459471583366394,0.033769987523555756,1036.6583251953125,0.04929357059063775,0.006720121531225152,10
442.0379943847656,1.4594801664352417,0.03358852118253708,1036.6583251953125,0.04934356891657061,0.006828774163488926,10
442.2669982910156,1.4594725370407104,0.03362205624580383,1036.6583251953125,0.049169460710625876,0.006888916057966216,10
442.4960021972656,1.4594792127609253,0.03376886993646622,1036.6583251953125,0.04922258782585271,0.006879392558113145,10
442.7250061035156,1.459477424621582,0.034063614904880524,1036.6583251953125,0.04909593128580906,0.006933476586638501,10
442.9540100097656,1.4594781398773193,0.034290917217731476,1036.6583251953125,0.04922941317988735,0.006712179042690224,10
443.1830139160156,1.4594849348068237,0.03461509943008423,1036.6583251953125,0.04900501979441873,0.006821970847084404,10
443.4120178222656,1.4594707489013672,0.034631866961717606,1036.6583251953125,0.04919771564132059,0.006779285578989068,10
443.6409912109375,1.4594694375991821,0.034382954239845276,1036.6583251953125,0.04918211577297773,0.006675887847273801,10
443.8699951171875,1.4594677686691284,0.034356869757175446,1036.6583251953125,0.04922549856699101,0.006805096169452847,10
444.0989990234375,1.4594619274139404,0.03444331884384155,1036.6583251953125,0.049147898254827856,0.0067777284316476345,10
444.3280029296875,1.459474802017212,0.0341578871011734,1036.6583251953125,0.04904460711479386,0.006780929258569872,10
444.5570068359375,1.4594652652740479,0.0340077206492424,1036.6583251953125,0.04913462680540125,0.006812557200864247,10
444.7860107421875,1.4594707489013672,0.03396971523761749,1036.6583251953125,0.04900805422522609,0.006664024304512424,10
445.0150146484375,1.4594697952270508,0.033952198922634125,1036.6583251953125,0.049110860796652306,0.006796246935853394,10
445.2440185546875,1.459479808807373,0.03384898230433464,1036.6583251953125,0.0492626403648387,0.0067425104333167325,10
445.4729919433594,1.4594684839248657,0.033648885786533356,1036.6583251953125,0.049014093373285765,0.006886541365846943,10
445.7019958496094,1.4594740867614746,0.03364068642258644,1036.6583251953125,0.049268757978480064,0.006685991626889726,10
445.9309997558594,1.4594637155532837,0.03368502855300903,1036.6583251953125,0.049239382572187136,0.006834235550620636,10
446.1600036621094,1.459476351737976,0.03360864147543907,1036.6583251953125,0.04918662652460796,0.0067946013855348375,10
446.3890075683594,1.4594697952270508,0.0336250364780426,1036.6583251953125,0.04929997920915664,0.006722743200107614,10
446.6180114746094,1.4594707489013672,0.03386910632252693,1036.6583251953125,0.04918210248320021,0.006759636284779188,10
446.8470153808594,1.4594753980636597,0.034053925424814224,1036.6583251953125,0.049215808682276714,0.006688149106499432,10
447.0760192871094,1.4594749212265015,0.034398604184389114,1036.6583251953125,0.04921252802052856,0.0067418523378962305,10
447.30499267578125,1.459474802017212,0.03467695415019989,1036.6583251953125,0.049132051590455424,0.00663941918149093,10
447.53399658203125,1.459476113319397,0.03459497541189194,1036.6583251953125,0.04930698777661153,0.0066122098400408225,10
447.76300048828125,1.4594751596450806,0.034413136541843414,1036.6583251953125,0.04919748128232726,0.006732622812145588,10
447.99200439453125,1.459472417831421,0.03443213924765587,1036.6583251953125,0.04914745291971545,0.006728478767349914,10
448.22100830078125,1.4594647884368896,0.034362830221652985,1036.6583251953125,0.049123990183322815,0.00682563896575053,10
448.45001220703125,1.4594740867614746,0.03422943130135536,1036.6583251953125,0.04912443048408554,0.006733412299161309,10
448.67901611328125,1.4594680070877075,0.03391791880130768,1036.6583251953125,0.04922525243871877,0.006996568094445452,10
448.90802001953125,1.4594751596450806,0.033921271562576294,1036.6583251953125,0.04920402747142292,0.006896474319840247,10
449.1369934082031,1.4594589471817017,0.033845629543066025,1036.6583251953125,0.049099608962636196,0.006769238034406788,10
449.3659973144531,1.4594727754592896,0.03361087664961815,1036.6583251953125,0.0489997374173739,0.006872840979939384,10
449.5950012207031,1.459472894668579,0.03360864147543907,1036.6583251953125,0.04929986564899547,0.006744854357236195,10
449.8240051269531,1.4594682455062866,0.03356653451919556,1036.6583251953125,0.04904271290527375,0.006891599794658686,10
450.0530090332031,1.459471583366394,0.0334312729537487,1036.6583251953125,0.049291953851095714,0.0069236247146885425,10
405.39801025390625,1.4609304666519165,0.2028922438621521,746.1940307617188,0.049829571994674714,0.006880650931470522,11
405.62701416015625,1.4594759941101074,0.06077215448021889,746.1940307617188,0.049816671050356504,0.007052234299401645,11
405.85601806640625,1.4594799280166626,0.052822601050138474,746.1940307617188,0.04998462041563527,0.007031912942655116,11
406.0849914550781,1.4594687223434448,0.04917573556303978,746.1940307617188,0.05001374189382588,0.0068145241358947995,11
406.3139953613281,1.459481120109558,0.04699588567018509,746.1940307617188,0.049999191941627094,0.007092904960882579,11
406.5429992675781,1.4594794511795044,0.045455459505319595,746.1940307617188,0.05014939941499636,0.007043465427075336,11
406.7720031738281,1.4594767093658447,0.04438938573002815,746.1940307617188,0.04993906469359969,0.007076677917220539,11
407.0010070800781,1.4594807624816895,0.043856535106897354,746.1940307617188,0.0498984189558423,0.007180426990096297,11
407.2300109863281,1.459484577178955,0.043479811400175095,746.1940307617188,0.05001919357157799,0.007118064434654825,11
407.4590148925781,1.459481120109558,0.043112777173519135,746.1940307617188,0.049936367820738556,0.007073997358440748,11
407.6880187988281,1.4594876766204834,0.042637310922145844,746.1940307617188,0.05006959184903175,0.0071293911467908335,11
407.9169921875,1.4594842195510864,0.04190324246883392,746.1940307617188,0.04990824754109013,0.0070265140384776666,11
408.14599609375,1.4594873189926147,0.04162302613258362,746.1940307617188,0.049994008813189494,0.0070993468934905535,11
408.375,1.4594801664352417,0.04125301167368889,746.1940307617188,0.050109750797237805,0.006971771589720379,11
408.60400390625,1.4594718217849731,0.04084908962249756,746.1940307617188,0.05014793084622282,0.007193860129257559,11
408.8330078125,1.4594672918319702,0.040382564067840576,746.1940307617188,0.05006921832621422,0.007017384106239458,11
409.06201171875,1.459471583366394,0.03997938707470894,746.1940307617188,0.0500040577068462,0.007336410439466673,11
409.291015625,1.459478497505188,0.039695072919130325,746.1940307617188,0.050017594225481694,0.006988254131120751,11
409.5199890136719,1.4594814777374268,0.039302702993154526,746.1940307617188,0.04995267690534008,0.00715182440181064,11
409.7489929199219,1.4594782590866089,0.038996778428554535,746.1940307617188,0.0499646141956241,0.006951964271994056,11
409.9779968261719,1.459477424621582,0.03863533213734627,746.1940307617188,0.050110366699767726,0.00704284738985735,11
410.2070007324219,1.4594706296920776,0.038372259587049484,746.1940307617188,0.050085011126896596,0.007161930253571359,11
410.4360046386719,1.4594663381576538,0.03816917911171913,746.1940307617188,0.05028023581801148,0.007141325277597938,11
410.6650085449219,1.459475040435791,0.038228798657655716,746.1940307617188,0.05004070509080722,0.007151248415635063,11
410.8940124511719,1.4594755172729492,0.03826494514942169,746.1940307617188,0.05014138700355167,0.007188012228167947,11
411.1230163574219,1.4594730138778687,0.03829512745141983,746.1940307617188,0.05002467997683388,0.007271169768124501,11
411.35198974609375,1.4594764709472656,0.038587264716625214,746.1940307617188,0.049999931312990145,0.007132296616024164,11
411.58099365234375,1.4594782590866089,0.038778793066740036,746.1940307617188,0.05006952257300695,0.007110459849557905,11
411.80999755859375,1.4594653844833374,0.038551490753889084,746.1940307617188,0.05019541900118793,0.007089256140439594,11
412.03900146484375,1.4594650268554688,0.03834804147481918,746.1940307617188,0.05017406338129193,0.007049637537583646,11
412.26800537109375,1.4594695568084717,0.03816955164074898,746.1940307617188,0.05004462705649382,0.007163616233337472,11
412.49700927734375,1.4594640731811523,0.03794001787900925,746.1940307617188,0.04999623986260426,0.00715679022497346,11
412.72601318359375,1.4594693183898926,0.0377555675804615,746.1940307617188,0.050147595322565124,0.007143710848921124,11
412.95501708984375,1.4594675302505493,0.0376538410782814,746.1940307617188,0.05012033367005706,0.00717309049648146,11
413.1839904785156,1.4594736099243164,0.03748765215277672,746.1940307617188,0.05008016226231407,0.007019021422876554,11
413.4129943847656,1.459467887878418,0.03729277104139328,746.1940307617188,0.05024473004015663,0.007120351567094273,11
413.6419982910156,1.459465503692627,0.03716794028878212,746.1940307617188,0.050059534178711555,0.007155181504035509,11
413.8710021972656,1.4594733715057373,0.036920517683029175,746.1940307617188,0.05027308425698372,0.007209997188162016,11
414.1000061035156,1.4594717025756836,0.03676625341176987,746.1940307617188,0.050248540386733744,0.007163774771898905,11
414.3290100097656,1.4594733715057373,0.03664403408765793,746.1940307617188,0.05015717318751782,0.007267878563025053,11
414.5580139160156,1.4594720602035522,0.03661273047327995,746.1940307617188,0.050164087417829226,0.007123367564588229,11
414.7870178222656,1.4594759941101074,0.03679792582988739,746.1940307617188,0.050261985966469525,0.007075906988138963,11
415.0159912109375,1.4594722986221313,0.03692089021205902,746.1940307617188,0.049926442489216155,0.007142304524984234,11
415.2449951171875,1.4594712257385254,0.03737511858344078,746.1940307617188,0.05023076945535535,0.007173778731022893,11
415.4739990234375,1.4594711065292358,0.03768216073513031,746.1940307617188,0.05011610087407616,0.007019742533741168,11
415.7030029296875,1.4594688415527344,0.03768439590930939,746.1940307617188,0.05014268371394739,0.007124524449084018,11
415.9320068359375,1.4594683647155762,0.03744181990623474,746.1940307617188,0.05008033532447906,0.00709361537449781,11
416.1610107421875,1.4594662189483643,0.03732556104660034,746.1940307617188,0.05010913892513877,0.007267840683165101,11
416.3900146484375,1.4594672918319702,0.037179119884967804,746.1940307617188,0.050096347974776474,0.007102511445877044,11
416.6190185546875,1.4594701528549194,0.03702746331691742,746.1940307617188,0.05018327022049555,0.007143104301363431,11
416.8479919433594,1.4594652652740479,0.03694436699151993,746.1940307617188,0.050247958583620134,0.007254777340453603,11
417.0769958496094,1.459457278251648,0.03665856644511223,746.1940307617188,0.05017421062209589,0.007184091172109268,11
417.3059997558594,1.459466576576233,0.03653038293123245,746.1940307617188,0.05018130838341355,0.007225165004847302,11
417.5350036621094,1.4594765901565552,0.036550503224134445,746.1940307617188,0.05016112413791269,0.007127750784504298,11
417.7640075683594,1.4594697952270508,0.03637685999274254,746.1940307617188,0.050278630838681754,0.007203831695363757,11
417.9930114746094,1.459466576576233,0.03616632893681526,746.1940307617188,0.05017211983799964,0.0071826611189750094,11
418.2220153808594,1.4594686031341553,0.03597554564476013,746.1940307617188,0.05015486138764305,0.0071013539368156315,11
418.4510192871094,1.4594711065292358,0.03587046638131142,746.1940307617188,0.05026442195088451,0.007193247314817597,11
418.67999267578125,1.459478735923767,0.03603106737136841,746.1940307617188,0.0501290558359957,0.007281114599063501,11
418.90899658203125,1.4594824314117432,0.03625836595892906,746.1940307617188,0.050203678270965085,0.007113983011766564,11
419.13800048828125,1.4594751596450806,0.03639586642384529,746.1940307617188,0.05029714919035561,0.007119264843328864,11
419.36700439453125,1.4594744443893433,0.03670328110456467,746.1940307617188,0.05008878226628859,0.007236553151579983,11
419.59600830078125,1.4594799280166626,0.036859408020973206,746.1940307617188,0.050255670024074,0.007164302205475972,11
419.82501220703125,1.4594734907150269,0.036873940378427505,746.1940307617188,0.050193210406786794,0.007134953337620518,11
420.05401611328125,1.4594684839248657,0.03672824427485466,746.1940307617188,0.05017969853733366,0.007207544479882623,11
420.2829895019531,1.4594676494598389,0.036534108221530914,746.1940307617188,0.050233053737084817,0.007149582603088565,11
420.5119934082031,1.4594682455062866,0.03642381355166435,746.1940307617188,0.050155938715207744,0.007274939881919016,11
420.7409973144531,1.4594670534133911,0.036408163607120514,746.1940307617188,0.05001669103804821,0.00722264395487063,11
420.9700012207031,1.459462285041809,0.036285195499658585,746.1940307617188,0.05016815501411799,0.007125577221255756,11
421.1990051269531,1.4594814777374268,0.0360657200217247,746.1940307617188,0.05042877383534913,0.007211280004287605,11
421.4280090332031,1.4594680070877075,0.035879410803318024,746.1940307617188,0.05038078783252624,0.007208132051576018,11
421.6570129394531,1.4594570398330688,0.035730358213186264,746.1940307617188,0.05022978460133892,0.007100992754391952,11
421.8860168457031,1.4594606161117554,0.035721417516469955,746.1940307617188,0.05006092401029925,0.007263638320136029,11
422.114990234375,1.4594717025756836,0.03557832911610603,746.1940307617188,0.05033075426101951,0.007334783555526337,11
422.343994140625,1.4594566822052002,0.035495977848768234,746.1940307617188,0.05041193607558094,0.007139263831127446,11
422.572998046875,1.4594727754592896,0.035467661917209625,746.1940307617188,0.050271618789147064,0.0073179403990439275,11
422.802001953125,1.459477186203003,0.035454247146844864,746.1940307617188,0.050183797082173964,0.007273177910849012,11
423.031005859375,1.4594594240188599,0.03560851141810417,746.1940307617188,0.05037541731141922,0.007385343327193785,11
423.260009765625,1.459468126296997,0.036055661737918854,746.1940307617188,0.05016555750748343,0.0072214810122076395,11
423.489013671875,1.4594669342041016,0.0363224595785141,746.1940307617188,0.05034930404228928,0.007272519143552171,11
423.718017578125,1.4594566822052002,0.036332517862319946,746.1940307617188,0.050113789698537727,0.00730158025051671,11
423.9469909667969,1.4594677686691284,0.03605230525135994,746.1940307617188,0.05018997197231403,0.006990379705655528,11
424.1759948730469,1.4594671726226807,0.03615850582718849,746.1940307617188,0.05025699344973492,0.007253638470019962,11
424.4049987792969,1.4594587087631226,0.036135029047727585,746.1940307617188,0.05023030647090895,0.007132871551716787,11
424.6340026855469,1.459464192390442,0.03595319017767906,746.1940307617188,0.05009201138662237,0.00728629197368219,11
424.8630065917969,1.4594595432281494,0.03563161566853523,746.1940307617188,0.05036853897995582,0.007261834153435191,11
425.0920104980469,1.459476351737976,0.03540617600083351,746.1940307617188,0.0503230281824985,0.007099055528166377,11
425.3210144042969,1.4594727754592896,0.03528879955410957,746.1940307617188,0.05028591563768592,0.00724920913524647,11
425.5500183105469,1.459479808807373,0.03528060391545296,746.1940307617188,0.05029269997647224,0.007236062872984875,11
425.77899169921875,1.4594656229019165,0.03513900563120842,746.1940307617188,0.05011279779401012,0.007215916642155015,11
426.00799560546875,1.4594683647155762,0.03503318130970001,746.1940307617188,0.050438193389167836,0.007316848376203251,11
426.23699951171875,1.4594687223434448,0.03496871888637543,746.1940307617188,0.05045245996442123,0.007241406628856699,11
426.46600341796875,1.4594753980636597,0.03484761342406273,746.1940307617188,0.05032167960775065,0.00716724897262216,11
426.69500732421875,1.4594578742980957,0.03496871888637543,746.1940307617188,0.05026881605077772,0.007217054391127832,11
426.92401123046875,1.4594670534133911,0.03517067804932594,746.1940307617188,0.05024965535782143,0.0073753380096891735,11
427.15301513671875,1.4594638347625732,0.03532867133617401,746.1940307617188,0.050274416500998974,0.007163295000758708,11
427.38201904296875,1.4594651460647583,0.03571396321058273,746.1940307617188,0.050380958715547555,0.007176473301120938,11
427.6109924316406,1.4594680070877075,0.03570464998483658,746.1940307617188,0.05021266325525555,0.007170178958826442,11
427.8399963378906,1.4594625234603882,0.03574712947010994,746.1940307617188,0.050336304078733886,0.007286489424171257,11
428.0690002441406,1.4594615697860718,0.03570837527513504,746.1940307617188,0.050092606171845036,0.007263589252825323,11
428.2980041503906,1.4594745635986328,0.03567931056022644,746.1940307617188,0.05017915670246542,0.007271894631015079,11
428.5270080566406,1.4594666957855225,0.03550492227077484,746.1940307617188,0.05056269566344082,0.007167406786050647,11
428.7560119628906,1.4594664573669434,0.03536481782793999,746.1940307617188,0.050306083935180955,0.007226230304428097,11
428.9850158691406,1.4594651460647583,0.035116277635097504,746.1940307617188,0.050331471932157826,0.007093497131733698,11
429.2140197753906,1.4594682455062866,0.03509801626205444,746.1940307617188,0.05032637136812358,0.007267583723128326,11
429.4429931640625,1.4594745635986328,0.03493741527199745,746.1940307617188,0.05045529466756696,0.007206964700882008,11
429.6719970703125,1.459464192390442,0.034707508981227875,746.1940307617188,0.05018540336369569,0.00722083581606796,11
429.9010009765625,1.459465503692627,0.034550633281469345,746.1940307617188,0.05048315873052583,0.007244455416326416,11
430.1300048828125,1.459468126296997,0.03437475487589836,746.1940307617188,0.05034388324981417,0.007171464601528612,11
430.3590087890625,1.45946204662323,0.034495484083890915,746.1940307617188,0.0503148640670882,0.007408291948603393,11
430.5880126953125,1.4594612121582031,0.03451113402843475,746.1940307617188,0.05031613919154792,0.0072329243150742835,11
430.8170166015625,1.4594650268554688,0.034611742943525314,746.1940307617188,0.05036296037539397,0.007337898218723575,11
431.0459899902344,1.459468126296997,0.03474775329232216,746.1940307617188,0.050366145694634025,0.007273119099198887,11
431.2749938964844,1.4594662189483643,0.03511590510606766,746.1940307617188,0.05018067278887544,0.00727511321334153,11
431.5039978027344,1.4594709873199463,0.03540356829762459,746.1940307617188,0.050161498221115965,0.007263132713112281,11
431.7330017089844,1.4594656229019165,0.03525526449084282,746.1940307617188,0.050279874059868904,0.007139150566119289,11
431.9620056152344,1.459465503692627,0.03508982062339783,746.1940307617188,0.050286911314116216,0.007286411643955825,11
432.1910095214844,1.459462285041809,0.034953441470861435,746.1940307617188,0.05032258460905539,0.0071603025807426045,11
432.4200134277344,1.4594619274139404,0.03499927371740341,746.1940307617188,0.05039188928119788,0.007077642493888453,11
432.6490173339844,1.4594627618789673,0.03506038337945938,746.1940307617188,0.05039479745427358,0.007182388875287738,11
432.87799072265625,1.459460735321045,0.034980639815330505,746.1940307617188,0.050334686683777496,0.007159436570009322,11
433.10699462890625,1.4594634771347046,0.03477457910776138,746.1940307617188,0.05035592246273445,0.007233763105056483,11
433.33599853515625,1.459462285041809,0.03464975208044052,746.1940307617188,0.05042151030155047,0.007139942215651347,11
433.56500244140625,1.4594649076461792,0.03451598063111305,746.1940307617188,0.05048726610292581,0.007298105385878256,11
433.79400634765625,1.4594571590423584,0.034381091594696045,746.1940307617188,0.050371103622537126,0.007349236799638043,11
434.02301025390625,1.4594610929489136,0.03429165855050087,746.1940307617188,0.0505123921991514,0.007236146271505001,11
434.25201416015625,1.459463357925415,0.03411503881216049,746.1940307617188,0.050395528237003,0.007332968501913828,11
434.48101806640625,1.4594614505767822,0.034132178872823715,746.1940307617188,0.05030403236075505,0.007233720979630985,11
434.7099914550781,1.4594601392745972,0.03434420004487038,746.1940307617188,0.05048312388914086,0.007177091563855203,11
434.9389953613281,1.4594621658325195,0.034600939601659775,746.1940307617188,0.05060109990875114,0.007082380680601185,11
435.1679992675781,1.4594612121582031,0.03487146273255348,746.1940307617188,0.0503089856564806,0.007265982242610104,11
435.3970031738281,1.45945405960083,0.03504212573170662,746.1940307617188,0.05034767837472788,0.007325616758707338,11
435.6260070800781,1.4594628810882568,0.03517291694879532,746.1940307617188,0.050363210320690334,0.007113847869568022,11
435.8550109863281,1.4594557285308838,0.03516620770096779,746.1940307617188,0.050131774332715116,0.007155432985487781,11
436.0840148925781,1.4594645500183105,0.03506522625684738,746.1940307617188,0.050263177034368126,0.007184154364783063,11
436.3130187988281,1.459467887878418,0.035140495747327805,746.1940307617188,0.05032270797806233,0.007182189607839518,11
436.5419921875,1.459460735321045,0.03499442711472511,746.1940307617188,0.05053904424331101,0.007252628073845181,11
436.77099609375,1.4594608545303345,0.034872207790613174,746.1940307617188,0.05032031594454377,0.007122479713051278,11
437.0,1.45945405960083,0.03478128835558891,746.1940307617188,0.05033591793168459,0.0072224135202879815,11
437.22900390625,1.4594643115997314,0.034801408648490906,746.1940307617188,0.050388647292785395,0.00732454838045841,11
437.4580078125,1.4594578742980957,0.03473023697733879,746.1940307617188,0.050287864628041405,0.00729419768274815,11
437.68701171875,1.4594576358795166,0.03443959355354309,746.1940307617188,0.05026828163745704,0.007403742889937518,11
437.916015625,1.459456443786621,0.03429091349244118,746.1940307617188,0.050405309708283025,0.0072954416534224,11
438.14501953125,1.459464192390442,0.03426073119044304,746.1940307617188,0.05042085099073069,0.0071430002969888,11
438.3739929199219,1.4594511985778809,0.03427600860595703,746.1940307617188,0.05053029717277543,0.007240885866208756,11
438.6029968261719,1.4594613313674927,0.03425775095820427,746.1940307617188,0.05047453998883978,0.00729724555653036,11
438.8320007324219,1.4594535827636719,0.034371402114629745,746.1940307617188,0.05033169374380233,0.007194339356102597,11
439.0610046386719,1.4594511985778809,0.0345018208026886,746.1940307617188,0.050266643275216,0.007204370685349744,11
439.2900085449219,1.4594618082046509,0.03504696860909462,746.1940307617188,0.05040476707079557,0.007237529455460921,11
439.5190124511719,1.4594640731811523,0.03530184179544449,746.1940307617188,0.05033964887743572,0.00726292180857019,11
439.7480163574219,1.4594659805297852,0.03527091443538666,746.1940307617188,0.05027614819590084,0.007296512651825225,11
439.9770202636719,1.4594660997390747,0.03506075590848923,746.1940307617188,0.05036592434573019,0.007149849667860287,11
440.20599365234375,1.4594542980194092,0.03499852865934372,746.1940307617188,0.05031347433583481,0.007241078258896442,11
440.43499755859375,1.459463357925415,0.03507119044661522,746.1940307617188,0.050473879247330045,0.007236571607725697,11
440.66400146484375,1.4594560861587524,0.03532084822654724,746.1940307617188,0.05038021375618161,0.007371157807122832,11
440.89300537109375,1.4594686031341553,0.03534208610653877,746.1940307617188,0.0505245566872819,0.007274838369883189,11
441.12200927734375,1.4594643115997314,0.03513602539896965,746.1940307617188,0.05032390200335462,0.007214600617036961,11
441.35101318359375,1.4594591856002808,0.035060010850429535,746.1940307617188,0.05052650953308694,0.007353229846976871,11
441.58001708984375,1.459458589553833,0.034937042742967606,746.1940307617188,0.05030350907414767,0.007290742157036597,11
441.8089904785156,1.4594660997390747,0.034882642328739166,746.1940307617188,0.050362442373054914,0.0072599899506909735,11
442.0379943847656,1.4594601392745972,0.03458379581570625,746.1940307617188,0.05053156864019948,0.00720275306160566,11
442.2669982910156,1.4594645500183105,0.03443288430571556,746.1940307617188,0.050412049217268835,0.007314631193356424,11
442.4960021972656,1.4594601392745972,0.034203723073005676,746.1940307617188,0.05034141539110462,0.007102591980085131,11
442.7250061035156,1.4594652652740479,0.03443288430571556,746.1940307617188,0.05055706843404343,0.007263125757563592,11
442.9540100097656,1.4594632387161255,0.034741416573524475,746.1940307617188,0.05034296149648819,0.0072053504842993785,11
443.1830139160156,1.4594630002975464,0.03504473343491554,746.1940307617188,0.050278042245134796,0.007328186679710694,11
443.4120178222656,1.4594683647155762,0.03521539270877838,746.1940307617188,0.0502295818420773,0.007241066671800885,11
443.6409912109375,1.4594675302505493,0.0351744070649147,746.1940307617188,0.050403425050861234,0.007190405209990344,11
443.8699951171875,1.4594653844833374,0.03512335568666458,746.1940307617188,0.05050738859778678,0.007232662936156584,11
444.0989990234375,1.4594694375991821,0.034984368830919266,746.1940307617188,0.050616921430597706,0.007357952370842726,11
444.3280029296875,1.4594637155532837,0.034849848598241806,746.1940307617188,0.05041960329535913,0.0071171490146944025,11
444.5570068359375,1.4594664573669434,0.03480364382266998,746.1940307617188,0.050427365368262575,0.007255054903094588,11
444.7860107421875,1.4594659805297852,0.03470341116189957,746.1940307617188,0.050269380027515194,0.007212964231489982,11
445.0150146484375,1.4594558477401733,0.034591250121593475,746.1940307617188,0.05028861553124971,0.007420340195434585,11
445.2440185546875,1.4594672918319702,0.034563302993774414,746.1940307617188,0.050318647793475606,0.007350154077931357,11
445.4729919433594,1.4594569206237793,0.03444257378578186,746.1940307617188,0.05021939121057084,0.007391765939722404,11
445.7019958496094,1.4594594240188599,0.034374382346868515,746.1940307617188,0.05043811983501386,0.007335577141686331,11
445.9309997558594,1.4594511985778809,0.03412472456693649,746.1940307617188,0.05051215421951522,0.0073165556438819215,11
446.1600036621094,1.4594624042510986,0.03406994789838791,746.1940307617188,0.050372094434845784,0.007189918286844708,11
446.3890075683594,1.4594690799713135,0.03405020013451576,746.1940307617188,0.05035705216411629,0.007100726714872292,11
446.6180114746094,1.4594645500183105,0.03388661891222,746.1940307617188,0.050530432718459174,0.0071740755642463695,11
446.8470153808594,1.459463357925415,0.03400325030088425,746.1940307617188,0.05042261973201932,0.007217549010238288,11
447.0760192871094,1.4594626426696777,0.03430432826280594,746.1940307617188,0.050573225993772834,0.007208427919585114,11
447.30499267578125,1.4594624042510986,0.03469446673989296,746.1940307617188,0.0502876733460807,0.0072353396464814364,11
447.53399658203125,1.459457278251648,0.03494933992624283,746.1940307617188,0.05012551407045746,0.007319269555098898,11
447.76300048828125,1.4594621658325195,0.034882642328739166,746.1940307617188,0.050408986450252394,0.007336510762300134,11
447.99200439453125,1.4594600200653076,0.03457820788025856,746.1940307617188,0.05046470550437692,0.007187896163887407,11
448.22100830078125,1.4594664573669434,0.034502193331718445,746.1940307617188,0.050366373347477594,0.007268358891995234,11
448.45001220703125,1.4594663381576538,0.03443325683474541,746.1940307617188,0.05045327318569569,0.00724314389526219,11
448.67901611328125,1.4594630002975464,0.03437810763716698,746.1940307617188,0.05048591764126665,0.00729283853851847,11
448.90802001953125,1.4594656229019165,0.03426035866141319,746.1940307617188,0.05040635819748035,0.0071129941568140115,11
449.1369934082031,1.4594743251800537,0.03401480242609978,746.1940307617188,0.0503981358223001,0.007295722104978424,11
449.3659973144531,1.4594782590866089,0.034041259437799454,746.1940307617188,0.05056751299890291,0.0072783961343034454,11
449.5950012207031,1.4594656229019165,0.033886246383190155,746.1940307617188,0.05049679812548547,0.007434649158439531,11
449.8240051269531,1.4594658613204956,0.0338188000023365,746.1940307617188,0.050396928481439916,0.007296878341947623,11
450.0530090332031,1.4594643115997314,0.03362652659416199,746.1940307617188,0.050400944440338366,0.007325463175057328,11
405.39801025390625,1.4609493017196655,0.2022293508052826,535.8572998046875,0.050996737565567725,0.007530281101430053,12
405.62701416015625,1.4598225355148315,0.06074867770075798,535.8572998046875,0.05118549683530216,0.007683112031980357,12
405.85601806640625,1.4598215818405151,0.05279577150940895,535.8572998046875,0.05102937888117543,0.007550722015978416,12
406.0849914550781,1.4598052501678467,0.04893054813146591,535.8572998046875,0.051133638102184964,0.007669525869139753,12
406.3139953613281,1.4598238468170166,0.04695526883006096,535.8572998046875,0.051218742713096364,0.007803761659917743,12
406.5429992675781,1.4595030546188354,0.04464910551905632,535.8572998046875,0.051162713156072126,0.007802236434170555,12
406.7720031738281,1.459800362586975,0.044663261622190475,535.8572998046875,0.05112541418273906,0.007759848223354767,12
407.0010070800781,1.4598110914230347,0.04420978203415871,535.8572998046875,0.051123699205469414,0.0078000130060118696,12
407.2300109863281,1.4595328569412231,0.043126191943883896,535.8572998046875,0.05129515361990316,0.007620413446931387,12
407.4590148925781,1.4597980976104736,0.04340267926454544,535.8572998046875,0.051123378493463205,0.007728218553218888,12
407.6880187988281,1.459795355796814,0.04292348399758339,535.8572998046875,0.05098983269746177,0.007690884061291105,12
407.9169921875,1.4595057964324951,0.04140467196702957,535.8572998046875,0.05123584870082908,0.007737077202526402,12
408.14599609375,1.4595441818237305,0.041631970554590225,535.8572998046875,0.05100167014634957,0.007915207590286568,12
408.375,1.4598476886749268,0.041458699852228165,535.8572998046875,0.05129639619463928,0.007545501886837842,12
408.60400390625,1.459519386291504,0.04029387980699539,535.8572998046875,0.051098455226696024,0.007662442554741266,12
408.8330078125,1.459511637687683,0.0397990345954895,535.8572998046875,0.05102728643181502,0.007841277056361609,12
409.06201171875,1.4598125219345093,0.04010458663105965,535.8572998046875,0.05100718018097057,0.0077475883213306476,12
409.291015625,1.4598218202590942,0.04024767503142357,535.8572998046875,0.051119180092604334,0.007758247412240906,12
409.5199890136719,1.4598298072814941,0.03976251929998398,535.8572998046875,0.05126076323829193,0.007847533653951827,12
409.7489929199219,1.4595052003860474,0.038369279354810715,535.8572998046875,0.05121190151743291,0.007642828870329786,12
409.9779968261719,1.4594959020614624,0.03809018433094025,535.8572998046875,0.05123941599219067,0.007811352160393045,12
410.2070007324219,1.4595283269882202,0.03834804147481918,535.8572998046875,0.05131261457488684,0.00769945795138892,12
410.4360046386719,1.4598360061645508,0.03880375996232033,535.8572998046875,0.05122453544323812,0.007849843395443519,12
410.6650085449219,1.4595381021499634,0.038185205310583115,535.8572998046875,0.05103799305155773,0.007843570024792086,12
410.8940124511719,1.4595143795013428,0.03820718824863434,535.8572998046875,0.05110617933001177,0.007773271614636622,12
411.1230163574219,1.4598098993301392,0.03891889750957489,535.8572998046875,0.051230374850695835,0.007877592740792267,12
411.35198974609375,1.459502100944519,0.03866402432322502,535.8572998046875,0.051065568254939825,0.0077166269578782445,12
411.58099365234375,1.4598183631896973,0.03934517875313759,535.8572998046875,0.05114475105717237,0.007798913922060873,12
411.80999755859375,1.459802269935608,0.039236001670360565,535.8572998046875,0.05106383156097445,0.007752506445935071,12
412.03900146484375,1.4598050117492676,0.03874712064862251,535.8572998046875,0.05105471439172391,0.0077887716945781995,12
412.26800537109375,1.459803819656372,0.038332387804985046,535.8572998046875,0.050982147944112245,0.007970970011417448,12
412.49700927734375,1.4598057270050049,0.03819340094923973,535.8572998046875,0.05111194080568063,0.007769615895754468,12
412.72601318359375,1.4594916105270386,0.03746417537331581,535.8572998046875,0.05121254567083362,0.00779128014065086,12
412.95501708984375,1.4595667123794556,0.03704683855175972,535.8572998046875,0.05110960181195755,0.007775699695944711,12
413.1839904785156,1.459526777267456,0.03801789507269859,535.8572998046875,0.051283399662374614,0.007963932997221132,12
413.4129943847656,1.4598050117492676,0.03757484629750252,535.8572998046875,0.05113778780368289,0.0079608376489158,12
413.6419982910156,1.4598370790481567,0.03711875528097153,535.8572998046875,0.05122890556020587,0.00765878945826592,12
413.8710021972656,1.4594801664352417,0.036739423871040344,535.8572998046875,0.050951031135903886,0.007735803636475859,12
414.1000061035156,1.4598742723464966,0.0385742224752903,535.8572998046875,0.05117672418715079,0.007921952680716866,12
414.3290100097656,1.45949125289917,0.03622743859887123,535.8572998046875,0.05131304610157065,0.007877976238390483,12
414.5580139160156,1.4594992399215698,0.036364562809467316,535.8572998046875,0.05134179089847207,0.007873280757797122,12
414.7870178222656,1.4595087766647339,0.03652181103825569,535.8572998046875,0.05117392450218511,0.007891222953571532,12
415.0159912109375,1.459797739982605,0.03738220036029816,535.8572998046875,0.051249473633278836,0.007784609548419713,12
415.2449951171875,1.4598137140274048,0.03809279203414917,535.8572998046875,0.05116096488979937,0.007689040851596324,12
415.4739990234375,1.459494948387146,0.03722569718956947,535.8572998046875,0.05112548558433575,0.007622343784005539,12
415.7030029296875,1.459504246711731,0.03793591633439064,535.8572998046875,0.051162558134734755,0.007609666809595328,12
415.9320068359375,1.4594933986663818,0.03684040531516075,535.8572998046875,0.05125859488429955,0.007816182972784117,12
416.1610107421875,1.4594953060150146,0.036958154290914536,535.8572998046875,0.051339775432185736,0.007832980052701968,12
416.3900146484375,1.4595056772232056,0.03690747916698456,535.8572998046875,0.05105623555146024,0.007929940124386315,12
416.6190185546875,1.459494709968567,0.036506906151771545,535.8572998046875,0.05119645777247255,0.007848957489875411,12
416.8479919433594,1.4594975709915161,0.03620843589305878,535.8572998046875,0.05122261869335233,0.007777825408181087,12
417.0769958496094,1.459500789642334,0.03610261157155037,535.8572998046875,0.05128934909092604,0.007884311736220586,12
417.3059997558594,1.4594826698303223,0.036091431975364685,535.8572998046875,0.0513606330974997,0.0077137462659563946,12
417.5350036621094,1.4594846963882446,0.036005355417728424,535.8572998046875,0.05113329358920928,0.007790505499565909,12
417.7640075683594,1.459795594215393,0.03621290624141693,535.8572998046875,0.05127930506943737,0.007803932205619442,12
417.9930114746094,1.4594906568527222,0.03542257100343704,535.8572998046875,0.05144658289139371,0.007833069649566142,12
418.2220153808594,1.4595009088516235,0.035639438778162,535.8572998046875,0.05128962015302172,0.007693057566601463,12
418.4510192871094,1.4595035314559937,0.03569682314991951,535.8572998046875,0.051328998244336545,0.0077694598796726536,12
418.67999267578125,1.4594886302947998,0.03559211641550064,535.8572998046875,0.051333217851132214,0.007824271396253584,12
418.90899658203125,1.4594926834106445,0.035705022513866425,535.8572998046875,0.051356835459855116,0.00780714341923818,12
419.13800048828125,1.4594944715499878,0.03606795519590378,535.8572998046875,0.05130391071006359,0.007693395354889703,12
419.36700439453125,1.4594935178756714,0.03634891286492348,535.8572998046875,0.051213904687052024,0.007959674830026991,12
419.59600830078125,1.4595426321029663,0.036526285111904144,535.8572998046875,0.05120628138327856,0.007773802182770266,12
419.82501220703125,1.4594942331314087,0.03634257987141609,535.8572998046875,0.05124040075375174,0.007913221614046463,12
420.05401611328125,1.4594988822937012,0.03547138720750809,535.8572998046875,0.051225398968011294,0.007681915408692485,12
420.2829895019531,1.4594900608062744,0.03564241901040077,535.8572998046875,0.051385357649672087,0.007770756871739742,12
420.5119934082031,1.4595513343811035,0.03535810858011246,535.8572998046875,0.05144356662797266,0.007862979562481264,12
420.7409973144531,1.459499716758728,0.03562639653682709,535.8572998046875,0.05133430444385559,0.007988390362952614,12
420.9700012207031,1.4594916105270386,0.03547399491071701,535.8572998046875,0.051441492806658926,0.00794145158606658,12
421.1990051269531,1.459865927696228,0.03564763814210892,535.8572998046875,0.05150188351698552,0.008000087736819924,12
421.4280090332031,1.4598231315612793,0.03556714951992035,535.8572998046875,0.05130887830100312,0.007861409973599522,12
421.6570129394531,1.459477424621582,0.034775324165821075,535.8572998046875,0.05144133522641786,0.00800405360247836,12
421.8860168457031,1.4594725370407104,0.0348166860640049,535.8572998046875,0.05132789382999339,0.007880606504205396,12
422.114990234375,1.4594900608062744,0.034659065306186676,535.8572998046875,0.05123520072138223,0.008027882839416117,12
422.343994140625,1.4598151445388794,0.03558913618326187,535.8572998046875,0.051382869260628815,0.007823992442520982,12
422.572998046875,1.4595290422439575,0.03516993299126625,535.8572998046875,0.05151729207530653,0.007927542304813608,12
422.802001953125,1.4594976902008057,0.03497430682182312,535.8572998046875,0.051398115347477825,0.007966763711729587,12
423.031005859375,1.4594786167144775,0.03538195788860321,535.8572998046875,0.05134743108029309,0.00782326859457696,12
423.260009765625,1.4594876766204834,0.03581010177731514,535.8572998046875,0.051479019472457956,0.007892252057599693,12
423.489013671875,1.4594796895980835,0.03568974509835243,535.8572998046875,0.05125611192320837,0.00787819780469622,12
423.718017578125,1.4595023393630981,0.035619691014289856,535.8572998046875,0.05137398793727962,0.0078013557340183325,12
423.9469909667969,1.4594993591308594,0.035534732043743134,535.8572998046875,0.05135647012804048,0.007949591703619181,12
424.1759948730469,1.4598039388656616,0.03622296825051308,535.8572998046875,0.051229402254501545,0.007916800416253492,12
424.4049987792969,1.459496021270752,0.035140495747327805,535.8572998046875,0.051564235924528114,0.007871597920579183,12
424.6340026855469,1.459818959236145,0.0358041375875473,535.8572998046875,0.051397488638698946,0.0079228590367953,12
424.8630065917969,1.459503412246704,0.0350831113755703,535.8572998046875,0.051271707089520814,0.007954731224315547,12
425.0920104980469,1.4595109224319458,0.03525638207793236,535.8572998046875,0.05125885247935035,0.007919762410618567,12
425.3210144042969,1.4598225355148315,0.035883136093616486,535.8572998046875,0.05150226724242004,0.007882771391701116,12
425.5500183105469,1.4595205783843994,0.03485320508480072,535.8572998046875,0.051400870437503896,0.007888511947561844,12
425.77899169921875,1.459488034248352,0.03442841395735741,535.8572998046875,0.051432200567464136,0.007975726198780194,12
426.00799560546875,1.459484338760376,0.03427824750542641,535.8572998046875,0.05162386944869109,0.007920957025462723,12
426.23699951171875,1.4594964981079102,0.03435910493135452,535.8572998046875,0.05155978722151825,0.0077668218767844984,12
426.46600341796875,1.459803581237793,0.03512223809957504,535.8572998046875,0.05139286530920949,0.007945988214636799,12
426.69500732421875,1.459488034248352,0.03462180495262146,535.8572998046875,0.05144293207623346,0.008076253033773078,12
426.92401123046875,1.459491491317749,0.03493257239460945,535.8572998046875,0.051506063813096026,0.00799678817133324,12
427.15301513671875,1.4598007202148438,0.03601541742682457,535.8572998046875,0.05153920420332345,0.007915734498137457,12
427.38201904296875,1.4598106145858765,0.03633959963917732,535.8572998046875,0.05117418416957658,0.007792228760437708,12
427.6109924316406,1.4598078727722168,0.03636866435408592,535.8572998046875,0.051330937194886246,0.00787903191955624,12
427.8399963378906,1.4595028162002563,0.035423316061496735,535.8572998046875,0.05147906236169059,0.007932122624791685,12
428.0690002441406,1.4595005512237549,0.035289544612169266,535.8572998046875,0.0513057161573146,0.007904135365619852,12
428.2980041503906,1.4595067501068115,0.03515279293060303,535.8572998046875,0.05148271228801484,0.007986420364106628,12
428.5270080566406,1.4594990015029907,0.035100627690553665,535.8572998046875,0.05148194888500202,0.00784461140593432,12
428.7560119628906,1.459828495979309,0.035788487643003464,535.8572998046875,0.05142625405317651,0.00789966149535874,12
428.9850158691406,1.4595117568969727,0.0349668525159359,535.8572998046875,0.05141149567191433,0.007803470493128121,12
429.2140197753906,1.4598169326782227,0.035452380776405334,535.8572998046875,0.051541870695831646,0.00787492715819167,12
429.4429931640625,1.45950448513031,0.03472576662898064,535.8572998046875,0.051337413443445376,0.007669155375969034,12
429.6719970703125,1.4595091342926025,0.034773461520671844,535.8572998046875,0.05133660451603039,0.008055233517411432,12
429.9010009765625,1.4598135948181152,0.03519974276423454,535.8572998046875,0.05151291989487152,0.008014393110204073,12
430.1300048828125,1.4595158100128174,0.0343177430331707,535.8572998046875,0.05140019726973751,0.007929217183274714,12
430.3590087890625,1.4598050117492676,0.0347876213490963,535.8572998046875,0.05133929120352004,0.007806608455078455,12
430.5880126953125,1.4595069885253906,0.0343661867082119,535.8572998046875,0.051398271108274975,0.0079111935747202,12
430.8170166015625,1.4595086574554443,0.034787993878126144,535.8572998046875,0.05135304385556813,0.007881460216876355,12
431.0459899902344,1.4595062732696533,0.035127826035022736,535.8572998046875,0.05143779405278664,0.00785476806364032,12
431.2749938964844,1.4595152139663696,0.035200487822294235,535.8572998046875,0.05133680673114563,0.007689555639265209,12
431.5039978027344,1.4595023393630981,0.035491134971380234,535.8572998046875,0.05136364931859841,0.007815797073989526,12
431.7330017089844,1.4594931602478027,0.03545089066028595,535.8572998046875,0.05134254454175262,0.008048163707359675,12
431.9620056152344,1.4594953060150146,0.035334259271621704,535.8572998046875,0.05135680860856199,0.007887383352931722,12
432.1910095214844,1.4598019123077393,0.03587791696190834,535.8572998046875,0.05134686758255567,0.008036875902747136,12
432.4200134277344,1.4594995975494385,0.03478836640715599,535.8572998046875,0.051401605622219244,0.007917396271070973,12
432.6490173339844,1.4598172903060913,0.035370778292417526,535.8572998046875,0.051246026926041265,0.0078482287182631,12
432.87799072265625,1.459810495376587,0.03537152335047722,535.8572998046875,0.05143996255493047,0.008059457433153304,12
433.10699462890625,1.4598047733306885,0.035297371447086334,535.8572998046875,0.051345063112330176,0.007950580558398932,12
433.33599853515625,1.4598064422607422,0.03520794212818146,535.8572998046875,0.05128558838349406,0.007969219274823804,12
433.56500244140625,1.4594992399215698,0.0342257060110569,535.8572998046875,0.05128190101917619,0.00801482667403816,12
433.79400634765625,1.4594991207122803,0.03405504301190376,535.8572998046875,0.05153022549466793,0.007936591323470637,12
434.02301025390625,1.459506869316101,0.034149691462516785,535.8572998046875,0.05147427405776639,0.007914540742118044,12
434.25201416015625,1.4598004817962646,0.034687384963035583,535.8572998046875,0.05155591956530968,0.007852593829950722,12
434.48101806640625,1.4595023393630981,0.034128449857234955,535.8572998046875,0.05143734562485672,0.00790435292712324,12
434.7099914550781,1.4594972133636475,0.03426706790924072,535.8572998046875,0.05155835100574536,0.007829747396143377,12
434.9389953613281,1.459489107131958,0.034405309706926346,535.8572998046875,0.05139196829941625,0.007834497200597286,12
435.1679992675781,1.45949125289917,0.034948594868183136,535.8572998046875,0.05152654767931738,0.008054022003429532,12
435.3970031738281,1.45949387550354,0.0353245735168457,535.8572998046875,0.05150362288653916,0.007848485689771853,12
435.6260070800781,1.4597939252853394,0.03581792488694191,535.8572998046875,0.051382343957645515,0.007832912491215377,12
435.8550109863281,1.4595117568969727,0.03498101234436035,535.8572998046875,0.05147426399399408,0.007913945614968622,12
436.0840148925781,1.459501028060913,0.03500523418188095,535.8572998046875,0.05141752754746739,0.007909251585138378,12
436.3130187988281,1.4594922065734863,0.034878917038440704,535.8572998046875,0.05147100019541372,0.00802681329391224,12
436.5419921875,1.4594941139221191,0.03472837433218956,535.8572998046875,0.051447138142978556,0.007883033166333247,12
436.77099609375,1.4594913721084595,0.03453647345304489,535.8572998046875,0.05157418943490466,0.007754728471051836,12
437.0,1.4594920873641968,0.034374382346868515,535.8572998046875,0.05128969847614881,0.007811219322076165,12
437.22900390625,1.4594944715499878,0.03422794118523598,535.8572998046875,0.05137361723742497,0.007912327390902764,12
437.4580078125,1.4594895839691162,0.0342644602060318,535.8572998046875,0.05135789413772509,0.007906376405915502,12
437.68701171875,1.4594937562942505,0.034009210765361786,535.8572998046875,0.051500962765567496,0.007909931035142391,12
437.916015625,1.459792971611023,0.03448617085814476,535.8572998046875,0.05148819092370612,0.007869385676023778,12
438.14501953125,1.4595025777816772,0.033777810633182526,535.8572998046875,0.05157054689731357,0.008076887392913687,12
438.3739929199219,1.4598015546798706,0.03425253555178642,535.8572998046875,0.051536701232325614,0.007876764560872053,12
438.6029968261719,1.4595012664794922,0.033975303173065186,535.8572998046875,0.051663143244290485,0.008043088763387319,12
438.8320007324219,1.459498405456543,0.034196268767118454,535.8572998046875,0.05159921259398845,0.007972513585782005,12
439.0610046386719,1.4594992399215698,0.03444667160511017,535.8572998046875,0.05136105626749719,0.007875069506551912,12
439.2900085449219,1.459496259689331,0.03468291461467743,535.8572998046875,0.051322020190797416,0.00784135251401072,12
439.5190124511719,1.4594975709915161,0.03475445881485939,535.8572998046875,0.0513395885308123,0.0078088671795298725,12
439.7480163574219,1.459802508354187,0.03530817851424217,535.8572998046875,0.051456680202621605,0.008116045747022895,12
439.9770202636719,1.4598021507263184,0.03530929610133171,535.8572998046875,0.051259251337422,0.0078057570399034625,12
440.20599365234375,1.459488868713379,0.03439972177147865,535.8572998046875,0.05134173195358246,0.007890361693631075,12
440.43499755859375,1.4595074653625488,0.03424582630395889,535.8572998046875,0.05140093536440111,0.007865186167436927,12
440.66400146484375,1.4594944715499878,0.03410534933209419,535.8572998046875,0.05153237166122719,0.008121793064404493,12
440.89300537109375,1.4598170518875122,0.03464006260037422,535.8572998046875,0.05164207322150296,0.007975445441408489,12
441.12200927734375,1.4594918489456177,0.034026723355054855,535.8572998046875,0.05146766442291836,0.008013410072136698,12
441.35101318359375,1.4594963788986206,0.03379197046160698,535.8572998046875,0.05148118362042562,0.00795787133876752,12
441.58001708984375,1.4595048427581787,0.03354007750749588,535.8572998046875,0.051411571161679895,0.007994990855883843,12
441.8089904785156,1.459800124168396,0.034001387655735016,535.8572998046875,0.05160958132364412,0.008078656433493564,12
442.0379943847656,1.4595028162002563,0.03344804048538208,535.8572998046875,0.05147900444916624,0.008004044361242494,12
442.2669982910156,1.4598065614700317,0.03411652892827988,535.8572998046875,0.05162097074066958,0.007939751539855884,12
442.4960021972656,1.4594964981079102,0.033440962433815,535.8572998046875,0.05128957080732691,0.007975799462595492,12
442.7250061035156,1.4594848155975342,0.033591873943805695,535.8572998046875,0.05153624846444958,0.007926475252929808,12
442.9540100097656,1.4598073959350586,0.03453870862722397,535.8572998046875,0.05149424093739334,0.008035977361781577,12
443.1830139160156,1.4594919681549072,0.034319233149290085,535.8572998046875,0.05143039855590146,0.007886184780602446,12
443.4120178222656,1.4594923257827759,0.03456777334213257,535.8572998046875,0.051419428773693245,0.007992954586334073,12
443.6409912109375,1.4598057270050049,0.0350249819457531,535.8572998046875,0.05149355503708598,0.007877467553419358,12
443.8699951171875,1.4594871997833252,0.034182481467723846,535.8572998046875,0.05172295379986991,0.007953969946649658,12
444.0989990234375,1.4594999551773071,0.0341433547437191,535.8572998046875,0.05148794136712935,0.007836375070426305,12
444.3280029296875,1.4594913721084595,0.03402970731258392,535.8572998046875,0.05159482161832612,0.00776278704297962,12
444.5570068359375,1.4597938060760498,0.03459087759256363,535.8572998046875,0.05137005589437579,0.007933921822621183,12
444.7860107421875,1.4594998359680176,0.03385084867477417,535.8572998046875,0.05154322137025479,0.007836992394955783,12
445.0150146484375,1.4598100185394287,0.03438146412372589,535.8572998046875,0.05159936561091244,0.008013365543370406,12
445.2440185546875,1.4594932794570923,0.03363770619034767,535.8572998046875,0.05153638470680624,0.007911955206063227,12
445.4729919433594,1.459498405456543,0.03363360837101936,535.8572998046875,0.05145768057424041,0.007886111379109715,12
445.7019958496094,1.4597958326339722,0.034042004495859146,535.8572998046875,0.051557316360935544,0.007994234500089648,12
445.9309997558594,1.4595024585723877,0.033359356224536896,535.8572998046875,0.05150705380236841,0.007909772965834087,12
446.1600036621094,1.4595022201538086,0.033139508217573166,535.8572998046875,0.05161826477673544,0.007953499107417111,12
446.3890075683594,1.4598017930984497,0.03374166786670685,535.8572998046875,0.051485055490300496,0.00815153159184089,12
446.6180114746094,1.4594939947128296,0.03346741572022438,535.8572998046875,0.05169858443063506,0.008017697715491903,12
446.8470153808594,1.4595012664794922,0.03377445787191391,535.8572998046875,0.05160971788352978,0.007771936631937985,12
447.0760192871094,1.4598084688186646,0.03466353937983513,535.8572998046875,0.051614077129119945,0.007929999620009431,12
447.30499267578125,1.4594935178756714,0.03442170470952988,535.8572998046875,0.05158097073980387,0.008005168857703224,12
447.53399658203125,1.459496259689331,0.034308429807424545,535.8572998046875,0.05157520240919449,0.007927980756438753,12
447.76300048828125,1.4594968557357788,0.03445487096905708,535.8572998046875,0.05159714896828231,0.008036090556777835,12
447.99200439453125,1.4597959518432617,0.03498772159218788,535.8572998046875,0.05152423975541519,0.008021174422016199,12
448.22100830078125,1.4598021507263184,0.03457149863243103,535.8572998046875,0.05144425086182651,0.007980961040335544,12
448.45001220703125,1.4594964981079102,0.033800914883613586,535.8572998046875,0.05145930523075772,0.007826134909930449,12
448.67901611328125,1.4594945907592773,0.033823274075984955,535.8572998046875,0.05146753425091394,0.007928748581243348,12
448.90802001953125,1.4594964981079102,0.033927980810403824,535.8572998046875,0.051601043439821206,0.00780245220585872,12
449.1369934082031,1.459500789642334,0.033947356045246124,535.8572998046875,0.051389927997907536,0.00790352535092072,12
449.3659973144531,1.4595071077346802,0.033667515963315964,535.8572998046875,0.05152805559630865,0.007896085647213502,12
449.5950012207031,1.4594999551773071,0.03361348435282707,535.8572998046875,0.05154855595847397,0.007919190698175786,12
449.8240051269531,1.4594987630844116,0.03355759382247925,535.8572998046875,0.05158741682380995,0.007919323155577926,12
450.0530090332031,1.4598091840744019,0.03402896225452423,535.8572998046875,0.05156500523313078,0.007983479559773375,12
405.39801025390625,1.4609544277191162,0.20263700187206268,385.6169128417969,0.05176765476900939,0.008666982713103021,13
405.62701416015625,1.4594789743423462,0.06073451787233353,385.6169128417969,0.051991667877771486,0.00879023397484959,13
405.85601806640625,1.4594979286193848,0.05276000127196312,385.6169128417969,0.05198695131824008,0.008632076016997468,13
406.0849914550781,1.4594887495040894,0.04878336191177368,385.6169128417969,0.05202565397546516,0.008649478481594863,13
406.3139953613281,1.4594953060150146,0.04667244851589203,385.6169128417969,0.05201068335799156,0.008834920130563207,13
406.5429992675781,1.4594892263412476,0.045102957636117935,385.6169128417969,0.05189987014293368,0.008867859573874265,13
406.7720031738281,1.4594837427139282,0.043923232704401016,385.6169128417969,0.05192858792235882,0.00879238061080946,13
407.0010070800781,1.4594826698303223,0.043402306735515594,385.6169128417969,0.051917439126971436,0.008940259199859467,13
407.2300109863281,1.4595054388046265,0.04297751560807228,385.6169128417969,0.05211072062525834,0.008749633802562731,13
407.4590148925781,1.4594939947128296,0.04259408637881279,385.6169128417969,0.05198967979243975,0.008796655292934105,13
407.6880187988281,1.4594910144805908,0.04249906539916992,385.6169128417969,0.05179421646646421,0.008833362216635783,13
407.9169921875,1.4594842195510864,0.041968077421188354,385.6169128417969,0.05184222581001716,0.008864055961032659,13
408.14599609375,1.4594876766204834,0.04137486219406128,385.6169128417969,0.051892301869745534,0.008910142638721554,13
408.375,1.4594871997833252,0.041001491248607635,385.6169128417969,0.05187812759500398,0.00873112664676929,13
408.60400390625,1.459490418434143,0.040490251034498215,385.6169128417969,0.051948290829794505,0.00877237139256049,13
408.8330078125,1.4594976902008057,0.0399298258125782,385.6169128417969,0.05186522322728187,0.008718267486158672,13
409.06201171875,1.459481120109558,0.039866480976343155,385.6169128417969,0.05207938461950256,0.008828375768543055,13
409.291015625,1.4594889879226685,0.03950317203998566,385.6169128417969,0.05178357535686566,0.008933607361659752,13
409.5199890136719,1.4594932794570923,0.03909775987267494,385.6169128417969,0.05215363232238952,0.008828770434202188,13
409.7489929199219,1.4594948291778564,0.03888014703989029,385.6169128417969,0.051986535226260004,0.008965692441847828,13
409.9779968261719,1.4594876766204834,0.038402069360017776,385.6169128417969,0.05212738010016706,0.008886035383478232,13
410.2070007324219,1.4594922065734863,0.038093164563179016,385.6169128417969,0.052086627056725975,0.008982647554565746,13
410.4360046386719,1.459496259689331,0.03808794915676117,385.6169128417969,0.052096885831943704,0.008838209149710865,13
410.6650085449219,1.459488868713379,0.03772985562682152,385.6169128417969,0.0521012622243642,0.00892700727235743,13
410.8940124511719,1.4594863653182983,0.03783680126070976,385.6169128417969,0.0520107783246538,0.008851484448447869,13
411.1230163574219,1.459498405456543,0.03804807737469673,385.6169128417969,0.05207025160484792,0.008851342305404962,13
411.35198974609375,1.4594813585281372,0.03799591213464737,385.6169128417969,0.05202673742364281,0.008907969120138836,13
411.58099365234375,1.4594831466674805,0.03842852637171745,385.6169128417969,0.05202906566308438,0.008774963210631372,13
411.80999755859375,1.459477186203003,0.03864949196577072,385.6169128417969,0.05193509592683766,0.008842917256967077,13
412.03900146484375,1.4594836235046387,0.03832605481147766,385.6169128417969,0.052092562749822685,0.008888484542155663,13
412.26800537109375,1.4594818353652954,0.038086459040641785,385.6169128417969,0.05197062622468829,0.008922586746777227,13
412.49700927734375,1.4594908952713013,0.037931445986032486,385.6169128417969,0.05213192894941559,0.008965798647929296,13
412.72601318359375,1.4594805240631104,0.037452999502420425,385.6169128417969,0.05195264976584229,0.00891374641160787,13
412.95501708984375,1.4594818353652954,0.037499576807022095,385.6169128417969,0.05192005217396514,0.008917774841113297,13
413.1839904785156,1.459476113319397,0.037161607295274734,385.6169128417969,0.051876454647455855,0.008931667043715666,13
413.4129943847656,1.4594810009002686,0.03696858882904053,385.6169128417969,0.05212210730148248,0.00886913957336614,13
413.6419982910156,1.4594900608062744,0.03701106458902359,385.6169128417969,0.052137571003184245,0.008828030279328198,13
413.8710021972656,1.4594825506210327,0.03671073168516159,385.6169128417969,0.052046937722545365,0.00873369333670954,13
414.1000061035156,1.4594836235046387,0.0362401083111763,385.6169128417969,0.05212627990415377,0.009048967255793005,13
414.3290100097656,1.4594780206680298,0.03625985607504845,385.6169128417969,0.0521637682136828,0.008771188809210044,13
414.5580139160156,1.4594793319702148,0.036078017204999924,385.6169128417969,0.05220061543268738,0.008790975263231566,13
414.7870178222656,1.4594836235046387,0.036018770188093185,385.6169128417969,0.05206891180944511,0.008764199592035855,13
415.0159912109375,1.4594908952713013,0.0363563671708107,385.6169128417969,0.052185195543081,0.008809132934606754,13
415.2449951171875,1.4594908952713013,0.03653857856988907,385.6169128417969,0.052226672699632395,0.008827020499309526,13
415.4739990234375,1.4594908952713013,0.03682773560285568,385.6169128417969,0.05227119707542262,0.008749992193288753,13
415.7030029296875,1.459485411643982,0.03729277104139328,385.6169128417969,0.052109204671329845,0.008928320170730341,13
415.9320068359375,1.4594855308532715,0.037134405225515366,385.6169128417969,0.05180839944855481,0.008657982911829301,13
416.1610107421875,1.4594933986663818,0.03699541464447975,385.6169128417969,0.05225235027721044,0.008982116068424537,13
416.3900146484375,1.4594930410385132,0.03701106831431389,385.6169128417969,0.05209943095462006,0.008906857075157934,13
416.6190185546875,1.4594876766204834,0.036563172936439514,385.6169128417969,0.051957268927519826,0.008917242440214806,13
416.8479919433594,1.4594746828079224,0.036607515066862106,385.6169128417969,0.05207627311588775,0.00880207981592051,13
417.0769958496094,1.4594887495040894,0.03650616109371185,385.6169128417969,0.05214250300938176,0.00893503000674044,13
417.3059997558594,1.4594955444335938,0.036219242960214615,385.6169128417969,0.052148751818057684,0.008861827337882657,13
417.5350036621094,1.4594924449920654,0.03614620864391327,385.6169128417969,0.05233021508205619,0.008903960824845404,13
417.7640075683594,1.4594827890396118,0.03604559972882271,385.6169128417969,0.05197232789685366,0.008972282745102145,13
417.9930114746094,1.459494709968567,0.03585667908191681,385.6169128417969,0.05222787902253069,0.008966185996226889,13
418.2220153808594,1.4594879150390625,0.0357944518327713,385.6169128417969,0.05211727457987384,0.008956712346927189,13
418.4510192871094,1.4594999551773071,0.03568415343761444,385.6169128417969,0.0522810130521797,0.008990296386683094,13
418.67999267578125,1.4594881534576416,0.035574231296777725,385.6169128417969,0.052126575992662225,0.008952262139208614,13
418.90899658203125,1.4594824314117432,0.03580451011657715,385.6169128417969,0.052225334781355784,0.009073701980483585,13
419.13800048828125,1.4594969749450684,0.036076899617910385,385.6169128417969,0.051994133185033535,0.008914036765501572,13
419.36700439453125,1.4594929218292236,0.03613763675093651,385.6169128417969,0.052196811611118665,0.008726602369439252,13
419.59600830078125,1.4594885110855103,0.0367245189845562,385.6169128417969,0.05206398987360804,0.008920804719961203,13
419.82501220703125,1.4594824314117432,0.03667980432510376,385.6169128417969,0.052110341682644994,0.00885257104899335,13
420.05401611328125,1.4594838619232178,0.036562055349349976,385.6169128417969,0.05216137715938101,0.008970901647783004,13
420.2829895019531,1.4594827890396118,0.03665931150317192,385.6169128417969,0.052332183248308746,0.008890930117695891,13
420.5119934082031,1.459479570388794,0.036397356539964676,385.6169128417969,0.05217134856481145,0.008903079733229026,13
420.7409973144531,1.4594838619232178,0.03620023652911186,385.6169128417969,0.052236166303626604,0.009083625283036923,13
420.9700012207031,1.459490180015564,0.036260973662137985,385.6169128417969,0.052187155640632296,0.008762752247390655,13
421.1990051269531,1.4594815969467163,0.03596436604857445,385.6169128417969,0.05220833545184883,0.008820618112990746,13
421.4280090332031,1.4594817161560059,0.03585779666900635,385.6169128417969,0.052055716173481446,0.008915568871869332,13
421.6570129394531,1.4594886302947998,0.035889096558094025,385.6169128417969,0.05217420551087748,0.008968747111596044,13
421.8860168457031,1.4594895839691162,0.0354602076113224,385.6169128417969,0.05246723009824096,0.008951023216043531,13
422.114990234375,1.4594781398773193,0.035476602613925934,385.6169128417969,0.05219223820451566,0.008767005817792335,13
422.343994140625,1.4594851732254028,0.03550790250301361,385.6169128417969,0.052203074959799055,0.009035466073721372,13
422.572998046875,1.4594848155975342,0.03518819063901901,385.6169128417969,0.05226720774623931,0.008836575978904328,13
422.802001953125,1.4594776630401611,0.035427045077085495,385.6169128417969,0.05236606644068078,0.008869686308739739,13
423.031005859375,1.4594939947128296,0.03557311370968819,385.6169128417969,0.05220847667462164,0.008879129428100034,13
423.260009765625,1.4594873189926147,0.03548629209399223,385.6169128417969,0.05242298352402443,0.008774591170989658,13
423.489013671875,1.4594881534576416,0.03615701198577881,385.6169128417969,0.052235613085496145,0.008805559017218674,13
423.718017578125,1.4594762325286865,0.03627140820026398,385.6169128417969,0.052245921402273805,0.008839697462182501,13
423.9469909667969,1.4594805240631104,0.03624122589826584,385.6169128417969,0.05215220688913699,0.008882539330045522,13
424.1759948730469,1.4594839811325073,0.03625240549445152,385.6169128417969,0.052235694392817666,0.009035428060127026,13
424.4049987792969,1.4594848155975342,0.036129068583250046,385.6169128417969,0.052189960546826036,0.008999353289440265,13
424.6340026855469,1.4594961404800415,0.035860031843185425,385.6169128417969,0.05220462548804773,0.008974187743172908,13
424.8630065917969,1.4594857692718506,0.035737812519073486,385.6169128417969,0.05218779071409627,0.009009670733809377,13
425.0920104980469,1.459489107131958,0.035489272326231,385.6169128417969,0.052240726515345004,0.008962980689418422,13
425.3210144042969,1.459486961364746,0.0353536382317543,385.6169128417969,0.05220107449314949,0.008980439086787027,13
425.5500183105469,1.4597907066345215,0.03605156019330025,385.6169128417969,0.05233918517148695,0.00885439090365975,13
425.77899169921875,1.4594765901565552,0.03506634384393692,385.6169128417969,0.05228128178921489,0.008705069353386208,13
426.00799560546875,1.4594788551330566,0.03507230803370476,385.6169128417969,0.05231445176254966,0.008976425860738506,13
426.23699951171875,1.4594779014587402,0.03503169119358063,385.6169128417969,0.05217277280566074,0.008932003289998425,13
426.46600341796875,1.4594920873641968,0.03483419865369797,385.6169128417969,0.052125777934505936,0.009004718559742367,13
426.69500732421875,1.459483027458191,0.03492437303066254,385.6169128417969,0.05240040861094307,0.009031412597212974,13
426.92401123046875,1.459486484527588,0.035096898674964905,385.6169128417969,0.05222530066666418,0.008915970793829006,13
427.15301513671875,1.459475040435791,0.035029083490371704,385.6169128417969,0.05221157139700171,0.009109495594773555,13
427.38201904296875,1.4594807624816895,0.035554107278585434,385.6169128417969,0.05218945870880608,0.009015033840138752,13
427.6109924316406,1.4594746828079224,0.03576464205980301,385.6169128417969,0.05215042113006658,0.008877686867688646,13
427.8399963378906,1.4594849348068237,0.035717688500881195,385.6169128417969,0.052175464509685396,0.009045819193203552,13
428.0690002441406,1.459485411643982,0.03576836735010147,385.6169128417969,0.05223547151622286,0.00888402479402616,13
428.2980041503906,1.459488868713379,0.03565695136785507,385.6169128417969,0.05220932165036186,0.00882833226847813,13
428.5270080566406,1.4594820737838745,0.035371895879507065,385.6169128417969,0.05216620248450051,0.0088882634149437,13
428.7560119628906,1.4594794511795044,0.03550492227077484,385.6169128417969,0.05236300604990469,0.008805885559907212,13
428.9850158691406,1.4594954252243042,0.035260479897260666,385.6169128417969,0.0522378497566866,0.008825092167741931,13
429.2140197753906,1.4594790935516357,0.03510025143623352,385.6169128417969,0.05215990725774574,0.00903354063185257,13
429.4429931640625,1.459480881690979,0.03505852073431015,385.6169128417969,0.05229447033793095,0.009006165009312991,13
429.6719970703125,1.459476351737976,0.03467993438243866,385.6169128417969,0.05225107742136521,0.008971322800171764,13
429.9010009765625,1.4594838619232178,0.03466838225722313,385.6169128417969,0.0523332323597668,0.00903758805203639,13
430.1300048828125,1.4594911336898804,0.0346374548971653,385.6169128417969,0.05217976857853033,0.008868627721999055,13
430.3590087890625,1.4594953060150146,0.03441909700632095,385.6169128417969,0.052366746047644235,0.008819325245260605,13
430.5880126953125,1.4594910144805908,0.03452902287244797,385.6169128417969,0.05237686128678125,0.008992270225325557,13
430.8170166015625,1.4594848155975342,0.03461882472038269,385.6169128417969,0.05244840320782415,0.009206635929965807,13
431.0459899902344,1.4594906568527222,0.03463857248425484,385.6169128417969,0.05241460348987963,0.008837640614703985,13
431.2749938964844,1.4594894647598267,0.034973934292793274,385.6169128417969,0.05221520681476913,0.00901820584493324,13
431.5039978027344,1.4594848155975342,0.035230670124292374,385.6169128417969,0.05233216703227862,0.008989092653880298,13
431.7330017089844,1.459486961364746,0.03516583517193794,385.6169128417969,0.052233234636949046,0.008957234020467303,13
431.9620056152344,1.4594905376434326,0.03522508218884468,385.6169128417969,0.05244424049398991,0.008994422402511245,13
432.1910095214844,1.4594926834106445,0.03515428304672241,385.6169128417969,0.05224880308248553,0.008900523360411059,13
432.4200134277344,1.4594876766204834,0.034883759915828705,385.6169128417969,0.05238832744190253,0.00903728854678788,13
432.6490173339844,1.45949125289917,0.03498101234436035,385.6169128417969,0.052346308736943986,0.008892069979695418,13
432.87799072265625,1.4594812393188477,0.03483196347951889,385.6169128417969,0.05231827293180106,0.008893252806322296,13
433.10699462890625,1.4594873189926147,0.0345647931098938,385.6169128417969,0.052396545908612556,0.008971094503730797,13
433.33599853515625,1.459489107131958,0.034649379551410675,385.6169128417969,0.05230799905801338,0.009140234456984178,13
433.56500244140625,1.4594923257827759,0.034544672816991806,385.6169128417969,0.052253141506449316,0.008861142030004961,13
433.79400634765625,1.4594898223876953,0.034156396985054016,385.6169128417969,0.05227471828628685,0.00886256367550828,13
434.02301025390625,1.4594860076904297,0.034254398196935654,385.6169128417969,0.05229311665333168,0.008961317704862151,13
434.25201416015625,1.4594781398773193,0.033937666565179825,385.6169128417969,0.05231838708666159,0.008950997681086887,13
434.48101806640625,1.4594842195510864,0.033935803920030594,385.6169128417969,0.0523236761724723,0.008890474719038019,13
434.7099914550781,1.4594848155975342,0.03421042859554291,385.6169128417969,0.05228583579821223,0.009053680946212431,13
434.9389953613281,1.4594829082489014,0.03423092141747475,385.6169128417969,0.05240074799811243,0.008847459570015388,13
435.1679992675781,1.4594829082489014,0.03439114987850189,385.6169128417969,0.05246076777092519,0.008968354016614439,13
435.3970031738281,1.4594942331314087,0.034871090203523636,385.6169128417969,0.05233412462285735,0.008962266083738084,13
435.6260070800781,1.459484577178955,0.03497244417667389,385.6169128417969,0.05230267173493946,0.008986895535091992,13
435.8550109863281,1.4594889879226685,0.035061873495578766,385.6169128417969,0.05220022519181748,0.00899511289003419,13
436.0840148925781,1.459486722946167,0.035150930285453796,385.6169128417969,0.05224645389327858,0.00895242929388735,13
436.3130187988281,1.4594924449920654,0.03475334122776985,385.6169128417969,0.05236099251181183,0.008912190561460486,13
436.5419921875,1.4594866037368774,0.03481817618012428,385.6169128417969,0.052235696024313716,0.00898971629585171,13
436.77099609375,1.459489345550537,0.034697819501161575,385.6169128417969,0.0523118254645629,0.008976193493307954,13
437.0,1.4594871997833252,0.03449287638068199,385.6169128417969,0.05224002597154687,0.008795050668234501,13
437.22900390625,1.4594897031784058,0.03468179702758789,385.6169128417969,0.052327332204417334,0.008902103170700953,13
437.4580078125,1.4595000743865967,0.03461882472038269,385.6169128417969,0.052381721493846914,0.008999153927231059,13
437.68701171875,1.4594899415969849,0.03430880233645439,385.6169128417969,0.0522969913798478,0.009046430554543388,13
437.916015625,1.4594900608062744,0.03433898463845253,385.6169128417969,0.05227673421771679,0.008991068397042678,13
438.14501953125,1.4594812393188477,0.03417353704571724,385.6169128417969,0.05229327855826643,0.008949377563141608,13
438.3739929199219,1.4594900608062744,0.034036412835121155,385.6169128417969,0.05232320028337139,0.009104627160385346,13
438.6029968261719,1.459486484527588,0.03399728611111641,385.6169128417969,0.05250544638562301,0.009004170462281583,13
438.8320007324219,1.459484338760376,0.03407963737845421,385.6169128417969,0.052326450721353904,0.009148765298878855,13
439.0610046386719,1.459481954574585,0.034120626747608185,385.6169128417969,0.05245082458388957,0.008964273128620942,13
439.2900085449219,1.459493637084961,0.034613605588674545,385.6169128417969,0.052315345842982384,0.008954799029410024,13
439.5190124511719,1.4594866037368774,0.03499479964375496,385.6169128417969,0.052331448928018866,0.00905327774656654,13
439.7480163574219,1.4594898223876953,0.03505665436387062,385.6169128417969,0.05226654093626603,0.009049755908462154,13
439.9770202636719,1.4594924449920654,0.03517962247133255,385.6169128417969,0.05225629130696304,0.008812583631467277,13
440.20599365234375,1.4594858884811401,0.034923627972602844,385.6169128417969,0.05240895905765481,0.008982660497215689,13
440.43499755859375,1.4594905376434326,0.034669872373342514,385.6169128417969,0.052320045428655905,0.008982849736101237,13
440.66400146484375,1.459488034248352,0.034768246114254,385.6169128417969,0.05225037670533994,0.008937848986124508,13
440.89300537109375,1.4594953060150146,0.034482814371585846,385.6169128417969,0.052298820030487504,0.008913630783605308,13
441.12200927734375,1.459490418434143,0.03453684598207474,385.6169128417969,0.05229449804209478,0.008965320487509162,13
441.35101318359375,1.459482192993164,0.034593112766742706,385.6169128417969,0.052375789364990766,0.008868076833815481,13
441.58001708984375,1.4594866037368774,0.0342838354408741,385.6169128417969,0.05244611591620798,0.008925855687306472,13
441.8089904785156,1.4594918489456177,0.03423912078142166,385.6169128417969,0.05247171742354573,0.009171907554311387,13
442.0379943847656,1.459484577178955,0.03421676158905029,385.6169128417969,0.052527417563371044,0.009083510554960315,13
442.2669982910156,1.4594899415969849,0.03387916460633278,385.6169128417969,0.0525328686367311,0.008842524285953786,13
442.4960021972656,1.459489345550537,0.03396300598978996,385.6169128417969,0.05247789821896072,0.009069501435081527,13
442.7250061035156,1.4594907760620117,0.03400697559118271,385.6169128417969,0.052303188109099875,0.00907496363958924,13
442.9540100097656,1.459486484527588,0.033978283405303955,385.6169128417969,0.05232892134950148,0.009005034509631886,13
443.1830139160156,1.4594837427139282,0.03438369929790497,385.6169128417969,0.052394360414050566,0.009017761848231045,13
443.4120178222656,1.4594992399215698,0.034610625356435776,385.6169128417969,0.052433803629226956,0.008997644949957629,13
443.6409912109375,1.4594862461090088,0.03479805588722229,385.6169128417969,0.05229279571412016,0.00905431466631321,13
443.8699951171875,1.4594981670379639,0.035136397927999496,385.6169128417969,0.052407406329632214,0.009024459392204219,13
444.0989990234375,1.4594801664352417,0.03479209542274475,385.6169128417969,0.05222944979237703,0.00904784204693386,13
444.3280029296875,1.4594892263412476,0.03462404012680054,385.6169128417969,0.052331409466280225,0.009062587588100806,13
444.5570068359375,1.4594875574111938,0.034623295068740845,385.6169128417969,0.052449435548391196,0.008952974195644755,13
444.7860107421875,1.4594879150390625,0.034316252917051315,385.6169128417969,0.052239810756183294,0.008963656976302397,13
445.0150146484375,1.4594985246658325,0.03429426997900009,385.6169128417969,0.05240166836724699,0.008962391305921788,13
445.2440185546875,1.4594922065734863,0.03428011015057564,385.6169128417969,0.052334951880940186,0.008917805191453548,13
445.4729919433594,1.459491491317749,0.03401778265833855,385.6169128417969,0.05259043080674448,0.00890478995429501,13
445.7019958496094,1.4594913721084595,0.03399058058857918,385.6169128417969,0.05231774118061779,0.008927429533108242,13
445.9309997558594,1.4594917297363281,0.034113917499780655,385.6169128417969,0.052507778135279334,0.009086631977055233,13
446.1600036621094,1.4594852924346924,0.03379569947719574,385.6169128417969,0.052296834839038624,0.008965316803706568,13
446.3890075683594,1.4594833850860596,0.03385196626186371,385.6169128417969,0.05268273407958966,0.009087781133736917,13
446.6180114746094,1.459486484527588,0.033766262233257294,385.6169128417969,0.05246989541649185,0.008948735808846461,13
446.8470153808594,1.459486484527588,0.03374315798282623,385.6169128417969,0.05228739431962873,0.008986080148524289,13
447.0760192871094,1.4594907760620117,0.03411839157342911,385.6169128417969,0.05226634341130481,0.0090153232942317,13
447.30499267578125,1.4594874382019043,0.03415825963020325,385.6169128417969,0.05234953314662589,0.00907520091681817,13
447.53399658203125,1.459481120109558,0.034327805042266846,385.6169128417969,0.05233278892384845,0.009023866206045937,13
447.76300048828125,1.4594862461090088,0.034822650253772736,385.6169128417969,0.05213561560741799,0.008910923469620358,13
447.99200439453125,1.4594883918762207,0.03458677977323532,385.6169128417969,0.05221276761452397,0.009057191296219866,13
448.22100830078125,1.4594900608062744,0.03450852632522583,385.6169128417969,0.05234892968881342,0.008985772354341287,13
448.45001220703125,1.4594835042953491,0.034523431211709976,385.6169128417969,0.05236142378830022,0.00893629027570828,13
448.67901611328125,1.4594943523406982,0.03422645106911659,385.6169128417969,0.05237553337751094,0.008898335198836581,13
448.90802001953125,1.459489107131958,0.03399058058857918,385.6169128417969,0.0524808871686402,0.009038090997340027,13
449.1369934082031,1.4594907760620117,0.034035295248031616,385.6169128417969,0.05231263526315207,0.00886078696951983,13
449.3659973144531,1.459491491317749,0.03379010781645775,385.6169128417969,0.05246907514078067,0.009096117739669184,13
449.5950012207031,1.459489345550537,0.03371558338403702,385.6169128417969,0.05242584151646427,0.009012080558551292,13
449.8240051269531,1.4594883918762207,0.03376588970422745,385.6169128417969,0.052618405454010815,0.008890738312288416,13
450.0530090332031,1.4594907760620117,0.03337351605296135,385.6169128417969,0.05247820107554173,0.009055523721210549,13
405.3999938964844,1.460955262184143,0.2011159509420395,277.6014099121094,0.052499638555352675,0.0102135986327308,14
405.6310119628906,1.4598288536071777,0.06043045595288277,277.6014099121094,0.05268253674821124,0.01029351629601749,14
405.86199951171875,1.459825873374939,0.05252450332045555,277.6014099121094,0.05282679026350829,0.010393688882647854,14
406.093017578125,1.459834098815918,0.04893092066049576,277.6014099121094,0.052715855007096926,0.010396009601122082,14
406.3240051269531,1.4598356485366821,0.04655246436595917,277.6014099121094,0.0527453065783821,0.010381627109043695,14
406.55499267578125,1.4598305225372314,0.04490993916988373,277.6014099121094,0.05285055831498611,0.010491939020354758,14
406.7860107421875,1.4595149755477905,0.04323723167181015,277.6014099121094,0.05265459521517347,0.010537747674019002,14
407.0169982910156,1.459526538848877,0.04263171926140785,277.6014099121094,0.052809495028260864,0.010421906085256533,14
407.2480163574219,1.4598256349563599,0.04261346161365509,277.6014099121094,0.05273121370967333,0.010279294014519038,14
407.47900390625,1.4598352909088135,0.04259296506643295,277.6014099121094,0.05270428129330213,0.010384648147437621,14
407.7099914550781,1.4598265886306763,0.04253111034631729,277.6014099121094,0.05264172478021676,0.01043853213818249,14
407.9410095214844,1.459519863128662,0.041390884667634964,277.6014099121094,0.05281255249018051,0.010187317337046892,14
408.1719970703125,1.4595136642456055,0.040745873004198074,277.6014099121094,0.05257491613516372,0.01044646256748173,14
408.40301513671875,1.4595195055007935,0.0405789352953434,277.6014099121094,0.05286083184850414,0.01041485274362531,14
408.6340026855469,1.459835410118103,0.04107266291975975,277.6014099121094,0.05281017937786186,0.010461810725597216,14
408.864990234375,1.4598218202590942,0.04038442671298981,277.6014099121094,0.052690163284881054,0.010338925391835922,14
409.09600830078125,1.4598233699798584,0.04018954560160637,277.6014099121094,0.05282193096892025,0.010541114124228774,14
409.3269958496094,1.4595144987106323,0.03939511254429817,277.6014099121094,0.05275576983733304,0.010393983144860773,14
409.5580139160156,1.4598236083984375,0.039678677916526794,277.6014099121094,0.05277696438490619,0.010618560609566818,14
409.78900146484375,1.4595146179199219,0.038530997931957245,277.6014099121094,0.052781962600577055,0.01028374649158723,14
410.0199890136719,1.459822416305542,0.03911639004945755,277.6014099121094,0.05296600838192258,0.010376896156745708,14
410.2510070800781,1.4598175287246704,0.038899149745702744,277.6014099121094,0.05281070340550325,0.010567991040651594,14
410.48199462890625,1.4598225355148315,0.03842703625559807,277.6014099121094,0.052781285155437105,0.010482974208817093,14
410.7130126953125,1.4595192670822144,0.03762514889240265,277.6014099121094,0.05281783065946482,0.010573572373616795,14
410.9440002441406,1.4598298072814941,0.03857310488820076,277.6014099121094,0.05287898015152332,0.010488212167154225,14
411.1750183105469,1.4595067501068115,0.03785841166973114,277.6014099121094,0.05263648883034925,0.010636176188724806,14
411.406005859375,1.4595147371292114,0.03785841166973114,277.6014099121094,0.05286654105651698,0.010577490079360279,14
411.6369934082031,1.4598195552825928,0.038978517055511475,277.6014099121094,0.052802149748924575,0.010556253662059985,14
411.8680114746094,1.4595091342926025,0.03851795569062233,277.6014099121094,0.05260054026137714,0.01048582031194556,14
412.0989990234375,1.4598195552825928,0.038826487958431244,277.6014099121094,0.05275745996278191,0.010539215740283738,14
412.33001708984375,1.4595140218734741,0.037880025804042816,277.6014099121094,0.05282567490212434,0.010610004543153502,14
412.5610046386719,1.4598289728164673,0.03874712064862251,277.6014099121094,0.052817844752640765,0.010536723997728308,14
412.7919921875,1.459510087966919,0.037704892456531525,277.6014099121094,0.05278011708913503,0.01069282617086406,14
413.02301025390625,1.4595187902450562,0.03749324008822441,277.6014099121094,0.05282589005096099,0.010516172481766829,14
413.2539978027344,1.459818959236145,0.03814496099948883,277.6014099121094,0.05297059270953881,0.010400470102093868,14
413.4850158691406,1.4595136642456055,0.03738667070865631,277.6014099121094,0.052896334813921364,0.010586851637394219,14
413.71600341796875,1.459506869316101,0.036855682730674744,277.6014099121094,0.052795328312346214,0.010657603649621414,14
413.9469909667969,1.459821343421936,0.037389278411865234,277.6014099121094,0.05295209628158639,0.010537057312936195,14
414.1780090332031,1.4598140716552734,0.03732407093048096,277.6014099121094,0.05274331496190064,0.01056241536381719,14
414.40899658203125,1.4595110416412354,0.03637685999274254,277.6014099121094,0.052924369376840905,0.01057658556674068,14
414.6400146484375,1.459506630897522,0.03619464859366417,277.6014099121094,0.052720183154817364,0.010530520770180577,14
414.8710021972656,1.4595147371292114,0.03641561418771744,277.6014099121094,0.05302204814513007,0.010490523947939288,14
415.10198974609375,1.4598138332366943,0.03726109489798546,277.6014099121094,0.05284833967320918,0.010634944978128264,14
415.3330078125,1.4595048427581787,0.03663359954953194,277.6014099121094,0.05298300961607638,0.010588404597962465,14
415.5639953613281,1.4598097801208496,0.03758751600980759,277.6014099121094,0.05297500101932212,0.010405900484916165,14
415.7950134277344,1.4598124027252197,0.03799032047390938,277.6014099121094,0.05285341648413139,0.010619974756495565,14
416.0260009765625,1.4598113298416138,0.03793405368924141,277.6014099121094,0.05283974097471026,0.010438456833448387,14
416.25701904296875,1.4598153829574585,0.037594594061374664,277.6014099121094,0.05295409952814036,0.010452745696657745,14
416.4880065917969,1.4595146179199219,0.036861270666122437,277.6014099121094,0.052847307717726305,0.010488779233724549,14
416.718994140625,1.4598191976547241,0.03750814497470856,277.6014099121094,0.05287912570803738,0.010496378452133241,14
416.95001220703125,1.4595097303390503,0.036417849361896515,277.6014099121094,0.0527744491547786,0.010575298687159599,14
417.1809997558594,1.4598175287246704,0.037035658955574036,277.6014099121094,0.05283785733699044,0.010545274825348972,14
417.4120178222656,1.4598194360733032,0.03708671033382416,277.6014099121094,0.05280513119093107,0.01053984961603822,14
417.64300537109375,1.4598126411437988,0.036749858409166336,277.6014099121094,0.052925045482783636,0.010444373106522966,14
417.8739929199219,1.4595162868499756,0.03579258918762207,277.6014099121094,0.05294529478327909,0.010481149210333851,14
418.1050109863281,1.4598217010498047,0.036499083042144775,277.6014099121094,0.05287868969180177,0.010608953697051959,14
418.33599853515625,1.4595062732696533,0.035645775496959686,277.6014099121094,0.05297056361018719,0.010683609844732943,14
418.5670166015625,1.4598265886306763,0.035950951278209686,277.6014099121094,0.053118468407089836,0.010548784278715612,14
418.7980041503906,1.4595102071762085,0.035257499665021896,277.6014099121094,0.053011880745243774,0.010532280941261381,14
419.02899169921875,1.4598262310028076,0.036298610270023346,277.6014099121094,0.05303513998471185,0.010498179580742227,14
419.260009765625,1.4595125913619995,0.03564465790987015,277.6014099121094,0.05295804825897864,0.010655094292078294,14
419.4909973144531,1.459509253501892,0.035807494074106216,277.6014099121094,0.05313845721485153,0.01063615085146718,14
419.7220153808594,1.4598240852355957,0.037050191313028336,277.6014099121094,0.052987636692521684,0.010430768200852666,14
419.9530029296875,1.459815502166748,0.03712248057126999,277.6014099121094,0.05270421088239323,0.010522580637546002,14
420.1839904785156,1.4595088958740234,0.03606795519590378,277.6014099121094,0.05292040212674884,0.010680251867845854,14
420.4150085449219,1.4595086574554443,0.03598187863826752,277.6014099121094,0.05299548591790579,0.010534855206953249,14
420.64599609375,1.4595072269439697,0.036082860082387924,277.6014099121094,0.053059370012264254,0.010440355692921678,14
420.87701416015625,1.459814429283142,0.03656876087188721,277.6014099121094,0.05298230046052944,0.010533307573699762,14
421.1080017089844,1.4595038890838623,0.035605158656835556,277.6014099121094,0.052954094291604525,0.010464373517389517,14
421.3390197753906,1.4595136642456055,0.03574228286743164,277.6014099121094,0.05290101327549702,0.010699646596729407,14
421.57000732421875,1.4598147869110107,0.03624868020415306,277.6014099121094,0.052962876979808296,0.010648455559898141,14
421.8009948730469,1.4595104455947876,0.03531898185610771,277.6014099121094,0.05299232531019803,0.010287959083185406,14
422.0320129394531,1.4598153829574585,0.035737067461013794,277.6014099121094,0.05284997648431814,0.010600191410930824,14
422.26300048828125,1.4595121145248413,0.035032063722610474,277.6014099121094,0.05311173897147784,0.01071430064676583,14
422.4940185546875,1.4598097801208496,0.03537152335047722,277.6014099121094,0.053075894516004765,0.01076896108635898,14
422.7250061035156,1.4595109224319458,0.034488778561353683,277.6014099121094,0.052997463473422136,0.01059299480236716,14
422.95599365234375,1.4598201513290405,0.03542965278029442,277.6014099121094,0.053040188232434844,0.010775204331920975,14
423.18701171875,1.4598230123519897,0.035666268318891525,277.6014099121094,0.05308536959212242,0.010580881140237409,14
423.4179992675781,1.45950186252594,0.03506820648908615,277.6014099121094,0.0529507609744616,0.01057928820627512,14
423.6490173339844,1.4595125913619995,0.03543859347701073,277.6014099121094,0.05310111499279979,0.0106243312522659,14
423.8800048828125,1.4598125219345093,0.036458466202020645,277.6014099121094,0.0528989008082293,0.010495571488794765,14
424.1109924316406,1.4598188400268555,0.0362013541162014,277.6014099121094,0.05311120827102669,0.010564060171467772,14
424.3420104980469,1.4598201513290405,0.03582053631544113,277.6014099121094,0.053107661262139554,0.010524765879340474,14
424.572998046875,1.459503173828125,0.035328298807144165,277.6014099121094,0.052957690833044364,0.010649196148041551,14
424.80401611328125,1.4595119953155518,0.03527911379933357,277.6014099121094,0.05288296678557852,0.01051809092797916,14
425.0350036621094,1.4595168828964233,0.0350056067109108,277.6014099121094,0.05314964383258325,0.010525599213442049,14
425.2659912109375,1.4595146179199219,0.03496573492884636,277.6014099121094,0.05318337720436611,0.010732354854913868,14
425.49700927734375,1.4598171710968018,0.03564353659749031,277.6014099121094,0.053092238115112995,0.010621403266466064,14
425.7279968261719,1.4598188400268555,0.03546356037259102,277.6014099121094,0.052857116083973726,0.010632559434654007,14
425.9590148925781,1.4598256349563599,0.03512223809957504,277.6014099121094,0.05295301567010598,0.010589900862169897,14
426.19000244140625,1.4598197937011719,0.035156890749931335,277.6014099121094,0.053108359087135404,0.010580197444213063,14
426.4209899902344,1.4598205089569092,0.03516099229454994,277.6014099121094,0.05312699174508456,0.010511810462575814,14
426.6520080566406,1.4598191976547241,0.0349959172308445,277.6014099121094,0.05301151126669073,0.010545841981145906,14
426.88299560546875,1.4598309993743896,0.03501007705926895,277.6014099121094,0.05308795834237905,0.010638404820910231,14
427.114013671875,1.4598243236541748,0.03536630794405937,277.6014099121094,0.053188056965622385,0.0104940129217893,14
427.3450012207031,1.459816336631775,0.035509392619132996,277.6014099121094,0.05313555873772668,0.010602730818053841,14
427.5760192871094,1.4595171213150024,0.03504025936126709,277.6014099121094,0.053263301033643115,0.010561338167390999,14
427.8070068359375,1.4595099687576294,0.035407666116952896,277.6014099121094,0.05303064842902198,0.010577336053642531,14
428.0379943847656,1.4598256349563599,0.03612980991601944,277.6014099121094,0.05279534074438366,0.010556509084430316,14
428.2690124511719,1.459517002105713,0.035084228962659836,277.6014099121094,0.05296779059042933,0.010680067305050124,14
428.5,1.4595140218734741,0.03513416275382042,277.6014099121094,0.05303443060859215,0.010654090350064257,14
428.73101806640625,1.459816575050354,0.035926733165979385,277.6014099121094,0.05312750147619072,0.01055744445851282,14
428.9620056152344,1.4598180055618286,0.035689372569322586,277.6014099121094,0.05325786854500427,0.010557464918479609,14
429.1929931640625,1.4595164060592651,0.034772343933582306,277.6014099121094,0.05310329221821178,0.01046086086141643,14
429.42401123046875,1.459812879562378,0.03549076244235039,277.6014099121094,0.05310820989787269,0.010582063426099837,14
429.6549987792969,1.4595144987106323,0.03479693830013275,277.6014099121094,0.05320345063998476,0.010747141990214162,14
429.8860168457031,1.459513783454895,0.03455286845564842,277.6014099121094,0.05303190524454632,0.010556418718171912,14
430.11700439453125,1.4595226049423218,0.034316252917051315,277.6014099121094,0.05309268009030991,0.010631648776106306,14
430.3479919433594,1.459818959236145,0.03498026728630066,277.6014099121094,0.05331524545444175,0.010684447169485167,14
430.5790100097656,1.4595122337341309,0.034225333482027054,277.6014099121094,0.053126006982792386,0.010606829929630418,14
430.80999755859375,1.459821105003357,0.034606900066137314,277.6014099121094,0.053076092710666135,0.010587630491018697,14
431.041015625,1.4595117568969727,0.03425551578402519,277.6014099121094,0.05293785997837022,0.010400322061667371,14
431.2720031738281,1.4595052003860474,0.034702662378549576,277.6014099121094,0.053044710713000466,0.010730448221359169,14
431.50299072265625,1.4598157405853271,0.035532496869564056,277.6014099121094,0.053133549793515034,0.01036644604892422,14
431.7340087890625,1.4595173597335815,0.035147204995155334,277.6014099121094,0.05295780673203499,0.010637475761963226,14
431.9649963378906,1.4598169326782227,0.03596958518028259,277.6014099121094,0.05302696957619482,0.010695601425827107,14
432.1960144042969,1.4595085382461548,0.03516509011387825,277.6014099121094,0.05294214800594592,0.010429224287811267,14
432.427001953125,1.4595087766647339,0.034814078360795975,277.6014099121094,0.05304873181599673,0.010596073934187778,14
432.65802001953125,1.459513545036316,0.03492847457528114,277.6014099121094,0.05312004027199597,0.010704588054610773,14
432.8890075683594,1.4595073461532593,0.03491990268230438,277.6014099121094,0.05318774837674408,0.010598547995677466,14
433.1199951171875,1.4598158597946167,0.03528879955410957,277.6014099121094,0.05308662506726139,0.010605455868925282,14
433.35101318359375,1.4598277807235718,0.035064853727817535,277.6014099121094,0.05304989824888785,0.010725533697659653,14
433.5820007324219,1.4595102071762085,0.0346326120197773,277.6014099121094,0.053135583088908984,0.01057636186875433,14
433.8130187988281,1.4595093727111816,0.03451709821820259,277.6014099121094,0.05311810440966952,0.010516366541473494,14
434.04400634765625,1.4595060348510742,0.034204840660095215,277.6014099121094,0.05315905974997656,0.010766766751225818,14
434.2749938964844,1.4595026969909668,0.034209683537483215,277.6014099121094,0.053253512924459866,0.010637961017640774,14
434.5060119628906,1.4595056772232056,0.03415676951408386,277.6014099121094,0.053122356382143396,0.01062028941991325,14
434.73699951171875,1.459507703781128,0.03392611816525459,277.6014099121094,0.0530983359199302,0.010773364457463219,14
434.968017578125,1.4595023393630981,0.033796072006225586,277.6014099121094,0.053176806476298376,0.010894502742315994,14
435.1990051269531,1.459811806678772,0.03498995676636696,277.6014099121094,0.05331228236243714,0.010621615756039262,14
435.42999267578125,1.4598041772842407,0.03521837666630745,277.6014099121094,0.053125964881072275,0.010586638261221661,14
435.6610107421875,1.4598066806793213,0.03534357622265816,277.6014099121094,0.05329367800468736,0.010502443747090558,14
435.8919982910156,1.45950448513031,0.03497244417667389,277.6014099121094,0.05309625316966177,0.010734154589294099,14
436.1230163574219,1.4595147371292114,0.035082366317510605,277.6014099121094,0.05314859935906249,0.010457702526412455,14
436.35400390625,1.4595049619674683,0.03472576662898064,277.6014099121094,0.05313950655723554,0.01052788065343079,14
436.5849914550781,1.4595123529434204,0.034499213099479675,277.6014099121094,0.05316068980768345,0.010616439895839795,14
436.8160095214844,1.4595119953155518,0.03460988029837608,277.6014099121094,0.05322648957072548,0.010554111529728103,14
437.0469970703125,1.4595228433609009,0.03457597270607948,277.6014099121094,0.053106488925372855,0.010621813989393821,14
437.27801513671875,1.4595139026641846,0.03427340090274811,277.6014099121094,0.05323877711177825,0.010637749729953233,14
437.5090026855469,1.4595061540603638,0.034365810453891754,277.6014099121094,0.05327341591157811,0.010538660571952374,14
437.7400207519531,1.4598184823989868,0.03509727120399475,277.6014099121094,0.05343901447758354,0.010604591686803291,14
437.97100830078125,1.4595094919204712,0.03390524908900261,277.6014099121094,0.05314145628517134,0.010703448797127476,14
438.2019958496094,1.459818720817566,0.03445785120129585,277.6014099121094,0.05343097188228097,0.01074106742452603,14
438.4330139160156,1.4598182439804077,0.03446902707219124,277.6014099121094,0.053199647763737534,0.010690830514245884,14
438.66400146484375,1.4595128297805786,0.03369322791695595,277.6014099121094,0.053230536497405896,0.010539211185012654,14
438.89501953125,1.4595028162002563,0.033505797386169434,277.6014099121094,0.05322717280679393,0.010700118114696672,14
439.1260070800781,1.4595171213150024,0.03391605615615845,277.6014099121094,0.053155580855371906,0.010641871821498653,14
439.35699462890625,1.4598156213760376,0.03480066359043121,277.6014099121094,0.05318896218949448,0.010579155832551684,14
439.5880126953125,1.4598182439804077,0.035000018775463104,277.6014099121094,0.05309161951151491,0.010555455568598777,14
439.8190002441406,1.4598133563995361,0.03534916415810585,277.6014099121094,0.05320289419427547,0.010584181760887868,14
440.0500183105469,1.4598140716552734,0.03545349836349487,277.6014099121094,0.05320339809556499,0.010580537034212025,14
440.281005859375,1.4595015048980713,0.0347343385219574,277.6014099121094,0.05331272320098349,0.010720857792570895,14
440.5119934082031,1.4595088958740234,0.034393757581710815,277.6014099121094,0.05316465674474957,0.010685183507152715,14
440.7430114746094,1.4598125219345093,0.03509801626205444,277.6014099121094,0.05310742828578392,0.010795773041804934,14
440.9739990234375,1.4595097303390503,0.034402329474687576,277.6014099121094,0.053186761816137344,0.010579166384725471,14
441.20501708984375,1.4598145484924316,0.03462068736553192,277.6014099121094,0.053303565956384615,0.010584522307775795,14
441.4360046386719,1.4595086574554443,0.033858299255371094,277.6014099121094,0.0529821758294058,0.010568849960109893,14
441.6669921875,1.459814190864563,0.03468067944049835,277.6014099121094,0.05324943772596071,0.010737058210151224,14
441.89801025390625,1.4595108032226562,0.03382066264748573,277.6014099121094,0.05322924301063781,0.010757723156350039,14
442.1289978027344,1.4598172903060913,0.03407628461718559,277.6014099121094,0.05336088794077617,0.01060168702603139,14
442.3600158691406,1.4595080614089966,0.03335190191864967,277.6014099121094,0.0534227728931495,0.01075675352591884,14
442.59100341796875,1.4595067501068115,0.03341114893555641,277.6014099121094,0.05324686073897463,0.01075383973636794,14
442.8219909667969,1.459816336631775,0.03380352258682251,277.6014099121094,0.053241377560215755,0.010595367645771741,14
443.0530090332031,1.4598186016082764,0.033892206847667694,277.6014099121094,0.05327441304815594,0.010687778789751693,14
443.28399658203125,1.459514856338501,0.033594854176044464,277.6014099121094,0.05320200270101554,0.010655163043880422,14
443.5150146484375,1.4595212936401367,0.033955927938222885,277.6014099121094,0.05326521893017734,0.010568169483043099,14
443.7460021972656,1.4595155715942383,0.034047964960336685,277.6014099121094,0.05297014983006605,0.010686223976269808,14
443.9770202636719,1.4595190286636353,0.03425290808081627,277.6014099121094,0.053202936152711856,0.010541248019470036,14
444.2080078125,1.4595069885253906,0.034276753664016724,277.6014099121094,0.05323801840722767,0.01065043873143994,14
444.4389953613281,1.4598169326782227,0.034691113978624344,277.6014099121094,0.05309644772352569,0.010689983807067531,14
444.6700134277344,1.4598145484924316,0.03457261994481087,277.6014099121094,0.05322611095658452,0.010684319481219905,14
444.9010009765625,1.4598214626312256,0.03456181287765503,277.6014099121094,0.053047951250108596,0.010617226261597505,14
445.13201904296875,1.4595069885253906,0.03371521085500717,277.6014099121094,0.053379769326358115,0.0107483446510024,14
445.3630065917969,1.459815263748169,0.03417428582906723,277.6014099121094,0.05312552210097392,0.010691636484071156,14
445.593994140625,1.4598133563995361,0.03422496095299721,277.6014099121094,0.053144111455105225,0.010627636514282644,14
445.82501220703125,1.4595049619674683,0.033557962626218796,277.6014099121094,0.05328864638557815,0.010681485533164491,14
446.0559997558594,1.4598139524459839,0.03393803909420967,277.6014099121094,0.05326294332183875,0.010701304215464247,14
446.2870178222656,1.4595080614089966,0.03309628367424011,277.6014099121094,0.05316507995900879,0.010587688756256087,14
446.51800537109375,1.4595057964324951,0.033268436789512634,277.6014099121094,0.05341725531207514,0.01057846385274873,14
446.7489929199219,1.4595130681991577,0.03317565470933914,277.6014099121094,0.05321218799040491,0.010524061665172248,14
446.9800109863281,1.4595061540603638,0.033109698444604874,277.6014099121094,0.05360469658121312,0.010524946190787397,14
447.21099853515625,1.45982027053833,0.033837806433439255,277.6014099121094,0.053247564584814736,0.01070693174162077,14
447.4420166015625,1.4598225355148315,0.03436804935336113,277.6014099121094,0.05324235012344484,0.010552216809450739,14
447.6730041503906,1.459815502166748,0.03461248800158501,277.6014099121094,0.05292857502116424,0.010685059855110677,14
447.90399169921875,1.4598182439804077,0.03465012460947037,277.6014099121094,0.05314614018185943,0.010572851602278192,14
448.135009765625,1.4598058462142944,0.0348409079015255,277.6014099121094,0.0530543509250664,0.010672792228515042,14
448.3659973144531,1.4598177671432495,0.03470490127801895,277.6014099121094,0.0530103140120192,0.010572655172338699,14
448.5970153808594,1.4595084190368652,0.033817682415246964,277.6014099121094,0.05316073922701778,0.010587239392293805,14
448.8280029296875,1.459810495376587,0.03445524349808693,277.6014099121094,0.05320266681889561,0.01067448043283324,14
449.05902099609375,1.4595097303390503,0.033900778740644455,277.6014099121094,0.053290986576213825,0.010604431117377229,14
449.2900085449219,1.4595108032226562,0.033656708896160126,277.6014099121094,0.0533203841961182,0.010720678090681725,14
449.52099609375,1.4598101377487183,0.03412435203790665,277.6014099121094,0.05327527654297233,0.01069839071055573,14
449.75201416015625,1.4595106840133667,0.03357994928956032,277.6014099121094,0.05324806028643415,0.010616073720378203,14
449.9830017089844,1.459823489189148,0.034132178872823715,277.6014099121094,0.053444276434869216,0.010652493989573773,14
450.2140197753906,1.4598181247711182,0.033839669078588486,277.6014099121094,0.05328662004376576,0.010603499480334294,14
405.39801025390625,1.4609798192977905,0.20340833067893982,200.32049560546875,0.05311831750638183,0.012597132887260058,15
405.62701416015625,1.4594835042953491,0.06158745288848877,200.32049560546875,0.05334889436813264,0.01271662136668086,15
405.85601806640625,1.4594887495040894,0.05334390327334404,200.32049560546875,0.05329865872228598,0.012930975601507293,15
406.0849914550781,1.4594956636428833,0.0495513379573822,200.32049560546875,0.05330143515232829,0.012966774838732422,15
406.3139953613281,1.4594874382019043,0.0473867692053318,200.32049560546875,0.053389296190969625,0.012879584340893774,15
406.5429992675781,1.4594961404800415,0.045955147594213486,200.32049560546875,0.05342618051100224,0.012860966269212354,15
406.7720031738281,1.4594913721084595,0.04492633417248726,200.32049560546875,0.05347104116359747,0.012911488576957916,15
407.0010070800781,1.459481954574585,0.04391801729798317,200.32049560546875,0.053271917732697995,0.01296085862030531,15
407.2300109863281,1.4594857692718506,0.04315488412976265,200.32049560546875,0.05342925003963249,0.01280198824884564,15
407.4590148925781,1.4594860076904297,0.04270326346158981,200.32049560546875,0.05341256050961174,0.012957834381646985,15
407.6880187988281,1.459488034248352,0.042668238282203674,200.32049560546875,0.05332765619482034,0.012795772480481419,15
407.9169921875,1.4594863653182983,0.04270736128091812,200.32049560546875,0.053384824537884755,0.01284408310038708,15
408.14599609375,1.4594941139221191,0.04237647354602814,200.32049560546875,0.05342228057703134,0.012915506811191578,15
408.375,1.459488034248352,0.041923362761735916,200.32049560546875,0.05344289081964928,0.0130342296670366,15
408.60400390625,1.4594848155975342,0.0412709005177021,200.32049560546875,0.05334965301550286,0.012891937114077556,15
408.8330078125,1.4594806432724,0.040778663009405136,200.32049560546875,0.053417243770262995,0.012886159613351515,15
409.06201171875,1.4594918489456177,0.04037436470389366,200.32049560546875,0.05344467710027531,0.012935303665793037,15
409.291015625,1.4594913721084595,0.04000994190573692,200.32049560546875,0.053523796360045416,0.013001366841224618,15
409.5199890136719,1.4594844579696655,0.03990113362669945,200.32049560546875,0.05336306888689137,0.01282686063552255,15
409.7489929199219,1.4594935178756714,0.03943013772368431,200.32049560546875,0.05336711832144761,0.013030417222064786,15
409.9779968261719,1.45948326587677,0.038951318711042404,200.32049560546875,0.05347888576725309,0.01288120452444015,15
410.2070007324219,1.4594780206680298,0.038566023111343384,200.32049560546875,0.05317773845270683,0.013029718755765769,15
410.4360046386719,1.4594957828521729,0.03836406394839287,200.32049560546875,0.053474032098342554,0.012998658369993912,15
410.6650085449219,1.4594838619232178,0.038372259587049484,200.32049560546875,0.05368166479319337,0.013215702063171455,15
410.8940124511719,1.4594857692718506,0.03823103383183479,200.32049560546875,0.05361210084975528,0.013309069941962988,15
411.1230163574219,1.4594801664352417,0.03812781721353531,200.32049560546875,0.053875070734942736,0.012889823247997543,15
411.35198974609375,1.4594924449920654,0.03807565197348595,200.32049560546875,0.053309186754721974,0.012745289445499413,15
411.58099365234375,1.4594838619232178,0.038215383887290955,200.32049560546875,0.053332828502450975,0.012689868752410722,15
411.80999755859375,1.459479570388794,0.03853323310613632,200.32049560546875,0.05371478823870955,0.013131242893724134,15
412.03900146484375,1.4594814777374268,0.03890063986182213,200.32049560546875,0.05315891812722124,0.01275401524670497,15
412.26800537109375,1.4594807624816895,0.03885592520236969,200.32049560546875,0.05373576728696389,0.01318545935204442,15
412.49700927734375,1.4594782590866089,0.03859732300043106,200.32049560546875,0.0533104924785747,0.013233143929914072,15
412.72601318359375,1.4594824314117432,0.038275379687547684,200.32049560546875,0.053694791990385446,0.013209687739437334,15
412.95501708984375,1.4594855308532715,0.03783046454191208,200.32049560546875,0.053533643663272526,0.012850953023168896,15
413.1839904785156,1.4594721794128418,0.0377168171107769,200.32049560546875,0.053833739034409,0.01307518818735647,15
413.4129943847656,1.4594898223876953,0.037617698311805725,200.32049560546875,0.05378325274762763,0.013012548908766599,15
413.6419982910156,1.4594758749008179,0.03757782652974129,200.32049560546875,0.053252284724305224,0.013035922625531547,15
413.8710021972656,1.4594730138778687,0.0372428372502327,200.32049560546875,0.0536856939046327,0.012858953991993449,15
414.1000061035156,1.4594752788543701,0.036825500428676605,200.32049560546875,0.05346582873980158,0.012988190495960157,15
414.3290100097656,1.4594806432724,0.03669247403740883,200.32049560546875,0.05346919698697067,0.0130589075056341,15
414.5580139160156,1.4594758749008179,0.036623165011405945,200.32049560546875,0.05372223607851371,0.012864882954060077,15
414.7870178222656,1.4594773054122925,0.03652292862534523,200.32049560546875,0.05346220767138187,0.013104395750538877,15
415.0159912109375,1.4594683647155762,0.036529265344142914,200.32049560546875,0.05366177627024302,0.013000189787036764,15
415.2449951171875,1.4594799280166626,0.036607515066862106,200.32049560546875,0.05347073838772522,0.012984334007158684,15
415.4739990234375,1.4594899415969849,0.036402199417352676,200.32049560546875,0.05369499829437333,0.013103298535814623,15
415.7030029296875,1.4594767093658447,0.036872077733278275,200.32049560546875,0.05353521395984353,0.013131231422579371,15
415.9320068359375,1.459470510482788,0.03732667863368988,200.32049560546875,0.05369907809298913,0.012962666745499677,15
416.1610107421875,1.4594712257385254,0.03743138536810875,200.32049560546875,0.05344319786744718,0.013004170222733076,15
416.3900146484375,1.4594789743423462,0.03732891380786896,200.32049560546875,0.05359253016595894,0.013120323740428664,15
416.6190185546875,1.4594842195510864,0.03713366016745567,200.32049560546875,0.053614011788677314,0.012704852516140137,15
416.8479919433594,1.4594730138778687,0.03677444905042648,200.32049560546875,0.05336219925691466,0.01290912197609511,15
417.0769958496094,1.4594776630401611,0.036606770008802414,200.32049560546875,0.053659119615876806,0.013030345463586116,15
417.3059997558594,1.4594701528549194,0.03665334731340408,200.32049560546875,0.05371510407556532,0.01301439711515885,15
417.5350036621094,1.4594767093658447,0.036579567939043045,200.32049560546875,0.05353127271217065,0.012946612231538302,15
417.7640075683594,1.459481120109558,0.03636717423796654,200.32049560546875,0.05356420610817965,0.013244195309289362,15
417.9930114746094,1.4594734907150269,0.03612422198057175,200.32049560546875,0.05364167016573777,0.013009170859032838,15
418.2220153808594,1.4594788551330566,0.03587232902646065,200.32049560546875,0.05369468891668886,0.013046070795657656,15
418.4510192871094,1.4594827890396118,0.035709865391254425,200.32049560546875,0.05396091448002485,0.013212541200756357,15
418.67999267578125,1.4594767093658447,0.035960640758275986,200.32049560546875,0.053941361862016333,0.013061983072176793,15
418.90899658203125,1.4594796895980835,0.036075409501791,200.32049560546875,0.05374875149155065,0.013234569234952934,15
419.13800048828125,1.4594762325286865,0.03603069484233856,200.32049560546875,0.05411785454015657,0.013038167812626624,15
419.36700439453125,1.4594789743423462,0.035967350006103516,200.32049560546875,0.053698935740040685,0.012824998608194993,15
419.59600830078125,1.4594829082489014,0.036161113530397415,200.32049560546875,0.053938232075368756,0.013164140576150217,15
419.82501220703125,1.4594751596450806,0.036526281386613846,200.32049560546875,0.05334865462150267,0.012784680231999386,15
420.05401611328125,1.4594676494598389,0.03700584918260574,200.32049560546875,0.05361988843163024,0.013271237880904093,15
420.2829895019531,1.459468960762024,0.037035658955574036,200.32049560546875,0.0532106124835319,0.013208377879051814,15
420.5119934082031,1.4594825506210327,0.03689592704176903,200.32049560546875,0.05363627797887781,0.013095079849832719,15
420.7409973144531,1.4594743251800537,0.036544542759656906,200.32049560546875,0.05352675952668616,0.013049762977701355,15
420.9700012207031,1.4594781398773193,0.03633512929081917,200.32049560546875,0.05370905294643864,0.0130947960435239,15
421.1990051269531,1.4594814777374268,0.03627140820026398,200.32049560546875,0.05368091495669467,0.013264499384642078,15
421.4280090332031,1.4594756364822388,0.036276623606681824,200.32049560546875,0.053880829767277844,0.01323270637571728,15
421.6570129394531,1.4594701528549194,0.03618495911359787,200.32049560546875,0.053645546948060466,0.013243259199378181,15
421.8860168457031,1.4594738483428955,0.035798922181129456,200.32049560546875,0.05356118496261849,0.013019793927176814,15
422.114990234375,1.4594759941101074,0.03563645854592323,200.32049560546875,0.05360344921342946,0.012981493049291843,15
422.343994140625,1.4594746828079224,0.03534655645489693,200.32049560546875,0.05359434054946801,0.01325032090762065,15
422.572998046875,1.4594708681106567,0.035436730831861496,200.32049560546875,0.05369380320330081,0.012887156652697974,15
422.802001953125,1.4594757556915283,0.03551945462822914,200.32049560546875,0.05365141022787642,0.01310532107319275,15
423.031005859375,1.4594670534133911,0.03564092889428139,200.32049560546875,0.053911694130563105,0.013040842177617955,15
423.260009765625,1.45947265625,0.03570464998483658,200.32049560546875,0.0538011321029841,0.013212242405208116,15
423.489013671875,1.4594823122024536,0.035789605230093,200.32049560546875,0.05377231091512793,0.013273961238085693,15
423.718017578125,1.4594757556915283,0.03612794727087021,200.32049560546875,0.05369730148384071,0.01334105704747489,15
423.9469909667969,1.4594895839691162,0.03647039085626602,200.32049560546875,0.05375348446518752,0.013076801163105063,15
424.1759948730469,1.4594836235046387,0.03665446490049362,200.32049560546875,0.0536150848705143,0.013375144644340402,15
424.4049987792969,1.4594858884811401,0.036661919206380844,200.32049560546875,0.05384337262925556,0.013070307823042273,15
424.6340026855469,1.4594837427139282,0.036382824182510376,200.32049560546875,0.05388609333157696,0.013023879476940238,15
424.8630065917969,1.4594806432724,0.03604373708367348,200.32049560546875,0.05374270156039044,0.013201982748521548,15
425.0920104980469,1.4594786167144775,0.03591741621494293,200.32049560546875,0.05368115653376764,0.013247280620819537,15
425.3210144042969,1.459476113319397,0.03584698960185051,200.32049560546875,0.053685452380860615,0.013122046043861087,15
425.5500183105469,1.4594829082489014,0.03589804098010063,200.32049560546875,0.05374608379620877,0.013123035831194669,15
425.77899169921875,1.4594810009002686,0.03577544540166855,200.32049560546875,0.05364621276828199,0.013074888218981454,15
426.00799560546875,1.4594783782958984,0.035470642149448395,200.32049560546875,0.05384649904111332,0.012937332040622276,15
426.23699951171875,1.4594839811325073,0.03516322746872902,200.32049560546875,0.05371699997799254,0.013223429904294667,15
426.46600341796875,1.4594839811325073,0.03506932407617569,200.32049560546875,0.05367994834574266,0.01301076072769443,15
426.69500732421875,1.4594722986221313,0.03515651822090149,200.32049560546875,0.05391928709593511,0.012974123487026932,15
426.92401123046875,1.459473729133606,0.035241104662418365,200.32049560546875,0.0537903567353217,0.013063352763363248,15
427.15301513671875,1.4594777822494507,0.03530817851424217,200.32049560546875,0.053851903925767955,0.013188150343151623,15
427.38201904296875,1.4594740867614746,0.03532569110393524,200.32049560546875,0.05373171205851095,0.013028986772528168,15
427.6109924316406,1.459479808807373,0.0355328693985939,200.32049560546875,0.05383296160904129,0.013167486391954392,15
427.8399963378906,1.4594793319702148,0.03589804098010063,200.32049560546875,0.05362839430923473,0.012917270891618234,15
428.0690002441406,1.459468960762024,0.03618793934583664,200.32049560546875,0.05362758483657219,0.013030491101380525,15
428.2980041503906,1.4594833850860596,0.036175645887851715,200.32049560546875,0.05355935837527641,0.01293035472485612,15
428.5270080566406,1.459474802017212,0.03603293001651764,200.32049560546875,0.05359297735738666,0.013177600404452174,15
428.7560119628906,1.459478497505188,0.03574712947010994,200.32049560546875,0.05377259936342661,0.013112795278778464,15
428.9850158691406,1.4594744443893433,0.03541325777769089,200.32049560546875,0.05370401309917802,0.01319689816160261,15
429.2140197753906,1.4594700336456299,0.035421453416347504,200.32049560546875,0.05379257564780155,0.013174378083898404,15
429.4429931640625,1.4594697952270508,0.03537338599562645,200.32049560546875,0.05384025832076564,0.013092345981091541,15
429.6719970703125,1.4594755172729492,0.03544194996356964,200.32049560546875,0.053616990231109204,0.013080137828030882,15
429.9010009765625,1.4594758749008179,0.03511552885174751,200.32049560546875,0.053815039176695625,0.013267950667267011,15
430.1300048828125,1.4594767093658447,0.03492176532745361,200.32049560546875,0.05388568194690276,0.012868893322617536,15
430.3590087890625,1.4594695568084717,0.034479834139347076,200.32049560546875,0.05382780421163974,0.012998174936513542,15
430.5880126953125,1.4594652652740479,0.034510016441345215,200.32049560546875,0.053839372674515884,0.013067266526972933,15
430.8170166015625,1.4594792127609253,0.034662794321775436,200.32049560546875,0.05374767005344054,0.013193658281250202,15
431.0459899902344,1.459472417831421,0.03482898324728012,200.32049560546875,0.05386913459876414,0.013251482054551433,15
431.2749938964844,1.4594718217849731,0.03497542440891266,200.32049560546875,0.05386512258784875,0.013038318055593122,15
431.5039978027344,1.4594706296920776,0.034864380955696106,200.32049560546875,0.05377129801539135,0.013212773030708055,15
431.7330017089844,1.4594635963439941,0.035227689892053604,200.32049560546875,0.053828023893147225,0.013289821303147285,15
431.9620056152344,1.4594680070877075,0.03558913618326187,200.32049560546875,0.053802290113610624,0.013060886148156621,15
432.1910095214844,1.4594757556915283,0.03573855757713318,200.32049560546875,0.05373934166157083,0.013073407242392093,15
432.4200134277344,1.4594776630401611,0.03554367646574974,200.32049560546875,0.05386082762745726,0.013106790529514547,15
432.6490173339844,1.4594721794128418,0.03542443364858627,200.32049560546875,0.053742686731263825,0.013049950767040193,15
432.87799072265625,1.4594807624816895,0.03504473343491554,200.32049560546875,0.053853727897578335,0.01308634385379321,15
433.10699462890625,1.4594841003417969,0.0348457507789135,200.32049560546875,0.053727236760478525,0.013034113493454623,15
433.33599853515625,1.4594773054122925,0.03498883917927742,200.32049560546875,0.05374925111636832,0.013201699526443813,15
433.56500244140625,1.4594835042953491,0.03496759757399559,200.32049560546875,0.05385412969126587,0.013224869313962542,15
433.79400634765625,1.4594762325286865,0.034823767840862274,200.32049560546875,0.053973478987144906,0.013206725725205589,15
434.02301025390625,1.4594680070877075,0.034522686153650284,200.32049560546875,0.053792616313715284,0.013228769126354206,15
434.25201416015625,1.459472894668579,0.034212663769721985,200.32049560546875,0.05373987332246325,0.013016702021397132,15
434.48101806640625,1.459476113319397,0.03398871794342995,200.32049560546875,0.05395820445301056,0.013099563893172902,15
434.7099914550781,1.4594688415527344,0.034046102315187454,200.32049560546875,0.053879146695397506,0.013043307086787302,15
434.9389953613281,1.4594743251800537,0.03415043652057648,200.32049560546875,0.053886185102418035,0.013171416400429091,15
435.1679992675781,1.4594693183898926,0.03436022251844406,200.32049560546875,0.05381816964259896,0.012908174628812092,15
435.3970031738281,1.4594800472259521,0.03423949331045151,200.32049560546875,0.05385144328914658,0.013034096291055931,15
435.6260070800781,1.4594765901565552,0.034606900066137314,200.32049560546875,0.05408816919979128,0.013160801798068007,15
435.8550109863281,1.4594764709472656,0.03495493158698082,200.32049560546875,0.05380722609142572,0.013112851870042228,15
436.0840148925781,1.4594725370407104,0.03524557501077652,200.32049560546875,0.05386425099933726,0.013258476458314615,15
436.3130187988281,1.4594759941101074,0.03522023931145668,200.32049560546875,0.054019706694329254,0.013138584502754203,15
436.5419921875,1.459469199180603,0.03507118672132492,200.32049560546875,0.053903790607194246,0.013198282605186027,15
436.77099609375,1.4594780206680298,0.0348021537065506,200.32049560546875,0.05386701240982324,0.013155345627192339,15
437.0,1.4594756364822388,0.03459162265062332,200.32049560546875,0.05374706315763237,0.013198020095172236,15
437.22900390625,1.4594727754592896,0.03462180495262146,200.32049560546875,0.053917775829154316,0.013147250949705988,15
437.4580078125,1.459480881690979,0.03469260409474373,200.32049560546875,0.053755312761859415,0.013137298277756615,15
437.68701171875,1.4594647884368896,0.03471309691667557,200.32049560546875,0.05392498631225204,0.013073851305138854,15
437.916015625,1.4594719409942627,0.0347198061645031,200.32049560546875,0.05384804795795961,0.013182075795132439,15
438.14501953125,1.4594804048538208,0.034311410039663315,200.32049560546875,0.053747078545362176,0.013122226405931359,15
438.3739929199219,1.4594740867614746,0.033934686332941055,200.32049560546875,0.05382438074621672,0.013220836347052747,15
438.6029968261719,1.4594707489013672,0.03404684737324715,200.32049560546875,0.053879040252971605,0.013054589938390813,15
438.8320007324219,1.4594686031341553,0.03415863215923309,200.32049560546875,0.054025368286591824,0.013059514632204549,15
439.0610046386719,1.4594757556915283,0.034298740327358246,200.32049560546875,0.05395405813857952,0.01316901169301354,15
439.2900085449219,1.4594810009002686,0.03438965976238251,200.32049560546875,0.05370242129127914,0.01289915376647793,15
439.5190124511719,1.459474802017212,0.0343904048204422,200.32049560546875,0.05392936833694112,0.013085995647426569,15
439.7480163574219,1.459468126296997,0.0347391813993454,200.32049560546875,0.05379579498521888,0.012980204450178345,15
439.9770202636719,1.459471344947815,0.03515055775642395,200.32049560546875,0.0538593234847855,0.013202486089318398,15
440.20599365234375,1.4594842195510864,0.03531153127551079,200.32049560546875,0.0537870772939816,0.013232860445780287,15
440.43499755859375,1.459465742111206,0.035200487822294235,200.32049560546875,0.05378403534776385,0.01314067941332598,15
440.66400146484375,1.4594711065292358,0.035065971314907074,200.32049560546875,0.05389199339011887,0.013062927485323887,15
440.89300537109375,1.4594671726226807,0.034757811576128006,200.32049560546875,0.05401264780385425,0.013013427539923895,15
441.12200927734375,1.4594695568084717,0.03452082350850105,200.32049560546875,0.05370767306781155,0.013202529616235676,15
441.35101318359375,1.459481954574585,0.034534238278865814,200.32049560546875,0.05374024130173868,0.013218170009209251,15
441.58001708984375,1.4591559171676636,0.0340755395591259,200.32049560546875,0.05386239121489156,0.013269517809798157,15
441.8089904785156,1.4594684839248657,0.03472911939024925,200.32049560546875,0.0538440833167241,0.013112642563026142,15
442.0379943847656,1.4594672918319702,0.03446381166577339,200.32049560546875,0.053743787265307666,0.01306217293583204,15
442.2669982910156,1.4594650268554688,0.03412435203790665,200.32049560546875,0.05388702683098762,0.013050787725241701,15
442.4960021972656,1.4594781398773193,0.033986110240221024,200.32049560546875,0.053868919348995396,0.013157686043080891,15
442.7250061035156,1.4594687223434448,0.03410721197724342,200.32049560546875,0.054116607926807114,0.013168351904655748,15
442.9540100097656,1.4594677686691284,0.03421229124069214,200.32049560546875,0.05401346304438399,0.01293096725720136,15
443.1830139160156,1.4594706296920776,0.034306563436985016,200.32049560546875,0.053883900189208064,0.013046956826671867,15
443.4120178222656,1.4594695568084717,0.034362830221652985,200.32049560546875,0.0537934788271693,0.013181047571490457,15
443.6409912109375,1.4594835042953491,0.03463149443268776,200.32049560546875,0.05386426225765271,0.013036016247046483,15
443.8699951171875,1.4594814777374268,0.03491990268230438,200.32049560546875,0.053839234835471525,0.013082799979227682,15
444.0989990234375,1.4594825506210327,0.03519489988684654,200.32049560546875,0.0539915571543466,0.01322990519426966,15
444.3280029296875,1.4594746828079224,0.03529215231537819,200.32049560546875,0.05390426910738566,0.013233386967943564,15
444.5570068359375,1.459484338760376,0.03511366620659828,200.32049560546875,0.05383766505436023,0.013103818868368044,15
444.7860107421875,1.4594736099243164,0.03477085381746292,200.32049560546875,0.05380040828284093,0.013274603377781052,15
445.0150146484375,1.4594817161560059,0.03446903079748154,200.32049560546875,0.054024575450272616,0.01313387530074316,15
445.2440185546875,1.459473967552185,0.034319233149290085,200.32049560546875,0.05381664525151561,0.01311061247667428,15
445.4729919433594,1.4594725370407104,0.03447648137807846,200.32049560546875,0.05393363365367826,0.013206223423295272,15
445.7019958496094,1.4594837427139282,0.03450778126716614,200.32049560546875,0.05380291160587518,0.013233906041058579,15
445.9309997558594,1.4594831466674805,0.03438332676887512,200.32049560546875,0.05398668020079698,0.01316242293780792,15
446.1600036621094,1.4594813585281372,0.0341482013463974,200.32049560546875,0.05384784389609349,0.013263578130313482,15
446.3890075683594,1.4594806432724,0.03380836918950081,200.32049560546875,0.053973195785680175,0.01309955319431583,15
446.6180114746094,1.45948326587677,0.0338091142475605,200.32049560546875,0.05390938093785543,0.013050591462701412,15
446.8470153808594,1.4594745635986328,0.03384115919470787,200.32049560546875,0.05395304982291115,0.01316424400724253,15
447.0760192871094,1.4594720602035522,0.03407777473330498,200.32049560546875,0.053774213881410377,0.013098513294445691,15
447.30499267578125,1.4594841003417969,0.03413441404700279,200.32049560546875,0.05391698422580464,0.01307417058818323,15
447.53399658203125,1.4594838619232178,0.034267812967300415,200.32049560546875,0.05377810091723325,0.013121458956200026,15
447.76300048828125,1.459468960762024,0.03455808758735657,200.32049560546875,0.05386102504100989,0.013089891822910434,15
447.99200439453125,1.4594812393188477,0.03482600301504135,200.32049560546875,0.05397273405444323,0.013075872027628667,15
448.22100830078125,1.4594855308532715,0.03499442711472511,200.32049560546875,0.05387998160190373,0.013345067290132373,15
448.45001220703125,1.4594804048538208,0.03494598716497421,200.32049560546875,0.05391099758748322,0.013299674146642966,15
448.67901611328125,1.45947265625,0.034826748073101044,200.32049560546875,0.05362765292148912,0.013154606525009622,15
448.90802001953125,1.4594826698303223,0.034382954239845276,200.32049560546875,0.053847808212644704,0.013185936185440497,15
449.1369934082031,1.4594756364822388,0.03416347876191139,200.32049560546875,0.05402229232564739,0.013100023505576607,15
449.3659973144531,1.4594782590866089,0.034209683537483215,200.32049560546875,0.054083686459625996,0.013171765691212816,15
449.5950012207031,1.4594789743423462,0.034291286021471024,200.32049560546875,0.05394400850438407,0.013313446115254864,15
449.8240051269531,1.4594879150390625,0.034417979419231415,200.32049560546875,0.054055405975687566,0.01315168314400574,15
450.0530090332031,1.4594850540161133,0.03413068503141403,200.32049560546875,0.05391816818232525,0.01300987770058878,15
405.3999938964844,1.4609544277191162,0.2011345773935318,143.75787353515625,0.0539482792196249,0.016282385876748025,16
405.6310119628906,1.459485650062561,0.0601610504090786,143.75787353515625,0.054130821470055414,0.016514076111672413,16
405.86199951171875,1.4597846269607544,0.053039468824863434,143.75787353515625,0.0541359000870746,0.016686272825078886,16
406.093017578125,1.4594674110412598,0.049010660499334335,143.75787353515625,0.05436886719096501,0.016230292162930034,16
406.3240051269531,1.4594733715057373,0.046820007264614105,143.75787353515625,0.054271831885988255,0.016560790280532093,16
406.55499267578125,1.4594770669937134,0.044817157089710236,143.75787353515625,0.054202090457148855,0.01654232720900991,16
406.7860107421875,1.4594765901565552,0.04367879033088684,143.75787353515625,0.05435226533118467,0.01651040775313504,16
407.0169982910156,1.4594749212265015,0.042947329580783844,143.75787353515625,0.05422798405227001,0.016540944773112357,16
407.2480163574219,1.4594725370407104,0.042132776230573654,143.75787353515625,0.05429488435870241,0.01683072507921108,16
407.47900390625,1.4594786167144775,0.04126232862472534,143.75787353515625,0.0543894114397253,0.016579961898260637,16
407.7099914550781,1.4594833850860596,0.04097168147563934,143.75787353515625,0.05427079135720701,0.016580074761591672,16
407.9410095214844,1.4594777822494507,0.041316356509923935,143.75787353515625,0.05440183818523862,0.0166931593119183,16
408.1719970703125,1.4594801664352417,0.041323065757751465,143.75787353515625,0.05434403395081626,0.016669666610800955,16
408.40301513671875,1.4594672918319702,0.040862131863832474,143.75787353515625,0.05417618933818044,0.016677108433069864,16
408.6340026855469,1.4594649076461792,0.04058489948511124,143.75787353515625,0.05442918097954677,0.016625700709925556,16
408.864990234375,1.459473729133606,0.04057521000504494,143.75787353515625,0.05404650999388837,0.01674876069281093,16
409.09600830078125,1.4597806930541992,0.04091578722000122,143.75787353515625,0.05426495161764009,0.016615970492104858,16
409.3269958496094,1.4594757556915283,0.039380207657814026,143.75787353515625,0.054112291591906767,0.016694383376725477,16
409.5580139160156,1.4597790241241455,0.039936162531375885,143.75787353515625,0.05430234767101497,0.016623466938125452,16
409.78900146484375,1.4594773054122925,0.039209917187690735,143.75787353515625,0.05423392075196204,0.016817992536541145,16
410.0199890136719,1.4594707489013672,0.03899379447102547,143.75787353515625,0.0540888730432226,0.016734217960637267,16
410.2510070800781,1.459769606590271,0.03907204791903496,143.75787353515625,0.054093730877229684,0.016637861243683324,16
410.48199462890625,1.4594733715057373,0.03815688192844391,143.75787353515625,0.05432856753910014,0.016563003454682437,16
410.7130126953125,1.459465742111206,0.038371141999959946,143.75787353515625,0.054358106478090654,0.01669256006580663,16
410.9440002441406,1.4594770669937134,0.03814421594142914,143.75787353515625,0.05435635174376351,0.016740151575232308,16
411.1750183105469,1.4594742059707642,0.037739917635917664,143.75787353515625,0.05429109878509019,0.01681698201041901,16
411.406005859375,1.459467887878418,0.037669118493795395,143.75787353515625,0.05444443362071398,0.01662050763109923,16
411.6369934082031,1.4597800970077515,0.038686007261276245,143.75787353515625,0.054383112748977176,0.016692577549504484,16
411.8680114746094,1.4594789743423462,0.038133781403303146,143.75787353515625,0.0541702743975999,0.016681417101360934,16
412.0989990234375,1.4594690799713135,0.03806000202894211,143.75787353515625,0.054184504288787065,0.016752000054030314,16
412.33001708984375,1.4594688415527344,0.038369279354810715,143.75787353515625,0.054103995916092266,0.016553914554982087,16
412.5610046386719,1.4594718217849731,0.03873221576213837,143.75787353515625,0.054174093703230584,0.01656917887716926,16
412.7919921875,1.4594800472259521,0.038522426038980484,143.75787353515625,0.05440952715529445,0.01670454625520582,16
413.02301025390625,1.4594682455062866,0.038039881736040115,143.75787353515625,0.05424684274676007,0.016838244529135685,16
413.2539978027344,1.4594786167144775,0.037891946732997894,143.75787353515625,0.0543200203321846,0.016836401823377818,16
413.4850158691406,1.4594810009002686,0.03800187259912491,143.75787353515625,0.0543306313452132,0.016729677723627105,16
413.71600341796875,1.4594736099243164,0.037664275616407394,143.75787353515625,0.054449731139360254,0.016762215533833648,16
413.9469909667969,1.4594738483428955,0.03713477775454521,143.75787353515625,0.054331983168633906,0.01682408835723147,16
414.1780090332031,1.4594682455062866,0.037111300975084305,143.75787353515625,0.05419813712342585,0.016790541005359004,16
414.40899658203125,1.4594683647155762,0.037305064499378204,143.75787353515625,0.0542472977174358,0.01667701822171206,16
414.6400146484375,1.459470272064209,0.03694287687540054,143.75787353515625,0.054399066386765935,0.01687709509426209,16
414.8710021972656,1.4594733715057373,0.03660490736365318,143.75787353515625,0.0543388370018329,0.016750708948926874,16
415.10198974609375,1.459475040435791,0.03659559041261673,143.75787353515625,0.05437227742363489,0.016859341100308328,16
415.3330078125,1.4594680070877075,0.036961879581213,143.75787353515625,0.05450338974593202,0.016592550410734194,16
415.5639953613281,1.4594615697860718,0.03688139468431473,143.75787353515625,0.05433450031623959,0.01683248451742142,16
415.7950134277344,1.459472894668579,0.036753956228494644,143.75787353515625,0.05450386030725329,0.01672333437023921,16
416.0260009765625,1.4594743251800537,0.03720296919345856,143.75787353515625,0.05426341883038554,0.016672204272206233,16
416.25701904296875,1.4594688415527344,0.037637073546648026,143.75787353515625,0.054334071755869566,0.016745771763155278,16
416.4880065917969,1.4594690799713135,0.03762403130531311,143.75787353515625,0.054345429939219064,0.016742107830983517,16
416.718994140625,1.4597885608673096,0.03778574988245964,143.75787353515625,0.05426020463306377,0.016472424869255424,16
416.95001220703125,1.4594818353652954,0.03721340000629425,143.75787353515625,0.054398750884080374,0.01644410325693099,16
417.1809997558594,1.4594675302505493,0.03741759806871414,143.75787353515625,0.054144393262306446,0.016798296038708332,16
417.4120178222656,1.4597769975662231,0.03776451200246811,143.75787353515625,0.05434988966109637,0.0168743822799718,16
417.64300537109375,1.4594671726226807,0.03660714253783226,143.75787353515625,0.05428445089990465,0.01653352837997249,16
417.8739929199219,1.4594759941101074,0.03656913340091705,143.75787353515625,0.05440081435515536,0.01689964671788761,16
418.1050109863281,1.459475040435791,0.036777056753635406,143.75787353515625,0.05446441984871995,0.01677063266562538,16
418.33599853515625,1.4597712755203247,0.03718694671988487,143.75787353515625,0.05434029597646426,0.01670119834592732,16
418.5670166015625,1.4594788551330566,0.036015044897794724,143.75787353515625,0.05429445399147787,0.016868399592241904,16
418.7980041503906,1.4594680070877075,0.03613726422190666,143.75787353515625,0.05445740274540923,0.017057623526409084,16
419.02899169921875,1.459456443786621,0.036291901022195816,143.75787353515625,0.05446989104888407,0.01681230649085949,16
419.260009765625,1.4594680070877075,0.03611117973923683,143.75787353515625,0.05448126881038032,0.016724994318511956,16
419.4909973144531,1.459471344947815,0.035858914256095886,143.75787353515625,0.054448240464418166,0.016767722189696115,16
419.7220153808594,1.4594793319702148,0.036111924797296524,143.75787353515625,0.054529952683963746,0.01685966977717934,16
419.9530029296875,1.4594773054122925,0.036600060760974884,143.75787353515625,0.054429474493781556,0.016744273855762982,16
420.1839904785156,1.4594727754592896,0.03678227588534355,143.75787353515625,0.05458442474650941,0.016690082261911335,16
420.4150085449219,1.4594836235046387,0.036585159599781036,143.75787353515625,0.054414464457297404,0.016757056083351124,16
420.64599609375,1.4594697952270508,0.03662726283073425,143.75787353515625,0.05439851459525079,0.016554331110617746,16
420.87701416015625,1.459468126296997,0.03683071583509445,143.75787353515625,0.054517003028609456,0.016704849739886424,16
421.1080017089844,1.4594671726226807,0.036605652421712875,143.75787353515625,0.054296011768631795,0.016958954079077992,16
421.3390197753906,1.4594707489013672,0.03615067899227142,143.75787353515625,0.05446426000800828,0.01669249534240994,16
421.57000732421875,1.459476113319397,0.036129437386989594,143.75787353515625,0.054479590930174,0.01681955416617493,16
421.8009948730469,1.4594695568084717,0.036332517862319946,143.75787353515625,0.05441832708110133,0.01663652868493726,16
422.0320129394531,1.4594743251800537,0.036171916872262955,143.75787353515625,0.05441662528974515,0.01680780291415195,16
422.26300048828125,1.4594694375991821,0.03553920239210129,143.75787353515625,0.05438607717773111,0.016695184753825178,16
422.4940185546875,1.4594690799713135,0.035460952669382095,143.75787353515625,0.05453458395923428,0.016870240263034682,16
422.7250061035156,1.4594645500183105,0.0356491282582283,143.75787353515625,0.054328547656179546,0.016905880607083146,16
422.95599365234375,1.4594769477844238,0.035506412386894226,143.75787353515625,0.05441202777433671,0.016782966843042063,16
423.18701171875,1.4594682455062866,0.03499927371740341,143.75787353515625,0.05478197922098814,0.016919341631587898,16
423.4179992675781,1.4594745635986328,0.035258617252111435,143.75787353515625,0.05458634178507515,0.016670593890817206,16
423.6490173339844,1.4594694375991821,0.035750482231378555,143.75787353515625,0.05434974009551262,0.016938758198503802,16
423.8800048828125,1.4594664573669434,0.035816434770822525,143.75787353515625,0.05450239719408813,0.016832978859471267,16
424.1109924316406,1.4594674110412598,0.03580525517463684,143.75787353515625,0.05457432220949365,0.016647696246941332,16
424.3420104980469,1.459473729133606,0.03622632101178169,143.75787353515625,0.05453466061277099,0.016628161496652343,16
424.572998046875,1.4594711065292358,0.036385804414749146,143.75787353515625,0.054543365405053126,0.016803996743724847,16
424.80401611328125,1.4594762325286865,0.03611006215214729,143.75787353515625,0.05439779912085601,0.016631578956610958,16
425.0350036621094,1.4594659805297852,0.0356636606156826,143.75787353515625,0.05438683736682835,0.016832127494528285,16
425.2659912109375,1.4594614505767822,0.035710982978343964,143.75787353515625,0.054457189261683414,0.01694627426190483,16
425.49700927734375,1.459463357925415,0.035840656608343124,143.75787353515625,0.054237537936981044,0.0169002422729971,16
425.7279968261719,1.459464192390442,0.0355570912361145,143.75787353515625,0.0543791746378129,0.01679367202679876,16
425.9590148925781,1.4594606161117554,0.03515912592411041,143.75787353515625,0.05473249568046002,0.01666047952288441,16
426.19000244140625,1.4597744941711426,0.03583133965730667,143.75787353515625,0.05428731583482783,0.016835713806976516,16
426.4209899902344,1.4594670534133911,0.03539276123046875,143.75787353515625,0.05450645044518854,0.016781995448241813,16
426.6520080566406,1.459475040435791,0.0350201390683651,143.75787353515625,0.05464899965621727,0.016749742473747765,16
426.88299560546875,1.4594663381576538,0.03446716442704201,143.75787353515625,0.054469813896919135,0.016894759104758895,16
427.114013671875,1.4594616889953613,0.03464118018746376,143.75787353515625,0.05435825668721714,0.016866380487363608,16
427.3450012207031,1.4594664573669434,0.03496163710951805,143.75787353515625,0.0546126066699451,0.016897650803767237,16
427.5760192871094,1.4594545364379883,0.034978777170181274,143.75787353515625,0.05453151726909646,0.016905553232029434,16
427.8070068359375,1.4594671726226807,0.03486289083957672,143.75787353515625,0.05429554640804574,0.016828135116536462,16
428.0379943847656,1.459471344947815,0.03549821302294731,143.75787353515625,0.05471714999606835,0.016816272820582956,16
428.2690124511719,1.459475040435791,0.036042243242263794,143.75787353515625,0.05439503225127765,0.01662813082289808,16
428.5,1.459470272064209,0.03585071861743927,143.75787353515625,0.05455683099806614,0.016888831203852858,16
428.73101806640625,1.459481120109558,0.03532867133617401,143.75787353515625,0.054499639547319075,0.016706487162963253,16
428.9620056152344,1.4594676494598389,0.035514239221811295,143.75787353515625,0.0545780630462872,0.016645807865284717,16
429.1929931640625,1.4594757556915283,0.03569682314991951,143.75787353515625,0.054568792510223424,0.01686835724247126,16
429.42401123046875,1.4594649076461792,0.03534245863556862,143.75787353515625,0.05455542391123083,0.016779538862321534,16
429.6549987792969,1.459470510482788,0.03492400050163269,143.75787353515625,0.05449731872401733,0.016867776074666347,16
429.8860168457031,1.4594701528549194,0.03522619977593422,143.75787353515625,0.054580721029184896,0.01673653836377542,16
430.11700439453125,1.4594677686691284,0.035311903804540634,143.75787353515625,0.05462667280508613,0.01677481897829206,16
430.3479919433594,1.4594757556915283,0.034926239401102066,143.75787353515625,0.05438877282583209,0.01697045156822866,16
430.5790100097656,1.4594557285308838,0.03449324890971184,143.75787353515625,0.05457424219033028,0.016762516716879314,16
430.80999755859375,1.4594600200653076,0.03449101373553276,143.75787353515625,0.05469760198913349,0.016821683918769016,16
431.041015625,1.4594612121582031,0.03469372168183327,143.75787353515625,0.05470082081226632,0.016921801284715782,16
431.2720031738281,1.4594780206680298,0.03445151448249817,143.75787353515625,0.05457185440040858,0.016816605999734904,16
431.50299072265625,1.4594683647155762,0.03424433618783951,143.75787353515625,0.054379890799465674,0.01690139620281063,16
431.7340087890625,1.4594669342041016,0.03460727259516716,143.75787353515625,0.05455154191563242,0.01684898344191438,16
431.9649963378906,1.4594670534133911,0.035187818109989166,143.75787353515625,0.054671538789570116,0.016693089582184035,16
432.1960144042969,1.459459900856018,0.035422198474407196,143.75787353515625,0.05447240490347019,0.016804199617056266,16
432.427001953125,1.4594541788101196,0.03530855104327202,143.75787353515625,0.05449179296483775,0.016709312255501825,16
432.65802001953125,1.4597787857055664,0.0359979011118412,143.75787353515625,0.054401145659031556,0.016820413393560392,16
432.8890075683594,1.4594721794128418,0.03553808480501175,143.75787353515625,0.054587373438261824,0.016872618148152458,16
433.1199951171875,1.459463357925415,0.03509466350078583,143.75787353515625,0.05462892282264652,0.01666293543895896,16
433.35101318359375,1.4594591856002808,0.03459274023771286,143.75787353515625,0.05478225129430797,0.016843531748982354,16
433.5820007324219,1.4594600200653076,0.03486848250031471,143.75787353515625,0.05459793470155595,0.0166637425330997,16
433.8130187988281,1.4594753980636597,0.03503318130970001,143.75787353515625,0.05460674970216404,0.016928498198025037,16
434.04400634765625,1.4594610929489136,0.03462851047515869,143.75787353515625,0.05458691713857806,0.01694334361729019,16
434.2749938964844,1.4594634771347046,0.03429315239191055,143.75787353515625,0.0545544167963007,0.016947878627293144,16
434.5060119628906,1.4594591856002808,0.03451076149940491,143.75787353515625,0.05451023448288936,0.0166878140622489,16
434.73699951171875,1.4594630002975464,0.034555476158857346,143.75787353515625,0.05467848757040662,0.01679525263951159,16
434.968017578125,1.459457278251648,0.0342208631336689,143.75787353515625,0.05469241309822096,0.016800564636520982,16
435.1990051269531,1.459459662437439,0.03393058851361275,143.75787353515625,0.054682460314773605,0.016945302873856594,16
435.42999267578125,1.4594616889953613,0.03418881446123123,143.75787353515625,0.05472871356135631,0.016834972614933004,16
435.6610107421875,1.4594753980636597,0.03455622121691704,143.75787353515625,0.05472040147355448,0.01679256608106823,16
435.8919982910156,1.4594652652740479,0.034484680742025375,143.75787353515625,0.0546227383307413,0.016894450037862163,16
436.1230163574219,1.459460973739624,0.03461770713329315,143.75787353515625,0.05453018174246914,0.016865092861151097,16
436.35400390625,1.4597691297531128,0.03585965931415558,143.75787353515625,0.054677585898526504,0.016578228653596202,16
436.5849914550781,1.4594722986221313,0.03538717329502106,143.75787353515625,0.05461225946803506,0.016769751738856486,16
436.8160095214844,1.4594616889953613,0.03500523418188095,143.75787353515625,0.05468001571393732,0.016749137982604557,16
437.0469970703125,1.4597703218460083,0.035343948751688004,143.75787353515625,0.054528908484967845,0.017008973333700824,16
437.27801513671875,1.4594669342041016,0.03471309691667557,143.75787353515625,0.054691463163439154,0.01682874540680448,16
437.5090026855469,1.4594687223434448,0.03479805588722229,143.75787353515625,0.054573989823436,0.016894841619725896,16
437.7400207519531,1.459464430809021,0.034390032291412354,143.75787353515625,0.054565412036093615,0.01678110857990886,16
437.97100830078125,1.4594670534133911,0.034020017832517624,143.75787353515625,0.05470147949713792,0.016808950008418783,16
438.2019958496094,1.4594712257385254,0.034317370504140854,143.75787353515625,0.05444074482710287,0.016761751130050326,16
438.4330139160156,1.4594646692276,0.03438518941402435,143.75787353515625,0.05451374074466339,0.01676069365119916,16
438.66400146484375,1.459459662437439,0.033903758972883224,143.75787353515625,0.05467899775382775,0.016831146298825227,16
438.89501953125,1.4594734907150269,0.03366117924451828,143.75787353515625,0.0548718975319391,0.016883085965746194,16
439.1260070800781,1.4594671726226807,0.0338623970746994,143.75787353515625,0.05474890818228959,0.016874474872309846,16
439.35699462890625,1.4594603776931763,0.03398238122463226,143.75787353515625,0.05472442679857029,0.016815332032422897,16
439.5880126953125,1.459468126296997,0.033845629543066025,143.75787353515625,0.054329985050116394,0.016860398721296074,16
439.8190002441406,1.4594591856002808,0.033912330865859985,143.75787353515625,0.054786173713105506,0.016831984010213706,16
440.0500183105469,1.45946204662323,0.03439636528491974,143.75787353515625,0.05459311181490286,0.017029574878613316,16
440.281005859375,1.459465503692627,0.034883759915828705,143.75787353515625,0.05457264876582493,0.017016924236192187,16
440.5119934082031,1.4594662189483643,0.0347149595618248,143.75787353515625,0.05463407171499341,0.01666657755797133,16
440.7430114746094,1.4594577550888062,0.03433525562286377,143.75787353515625,0.05453712183526349,0.0166515801780552,16
440.9739990234375,1.4594637155532837,0.034671735018491745,143.75787353515625,0.05444979601654659,0.016845696743236944,16
441.20501708984375,1.4594651460647583,0.03469856455922127,143.75787353515625,0.05450938015238617,0.01683585444096092,16
441.4360046386719,1.4594579935073853,0.0342644602060318,143.75787353515625,0.05462494516373378,0.016974803347327806,16
441.6669921875,1.459469199180603,0.03395853564143181,143.75787353515625,0.05455968410921455,0.016975106992288994,16
441.89801025390625,1.4594612121582031,0.03411242738366127,143.75787353515625,0.05460061562694101,0.016963902632721517,16
442.1289978027344,1.459474802017212,0.03425588831305504,143.75787353515625,0.05462571280382008,0.01672085201508218,16
442.3600158691406,1.459460973739624,0.033642176538705826,143.75787353515625,0.05474754493593674,0.016860984800844758,16
442.59100341796875,1.4594672918319702,0.03345176577568054,143.75787353515625,0.054733681288112075,0.01700593531446902,16
442.8219909667969,1.4594683647155762,0.033708129078149796,143.75787353515625,0.05480121992208377,0.016734942519073346,16
443.0530090332031,1.4594640731811523,0.033810604363679886,143.75787353515625,0.054489315623381517,0.017047417658124165,16
443.28399658203125,1.4594650268554688,0.033419348299503326,143.75787353515625,0.05491538299895162,0.016945542904801453,16
443.5150146484375,1.4594669342041016,0.03320471569895744,143.75787353515625,0.054780348132507276,0.016710079728374874,16
443.7460021972656,1.459455132484436,0.03364180400967598,143.75787353515625,0.05477219807993459,0.016752959138009414,16
443.9770202636719,1.459465742111206,0.03415378928184509,143.75787353515625,0.05467815694301248,0.01694337636480578,16
444.2080078125,1.4594614505767822,0.034080009907484055,143.75787353515625,0.054642474338173486,0.016826749845659822,16
444.4389953613281,1.4594584703445435,0.03397269546985626,143.75787353515625,0.054599211243406186,0.016860468173189414,16
444.6700134277344,1.4594671726226807,0.03441388159990311,143.75787353515625,0.05480441667663313,0.016739411445934965,16
444.9010009765625,1.4594672918319702,0.034394875168800354,143.75787353515625,0.05470855660794056,0.016824902988400336,16
445.13201904296875,1.4594613313674927,0.03391754627227783,143.75787353515625,0.05449199921531324,0.017053570562903367,16
445.3630065917969,1.4594672918319702,0.03370403125882149,143.75787353515625,0.05456281322520267,0.016796005743495712,16
445.593994140625,1.459464192390442,0.03391642868518829,143.75787353515625,0.05472005892872897,0.016795059029661236,16
445.82501220703125,1.4594632387161255,0.033952198922634125,143.75787353515625,0.054660897661675055,0.016919689807444478,16
446.0559997558594,1.4594602584838867,0.03341711312532425,143.75787353515625,0.05451871514735306,0.01669539335237136,16
446.2870178222656,1.4594656229019165,0.03313354775309563,143.75787353515625,0.05460585211444327,0.016739270208595884,16
446.51800537109375,1.459460735321045,0.033414505422115326,143.75787353515625,0.054955516453631184,0.017001639873459314,16
446.7489929199219,1.4594590663909912,0.033379849046468735,143.75787353515625,0.05468744119161082,0.016843159441909797,16
446.9800109863281,1.4594643115997314,0.03294350951910019,143.75787353515625,0.05469272756533567,0.01685281855525829,16
447.21099853515625,1.459464430809021,0.032833583652973175,143.75787353515625,0.05470299258210928,0.01700648493479605,16
447.4420166015625,1.459469199180603,0.03328632190823555,143.75787353515625,0.05458382655631607,0.01695220092664417,16
447.6730041503906,1.4594675302505493,0.03342009335756302,143.75787353515625,0.054615310243972835,0.017008998268835934,16
447.90399169921875,1.459459900856018,0.03324011713266373,143.75787353515625,0.054782520017435284,0.016769300454424853,16
448.135009765625,1.459463119506836,0.03361199423670769,143.75787353515625,0.05465041387529784,0.01689138269540725,16
448.3659973144531,1.4594674110412598,0.03398051857948303,143.75787353515625,0.05449064596813859,0.016851530783562628,16
448.5970153808594,1.4594587087631226,0.03408261761069298,143.75787353515625,0.05460089544639848,0.01685298380508245,16
448.8280029296875,1.4594669342041016,0.03372564539313316,143.75787353515625,0.05462999081311029,0.016758692992396514,16
449.05902099609375,1.4594610929489136,0.03362652659416199,143.75787353515625,0.05465854209629072,0.01688601464540159,16
449.2900085449219,1.459468960762024,0.03388028219342232,143.75787353515625,0.054651791499959856,0.016934663698517257,16
449.52099609375,1.4594647884368896,0.033789362758398056,143.75787353515625,0.05479101936897775,0.017052657569775552,16
449.75201416015625,1.4594711065292358,0.03329190984368324,143.75787353515625,0.054780922884105916,0.016975106408608654,16
449.9830017089844,1.4594786167144775,0.033168572932481766,143.75787353515625,0.054654211922837405,0.01682951372733312,16
450.2140197753906,1.4594825506210327,0.03342270106077194,143.75787353515625,0.054707212210298624,0.016853547223187014,16
405.4010009765625,1.4606143236160278,0.19983896613121033,103.57482147216797,0.05534316434393113,0.021251960980189027,17
405.63299560546875,1.4595082998275757,0.06081053242087364,103.57482147216797,0.05538450210266331,0.021682842174060815,17
405.864990234375,1.459517002105713,0.052808068692684174,103.57482147216797,0.055357304323814915,0.021749127617564885,17
406.0970153808594,1.459513783454895,0.04919138550758362,103.57482147216797,0.055239281398482595,0.021682221371674196,17
406.3290100097656,1.459517240524292,0.046792060136795044,103.57482147216797,0.05543580757547251,0.021633435788722035,17
406.5610046386719,1.4595121145248413,0.04541335254907608,103.57482147216797,0.05540439830816531,0.021939952504135087,17
406.7929992675781,1.4595086574554443,0.0441572405397892,103.57482147216797,0.05513074182914402,0.02156414042103145,17
407.0249938964844,1.4595171213150024,0.04324803873896599,103.57482147216797,0.05511852951026466,0.021529005033607593,17
407.25701904296875,1.459514856338501,0.04238094389438629,103.57482147216797,0.055487657199442104,0.021762233077932652,17
407.489013671875,1.4595106840133667,0.04181194677948952,103.57482147216797,0.05532399254830725,0.021813319722890388,17
407.72100830078125,1.4595098495483398,0.041455719619989395,103.57482147216797,0.055462997543589077,0.021811094861671546,17
407.9530029296875,1.4595067501068115,0.04118966683745384,103.57482147216797,0.05536328215691656,0.021694006844492294,17
408.18499755859375,1.4595129489898682,0.041126690804958344,103.57482147216797,0.05522093864647761,0.021698211093245767,17
408.4169921875,1.4595110416412354,0.04112855717539787,103.57482147216797,0.055416293149880405,0.02191232805015682,17
408.6490173339844,1.4595013856887817,0.04108234867453575,103.57482147216797,0.05510632083948105,0.02174459087821079,17
408.8810119628906,1.4595024585723877,0.04080362990498543,103.57482147216797,0.05529667801791546,0.02184343130131445,17
409.1130065917969,1.4595013856887817,0.040340084582567215,103.57482147216797,0.05538072139853061,0.021701921801571402,17
409.3450012207031,1.4595085382461548,0.04000174254179001,103.57482147216797,0.055242040974507224,0.02171863682972292,17
409.5769958496094,1.459511637687683,0.03985939919948578,103.57482147216797,0.05531382139625923,0.02175160834071623,17
409.8089904785156,1.4595023393630981,0.039586640894412994,103.57482147216797,0.05526704987439703,0.021666665387773194,17
410.041015625,1.4594998359680176,0.03931313380599022,103.57482147216797,0.055173601338398895,0.02167576881225565,17
410.27301025390625,1.4595104455947876,0.03894796222448349,103.57482147216797,0.05521555066848728,0.021762927380742883,17
410.5050048828125,1.4595056772232056,0.03866923972964287,103.57482147216797,0.05523025586351238,0.021901951730827898,17
410.73699951171875,1.4595023393630981,0.03846914321184158,103.57482147216797,0.055223797239587626,0.02164913158794742,17
410.968994140625,1.4595000743865967,0.038172535598278046,103.57482147216797,0.05505063215249464,0.02202178422397889,17
411.2010192871094,1.4595078229904175,0.03792250528931618,103.57482147216797,0.0553934377894739,0.021723916452760023,17
411.4330139160156,1.4594998359680176,0.0377361923456192,103.57482147216797,0.05549862106759984,0.021977532265219517,17
411.6650085449219,1.4595000743865967,0.03768961504101753,103.57482147216797,0.05517866516663764,0.021866300514844197,17
411.8970031738281,1.4595065116882324,0.037698183208703995,103.57482147216797,0.055319877218951055,0.021818921049306605,17
412.1289978027344,1.4595125913619995,0.037687379866838455,103.57482147216797,0.05544191799615971,0.021932541598685983,17
412.3609924316406,1.4594939947128296,0.03803242743015289,103.57482147216797,0.05522674881035815,0.021881409462589433,17
412.593017578125,1.4595093727111816,0.03810620680451393,103.57482147216797,0.05519892367713697,0.021701578723412832,17
412.82501220703125,1.4595017433166504,0.03800857812166214,103.57482147216797,0.05523983395309163,0.02185773508804239,17
413.0570068359375,1.4595015048980713,0.03764303773641586,103.57482147216797,0.05542805870069327,0.021884067294216613,17
413.28900146484375,1.4594899415969849,0.03750516474246979,103.57482147216797,0.05535097117001358,0.021790101455977717,17
413.52099609375,1.4595003128051758,0.03738369047641754,103.57482147216797,0.055311096597820734,0.021829928215373873,17
413.75299072265625,1.459497094154358,0.03717092052102089,103.57482147216797,0.05518526532429293,0.022008346035671103,17
413.9850158691406,1.4595011472702026,0.03700584918260574,103.57482147216797,0.05552947828469135,0.02199885919888954,17
414.2170104980469,1.4595043659210205,0.03667756915092468,103.57482147216797,0.05515814472911984,0.02194230142388008,17
414.4490051269531,1.4594963788986206,0.036478959023952484,103.57482147216797,0.0552567581536628,0.022089148490423975,17
414.6809997558594,1.4595071077346802,0.03621327877044678,103.57482147216797,0.055334088472197084,0.02191307915784334,17
414.9129943847656,1.4595022201538086,0.036024730652570724,103.57482147216797,0.0554099908868661,0.021889397037705125,17
415.14501953125,1.4594987630844116,0.035989705473184586,103.57482147216797,0.05516831350783517,0.021894736814643795,17
415.37701416015625,1.4595061540603638,0.03590809926390648,103.57482147216797,0.055392917432528,0.02188820609796892,17
415.6090087890625,1.4595016241073608,0.035823144018650055,103.57482147216797,0.055355424334624724,0.021875511859130763,17
415.84100341796875,1.4595049619674683,0.03584512695670128,103.57482147216797,0.055269779384877184,0.02191158264571914,17
416.072998046875,1.4595097303390503,0.036053795367479324,103.57482147216797,0.05531886079085228,0.021665308483550593,17
416.30499267578125,1.4595015048980713,0.03627998009324074,103.57482147216797,0.05551821799325586,0.02195011647460155,17
416.5370178222656,1.4595067501068115,0.036544542759656906,103.57482147216797,0.055323654478314055,0.021964823098560536,17
416.7690124511719,1.4595038890838623,0.0364580936729908,103.57482147216797,0.055460795639337764,0.021846792082666166,17
417.0010070800781,1.45950448513031,0.03631575033068657,103.57482147216797,0.05538806338955868,0.021718491052113705,17
417.2330017089844,1.4595012664794922,0.03615105152130127,103.57482147216797,0.05544579600548719,0.02189327066907143,17
417.4649963378906,1.4595062732696533,0.03612571209669113,103.57482147216797,0.05545758895374192,0.022115119654646555,17
417.6969909667969,1.4595003128051758,0.03609590232372284,103.57482147216797,0.05542051525106225,0.022026928424139974,17
417.92901611328125,1.4594967365264893,0.03585779666900635,103.57482147216797,0.055479782639153305,0.021913081961406653,17
418.1610107421875,1.4594931602478027,0.03567558154463768,103.57482147216797,0.05536979727889046,0.021893809403337437,17
418.39300537109375,1.459500789642334,0.03562602400779724,103.57482147216797,0.05553665959511435,0.021905386956450654,17
418.625,1.4594980478286743,0.03545983508229256,103.57482147216797,0.055287127884332314,0.02184344560309919,17
418.85699462890625,1.4594923257827759,0.035426296293735504,103.57482147216797,0.05555491734297182,0.021859562782837974,17
419.0890197753906,1.45949125289917,0.03558540716767311,103.57482147216797,0.05543567191992253,0.02204652889045314,17
419.3210144042969,1.459492802619934,0.03597405552864075,103.57482147216797,0.05544298406789747,0.021982983507787265,17
419.5530090332031,1.4594892263412476,0.036119379103183746,103.57482147216797,0.05533564658794313,0.0220726622110936,17
419.7850036621094,1.4595028162002563,0.03633624315261841,103.57482147216797,0.05543638033850063,0.021703708690471394,17
420.0169982910156,1.4594980478286743,0.03634108975529671,103.57482147216797,0.055281710947935846,0.022090649519503357,17
420.2489929199219,1.4595041275024414,0.036541931331157684,103.57482147216797,0.05551629366055765,0.021904856706752664,17
420.48101806640625,1.459498405456543,0.03677891939878464,103.57482147216797,0.05536803264437217,0.021925437294379294,17
420.7130126953125,1.4594929218292236,0.03683183342218399,103.57482147216797,0.055175799668887665,0.021913962346933852,17
420.94500732421875,1.4594942331314087,0.03664291277527809,103.57482147216797,0.05549670544513492,0.021885117389107072,17
421.177001953125,1.4594929218292236,0.03649758920073509,103.57482147216797,0.05532092138536855,0.022049346654867758,17
421.40899658203125,1.4594889879226685,0.03632059320807457,103.57482147216797,0.055359315206220665,0.021718385185977497,17
421.6409912109375,1.4594919681549072,0.03627178072929382,103.57482147216797,0.05550268665594004,0.02210262660526396,17
421.8730163574219,1.4595009088516235,0.03613465651869774,103.57482147216797,0.05554560403083477,0.02174953277506586,17
422.1050109863281,1.4594964981079102,0.03598448634147644,103.57482147216797,0.05572924912941705,0.02197347403630228,17
422.3370056152344,1.4594948291778564,0.03588537126779556,103.57482147216797,0.055302883646285876,0.021944151058118682,17
422.5690002441406,1.4594932794570923,0.03571433573961258,103.57482147216797,0.055492494125641854,0.021989777350974613,17
422.8009948730469,1.459486484527588,0.035555969923734665,103.57482147216797,0.05560144211155706,0.02175082055805087,17
423.03302001953125,1.459492564201355,0.035355500876903534,103.57482147216797,0.055564386746737186,0.02211884808144286,17
423.2650146484375,1.4594959020614624,0.03536854311823845,103.57482147216797,0.055490179916801115,0.02206494289145258,17
423.49700927734375,1.459498405456543,0.03534543886780739,103.57482147216797,0.05564323112738723,0.022031797813724177,17
423.72900390625,1.4594992399215698,0.03539760783314705,103.57482147216797,0.05568157933485638,0.02224067741117263,17
423.96099853515625,1.4594930410385132,0.03557572141289711,103.57482147216797,0.05555733959743405,0.022065865156757854,17
424.1929931640625,1.4595025777816772,0.0357556976377964,103.57482147216797,0.05547845071318656,0.021950076174859803,17
424.4250183105469,1.4595084190368652,0.0360899418592453,103.57482147216797,0.05569761801197662,0.021716052289989143,17
424.6570129394531,1.4594941139221191,0.036317240446805954,103.57482147216797,0.0556516895737202,0.021967702687934413,17
424.8890075683594,1.4595094919204712,0.036191295832395554,103.57482147216797,0.055583835757655554,0.02196849387760318,17
425.1210021972656,1.4595121145248413,0.035973310470581055,103.57482147216797,0.05550809368334941,0.02191926537997671,17
425.3529968261719,1.4595025777816772,0.03583842143416405,103.57482147216797,0.055466507103525714,0.021993282084545714,17
425.5849914550781,1.4594954252243042,0.03566552326083183,103.57482147216797,0.05565703020154312,0.022040155051816734,17
425.8170166015625,1.459496259689331,0.03560180217027664,103.57482147216797,0.05559087649459642,0.021858568069385537,17
426.04901123046875,1.4594995975494385,0.03541623800992966,103.57482147216797,0.055172859827723485,0.02207371533358456,17
426.281005859375,1.4594981670379639,0.03525042161345482,103.57482147216797,0.055639125214759125,0.021975914655155054,17
426.51300048828125,1.459496259689331,0.03509131073951721,103.57482147216797,0.055704474102672076,0.021966974196128298,17
426.7449951171875,1.4594975709915161,0.03496834263205528,103.57482147216797,0.05531547953091518,0.022030566441405625,17
426.9770202636719,1.4594979286193848,0.03481147065758705,103.57482147216797,0.05576861313446614,0.022022516933494773,17
427.2090148925781,1.4595048427581787,0.034715332090854645,103.57482147216797,0.0556492495615699,0.0220480027288384,17
427.4410095214844,1.4594991207122803,0.03470005467534065,103.57482147216797,0.055501536622403,0.022206257138012962,17
427.6730041503906,1.459502100944519,0.03471384197473526,103.57482147216797,0.055751819918670564,0.021967753251072444,17
427.9049987792969,1.45950186252594,0.034740298986434937,103.57482147216797,0.055686556201390756,0.021971257874673206,17
428.1369934082031,1.4594956636428833,0.03505702689290047,103.57482147216797,0.05563477997207157,0.021795477483577082,17
428.3690185546875,1.4594979286193848,0.03524669259786606,103.57482147216797,0.055484820865125406,0.02213786243895714,17
428.60101318359375,1.4594963788986206,0.03545759990811348,103.57482147216797,0.055557467458082654,0.021929935747397922,17
428.8330078125,1.4594987630844116,0.035454247146844864,103.57482147216797,0.05567677322802245,0.022159234613588232,17
429.06500244140625,1.459499716758728,0.035249676555395126,103.57482147216797,0.05553775363591956,0.022166390278537323,17
429.2969970703125,1.4595019817352295,0.035142358392477036,103.57482147216797,0.05571093307565659,0.021957109453281342,17
429.52899169921875,1.4594985246658325,0.034910961985588074,103.57482147216797,0.05533268272306963,0.021933879597334453,17
429.7610168457031,1.4594944715499878,0.03483382612466812,103.57482147216797,0.055510343226813696,0.02203938924864798,17
429.9930114746094,1.4594917297363281,0.034705646336078644,103.57482147216797,0.055657059084027766,0.02206260828179385,17
430.2250061035156,1.4595005512237549,0.034453004598617554,103.57482147216797,0.05556367213666954,0.02202714152474264,17
430.4570007324219,1.4595001935958862,0.034350160509347916,103.57482147216797,0.055670652804552107,0.022049516864326997,17
430.6889953613281,1.4595000743865967,0.03407367691397667,103.57482147216797,0.05555528953152106,0.022198800680245205,17
430.9209899902344,1.459492802619934,0.0339592806994915,103.57482147216797,0.05564369174026528,0.02197562687203066,17
431.15301513671875,1.4594966173171997,0.03374539315700531,103.57482147216797,0.0558018528486155,0.022195587845701758,17
431.385009765625,1.4594998359680176,0.03365819901227951,103.57482147216797,0.05565508771596238,0.02211708259517588,17
431.61700439453125,1.4594991207122803,0.03386425971984863,103.57482147216797,0.05563945155620574,0.022108004190239786,17
431.8489990234375,1.4594992399215698,0.03399020805954933,103.57482147216797,0.05549280889596066,0.021986892192409117,17
432.08099365234375,1.459496021270752,0.03411988168954849,103.57482147216797,0.05576876227850448,0.02211162856329553,17
432.3130187988281,1.4594972133636475,0.03446977213025093,103.57482147216797,0.05557090608382187,0.021964310450832754,17
432.5450134277344,1.4594987630844116,0.03470788151025772,103.57482147216797,0.05578153917522219,0.022034066794862073,17
432.7770080566406,1.4594919681549072,0.03481333330273628,103.57482147216797,0.055570845858572235,0.021954590350805322,17
433.0090026855469,1.4594985246658325,0.034580815583467484,103.57482147216797,0.05555982887153801,0.021958649505832553,17
433.2409973144531,1.459497332572937,0.03452417626976967,103.57482147216797,0.05551130110821109,0.021932676186803488,17
433.4729919433594,1.4594919681549072,0.03439599275588989,103.57482147216797,0.05561916682054622,0.02197046521162254,17
433.70501708984375,1.4594956636428833,0.03432333096861839,103.57482147216797,0.05579191550820555,0.022143279511922704,17
433.93701171875,1.4594899415969849,0.034204091876745224,103.57482147216797,0.05570778142007244,0.02201720471606687,17
434.16900634765625,1.4595012664794922,0.03417055681347847,103.57482147216797,0.055499547869371835,0.022061756961336658,17
434.4010009765625,1.459510087966919,0.03402821347117424,103.57482147216797,0.05575270432961889,0.021892292400111535,17
434.63299560546875,1.4594992399215698,0.03384674713015556,103.57482147216797,0.05560956893710012,0.02201244216589449,17
434.864990234375,1.45950186252594,0.03383966535329819,103.57482147216797,0.05555309180645858,0.022142658311151923,17
435.0970153808594,1.4594966173171997,0.033693600445985794,103.57482147216797,0.055843911942448636,0.022070529926844305,17
435.3290100097656,1.4595017433166504,0.0337606705725193,103.57482147216797,0.05572557920034935,0.022076438081073166,17
435.5610046386719,1.4595049619674683,0.033842649310827255,103.57482147216797,0.055622632341001066,0.02194895237462617,17
435.7929992675781,1.4594902992248535,0.03400883823633194,103.57482147216797,0.05575510559296725,0.02212499259709814,17
436.0249938964844,1.4594979286193848,0.03408857807517052,103.57482147216797,0.055566756797817654,0.02220953221166256,17
436.25701904296875,1.4594972133636475,0.034268930554389954,103.57482147216797,0.05585970554782374,0.022009970833656467,17
436.489013671875,1.4594974517822266,0.03473247215151787,103.57482147216797,0.05553446833765627,0.02202763065177033,17
436.72100830078125,1.4594895839691162,0.0348554402589798,103.57482147216797,0.055528412606344904,0.02193904286862935,17
436.9530029296875,1.459492802619934,0.03471123427152634,103.57482147216797,0.055657893131604776,0.021981011153118922,17
437.18499755859375,1.4595080614089966,0.034643787890672684,103.57482147216797,0.05571444427821435,0.022057935484414468,17
437.4169921875,1.459496021270752,0.034405309706926346,103.57482147216797,0.05582060601298932,0.021968539196109155,17
437.6490173339844,1.4594995975494385,0.03451262414455414,103.57482147216797,0.055538513306530986,0.0220455881633741,17
437.8810119628906,1.4595022201538086,0.03446120396256447,103.57482147216797,0.05571881395126074,0.021983850910108696,17
438.1130065917969,1.4595022201538086,0.0341385118663311,103.57482147216797,0.05581971604447491,0.022040089500681044,17
438.3450012207031,1.4595000743865967,0.03409789502620697,103.57482147216797,0.05577973235900448,0.022118804020274243,17
438.5769958496094,1.459499716758728,0.03403604030609131,103.57482147216797,0.05569276932487724,0.021907893286501865,17
438.8089904785156,1.4594910144805908,0.03397045657038689,103.57482147216797,0.05564844440051395,0.02203344761073381,17
439.041015625,1.4595040082931519,0.03387245908379555,103.57482147216797,0.055653096624653745,0.022124868847649474,17
439.27301025390625,1.4594929218292236,0.033646274358034134,103.57482147216797,0.055616427365894415,0.022040483455422696,17
439.5050048828125,1.4594939947128296,0.033705148845911026,103.57482147216797,0.05585494669202291,0.022060265299669608,17
439.73699951171875,1.4594967365264893,0.0337364487349987,103.57482147216797,0.05571579941120271,0.021925113506848965,17
439.968994140625,1.4595003128051758,0.03400474041700363,103.57482147216797,0.05569473726477819,0.02206088599875766,17
440.2010192871094,1.4594980478286743,0.03426073119044304,103.57482147216797,0.05579825721772579,0.021900767749673096,17
440.4330139160156,1.4595019817352295,0.03461621329188347,103.57482147216797,0.05558943806569464,0.02207218480875829,17
440.6650085449219,1.4595004320144653,0.034761909395456314,103.57482147216797,0.0556716361216377,0.02207170039405099,17
440.8970031738281,1.4594974517822266,0.03465757519006729,103.57482147216797,0.05566229144871038,0.022219809806382586,17
441.1289978027344,1.4594948291778564,0.03461435064673424,103.57482147216797,0.055620158345346234,0.021974126084280076,17
441.3609924316406,1.459491491317749,0.03441052883863449,103.57482147216797,0.055805204341625926,0.022208500433727636,17
441.593017578125,1.4594902992248535,0.034233901649713516,103.57482147216797,0.055626659135822876,0.022104721748186253,17
441.82501220703125,1.459489345550537,0.034225333482027054,103.57482147216797,0.05569853233658427,0.022138341493206197,17
442.0570068359375,1.4594944715499878,0.03405839949846268,103.57482147216797,0.05559755093485641,0.021842859258397115,17
442.28900146484375,1.4595004320144653,0.03385084494948387,103.57482147216797,0.05562622820124138,0.02200986352357526,17
442.52099609375,1.4594988822937012,0.0336880087852478,103.57482147216797,0.0556145854957677,0.02177855426685653,17
442.75299072265625,1.4595025777816772,0.03354678675532341,103.57482147216797,0.05575504462848104,0.021926127990992982,17
442.9850158691406,1.4594931602478027,0.033326566219329834,103.57482147216797,0.05549956780925007,0.022083250613480106,17
443.2170104980469,1.459489345550537,0.03308361396193504,103.57482147216797,0.055679775547342734,0.022014229059990155,17
443.4490051269531,1.4594976902008057,0.033136527985334396,103.57482147216797,0.055654478256049085,0.02204899585064276,17
443.6809997558594,1.4594911336898804,0.03331650421023369,103.57482147216797,0.05560375884789025,0.021983511189945223,17
443.9129943847656,1.4594959020614624,0.03341003134846687,103.57482147216797,0.055772930128300924,0.02201664418860127,17
444.14501953125,1.4594993591308594,0.033645156770944595,103.57482147216797,0.05565841920144184,0.022024457743905268,17
444.37701416015625,1.459502100944519,0.03397083282470703,103.57482147216797,0.05576835764491271,0.021998055006394505,17
444.6090087890625,1.4594886302947998,0.0341482013463974,103.57482147216797,0.05561727196619127,0.022007941589720383,17
444.84100341796875,1.459494709968567,0.03410981968045235,103.57482147216797,0.055434574020797836,0.022028890938947564,17
445.072998046875,1.4594982862472534,0.03390897437930107,103.57482147216797,0.055693725926285374,0.02205912973839717,17
445.30499267578125,1.4595067501068115,0.03388252109289169,103.57482147216797,0.05554778745550073,0.022081826139851046,17
445.5370178222656,1.4594948291778564,0.033745020627975464,103.57482147216797,0.05549684552079158,0.02209849545030464,17
445.7690124511719,1.4594985246658325,0.033598579466342926,103.57482147216797,0.05570587394158075,0.022092461597047794,17
446.0010070800781,1.4595016241073608,0.03353635221719742,103.57482147216797,0.05561019177058922,0.02197484645379299,17
446.2330017089844,1.4595004320144653,0.03344058617949486,103.57482147216797,0.0557080847372623,0.022276113591513148,17
446.4649963378906,1.4595085382461548,0.03323378041386604,103.57482147216797,0.05582707559005114,0.022110934342449838,17
446.6969909667969,1.459489107131958,0.03325911983847618,103.57482147216797,0.0555481811586696,0.02202950245206696,17
446.92901611328125,1.459496021270752,0.033066846430301666,103.57482147216797,0.055440134024279004,0.02215613229711058,17
447.1610107421875,1.4594998359680176,0.032877180725336075,103.57482147216797,0.055734830676455814,0.02201824543031719,17
447.39300537109375,1.4594995975494385,0.032880160957574844,103.57482147216797,0.05560259776710683,0.022009276357778506,17
447.625,1.459502935409546,0.032839544117450714,103.57482147216797,0.0557428211403915,0.022126071231681626,17
447.85699462890625,1.4595013856887817,0.03299753740429878,103.57482147216797,0.05590353824651582,0.022334368181701623,17
448.0890197753906,1.4594932794570923,0.0333060696721077,103.57482147216797,0.055636282204634735,0.0221338311292316,17
448.3210144042969,1.459504246711731,0.0336637869477272,103.57482147216797,0.05578098665328167,0.02201893299076418,17
448.5530090332031,1.4595049619674683,0.03399989381432533,103.57482147216797,0.05561467400859613,0.02206729376560294,17
448.7850036621094,1.459505319595337,0.03397082909941673,103.57482147216797,0.05568666343111626,0.021988099258126028,17
449.0169982910156,1.459494948387146,0.03392238914966583,103.57482147216797,0.05556024093511324,0.02188567042781138,17
449.2489929199219,1.4594957828521729,0.03384153172373772,103.57482147216797,0.05553285411843637,0.022140683468408084,17
449.48101806640625,1.459497094154358,0.03378675505518913,103.57482147216797,0.05584652943507095,0.022041281153085956,17
449.7130126953125,1.4594991207122803,0.0337073840200901,103.57482147216797,0.055612126106288025,0.022135586400051938,17
449.94500732421875,1.4594882726669312,0.033704403787851334,103.57482147216797,0.05563561851468478,0.022148548320093275,17
450.177001953125,1.4594987630844116,0.03345400094985962,103.57482147216797,0.0556183375486306,0.02199313141381314,17
405.3999938964844,1.460919737815857,0.18927396833896637,74.73688507080078,0.057281103857049674,0.028293347124722645,18
405.6310119628906,1.4598077535629272,0.06112316623330116,74.73688507080078,0.05694452434371868,0.028450008101650263,18
405.86199951171875,1.45980703830719,0.05284644663333893,74.73688507080078,0.05711244700520105,0.028770479696954537,18
406.093017578125,1.4598088264465332,0.04944774881005287,74.73688507080078,0.0566409272775742,0.02866976055841283,18
406.3240051269531,1.4598135948181152,0.0469321683049202,74.73688507080078,0.056820283495407,0.02884612825582557,18
406.55499267578125,1.4595015048980713,0.045137614011764526,74.73688507080078,0.05686065668098331,0.028784539643303426,18
406.7860107421875,1.459809422492981,0.04400110989809036,74.73688507080078,0.05694595922152118,0.028850078149867713,18
407.0169982910156,1.459512710571289,0.04300769791007042,74.73688507080078,0.05704158064257996,0.02889782991285752,18
407.2480163574219,1.4595067501068115,0.041544776409864426,74.73688507080078,0.05692711243040752,0.028956089903309078,18
407.47900390625,1.459810495376587,0.04212607070803642,74.73688507080078,0.05686036019518443,0.028792624369780924,18
407.7099914550781,1.4595046043395996,0.04010458663105965,74.73688507080078,0.0567490334130279,0.028811479557980968,18
407.9410095214844,1.4598106145858765,0.04108831286430359,74.73688507080078,0.057177882516952765,0.02884710845738744,18
408.1719970703125,1.4598065614700317,0.0401381216943264,74.73688507080078,0.05685050661966022,0.028865073114006833,18
408.40301513671875,1.4598054885864258,0.04078536853194237,74.73688507080078,0.056811443639492136,0.029120482504083882,18
408.6340026855469,1.459505319595337,0.03945957496762276,74.73688507080078,0.05693999519323693,0.02872656699484468,18
408.864990234375,1.459807276725769,0.040929947048425674,74.73688507080078,0.05688815919068228,0.02906406363771786,18
409.09600830078125,1.4595081806182861,0.039470382034778595,74.73688507080078,0.05707868988174176,0.028708061385972202,18
409.3269958496094,1.4598007202148438,0.04051968827843666,74.73688507080078,0.056432682271665854,0.0287762080981964,18
409.5580139160156,1.459503173828125,0.03887828066945076,74.73688507080078,0.056801478120945395,0.029109524038365593,18
409.78900146484375,1.4598097801208496,0.03974798321723938,74.73688507080078,0.056894701390076186,0.028796278579193712,18
410.0199890136719,1.4595071077346802,0.03832195699214935,74.73688507080078,0.05673869698262803,0.02874694663949927,18
410.2510070800781,1.4598230123519897,0.03907987102866173,74.73688507080078,0.05685015555696843,0.029082875758878655,18
410.48199462890625,1.4595125913619995,0.03782711178064346,74.73688507080078,0.05678908456718675,0.028952505266237147,18
410.7130126953125,1.4595054388046265,0.038016777485609055,74.73688507080078,0.0568254638369434,0.028984826823324,18
410.9440002441406,1.4598121643066406,0.0381382517516613,74.73688507080078,0.05706469156491534,0.029043441313828928,18
411.1750183105469,1.4598159790039062,0.038126327097415924,74.73688507080078,0.05686105774754471,0.02910415677458233,18
411.406005859375,1.4595061540603638,0.037102360278367996,74.73688507080078,0.05688646566050934,0.029017407479284888,18
411.6369934082031,1.4595015048980713,0.03687431290745735,74.73688507080078,0.056915088908837466,0.028970443725402573,18
411.8680114746094,1.459507703781128,0.0369957871735096,74.73688507080078,0.05665278462097916,0.028836111470052064,18
412.0989990234375,1.4598125219345093,0.03759012371301651,74.73688507080078,0.056816320455272525,0.028960799460072455,18
412.33001708984375,1.45951509475708,0.03725438937544823,74.73688507080078,0.056869686957564766,0.029081209872160733,18
412.5610046386719,1.4598109722137451,0.03788524121046066,74.73688507080078,0.05693975331050874,0.02920961193395177,18
412.7919921875,1.4598112106323242,0.03854702040553093,74.73688507080078,0.057026063766895986,0.02893423434857994,18
413.02301025390625,1.4595006704330444,0.03753124922513962,74.73688507080078,0.05675130929828152,0.02915049282575059,18
413.2539978027344,1.4594999551773071,0.0378524512052536,74.73688507080078,0.05705254972978978,0.02889949829907825,18
413.4850158691406,1.459504246711731,0.03705652430653572,74.73688507080078,0.05674375944366369,0.02898349197068413,18
413.71600341796875,1.459501028060913,0.037534601986408234,74.73688507080078,0.05683838231080065,0.029051381859763817,18
413.9469909667969,1.4598097801208496,0.03742579370737076,74.73688507080078,0.05698344884676665,0.02900940942351341,18
414.1780090332031,1.4598039388656616,0.03795976564288139,74.73688507080078,0.05675626344875253,0.028988982992596744,18
414.40899658203125,1.4598097801208496,0.03719290718436241,74.73688507080078,0.05692323586585065,0.02900541744548767,18
414.6400146484375,1.4595106840133667,0.03703603148460388,74.73688507080078,0.0567515047559651,0.028962279600661535,18
414.8710021972656,1.4594999551773071,0.03623638302087784,74.73688507080078,0.05677867049167001,0.028974810214711922,18
415.10198974609375,1.4598129987716675,0.03750479221343994,74.73688507080078,0.056770102352070834,0.0290075719195776,18
415.3330078125,1.459807276725769,0.03647374361753464,74.73688507080078,0.05699740033583158,0.029057485722645028,18
415.5639953613281,1.459486961364746,0.03623899072408676,74.73688507080078,0.05686409767742719,0.029185384896737863,18
415.7950134277344,1.459502935409546,0.035574231296777725,74.73688507080078,0.05695449152956046,0.029121434909166834,18
416.0260009765625,1.4598039388656616,0.03697343170642853,74.73688507080078,0.05679460355186718,0.029119545390778656,18
416.25701904296875,1.4594959020614624,0.035869721323251724,74.73688507080078,0.05698056173502652,0.02906082580016104,18
416.4880065917969,1.4598013162612915,0.03727935254573822,74.73688507080078,0.056845476627926196,0.028990303950064095,18
416.718994140625,1.4595048427581787,0.03650578856468201,74.73688507080078,0.056868232057246774,0.02880414888192001,18
416.95001220703125,1.4598097801208496,0.03782636672258377,74.73688507080078,0.057104685152668075,0.02929907909172305,18
417.1809997558594,1.4595134258270264,0.03673047944903374,74.73688507080078,0.05719618729754929,0.028868129500062033,18
417.4120178222656,1.4595041275024414,0.036859408020973206,74.73688507080078,0.056692122934384054,0.029143071485257428,18
417.64300537109375,1.4598158597946167,0.03713701292872429,74.73688507080078,0.05694474647761684,0.02902539788478188,18
417.8739929199219,1.459503412246704,0.03642120212316513,74.73688507080078,0.0568187607104255,0.028950618326905295,18
418.1050109863281,1.459807276725769,0.036872077733278275,74.73688507080078,0.056722047139994985,0.028974290307724616,18
418.33599853515625,1.4595004320144653,0.036126457154750824,74.73688507080078,0.0570680830292327,0.029080190990849332,18
418.5670166015625,1.4595094919204712,0.03611229732632637,74.73688507080078,0.0571085013581691,0.028986224065217787,18
418.7980041503906,1.459803819656372,0.036547522991895676,74.73688507080078,0.05684598095940174,0.02919966935935932,18
419.02899169921875,1.4594981670379639,0.035966601222753525,74.73688507080078,0.05704846848560915,0.02904217168863506,18
419.260009765625,1.4594974517822266,0.03548554331064224,74.73688507080078,0.05707192584931634,0.029112082363966355,18
419.4909973144531,1.4598119258880615,0.03635524958372116,74.73688507080078,0.0569368450102068,0.029180244275411504,18
419.7220153808594,1.459809422492981,0.03589990362524986,74.73688507080078,0.056985059844958816,0.029048641912713995,18
419.9530029296875,1.4598090648651123,0.03630531579256058,74.73688507080078,0.05699207900100921,0.02880601015331399,18
420.1839904785156,1.4598087072372437,0.03589468449354172,74.73688507080078,0.05676136295829647,0.029044303583664728,18
420.4150085449219,1.459816575050354,0.03669023886322975,74.73688507080078,0.057110705164435685,0.029076143971270195,18
420.64599609375,1.459503173828125,0.0358332023024559,74.73688507080078,0.05679906900101708,0.029073359424944347,18
420.87701416015625,1.459496021270752,0.036657072603702545,74.73688507080078,0.057125856521137386,0.02916384859703799,18
421.1080017089844,1.459804654121399,0.03666787967085838,74.73688507080078,0.056771183094686595,0.029050319065655507,18
421.3390197753906,1.4594990015029907,0.03661682829260826,74.73688507080078,0.05687059695422166,0.02908703771612982,18
421.57000732421875,1.4598073959350586,0.03637946769595146,74.73688507080078,0.05725111329243763,0.029158863660566088,18
421.8009948730469,1.4595030546188354,0.03628743067383766,74.73688507080078,0.05669181557928162,0.02916152498837937,18
422.0320129394531,1.459500789642334,0.035405803471803665,74.73688507080078,0.05697943591912444,0.028958138428318066,18
422.26300048828125,1.459809422492981,0.03663397207856178,74.73688507080078,0.057053898625686654,0.02904815619693255,18
422.4940185546875,1.4595059156417847,0.03521539270877838,74.73688507080078,0.05692434511177773,0.029037058771542626,18
422.7250061035156,1.4598054885864258,0.03649013862013817,74.73688507080078,0.057146552238205875,0.029209375634955247,18
422.95599365234375,1.4595091342926025,0.03509727120399475,74.73688507080078,0.05713283423688067,0.02926918372138109,18
423.18701171875,1.4594974517822266,0.03536555916070938,74.73688507080078,0.05701813150433118,0.02889996848374842,18
423.4179992675781,1.459497332572937,0.03468216955661774,74.73688507080078,0.05698569088117331,0.02930165888421397,18
423.6490173339844,1.459497332572937,0.03502386435866356,74.73688507080078,0.05678771270859873,0.029117414424580892,18
423.8800048828125,1.4595015048980713,0.034683287143707275,74.73688507080078,0.05710315507425008,0.029242752170664972,18
424.1109924316406,1.4594974517822266,0.03505590930581093,74.73688507080078,0.05687566095868175,0.029058516200698555,18
424.3420104980469,1.4595003128051758,0.035011567175388336,74.73688507080078,0.05695399454142335,0.029222835363601204,18
424.572998046875,1.4595028162002563,0.035594724118709564,74.73688507080078,0.05712920561742432,0.029194393734131477,18
424.80401611328125,1.4598146677017212,0.0364241860806942,74.73688507080078,0.057088192718358376,0.029035094137292917,18
425.0350036621094,1.459509253501892,0.03588835150003433,74.73688507080078,0.056893969808719094,0.029381565684101028,18
425.2659912109375,1.4598139524459839,0.0365307554602623,74.73688507080078,0.05724521970566131,0.02907366807562851,18
425.49700927734375,1.4598078727722168,0.036045968532562256,74.73688507080078,0.05703313596993061,0.02903290233202611,18
425.7279968261719,1.4595149755477905,0.035554852336645126,74.73688507080078,0.056844254194566665,0.02915641048229216,18
425.9590148925781,1.4598097801208496,0.03576203063130379,74.73688507080078,0.05693836823447546,0.029308539821217155,18
426.19000244140625,1.4595043659210205,0.03528805449604988,74.73688507080078,0.057059242794994434,0.029240499908471718,18
426.4209899902344,1.4595019817352295,0.03487556055188179,74.73688507080078,0.056979764491621974,0.02916746240587132,18
426.6520080566406,1.4594956636428833,0.03528358414769173,74.73688507080078,0.05696451188207462,0.029091641171915924,18
426.88299560546875,1.4595117568969727,0.034581560641527176,74.73688507080078,0.057329483834413955,0.029288467016184778,18
427.114013671875,1.459500789642334,0.035068951547145844,74.73688507080078,0.05702924058825597,0.029144466678861232,18
427.3450012207031,1.4595080614089966,0.03424694389104843,74.73688507080078,0.057144373879690964,0.029347239145446527,18
427.5760192871094,1.4598134756088257,0.035276129841804504,74.73688507080078,0.05734574907677384,0.02907018216712548,18
427.8070068359375,1.4597952365875244,0.03449511155486107,74.73688507080078,0.05702243648077922,0.029151462066335378,18
428.0379943847656,1.4595052003860474,0.03460540995001793,74.73688507080078,0.05677325107253885,0.029400026672882468,18
428.2690124511719,1.4595012664794922,0.03413180261850357,74.73688507080078,0.057096035175894906,0.029109706042054876,18
428.5,1.4595017433166504,0.03510509803891182,74.73688507080078,0.05700882765995119,0.029218791677021985,18
428.73101806640625,1.4594941139221191,0.034820783883333206,74.73688507080078,0.057111002191108456,0.029114947902016058,18
428.9620056152344,1.459491491317749,0.03566291555762291,74.73688507080078,0.057109788831030656,0.02894385846968695,18
429.1929931640625,1.4595001935958862,0.034940022975206375,74.73688507080078,0.056829817817486056,0.02912616249954225,18
429.42401123046875,1.4595023393630981,0.035407666116952896,74.73688507080078,0.056884159016242296,0.02934460456490543,18
429.6549987792969,1.4594967365264893,0.0346762090921402,74.73688507080078,0.05704604081942531,0.029182746012335038,18
429.8860168457031,1.4594932794570923,0.0350346714258194,74.73688507080078,0.05698741675019927,0.02925671229332794,18
430.11700439453125,1.459507942199707,0.03444182872772217,74.73688507080078,0.057119774199101636,0.029005864796685432,18
430.3479919433594,1.459820032119751,0.03542555123567581,74.73688507080078,0.05714656467259165,0.02908849060146096,18
430.5790100097656,1.459810733795166,0.03490537032485008,74.73688507080078,0.05714012147738387,0.029056213264682957,18
430.80999755859375,1.4594957828521729,0.03460540622472763,74.73688507080078,0.05731086015941663,0.029140935085228838,18
431.041015625,1.459507703781128,0.03430619090795517,74.73688507080078,0.05709498366282708,0.029007568484668112,18
431.2720031738281,1.4598090648651123,0.03505106642842293,74.73688507080078,0.0571493163920922,0.028843859426709296,18
431.50299072265625,1.4595057964324951,0.03415043652057648,74.73688507080078,0.05698062961679399,0.029117170025581274,18
431.7340087890625,1.4598020315170288,0.034709371626377106,74.73688507080078,0.05739090931832779,0.028960677856880442,18
431.9649963378906,1.4595013856887817,0.034122489392757416,74.73688507080078,0.057064464778642916,0.029264127834834577,18
432.1960144042969,1.4598089456558228,0.03493927791714668,74.73688507080078,0.05715307752959975,0.029127518280449995,18
432.427001953125,1.45949387550354,0.03466614708304405,74.73688507080078,0.057081663785099344,0.029129287525960543,18
432.65802001953125,1.459498643875122,0.034669872373342514,74.73688507080078,0.057138108596972007,0.029197397158630005,18
432.8890075683594,1.4598103761672974,0.03602510318160057,74.73688507080078,0.057035005033592406,0.029213246365552423,18
433.1199951171875,1.459495186805725,0.03498101234436035,74.73688507080078,0.05733059427341944,0.02913708815971621,18
433.35101318359375,1.4595069885253906,0.03538195788860321,74.73688507080078,0.05710444367514237,0.02901116285104094,18
433.5820007324219,1.4597909450531006,0.035367049276828766,74.73688507080078,0.05710018486844856,0.02922157971060558,18
433.8130187988281,1.4595019817352295,0.035111431032419205,74.73688507080078,0.05676868849242364,0.028930134745894457,18
434.04400634765625,1.459499478340149,0.03437139838933945,74.73688507080078,0.05707080438897353,0.029274734592465858,18
434.2749938964844,1.4598084688186646,0.035618945956230164,74.73688507080078,0.057215986184920374,0.029205321741488297,18
434.5060119628906,1.459808111190796,0.03485879302024841,74.73688507080078,0.057030268011924894,0.029279265743327947,18
434.73699951171875,1.4595001935958862,0.034894563257694244,74.73688507080078,0.057129581916025046,0.02922714539200023,18
434.968017578125,1.4598098993301392,0.03467881679534912,74.73688507080078,0.05699927815073699,0.029204923394141515,18
435.1990051269531,1.4598034620285034,0.03526197001338005,74.73688507080078,0.05738603979298395,0.029227202546512863,18
435.42999267578125,1.459502100944519,0.033837802708148956,74.73688507080078,0.05699367452252515,0.02904368678176968,18
435.6610107421875,1.4594967365264893,0.03440791741013527,74.73688507080078,0.057087373959731444,0.029259238137779302,18
435.8919982910156,1.4595024585723877,0.03372564539313316,74.73688507080078,0.05722827996526112,0.02938401096265727,18
436.1230163574219,1.4598166942596436,0.0350346714258194,74.73688507080078,0.057059863676790674,0.02922411566538862,18
436.35400390625,1.4595049619674683,0.033905621618032455,74.73688507080078,0.05699081098664495,0.02928570512266339,18
436.5849914550781,1.4594982862472534,0.034847985953092575,74.73688507080078,0.05720334390197512,0.029346700877087906,18
436.8160095214844,1.459812045097351,0.0352623425424099,74.73688507080078,0.05706316506523563,0.028937905657900394,18
437.0469970703125,1.4594966173171997,0.035266440361738205,74.73688507080078,0.057169330457745283,0.029209501128960733,18
437.27801513671875,1.4594929218292236,0.034740298986434937,74.73688507080078,0.057240108019407765,0.02932727585543096,18
437.5090026855469,1.4598053693771362,0.03570464625954628,74.73688507080078,0.05701948480324991,0.028918991108305352,18
437.7400207519531,1.4598075151443481,0.03526942431926727,74.73688507080078,0.05701679839122496,0.02914433604351056,18
437.97100830078125,1.4595012664794922,0.03473098203539848,74.73688507080078,0.05703817603703603,0.029467648756000067,18
438.2019958496094,1.4595071077346802,0.0345211960375309,74.73688507080078,0.057183083715236394,0.029233696898530264,18
438.4330139160156,1.4594898223876953,0.03458230569958687,74.73688507080078,0.05720430990308589,0.02916780408343203,18
438.66400146484375,1.4595091342926025,0.034425802528858185,74.73688507080078,0.05703332995266653,0.029177689016187874,18
438.89501953125,1.4595049619674683,0.03422197699546814,74.73688507080078,0.05712730045968053,0.029328415184238916,18
439.1260070800781,1.459497332572937,0.03431401774287224,74.73688507080078,0.05710866333558924,0.029228032031346683,18
439.35699462890625,1.4598079919815063,0.03448132425546646,74.73688507080078,0.05723869439298467,0.02920948186264371,18
439.5880126953125,1.4598045349121094,0.03467508777976036,74.73688507080078,0.057163523993273575,0.02938375375865968,18
439.8190002441406,1.4595012664794922,0.03356243297457695,74.73688507080078,0.05710679030686086,0.02920900063241614,18
440.0500183105469,1.4598119258880615,0.034634847193956375,74.73688507080078,0.057063832657394634,0.02929519557659068,18
440.281005859375,1.4594933986663818,0.03366043418645859,74.73688507080078,0.05713585578314559,0.02920813932500969,18
440.5119934082031,1.4598090648651123,0.03515167534351349,74.73688507080078,0.0570814533808705,0.029029777986428,18
440.7430114746094,1.4598125219345093,0.03502349182963371,74.73688507080078,0.057068273707244425,0.029435784633158938,18
440.9739990234375,1.4594963788986206,0.03523663431406021,74.73688507080078,0.05721976905641529,0.02921418329236064,18
441.20501708984375,1.4597994089126587,0.03507864102721214,74.73688507080078,0.05696212064859107,0.029529323128167435,18
441.4360046386719,1.4598017930984497,0.03548293560743332,74.73688507080078,0.057101511842973206,0.029237593228575214,18
441.6669921875,1.4595023393630981,0.03411019220948219,74.73688507080078,0.05729289512735418,0.02920599177088349,18
441.89801025390625,1.4595036506652832,0.03475632146000862,74.73688507080078,0.057044283013348115,0.029405186523215717,18
442.1289978027344,1.459494948387146,0.03394027426838875,74.73688507080078,0.05687415697623196,0.029277005650020473,18
442.3600158691406,1.4598063230514526,0.03501491993665695,74.73688507080078,0.05711713104220113,0.02895107125249284,18
442.59100341796875,1.4598067998886108,0.03443325683474541,74.73688507080078,0.057144898898348576,0.029415399066227723,18
442.8219909667969,1.4594980478286743,0.03435537591576576,74.73688507080078,0.05718490555421068,0.029341805619296293,18
443.0530090332031,1.4595035314559937,0.03361683711409569,74.73688507080078,0.05715578184329871,0.029246797106076694,18
443.28399658203125,1.4598063230514526,0.03468701243400574,74.73688507080078,0.057139590731789806,0.029341567645104816,18
443.5150146484375,1.459799885749817,0.0338672399520874,74.73688507080078,0.05736319826411153,0.02925144302956,18
443.7460021972656,1.4595072269439697,0.03381134569644928,74.73688507080078,0.05705087699731068,0.028905436859134437,18
443.9770202636719,1.459810495376587,0.034006230533123016,74.73688507080078,0.05680865014045677,0.029294776450838424,18
444.2080078125,1.459800362586975,0.03445635735988617,74.73688507080078,0.05709418701775665,0.029326441033200458,18
444.4389953613281,1.4594968557357788,0.03374241292476654,74.73688507080078,0.05708453688677468,0.029254965716309915,18
444.6700134277344,1.45979905128479,0.03500225022435188,74.73688507080078,0.05722606427528082,0.02918183609399755,18
444.9010009765625,1.459494709968567,0.03446008637547493,74.73688507080078,0.05724050858286878,0.02954625870884063,18
445.13201904296875,1.4594985246658325,0.03451411426067352,74.73688507080078,0.057025674234690064,0.029086913389943705,18
445.3630065917969,1.459804654121399,0.035051438957452774,74.73688507080078,0.05715219036238897,0.029224735625144462,18
445.593994140625,1.459794282913208,0.03488897532224655,74.73688507080078,0.05720008809357656,0.02915523921698004,18
445.82501220703125,1.4598040580749512,0.034870345145463943,74.73688507080078,0.05724564505738307,0.029306518540914397,18
446.0559997558594,1.4598091840744019,0.03449473902583122,74.73688507080078,0.05702746212441709,0.029177569178543274,18
446.2870178222656,1.4595065116882324,0.03405802324414253,74.73688507080078,0.057148728227914614,0.02930283178221282,18
446.51800537109375,1.459801197052002,0.03416459262371063,74.73688507080078,0.05739139385027923,0.029014590972128825,18
446.7489929199219,1.4595026969909668,0.03383631259202957,74.73688507080078,0.05721793413527255,0.02920520690820565,18
446.9800109863281,1.4598109722137451,0.033831097185611725,74.73688507080078,0.05708473172903664,0.02914264342362597,18
447.21099853515625,1.4598015546798706,0.03425104171037674,74.73688507080078,0.05707383622431984,0.029343087906625667,18
447.4420166015625,1.459499478340149,0.032840289175510406,74.73688507080078,0.057204952412154224,0.029136798220659343,18
447.6730041503906,1.4594991207122803,0.03336979076266289,74.73688507080078,0.05691404636179732,0.029304071047017266,18
447.90399169921875,1.4595024585723877,0.032883141189813614,74.73688507080078,0.057123378897005285,0.0290851774439267,18
448.135009765625,1.459800124168396,0.03412919491529465,74.73688507080078,0.05724329554615067,0.029194922340509546,18
448.3659973144531,1.4597971439361572,0.03366677090525627,74.73688507080078,0.056999010875986196,0.0291969417298588,18
448.5970153808594,1.4594948291778564,0.03406771272420883,74.73688507080078,0.05731268732353014,0.028932915649975674,18
448.8280029296875,1.4595075845718384,0.03367161378264427,74.73688507080078,0.057242771457629245,0.029299910365255203,18
449.05902099609375,1.4598026275634766,0.035101741552352905,74.73688507080078,0.05709578719772962,0.029139385954146706,18
449.2900085449219,1.4595026969909668,0.033805012702941895,74.73688507080078,0.0571696516117711,0.029532937489532927,18
449.52099609375,1.4598029851913452,0.034853946417570114,74.73688507080078,0.057118358449533155,0.029165806323557062,18
449.75201416015625,1.4594944715499878,0.03356392681598663,74.73688507080078,0.05719270887382614,0.029229551808442666,18
449.9830017089844,1.459812879562378,0.0346858948469162,74.73688507080078,0.057049758347780456,0.029247241329128648,18
450.2140197753906,1.459505319595337,0.033309049904346466,74.73688507080078,0.056722118254092964,0.02912278157149329,18
405.40399169921875,1.4609798192977905,0.18785613775253296,53.7109260559082,0.059503832937520554,0.03762171421202474,19
405.6390075683594,1.4595177173614502,0.06063316389918327,53.7109260559082,0.059603296903182744,0.03831744794280727,19
405.8739929199219,1.4595158100128174,0.052541643381118774,53.7109260559082,0.05945464456353695,0.038350243491794965,19
406.1090087890625,1.4595168828964233,0.04871479794383049,53.7109260559082,0.05939421278640235,0.03843164896527978,19
406.343994140625,1.4595232009887695,0.04611276835203171,53.7109260559082,0.05935401092354193,0.03855023322723199,19
406.5790100097656,1.4595144987106323,0.04451384022831917,53.7109260559082,0.05948378726577186,0.038549916116877844,19
406.8139953613281,1.4595237970352173,0.04334753006696701,53.7109260559082,0.05958534966629861,0.03871487032218698,19
407.04901123046875,1.4595179557800293,0.04245882108807564,53.7109260559082,0.059313528185522026,0.03860551976425811,19
407.28399658203125,1.459515929222107,0.04189802333712578,53.7109260559082,0.059358160516605106,0.03853737083128911,19
407.5190124511719,1.4595284461975098,0.04140318185091019,53.7109260559082,0.059239612363693926,0.03888392315450993,19
407.7539978027344,1.4595211744308472,0.041052915155887604,53.7109260559082,0.05932816521780615,0.038697828134000946,19
407.989013671875,1.4595210552215576,0.04057670012116432,53.7109260559082,0.05920202175614336,0.03872160819636384,19
408.2239990234375,1.4595272541046143,0.0402689129114151,53.7109260559082,0.05925527989814417,0.03868522649629465,19
408.4590148925781,1.459517240524292,0.03984561190009117,53.7109260559082,0.05951202750206684,0.03897620233515867,19
408.6940002441406,1.4595123529434204,0.03945063054561615,53.7109260559082,0.05940765384994941,0.03878876540170815,19
408.92901611328125,1.4595222473144531,0.03956949710845947,53.7109260559082,0.0593713150549752,0.038661709264226324,19
409.16400146484375,1.4595112800598145,0.0396149568259716,53.7109260559082,0.05940640071290012,0.038796003121348135,19
409.3990173339844,1.4595201015472412,0.03958253934979439,53.7109260559082,0.05916964402802914,0.03871328821770392,19
409.6340026855469,1.45951509475708,0.03924941644072533,53.7109260559082,0.05945120604711399,0.03868723084942406,19
409.8690185546875,1.4595173597335815,0.03911154344677925,53.7109260559082,0.05925070752238658,0.03898564298195214,19
410.10400390625,1.4595253467559814,0.038962122052907944,53.7109260559082,0.059023031066797134,0.03886941966262893,19
410.3389892578125,1.459513545036316,0.038876790553331375,53.7109260559082,0.05915041854493756,0.03873466861059323,19
410.5740051269531,1.459509253501892,0.03864651173353195,53.7109260559082,0.05900119851021071,0.039070829567326396,19
410.8089904785156,1.4595158100128174,0.03834393993020058,53.7109260559082,0.05949474408259956,0.03876845013584404,19
411.04400634765625,1.4595087766647339,0.037940386682748795,53.7109260559082,0.0593069726491475,0.038880549195247534,19
411.27899169921875,1.4595071077346802,0.03744778037071228,53.7109260559082,0.05923999430123,0.038832378601330764,19
411.5140075683594,1.459516167640686,0.03709937632083893,53.7109260559082,0.05920651176961913,0.0389023012302822,19
411.7489929199219,1.4595109224319458,0.03681357577443123,53.7109260559082,0.05937754775901722,0.03894510226373605,19
411.9840087890625,1.45951509475708,0.03651025891304016,53.7109260559082,0.059349504630094765,0.038718353211207396,19
412.218994140625,1.459507703781128,0.03669806197285652,53.7109260559082,0.05921960836486444,0.038899592327457815,19
412.4540100097656,1.4595153331756592,0.036966722458601,53.7109260559082,0.05936756632662434,0.03884559379612212,19
412.6889953613281,1.4595035314559937,0.037289414554834366,53.7109260559082,0.05915776446584624,0.038936858572358166,19
412.92401123046875,1.4595168828964233,0.03778388723731041,53.7109260559082,0.059163797396368185,0.03863262364201778,19
413.15899658203125,1.4595104455947876,0.03799628093838692,53.7109260559082,0.05927962933612144,0.03896252665763078,19
413.3940124511719,1.4595133066177368,0.03811514750123024,53.7109260559082,0.0591962645204894,0.03902329991541945,19
413.6289978027344,1.4595189094543457,0.037723150104284286,53.7109260559082,0.05907771986525641,0.039047983983117596,19
413.864013671875,1.4595173597335815,0.037315499037504196,53.7109260559082,0.05942994546207389,0.03885580575499051,19
414.0989990234375,1.4595146179199219,0.03676401451230049,53.7109260559082,0.059157710383458344,0.039083569900382746,19
414.3340148925781,1.4595142602920532,0.03647001460194588,53.7109260559082,0.05928458326416322,0.03898241761695071,19
414.5690002441406,1.4595173597335815,0.0361868217587471,53.7109260559082,0.05926555761022345,0.03906230045554356,19
414.80401611328125,1.4595136642456055,0.03613428398966789,53.7109260559082,0.05943971009409891,0.038898344859674805,19
415.03900146484375,1.4595190286636353,0.036247558891773224,53.7109260559082,0.05921663376730418,0.039002492776812704,19
415.2740173339844,1.4595128297805786,0.03635077551007271,53.7109260559082,0.05914695407735065,0.03890697993999712,19
415.5090026855469,1.4595084190368652,0.036241598427295685,53.7109260559082,0.0591966385416058,0.03912736517906263,19
415.7440185546875,1.4595050811767578,0.0361093170940876,53.7109260559082,0.059268701925651215,0.03902297567488838,19
415.97900390625,1.4595175981521606,0.03599827364087105,53.7109260559082,0.05935618599819584,0.038773026581151546,19
416.2139892578125,1.4595141410827637,0.03574228286743164,53.7109260559082,0.05911108086108464,0.039128299762700644,19
416.4490051269531,1.4595128297805786,0.0355667769908905,53.7109260559082,0.059214162395906704,0.03901796685450276,19
416.6839904785156,1.4595036506652832,0.03563608229160309,53.7109260559082,0.05914480693689651,0.039078296206954605,19
416.91900634765625,1.4595057964324951,0.035863012075424194,53.7109260559082,0.059352589329605715,0.038964047624092966,19
417.15399169921875,1.4595119953155518,0.03610000014305115,53.7109260559082,0.05948125531243324,0.039108559878054706,19
417.3890075683594,1.4595147371292114,0.036303453147411346,53.7109260559082,0.05928996200132489,0.039058649164656505,19
417.6239929199219,1.4595093727111816,0.036345187574625015,53.7109260559082,0.059468064710868004,0.03897006423674212,19
417.8590087890625,1.4595232009887695,0.036544542759656906,53.7109260559082,0.05938069303769878,0.03885286870136837,19
418.093994140625,1.4595166444778442,0.03646070137619972,53.7109260559082,0.059374052924700285,0.03910097461380123,19
418.3290100097656,1.4595121145248413,0.036278486251831055,53.7109260559082,0.0593087064051639,0.039165232350380705,19
418.5639953613281,1.4595155715942383,0.0361916646361351,53.7109260559082,0.059256927773674695,0.03889997872163978,19
418.79901123046875,1.459509253501892,0.035751596093177795,53.7109260559082,0.059409507698036816,0.03909045977279602,19
419.03399658203125,1.4595097303390503,0.03529326990246773,53.7109260559082,0.059254989608180535,0.039192724510167094,19
419.2690124511719,1.459510326385498,0.03502200171351433,53.7109260559082,0.05957346024752388,0.0391755569806966,19
419.5039978027344,1.459517002105713,0.03474104404449463,53.7109260559082,0.05951413886208359,0.03922430504853909,19
419.739013671875,1.459509015083313,0.0346471406519413,53.7109260559082,0.05943538228430558,0.039289042156335656,19
419.9739990234375,1.459509015083313,0.034632608294487,53.7109260559082,0.059541445823673364,0.039036548898559634,19
420.2090148925781,1.4595110416412354,0.034834571182727814,53.7109260559082,0.05921689830546324,0.039115372744745476,19
420.4440002441406,1.459510087966919,0.035032808780670166,53.7109260559082,0.05949954986556489,0.039053598093677803,19
420.67901611328125,1.4595108032226562,0.03545834496617317,53.7109260559082,0.05946753515542169,0.03921268375680384,19
420.91400146484375,1.4595081806182861,0.03595057874917984,53.7109260559082,0.05939717609648083,0.03924031243842273,19
421.1490173339844,1.4595081806182861,0.03621886670589447,53.7109260559082,0.05964767769451068,0.03913447702072374,19
421.3840026855469,1.4595106840133667,0.03604746237397194,53.7109260559082,0.05930820284109387,0.039063325972748426,19
421.6190185546875,1.4595104455947876,0.03579146787524223,53.7109260559082,0.059240299259344195,0.03928936163944393,19
421.85400390625,1.4595234394073486,0.03546244278550148,53.7109260559082,0.059435764666925205,0.03931610293089744,19
422.0890197753906,1.4595146179199219,0.03507006913423538,53.7109260559082,0.059429220081465804,0.038994082206307186,19
422.3240051269531,1.4595081806182861,0.03488525003194809,53.7109260559082,0.059337030854829706,0.03911033732253821,19
422.5589904785156,1.459518313407898,0.03491133078932762,53.7109260559082,0.059145377277385974,0.03925790668686123,19
422.79400634765625,1.4595109224319458,0.03492474555969238,53.7109260559082,0.05934062805606197,0.03934663866566615,19
423.02899169921875,1.4595091342926025,0.03511478379368782,53.7109260559082,0.059512977643619895,0.03897624677254772,19
423.2640075683594,1.4595118761062622,0.03515614569187164,53.7109260559082,0.059604640692943696,0.03914535347525126,19
423.4989929199219,1.459506630897522,0.035213902592659,53.7109260559082,0.05936243697272236,0.0393199080277071,19
423.7340087890625,1.4595139026641846,0.035070814192295074,53.7109260559082,0.059596630272236654,0.038901311294475355,19
423.968994140625,1.4595128297805786,0.03471123427152634,53.7109260559082,0.059556001148722976,0.03900557010485391,19
424.2040100097656,1.4595062732696533,0.03449585661292076,53.7109260559082,0.05933800734289351,0.03913784999617616,19
424.4389953613281,1.4595140218734741,0.034417230635881424,53.7109260559082,0.05940483244716382,0.03933252515747815,19
424.67401123046875,1.4595061540603638,0.03448430448770523,53.7109260559082,0.05927668286216056,0.03895252065367762,19
424.90899658203125,1.4595084190368652,0.0349038802087307,53.7109260559082,0.05941567094330554,0.03942922406421122,19
425.1440124511719,1.459513783454895,0.035367049276828766,53.7109260559082,0.05932894325330046,0.03906300402276176,19
425.3789978027344,1.4595067501068115,0.03565322607755661,53.7109260559082,0.059374856879491136,0.039070855054142345,19
425.614013671875,1.459507703781128,0.03582724183797836,53.7109260559082,0.05931292057684939,0.03921345011503941,19
425.8489990234375,1.459513783454895,0.03586040437221527,53.7109260559082,0.059507525627283724,0.03907657778056858,19
426.0840148925781,1.459498643875122,0.035675209015607834,53.7109260559082,0.059437825837909866,0.03908307529194071,19
426.3190002441406,1.4595061540603638,0.03538493439555168,53.7109260559082,0.05937740374955765,0.03920266923441827,19
426.55401611328125,1.4595168828964233,0.035096898674964905,53.7109260559082,0.05917822272278464,0.039367919082582394,19
426.78900146484375,1.4595204591751099,0.03473992273211479,53.7109260559082,0.05931088343997808,0.03907537198250515,19
427.0240173339844,1.4595130681991577,0.03450778126716614,53.7109260559082,0.05930615285695516,0.03919690682550104,19
427.2590026855469,1.4595184326171875,0.03433525562286377,53.7109260559082,0.059706056558714256,0.03947409989420391,19
427.4940185546875,1.4595026969909668,0.0341530442237854,53.7109260559082,0.05961520413041409,0.039131909629607844,19
427.72900390625,1.4595112800598145,0.03421303629875183,53.7109260559082,0.05951041023047468,0.039333745466927715,19
427.9640197753906,1.459509253501892,0.03442692011594772,53.7109260559082,0.0594027502796064,0.03923070153222797,19
428.1990051269531,1.4595038890838623,0.03459199517965317,53.7109260559082,0.05932257620206643,0.038955279572204314,19
428.4339904785156,1.4595062732696533,0.034867361187934875,53.7109260559082,0.05913247633313909,0.03921906928491511,19
428.66900634765625,1.459503412246704,0.03506634384393692,53.7109260559082,0.0593824936241027,0.03913505832949268,19
428.90399169921875,1.4595072269439697,0.035490017384290695,53.7109260559082,0.05937945991570791,0.0390698368128434,19
429.1390075683594,1.4595063924789429,0.03557683527469635,53.7109260559082,0.05942802708944891,0.03905523480645385,19
429.3739929199219,1.4595057964324951,0.0354318842291832,53.7109260559082,0.05953259717366264,0.038985496107264365,19
429.6090087890625,1.459517240524292,0.03514980897307396,53.7109260559082,0.05944023192086312,0.03918470726535638,19
429.843994140625,1.4595106840133667,0.03479842469096184,53.7109260559082,0.059620284308450996,0.03914799317309858,19
430.0790100097656,1.459512710571289,0.03462962806224823,53.7109260559082,0.05953476368972168,0.03922169393276013,19
430.3139953613281,1.4595144987106323,0.034619566053152084,53.7109260559082,0.059520208188296134,0.03931527388684141,19
430.54901123046875,1.4595178365707397,0.03470117226243019,53.7109260559082,0.05920479523415734,0.03911689259174097,19
430.78399658203125,1.4595122337341309,0.034842025488615036,53.7109260559082,0.05953593158002307,0.03930735424811785,19
431.0190124511719,1.459516167640686,0.03493629768490791,53.7109260559082,0.05954574309469721,0.039213868723047,19
431.2539978027344,1.4595037698745728,0.0348748154938221,53.7109260559082,0.05946344938390988,0.03898100408158912,19
431.489013671875,1.4594967365264893,0.03468030318617821,53.7109260559082,0.059382876790939274,0.039048596586224886,19
431.7239990234375,1.4595160484313965,0.03442021459341049,53.7109260559082,0.059370951762522266,0.039195482657101065,19
431.9590148925781,1.4595015048980713,0.03403342887759209,53.7109260559082,0.059566278849487224,0.03925161627763121,19
432.1940002441406,1.4595071077346802,0.03376476839184761,53.7109260559082,0.059393177035247484,0.03923744673991836,19
432.42901611328125,1.4595096111297607,0.033876556903123856,53.7109260559082,0.059610267186756036,0.03937884900006632,19
432.66400146484375,1.4595190286636353,0.034112054854631424,53.7109260559082,0.05925739861121453,0.03906047951796833,19
432.8990173339844,1.4595086574554443,0.034545786678791046,53.7109260559082,0.059692152492917844,0.03910950176052228,19
433.1340026855469,1.4595098495483398,0.03517105057835579,53.7109260559082,0.05950973098649074,0.03934490258926304,19
433.3690185546875,1.459503173828125,0.03547883778810501,53.7109260559082,0.05938204391492129,0.0390334745558386,19
433.60400390625,1.459504246711731,0.035435985773801804,53.7109260559082,0.05954508945108245,0.03913418916369151,19
433.8390197753906,1.459506869316101,0.03538083657622337,53.7109260559082,0.05929407771251695,0.03922242937950528,19
434.0740051269531,1.4595201015472412,0.03504137694835663,53.7109260559082,0.05945182698929209,0.03901532844691597,19
434.3089904785156,1.4595098495483398,0.03471458703279495,53.7109260559082,0.0595616679752829,0.039287347634025256,19
434.54400634765625,1.4595049619674683,0.03440046310424805,53.7109260559082,0.05939791738311148,0.039211210801661296,19
434.77899169921875,1.4595153331756592,0.03406286612153053,53.7109260559082,0.05936454643493645,0.03932202817323184,19
435.0140075683594,1.4595102071762085,0.03384637460112572,53.7109260559082,0.05919144792532824,0.03919956938364394,19
435.2489929199219,1.459512710571289,0.03380128741264343,53.7109260559082,0.059326541208229784,0.03924473734144432,19
435.4840087890625,1.459514856338501,0.033876556903123856,53.7109260559082,0.0596170301777976,0.03904171195381821,19
435.718994140625,1.459505558013916,0.03382215276360512,53.7109260559082,0.0594886662596301,0.03938391148654799,19
435.9540100097656,1.4595040082931519,0.03387804701924324,53.7109260559082,0.05953875826459943,0.03923852554014946,19
436.1889953613281,1.459498643875122,0.03403902053833008,53.7109260559082,0.05925039055414864,0.03905175664982744,19
436.42401123046875,1.4595112800598145,0.03430730849504471,53.7109260559082,0.059495296088146216,0.03902405148255694,19
436.65899658203125,1.4595032930374146,0.034325193613767624,53.7109260559082,0.05965530166919186,0.039128107022019895,19
436.8940124511719,1.459519863128662,0.034524548798799515,53.7109260559082,0.05944746251141172,0.03916204047161575,19
437.1289978027344,1.4595204591751099,0.03466241806745529,53.7109260559082,0.059318194673384284,0.039021684033658154,19
437.364013671875,1.4595016241073608,0.034461572766304016,53.7109260559082,0.05963009004233098,0.03935187480541586,19
437.5989990234375,1.4595041275024414,0.0342596136033535,53.7109260559082,0.05941626123466686,0.03905548474620883,19
437.8340148925781,1.4595098495483398,0.03412472456693649,53.7109260559082,0.059402464610799954,0.03921622070259204,19
438.0690002441406,1.45951247215271,0.03423763066530228,53.7109260559082,0.059568028406402455,0.039079857968386526,19
438.30401611328125,1.4595049619674683,0.034152671694755554,53.7109260559082,0.05936703102919198,0.03915210847551565,19
438.53900146484375,1.4595156908035278,0.03419552370905876,53.7109260559082,0.059550173983478914,0.039111553693636135,19
438.7740173339844,1.4595096111297607,0.034291286021471024,53.7109260559082,0.05944615960614976,0.039239577960286515,19
439.0090026855469,1.4595081806182861,0.03432668745517731,53.7109260559082,0.05934493314275578,0.03926224323522051,19
439.2440185546875,1.459517478942871,0.03410870209336281,53.7109260559082,0.05941025579954981,0.03942178475230611,19
439.47900390625,1.4595080614089966,0.0338430218398571,53.7109260559082,0.05945849977104913,0.03953042950518625,19
439.7140197753906,1.4595063924789429,0.03346741572022438,53.7109260559082,0.05968621075463938,0.039265623690476,19
439.9490051269531,1.4595109224319458,0.033208440989255905,53.7109260559082,0.05934603073628158,0.03894878419537835,19
440.1839904785156,1.459509253501892,0.0330396443605423,53.7109260559082,0.059526704441522714,0.03931574292209642,19
440.41900634765625,1.4595041275024414,0.03308696672320366,53.7109260559082,0.05952048472076459,0.039184647460129104,19
440.65399169921875,1.4595065116882324,0.03346853330731392,53.7109260559082,0.059490471915300484,0.03945438771560388,19
440.8890075683594,1.4595015048980713,0.03408559784293175,53.7109260559082,0.059554718887241044,0.03942645652315348,19
441.1239929199219,1.4595056772232056,0.03460913524031639,53.7109260559082,0.05961080990661557,0.03945004907295374,19
441.3590087890625,1.4595129489898682,0.03485804796218872,53.7109260559082,0.05976235492730345,0.039285233748661504,19
441.593994140625,1.4595037698745728,0.034903135150671005,53.7109260559082,0.05967081162255162,0.03911693948988799,19
441.8290100097656,1.4595026969909668,0.03461993858218193,53.7109260559082,0.059528683809992045,0.03930470893144715,19
442.0639953613281,1.4595186710357666,0.034408289939165115,53.7109260559082,0.059441564623289735,0.03935605089040962,19
442.29901123046875,1.45951509475708,0.03395629674196243,53.7109260559082,0.05965879123585384,0.03948720271777098,19
442.53399658203125,1.4595073461532593,0.03354417532682419,53.7109260559082,0.05930933491173073,0.03914012680714263,19
442.7690124511719,1.4595115184783936,0.03334183990955353,53.7109260559082,0.05947223452588923,0.03956413745228654,19
443.0039978027344,1.459506869316101,0.033327680081129074,53.7109260559082,0.05916112194136935,0.03931988244055578,19
443.239013671875,1.4595105648040771,0.033368296921253204,53.7109260559082,0.05979866486647996,0.03944833262183495,19
443.4739990234375,1.4595043659210205,0.03343872353434563,53.7109260559082,0.05937310288262138,0.03942222977502594,19
443.7090148925781,1.45951509475708,0.03367198631167412,53.7109260559082,0.059440926529419985,0.039293486059410014,19
443.9440002441406,1.459506630897522,0.03371409326791763,53.7109260559082,0.05918648688740034,0.039414080643802356,19
444.17901611328125,1.4595130681991577,0.0337848924100399,53.7109260559082,0.05939388356691051,0.03940718865235803,19
444.41400146484375,1.4595078229904175,0.03384711965918541,53.7109260559082,0.05955380062681507,0.039307674488652654,19
444.6490173339844,1.4595166444778442,0.03383370488882065,53.7109260559082,0.05927359454086189,0.039346533277636604,19
444.8840026855469,1.4595143795013428,0.033983126282691956,53.7109260559082,0.059413845368015375,0.039495767746141816,19
445.1190185546875,1.4595087766647339,0.034041255712509155,53.7109260559082,0.0597271250311428,0.03912203107205662,19
445.35400390625,1.45950448513031,0.0340610034763813,53.7109260559082,0.05943765528247089,0.039203092280659206,19
445.5890197753906,1.4595094919204712,0.03400101140141487,53.7109260559082,0.059669044340614194,0.039030719665117786,19
445.8240051269531,1.4595087766647339,0.03402448818087578,53.7109260559082,0.05958078486589727,0.03936291816947062,19
446.05902099609375,1.459504246711731,0.0339011512696743,53.7109260559082,0.059365423997378465,0.03902939617326498,19
446.29400634765625,1.4595175981521606,0.03402597829699516,53.7109260559082,0.059302643453313895,0.039291252623132274,19
446.52899169921875,1.459506869316101,0.034122489392757416,53.7109260559082,0.05977488921366075,0.03925921427765321,19
446.7640075683594,1.4595078229904175,0.03426520153880119,53.7109260559082,0.05920919516000488,0.03934109305926889,19
446.9989929199219,1.4595133066177368,0.03404572606086731,53.7109260559082,0.0592858214888447,0.03912759235066087,19
447.2340087890625,1.4595102071762085,0.03375508263707161,53.7109260559082,0.059391078564544994,0.0391089185267552,19
447.468994140625,1.4595063924789429,0.033454373478889465,53.7109260559082,0.059495981294760254,0.03926779084141345,19
447.7040100097656,1.4595123529434204,0.03316447138786316,53.7109260559082,0.05947806229758443,0.039410339186741715,19
447.9389953613281,1.4594918489456177,0.032904382795095444,53.7109260559082,0.05949292278982087,0.03917707576961003,19
448.17401123046875,1.4595006704330444,0.032969217747449875,53.7109260559082,0.05950723390277999,0.03936295073450061,19
448.40899658203125,1.4595091342926025,0.03323042765259743,53.7109260559082,0.05933739249170021,0.03911385820080591,19
448.6440124511719,1.4595063924789429,0.03363994136452675,53.7109260559082,0.059375130235961596,0.039308578055025085,19
448.8789978027344,1.459505319595337,0.03421340882778168,53.7109260559082,0.05962154500193006,0.03942227080155794,19
449.114013671875,1.459506630897522,0.03477420657873154,53.7109260559082,0.059296929643834616,0.03929687140352693,19
449.3489990234375,1.4595062732696533,0.0349087230861187,53.7109260559082,0.059522125533326836,0.03945296428856135,19
449.5840148925781,1.4595074653625488,0.03476526215672493,53.7109260559082,0.059361754149908505,0.03942899629421995,19
449.8190002441406,1.4595037698745728,0.034346435219049454,53.7109260559082,0.059440161526183394,0.03920364205874347,19
450.05401611328125,1.4595059156417847,0.033945489674806595,53.7109260559082,0.05953031073780622,0.03909242362850776,19
405.4070129394531,1.4609482288360596,0.17601080238819122,38.67573547363281,0.06461899886553468,0.0510150433057522,20
405.6449890136719,1.4595063924789429,0.059732161462306976,38.67573547363281,0.06392388573967277,0.05134054039101337,20
405.88299560546875,1.4595013856887817,0.05192532390356064,38.67573547363281,0.06396109563904974,0.0513313591265826,20
406.1210021972656,1.4598276615142822,0.0493769496679306,38.67573547363281,0.06397815946701868,0.051069462451320116,20
406.3590087890625,1.459517002105713,0.04662400856614113,38.67573547363281,0.06376450433591664,0.05157209631275846,20
406.5970153808594,1.4595164060592651,0.045133884996175766,38.67573547363281,0.06358836308922586,0.05145302433018345,20
406.8349914550781,1.4595246315002441,0.04355508089065552,38.67573547363281,0.06358778350694128,0.05173447501724107,20
407.072998046875,1.459519386291504,0.042341072112321854,38.67573547363281,0.06323928107904207,0.05213523605266353,20
407.3110046386719,1.4595109224319458,0.04164351895451546,38.67573547363281,0.06323805148346623,0.052127049628202624,20
407.54901123046875,1.4595142602920532,0.041196372359991074,38.67573547363281,0.06344457315667044,0.05185939186760246,20
407.7870178222656,1.4595102071762085,0.04084014520049095,38.67573547363281,0.06328964631346147,0.052111482987062696,20
408.0249938964844,1.4595179557800293,0.04036393389105797,38.67573547363281,0.06329730316958229,0.051931985891433025,20
408.26300048828125,1.4595121145248413,0.03935300558805466,38.67573547363281,0.06344192528334419,0.05217231859545768,20
408.5010070800781,1.459495186805725,0.03887567296624184,38.67573547363281,0.06333239342712309,0.05204483181759129,20
408.739013671875,1.4595075845718384,0.03884623572230339,38.67573547363281,0.06333933367831687,0.0520254810109538,20
408.97698974609375,1.459519863128662,0.03927624225616455,38.67573547363281,0.06330871563070942,0.052381944854598246,20
409.2149963378906,1.4595065116882324,0.0397748127579689,38.67573547363281,0.06327618443264703,0.051594110482651744,20
409.4530029296875,1.4595123529434204,0.03977034240961075,38.67573547363281,0.0635280984788536,0.051901172815839815,20
409.6910095214844,1.4595105648040771,0.03914731740951538,38.67573547363281,0.06325181596996644,0.05181889631145738,20
409.92901611328125,1.4595142602920532,0.038570865988731384,38.67573547363281,0.06339829558689493,0.05208723333924405,20
410.1669921875,1.4595084190368652,0.0383610799908638,38.67573547363281,0.0630377626813165,0.05185986857581326,20
410.4049987792969,1.4595074653625488,0.03843485936522484,38.67573547363281,0.06302544194898453,0.05210034515895093,20
410.64300537109375,1.4595078229904175,0.038398344069719315,38.67573547363281,0.06315978093516116,0.052099250537083155,20
410.8810119628906,1.4595122337341309,0.038110677152872086,38.67573547363281,0.06335378749545403,0.052164200564333844,20
411.1190185546875,1.4595098495483398,0.03759012371301651,38.67573547363281,0.06325321380331289,0.052275231497573266,20
411.35699462890625,1.4595119953155518,0.03702336177229881,38.67573547363281,0.06319722526511942,0.05206764739650077,20
411.5950012207031,1.459506630897522,0.03692685067653656,38.67573547363281,0.06332008476409041,0.052201401508717625,20
411.8330078125,1.4595146179199219,0.03713962063193321,38.67573547363281,0.06291441438362688,0.052236626239041586,20
412.0710144042969,1.4595072269439697,0.037153035402297974,38.67573547363281,0.06309137526510915,0.05200476778883267,20
412.3089904785156,1.4595072269439697,0.03684711083769798,38.67573547363281,0.06324017479434405,0.052313462112735507,20
412.5469970703125,1.459506869316101,0.036424554884433746,38.67573547363281,0.06312840291783312,0.052397943203999875,20
412.7850036621094,1.4595023393630981,0.036240480840206146,38.67573547363281,0.06300860253206568,0.05246497806489687,20
413.02301025390625,1.459511160850525,0.03667682036757469,38.67573547363281,0.06278007463595828,0.05215246484765361,20
413.2610168457031,1.4595082998275757,0.03754838928580284,38.67573547363281,0.06330003233990138,0.052541909602005506,20
413.4989929199219,1.459511399269104,0.03794001415371895,38.67573547363281,0.06326048069894892,0.05225181121490955,20
413.73699951171875,1.4595069885253906,0.0375230498611927,38.67573547363281,0.06315324212161856,0.05226024930547246,20
413.9750061035156,1.4595073461532593,0.03694324940443039,38.67573547363281,0.06320519084032064,0.05189694892096579,20
414.2130126953125,1.4595001935958862,0.036535222083330154,38.67573547363281,0.06282387153872478,0.05224158752956447,20
414.4510192871094,1.4595087766647339,0.03663620352745056,38.67573547363281,0.06330916084154158,0.052110254715211725,20
414.6889953613281,1.459513545036316,0.036923497915267944,38.67573547363281,0.06320307845014611,0.052208289418557235,20
414.927001953125,1.4595063924789429,0.03699355199933052,38.67573547363281,0.06307976658092151,0.05214448077457934,20
415.1650085449219,1.4595087766647339,0.03666079789400101,38.67573547363281,0.06309703721707433,0.05229972871148814,20
415.40301513671875,1.4595072269439697,0.03601094335317612,38.67573547363281,0.06289007852752276,0.05242340245205258,20
415.6409912109375,1.45951247215271,0.035844381898641586,38.67573547363281,0.06322681926741151,0.05246686409610207,20
415.8789978027344,1.4595015048980713,0.036010198295116425,38.67573547363281,0.0630754903864241,0.052502391959567,20
416.11700439453125,1.4595131874084473,0.036179739981889725,38.67573547363281,0.06311469519499252,0.05251303244572065,20
416.3550109863281,1.4595081806182861,0.03621886670589447,38.67573547363281,0.06293997200246218,0.05237332147129984,20
416.593017578125,1.4595128297805786,0.035821277648210526,38.67573547363281,0.06295351346377635,0.05248025490167896,20
416.83099365234375,1.459511399269104,0.035706136375665665,38.67573547363281,0.06314622144178114,0.05234546206795118,20
417.0690002441406,1.4595093727111816,0.035803020000457764,38.67573547363281,0.06327970413736506,0.052386031008160194,20
417.3070068359375,1.4598102569580078,0.03719029575586319,38.67573547363281,0.06318089012074021,0.052278287633175144,20
417.5450134277344,1.4595004320144653,0.03710608184337616,38.67573547363281,0.0631340465917173,0.052672908428664116,20
417.7829895019531,1.4595084190368652,0.03708596155047417,38.67573547363281,0.0629858368556282,0.0521978359301108,20
418.02099609375,1.4595134258270264,0.03658292070031166,38.67573547363281,0.06321687106128235,0.05217688262687709,20
418.2590026855469,1.4595086574554443,0.036085840314626694,38.67573547363281,0.06326896700295011,0.05232591743281052,20
418.49700927734375,1.4595088958740234,0.03596697375178337,38.67573547363281,0.06295607272170389,0.05231135471872355,20
418.7350158691406,1.459512710571289,0.03606795519590378,38.67573547363281,0.06331375065734555,0.05240198070685044,20
418.9729919433594,1.4595024585723877,0.036330655217170715,38.67573547363281,0.06312839409893094,0.05225912040099899,20
419.21099853515625,1.459507942199707,0.03627438843250275,38.67573547363281,0.06310963272690354,0.05235052310518444,20
419.4490051269531,1.459510326385498,0.03585779666900635,38.67573547363281,0.06315104100418077,0.05268825522109728,20
419.68701171875,1.4595054388046265,0.03534916415810585,38.67573547363281,0.06301337567240946,0.0522083748872557,20
419.9250183105469,1.4595011472702026,0.03498287498950958,38.67573547363281,0.06338636120856012,0.052634283051198494,20
420.1629943847656,1.4595097303390503,0.0353253148496151,38.67573547363281,0.06271506539665503,0.05257521908363025,20
420.4010009765625,1.459498405456543,0.035624533891677856,38.67573547363281,0.06301807977075294,0.05255200387340464,20
420.6390075683594,1.459510326385498,0.03546952083706856,38.67573547363281,0.06304567035834809,0.052485611864040625,20
420.87701416015625,1.4595096111297607,0.03542406111955643,38.67573547363281,0.06306852374089855,0.052713382565360026,20
421.114990234375,1.4595060348510742,0.035460952669382095,38.67573547363281,0.06289574800090028,0.05252328312330862,20
421.3529968261719,1.459502100944519,0.035855185240507126,38.67573547363281,0.06321418254434132,0.05212647522794375,20
421.59100341796875,1.4595032930374146,0.036330655217170715,38.67573547363281,0.06311475409847786,0.052550321746132715,20
421.8290100097656,1.4595115184783936,0.03647001460194588,38.67573547363281,0.06311928551434827,0.05229907460578336,20
422.0670166015625,1.4595030546188354,0.03629749268293381,38.67573547363281,0.06281334037011047,0.052771074932708155,20
422.30499267578125,1.4594969749450684,0.03574302792549133,38.67573547363281,0.06327393274784866,0.05248310121157101,20
422.5429992675781,1.4595129489898682,0.03528544679284096,38.67573547363281,0.06321089332381882,0.0523921247571409,20
422.781005859375,1.4595104455947876,0.03529923036694527,38.67573547363281,0.06314840053418509,0.052560850383386225,20
423.0190124511719,1.4595105648040771,0.03566328436136246,38.67573547363281,0.06331779826867223,0.05249681694844136,20
423.25701904296875,1.4595063924789429,0.035781778395175934,38.67573547363281,0.06313296543806322,0.052293187443933443,20
423.4949951171875,1.4595146179199219,0.03570464625954628,38.67573547363281,0.06333763948128693,0.052234969345902986,20
423.7330017089844,1.4595061540603638,0.035032808780670166,38.67573547363281,0.06328089305431428,0.05256400272766477,20
423.97100830078125,1.45951247215271,0.034616585820913315,38.67573547363281,0.0630523484771191,0.05262661456106363,20
424.2090148925781,1.4595067501068115,0.0345890112221241,38.67573547363281,0.06319907238562718,0.052809016407063356,20
424.4469909667969,1.4595186710357666,0.035064853727817535,38.67573547363281,0.06318087270152811,0.05258379846364051,20
424.68499755859375,1.459502100944519,0.03530072420835495,38.67573547363281,0.06329254509132387,0.05257036628289667,20
424.9230041503906,1.4595061540603638,0.035296253859996796,38.67573547363281,0.06329153727908184,0.052732867171847934,20
425.1610107421875,1.4594982862472534,0.035311903804540634,38.67573547363281,0.0630801284078899,0.05259390587042138,20
425.3990173339844,1.459505319595337,0.0355086475610733,38.67573547363281,0.06312907034906945,0.05283191344787329,20
425.6369934082031,1.4595046043395996,0.03561335429549217,38.67573547363281,0.06295096746308863,0.052396227046080726,20
425.875,1.4595016241073608,0.03582165017724037,38.67573547363281,0.0631346241502691,0.052617861246278465,20
426.1130065917969,1.4595059156417847,0.035866737365722656,38.67573547363281,0.06298461641551122,0.052329893945129304,20
426.35101318359375,1.4595102071762085,0.03551759198307991,38.67573547363281,0.06287389751498504,0.052367995228338536,20
426.5890197753906,1.4595082998275757,0.03499256446957588,38.67573547363281,0.0634639020454915,0.052237433017242964,20
426.8269958496094,1.4595032930374146,0.034734707325696945,38.67573547363281,0.06312013381758697,0.052507148751337065,20
427.06500244140625,1.4595141410827637,0.034873321652412415,38.67573547363281,0.06303725872854285,0.05253954170816089,20
427.3030090332031,1.459509253501892,0.0351460836827755,38.67573547363281,0.06328167039213924,0.05278747391852281,20
427.541015625,1.4595136642456055,0.03521725535392761,38.67573547363281,0.06326601713109245,0.05251840143075268,20
427.77899169921875,1.4595108032226562,0.034773461520671844,38.67573547363281,0.06291577446199438,0.05273233546874985,20
428.0169982910156,1.459510326385498,0.03428122401237488,38.67573547363281,0.06315235426641734,0.052663084535658836,20
428.2550048828125,1.4595094919204712,0.03402262181043625,38.67573547363281,0.06301151037722735,0.05266219601257274,20
428.4930114746094,1.4595144987106323,0.034367673099040985,38.67573547363281,0.06309926450906937,0.052734866243531416,20
428.73101806640625,1.4595067501068115,0.03479544445872307,38.67573547363281,0.06330544179131353,0.05231107964128877,20
428.968994140625,1.4594991207122803,0.03516322374343872,38.67573547363281,0.06330116594217346,0.05292628117173133,20
429.2070007324219,1.4594998359680176,0.03516881540417671,38.67573547363281,0.06308112024477827,0.05276986571685251,20
429.44500732421875,1.459500789642334,0.035089071840047836,38.67573547363281,0.06326771443813205,0.052233715853077956,20
429.6830139160156,1.4595081806182861,0.034875188022851944,38.67573547363281,0.06283813911059208,0.052554137939517964,20
429.9209899902344,1.459510087966919,0.035061124712228775,38.67573547363281,0.06319745150964828,0.052619380995222356,20
430.15899658203125,1.4595147371292114,0.03535512462258339,38.67573547363281,0.06318977989380356,0.05260350447620481,20
430.3970031738281,1.4595133066177368,0.03522731736302376,38.67573547363281,0.0630771406835838,0.05259573604634959,20
430.635009765625,1.4595016241073608,0.03479805588722229,38.67573547363281,0.06298209382641087,0.05236726585459598,20
430.8730163574219,1.4595097303390503,0.03436506539583206,38.67573547363281,0.0630685837220595,0.05244462803352848,20
431.1109924316406,1.4595102071762085,0.03411801531910896,38.67573547363281,0.06291049526429104,0.05288663900757567,20
431.3489990234375,1.4595037698745728,0.03437177091836929,38.67573547363281,0.06325506315226097,0.052666072726296684,20
431.5870056152344,1.4595085382461548,0.03457820415496826,38.67573547363281,0.06319017468891193,0.05260051739617367,20
431.82501220703125,1.4595065116882324,0.034438472241163254,38.67573547363281,0.06312566116966506,0.05233977627490319,20
432.0630187988281,1.4595035314559937,0.03402262553572655,38.67573547363281,0.06322913864368529,0.052721032889978356,20
432.3009948730469,1.4595071077346802,0.033499088138341904,38.67573547363281,0.06307146249860128,0.05279663515780172,20
432.53900146484375,1.4595084190368652,0.0335572175681591,38.67573547363281,0.06307935725811097,0.05275484354328059,20
432.7770080566406,1.4595067501068115,0.034041628241539,38.67573547363281,0.06302248177559644,0.052818912704035534,20
433.0150146484375,1.4594993591308594,0.03477383404970169,38.67573547363281,0.06343184814413835,0.05279027254499517,20
433.25299072265625,1.4595065116882324,0.03514273092150688,38.67573547363281,0.06323454641341479,0.052664704604717366,20
433.4909973144531,1.4595125913619995,0.0349474772810936,38.67573547363281,0.06347875385267572,0.05265944277767592,20
433.72900390625,1.4595118761062622,0.03452827408909798,38.67573547363281,0.06288636034215882,0.05255711100652007,20
433.9670104980469,1.4595140218734741,0.03439077362418175,38.67573547363281,0.06304767224803151,0.05260135597344389,20
434.20501708984375,1.4595121145248413,0.03470974043011665,38.67573547363281,0.06318884202656345,0.052563915669983696,20
434.4429931640625,1.4595097303390503,0.03489121049642563,38.67573547363281,0.06328277831536441,0.05292076470776754,20
434.6809997558594,1.4595119953155518,0.03481780365109444,38.67573547363281,0.06336650680920154,0.05270632631441223,20
434.91900634765625,1.459511637687683,0.03431699797511101,38.67573547363281,0.06315975243944807,0.05250473199094754,20
435.1570129394531,1.4595065116882324,0.03399840369820595,38.67573547363281,0.06316630892014378,0.052601171814769664,20
435.39501953125,1.4595112800598145,0.03397976979613304,38.67573547363281,0.06281967365894223,0.05282809500356626,20
435.63299560546875,1.4595139026641846,0.034237999469041824,38.67573547363281,0.06297397287889739,0.05275300908315883,20
435.8710021972656,1.45950448513031,0.03442654758691788,38.67573547363281,0.06322574008692416,0.05278963764844352,20
436.1090087890625,1.459509015083313,0.034189559519290924,38.67573547363281,0.06317931973170436,0.05277513149332294,20
436.3470153808594,1.4594943523406982,0.033771105110645294,38.67573547363281,0.06337209946529168,0.05267354680817839,20
436.5849914550781,1.4595108032226562,0.03348306566476822,38.67573547363281,0.06275637050156628,0.05271858088236178,20
436.822998046875,1.4595082998275757,0.033753588795661926,38.67573547363281,0.06348851280590954,0.052860160635777476,20
437.0610046386719,1.4595117568969727,0.03449101001024246,38.67573547363281,0.06315543726700906,0.05255544216489088,20
437.29901123046875,1.4595080614089966,0.03514571115374565,38.67573547363281,0.06301046144798263,0.052618600469031176,20
437.5370178222656,1.4595026969909668,0.03516024351119995,38.67573547363281,0.06330436220795671,0.052503895620683104,20
437.7749938964844,1.4595098495483398,0.034654222428798676,38.67573547363281,0.06333685951247467,0.052566363373809065,20
438.01300048828125,1.459509253501892,0.034241724759340286,38.67573547363281,0.06303160737354456,0.052597798544766164,20
438.2510070800781,1.4595017433166504,0.03420520946383476,38.67573547363281,0.06305287150301732,0.052665091162624474,20
438.489013671875,1.4595073461532593,0.03453497961163521,38.67573547363281,0.06337778298400545,0.05231133199719711,20
438.7270202636719,1.4595016241073608,0.03472576662898064,38.67573547363281,0.06300251501060772,0.05275708589850161,20
438.9649963378906,1.4594993591308594,0.034432511776685715,38.67573547363281,0.06335930166852653,0.052587942219819016,20
439.2030029296875,1.4595028162002563,0.03381507471203804,38.67573547363281,0.06323808016932693,0.05307173872335984,20
439.4410095214844,1.4595054388046265,0.03364292159676552,38.67573547363281,0.063130731881398,0.05287431760617278,20
439.67901611328125,1.4595096111297607,0.03383258357644081,38.67573547363281,0.0628650744357377,0.05251202449528236,20
439.9169921875,1.4595019817352295,0.03409864008426666,38.67573547363281,0.06298758729024062,0.05283186512097981,20
440.1549987792969,1.4595080614089966,0.03409901261329651,38.67573547363281,0.06311224268125182,0.05287991270647871,20
440.39300537109375,1.459507942199707,0.03388288989663124,38.67573547363281,0.06298852872386969,0.05264164985995239,20
440.6310119628906,1.4595040082931519,0.03362131118774414,38.67573547363281,0.06294921032596283,0.05285244232510145,20
440.8690185546875,1.45950448513031,0.033603422343730927,38.67573547363281,0.06316320587305284,0.05239737804208544,20
441.10699462890625,1.4595097303390503,0.03421452268958092,38.67573547363281,0.0631474751968681,0.0529400236559678,20
441.3450012207031,1.4595012664794922,0.034970205277204514,38.67573547363281,0.0632081625145449,0.05305185122209046,20
441.5830078125,1.4595023393630981,0.03507230430841446,38.67573547363281,0.06319455595730407,0.05270490579932147,20
441.8210144042969,1.4594945907592773,0.034718312323093414,38.67573547363281,0.06323464231321356,0.05254444164016743,20
442.05902099609375,1.4594964981079102,0.03420520946383476,38.67573547363281,0.06324483737612623,0.05268498558519168,20
442.2969970703125,1.459509253501892,0.03412509337067604,38.67573547363281,0.06294534547504042,0.05273610897767002,20
442.5350036621094,1.4595104455947876,0.03430693596601486,38.67573547363281,0.06312573900780936,0.052978695513419875,20
442.77301025390625,1.4594955444335938,0.03446492925286293,38.67573547363281,0.06316364889824137,0.05262607789259307,20
443.0110168457031,1.4595099687576294,0.034498464316129684,38.67573547363281,0.06318321776540411,0.052704249522890455,20
443.2489929199219,1.4595087766647339,0.03410087525844574,38.67573547363281,0.06281828708694306,0.05290099342570731,20
443.48699951171875,1.4595015048980713,0.033668261021375656,38.67573547363281,0.06309770652059579,0.052703618764235426,20
443.7250061035156,1.45950186252594,0.03339549899101257,38.67573547363281,0.06290190483338182,0.052540739825825744,20
443.9630126953125,1.4595084190368652,0.033468905836343765,38.67573547363281,0.06310142005345512,0.05277991748441723,20
444.2010192871094,1.4595015048980713,0.033853452652692795,38.67573547363281,0.06302758428055753,0.052412968772309526,20
444.4389953613281,1.4595013856887817,0.03391680121421814,38.67573547363281,0.06257436750548885,0.052811811070649785,20
444.677001953125,1.4595035314559937,0.033620938658714294,38.67573547363281,0.06271691848307777,0.052901718073769734,20
444.9150085449219,1.4595057964324951,0.033509522676467896,38.67573547363281,0.06324238023925176,0.05267850740737066,20
445.15301513671875,1.4595093727111816,0.033870965242385864,38.67573547363281,0.0634999101302475,0.05230325905397009,20
445.3909912109375,1.4595108032226562,0.034422822296619415,38.67573547363281,0.06303856252924901,0.05276986168562212,20
445.6289978027344,1.4595057964324951,0.03479320928454399,38.67573547363281,0.06307432621367288,0.052971977853710155,20
445.86700439453125,1.4595046043395996,0.03454317897558212,38.67573547363281,0.06308373524906394,0.05251340504118904,20
446.1050109863281,1.4594990015029907,0.034068457782268524,38.67573547363281,0.06333265049573496,0.05236550491888395,20
446.343017578125,1.4595115184783936,0.0336831659078598,38.67573547363281,0.0630686970460332,0.05286365511778106,20
446.58099365234375,1.459512710571289,0.0335240513086319,38.67573547363281,0.06324374688856632,0.05285251782825283,20
446.8190002441406,1.4595117568969727,0.03390152007341385,38.67573547363281,0.06299070337547337,0.05289117215414662,20
447.0570068359375,1.4595177173614502,0.03413254767656326,38.67573547363281,0.06298934153686149,0.0529460791323291,20
447.2950134277344,1.4595140218734741,0.034007348120212555,38.67573547363281,0.06322207439132138,0.052968878192137595,20
447.53302001953125,1.4595037698745728,0.03352964296936989,38.67573547363281,0.06314616818499914,0.05277721741628715,20
447.77099609375,1.4595085382461548,0.03298114240169525,38.67573547363281,0.06329017056951848,0.05267344246507366,20
448.0090026855469,1.45950448513031,0.03291667625308037,38.67573547363281,0.06320019224270018,0.05263183116191197,20
448.24700927734375,1.4595109224319458,0.033238623291254044,38.67573547363281,0.0633354136558494,0.05292743070942248,20
448.4850158691406,1.459510087966919,0.033402204513549805,38.67573547363281,0.0627499191268443,0.05306625974924185,20
448.7229919433594,1.459499716758728,0.03347896784543991,38.67573547363281,0.06308731737573182,0.05308161447306867,20
448.96099853515625,1.4595081806182861,0.03323005512356758,38.67573547363281,0.06313528432431613,0.0528407292663753,20
449.1990051269531,1.4595091342926025,0.033486418426036835,38.67573547363281,0.06347277604617887,0.052888825376534984,20
449.43701171875,1.459501028060913,0.03393878415226936,38.67573547363281,0.06366624898688447,0.052503533886475086,20
449.6750183105469,1.4595003128051758,0.03429389372467995,38.67573547363281,0.06291982472676581,0.05242801397398694,20
449.9129943847656,1.4595123529434204,0.03426855802536011,38.67573547363281,0.0632668415232403,0.05315452358439869,20
450.1510009765625,1.4594995975494385,0.03398163616657257,38.67573547363281,0.06323072191022851,0.05258113052957888,20
405.4169921875,1.4609432220458984,0.16242830455303192,27.76954460144043,0.0720625699735642,0.06841911828503142,21
405.6650085449219,1.4595093727111816,0.05845816060900688,27.76954460144043,0.07070741411651517,0.0682198658694864,21
405.9129943847656,1.459502935409546,0.051656659692525864,27.76954460144043,0.07112742391656181,0.06886737472065838,21
406.1610107421875,1.4595128297805786,0.04772995412349701,27.76954460144043,0.07034279177532901,0.06914978160966503,21
406.40899658203125,1.4595118761062622,0.045992039144039154,27.76954460144043,0.07063774524191951,0.06896585009178269,21
406.6570129394531,1.4598186016082764,0.04536565765738487,27.76954460144043,0.0702413553655342,0.06906038177837391,21
406.9049987792969,1.4595152139663696,0.04291267693042755,27.76954460144043,0.07009634444638431,0.06930536476264024,21
407.15301513671875,1.4598169326782227,0.04322679713368416,27.76954460144043,0.07065028092306952,0.06894253230440434,21
407.4010009765625,1.4598102569580078,0.04213203117251396,27.76954460144043,0.06995468915286952,0.06948141823008856,21
407.6490173339844,1.4595115184783936,0.04059048369526863,27.76954460144043,0.06983194632489925,0.06939766703368709,21
407.8970031738281,1.4595097303390503,0.040695566684007645,27.76954460144043,0.06984218432410944,0.06967916638816445,21
408.1449890136719,1.4595061540603638,0.03945733606815338,27.76954460144043,0.06963362258019323,0.06955953734480791,21
408.39300537109375,1.459509015083313,0.03942082077264786,27.76954460144043,0.07012046692573495,0.07006028586689676,21
408.6409912109375,1.4595091342926025,0.03932654857635498,27.76954460144043,0.0697770017052933,0.07002171836541522,21
408.8890075683594,1.4595065116882324,0.038613345474004745,27.76954460144043,0.06993931242471742,0.06973685119480641,21
409.1369934082031,1.4595102071762085,0.03910297155380249,27.76954460144043,0.06976893162090922,0.06953303664735883,21
409.385009765625,1.4595130681991577,0.038781773298978806,27.76954460144043,0.0695168311320974,0.06980130497486495,21
409.63299560546875,1.4595067501068115,0.038801148533821106,27.76954460144043,0.07043058285994973,0.06976416098028236,21
409.8810119628906,1.4595023393630981,0.039379458874464035,27.76954460144043,0.0698005593223552,0.06953545579064674,21
410.1289978027344,1.4595146179199219,0.038468021899461746,27.76954460144043,0.06978893074579182,0.06998936328345447,21
410.37701416015625,1.4595180749893188,0.03873295709490776,27.76954460144043,0.06954588225591721,0.06925372029599347,21
410.625,1.4595141410827637,0.038579437881708145,27.76954460144043,0.06965907324514069,0.06962570217003154,21
410.8730163574219,1.4595125913619995,0.03790387138724327,27.76954460144043,0.06967300743950221,0.06975421248835038,21
411.1210021972656,1.459505319595337,0.038197871297597885,27.76954460144043,0.06937654732503057,0.0700028273934238,21
411.3690185546875,1.4595037698745728,0.03752901032567024,27.76954460144043,0.06966935863156935,0.06979708030518288,21
411.61700439453125,1.4595205783843994,0.03714409098029137,27.76954460144043,0.06965548589056406,0.07038330890994422,21
411.864990234375,1.4595013856887817,0.03748392313718796,27.76954460144043,0.06969420522285112,0.07005051727067783,21
412.1130065917969,1.4595173597335815,0.03676215186715126,27.76954460144043,0.06942897514784287,0.07002054363990007,21
412.3609924316406,1.4595067501068115,0.036870960146188736,27.76954460144043,0.0693184109276546,0.07018375643037864,21
412.6090087890625,1.4595105648040771,0.0368698425590992,27.76954460144043,0.0696105364158981,0.06970157237494637,21
412.85699462890625,1.459510087966919,0.036233771592378616,27.76954460144043,0.06934765979290905,0.0703236335838747,21
413.1050109863281,1.4595133066177368,0.036983489990234375,27.76954460144043,0.06961813731618842,0.07020581022557405,21
413.3529968261719,1.4595038890838623,0.03670588508248329,27.76954460144043,0.06936962580057138,0.06972402076602448,21
413.60101318359375,1.4594993591308594,0.037041619420051575,27.76954460144043,0.06941439611919857,0.06982788911718732,21
413.8489990234375,1.459812879562378,0.03824295848608017,27.76954460144043,0.06973927959309746,0.06976066010696204,21
414.0970153808594,1.4595080614089966,0.0367632694542408,27.76954460144043,0.06960325163769036,0.07026644206579932,21
414.3450012207031,1.4595050811767578,0.0371217355132103,27.76954460144043,0.06963302388228002,0.07004341029550817,21
414.593017578125,1.4595041275024414,0.036964114755392075,27.76954460144043,0.06949800383440026,0.0702659441862362,21
414.84100341796875,1.4595062732696533,0.03642604500055313,27.76954460144043,0.0695915425812597,0.07020437892799236,21
415.0889892578125,1.4595057964324951,0.03687841072678566,27.76954460144043,0.0694523889798671,0.07042894664575866,21
415.3370056152344,1.459812879562378,0.03682288900017738,27.76954460144043,0.0699063744085777,0.06987700808373083,21
415.5849914550781,1.4595073461532593,0.03600125387310982,27.76954460144043,0.06960357597366075,0.07002600909195626,21
415.8330078125,1.4595073461532593,0.03633140027523041,27.76954460144043,0.06938961101600205,0.07027261572015102,21
416.08099365234375,1.4598015546798706,0.036113787442445755,27.76954460144043,0.06960269831327964,0.07034766317486257,21
416.3290100097656,1.459497094154358,0.035823140293359756,27.76954460144043,0.06980906247246976,0.07035220392203768,21
416.5769958496094,1.4594991207122803,0.035664405673742294,27.76954460144043,0.06934730145285245,0.07053195993967824,21
416.82501220703125,1.4595060348510742,0.035185206681489944,27.76954460144043,0.06916881770719134,0.07046859226711405,21
417.072998046875,1.4594985246658325,0.03591927886009216,27.76954460144043,0.06924153540047669,0.07050841929944392,21
417.3210144042969,1.45950448513031,0.03561856970191002,27.76954460144043,0.06945881905800033,0.07043685271767838,21
417.5690002441406,1.4598101377487183,0.036734577268362045,27.76954460144043,0.06973231384731883,0.07024514053166381,21
417.8170166015625,1.4595154523849487,0.036548640578985214,27.76954460144043,0.06995350236411783,0.07066673707649279,21
418.06500244140625,1.45950448513031,0.03584512323141098,27.76954460144043,0.0695041935707586,0.07018897876554317,21
418.3130187988281,1.4595094919204712,0.03622855618596077,27.76954460144043,0.06933519293033412,0.0703754494337649,21
418.5610046386719,1.4595012664794922,0.03594163805246353,27.76954460144043,0.06935537279938392,0.07004075414561284,21
418.8089904785156,1.4595072269439697,0.03546728566288948,27.76954460144043,0.0696750611749866,0.07015510990759039,21
419.0570068359375,1.45950448513031,0.03594387322664261,27.76954460144043,0.0696845138467703,0.07050332395395509,21
419.30499267578125,1.4594990015029907,0.035230670124292374,27.76954460144043,0.06929905418566559,0.07035104662816469,21
419.5530090332031,1.4595036506652832,0.03533649444580078,27.76954460144043,0.06939220025764499,0.0702468083582855,21
419.8009948730469,1.4594945907592773,0.03552653267979622,27.76954460144043,0.06931960051931928,0.07028415134714083,21
420.04901123046875,1.459499478340149,0.03479916974902153,27.76954460144043,0.06930330336110681,0.07055560157231629,21
420.2969970703125,1.459507942199707,0.035279110074043274,27.76954460144043,0.06907268748576947,0.07054778337070601,21
420.5450134277344,1.4595012664794922,0.035349536687135696,27.76954460144043,0.06919596673397323,0.07075499467487739,21
420.7929992675781,1.4594993591308594,0.034931451082229614,27.76954460144043,0.06927093957207885,0.07053203727769237,21
421.041015625,1.4595059156417847,0.03568415343761444,27.76954460144043,0.06950031929650685,0.07065847131621152,21
421.28900146484375,1.45950448513031,0.03525936231017113,27.76954460144043,0.06980394447750582,0.07043280647852627,21
421.5370178222656,1.4595006704330444,0.0356927216053009,27.76954460144043,0.06902978769696885,0.0702674412923021,21
421.7850036621094,1.4594993591308594,0.03623265400528908,27.76954460144043,0.06949116455017985,0.07047825728540322,21
422.03302001953125,1.4595125913619995,0.03547324612736702,27.76954460144043,0.06986341246472157,0.0702969334528318,21
422.281005859375,1.4595178365707397,0.035703156143426895,27.76954460144043,0.06918461094625997,0.07023359331090837,21
422.52899169921875,1.4595069885253906,0.03534543886780739,27.76954460144043,0.06963278355266975,0.07046868472660917,21
422.7770080566406,1.459511637687683,0.03481742739677429,27.76954460144043,0.06916951207424793,0.07074170885046116,21
423.0249938964844,1.4595075845718384,0.035457223653793335,27.76954460144043,0.06878893755259138,0.07074483678492607,21
423.27301025390625,1.4595082998275757,0.03466763347387314,27.76954460144043,0.06926166555088031,0.0705175412062393,21
423.52099609375,1.4598110914230347,0.03538530692458153,27.76954460144043,0.0695274076643442,0.0702594036187415,21
423.7690124511719,1.4598146677017212,0.03560031205415726,27.76954460144043,0.06961587026324839,0.07081019887769345,21
424.0169982910156,1.4595037698745728,0.03418061509728432,27.76954460144043,0.06948296253113283,0.07059215367088088,21
424.2650146484375,1.4595015048980713,0.03464900329709053,27.76954460144043,0.069523015401059,0.07046231645045915,21
424.51300048828125,1.4595043659210205,0.03428309038281441,27.76954460144043,0.06860678343207273,0.07092121928100378,21
424.7610168457031,1.4595022201538086,0.0339689627289772,27.76954460144043,0.06912250554075816,0.07060179685347631,21
425.0090026855469,1.4595054388046265,0.03480587899684906,27.76954460144043,0.06902569600123298,0.07054985645539973,21
425.25701904296875,1.4595030546188354,0.034487657248973846,27.76954460144043,0.06930798568564812,0.0705969991019054,21
425.5050048828125,1.45950448513031,0.03503578528761864,27.76954460144043,0.06919884957430053,0.07057350036383107,21
425.75299072265625,1.4594987630844116,0.03558168187737465,27.76954460144043,0.06935924066619267,0.0703946039909049,21
426.0010070800781,1.4594987630844116,0.03483233228325844,27.76954460144043,0.0695576755408986,0.0703467940542977,21
426.2489929199219,1.4595024585723877,0.0352914072573185,27.76954460144043,0.06950953283169535,0.07047754991014958,21
426.49700927734375,1.459513783454895,0.0348941907286644,27.76954460144043,0.06934284847801601,0.07063592106798733,21
426.7449951171875,1.4598138332366943,0.03534729778766632,27.76954460144043,0.06956793628134778,0.07044949781775313,21
426.9930114746094,1.459506630897522,0.03517365828156471,27.76954460144043,0.06945144425213613,0.07052300108521915,21
427.2409973144531,1.4595059156417847,0.03451113402843475,27.76954460144043,0.06948608959703326,0.07028613440229813,21
427.489013671875,1.4595121145248413,0.03461695834994316,27.76954460144043,0.06928788783418156,0.07067259854892353,21
427.73699951171875,1.4595052003860474,0.034894563257694244,27.76954460144043,0.06985666974995096,0.06991971592131761,21
427.9850158691406,1.4595142602920532,0.03402895852923393,27.76954460144043,0.06922985130651527,0.07098757689008317,21
428.2330017089844,1.4595046043395996,0.03451076149940491,27.76954460144043,0.06920513070836544,0.0705840804424182,21
428.48101806640625,1.4595082998275757,0.0341966412961483,27.76954460144043,0.06928552998299516,0.07070132692559698,21
428.72900390625,1.4595078229904175,0.0338478609919548,27.76954460144043,0.06944505488803975,0.07051350342496793,21
428.9770202636719,1.4595178365707397,0.03453982621431351,27.76954460144043,0.06918685140462517,0.07031085311221434,21
429.2250061035156,1.4595093727111816,0.03427936136722565,27.76954460144043,0.06940511360635392,0.07075336740514596,21
429.4729919433594,1.459504246711731,0.03496946021914482,27.76954460144043,0.06970934129548785,0.07054262083052476,21
429.72100830078125,1.4595136642456055,0.03546616807579994,27.76954460144043,0.06962022017496632,0.07060816117987014,21
429.968994140625,1.4595105648040771,0.034729860723018646,27.76954460144043,0.0693873896859543,0.07060959668791668,21
430.2170104980469,1.4595102071762085,0.03514943644404411,27.76954460144043,0.06951447824120817,0.07069558644769597,21
430.4649963378906,1.4595158100128174,0.034755948930978775,27.76954460144043,0.06932373239387213,0.07087794778568905,21
430.7130126953125,1.4595152139663696,0.03442617505788803,27.76954460144043,0.06942933650699594,0.0706439771068915,21
430.96099853515625,1.4595041275024414,0.03508348390460014,27.76954460144043,0.06958165223804817,0.0706115630306986,21
431.2090148925781,1.4594964981079102,0.03435872867703438,27.76954460144043,0.06985400179647829,0.07016553795041738,21
431.4570007324219,1.4598079919815063,0.03511515632271767,27.76954460144043,0.06967728080825535,0.07057160204274655,21
431.70501708984375,1.4595057964324951,0.03452082350850105,27.76954460144043,0.06945112155617666,0.07058093124970287,21
431.9530029296875,1.459513783454895,0.03392015025019646,27.76954460144043,0.06930746671415615,0.07055981491819824,21
432.2010192871094,1.4595158100128174,0.03433451056480408,27.76954460144043,0.06913435728170918,0.07046305079256887,21
432.4490051269531,1.45951509475708,0.03393245115876198,27.76954460144043,0.06939353796190866,0.07070293868408775,21
432.6969909667969,1.4595096111297607,0.033747997134923935,27.76954460144043,0.06895944119892165,0.0706415473772572,21
432.94500732421875,1.4595085382461548,0.034450024366378784,27.76954460144043,0.06955006572027443,0.07084005926049126,21
433.1929931640625,1.4595061540603638,0.03399132192134857,27.76954460144043,0.06963264298418102,0.07082600957798738,21
433.4410095214844,1.4595081806182861,0.034743648022413254,27.76954460144043,0.06941366364176145,0.07078076569433307,21
433.6889953613281,1.4595122337341309,0.03504137694835663,27.76954460144043,0.06901995253600728,0.07046768553577921,21
433.93701171875,1.4595048427581787,0.034587521106004715,27.76954460144043,0.06927803290899823,0.07069924006229207,21
434.18499755859375,1.4595054388046265,0.035001132637262344,27.76954460144043,0.06952537766625003,0.07080381979230908,21
434.4330139160156,1.4595075845718384,0.034507036209106445,27.76954460144043,0.06908383373334814,0.07063993094198258,21
434.6809997558594,1.4595086574554443,0.03434270620346069,27.76954460144043,0.0692410608414222,0.07052934252490811,21
434.92901611328125,1.4595072269439697,0.03486698865890503,27.76954460144043,0.06914805306020433,0.07052480596849044,21
435.177001953125,1.4595078229904175,0.03404460847377777,27.76954460144043,0.06947387361265726,0.07084135907344356,21
435.4250183105469,1.4595087766647339,0.03419365733861923,27.76954460144043,0.06861627037450628,0.07080296390066415,21
435.6730041503906,1.4595022201538086,0.0341239795088768,27.76954460144043,0.0690476914121551,0.07098730789723798,21
435.9210205078125,1.4595073461532593,0.03352665901184082,27.76954460144043,0.06940632827021281,0.07095464517334488,21
436.16900634765625,1.459504246711731,0.033966731280088425,27.76954460144043,0.0693307434037825,0.07096711737564883,21
436.4169921875,1.4598122835159302,0.03418397158384323,27.76954460144043,0.06951209917087414,0.07123080273296921,21
436.6650085449219,1.4595084190368652,0.03344021365046501,27.76954460144043,0.06888068375254712,0.07096516514941857,21
436.9129943847656,1.459494948387146,0.03403305634856224,27.76954460144043,0.06932345010652415,0.07108292487918916,21
437.1610107421875,1.4595062732696533,0.03352107107639313,27.76954460144043,0.06943587983036226,0.07098662499225089,21
437.40899658203125,1.4595043659210205,0.03424395993351936,27.76954460144043,0.06957311183851142,0.07069861770179078,21
437.6570129394531,1.4594919681549072,0.034531254321336746,27.76954460144043,0.06940210949829836,0.07069959144265439,21
437.9049987792969,1.459506630897522,0.03408149629831314,27.76954460144043,0.06936166649632422,0.07042765652418205,21
438.15301513671875,1.4595025777816772,0.034581560641527176,27.76954460144043,0.06948586612564811,0.0709647763211533,21
438.4010009765625,1.4595133066177368,0.034080009907484055,27.76954460144043,0.06907361836068052,0.07086594369171913,21
438.6490173339844,1.4595019817352295,0.03389555960893631,27.76954460144043,0.06937297275842726,0.0710071428437509,21
438.8970031738281,1.4595059156417847,0.034403447061777115,27.76954460144043,0.0695457404047448,0.07122164362499178,21
439.14501953125,1.4595062732696533,0.03364292159676552,27.76954460144043,0.0694965036862936,0.07091520809206758,21
439.39300537109375,1.4594944715499878,0.03390711173415184,27.76954460144043,0.06908286445514764,0.07080137262729405,21
439.6409912109375,1.4594995975494385,0.03372042626142502,27.76954460144043,0.06933503460822618,0.07075058618707901,21
439.8890075683594,1.4598197937011719,0.033768121153116226,27.76954460144043,0.06953608030415019,0.07078824647777024,21
440.1369934082031,1.459496021270752,0.03374762833118439,27.76954460144043,0.06899530338454966,0.0712436653702669,21
440.385009765625,1.4595049619674683,0.033133916556835175,27.76954460144043,0.06935098573974642,0.07102737048469412,21
440.63299560546875,1.4595062732696533,0.03319800645112991,27.76954460144043,0.06937913438425988,0.07105290364237053,21
440.8810119628906,1.4595012664794922,0.03352964296936989,27.76954460144043,0.06925308948195104,0.07115681559263688,21
441.1289978027344,1.4595001935958862,0.03304597735404968,27.76954460144043,0.06939245772179028,0.07066998919847953,21
441.37701416015625,1.4595061540603638,0.033743154257535934,27.76954460144043,0.06933729603531537,0.07103658111246627,21
441.625,1.4594993591308594,0.03413217514753342,27.76954460144043,0.06948779446314053,0.07083382844428071,21
441.8730163574219,1.4595022201538086,0.03364850953221321,27.76954460144043,0.06912088232787657,0.07136715660357006,21
442.1210021972656,1.459513545036316,0.034262966364622116,27.76954460144043,0.06951534220535831,0.07075228662424556,21
442.3690185546875,1.4595109224319458,0.033731233328580856,27.76954460144043,0.06927437087857481,0.07106301541834689,21
442.61700439453125,1.4594985246658325,0.033587027341127396,27.76954460144043,0.06915337170824108,0.07111630837094794,21
442.8650207519531,1.4594956636428833,0.03387581184506416,27.76954460144043,0.0691789214685074,0.07110919769296388,21
443.1130065917969,1.4598057270050049,0.033782653510570526,27.76954460144043,0.06948510361368909,0.07073355187175673,21
443.3609924316406,1.4595084190368652,0.033460333943367004,27.76954460144043,0.06928968431325247,0.07132253232046486,21
443.6090087890625,1.4595050811767578,0.03330942243337631,27.76954460144043,0.06921698914278189,0.07079370906378994,21
443.85699462890625,1.4595032930374146,0.03294946625828743,27.76954460144043,0.0689907708930275,0.07085324359879294,21
444.1050109863281,1.4595063924789429,0.0334942452609539,27.76954460144043,0.06940400052750596,0.07117056074185478,21
444.3529968261719,1.4595054388046265,0.0329282283782959,27.76954460144043,0.06891839398202446,0.07093051877781661,21
444.60101318359375,1.4598147869110107,0.03347151353955269,27.76954460144043,0.06908335541130065,0.07116353019370673,21
444.8489990234375,1.4595106840133667,0.03326396271586418,27.76954460144043,0.06931528953397098,0.07105562570718495,21
445.0970153808594,1.4595155715942383,0.03288165107369423,27.76954460144043,0.06908644132679072,0.07078400974923811,21
445.3450012207031,1.4595062732696533,0.033715955913066864,27.76954460144043,0.06937321413999009,0.07121733402695567,21
445.593017578125,1.459809422492981,0.034510016441345215,27.76954460144043,0.06945877588490057,0.07087629602157162,21
445.84100341796875,1.459510326385498,0.033664532005786896,27.76954460144043,0.06913811925501948,0.0710961291560136,21
446.0890197753906,1.4595001935958862,0.034199994057416916,27.76954460144043,0.06936531172038425,0.07082560891153603,21
446.3370056152344,1.459814190864563,0.03413739427924156,27.76954460144043,0.06915853076481264,0.07080436425975692,21
446.5849914550781,1.459816813468933,0.03423948958516121,27.76954460144043,0.06937010798713064,0.07099836884241209,21
446.8330078125,1.4595088958740234,0.03395964950323105,27.76954460144043,0.06880733245093085,0.07152718797915089,21
447.08099365234375,1.4595005512237549,0.03318943828344345,27.76954460144043,0.06919786618094101,0.07055707532930722,21
447.3290100097656,1.4594975709915161,0.03362056240439415,27.76954460144043,0.0692647006478573,0.07068278564934177,21
447.5769958496094,1.4594993591308594,0.03344692289829254,27.76954460144043,0.06898303088882654,0.0708586106304723,21
447.82501220703125,1.45950186252594,0.032972197979688644,27.76954460144043,0.06891260031065123,0.07092996952332388,21
448.072998046875,1.4595047235488892,0.03346667066216469,27.76954460144043,0.0688380929941497,0.07104925898662778,21
448.3210144042969,1.4595006704330444,0.032836563885211945,27.76954460144043,0.0693857622721458,0.07094279793062028,21
448.5690002441406,1.4595052003860474,0.03302771598100662,27.76954460144043,0.06900057099076687,0.07133452759041031,21
448.8170166015625,1.4595074653625488,0.033253900706768036,27.76954460144043,0.06940956914226101,0.07125464694230017,21
449.06500244140625,1.4598113298416138,0.033332522958517075,27.76954460144043,0.06948895291422458,0.07063796253880988,21
449.3130187988281,1.4595022201538086,0.03355870768427849,27.76954460144043,0.06910336603768556,0.07085935043873416,21
449.5610046386719,1.4595012664794922,0.0338042676448822,27.76954460144043,0.06981878559521172,0.07124169060432016,21
449.80902099609375,1.4595065116882324,0.03372154384851456,27.76954460144043,0.06942166446767148,0.07104605230588854,21
450.0570068359375,1.4595071077346802,0.03424731642007828,27.76954460144043,0.06938545639398659,0.07057709422053236,21
405.4020080566406,1.4609483480453491,0.16300103068351746,20.03204917907715,0.07891116960350934,0.08759079833984405,22
405.635009765625,1.4594769477844238,0.058951884508132935,20.03204917907715,0.08325605101555214,0.09052373749974885,22
405.8680114746094,1.459477186203003,0.052394457161426544,20.03204917907715,0.08268438013565413,0.08926855487023294,22
406.10101318359375,1.459486722946167,0.048497557640075684,20.03204917907715,0.08217896895350205,0.09105637622232568,22
406.3340148925781,1.4594812393188477,0.04696458578109741,20.03204917907715,0.08288142637138185,0.09059741678964477,22
406.5670166015625,1.4594688415527344,0.04473741352558136,20.03204917907715,0.0816322070030515,0.09148552538055729,22
406.8000183105469,1.4594718217849731,0.04410097375512123,20.03204917907715,0.0821376343042544,0.09086473351147617,22
407.0329895019531,1.4594703912734985,0.04251471161842346,20.03204917907715,0.08064575247627849,0.09161909209260986,22
407.2659912109375,1.459471583366394,0.04218084365129471,20.03204917907715,0.08105685072462458,0.09134920300093964,22
407.4989929199219,1.4594682455062866,0.04099813476204872,20.03204917907715,0.08118497814150578,0.09180935445061127,22
407.73199462890625,1.4594788551330566,0.0409761518239975,20.03204917907715,0.08106180302076949,0.09251842782287595,22
407.9649963378906,1.459484338760376,0.039998386055231094,20.03204917907715,0.08004632284078304,0.09197655586595602,22
408.197998046875,1.4594825506210327,0.03982847183942795,20.03204917907715,0.0808263208317007,0.09309211717209438,22
408.4309997558594,1.4594793319702148,0.03894795849919319,20.03204917907715,0.08080464909691319,0.09193891506726379,22
408.66400146484375,1.459482192993164,0.038831330835819244,20.03204917907715,0.08010368771511428,0.09250879357381975,22
408.8970031738281,1.4594777822494507,0.038302574306726456,20.03204917907715,0.08069061165924428,0.0930899388186102,22
409.1300048828125,1.4594753980636597,0.0383029505610466,20.03204917907715,0.08007330085235648,0.09238629110223666,22
409.3630065917969,1.4594731330871582,0.03818482533097267,20.03204917907715,0.08036792472765092,0.09326781672769889,22
409.59600830078125,1.4594697952270508,0.03843932971358299,20.03204917907715,0.08089697482738394,0.09305951745490487,22
409.8290100097656,1.4594792127609253,0.03871208801865578,20.03204917907715,0.08099918851704188,0.09262602090833578,22
410.06201171875,1.4594742059707642,0.0387437641620636,20.03204917907715,0.08135258405669582,0.09189442635591331,22
410.2950134277344,1.459476113319397,0.03855596110224724,20.03204917907715,0.07998575012483342,0.09282814798934039,22
410.52801513671875,1.4594732522964478,0.03801565617322922,20.03204917907715,0.08094424217280377,0.09268656514131879,22
410.7610168457031,1.4594777822494507,0.03800000622868538,20.03204917907715,0.08110887425155408,0.09169337426008078,22
410.9940185546875,1.4594770669937134,0.03742653876543045,20.03204917907715,0.08000884386980787,0.09210399831324534,22
411.22698974609375,1.4594758749008179,0.03761732205748558,20.03204917907715,0.07962233816905745,0.09189960114801454,22
411.4599914550781,1.4594733715057373,0.03709415718913078,20.03204917907715,0.08016027871548025,0.09364298556146936,22
411.6929931640625,1.459477186203003,0.03738033398985863,20.03204917907715,0.08082450838816084,0.09328745302918535,22
411.9259948730469,1.459468960762024,0.03655907139182091,20.03204917907715,0.08101767558962432,0.09335070740236304,22
412.15899658203125,1.4594708681106567,0.036856796592473984,20.03204917907715,0.0804840143457096,0.09347509659844776,22
412.3919982910156,1.459477424621582,0.0360463410615921,20.03204917907715,0.08035257937320596,0.09313741999337706,22
412.625,1.4594773054122925,0.0363176129758358,20.03204917907715,0.08045987707954642,0.09319653936001006,22
412.8580017089844,1.4594788551330566,0.035607390105724335,20.03204917907715,0.0806255709570674,0.09319064637518375,22
413.09100341796875,1.4594688415527344,0.03628556430339813,20.03204917907715,0.08025181254797532,0.09282278067912146,22
413.3240051269531,1.4594780206680298,0.03576463460922241,20.03204917907715,0.08035778871800105,0.09294563732195457,22
413.5570068359375,1.459471344947815,0.036603040993213654,20.03204917907715,0.07983254327734618,0.09313429071647822,22
413.7900085449219,1.4594768285751343,0.036283329129219055,20.03204917907715,0.07962261813816046,0.09369052682572035,22
414.02301025390625,1.4594662189483643,0.03712955862283707,20.03204917907715,0.08079569423520643,0.09264388531685902,22
414.2560119628906,1.4594640731811523,0.03651696443557739,20.03204917907715,0.08109360840610844,0.09251230089872346,22
414.489013671875,1.4594708681106567,0.03697976469993591,20.03204917907715,0.07995744567991606,0.093490817866022,22
414.7220153808594,1.459472417831421,0.03617899492383003,20.03204917907715,0.08071268426554026,0.09300175190324744,22
414.95501708984375,1.4594686031341553,0.036595217883586884,20.03204917907715,0.08006577546873818,0.0928815850344631,22
415.1880187988281,1.4594722986221313,0.035899899899959564,20.03204917907715,0.07959045278996515,0.0927203420431856,22
415.4209899902344,1.4594796895980835,0.0361771322786808,20.03204917907715,0.07985356339138044,0.09351535641115054,22
415.65399169921875,1.4594701528549194,0.03565657511353493,20.03204917907715,0.07991742575522964,0.09382470057587411,22
415.8869934082031,1.4594701528549194,0.035924121737480164,20.03204917907715,0.08040286836552467,0.09373380670073166,22
416.1199951171875,1.4594764709472656,0.03530779853463173,20.03204917907715,0.08052788884002367,0.09335889256749545,22
416.3529968261719,1.459464192390442,0.03551572561264038,20.03204917907715,0.08032355087231274,0.09363232569017513,22
416.58599853515625,1.459477424621582,0.03501342609524727,20.03204917907715,0.08007787778682246,0.09332321893286252,22
416.8190002441406,1.4594647884368896,0.035235513001680374,20.03204917907715,0.07973338516228852,0.09345512697948856,22
417.052001953125,1.4594688415527344,0.034997403621673584,20.03204917907715,0.07925261145820924,0.0928732712704067,22
417.2850036621094,1.45947265625,0.03532904386520386,20.03204917907715,0.07961065505182535,0.0928892574605585,22
417.51800537109375,1.4594621658325195,0.035477716475725174,20.03204917907715,0.0796830823823944,0.09330264440122181,22
417.7510070800781,1.4594792127609253,0.03595728427171707,20.03204917907715,0.07947306436270248,0.09300547377454838,22
417.9840087890625,1.459468960762024,0.03618905320763588,20.03204917907715,0.08017649545053585,0.09345555040863116,22
418.2170104980469,1.4594733715057373,0.03613577410578728,20.03204917907715,0.08038447615843326,0.0936559482365284,22
418.45001220703125,1.4594703912734985,0.03613763302564621,20.03204917907715,0.08046772303371842,0.09302433393585006,22
418.6830139160156,1.4594721794128418,0.035895802080631256,20.03204917907715,0.08037305052522284,0.09267018719228103,22
418.916015625,1.459468960762024,0.035864125937223434,20.03204917907715,0.07944492704253545,0.09303779647462342,22
419.1490173339844,1.4594738483428955,0.03558466210961342,20.03204917907715,0.07947101848021947,0.09338194395633073,22
419.38201904296875,1.4594684839248657,0.03571619465947151,20.03204917907715,0.07919063005563184,0.0936564572946274,22
419.614990234375,1.4594658613204956,0.035323452204465866,20.03204917907715,0.079977199967498,0.09399781859563505,22
419.8479919433594,1.459468960762024,0.03559434786438942,20.03204917907715,0.08010063322090245,0.09352497904446606,22
420.08099365234375,1.459468960762024,0.03497765585780144,20.03204917907715,0.08037236060845601,0.09388034036272046,22
420.3139953613281,1.459465742111206,0.03526197001338005,20.03204917907715,0.08047118804854551,0.09341827765288215,22
420.5469970703125,1.4594718217849731,0.03465310111641884,20.03204917907715,0.08005735217404916,0.09438785881329302,22
420.7799987792969,1.4594647884368896,0.0349716953933239,20.03204917907715,0.08002939320836788,0.0938226650965351,22
421.01300048828125,1.4594764709472656,0.034406423568725586,20.03204917907715,0.08054683354451396,0.0939833651120913,22
421.2460021972656,1.4594663381576538,0.03517887368798256,20.03204917907715,0.08008881251806844,0.09345697659440366,22
421.47900390625,1.459477424621582,0.034855809062719345,20.03204917907715,0.08024138609390377,0.09353996549986535,22
421.7120056152344,1.459450602531433,0.03572290390729904,20.03204917907715,0.080444863231851,0.09334936326788161,22
421.94500732421875,1.459466814994812,0.03536369279026985,20.03204917907715,0.08026353790967374,0.09371056144011251,22
422.1780090332031,1.4594721794128418,0.03601578623056412,20.03204917907715,0.08051405073341528,0.09369654830778394,22
422.4110107421875,1.459473967552185,0.035350650548934937,20.03204917907715,0.08082117307461872,0.09350716736120096,22
422.6440124511719,1.4594660997390747,0.03589952737092972,20.03204917907715,0.08035606530609377,0.09390512104443241,22
422.87701416015625,1.4594703912734985,0.03513713926076889,20.03204917907715,0.0800471571036594,0.09377446001288252,22
423.1100158691406,1.4594690799713135,0.035626769065856934,20.03204917907715,0.08057750363713738,0.09359600743630649,22
423.343017578125,1.4594804048538208,0.03491654619574547,20.03204917907715,0.08092772590677004,0.09342713083625259,22
423.5760192871094,1.4594675302505493,0.03543039411306381,20.03204917907715,0.07916305272063384,0.0932074946146522,22
423.8089904785156,1.4594800472259521,0.034684401005506516,20.03204917907715,0.07972449900741112,0.093730402781397,22
424.0419921875,1.4594625234603882,0.03496946021914482,20.03204917907715,0.0791633432484412,0.09298617969772306,22
424.2749938964844,1.4594639539718628,0.03440232574939728,20.03204917907715,0.07933020116904926,0.09373434988661007,22
424.50799560546875,1.4594688415527344,0.0347101129591465,20.03204917907715,0.0796673977429974,0.09448853793323006,22
424.7409973144531,1.4594676494598389,0.0341724157333374,20.03204917907715,0.07929836144855719,0.09408927060335932,22
424.9739990234375,1.4594647884368896,0.03461025282740593,20.03204917907715,0.07988355168565409,0.09423081476449618,22
425.2070007324219,1.4594670534133911,0.034588634967803955,20.03204917907715,0.08044571481306696,0.09396416376607078,22
425.44000244140625,1.4594643115997314,0.03486587107181549,20.03204917907715,0.08013653529805605,0.09374956614992609,22
425.6730041503906,1.4594674110412598,0.03504398092627525,20.03204917907715,0.08005692877207073,0.09356227441955792,22
425.906005859375,1.4594695568084717,0.03545983508229256,20.03204917907715,0.08024977034083708,0.09297883804064573,22
426.1390075683594,1.4594722986221313,0.03549820929765701,20.03204917907715,0.08022261286674984,0.09347637983888307,22
426.37200927734375,1.459465503692627,0.03545796871185303,20.03204917907715,0.0797874166598859,0.0943877593623869,22
426.6050109863281,1.4594693183898926,0.03539872169494629,20.03204917907715,0.07985766609092437,0.09368965546238356,22
426.8380126953125,1.4594660997390747,0.03510099649429321,20.03204917907715,0.08052804428903995,0.09442634045583177,22
427.0710144042969,1.4594788551330566,0.03516023978590965,20.03204917907715,0.08013756749655856,0.09297815833920504,22
427.30401611328125,1.4594682455062866,0.034841276705265045,20.03204917907715,0.0803280661326397,0.09398089126356633,22
427.5370178222656,1.4594626426696777,0.03496983274817467,20.03204917907715,0.07946959970842618,0.0934978457210797,22
427.77001953125,1.459471344947815,0.03448132425546646,20.03204917907715,0.07981124389419485,0.09333517535961837,22
428.00299072265625,1.459470510482788,0.03462887927889824,20.03204917907715,0.0793033003748453,0.09342065569357352,22
428.2359924316406,1.4594759941101074,0.03409528359770775,20.03204917907715,0.07963439034782983,0.09342213451192603,22
428.468994140625,1.459473729133606,0.03432556614279747,20.03204917907715,0.07953087593450743,0.09374875556498095,22
428.7019958496094,1.4594765901565552,0.0338284857571125,20.03204917907715,0.0797855430434,0.09408461648561413,22
428.93499755859375,1.4594682455062866,0.03441983833909035,20.03204917907715,0.07970948484429477,0.09420308589185904,22
429.1679992675781,1.4594719409942627,0.03380575776100159,20.03204917907715,0.08018571875806875,0.09493641654254516,22
429.4010009765625,1.4594638347625732,0.034560319036245346,20.03204917907715,0.07977233299578763,0.09423627841175343,22
429.6340026855469,1.4594602584838867,0.034132543951272964,20.03204917907715,0.07980501478490783,0.09316531663865238,22
429.86700439453125,1.4594727754592896,0.03507230430841446,20.03204917907715,0.08041421571212068,0.09369728733149474,22
430.1000061035156,1.4594718217849731,0.034692972898483276,20.03204917907715,0.07922772157276385,0.09387285777991594,22
430.3330078125,1.4594666957855225,0.03520384058356285,20.03204917907715,0.07929711154991734,0.09321548035924904,22
430.5660095214844,1.4594612121582031,0.0344097763299942,20.03204917907715,0.08041762333887696,0.09440991365757313,22
430.79901123046875,1.459468960762024,0.03503355011343956,20.03204917907715,0.07966353215499566,0.09381216505354406,22
431.0320129394531,1.459470510482788,0.03416123613715172,20.03204917907715,0.07974058769210085,0.09391915230352099,22
431.2650146484375,1.4594690799713135,0.03471682220697403,20.03204917907715,0.0794431204047008,0.09350097487239702,22
431.4980163574219,1.4594651460647583,0.034047212451696396,20.03204917907715,0.0802168835276673,0.09347980514575825,22
431.73101806640625,1.4594688415527344,0.03437288850545883,20.03204917907715,0.07966842546094975,0.09445876894846127,22
431.9640197753906,1.4594602584838867,0.03371371701359749,20.03204917907715,0.07949637543440724,0.09402514612797344,22
432.1969909667969,1.4594619274139404,0.03398089110851288,20.03204917907715,0.07974326416263927,0.09398671141519754,22
432.42999267578125,1.4594650268554688,0.033465176820755005,20.03204917907715,0.07973560512147726,0.09392004604580947,22
432.6629943847656,1.4594688415527344,0.03374091908335686,20.03204917907715,0.07962702186666511,0.09477471634112979,22
432.89599609375,1.459473967552185,0.03348082676529884,20.03204917907715,0.08013885918282031,0.09512047602459633,22
433.1289978027344,1.4594646692276,0.033767376095056534,20.03204917907715,0.07912163108597124,0.09433230614122094,22
433.36199951171875,1.4594652652740479,0.03354715183377266,20.03204917907715,0.0792884446110578,0.09459929571118506,22
433.5950012207031,1.459473729133606,0.03399728611111641,20.03204917907715,0.07943167908920835,0.09472667995950794,22
433.8280029296875,1.4594707489013672,0.034167200326919556,20.03204917907715,0.07898272504709719,0.09403007525926106,22
434.0610046386719,1.4594666957855225,0.03455622121691704,20.03204917907715,0.07956891635539426,0.09430895915603413,22
434.29400634765625,1.459464430809021,0.03432369977235794,20.03204917907715,0.07953418065570338,0.0940770482791375,22
434.5270080566406,1.4594632387161255,0.03436730057001114,20.03204917907715,0.07958126155790357,0.09478646650100511,22
434.760009765625,1.4594576358795166,0.03422756493091583,20.03204917907715,0.07996027910324546,0.09411751439525104,22
434.9930114746094,1.4594789743423462,0.03404051065444946,20.03204917907715,0.07905381632399923,0.0938884637873774,22
435.22601318359375,1.4594742059707642,0.0341045968234539,20.03204917907715,0.0790252037055939,0.0942699727369447,22
435.4590148925781,1.4594682455062866,0.03374911844730377,20.03204917907715,0.0791203149276515,0.09360655099585684,22
435.6920166015625,1.4594765901565552,0.03381246328353882,20.03204917907715,0.07932021307119894,0.09411503866561112,22
435.9250183105469,1.4594650268554688,0.03350728377699852,20.03204917907715,0.07995116612998482,0.09444741115891946,22
436.15802001953125,1.4594647884368896,0.03371930494904518,20.03204917907715,0.07963016155038709,0.09446044804810422,22
436.3909912109375,1.4594762325286865,0.033121246844530106,20.03204917907715,0.07937982643479358,0.09421159049804545,22
436.6239929199219,1.4594682455062866,0.033532995730638504,20.03204917907715,0.07907384723026989,0.09412534244262047,22
436.85699462890625,1.459472894668579,0.033046722412109375,20.03204917907715,0.07947177207842918,0.094126308075466,22
437.0899963378906,1.4594676494598389,0.03374911844730377,20.03204917907715,0.07867596303541186,0.09386263248117921,22
437.322998046875,1.4594646692276,0.03336494415998459,20.03204917907715,0.07920956654621572,0.09398528901671482,22
437.5559997558594,1.4594783782958984,0.034148942679166794,20.03204917907715,0.07940137336169345,0.09371345913643095,22
437.78900146484375,1.459470510482788,0.03388587012887001,20.03204917907715,0.07951672072994163,0.0941363953529003,22
438.0220031738281,1.4594753980636597,0.03480401635169983,20.03204917907715,0.08026339604891168,0.09395009635672628,22
438.2550048828125,1.4594800472259521,0.03415341302752495,20.03204917907715,0.08022882351179579,0.09381802244964252,22
438.4880065917969,1.459475040435791,0.03475259244441986,20.03204917907715,0.08002824371967078,0.09416766003093699,22
438.72100830078125,1.4594756364822388,0.03397231549024582,20.03204917907715,0.07960223128577373,0.09317614326418805,22
438.9540100097656,1.459475040435791,0.03448653966188431,20.03204917907715,0.07964029287073757,0.09409778834685877,22
439.18701171875,1.4594659805297852,0.03372340276837349,20.03204917907715,0.07961225117164365,0.09395047080956485,22
439.4200134277344,1.4594756364822388,0.03425178676843643,20.03204917907715,0.07975933420598244,0.09359537568544284,22
439.65301513671875,1.4594720602035522,0.03352367877960205,20.03204917907715,0.07943799991527557,0.09382386019482969,22
439.8860168457031,1.4594781398773193,0.033923134207725525,20.03204917907715,0.07980864616604587,0.09396141475702668,22
440.1190185546875,1.4594812393188477,0.033442072570323944,20.03204917907715,0.07986163386068258,0.09439508561967327,22
440.3520202636719,1.4594829082489014,0.03368465229868889,20.03204917907715,0.07963149577280375,0.09505041497876152,22
440.5849914550781,1.459480881690979,0.03315701708197594,20.03204917907715,0.07972672517197424,0.09441886618827258,22
440.8179931640625,1.4594752788543701,0.03358180820941925,20.03204917907715,0.07927715588880446,0.09438716766548831,22
441.0509948730469,1.4594823122024536,0.03317974507808685,20.03204917907715,0.07948471651379127,0.09449258591902336,22
441.28399658203125,1.4594786167144775,0.033819545060396194,20.03204917907715,0.07983709740806538,0.09433380883124787,22
441.5169982910156,1.4594697952270508,0.03369396552443504,20.03204917907715,0.08029776164111756,0.09424989388321565,22
441.75,1.4594707489013672,0.03426743671298027,20.03204917907715,0.08008195548717403,0.09456819010698653,22
441.9830017089844,1.4594776630401611,0.03431699424982071,20.03204917907715,0.07999218775757438,0.09359894985412605,22
442.21600341796875,1.45947265625,0.03456404432654381,20.03204917907715,0.07959207419077212,0.09458320899053743,22
442.4490051269531,1.4594647884368896,0.03434568643569946,20.03204917907715,0.07953088243916502,0.09483562802938872,22
442.6820068359375,1.4594753980636597,0.034194402396678925,20.03204917907715,0.07970947664012401,0.0946625222789119,22
442.9150085449219,1.459476351737976,0.03411056101322174,20.03204917907715,0.07977872345063917,0.0943584573074104,22
443.14801025390625,1.459465742111206,0.03386463224887848,20.03204917907715,0.08034979360069008,0.0943363188054669,22
443.3810119628906,1.4594782590866089,0.03391195088624954,20.03204917907715,0.079432227713584,0.0947193644115956,22
443.614013671875,1.459478735923767,0.03359522297978401,20.03204917907715,0.07840585696449615,0.09371236300782192,22
443.8470153808594,1.459468960762024,0.03374576196074486,20.03204917907715,0.07987498712028816,0.09402784286038453,22
444.08001708984375,1.459471583366394,0.03345772624015808,20.03204917907715,0.07973782406048129,0.09493909646945903,22
444.3130187988281,1.4594701528549194,0.03372116759419441,20.03204917907715,0.07946543162819644,0.09453365034398671,22
444.5460205078125,1.459472894668579,0.03306498005986214,20.03204917907715,0.07910378914642341,0.09387900291236621,22
444.77899169921875,1.4594725370407104,0.03348790854215622,20.03204917907715,0.07972716213889965,0.09512950310138783,22
445.0119934082031,1.459468960762024,0.03302175551652908,20.03204917907715,0.07866388693136789,0.09500922701265578,22
445.2449951171875,1.4594695568084717,0.033673472702503204,20.03204917907715,0.0799602244060665,0.09386023545425812,22
445.4779968261719,1.45947265625,0.03320508822798729,20.03204917907715,0.08020375934596105,0.09457395671122441,22
445.71099853515625,1.459476113319397,0.03419887274503708,20.03204917907715,0.07926604463219565,0.09449094947077259,22
445.9440002441406,1.459460973739624,0.03376588597893715,20.03204917907715,0.07981776125852325,0.09412942158459997,22
446.177001953125,1.459467887878418,0.03453646972775459,20.03204917907715,0.07984892877890207,0.09366343629386707,22
446.4100036621094,1.4594745635986328,0.03382401168346405,20.03204917907715,0.07999381261805451,0.09418882680199578,22
446.64300537109375,1.4594731330871582,0.034357983618974686,20.03204917907715,0.07914362661862834,0.09352775758815042,22
446.8760070800781,1.459471344947815,0.0335676483809948,20.03204917907715,0.07927891466428579,0.09334714814067932,22
447.1090087890625,1.4594792127609253,0.034024856984615326,20.03204917907715,0.07986214546270724,0.09427143420043312,22
447.3420104980469,1.4594688415527344,0.03328445553779602,20.03204917907715,0.07968734106335364,0.0947701799968411,22
447.57501220703125,1.4594619274139404,0.03388400748372078,20.03204917907715,0.07982871156757028,0.0945918831097325,22
447.8080139160156,1.4594776630401611,0.03318272903561592,20.03204917907715,0.08069280034461625,0.09444253315349437,22
448.041015625,1.4594711065292358,0.03352256119251251,20.03204917907715,0.0791352034615467,0.09411407167616663,22
448.2740173339844,1.4594825506210327,0.03298896178603172,20.03204917907715,0.07977053251880965,0.09372211456850674,22
448.50701904296875,1.459471344947815,0.03333885967731476,20.03204917907715,0.07973967144574409,0.09552136978344218,22
448.7400207519531,1.4594650268554688,0.03281979262828827,20.03204917907715,0.07860139577412849,0.09477852987348201,22
448.9729919433594,1.4594759941101074,0.03329004719853401,20.03204917907715,0.07934581534983182,0.09455614014502717,22
449.20599365234375,1.4594776630401611,0.03309478610754013,20.03204917907715,0.07968111527103679,0.09497422359633027,22
449.4389953613281,1.45948326587677,0.03349350020289421,20.03204917907715,0.07902190013117583,0.09471612876221505,22
449.6719970703125,1.4594656229019165,0.033474117517471313,20.03204917907715,0.07943522958538544,0.09470340622619058,22
449.9049987792969,1.4594780206680298,0.03403044864535332,20.03204917907715,0.07952730336655721,0.09471911480493905,22
450.13800048828125,1.45947265625,0.03398200497031212,20.03204917907715,0.07935826825581876,0.09369797573098963,22
405.4129943847656,1.4609630107879639,0.14582979679107666,14.361209869384766,0.11224837270323751,0.12087679245352237,23
405.6570129394531,1.4594937562942505,0.05854460969567299,14.361209869384766,0.10335599128961875,0.11516325105058141,23
405.9010009765625,1.4594802856445312,0.05082608014345169,14.361209869384766,0.10286244440252353,0.11669080150269141,23
406.1449890136719,1.4594885110855103,0.048256099224090576,14.361209869384766,0.10155595214336238,0.11652513899369844,23
406.3890075683594,1.4594935178756714,0.04648576304316521,14.361209869384766,0.10185496165985514,0.11643290377871061,23
406.63299560546875,1.4594875574111938,0.04479368031024933,14.361209869384766,0.10264922418061019,0.11743054632747703,23
406.87701416015625,1.459486722946167,0.04398396983742714,14.361209869384766,0.10005707940363863,0.11734424046667974,23
407.1210021972656,1.4594875574111938,0.04271257668733597,14.361209869384766,0.10205758215796457,0.11838682613837599,23
407.364990234375,1.4594849348068237,0.04219984635710716,14.361209869384766,0.10133026918629015,0.11886485218085786,23
407.6090087890625,1.4594769477844238,0.04152018204331398,14.361209869384766,0.10094201930480927,0.11884764587992307,23
407.8529968261719,1.4594889879226685,0.040483541786670685,14.361209869384766,0.09960735371409929,0.1196319458033132,23
408.0970153808594,1.4594931602478027,0.04033076763153076,14.361209869384766,0.09984578415387196,0.12004530148548163,23
408.34100341796875,1.4594861268997192,0.039803504943847656,14.361209869384766,0.10003768614249486,0.11946146252001039,23
408.5849914550781,1.459472417831421,0.039136506617069244,14.361209869384766,0.1002867638357117,0.11988880452452126,23
408.8290100097656,1.4594883918762207,0.03928183391690254,14.361209869384766,0.09926808244429781,0.11994019569823575,23
409.072998046875,1.459487795829773,0.038506027311086655,14.361209869384766,0.09945668783385234,0.12038494294774461,23
409.3170166015625,1.4594827890396118,0.03851236402988434,14.361209869384766,0.0996810400189132,0.12084208366270581,23
409.5610046386719,1.4594870805740356,0.03846951201558113,14.361209869384766,0.09898105825035,0.12119829804175253,23
409.80499267578125,1.4594874382019043,0.03822357952594757,14.361209869384766,0.09956774253886909,0.12032224593712211,23
410.04901123046875,1.459482192993164,0.0388697125017643,14.361209869384766,0.09977146756558272,0.11946388181755584,23
410.2929992675781,1.4594848155975342,0.03875307738780975,14.361209869384766,0.09975902803587852,0.11941379949566189,23
410.5370178222656,1.459484338760376,0.03870612755417824,14.361209869384766,0.09913746248347895,0.11920917375909548,23
410.781005859375,1.4594876766204834,0.038756806403398514,14.361209869384766,0.10041341502531607,0.12040762151490995,23
411.0249938964844,1.4594745635986328,0.03828766942024231,14.361209869384766,0.09890645952567761,0.12072940843601901,23
411.2690124511719,1.4594767093658447,0.03827798366546631,14.361209869384766,0.1005462570575814,0.11982108454296275,23
411.51300048828125,1.4594942331314087,0.037921756505966187,14.361209869384766,0.10003105921278971,0.12061350225474742,23
411.75701904296875,1.4594770669937134,0.03753310814499855,14.361209869384766,0.0989710738499003,0.11961965285617097,23
412.0010070800781,1.4594875574111938,0.037723150104284286,14.361209869384766,0.09941294790015023,0.12034519004288086,23
412.2449951171875,1.4594882726669312,0.037217866629362106,14.361209869384766,0.09866190314488567,0.12087619642526458,23
412.489013671875,1.459481120109558,0.03724730759859085,14.361209869384766,0.09852297182829538,0.12038097293458982,23
412.7330017089844,1.4594806432724,0.037153035402297974,14.361209869384766,0.0990415081080505,0.12150413459170481,23
412.97698974609375,1.4594815969467163,0.036742400377988815,14.361209869384766,0.09854216960407071,0.12117031167163761,23
413.22100830078125,1.459484338760376,0.036875057965517044,14.361209869384766,0.09933705237715793,0.12114321505044602,23
413.4649963378906,1.4594814777374268,0.036636948585510254,14.361209869384766,0.0987789489528576,0.12178537524596447,23
413.7090148925781,1.4594734907150269,0.03655683249235153,14.361209869384766,0.09893136666833975,0.12176000570366993,23
413.9530029296875,1.45949125289917,0.03728009760379791,14.361209869384766,0.09825705424244705,0.1207776002305522,23
414.1969909667969,1.459486722946167,0.037168681621551514,14.361209869384766,0.09893239090363051,0.12002024569676542,23
414.4410095214844,1.4594753980636597,0.0374794527888298,14.361209869384766,0.0994502453361982,0.12023087659371459,23
414.68499755859375,1.4594860076904297,0.03743063658475876,14.361209869384766,0.09941002551319325,0.1213117767001494,23
414.92901611328125,1.459470272064209,0.03696746379137039,14.361209869384766,0.09869040879674837,0.12035089147291202,23
415.1730041503906,1.459485411643982,0.03721712529659271,14.361209869384766,0.09902554319858027,0.12073997031399958,23
415.4169921875,1.4597975015640259,0.03761955723166466,14.361209869384766,0.09914614147479534,0.12153439782959595,23
415.6610107421875,1.4594727754592896,0.03650839254260063,14.361209869384766,0.09898302131440216,0.12181013866642637,23
415.9049987792969,1.4594887495040894,0.03673122450709343,14.361209869384766,0.0987037436449083,0.12045352055344985,23
416.1490173339844,1.4594786167144775,0.036244574934244156,14.361209869384766,0.09819849076417574,0.1211159316762082,23
416.39300537109375,1.4594781398773193,0.036281466484069824,14.361209869384766,0.09839293059314762,0.12114306884849807,23
416.6369934082031,1.4594911336898804,0.03631686419248581,14.361209869384766,0.0989693958421764,0.12117800274001686,23
416.8810119628906,1.4594863653182983,0.03574004024267197,14.361209869384766,0.09886515504626041,0.12191929959865477,23
417.125,1.4594861268997192,0.03600796312093735,14.361209869384766,0.09889829479276527,0.12291782342369961,23
417.3690185546875,1.4594846963882446,0.03563421964645386,14.361209869384766,0.09856514362955664,0.12246589793326852,23
417.6130065917969,1.4594783782958984,0.03581605851650238,14.361209869384766,0.09869947877920024,0.12204963673628667,23
417.85699462890625,1.4594838619232178,0.036332517862319946,14.361209869384766,0.09924773152671905,0.12196459845831925,23
418.10101318359375,1.4594696760177612,0.03622184321284294,14.361209869384766,0.09823397441008358,0.12205594375324474,23
418.3450012207031,1.4594752788543701,0.03690151497721672,14.361209869384766,0.09941719718060535,0.12181531822004892,23
418.5890197753906,1.4594855308532715,0.036761779338121414,14.361209869384766,0.0991354812899176,0.12176947745109289,23
418.8330078125,1.459476351737976,0.03628183528780937,14.361209869384766,0.0987588921265992,0.12155254337450384,23
419.0769958496094,1.4594807624816895,0.036594100296497345,14.361209869384766,0.09900055219622078,0.12157767589209183,23
419.3210144042969,1.459472894668579,0.03609887883067131,14.361209869384766,0.09875522050507766,0.12182479428667195,23
419.56500244140625,1.4594846963882446,0.0362061969935894,14.361209869384766,0.09836703916551051,0.12171481184868667,23
419.8089904785156,1.4594762325286865,0.036115650087594986,14.361209869384766,0.09907037229223332,0.12188788366491451,23
420.0530090332031,1.4594792127609253,0.03560701385140419,14.361209869384766,0.09938200214394931,0.12175250400258197,23
420.2969970703125,1.4594851732254028,0.03585183247923851,14.361209869384766,0.09839830977532671,0.12278618888406233,23
420.541015625,1.4594813585281372,0.03547212854027748,14.361209869384766,0.09902953778146803,0.12234918938231135,23
420.7850036621094,1.459476113319397,0.035057395696640015,14.361209869384766,0.09856885777214264,0.1230636137663878,23
421.02899169921875,1.4594806432724,0.035277992486953735,14.361209869384766,0.09853683798695473,0.12263241391818272,23
421.27301025390625,1.459481120109558,0.034858785569667816,14.361209869384766,0.09836876976226387,0.12212357635435026,23
421.5169982910156,1.4594757556915283,0.03526681289076805,14.361209869384766,0.09825488250004821,0.12215749673334451,23
421.7610168457031,1.4594776630401611,0.03555522486567497,14.361209869384766,0.09837953476618713,0.12164305660066746,23
422.0050048828125,1.4594789743423462,0.035486284643411636,14.361209869384766,0.09899328670045021,0.12236935761082811,23
422.2489929199219,1.4594714641571045,0.03606907278299332,14.361209869384766,0.09873759527661319,0.12213885791206884,23
422.4930114746094,1.459481120109558,0.03592188283801079,14.361209869384766,0.09929885919258531,0.1219567346245799,23
422.73699951171875,1.4594802856445312,0.035752713680267334,14.361209869384766,0.0977794600161812,0.12270829884334718,23
422.98101806640625,1.4594727754592896,0.035958774387836456,14.361209869384766,0.09933576547987262,0.12185468837126233,23
423.2250061035156,1.4594818353652954,0.03551497682929039,14.361209869384766,0.09918535750976111,0.12181217372893276,23
423.468994140625,1.4594745635986328,0.03562639653682709,14.361209869384766,0.09814134126574683,0.12167293904012308,23
423.7130126953125,1.4594781398773193,0.03549634665250778,14.361209869384766,0.09839415447421485,0.1225939260880584,23
423.9570007324219,1.45948326587677,0.035111427307128906,14.361209869384766,0.09829151327369058,0.12278230932491856,23
424.2010192871094,1.4594898223876953,0.03535326197743416,14.361209869384766,0.09830799268255344,0.12262835084912728,23
424.44500732421875,1.4594718217849731,0.03486884757876396,14.361209869384766,0.09855196999457665,0.12301594373602431,23
424.6889953613281,1.4594788551330566,0.0348602794110775,14.361209869384766,0.09773106844234986,0.12284163933125156,23
424.9330139160156,1.4594835042953491,0.035078264772892,14.361209869384766,0.09749003043901432,0.1226321249047641,23
425.177001953125,1.4594849348068237,0.03459273278713226,14.361209869384766,0.09811998872557318,0.12287214076868339,23
425.4209899902344,1.4594866037368774,0.03480960428714752,14.361209869384766,0.09811398619999437,0.12285433669810136,23
425.6650085449219,1.459479570388794,0.03491431102156639,14.361209869384766,0.0977270350085274,0.12300849962917709,23
425.90899658203125,1.4594827890396118,0.03490164130926132,14.361209869384766,0.0977669483211742,0.1221995958060231,23
426.15301513671875,1.4594881534576416,0.035653598606586456,14.361209869384766,0.09929208381963416,0.12206262476388816,23
426.3970031738281,1.4594866037368774,0.03558465838432312,14.361209869384766,0.09837215189137806,0.12238086846439902,23
426.6409912109375,1.4594777822494507,0.03549672290682793,14.361209869384766,0.09825706529066565,0.12245820982744918,23
426.885009765625,1.459479808807373,0.035488151013851166,14.361209869384766,0.09900975398660096,0.12236468235693958,23
427.1289978027344,1.4594874382019043,0.0351363904774189,14.361209869384766,0.09878958319400301,0.12273289883336341,23
427.3730163574219,1.4594820737838745,0.035314884036779404,14.361209869384766,0.09814380172085678,0.121911617699324,23
427.61700439453125,1.4594818353652954,0.035100992769002914,14.361209869384766,0.09739486615190929,0.12250678196763277,23
427.8609924316406,1.4594862461090088,0.03484202176332474,14.361209869384766,0.09814476654098175,0.12342561148427719,23
428.1050109863281,1.459473967552185,0.03501491993665695,14.361209869384766,0.09891403600671565,0.12261765310540668,23
428.3489990234375,1.4594780206680298,0.03465868905186653,14.361209869384766,0.09812408690470106,0.12172953794518582,23
428.593017578125,1.4594810009002686,0.03474849462509155,14.361209869384766,0.09851332961336826,0.12352422773047746,23
428.8370056152344,1.4594860076904297,0.034729860723018646,14.361209869384766,0.09773823513902175,0.12322146391736126,23
429.08099365234375,1.459488868713379,0.03426631540060043,14.361209869384766,0.09746035405945697,0.1236939303925002,23
429.32501220703125,1.4594744443893433,0.034706760197877884,14.361209869384766,0.0979236479989053,0.12269017642252684,23
429.5690002441406,1.4594794511795044,0.0346083864569664,14.361209869384766,0.09775656557145966,0.1227605728672081,23
429.8130187988281,1.4594792127609253,0.03473694249987602,14.361209869384766,0.09833457767243094,0.12240551153864124,23
430.0570068359375,1.45947265625,0.03533649444580078,14.361209869384766,0.09797017280043199,0.1229977013036009,23
430.3009948730469,1.4594826698303223,0.035346925258636475,14.361209869384766,0.09844349761758625,0.12263881233371196,23
430.5450134277344,1.4594725370407104,0.035682663321495056,14.361209869384766,0.09929828617063906,0.12229593020160524,23
430.78900146484375,1.4594731330871582,0.03550417348742485,14.361209869384766,0.0984744170368309,0.1223647582695929,23
431.03302001953125,1.4594782590866089,0.03521016985177994,14.361209869384766,0.0985561507735421,0.12194177728476402,23
431.2770080566406,1.4594861268997192,0.03540468588471413,14.361209869384766,0.09871203274999865,0.12251243418202651,23
431.52099609375,1.4594699144363403,0.03496945649385452,14.361209869384766,0.09878163612122519,0.12212904542253677,23
431.7650146484375,1.4594773054122925,0.03494225814938545,14.361209869384766,0.09965092254525625,0.12240017218861866,23
432.0090026855469,1.4594879150390625,0.035051435232162476,14.361209869384766,0.09873122161686941,0.12376502036775214,23
432.25299072265625,1.4594745635986328,0.034540195018053055,14.361209869384766,0.09836943384198843,0.12248605357516244,23
432.49700927734375,1.4594749212265015,0.03472837433218956,14.361209869384766,0.09759825298282573,0.12303135270229111,23
432.7409973144531,1.4594687223434448,0.03452976047992706,14.361209869384766,0.09800081364629896,0.12300349017442333,23
432.9850158691406,1.4594800472259521,0.034090809524059296,14.361209869384766,0.09799807231442996,0.12394691732803205,23
433.22900390625,1.4594783782958984,0.03437512367963791,14.361209869384766,0.09867201887796576,0.12407399666444396,23
433.4729919433594,1.4594807624816895,0.03421526774764061,14.361209869384766,0.09772807609447184,0.12289964705274006,23
433.7170104980469,1.4594646692276,0.03454355150461197,14.361209869384766,0.09918883652910371,0.12331818860707418,23
433.96099853515625,1.459477186203003,0.034978773444890976,14.361209869384766,0.0979097993481415,0.12279167210119205,23
434.20501708984375,1.4594628810882568,0.03497727960348129,14.361209869384766,0.0982918592745789,0.12253737636455332,23
434.4490051269531,1.45947265625,0.03549672290682793,14.361209869384766,0.09869610219971701,0.12267475794200679,23
434.6929931640625,1.4594753980636597,0.035159122198820114,14.361209869384766,0.09860618278488147,0.12211044993064239,23
434.93701171875,1.4594732522964478,0.03494374826550484,14.361209869384766,0.09828289893718913,0.12250210376620146,23
435.1809997558594,1.4594700336456299,0.03527389466762543,14.361209869384766,0.09925473962182635,0.12280109816623234,23
435.4250183105469,1.4594751596450806,0.034772712737321854,14.361209869384766,0.09883241927594115,0.1224218706659355,23
435.66900634765625,1.4594768285751343,0.034778304398059845,14.361209869384766,0.09822709322276056,0.12290584293523422,23
435.9129943847656,1.4594718217849731,0.034769732505083084,14.361209869384766,0.09768696381518555,0.12393814584931431,23
436.1570129394531,1.4594823122024536,0.03441871702671051,14.361209869384766,0.09767046221685938,0.12305449956280021,23
436.4010009765625,1.4594730138778687,0.034593481570482254,14.361209869384766,0.09842801327520957,0.12336296947968106,23
436.64501953125,1.4594738483428955,0.034165333956480026,14.361209869384766,0.09744166075922668,0.12320294330926826,23
436.8890075683594,1.4594721794128418,0.03412509337067604,14.361209869384766,0.09791306159057626,0.12341851208522618,23
437.13299560546875,1.4594731330871582,0.03421228751540184,14.361209869384766,0.09823988979102535,0.12400729471985127,23
437.37701416015625,1.4594781398773193,0.033796437084674835,14.361209869384766,0.09767823626979497,0.1246107697782026,23
437.6210021972656,1.4594792127609253,0.03428271412849426,14.361209869384766,0.09829624961597476,0.12384236492195297,23
437.8650207519531,1.459472894668579,0.03448616713285446,14.361209869384766,0.09854008575812158,0.1232744495396738,23
438.1090087890625,1.4594677686691284,0.034608013927936554,14.361209869384766,0.09817495941109246,0.12259721263518822,23
438.3529968261719,1.4594800472259521,0.03522918000817299,14.361209869384766,0.09925810104198134,0.12222906269376575,23
438.5970153808594,1.4594796895980835,0.03477122262120247,14.361209869384766,0.09805170454185162,0.12206586716076188,23
438.84100341796875,1.4594690799713135,0.03482823446393013,14.361209869384766,0.09814615462648534,0.1229207435942159,23
439.0849914550781,1.4594619274139404,0.03495977073907852,14.361209869384766,0.09836952526106463,0.1229774322245987,23
439.3290100097656,1.4594662189483643,0.03432779759168625,14.361209869384766,0.09884779313745634,0.12289862041784903,23
439.572998046875,1.4594829082489014,0.03457745909690857,14.361209869384766,0.09904291309142862,0.12359544735355388,23
439.8170166015625,1.4594727754592896,0.03440046310424805,14.361209869384766,0.09842538895472466,0.12324249996592884,23
440.0610046386719,1.4594701528549194,0.03411354124546051,14.361209869384766,0.09743828523974925,0.12425342839825199,23
440.30499267578125,1.459473967552185,0.034339725971221924,14.361209869384766,0.0974162160871147,0.12401102849407034,23
440.54901123046875,1.4594707489013672,0.03385605663061142,14.361209869384766,0.09768891385324381,0.12368905692320864,23
440.7929992675781,1.4594738483428955,0.03386574983596802,14.361209869384766,0.09790028007834235,0.1230724094376317,23
441.0370178222656,1.4594714641571045,0.03380351886153221,14.361209869384766,0.09785103627479638,0.12432576738077038,23
441.281005859375,1.4594694375991821,0.03342977538704872,14.361209869384766,0.09794005238209717,0.1237072498362559,23
441.5249938964844,1.4594677686691284,0.03385978564620018,14.361209869384766,0.09794638629251777,0.12387976968669574,23
441.7690124511719,1.4594827890396118,0.03390822559595108,14.361209869384766,0.0976850997514458,0.12342036213823644,23
442.01300048828125,1.4594764709472656,0.03413552790880203,14.361209869384766,0.09787812043558623,0.12350078137973394,23
442.25701904296875,1.4594782590866089,0.034831587225198746,14.361209869384766,0.0977204645865415,0.1233448319520013,23
442.5010070800781,1.459471344947815,0.034536466002464294,14.361209869384766,0.09850723187372906,0.12293033524940479,23
442.7449951171875,1.4594734907150269,0.03458193317055702,14.361209869384766,0.09798816910728483,0.12318993475064659,23
442.989013671875,1.4594780206680298,0.03452789783477783,14.361209869384766,0.09814127194817156,0.12342920552143205,23
443.2330017089844,1.4594800472259521,0.034088946878910065,14.361209869384766,0.09767591332534999,0.12337562771763913,23
443.4770202636719,1.4594686031341553,0.03434121608734131,14.361209869384766,0.09774976750701124,0.1233929394660637,23
443.72100830078125,1.4594780206680298,0.03400808945298195,14.361209869384766,0.09808781266114634,0.12335454544606146,23
443.9649963378906,1.4594711065292358,0.033880650997161865,14.361209869384766,0.09737418579142956,0.12411521780553797,23
444.2090148925781,1.4594738483428955,0.034109070897102356,14.361209869384766,0.09717317844193635,0.12348858611398299,23
444.4530029296875,1.4594725370407104,0.03364776074886322,14.361209869384766,0.09766237109770251,0.12470772676468125,23
444.6969909667969,1.4594793319702148,0.03361385688185692,14.361209869384766,0.09682342639131027,0.12409659439235995,23
444.9410095214844,1.4594839811325073,0.033345937728881836,14.361209869384766,0.09739347100632555,0.1236154857935314,23
445.18499755859375,1.459487795829773,0.033075038343667984,14.361209869384766,0.0974648432601085,0.124840817298843,23
445.42901611328125,1.459486722946167,0.03354119136929512,14.361209869384766,0.0975280758004935,0.12455890628492791,23
445.6730041503906,1.459483027458191,0.033434245735406876,14.361209869384766,0.09730120310958194,0.12397821063792472,23
445.9169921875,1.459492564201355,0.03371669724583626,14.361209869384766,0.09700599329719459,0.1231208311747684,23
446.1610107421875,1.4594802856445312,0.03446827828884125,14.361209869384766,0.0984768201230685,0.123858579031216,23
446.4049987792969,1.4594825506210327,0.034243956208229065,14.361209869384766,0.09797905903861626,0.12406630698216338,23
446.6490173339844,1.4594826698303223,0.03436357527971268,14.361209869384766,0.09863254549630542,0.12377255079630217,23
446.89300537109375,1.459485650062561,0.03414558619260788,14.361209869384766,0.09855997999484489,0.12378862051973691,23
447.1369934082031,1.4594857692718506,0.03401889279484749,14.361209869384766,0.09775849172875906,0.12408372851608342,23
447.3810119628906,1.4594876766204834,0.03424246981739998,14.361209869384766,0.09821723966652525,0.12428856098932367,23
447.625,1.4594693183898926,0.03384450450539589,14.361209869384766,0.09788872809642342,0.12337681397672402,23
447.8690185546875,1.459487795829773,0.03387730196118355,14.361209869384766,0.09897784794630594,0.12399590229607432,23
448.1130065917969,1.4594835042953491,0.0339350551366806,14.361209869384766,0.09712234985457631,0.12433082229230843,23
448.35699462890625,1.459478497505188,0.03353634476661682,14.361209869384766,0.09755138367417679,0.12363737211337955,23
448.60101318359375,1.459476113319397,0.03383146598935127,14.361209869384766,0.09738046135297192,0.1246361731129128,23
448.8450012207031,1.4594769477844238,0.03325724974274635,14.361209869384766,0.09727452568074865,0.12420027565202295,23
449.0890197753906,1.4594905376434326,0.03322185203433037,14.361209869384766,0.09796243122401954,0.12494279922147927,23
449.3330078125,1.4594824314117432,0.0335967130959034,14.361209869384766,0.09779298530533731,0.12397252486398684,23
449.5769958496094,1.4594870805740356,0.033282216638326645,14.361209869384766,0.0976935667176118,0.12466977783272304,23
449.8210144042969,1.4594883918762207,0.03380165621638298,14.361209869384766,0.09789858643630309,0.12381562768782334,23
450.06500244140625,1.4594815969467163,0.034186575561761856,14.361209869384766,0.09778519772925769,0.12338860962445274,23
405.4010009765625,1.4609676599502563,0.13953544199466705,10.333992004394531,0.09670805422133813,0.1496999991898142,24
405.63299560546875,1.4595075845718384,0.05946461483836174,10.333992004394531,0.13769270620931842,0.13877684615158142,24
405.864990234375,1.4595006704330444,0.05188693851232529,10.333992004394531,0.13255438136895448,0.1453796390995003,24
406.0970153808594,1.4595043659210205,0.04902445152401924,10.333992004394531,0.13229139917465801,0.1440072407254456,24
406.3290100097656,1.4595046043395996,0.04723771661520004,10.333992004394531,0.13244842501168552,0.14352139277504633,24
406.5610046386719,1.4595009088516235,0.04597265645861626,10.333992004394531,0.1321141156295383,0.14474386531668046,24
406.7929992675781,1.4595037698745728,0.04503551498055458,10.333992004394531,0.131929327749712,0.14450641379714282,24
407.0249938964844,1.4594975709915161,0.04394521564245224,10.333992004394531,0.13053941108777636,0.14586547443914638,24
407.25701904296875,1.4595099687576294,0.0430341474711895,10.333992004394531,0.13142979136784108,0.14735789474103045,24
407.489013671875,1.4595038890838623,0.04245472326874733,10.333992004394531,0.13006194944059243,0.14641974375801564,24
407.72100830078125,1.459511160850525,0.042022477835416794,10.333992004394531,0.13021002130171921,0.1472618317587004,24
407.9530029296875,1.4595026969909668,0.041157614439725876,10.333992004394531,0.1298082135632887,0.14918728573901138,24
408.18499755859375,1.4595040082931519,0.04079468175768852,10.333992004394531,0.13064502713133475,0.149209348912388,24
408.4169921875,1.4595078229904175,0.040455594658851624,10.333992004394531,0.12994688041156238,0.14958966473207025,24
408.6490173339844,1.4595024585723877,0.03988100588321686,10.333992004394531,0.13109375699846978,0.14937858933043255,24
408.8810119628906,1.4595037698745728,0.039505403488874435,10.333992004394531,0.13038999738599066,0.14979628780321447,24
409.1130065917969,1.4595060348510742,0.03933995962142944,10.333992004394531,0.13066681259698357,0.1511201696923464,24
409.3450012207031,1.4594979286193848,0.038718048483133316,10.333992004394531,0.1292897687768845,0.15107647183316233,24
409.5769958496094,1.459496021270752,0.03857160732150078,10.333992004394531,0.12905426404548465,0.15082761335863315,24
409.8089904785156,1.4594969749450684,0.038738545030355453,10.333992004394531,0.12926907323213274,0.15096385157098666,24
410.041015625,1.4595049619674683,0.038620419800281525,10.333992004394531,0.128970694700067,0.14953610242878598,24
410.27301025390625,1.459492802619934,0.03879331797361374,10.333992004394531,0.1293065165815667,0.1495813792459764,24
410.5050048828125,1.4594957828521729,0.03930232673883438,10.333992004394531,0.1311773856851174,0.15060931738782202,24
410.73699951171875,1.459494948387146,0.03916706144809723,10.333992004394531,0.13046157136155623,0.1498104340878773,24
410.968994140625,1.4594902992248535,0.0386710986495018,10.333992004394531,0.13086978496962945,0.15059437515208704,24
411.2010192871094,1.4594972133636475,0.038599930703639984,10.333992004394531,0.12990339095448075,0.14973782479474684,24
411.4330139160156,1.4594992399215698,0.038350269198417664,10.333992004394531,0.13008319073002428,0.15233332671959116,24
411.6650085449219,1.4595016241073608,0.037931811064481735,10.333992004394531,0.1302194269054838,0.14973776799935354,24
411.8970031738281,1.4594957828521729,0.03802310675382614,10.333992004394531,0.1289942875479539,0.15172750214710737,24
412.1289978027344,1.459489345550537,0.03782971575856209,10.333992004394531,0.12813958402596273,0.15199530925595428,24
412.3609924316406,1.4594990015029907,0.03732406347990036,10.333992004394531,0.1289496745630572,0.15158563852654783,24
412.593017578125,1.459488868713379,0.03728047013282776,10.333992004394531,0.12887762996086619,0.15314530511053037,24
412.82501220703125,1.4594972133636475,0.03723202645778656,10.333992004394531,0.1286022818980464,0.15180091156206205,24
413.0570068359375,1.459486722946167,0.0367681086063385,10.333992004394531,0.1291572305381535,0.15134942914224536,24
413.28900146484375,1.4594964981079102,0.03663434088230133,10.333992004394531,0.12829699633230698,0.15319619122182787,24
413.52099609375,1.4594998359680176,0.03657956421375275,10.333992004394531,0.12849360190616846,0.1532826293032043,24
413.75299072265625,1.459492802619934,0.03654565289616585,10.333992004394531,0.12969047584876478,0.1527510414125767,24
413.9850158691406,1.4594976902008057,0.0366663858294487,10.333992004394531,0.1290932465885605,0.15280548050583298,24
414.2170104980469,1.4594954252243042,0.03716308996081352,10.333992004394531,0.12979006279318217,0.1539662415421359,24
414.4490051269531,1.4594995975494385,0.037409767508506775,10.333992004394531,0.12878872037406508,0.15299228015701152,24
414.6809997558594,1.4594990015029907,0.03736281767487526,10.333992004394531,0.12791749983901135,0.15183579421064677,24
414.9129943847656,1.4594948291778564,0.037265561521053314,10.333992004394531,0.129451864375998,0.15226656569005942,24
415.14501953125,1.4595046043395996,0.036928337067365646,10.333992004394531,0.128388579324267,0.1520698477640093,24
415.37701416015625,1.45949387550354,0.03671035170555115,10.333992004394531,0.1290053424848443,0.1531454942685322,24
415.6090087890625,1.4594982862472534,0.03679009526968002,10.333992004394531,0.12778028270982714,0.15190944621212044,24
415.84100341796875,1.4594939947128296,0.03668650612235069,10.333992004394531,0.12786336485819566,0.15333195867049781,24
416.072998046875,1.4594969749450684,0.036413371562957764,10.333992004394531,0.12861181703743174,0.1523059708975078,24
416.30499267578125,1.4594937562942505,0.03642529621720314,10.333992004394531,0.12965631590153717,0.15295975252887847,24
416.5370178222656,1.4594879150390625,0.03637797385454178,10.333992004394531,0.12827365707734695,0.15442611211860358,24
416.7690124511719,1.4594933986663818,0.03602844849228859,10.333992004394531,0.1277384951382887,0.15334860895982452,24
417.0010070800781,1.459492564201355,0.03579854220151901,10.333992004394531,0.12852492304820334,0.1543426106409974,24
417.2330017089844,1.4594950675964355,0.035817548632621765,10.333992004394531,0.12838451694730485,0.15329134190723462,24
417.4649963378906,1.4594907760620117,0.035570867359638214,10.333992004394531,0.12703929572800746,0.15481269503221307,24
417.6969909667969,1.4594902992248535,0.03564167022705078,10.333992004394531,0.12785683925091756,0.15521892748111765,24
417.92901611328125,1.459497094154358,0.03604186698794365,10.333992004394531,0.1293320260804007,0.15341587135963003,24
418.1610107421875,1.4594907760620117,0.03605341538786888,10.333992004394531,0.12918382614243212,0.15484937354207626,24
418.39300537109375,1.459492564201355,0.03651323541998863,10.333992004394531,0.12700484729874112,0.154098414326296,24
418.625,1.4594926834106445,0.036821022629737854,10.333992004394531,0.1289797351185266,0.15345660315377158,24
418.85699462890625,1.4594780206680298,0.036455851048231125,10.333992004394531,0.12970678729171092,0.1545021543590515,24
419.0890197753906,1.4594882726669312,0.03620954602956772,10.333992004394531,0.12813403584224967,0.15441416759770124,24
419.3210144042969,1.459479808807373,0.03634890913963318,10.333992004394531,0.12789189631325334,0.15463919959819394,24
419.5530090332031,1.459482192993164,0.036195386201143265,10.333992004394531,0.1271546306104546,0.15343167919552667,24
419.7850036621094,1.459493637084961,0.03599342331290245,10.333992004394531,0.12863539283454722,0.15466084803579802,24
420.0169982910156,1.4594923257827759,0.03615104779601097,10.333992004394531,0.128765879783721,0.15413834205793966,24
420.2489929199219,1.4594924449920654,0.036074284464120865,10.333992004394531,0.12913591182508874,0.15399578519878418,24
420.48101806640625,1.4594897031784058,0.03560216724872589,10.333992004394531,0.1297250335770489,0.15443971356867583,24
420.7130126953125,1.4594918489456177,0.03569532558321953,10.333992004394531,0.1274692368146089,0.15453169536493086,24
420.94500732421875,1.4594937562942505,0.03566141799092293,10.333992004394531,0.12879446367435846,0.15486163957788263,24
421.177001953125,1.4595016241073608,0.03536182641983032,10.333992004394531,0.12842152913473176,0.15537697344366722,24
421.40899658203125,1.4594858884811401,0.035329412668943405,10.333992004394531,0.12734722835383927,0.1547908750448057,24
421.6409912109375,1.4594885110855103,0.03555931895971298,10.333992004394531,0.12777703613327582,0.1552574498573956,24
421.8730163574219,1.459486484527588,0.035548135638237,10.333992004394531,0.12792341671625712,0.15475762682666377,24
422.1050109863281,1.4594930410385132,0.03578140214085579,10.333992004394531,0.12677752664830563,0.15374563870003474,24
422.3370056152344,1.4594792127609253,0.03634779155254364,10.333992004394531,0.1294760798172751,0.15397224068629756,24
422.5690002441406,1.4594894647598267,0.03632468730211258,10.333992004394531,0.12902330086799824,0.1532234845933868,24
422.8009948730469,1.4594855308532715,0.03628295287489891,10.333992004394531,0.1288500200210655,0.1536178443786826,24
423.03302001953125,1.4594826698303223,0.036238983273506165,10.333992004394531,0.12821805787797094,0.15289211042037085,24
423.2650146484375,1.459490418434143,0.036065712571144104,10.333992004394531,0.12844569123496902,0.15393369894694442,24
423.49700927734375,1.4594917297363281,0.03578214719891548,10.333992004394531,0.12854873204085376,0.15469632841311667,24
423.72900390625,1.4594926834106445,0.03605043888092041,10.333992004394531,0.1288587399380095,0.15369554426106444,24
423.96099853515625,1.4594979286193848,0.036002740263938904,10.333992004394531,0.12746917088583118,0.15357378175761716,24
424.1929931640625,1.4594849348068237,0.035676322877407074,10.333992004394531,0.12838940047784772,0.1544974312636964,24
424.4250183105469,1.4594898223876953,0.03568750247359276,10.333992004394531,0.12769992541865965,0.1532700909782926,24
424.6570129394531,1.4594933986663818,0.03556714206933975,10.333992004394531,0.12758250416773703,0.15357173488423229,24
424.8890075683594,1.459497332572937,0.03539275377988815,10.333992004394531,0.12812795268809007,0.15473630340450964,24
425.1210021972656,1.459496021270752,0.035819411277770996,10.333992004394531,0.1270773831007353,0.15507816405617142,24
425.3529968261719,1.4594950675964355,0.03619501367211342,10.333992004394531,0.12826511526306644,0.15417823028473193,24
425.5849914550781,1.4594852924346924,0.03600385785102844,10.333992004394531,0.1280014751905308,0.15371200196207752,24
425.8170166015625,1.459490418434143,0.03606497123837471,10.333992004394531,0.12861502301732095,0.1533815463798541,24
426.04901123046875,1.4594916105270386,0.03635077178478241,10.333992004394531,0.12807279305336855,0.1544602640713399,24
426.281005859375,1.4594823122024536,0.036366790533065796,10.333992004394531,0.1295404597734888,0.1536912237496007,24
426.51300048828125,1.4594908952713013,0.036523669958114624,10.333992004394531,0.1293284573297316,0.15319766472563937,24
426.7449951171875,1.4594950675964355,0.03672041371464729,10.333992004394531,0.12871694851804974,0.15342172866243803,24
426.9770202636719,1.459502100944519,0.03627251833677292,10.333992004394531,0.12781111341867038,0.15408507094891877,24
427.2090148925781,1.4594895839691162,0.035952065140008926,10.333992004394531,0.12808536829492817,0.15367757309249583,24
427.4410095214844,1.4594899415969849,0.03605155646800995,10.333992004394531,0.12821061140977888,0.15350785726514565,24
427.6730041503906,1.459486484527588,0.03583468496799469,10.333992004394531,0.1282124193525004,0.15353027600572958,24
427.9049987792969,1.4594897031784058,0.03553994372487068,10.333992004394531,0.12760680543032843,0.15468485267454143,24
428.1369934082031,1.4594839811325073,0.03564092516899109,10.333992004394531,0.1270536507067298,0.1541919501659752,24
428.3690185546875,1.459485650062561,0.03548218309879303,10.333992004394531,0.1282455263727795,0.15577430962431574,24
428.60101318359375,1.4594917297363281,0.03508012369275093,10.333992004394531,0.12737640689525306,0.15567248400340794,24
428.8330078125,1.459489345550537,0.03498436138033867,10.333992004394531,0.12731260032243136,0.15552314594679922,24
429.06500244140625,1.4594855308532715,0.03496237471699715,10.333992004394531,0.1271902978152577,0.15578648179938898,24
429.2969970703125,1.4594879150390625,0.03462477773427963,10.333992004394531,0.1280975270566822,0.1569376630695556,24
429.52899169921875,1.459495186805725,0.03452230989933014,10.333992004394531,0.12881736562084073,0.15489471657985124,24
429.7610168457031,1.4594976902008057,0.03489642217755318,10.333992004394531,0.12733598299609117,0.15480990945110648,24
429.9930114746094,1.4594829082489014,0.03481295332312584,10.333992004394531,0.12675784800646955,0.15477747288768226,24
430.2250061035156,1.4594860076904297,0.03522134944796562,10.333992004394531,0.12655884594149708,0.15435851557839492,24
430.4570007324219,1.459491491317749,0.03565061092376709,10.333992004394531,0.1272735389335413,0.15463745859589761,24
430.6889953613281,1.4594900608062744,0.035595089197158813,10.333992004394531,0.12753025916075544,0.15458541856107588,24
430.9209899902344,1.459489107131958,0.03531525284051895,10.333992004394531,0.12763164320277529,0.15508969906763273,24
431.15301513671875,1.4594911336898804,0.035408034920692444,10.333992004394531,0.12921427446668207,0.15406339972848085,24
431.385009765625,1.4594885110855103,0.03516955301165581,10.333992004394531,0.12742273608350543,0.15484952382636177,24
431.61700439453125,1.4594829082489014,0.034907229244709015,10.333992004394531,0.12770292151324877,0.15589922472321247,24
431.8489990234375,1.4594876766204834,0.03511179983615875,10.333992004394531,0.12834920994548718,0.15544025925264393,24
432.08099365234375,1.459494948387146,0.034890830516815186,10.333992004394531,0.12748554810219348,0.15535967974379683,24
432.3130187988281,1.4594886302947998,0.034483183175325394,10.333992004394531,0.12708141517362456,0.15681650203435468,24
432.5450134277344,1.4594820737838745,0.03462999686598778,10.333992004394531,0.12663553675695374,0.15622694187016573,24
432.7770080566406,1.4594866037368774,0.034548018127679825,10.333992004394531,0.12720557090736992,0.1564738794012477,24
433.0090026855469,1.4594930410385132,0.0341045968234539,10.333992004394531,0.1266949413035432,0.15673091703103698,24
433.2409973144531,1.4594871997833252,0.03421415016055107,10.333992004394531,0.12730245487540653,0.15674184057115426,24
433.4729919433594,1.4594922065734863,0.034281592816114426,10.333992004394531,0.12699252380943504,0.15815320875402003,24
433.70501708984375,1.4594863653182983,0.03404422849416733,10.333992004394531,0.12688447141960674,0.15556541371976199,24
433.93701171875,1.459494709968567,0.03438965231180191,10.333992004394531,0.12659906386674097,0.1570675208838732,24
434.16900634765625,1.4594860076904297,0.034712716937065125,10.333992004394531,0.1277767075053607,0.1564217761593742,24
434.4010009765625,1.4594850540161133,0.03481556102633476,10.333992004394531,0.12743973768227412,0.1559025672551342,24
434.63299560546875,1.4594800472259521,0.035022370517253876,10.333992004394531,0.12752119958611155,0.1541903016978557,24
434.864990234375,1.459488868713379,0.0351218581199646,10.333992004394531,0.12798006712231874,0.15474549117173836,24
435.0970153808594,1.4594902992248535,0.03489790856838226,10.333992004394531,0.12732579473839004,0.1545857831161722,24
435.3290100097656,1.459489345550537,0.034828975796699524,10.333992004394531,0.12849988664073503,0.1550268374040156,24
435.5610046386719,1.459497094154358,0.03474960848689079,10.333992004394531,0.12769507881077735,0.1555168935110975,24
435.7929992675781,1.4594887495040894,0.03451932594180107,10.333992004394531,0.12712086250307578,0.15591624930332684,24
436.0249938964844,1.4594945907592773,0.034145958721637726,10.333992004394531,0.12766871043644407,0.15682743076626068,24
436.25701904296875,1.4594779014587402,0.03421079367399216,10.333992004394531,0.12724042354377862,0.15787534976237252,24
436.489013671875,1.4594919681549072,0.03417203947901726,10.333992004394531,0.1271238800076341,0.1560226125935238,24
436.72100830078125,1.4594879150390625,0.03383257985115051,10.333992004394531,0.12627676041368446,0.15766888602401322,24
436.9530029296875,1.4594846963882446,0.03386872634291649,10.333992004394531,0.12667329800885932,0.1571174105361618,24
437.18499755859375,1.4594926834106445,0.033805377781391144,10.333992004394531,0.12594911765594116,0.15767105755796326,24
437.4169921875,1.4594855308532715,0.03343797102570534,10.333992004394531,0.12601176354564297,0.15783157044086885,24
437.6490173339844,1.4594910144805908,0.03374725207686424,10.333992004394531,0.12589088282138655,0.15682195491958587,24
437.8810119628906,1.4594875574111938,0.03396747261285782,10.333992004394531,0.12628343545262258,0.1573554485374138,24
438.1130065917969,1.4598040580749512,0.03452342376112938,10.333992004394531,0.12613363569879535,0.15659143187461483,24
438.3450012207031,1.4594917297363281,0.0344097763299942,10.333992004394531,0.12724967823003241,0.15622408475640387,24
438.5769958496094,1.4594924449920654,0.03495157137513161,10.333992004394531,0.12681311416462082,0.15576887419048147,24
438.8089904785156,1.4595003128051758,0.03473060205578804,10.333992004394531,0.12759153704594675,0.15561976715440476,24
439.041015625,1.459488868713379,0.03449399024248123,10.333992004394531,0.1272298377875023,0.15583858989116053,24
439.27301025390625,1.459485650062561,0.03481481596827507,10.333992004394531,0.12720291616314677,0.15669923578917197,24
439.5050048828125,1.4594945907592773,0.03443250432610512,10.333992004394531,0.12865793244242305,0.1556469759589219,24
439.73699951171875,1.4594913721084595,0.03421414643526077,10.333992004394531,0.12740073510380195,0.15565270869490408,24
439.968994140625,1.4594950675964355,0.03440679609775543,10.333992004394531,0.12627963108203227,0.15662915050932805,24
440.2010192871094,1.459485411643982,0.03414781764149666,10.333992004394531,0.1272664366125795,0.1553656856003947,24
440.4330139160156,1.4594959020614624,0.03388698399066925,10.333992004394531,0.12674970365803612,0.15709925353090937,24
440.6650085449219,1.4594815969467163,0.03405727446079254,10.333992004394531,0.12590270376069518,0.15655459270926306,24
440.8970031738281,1.4594900608062744,0.033888474106788635,10.333992004394531,0.12517010398785422,0.15748764206850885,24
441.1289978027344,1.4594966173171997,0.03356950730085373,10.333992004394531,0.1260404574999239,0.15693794366193095,24
441.3609924316406,1.459485411643982,0.03360304608941078,10.333992004394531,0.12631038664535035,0.15842653109484706,24
441.593017578125,1.459486961364746,0.033660054206848145,10.333992004394531,0.12554765122873382,0.1583319638079923,24
441.82501220703125,1.4594975709915161,0.03361720219254494,10.333992004394531,0.12627363277953463,0.15718275600806728,24
442.0570068359375,1.459487795829773,0.033995792269706726,10.333992004394531,0.12708000768619365,0.15874415787084895,24
442.28900146484375,1.4594812393188477,0.03461993485689163,10.333992004394531,0.1263758372916506,0.15642905610216207,24
442.52099609375,1.4597909450531006,0.035333506762981415,10.333992004394531,0.12796994291398658,0.1553762955128545,24
442.75299072265625,1.4594838619232178,0.034796930849552155,10.333992004394531,0.12793986150345563,0.15680813988657552,24
442.9850158691406,1.4594930410385132,0.03492511436343193,10.333992004394531,0.1282518515354116,0.15541185557691653,24
443.2170104980469,1.4594767093658447,0.03459608554840088,10.333992004394531,0.12687146718862202,0.15581323453853177,24
443.4490051269531,1.459485650062561,0.034370649605989456,10.333992004394531,0.1264886236340076,0.15570703244791462,24
443.6809997558594,1.4594857692718506,0.03443064168095589,10.333992004394531,0.12628388811005406,0.15635245094360273,24
443.9129943847656,1.459483027458191,0.034242838621139526,10.333992004394531,0.1275069900540586,0.15616833355742954,24
444.14501953125,1.4594835042953491,0.03396560996770859,10.333992004394531,0.12672001706169447,0.1569218697996048,24
444.37701416015625,1.4594887495040894,0.03416905924677849,10.333992004394531,0.12640850113470378,0.1572311925943444,24
444.6090087890625,1.4594876766204834,0.03398013859987259,10.333992004394531,0.12590590469939245,0.1568517367495783,24
444.84100341796875,1.459481954574585,0.03368651494383812,10.333992004394531,0.12665517478530727,0.15747924444088532,24
445.072998046875,1.4594813585281372,0.03383556380867958,10.333992004394531,0.12654969810380076,0.1577431712665648,24
445.30499267578125,1.4594838619232178,0.03370290622115135,10.333992004394531,0.12752293835588513,0.15654188137341607,24
445.5370178222656,1.459478735923767,0.03351063281297684,10.333992004394531,0.12598580376986038,0.15778983518302545,24
445.7690124511719,1.4594817161560059,0.03371520712971687,10.333992004394531,0.1262572560116797,0.15769455498410298,24
446.0010070800781,1.459481120109558,0.03405466303229332,10.333992004394531,0.12678812939901754,0.15727578234489667,24
446.2330017089844,1.4594851732254028,0.03409043326973915,10.333992004394531,0.12685201966686352,0.15565003289206908,24
446.4649963378906,1.4594863653182983,0.03452342748641968,10.333992004394531,0.126424500455476,0.15676343449687444,24
446.6969909667969,1.4594802856445312,0.03490834683179855,10.333992004394531,0.12683201258191096,0.15580737526263447,24
446.92901611328125,1.4594820737838745,0.03464638814330101,10.333992004394531,0.12735200979382202,0.15510725864075536,24
447.1610107421875,1.4594789743423462,0.03449399024248123,10.333992004394531,0.12826264619183902,0.1555489583668034,24
447.39300537109375,1.4594802856445312,0.03449026122689247,10.333992004394531,0.12622874129161482,0.15596728153740147,24
447.625,1.459483027458191,0.03417352959513664,10.333992004394531,0.12538686273024016,0.15708500920950053,24
447.85699462890625,1.4594738483428955,0.03397827595472336,10.333992004394531,0.12680192669004134,0.15740244829964986,24
448.0890197753906,1.4594837427139282,0.034044232219457626,10.333992004394531,0.12674553363548408,0.156787749709117,24
448.3210144042969,1.4594906568527222,0.033919401466846466,10.333992004394531,0.12608610330113368,0.15616134056089775,24
448.5530090332031,1.4594907760620117,0.03363322839140892,10.333992004394531,0.1281775060482632,0.15709021161095843,24
448.7850036621094,1.4594841003417969,0.033757682889699936,10.333992004394531,0.12609885885937736,0.15731184746949828,24
449.0169982910156,1.459490180015564,0.03348492085933685,10.333992004394531,0.12585251470087883,0.15820332496392703,24
449.2489929199219,1.4594848155975342,0.03322930261492729,10.333992004394531,0.12635392837443246,0.1588497583339599,24
449.48101806640625,1.4594897031784058,0.03338953107595444,10.333992004394531,0.12689228062562188,0.15878739969173492,24
449.7130126953125,1.459485411643982,0.03349163010716438,10.333992004394531,0.12610501463546928,0.15808916348153174,24
449.94500732421875,1.4594794511795044,0.03349945694208145,10.333992004394531,0.12594079826713375,0.1581233531486473,24
450.177001953125,1.4594882726669312,0.03386760875582695,10.333992004394531,0.126620740312842,0.1572107742848998,24
405.47900390625,1.4609699249267578,0.11097646504640579,7.454675674438477,0.1741766024521696,0.11189896446866537,25
405.78900146484375,1.4595324993133545,0.054224032908678055,7.454675674438477,0.17558111179715377,0.17050535358397345,25
406.0989990234375,1.4595335721969604,0.04880869761109352,7.454675674438477,0.17310354073742748,0.16940387376529692,25
406.40899658203125,1.4595352411270142,0.04656177759170532,7.454675674438477,0.17565428441723413,0.1672519156923759,25
406.718994140625,1.4595352411270142,0.0446852408349514,7.454675674438477,0.17629558297564005,0.17027239733441504,25
407.02899169921875,1.4595363140106201,0.04322940111160278,7.454675674438477,0.17352858619616576,0.17185658143521193,25
407.3389892578125,1.459540605545044,0.04227548837661743,7.454675674438477,0.17412834607702182,0.17190984623654978,25
407.6490173339844,1.459533929824829,0.04124443605542183,7.454675674438477,0.17313172349019273,0.17490635062090393,25
407.9590148925781,1.4595425128936768,0.040561042726039886,7.454675674438477,0.17450604840969047,0.17509203270146714,25
408.2690124511719,1.4595332145690918,0.040082596242427826,7.454675674438477,0.17170320982834616,0.1761946655584261,25
408.5790100097656,1.4595355987548828,0.039521053433418274,7.454675674438477,0.1743835529340852,0.17674460283214316,25
408.8890075683594,1.459541916847229,0.038856662809848785,7.454675674438477,0.17133921384309664,0.18008530364592953,25
409.1990051269531,1.4595377445220947,0.03836442530155182,7.454675674438477,0.17278416935633154,0.17940209727850318,25
409.5090026855469,1.4595305919647217,0.038315244019031525,7.454675674438477,0.17272966722000158,0.18200240132204665,25
409.8190002441406,1.4595370292663574,0.03833238407969475,7.454675674438477,0.17277114774484142,0.1808448990509135,25
410.1289978027344,1.4595305919647217,0.03858725354075432,7.454675674438477,0.17300340516475649,0.17827097104672032,25
410.4389953613281,1.4595215320587158,0.03862302750349045,7.454675674438477,0.17303253642741578,0.17895372606059132,25
410.7489929199219,1.4595273733139038,0.03861110657453537,7.454675674438477,0.17384797673577695,0.17939904557548303,25
411.0589904785156,1.459530234336853,0.038229912519454956,7.454675674438477,0.17393348139836606,0.18037220637233026,25
411.3690185546875,1.4595333337783813,0.037883367389440536,7.454675674438477,0.1750435728068917,0.18044176431788833,25
411.67901611328125,1.4595285654067993,0.037716805934906006,7.454675674438477,0.17092879433961639,0.18105650256004455,25
411.989013671875,1.4595338106155396,0.037672095000743866,7.454675674438477,0.17307650595430818,0.18189794574308865,25
412.29901123046875,1.459539771080017,0.03742019832134247,7.454675674438477,0.17408919249520097,0.18207462288444332,25
412.6090087890625,1.4595320224761963,0.03703974932432175,7.454675674438477,0.17293173773354062,0.18241021368139973,25
412.91900634765625,1.4595293998718262,0.03670140728354454,7.454675674438477,0.17178477874982512,0.1850978245121331,25
413.22900390625,1.4595365524291992,0.03650838881731033,7.454675674438477,0.17421353989838737,0.18437978158416446,25
413.53900146484375,1.4595311880111694,0.03667010739445686,7.454675674438477,0.1725528844461775,0.18245498743838273,25
413.8489990234375,1.4595277309417725,0.03670177981257439,7.454675674438477,0.17050537453058284,0.1830190379042767,25
414.15899658203125,1.4595180749893188,0.036936160176992416,7.454675674438477,0.17292962382724883,0.18176503227598756,25
414.468994140625,1.459533929824829,0.03737026825547218,7.454675674438477,0.17160462068974486,0.18170277891275569,25
414.77899169921875,1.459526538848877,0.037298351526260376,7.454675674438477,0.17192946680867432,0.18263379544226896,25
415.0889892578125,1.4595344066619873,0.03691678121685982,7.454675674438477,0.17229315925173147,0.18183698377336696,25
415.3990173339844,1.4595235586166382,0.036725256592035294,7.454675674438477,0.17262339275768523,0.18215599795675078,25
415.7090148925781,1.4595388174057007,0.03669097647070885,7.454675674438477,0.1734547131376453,0.1823940220308222,25
416.0190124511719,1.4595321416854858,0.036512114107608795,7.454675674438477,0.17207339075087177,0.1826311923109398,25
416.3290100097656,1.4595204591751099,0.036171164363622665,7.454675674438477,0.1732371856973597,0.18368038185120228,25
416.6390075683594,1.4595268964767456,0.035944610834121704,7.454675674438477,0.17208101014089539,0.18433433083999773,25
416.9490051269531,1.45952570438385,0.03579258173704147,7.454675674438477,0.17221794995550854,0.18630523391077428,25
417.2590026855469,1.4595240354537964,0.03564576432108879,7.454675674438477,0.16844107530111782,0.18672816040518922,25
417.5690002441406,1.459532618522644,0.03559247776865959,7.454675674438477,0.1734353620419973,0.18402670410623126,25
417.8789978027344,1.4595295190811157,0.0358097217977047,7.454675674438477,0.1720819409657318,0.1849669692005325,25
418.1889953613281,1.4595327377319336,0.03631797805428505,7.454675674438477,0.1736992308641867,0.18352209669825323,25
418.4989929199219,1.4595227241516113,0.036521803587675095,7.454675674438477,0.1724600843494978,0.18326441097853438,25
418.8089904785156,1.4595338106155396,0.03647112473845482,7.454675674438477,0.17419337761480672,0.18378571358719406,25
419.1190185546875,1.4595324993133545,0.036342572420835495,7.454675674438477,0.17332632909114354,0.184201731056908,25
419.42901611328125,1.4595259428024292,0.03619315102696419,7.454675674438477,0.17062810627397085,0.18300635506746754,25
419.739013671875,1.4595165252685547,0.03590995445847511,7.454675674438477,0.17171282273772337,0.1836076351239239,25
420.04901123046875,1.4595208168029785,0.03569420427083969,7.454675674438477,0.17303481661951067,0.18579170783096038,25
420.3590087890625,1.4595270156860352,0.035618193447589874,7.454675674438477,0.17178498776261142,0.18568698919139934,25
420.66900634765625,1.4595242738723755,0.035318974405527115,7.454675674438477,0.17078817616849903,0.1875468270657586,25
420.97900390625,1.459531545639038,0.035196006298065186,7.454675674438477,0.17083495458086922,0.18833006700188235,25
421.28900146484375,1.4595222473144531,0.034906480461359024,7.454675674438477,0.17104401045265444,0.1858194587149821,25
421.5989990234375,1.459513783454895,0.03512931242585182,7.454675674438477,0.17094017310271326,0.18709429146905845,25
421.90899658203125,1.459529161453247,0.03534282371401787,7.454675674438477,0.1726922143783696,0.18571021653641565,25
422.218994140625,1.4595277309417725,0.0355917327105999,7.454675674438477,0.1703199746202192,0.1882939247745681,25
422.52899169921875,1.4595143795013428,0.035820525139570236,7.454675674438477,0.17041264564794106,0.18333807439583552,25
422.8390197753906,1.4595153331756592,0.035710230469703674,7.454675674438477,0.17191133358317975,0.18471997099286416,25
423.1490173339844,1.459513545036316,0.03565768897533417,7.454675674438477,0.1709486165375399,0.18433142900235355,25
423.4590148925781,1.45951509475708,0.03522954508662224,7.454675674438477,0.17074547998326808,0.1870379650760708,25
423.7690124511719,1.459525227546692,0.035175517201423645,7.454675674438477,0.17222759888928096,0.18587119418716908,25
424.0790100097656,1.4595186710357666,0.035060375928878784,7.454675674438477,0.1694799540295908,0.18463399031935662,25
424.3890075683594,1.4595118761062622,0.035008206963539124,7.454675674438477,0.17041984651770742,0.1872120097910604,25
424.6990051269531,1.459524393081665,0.034665390849113464,7.454675674438477,0.17020884268498898,0.1875346855502136,25
425.0090026855469,1.4595167636871338,0.0345405638217926,7.454675674438477,0.17083995939500266,0.19000430750237124,25
425.3190002441406,1.4595075845718384,0.03443622961640358,7.454675674438477,0.16962038065006776,0.187998500962608,25
425.6289978027344,1.4595177173614502,0.03453870117664337,7.454675674438477,0.1720782346443915,0.1901624453693846,25
425.9389953613281,1.4595283269882202,0.03462104871869087,7.454675674438477,0.16873331356620652,0.18868355448038676,25
426.2489929199219,1.459520697593689,0.03504062816500664,7.454675674438477,0.1703309291504287,0.18417702084207047,25
426.5589904785156,1.459516167640686,0.035337235778570175,7.454675674438477,0.17193015612141177,0.1837215432152814,25
426.8690185546875,1.459523320198059,0.03526792675256729,7.454675674438477,0.17001535322211314,0.18649380102314797,25
427.17901611328125,1.4595186710357666,0.03493368253111839,7.454675674438477,0.1712310207092242,0.18719330770569667,25
427.489013671875,1.45952308177948,0.03478351607918739,7.454675674438477,0.17043813357503282,0.18765511880981917,25
427.79901123046875,1.459519386291504,0.03476376831531525,7.454675674438477,0.17233466567908456,0.1884184386324378,25
428.1090087890625,1.459523320198059,0.034531619399785995,7.454675674438477,0.17114240270460832,0.18739100513791562,25
428.41900634765625,1.4595221281051636,0.03430767357349396,7.454675674438477,0.17003238298143034,0.18785900256106233,25
428.72900390625,1.4595245122909546,0.03415229171514511,7.454675674438477,0.16843047977915435,0.1889147134005742,25
429.03900146484375,1.459520697593689,0.03407776728272438,7.454675674438477,0.1722528327697886,0.19026369299412105,25
429.3489990234375,1.4595164060592651,0.034047581255435944,7.454675674438477,0.16993108536556742,0.1895193909294008,25
429.65899658203125,1.4595179557800293,0.034076277166604996,7.454675674438477,0.1709379904709291,0.19044508913434446,25
429.968994140625,1.459518313407898,0.03448579087853432,7.454675674438477,0.172544043763632,0.18865602791100317,25
430.27899169921875,1.4595187902450562,0.03497467190027237,7.454675674438477,0.17288065253117887,0.18626666923928395,25
430.5890197753906,1.459510326385498,0.03510545939207077,7.454675674438477,0.1722188289368446,0.185741889519426,25
430.8990173339844,1.4595102071762085,0.03484648838639259,7.454675674438477,0.17050961001865209,0.1879188632390651,25
431.2090148925781,1.4595234394073486,0.03490499034523964,7.454675674438477,0.17159065982316546,0.1886900724689431,25
431.5190124511719,1.4595242738723755,0.03482562303543091,7.454675674438477,0.17160944369887343,0.18820836949503703,25
431.8290100097656,1.4595187902450562,0.03458267077803612,7.454675674438477,0.17092281571656276,0.1874074883090206,25
432.1390075683594,1.4595266580581665,0.03452827036380768,7.454675674438477,0.17085111099331593,0.1884655441504887,25
432.4490051269531,1.4595125913619995,0.03439449518918991,7.454675674438477,0.1703917537231494,0.18707866555826047,25
432.7590026855469,1.4595181941986084,0.03429798781871796,7.454675674438477,0.16888580794065355,0.1904470192013326,25
433.0690002441406,1.4595146179199219,0.034005846828222275,7.454675674438477,0.16977728846389728,0.19002458610437445,25
433.3789978027344,1.4595130681991577,0.03388512134552002,7.454675674438477,0.17145233633509468,0.1885416448040712,25
433.6889953613281,1.459511399269104,0.03409043699502945,7.454675674438477,0.17024059057911195,0.1902953930586949,25
433.9989929199219,1.4595129489898682,0.03447982668876648,7.454675674438477,0.17080727061294698,0.18812263669686932,25
434.3089904785156,1.459518313407898,0.03476935252547264,7.454675674438477,0.170627736224972,0.1847932766785411,25
434.6190185546875,1.4595152139663696,0.034862883388996124,7.454675674438477,0.17131756662817227,0.18419684756304872,25
434.92901611328125,1.4595226049423218,0.03494374454021454,7.454675674438477,0.17071095793838717,0.18773828511062948,25
435.239013671875,1.4595226049423218,0.03478090837597847,7.454675674438477,0.17068657233828574,0.1870717646727923,25
435.54901123046875,1.4595237970352173,0.03448392450809479,7.454675674438477,0.1708610324916142,0.18876946393058522,25
435.8590087890625,1.4598264694213867,0.03512372076511383,7.454675674438477,0.17045032329385723,0.188186280799183,25
436.16900634765625,1.4595187902450562,0.034423187375068665,7.454675674438477,0.16999553606790382,0.18868619885977,25
436.47900390625,1.4595122337341309,0.034257370978593826,7.454675674438477,0.17122662611913225,0.18905502387367112,25
436.78900146484375,1.4595164060592651,0.033910829573869705,7.454675674438477,0.16943127208618664,0.19157019367234662,25
437.0989990234375,1.4595087766647339,0.03373868018388748,7.454675674438477,0.16950012192350672,0.19214246031230267,25
437.40899658203125,1.4595179557800293,0.033850837498903275,7.454675674438477,0.1699774805532079,0.19119953822737834,25
437.718994140625,1.4595215320587158,0.03408745303750038,7.454675674438477,0.17096204170835724,0.18911637480812635,25
438.02899169921875,1.459518313407898,0.03422867879271507,7.454675674438477,0.1704269118441961,0.1891387048339507,25
438.3390197753906,1.4595153331756592,0.03457671031355858,7.454675674438477,0.17116190172023604,0.18873862014444115,25
438.6490173339844,1.4595123529434204,0.03482562303543091,7.454675674438477,0.16964357390072798,0.1862484060246824,25
438.9590148925781,1.459513783454895,0.03465533256530762,7.454675674438477,0.17209169672388885,0.18842889329117724,25
439.2690124511719,1.459509015083313,0.03438741713762283,7.454675674438477,0.17083181985285928,0.18907628337663318,25
439.5790100097656,1.4595235586166382,0.034303948283195496,7.454675674438477,0.17018180620050904,0.18753020837283452,25
439.8890075683594,1.4595160484313965,0.034208185970783234,7.454675674438477,0.17058870424680575,0.1888943942405409,25
440.1990051269531,1.459519863128662,0.03398013859987259,7.454675674438477,0.1713301547188385,0.18914078097675954,25
440.5090026855469,1.4595210552215576,0.03378451243042946,7.454675674438477,0.16896956787630507,0.18990499571863245,25
440.8190002441406,1.4595143795013428,0.033635463565588,7.454675674438477,0.1695975448679437,0.18965793092501468,25
441.1289978027344,1.459518551826477,0.03357509896159172,7.454675674438477,0.1696926335848809,0.19214533072349457,25
441.4389953613281,1.4595153331756592,0.033408161252737045,7.454675674438477,0.17075853214046732,0.19046103851004523,25
441.7489929199219,1.4595199823379517,0.03361757844686508,7.454675674438477,0.16966624628131988,0.18979681253230252,25
442.05902099609375,1.4595218896865845,0.03401218354701996,7.454675674438477,0.17074676963763966,0.18803863845939023,25
442.3690185546875,1.4595105648040771,0.034437719732522964,7.454675674438477,0.16912621970899258,0.18896377916506743,25
442.67901611328125,1.4595189094543457,0.03446901962161064,7.454675674438477,0.17161670950339364,0.18699122183838082,25
442.989013671875,1.4595125913619995,0.03416198119521141,7.454675674438477,0.17027588412776173,0.18971991314205733,25
443.29901123046875,1.4595187902450562,0.034123972058296204,7.454675674438477,0.1706077786587642,0.18769342225151148,25
443.6090087890625,1.459516167640686,0.03415452688932419,7.454675674438477,0.168248235447151,0.19305628543664577,25
443.91900634765625,1.459519624710083,0.03389555215835571,7.454675674438477,0.17033365375931428,0.19013720826690075,25
444.22900390625,1.4595215320587158,0.03359000384807587,7.454675674438477,0.16927694134588747,0.19023469785518124,25
444.53900146484375,1.4595223665237427,0.0336257740855217,7.454675674438477,0.17103748263393218,0.19314425836187213,25
444.8489990234375,1.4595156908035278,0.03338319808244705,7.454675674438477,0.16917277522697463,0.19171531341176648,25
445.15899658203125,1.4598243236541748,0.03377370536327362,7.454675674438477,0.17113811112417013,0.19017953474477722,25
445.468994140625,1.4595115184783936,0.03312571346759796,7.454675674438477,0.17025269116640163,0.1911472262052157,25
445.77899169921875,1.4595216512680054,0.03349945694208145,7.454675674438477,0.17014745527029143,0.1909804117976554,25
446.0890197753906,1.4595235586166382,0.033783022314310074,7.454675674438477,0.16876046433560915,0.19106879631160803,25
446.3990173339844,1.459517240524292,0.0340617410838604,7.454675674438477,0.16980603699299213,0.1881756310680167,25
446.7090148925781,1.4595087766647339,0.0340900644659996,7.454675674438477,0.17057810597014664,0.18987483989993442,25
447.0190124511719,1.459516167640686,0.03412732481956482,7.454675674438477,0.17068122692433912,0.18928411802315476,25
447.3290100097656,1.4595167636871338,0.03386164456605911,7.454675674438477,0.1705158217471726,0.189638534516129,25
447.6390075683594,1.4595210552215576,0.03366079926490784,7.454675674438477,0.17029797416065454,0.1919061554333186,25
447.9490051269531,1.4595180749893188,0.033727873116731644,7.454675674438477,0.17147641710593772,0.19032440199015171,25
448.2590026855469,1.459517002105713,0.03349125757813454,7.454675674438477,0.16910299363026493,0.19001474187389122,25
448.5690002441406,1.459518313407898,0.033428654074668884,7.454675674438477,0.17021975539230488,0.19121871901865367,25
448.8789978027344,1.4595156908035278,0.03325575962662697,7.454675674438477,0.1708726000918964,0.19184735862049868,25
449.1889953613281,1.4595218896865845,0.03317713737487793,7.454675674438477,0.16902135271140425,0.19117521936326873,25
449.4989929199219,1.4595240354537964,0.033336617052555084,7.454675674438477,0.16978153096176282,0.19251331217962045,25
449.80902099609375,1.4595221281051636,0.033435363322496414,7.454675674438477,0.16944517854760116,0.1910339420772022,25
450.1190185546875,1.459517002105713,0.03363918885588646,7.454675674438477,0.17065114637282613,0.19113253812468364,25
405.5880126953125,1.4609642028808594,0.09081603586673737,5.365727424621582,0.2685010147174756,0.19322328969381483,26
406.00701904296875,1.4595437049865723,0.0509367510676384,5.365727424621582,0.2244632632246464,0.17989530101933862,26
406.4259948730469,1.4595431089401245,0.04683900624513626,5.365727424621582,0.22887183038541337,0.18065246186664766,26
406.8450012207031,1.4595446586608887,0.0448257178068161,5.365727424621582,0.23014631124773322,0.1834083166052854,26
407.2640075683594,1.459536075592041,0.04323461651802063,5.365727424621582,0.22909653138340058,0.19060462338859607,26
407.6830139160156,1.459551215171814,0.04196099191904068,5.365727424621582,0.23212954226139074,0.19128406483373322,26
408.10198974609375,1.459541916847229,0.04092807695269585,5.365727424621582,0.22926320536742287,0.19299253143431608,26
408.52099609375,1.4595487117767334,0.040009185671806335,5.365727424621582,0.22836706810430682,0.194382803969176,26
408.94000244140625,1.4595401287078857,0.039329893887043,5.365727424621582,0.2305894222307413,0.1961826362924319,26
409.3590087890625,1.4595468044281006,0.038824617862701416,5.365727424621582,0.23090564754227177,0.19998414896216066,26
409.77801513671875,1.4595493078231812,0.03857607766985893,5.365727424621582,0.23321815548400612,0.20098567667479145,26
410.1969909667969,1.4595390558242798,0.0387001596391201,5.365727424621582,0.23192312263958106,0.19583171900200658,26
410.6159973144531,1.4595457315444946,0.03895130753517151,5.365727424621582,0.23031826168918526,0.19638763567578463,26
411.0350036621094,1.459541916847229,0.03882722556591034,5.365727424621582,0.22976653194673868,0.1955238022626995,26
411.4540100097656,1.4595487117767334,0.03838864713907242,5.365727424621582,0.2298225678638259,0.19878082249420229,26
411.8730163574219,1.459535837173462,0.03802012279629707,5.365727424621582,0.22953202817593285,0.20213293102289528,26
412.2919921875,1.4595495462417603,0.03754875436425209,5.365727424621582,0.22875513667335107,0.20081856210954951,26
412.71099853515625,1.4598523378372192,0.037848714739084244,5.365727424621582,0.22858667568096744,0.2002563860193392,26
413.1300048828125,1.459540605545044,0.03693578764796257,5.365727424621582,0.2310693689757554,0.2034185932839389,26
413.54901123046875,1.4598443508148193,0.037251029163599014,5.365727424621582,0.22859118887730176,0.2004873297592941,26
413.968017578125,1.4595407247543335,0.03671855106949806,5.365727424621582,0.22970558999181953,0.20386895588195816,26
414.3869934082031,1.4595330953598022,0.03710532933473587,5.365727424621582,0.2269276697935629,0.202204581233756,26
414.8059997558594,1.4598453044891357,0.03806297481060028,5.365727424621582,0.231446108897475,0.20007375938446226,26
415.2250061035156,1.4595378637313843,0.03714296594262123,5.365727424621582,0.2307893533597641,0.20219720695215174,26
415.6440124511719,1.4595375061035156,0.03673792630434036,5.365727424621582,0.22907609665153325,0.20393640592043483,26
416.0630187988281,1.4595346450805664,0.03646441921591759,5.365727424621582,0.2300768268821669,0.20379853668617798,26
416.48199462890625,1.4595292806625366,0.03612607717514038,5.365727424621582,0.2312764633248741,0.20589507350760278,26
416.9010009765625,1.4595376253128052,0.035825371742248535,5.365727424621582,0.22839404032234395,0.20805365989912214,26
417.32000732421875,1.459532618522644,0.03557571396231651,5.365727424621582,0.2295515165340651,0.20793883040133596,26
417.739013671875,1.4595427513122559,0.03550118952989578,5.365727424621582,0.22653296446830887,0.20877747908720873,26
418.1579895019531,1.4595298767089844,0.03589393198490143,5.365727424621582,0.2300630982908648,0.20625684585122306,26
418.5769958496094,1.459533929824829,0.036353375762701035,5.365727424621582,0.22792948737660637,0.20172239342703133,26
418.9960021972656,1.4595348834991455,0.03649720922112465,5.365727424621582,0.22938101584280957,0.20402728324247774,26
419.4150085449219,1.4595446586608887,0.036215879023075104,5.365727424621582,0.22915526161812166,0.20414376479211954,26
419.8340148925781,1.4595340490341187,0.03584809973835945,5.365727424621582,0.22855169791116145,0.20505527077057065,26
420.25299072265625,1.4595417976379395,0.035676319152116776,5.365727424621582,0.22895657169877512,0.20926104358112452,26
420.6719970703125,1.4595398902893066,0.035466160625219345,5.365727424621582,0.23089792389467606,0.20866204907677305,26
421.09100341796875,1.4595468044281006,0.03521352261304855,5.365727424621582,0.23137958520447666,0.21142062595002503,26
421.510009765625,1.4595423936843872,0.03490089252591133,5.365727424621582,0.2284448483109556,0.21252641650274737,26
421.92901611328125,1.4595348834991455,0.03516918048262596,5.365727424621582,0.2277005502046016,0.21217974003282417,26
422.3479919433594,1.4595433473587036,0.03570910915732384,5.365727424621582,0.23189574179008907,0.21030676202622642,26
422.7669982910156,1.45954430103302,0.03625463321805,5.365727424621582,0.2302956336879443,0.20398747758851762,26
423.1860046386719,1.459849238395691,0.03672823682427406,5.365727424621582,0.2286098353687033,0.2038416850174795,26
423.6050109863281,1.4595332145690918,0.035790715366601944,5.365727424621582,0.22932669117463791,0.20838499285458523,26
424.0240173339844,1.4595425128936768,0.03551720827817917,5.365727424621582,0.23106813308809163,0.20533405391122017,26
424.4429931640625,1.4595364332199097,0.03544753044843674,5.365727424621582,0.2289112470079993,0.21309999392309986,26
424.86199951171875,1.4595444202423096,0.03514794260263443,5.365727424621582,0.2274070426556324,0.2090970802616603,26
425.281005859375,1.4595439434051514,0.03501603379845619,5.365727424621582,0.22873865102830618,0.21123268583861177,26
425.70001220703125,1.4595385789871216,0.034815188497304916,5.365727424621582,0.2323221593482459,0.21356723676698466,26
426.1190185546875,1.4595381021499634,0.03509391099214554,5.365727424621582,0.2297404060049428,0.20749329290857957,26
426.5379943847656,1.4595378637313843,0.03580748289823532,5.365727424621582,0.23106922622699536,0.20711792540991147,26
426.9570007324219,1.4595389366149902,0.03583468496799469,5.365727424621582,0.2306700693103649,0.20491733947795443,26
427.3760070800781,1.4595295190811157,0.035593971610069275,5.365727424621582,0.2336205554961807,0.20569010132189597,26
427.7950134277344,1.4595364332199097,0.03531002998352051,5.365727424621582,0.22977368743457965,0.20689496895624643,26
428.2140197753906,1.4595367908477783,0.03512409329414368,5.365727424621582,0.23180271056320434,0.2088503916264704,26
428.63299560546875,1.4595285654067993,0.035117387771606445,5.365727424621582,0.23037829286557748,0.2132987227423568,26
429.052001953125,1.4598454236984253,0.03538642078638077,5.365727424621582,0.2283281575202072,0.20937614470850135,26
429.47100830078125,1.4595309495925903,0.034506656229496,5.365727424621582,0.22999723689188756,0.21288278378968611,26
429.8900146484375,1.4595307111740112,0.03465905785560608,5.365727424621582,0.22880916386490702,0.21222104876448217,26
430.3089904785156,1.459525227546692,0.035065218806266785,5.365727424621582,0.22722720517461442,0.20679910306004812,26
430.7279968261719,1.459531307220459,0.03562452644109726,5.365727424621582,0.2300726596570034,0.20803826412679546,26
431.1470031738281,1.4595338106155396,0.035348039120435715,5.365727424621582,0.23005572866452734,0.21034511395146105,26
431.5660095214844,1.4595427513122559,0.03506745398044586,5.365727424621582,0.23053524802063444,0.20966925569000378,26
431.9850158691406,1.4595332145690918,0.03482934832572937,5.365727424621582,0.22940115577522874,0.2100555859562653,26
432.40399169921875,1.459537148475647,0.03459087014198303,5.365727424621582,0.2313144525712321,0.21243448671651835,26
432.822998046875,1.4595301151275635,0.03441499173641205,5.365727424621582,0.22818369016467732,0.21619852221574037,26
433.24200439453125,1.459531307220459,0.03418508172035217,5.365727424621582,0.22835873059803152,0.2145007391647256,26
433.6610107421875,1.4595338106155396,0.034070685505867004,5.365727424621582,0.2252029598393326,0.21623214271137067,26
434.08001708984375,1.459534764289856,0.034345682710409164,5.365727424621582,0.23139500321792428,0.21535010478351516,26
434.4989929199219,1.459534764289856,0.03506968915462494,5.365727424621582,0.2298493392894806,0.2116345796499657,26
434.9179992675781,1.459535002708435,0.03512968122959137,5.365727424621582,0.22935588275898014,0.2128461111809561,26
435.3370056152344,1.4595240354537964,0.034888967871665955,5.365727424621582,0.22841251986392597,0.2119742527960425,26
435.7560119628906,1.459542989730835,0.03464527055621147,5.365727424621582,0.23055418078541826,0.21040949057088623,26
436.1750183105469,1.4595398902893066,0.03441089019179344,5.365727424621582,0.2302202297748627,0.21514014027934422,26
436.593994140625,1.4595377445220947,0.03429575264453888,5.365727424621582,0.23120953066344402,0.214070229024858,26
437.01300048828125,1.4595284461975098,0.03395703807473183,5.365727424621582,0.22977319963448634,0.2161030260880073,26
437.4320068359375,1.4595351219177246,0.03373010829091072,5.365727424621582,0.22783227714373488,0.21860205815839404,26
437.85101318359375,1.4595245122909546,0.033813949674367905,5.365727424621582,0.23100525441720846,0.2148216068954147,26
438.27001953125,1.4595266580581665,0.034312520176172256,5.365727424621582,0.23018678876616042,0.21376659021547859,26
438.6889953613281,1.459829330444336,0.03538604825735092,5.365727424621582,0.23211986215691238,0.20825660723953324,26
439.1080017089844,1.459530234336853,0.034609872847795486,5.365727424621582,0.23074471799622673,0.21378387998563753,26
439.5270080566406,1.4595386981964111,0.03426184132695198,5.365727424621582,0.23144634322837265,0.21387326115477612,26
439.9460144042969,1.4595248699188232,0.03422197327017784,5.365727424621582,0.22971447757251984,0.21749627755679604,26
440.3650207519531,1.4595288038253784,0.034058019518852234,5.365727424621582,0.23295696360154836,0.2160707518532792,26
440.78399658203125,1.4595242738723755,0.0339067317545414,5.365727424621582,0.23063189024001146,0.2178117778292455,26
441.2030029296875,1.4595270156860352,0.033770352602005005,5.365727424621582,0.23073878019993338,0.21829912951356417,26
441.62200927734375,1.4595297574996948,0.033668626099824905,5.365727424621582,0.22775768330490437,0.21935065691780312,26
442.041015625,1.4595263004302979,0.03401889279484749,5.365727424621582,0.22879214679455248,0.21613292557842198,26
442.4599914550781,1.459521770477295,0.03451932594180107,5.365727424621582,0.2309329057170662,0.2133652021455797,26
442.8789978027344,1.459531545639038,0.03473656624555588,5.365727424621582,0.230499430658709,0.21433638632347035,26
443.2980041503906,1.45952570438385,0.03448951616883278,5.365727424621582,0.2312196885373969,0.2121636698103975,26
443.7170104980469,1.4595341682434082,0.03431587293744087,5.365727424621582,0.2327879156728385,0.21402606508528857,26
444.1360168457031,1.4595205783843994,0.03413328900933266,5.365727424621582,0.230527538817278,0.21273112637049876,26
444.55499267578125,1.459519863128662,0.03396188095211983,5.365727424621582,0.23079454619101572,0.2156864753836107,26
444.9739990234375,1.459525227546692,0.03365185856819153,5.365727424621582,0.23016840294697907,0.2170862848507398,26
445.39300537109375,1.4595263004302979,0.033558327704668045,5.365727424621582,0.22858897227556313,0.22254630397940833,26
445.81201171875,1.4595319032669067,0.03363248333334923,5.365727424621582,0.2277750633230106,0.21562376909176978,26
446.23101806640625,1.4595270156860352,0.03411950170993805,5.365727424621582,0.22896647072402476,0.21281642569713796,26
446.6499938964844,1.4595253467559814,0.03467806428670883,5.365727424621582,0.23331374474329677,0.20701027523690607,26
447.0690002441406,1.459525227546692,0.03455248847603798,5.365727424621582,0.23203015578712563,0.21049183446377157,26
447.4880065917969,1.459533452987671,0.03437810018658638,5.365727424621582,0.23369400930004794,0.21424797451403627,26
447.9070129394531,1.4595284461975098,0.034302085638046265,5.365727424621582,0.22971444970991806,0.21450311253716103,26
448.3260192871094,1.4595237970352173,0.03408261016011238,5.365727424621582,0.23083038311009252,0.21471184582690828,26
448.7449951171875,1.4595273733139038,0.033822521567344666,5.365727424621582,0.22764094870934937,0.21614179141267068,26
449.16400146484375,1.4595223665237427,0.033563919365406036,5.365727424621582,0.2320080374996691,0.2189253813223134,26
449.5830078125,1.4595215320587158,0.03350653499364853,5.365727424621582,0.23081195975265933,0.21836560022568924,26
450.00201416015625,1.4595311880111694,0.033819910138845444,5.365727424621582,0.23162395738324018,0.21623550127658075,26
405.7380065917969,1.46096670627594,0.07801725715398788,3.8752477169036865,0.24232330797387283,0.1399747311182614,27
406.3080139160156,1.4595398902893066,0.04752351716160774,3.8752477169036865,0.29244123172489733,0.185125587054386,27
406.87799072265625,1.4595433473587036,0.04434196278452873,3.8752477169036865,0.28899283681912424,0.1928071631327421,27
407.447998046875,1.4595359563827515,0.04224567860364914,3.8752477169036865,0.2896098958073357,0.19484502894707686,27
408.01800537109375,1.4598448276519775,0.041356321424245834,3.8752477169036865,0.28931176102546663,0.19231420187632964,27
408.5880126953125,1.4595377445220947,0.03944336250424385,3.8752477169036865,0.29196478315044355,0.20243674372256654,27
409.1579895019531,1.4595446586608887,0.038614366203546524,3.8752477169036865,0.29452922741747917,0.20538062660628634,27
409.7279968261719,1.4595400094985962,0.03802189603447914,3.8752477169036865,0.2937495282695065,0.20882820988845063,27
410.2980041503906,1.4595357179641724,0.03782636299729347,3.8752477169036865,0.2958059439449829,0.20962674718215263,27
410.8680114746094,1.4595359563827515,0.038211844861507416,3.8752477169036865,0.29532960531443786,0.20459865070073413,27
411.4380187988281,1.4595391750335693,0.03794392570853233,3.8752477169036865,0.29247517509827303,0.20416580809129403,27
412.00799560546875,1.4595359563827515,0.03746175020933151,3.8752477169036865,0.29331760341097124,0.20839037506779334,27
412.5780029296875,1.4595359563827515,0.03698357939720154,3.8752477169036865,0.29546911497707395,0.2107024841271222,27
413.14801025390625,1.4595377445220947,0.03648640960454941,3.8752477169036865,0.2931626248595604,0.2136900181786567,27
413.718017578125,1.4595308303833008,0.03618905693292618,3.8752477169036865,0.29644633356289785,0.21634100774233764,27
414.2879943847656,1.4595305919647217,0.0362098291516304,3.8752477169036865,0.29435375465202307,0.21464641017928515,27
414.8580017089844,1.459532618522644,0.036881670355796814,3.8752477169036865,0.2947628949816436,0.21126609130674606,27
415.4280090332031,1.4595330953598022,0.03684068098664284,3.8752477169036865,0.29541872114138823,0.2094188952001807,27
415.9980163574219,1.4595279693603516,0.036482032388448715,3.8752477169036865,0.29372434430137057,0.21247849600167684,27
416.5679931640625,1.459536075592041,0.03607065603137016,3.8752477169036865,0.2964277817945369,0.21204015714830726,27
417.13800048828125,1.4595320224761963,0.03571796789765358,3.8752477169036865,0.2966579863231101,0.21636530969987813,27
417.7080078125,1.4595319032669067,0.03552047535777092,3.8752477169036865,0.2978218962725693,0.21889896171024067,27
418.27801513671875,1.4595332145690918,0.03561605140566826,3.8752477169036865,0.2961663571255161,0.21610936233177938,27
418.8479919433594,1.4595330953598022,0.036256033927202225,3.8752477169036865,0.29311041773012597,0.21176826168965251,27
419.4179992675781,1.4595329761505127,0.0362195186316967,3.8752477169036865,0.29618185727152013,0.21335191536257905,27
419.9880065917969,1.4595308303833008,0.03587856888771057,3.8752477169036865,0.29716821689132705,0.21497719359120274,27
420.5580139160156,1.4595348834991455,0.03576752543449402,3.8752477169036865,0.29828353682626607,0.21373993435079103,27
421.12799072265625,1.459525465965271,0.03548591211438179,3.8752477169036865,0.29620407899581325,0.2173885589198429,27
421.697998046875,1.459528923034668,0.03522144630551338,3.8752477169036865,0.2964779287248862,0.22005372417455998,27
422.26800537109375,1.4595296382904053,0.03527109697461128,3.8752477169036865,0.2990060039091692,0.22069847098329462,27
422.8380126953125,1.459838628768921,0.036491718143224716,3.8752477169036865,0.29588182023879495,0.2116241618143572,27
423.40802001953125,1.4595329761505127,0.03571144491434097,3.8752477169036865,0.29691621666643386,0.21359824711655184,27
423.9779968261719,1.4595264196395874,0.035348694771528244,3.8752477169036865,0.2973521347435624,0.21672906910360348,27
424.5480041503906,1.4595296382904053,0.03502945229411125,3.8752477169036865,0.29861312493015746,0.2190682049168338,27
425.1180114746094,1.4595338106155396,0.03473629057407379,3.8752477169036865,0.2976318457707574,0.22237495436475885,27
425.6880187988281,1.4595314264297485,0.03448374569416046,3.8752477169036865,0.2957470792975187,0.2249328784028635,27
426.25799560546875,1.4595277309417725,0.034502096474170685,3.8752477169036865,0.2968672458671028,0.2244199509152026,27
426.8280029296875,1.4595266580581665,0.03510788828134537,3.8752477169036865,0.29491085993068766,0.22017841514663258,27
427.39801025390625,1.4598360061645508,0.035722438246011734,3.8752477169036865,0.2981248046297572,0.21475517055308066,27
427.968017578125,1.4595304727554321,0.03487788885831833,3.8752477169036865,0.2981804954278272,0.22120199712441296,27
428.5379943847656,1.459528923034668,0.03450973704457283,3.8752477169036865,0.300584225170839,0.22413269822925658,27
429.1080017089844,1.4595263004302979,0.0343322716653347,3.8752477169036865,0.2997834486410805,0.22509753878504785,27
429.6780090332031,1.4595335721969604,0.03401060402393341,3.8752477169036865,0.2987055706125629,0.22803703155343796,27
430.2480163574219,1.4595293998718262,0.03414241969585419,3.8752477169036865,0.2974270990175949,0.22693365779041874,27
430.8179931640625,1.4595309495925903,0.03480224311351776,3.8752477169036865,0.29746354635864636,0.22092188702619697,27
431.38800048828125,1.4595303535461426,0.0347621887922287,3.8752477169036865,0.29700206958734016,0.22217602796878344,27
431.9580078125,1.459530234336853,0.03457941487431526,3.8752477169036865,0.297515083783798,0.2239498664284437,27
432.52801513671875,1.4595246315002441,0.03431401401758194,3.8752477169036865,0.2989253686367938,0.22702745966982088,27
433.0979919433594,1.459527850151062,0.034225236624479294,3.8752477169036865,0.2989436942048055,0.22514606828652897,27
433.6679992675781,1.4595240354537964,0.03411279618740082,3.8752477169036865,0.2966555220300808,0.22845226868580376,27
434.2380065917969,1.4595268964767456,0.03459273651242256,3.8752477169036865,0.30071975962053044,0.22392109888664102,27
434.8080139160156,1.459520936012268,0.035181108862161636,3.8752477169036865,0.2971876828325405,0.21618944524458225,27
435.37799072265625,1.4595232009887695,0.03523905202746391,3.8752477169036865,0.2977833497731169,0.21669752145427928,27
435.947998046875,1.4595173597335815,0.03474169224500656,3.8752477169036865,0.29809913260879106,0.21977459722696055,27
436.51800537109375,1.4595266580581665,0.034473590552806854,3.8752477169036865,0.29709310659656485,0.22338140756500804,27
437.0880126953125,1.4595268964767456,0.03411177173256874,3.8752477169036865,0.29796532309592483,0.2260769467776485,27
437.65802001953125,1.4595247507095337,0.03380165621638298,3.8752477169036865,0.299560269300622,0.22747007094131422,27
438.2279968261719,1.4595223665237427,0.03402252867817879,3.8752477169036865,0.2995584227320407,0.2272277380487067,27
438.7980041503906,1.4595229625701904,0.03460708260536194,3.8752477169036865,0.29564270633835077,0.219250583118833,27
439.3680114746094,1.459526777267456,0.03454653173685074,3.8752477169036865,0.2970603227076249,0.2208687531321176,27
439.9380187988281,1.4595246315002441,0.034113168716430664,3.8752477169036865,0.2994514030845582,0.22548394196063004,27
440.50799560546875,1.4595232009887695,0.03388465940952301,3.8752477169036865,0.2968229393476153,0.2278317639762697,27
441.0780029296875,1.4598268270492554,0.034190863370895386,3.8752477169036865,0.30102124399308194,0.22423178260415327,27
441.64801025390625,1.4595272541046143,0.0332757905125618,3.8752477169036865,0.29954422512814544,0.23227816287036457,27
442.218017578125,1.4595222473144531,0.033437322825193405,3.8752477169036865,0.29797606178071423,0.2311492452397185,27
442.7879943847656,1.4595236778259277,0.03422272205352783,3.8752477169036865,0.2980351235561275,0.22259098951823908,27
443.3580017089844,1.4595232009887695,0.03420334681868553,3.8752477169036865,0.29712815561385003,0.22406684401833044,27
443.9280090332031,1.4595229625701904,0.03379252925515175,3.8752477169036865,0.29980156380579953,0.22911106912015136,27
444.4980163574219,1.459527611732483,0.03345353156328201,3.8752477169036865,0.2981495441406365,0.23210430739527324,27
445.0679931640625,1.459524154663086,0.03323126211762428,3.8752477169036865,0.30090864368069065,0.2333278569474448,27
445.63800048828125,1.459525227546692,0.032995764166116714,3.8752477169036865,0.2998423960407803,0.23494363367069718,27
446.2080078125,1.4595245122909546,0.03312497213482857,3.8752477169036865,0.3005676489037092,0.233626881656503,27
446.77801513671875,1.4595266580581665,0.03384767472743988,3.8752477169036865,0.2974228806137476,0.22880559223560015,27
447.3479919433594,1.4595223665237427,0.03385205194354057,3.8752477169036865,0.2958107843197034,0.2279523031862881,27
447.9179992675781,1.4595240354537964,0.03344487026333809,3.8752477169036865,0.29910336476965954,0.2317399549989694,27
448.4880065917969,1.4595235586166382,0.033041879534721375,3.8752477169036865,0.2986119171786723,0.23489062430718163,27
449.0580139160156,1.4595212936401367,0.03281643986701965,3.8752477169036865,0.2983882471652992,0.23372842489899473,27
449.6280212402344,1.4595221281051636,0.03254908323287964,3.8752477169036865,0.299423916230523,0.23808309719011386,27
450.197998046875,1.4595205783843994,0.03268043324351311,3.8752477169036865,0.29975482670666015,0.23547432762850545,27
405.95501708984375,1.460639238357544,0.0670858845114708,2.7703893184661865,0.29201344900771464,0.13079638566558288,28
406.7409973144531,1.459529995918274,0.045114435255527496,2.7703893184661865,0.34552920981401,0.16957617972567132,28
407.5270080566406,1.4595295190811157,0.04260287806391716,2.7703893184661865,0.3454751776958217,0.17416056932487767,28
408.3130187988281,1.4595298767089844,0.04046640545129776,2.7703893184661865,0.3496471353008184,0.18172464259956086,28
409.0989990234375,1.459529161453247,0.03918584808707237,2.7703893184661865,0.35150700231732324,0.18444222673706945,28
409.885009765625,1.4595242738723755,0.03813348338007927,2.7703893184661865,0.35188547481750077,0.18848581552016344,28
410.6709899902344,1.459523320198059,0.03790789470076561,2.7703893184661865,0.3569960578504078,0.18946571413216742,28
411.4570007324219,1.4595224857330322,0.03823886066675186,2.7703893184661865,0.3569010668029614,0.18723330964686594,28
412.2430114746094,1.4595215320587158,0.03741752356290817,2.7703893184661865,0.3579093959589601,0.18943418144588312,28
413.02899169921875,1.459517240524292,0.03681178763508797,2.7703893184661865,0.3575354619195878,0.19470635531373867,28
413.81500244140625,1.4595195055007935,0.036271482706069946,2.7703893184661865,0.3627399075831518,0.1995972111053942,28
414.60101318359375,1.4595201015472412,0.036332741379737854,2.7703893184661865,0.36077987148353635,0.19915293094866018,28
415.3869934082031,1.4595245122909546,0.03692498803138733,2.7703893184661865,0.35617115448449127,0.1913239670147939,28
416.1730041503906,1.4595229625701904,0.03634742274880409,2.7703893184661865,0.3593135480107189,0.19650055315952247,28
416.9590148925781,1.4595175981521606,0.03582574799656868,2.7703893184661865,0.36186175462555364,0.20079829031764712,28
417.7449951171875,1.4595236778259277,0.035279929637908936,2.7703893184661865,0.3609579917178946,0.20390597591079535,28
418.531005859375,1.459520936012268,0.03527188301086426,2.7703893184661865,0.3631376261517113,0.20708889722090512,28
419.3170166015625,1.4595216512680054,0.03596026822924614,2.7703893184661865,0.36151934796696605,0.1969394758040144,28
420.1029968261719,1.459514856338501,0.035493817180395126,2.7703893184661865,0.36140886690264545,0.19959076285576513,28
420.8890075683594,1.4595139026641846,0.03515763580799103,2.7703893184661865,0.36314704835702266,0.20467043957749312,28
421.6750183105469,1.459519386291504,0.034718386828899384,2.7703893184661865,0.3660576270213782,0.2071669989448676,28
422.46099853515625,1.4595178365707397,0.03464609757065773,2.7703893184661865,0.3660136965274854,0.20804539341298242,28
423.24700927734375,1.4595142602920532,0.035570502281188965,2.7703893184661865,0.36308113827073296,0.1989646972297003,28
424.03302001953125,1.4595222473144531,0.03522538021206856,2.7703893184661865,0.3634800781200903,0.20001481945363828,28
424.8190002441406,1.4595134258270264,0.03480774164199829,2.7703893184661865,0.3631394587162661,0.20326778054839245,28
425.6050109863281,1.4595155715942383,0.034531403332948685,2.7703893184661865,0.3668274584117571,0.2095591219707744,28
426.3909912109375,1.4595153331756592,0.03447267785668373,2.7703893184661865,0.36797315457851343,0.20770779378968057,28
427.177001953125,1.4595134258270264,0.03532024845480919,2.7703893184661865,0.366652330641305,0.19795014016444942,28
427.9630126953125,1.4595158100128174,0.035140346735715866,2.7703893184661865,0.36218553478768456,0.20021524197173132,28
428.7489929199219,1.4595131874084473,0.03477063030004501,2.7703893184661865,0.3662910005656665,0.20694288340923322,28
429.5350036621094,1.4595164060592651,0.03442446142435074,2.7703893184661865,0.3694481368281364,0.2094280461408737,28
430.3210144042969,1.4595202207565308,0.03421027585864067,2.7703893184661865,0.3669624054490976,0.2114343914608704,28
431.10699462890625,1.4595110416412354,0.03502446040511131,2.7703893184661865,0.36114165786975927,0.2032933101555855,28
431.89300537109375,1.459510326385498,0.035002999007701874,2.7703893184661865,0.3625423811133966,0.20469825288310858,28
432.67901611328125,1.459513783454895,0.03456926345825195,2.7703893184661865,0.36518169482287527,0.2092808708068548,28
433.4649963378906,1.4595128297805786,0.03420163318514824,2.7703893184661865,0.3673357938834369,0.21100398854960187,28
434.2510070800781,1.4595146179199219,0.03384346514940262,2.7703893184661865,0.3697084962637416,0.21221582752823615,28
435.0370178222656,1.4595112800598145,0.034593261778354645,2.7703893184661865,0.3642220903820925,0.2046693359644324,28
435.822998046875,1.4595110416412354,0.034587372094392776,2.7703893184661865,0.3639378507920021,0.20483925914483286,28
436.6090087890625,1.4595167636871338,0.03410840407013893,2.7703893184661865,0.36452344328482705,0.2102518197998566,28
437.39501953125,1.4595165252685547,0.033742934465408325,2.7703893184661865,0.36982176872815226,0.21225834048559178,28
438.1809997558594,1.459515929222107,0.03357577323913574,2.7703893184661865,0.3704330241044274,0.21602523789902345,28
438.9670104980469,1.4595168828964233,0.03403104469180107,2.7703893184661865,0.36632261981656006,0.21098753698006573,28
439.75299072265625,1.4595125913619995,0.03429769352078438,2.7703893184661865,0.3670907545637271,0.20802407626435968,28
440.53900146484375,1.4595142602920532,0.03379085287451744,2.7703893184661865,0.3673581824888721,0.21350998669231477,28
441.32501220703125,1.4595204591751099,0.03340436890721321,2.7703893184661865,0.3713667092416042,0.21586806822839452,28
442.1109924316406,1.4595186710357666,0.0332256555557251,2.7703893184661865,0.37005060657967825,0.21782347019353548,28
442.8970031738281,1.459514856338501,0.03381723538041115,2.7703893184661865,0.3652554453308599,0.21438503773078102,28
443.6830139160156,1.459515929222107,0.03419023007154465,2.7703893184661865,0.37076212577324474,0.20978371988300476,28
444.468994140625,1.4595187902450562,0.033844586461782455,2.7703893184661865,0.3700097240935074,0.21382658008282684,28
445.2550048828125,1.4595134258270264,0.03353172913193703,2.7703893184661865,0.3687793487020306,0.21232843412628333,28
446.041015625,1.4595177173614502,0.03334556892514229,2.7703893184661865,0.3726030877124019,0.2185986395227847,28
446.8269958496094,1.4595130681991577,0.03382952883839607,2.7703893184661865,0.37132149242901524,0.2147306347799252,28
447.6130065917969,1.4595177173614502,0.03414834663271904,2.7703893184661865,0.36946409954657033,0.20889655642740396,28
448.3990173339844,1.459516167640686,0.033857252448797226,2.7703893184661865,0.3702545314460366,0.2124865977379732,28
449.18499755859375,1.4595237970352173,0.03352286294102669,2.7703893184661865,0.36658989284896754,0.2192663660838059,28
449.97100830078125,1.4595195055007935,0.0332324393093586,2.7703893184661865,0.3702431845368392,0.2205997201121472,28
406.2510070800781,1.4609326124191284,0.06216752529144287,1.992984652519226,0.32149460684236275,0.10840560446144262,29
407.3330078125,1.4595435857772827,0.044348184019327164,1.992984652519226,0.3844779341200042,0.13886957967548114,29
408.4150085449219,1.4595433473587036,0.04143911227583885,1.992984652519226,0.3898331005436872,0.14717806325413027,29
409.49700927734375,1.4595462083816528,0.03956811502575874,1.992984652519226,0.3958059007037493,0.15630265088946835,29
410.5790100097656,1.459547996520996,0.03831205517053604,1.992984652519226,0.4040373997308344,0.16259499172071498,29
411.6610107421875,1.4595444202423096,0.038651302456855774,1.992984652519226,0.3955171169721689,0.1514249171851296,29
412.7430114746094,1.4595435857772827,0.037885881960392,1.992984652519226,0.40008911528434143,0.15877874866195946,29
413.82501220703125,1.4598503112792969,0.037923939526081085,1.992984652519226,0.40492956566695426,0.15702189019861232,29
414.9070129394531,1.45954167842865,0.03739215433597565,1.992984652519226,0.4053954343434681,0.16097540096577925,29
415.989013671875,1.4595431089401245,0.037596989423036575,1.992984652519226,0.40355469150753326,0.15967968630432877,29
417.0710144042969,1.4595390558242798,0.03685610741376877,1.992984652519226,0.4061585606026892,0.16670148613687993,29
418.15301513671875,1.459850788116455,0.03697982057929039,1.992984652519226,0.4054445983279514,0.16255649997135835,29
419.2350158691406,1.459545373916626,0.0368456207215786,1.992984652519226,0.40785610789125265,0.16641021227277927,29
420.3170166015625,1.4598462581634521,0.03734493628144264,1.992984652519226,0.40307962025633914,0.1575311497106026,29
421.3990173339844,1.459539532661438,0.036102235317230225,1.992984652519226,0.41304445612324675,0.17014028411953352,29
422.48101806640625,1.4595383405685425,0.03570012375712395,1.992984652519226,0.413685682554405,0.16864265395333022,29
423.5630187988281,1.45984947681427,0.037025440484285355,1.992984652519226,0.3994336264738595,0.1611715536905819,29
424.64501953125,1.4595398902893066,0.036053478717803955,1.992984652519226,0.41246810086294716,0.16866420141277721,29
425.72698974609375,1.4595392942428589,0.035539790987968445,1.992984652519226,0.4151391023339089,0.1712454061683963,29
426.8089904785156,1.4595391750335693,0.035432420670986176,1.992984652519226,0.41482523762671686,0.17563173263726395,29
427.8909912109375,1.4595377445220947,0.035936471074819565,1.992984652519226,0.41309531124097265,0.16657375481201753,29
428.9729919433594,1.4598476886749268,0.03596330061554909,1.992984652519226,0.4130734977615467,0.17096568380167565,29
430.05499267578125,1.4595340490341187,0.034819722175598145,1.992984652519226,0.41698746413383264,0.17682713774754721,29
431.1369934082031,1.4595359563827515,0.03510882332921028,1.992984652519226,0.4191063163595647,0.1726556210931251,29
432.218994140625,1.4595364332199097,0.035271499305963516,1.992984652519226,0.4150683003514431,0.1738537637818933,29
433.3009948730469,1.4595364332199097,0.034732792526483536,1.992984652519226,0.4210083947364546,0.17792547869876402,29
434.38299560546875,1.45953369140625,0.03439881652593613,1.992984652519226,0.42125455745650187,0.17931396345632816,29
435.4649963378906,1.4595372676849365,0.03512127697467804,1.992984652519226,0.41393978333149606,0.17314464921317027,29
436.5469970703125,1.4595340490341187,0.03500448912382126,1.992984652519226,0.4178096436986944,0.17674932470549123,29
437.6289978027344,1.4595361948013306,0.03459194302558899,1.992984652519226,0.4193552465203679,0.18016341255413024,29
438.71099853515625,1.4595324993133545,0.03445934131741524,1.992984652519226,0.42179108254440956,0.1829201172333472,29
439.7929992675781,1.4595342874526978,0.03521789610385895,1.992984652519226,0.41805758071648574,0.17042280492747924,29
440.875,1.4595344066619873,0.034765422344207764,1.992984652519226,0.41968594822940875,0.1769318166941598,29
441.9570007324219,1.4595333337783813,0.034350160509347916,1.992984652519226,0.42569896539763125,0.1808316979880255,29
443.03900146484375,1.4595342874526978,0.03460855036973953,1.992984652519226,0.4237244070789977,0.17659573896602823,29
444.1210021972656,1.4598404169082642,0.03551599383354187,1.992984652519226,0.41391973045469566,0.16937120690565666,29
445.2030029296875,1.4595357179641724,0.03430257365107536,1.992984652519226,0.4223985918473267,0.17976448199672557,29
446.2850036621094,1.4595329761505127,0.03395092114806175,1.992984652519226,0.42443155406148164,0.18298313123110765,29
447.36700439453125,1.4595390558242798,0.034635964781045914,1.992984652519226,0.42225624186281274,0.18317100595952288,29
448.4490051269531,1.4598398208618164,0.03508790209889412,1.992984652519226,0.4178886788782527,0.1745735633671361,29
449.531005859375,1.459533452987671,0.033964335918426514,1.992984652519226,0.42591054236548964,0.18485521339152794,29
