t,Ewe,I,Freq,Re,Im
405.4700012207031,1.461012363433838,0.28067782521247864,20015.62109375,0.04034610135316612,0.0069960560366744955
405.77099609375,1.4596108198165894,0.23560640215873718,20015.62109375,0.04047691994077753,0.007215119694167817
406.0719909667969,1.4596196413040161,0.2060912549495697,20015.62109375,0.04032931427239204,0.00707177209932929
406.3730163574219,1.4596118927001953,0.18382960557937622,20015.62109375,0.04038334785418166,0.006831883129944562
406.67401123046875,1.4596108198165894,0.16689422726631165,20015.62109375,0.040494927684085524,0.006907648122959636
406.9750061035156,1.4596068859100342,0.15410764515399933,20015.62109375,0.04061225944322989,0.006905824353742814
407.2760009765625,1.459615707397461,0.14402855932712555,20015.62109375,0.040625670166324214,0.006910828608039605
407.5769958496094,1.4596117734909058,0.13517092168331146,20015.62109375,0.04063046643726339,0.006882712610053352
407.87799072265625,1.4596084356307983,0.12668703496456146,20015.62109375,0.040679072255871876,0.006980227575247749
408.17901611328125,1.4595959186553955,0.11920512467622757,20015.62109375,0.04076278096150464,0.0067102725421334585
408.4800109863281,1.4596030712127686,0.11276543885469437,20015.62109375,0.040833152953778935,0.006912575761843726
408.781005859375,1.4596190452575684,0.10726290941238403,20015.62109375,0.04080744468119087,0.006847164345051825
409.0820007324219,1.4596116542816162,0.10264796018600464,20015.62109375,0.04110082155345707,0.006972435260042879
409.38299560546875,1.4596095085144043,0.09850513190031052,20015.62109375,0.04098906602427029,0.0069396988404501194
409.6839904785156,1.4596056938171387,0.09468574821949005,20015.62109375,0.04085501084484809,0.006644124033118191
409.9850158691406,1.4596160650253296,0.0915478840470314,20015.62109375,0.04108679774194916,0.006609051518907512
410.2860107421875,1.4596195220947266,0.08883219957351685,20015.62109375,0.041090162293412294,0.006708936016685017
410.5870056152344,1.459609031677246,0.08666166663169861,20015.62109375,0.04093856828660271,0.006812614509664333
410.88800048828125,1.4596102237701416,0.08511900901794434,20015.62109375,0.040809124778220005,0.00700077453823583
411.1889953613281,1.459611177444458,0.08408720791339874,20015.62109375,0.04092615829532443,0.006595811206985718
411.489990234375,1.4596099853515625,0.08302187919616699,20015.62109375,0.040974245852058076,0.006862703257976423
411.791015625,1.4596174955368042,0.08164205402135849,20015.62109375,0.040721351103734246,0.0066254767045013955
412.0920104980469,1.4596116542816162,0.08019702136516571,20015.62109375,0.040706986235812384,0.0067392820780911985
412.39300537109375,1.4596182107925415,0.07880564779043198,20015.62109375,0.040870764941821104,0.0066208933273425065
412.6940002441406,1.459614634513855,0.07766206562519073,20015.62109375,0.04079537243663046,0.006762604115156683
412.9949951171875,1.4596102237701416,0.07663287967443466,20015.62109375,0.04070438986908713,0.006686295246790684
413.2959899902344,1.459609031677246,0.07591520249843597,20015.62109375,0.0408012305632449,0.006655744027261418
413.5970153808594,1.4595955610275269,0.07493520528078079,20015.62109375,0.04088703043195156,0.006905703600075974
413.89801025390625,1.4596078395843506,0.07428348809480667,20015.62109375,0.04077010275461478,0.006717947480364776
414.1990051269531,1.4596068859100342,0.0736410841345787,20015.62109375,0.040840549357000024,0.006850902010706554
414.5,1.4596123695373535,0.07332845032215118,20015.62109375,0.040964878612417994,0.006819943815974937
414.8009948730469,1.4596073627471924,0.07324572652578354,20015.62109375,0.04085286503874531,0.006717329076811235
415.10198974609375,1.459612250328064,0.07363549619913101,20015.62109375,0.04090192587942489,0.006643620438018795
415.40301513671875,1.4596177339553833,0.07394551485776901,20015.62109375,0.040857955419587935,0.006920346877422966
415.7040100097656,1.4596058130264282,0.07352817803621292,20015.62109375,0.04089544604379336,0.006759784499210368
416.0050048828125,1.459611177444458,0.07299868017435074,20015.62109375,0.04078463972871541,0.006615563541417852
416.3059997558594,1.4596068859100342,0.07246843725442886,20015.62109375,0.040846834147811664,0.006768978536828395
416.60699462890625,1.4596010446548462,0.07200861722230911,20015.62109375,0.04082068745231796,0.006635974770806644
416.9079895019531,1.4596091508865356,0.07171089202165604,20015.62109375,0.04075277832212026,0.006763050936205101
417.2090148925781,1.4596043825149536,0.07146980613470078,20015.62109375,0.04084507819365892,0.0069054390830207875
417.510009765625,1.4596043825149536,0.07096229493618011,20015.62109375,0.040962795850751764,0.006821677253172599
417.8110046386719,1.4596110582351685,0.07058817893266678,20015.62109375,0.040894356811992855,0.006704636485511341
418.11199951171875,1.4596025943756104,0.07022225856781006,20015.62109375,0.04077572385380663,0.006622608436511176
418.4129943847656,1.4596022367477417,0.07021704316139221,20015.62109375,0.04084971337500484,0.006583914484870565
418.7140197753906,1.4596083164215088,0.07029455155134201,20015.62109375,0.040847949894892564,0.00674370481128004
419.0150146484375,1.4596036672592163,0.07075772434473038,20015.62109375,0.04075267092374902,0.0065709902280599594
419.3160095214844,1.4596052169799805,0.07133714854717255,20015.62109375,0.04083417130786463,0.006574743583557045
419.61700439453125,1.4596127271652222,0.07144968211650848,20015.62109375,0.04070770124839761,0.006762639897263124
419.9179992675781,1.4596028327941895,0.0710606649518013,20015.62109375,0.04069775947751421,0.0069132579800331205
420.218994140625,1.4595973491668701,0.07064258307218552,20015.62109375,0.04070277080956154,0.006683619999239482
420.52001953125,1.4595930576324463,0.07024163752794266,20015.62109375,0.04079065467791226,0.006758079924119439
420.8210144042969,1.4595931768417358,0.07008513808250427,20015.62109375,0.04082401979226576,0.00672005362495572
421.12200927734375,1.4596025943756104,0.06970878690481186,20015.62109375,0.04070379026775935,0.0066841262514270175
421.4230041503906,1.4596009254455566,0.0695057064294815,20015.62109375,0.04073357338287779,0.0067975018894649766
421.7239990234375,1.4595943689346313,0.06925157457590103,20015.62109375,0.04087252523054028,0.006570013525676956
422.0249938964844,1.4596096277236938,0.06901905685663223,20015.62109375,0.04080596028901475,0.006654433132265935
422.3260192871094,1.4595975875854492,0.06876865774393082,20015.62109375,0.04058088972803334,0.006581153441586818
422.62701416015625,1.459602952003479,0.06903806328773499,20015.62109375,0.040717753897095546,0.006613940517111361
422.9280090332031,1.4595985412597656,0.06949229538440704,20015.62109375,0.04067709487487341,0.0067087384882888595
423.22900390625,1.4596004486083984,0.07006166130304337,20015.62109375,0.040784589365489426,0.006709093739357699
423.5299987792969,1.4596079587936401,0.07050545513629913,20015.62109375,0.04067759395731468,0.006554924550592858
423.83099365234375,1.4596024751663208,0.07015630602836609,20015.62109375,0.04070567658327329,0.006620129643063072
424.13201904296875,1.459607481956482,0.06984106451272964,20015.62109375,0.0407523010741723,0.006626882116045867
424.4330139160156,1.4596003293991089,0.06940248608589172,20015.62109375,0.040647993537831606,0.0067861031021658694
424.7340087890625,1.4595987796783447,0.06906340271234512,20015.62109375,0.04095339683261306,0.00671161900505417
425.0350036621094,1.4596045017242432,0.06885026395320892,20015.62109375,0.04070512159445217,0.006694909866283966
425.33599853515625,1.459607481956482,0.0686006024479866,20015.62109375,0.04075223316034864,0.006727735481872856
425.6369934082031,1.4595998525619507,0.06823580712080002,20015.62109375,0.04081834600730398,0.006903751243394897
425.9380187988281,1.459611177444458,0.06806067377328873,20015.62109375,0.040906811883341374,0.006546601297730893
426.239013671875,1.4596014022827148,0.0679418072104454,20015.62109375,0.04075544656887853,0.006612194441909706
426.5400085449219,1.4595954418182373,0.06807035952806473,20015.62109375,0.04072193199203781,0.0067505546690486895
426.84100341796875,1.459599256515503,0.068411685526371,20015.62109375,0.04073141930798211,0.006837617962233507
427.1419982910156,1.4596062898635864,0.06901495903730392,20015.62109375,0.040811052919066344,0.006720242715966947
427.4429931640625,1.4596012830734253,0.06957799941301346,20015.62109375,0.040707536443193824,0.0066343724010896445
427.7440185546875,1.4596003293991089,0.06944534182548523,20015.62109375,0.04072372628627855,0.006778061765545731
428.0450134277344,1.4595996141433716,0.06905632466077805,20015.62109375,0.04075820374157739,0.006877880990485079
428.34600830078125,1.4596117734909058,0.06873847544193268,20015.62109375,0.04076185751085204,0.006668039459215374
428.6470031738281,1.4596014022827148,0.06833529472351074,20015.62109375,0.04066924651367328,0.006643865070037832
428.947998046875,1.4596107006072998,0.06817767769098282,20015.62109375,0.040713339309829386,0.00676213644034306
429.2489929199219,1.4596055746078491,0.06790155917406082,20015.62109375,0.04050201314680568,0.006692971604906464
429.5500183105469,1.4596060514450073,0.06766606122255325,20015.62109375,0.04071468244675798,0.0067922080299775206
429.85101318359375,1.4596068859100342,0.06744249165058136,20015.62109375,0.040775461964935394,0.0068273623503715105
430.1520080566406,1.459607720375061,0.06715445220470428,20015.62109375,0.041105931473345445,0.0066528291854608505
430.4530029296875,1.4596065282821655,0.06716972589492798,20015.62109375,0.040818501567255736,0.006661293906247811
430.7539978027344,1.4596009254455566,0.06744025647640228,20015.62109375,0.04076764351509618,0.0067806747278369274
431.05499267578125,1.4596002101898193,0.0679134875535965,20015.62109375,0.04082752387899588,0.006712127589237165
431.35601806640625,1.4595974683761597,0.06860097497701645,20015.62109375,0.04074277405534711,0.00672753347854208
431.6570129394531,1.459594488143921,0.0686546340584755,20015.62109375,0.04087338144434676,0.006723488040333475
431.9580078125,1.459592342376709,0.0682767927646637,20015.62109375,0.04081936738736165,0.006540934155865888
432.2590026855469,1.4596061706542969,0.06790081411600113,20015.62109375,0.04082052410963117,0.006666215176520836
432.55999755859375,1.4596061706542969,0.06759712845087051,20015.62109375,0.04074587989324244,0.006693931180431595
432.8609924316406,1.4595993757247925,0.06741975992918015,20015.62109375,0.040957491403355646,0.006718356698856142
433.1620178222656,1.459595799446106,0.06707806140184402,20015.62109375,0.04091394883493248,0.006808687991567459
433.4630126953125,1.4595931768417358,0.06689026206731796,20015.62109375,0.04071607446921762,0.006575337234292753
433.7640075683594,1.459594488143921,0.06665774434804916,20015.62109375,0.04101463184956752,0.006793091775002995
434.06500244140625,1.4596012830734253,0.06641963869333267,20015.62109375,0.04089767818733372,0.006795536564148152
434.3659973144531,1.4595985412597656,0.06634660065174103,20015.62109375,0.040722482896938965,0.006597091458480506
434.6669921875,1.4595935344696045,0.06658508628606796,20015.62109375,0.040826552211506856,0.006538583707210018
434.968017578125,1.4595996141433716,0.06709706783294678,20015.62109375,0.040820445184650715,0.006635925397252807
435.2690124511719,1.4595969915390015,0.06785982847213745,20015.62109375,0.04081250227127143,0.006653951645598833
435.57000732421875,1.459598422050476,0.06812401860952377,20015.62109375,0.040668009380268405,0.0067792297154057385
435.8710021972656,1.4595961570739746,0.06786541640758514,20015.62109375,0.040891610003427316,0.006758857464900534
436.1719970703125,1.4596037864685059,0.0674968957901001,20015.62109375,0.0407051289931694,0.006671519769173018
436.4729919433594,1.4595972299575806,0.06721258163452148,20015.62109375,0.04086977021990389,0.006574051407618731
436.7740173339844,1.459600567817688,0.06701210886240005,20015.62109375,0.04070840387933366,0.006565082393153214
437.07501220703125,1.4596022367477417,0.06669463217258453,20015.62109375,0.040768018064962046,0.006737617995296653
437.3760070800781,1.4596041440963745,0.06656943261623383,20015.62109375,0.04078877697701014,0.006725433451890337
437.677001953125,1.4596009254455566,0.06632871925830841,20015.62109375,0.04093472535537649,0.006819006764095875
437.9779968261719,1.4596034288406372,0.06628437340259552,20015.62109375,0.04084251684527838,0.0065556030546532066
438.27899169921875,1.4595965147018433,0.06593410670757294,20015.62109375,0.04092944252009413,0.006782577838229854
438.58001708984375,1.4595922231674194,0.06616625189781189,20015.62109375,0.04065405204181166,0.0066822894829896735
438.8810119628906,1.4595955610275269,0.06673935055732727,20015.62109375,0.04076814706283187,0.006650761355853922
439.1820068359375,1.4595941305160522,0.06746223568916321,20015.62109375,0.04083849545106404,0.0067734541828187965
439.4830017089844,1.4595991373062134,0.06801744550466537,20015.62109375,0.04091825621037409,0.0065626996037292705
439.78399658203125,1.4595952033996582,0.06778343766927719,20015.62109375,0.04087425057801517,0.006600627743419187
440.0849914550781,1.4595927000045776,0.06757551431655884,20015.62109375,0.040796360687824273,0.006553178269269057
440.3860168457031,1.4595997333526611,0.06727182865142822,20015.62109375,0.04054676285492987,0.006700758788140896
440.68701171875,1.4595979452133179,0.06701024621725082,20015.62109375,0.040756182666103084,0.006584283359981182
440.9880065917969,1.459607720375061,0.06692416965961456,20015.62109375,0.04091459341302973,0.006621626650016895
441.28900146484375,1.4595991373062134,0.06678108125925064,20015.62109375,0.04083103601739065,0.006597030421032075
441.5899963378906,1.4595965147018433,0.06648670881986618,20015.62109375,0.04064285021587375,0.006668262837712951
441.8909912109375,1.4596019983291626,0.06631903350353241,20015.62109375,0.04077390524740216,0.006494859602292275
442.1920166015625,1.4595966339111328,0.06601720303297043,20015.62109375,0.04103748695705391,0.006507455155977496
442.4930114746094,1.4596003293991089,0.06604515016078949,20015.62109375,0.040723940629112,0.0066124939564379
442.79400634765625,1.4595996141433716,0.06636784225702286,20015.62109375,0.040848111838036744,0.006692024346975542
443.0950012207031,1.459594964981079,0.0670609250664711,20015.62109375,0.04078808032202934,0.006711246084693194
443.39599609375,1.4595872163772583,0.06764892488718033,20015.62109375,0.040744579680188374,0.006615969823875736
443.6969909667969,1.4596043825149536,0.06759340316057205,20015.62109375,0.040871665737976404,0.006561561167597472
443.9980163574219,1.4595937728881836,0.06724909693002701,20015.62109375,0.040565767946090334,0.006545795645497539
444.29901123046875,1.4595822095870972,0.06696068495512009,20015.62109375,0.04075314249905208,0.0066123441620701
444.6000061035156,1.4595961570739746,0.0667080506682396,20015.62109375,0.04081515653479348,0.0066686205785277215
444.9010009765625,1.4595930576324463,0.06662756204605103,20015.62109375,0.040758466438789505,0.0067593368861859696
445.2019958496094,1.4595998525619507,0.0663779079914093,20015.62109375,0.0407899255785167,0.006781877290295795
445.50299072265625,1.459582805633545,0.06619047373533249,20015.62109375,0.040916264837193544,0.0066937527114226845
445.80401611328125,1.459599494934082,0.06592777371406555,20015.62109375,0.040777847465379775,0.006644184685844922
446.1050109863281,1.4595946073532104,0.06584206968545914,20015.62109375,0.04053807403043783,0.006725329585813129
446.406005859375,1.4595963954925537,0.06591920554637909,20015.62109375,0.04078121245478127,0.006546720589946918
446.7070007324219,1.4595980644226074,0.06610962003469467,20015.62109375,0.04095172815054714,0.006661005390371088
447.00799560546875,1.4595950841903687,0.06671587377786636,20015.62109375,0.04081787769893099,0.0066053699678162514
447.30902099609375,1.4595941305160522,0.06735529750585556,20015.62109375,0.04082585176672843,0.006541880870941871
447.6100158691406,1.4595987796783447,0.06758930534124374,20015.62109375,0.04078588420813711,0.006633459226712783
447.9110107421875,1.4595962762832642,0.06713246554136276,20015.62109375,0.04087326867259743,0.006629152193393332
448.2120056152344,1.4596000909805298,0.0669688880443573,20015.62109375,0.04080041374495465,0.006588200061047974
448.51300048828125,1.4595942497253418,0.066683828830719,20015.62109375,0.040718980235718634,0.006795699016848364
448.8139953613281,1.4596025943756104,0.06635666638612747,20015.62109375,0.04088150279633,0.006688467330016653
449.1150207519531,1.4595885276794434,0.06617669016122818,20015.62109375,0.04077607294650167,0.006750225374554695
449.416015625,1.4595987796783447,0.06589386612176895,20015.62109375,0.04071154842424878,0.006765383604296456
449.7170104980469,1.4595953226089478,0.06568892300128937,20015.62109375,0.04075102576045943,0.0066040423902609365
450.01800537109375,1.4595969915390015,0.06561216711997986,20015.62109375,0.040803504249843296,0.00645962127093839
405.4700012207031,1.4610570669174194,0.2807944715023041,13460.9375,0.040171207750327696,0.0043510108426697254
405.77099609375,1.4596498012542725,0.23634830117225647,13460.9375,0.04001918192836764,0.004234061846320124
406.0719909667969,1.4599603414535522,0.20810939371585846,13460.9375,0.04012446793495402,0.004273602286267978
406.3730163574219,1.4596468210220337,0.1853707730770111,13460.9375,0.04013032099588823,0.004249086970444983
406.531005859375,1.4596490859985352,0.1760842502117157,13460.9375,0.04021036114582796,0.004156131889979766
406.6889953613281,1.459657073020935,0.16817158460617065,13460.9375,0.040280188613662324,0.004073420382023876
406.8470153808594,1.4596577882766724,0.16148820519447327,13460.9375,0.04020371700351265,0.004233738789640528
407.14801025390625,1.4596539735794067,0.150880366563797,13460.9375,0.04022802291078233,0.004059180287159002
407.3059997558594,1.459646463394165,0.14596322178840637,13460.9375,0.04034900303108995,0.004158478679444739
407.4639892578125,1.459945559501648,0.142449751496315,13460.9375,0.04013339570012698,0.004263715738248846
407.62200927734375,1.4596441984176636,0.13703367114067078,13460.9375,0.04025415433266327,0.0041081602282680724
407.7799987792969,1.4596401453018188,0.1330372840166092,13460.9375,0.0401222135190513,0.004236567028891785
407.9380187988281,1.4596463441848755,0.12938706576824188,13460.9375,0.040487692711583624,0.003974905305098528
408.09600830078125,1.459647536277771,0.12591645121574402,13460.9375,0.040337041234723495,0.004421932687528502
408.2539978027344,1.45964777469635,0.12263773381710052,13460.9375,0.04036202977106387,0.003953584979167827
408.4120178222656,1.4596405029296875,0.1195848286151886,13460.9375,0.04057510985300558,0.004126379666636918
408.57000732421875,1.45964777469635,0.11696378886699677,13460.9375,0.04043554285241332,0.003920358488558579
408.7279968261719,1.4599579572677612,0.115623839199543,13460.9375,0.04073327446910416,0.004064111139829125
408.8860168457031,1.4596422910690308,0.11208763718605042,13460.9375,0.04059379596360145,0.004016562985093671
409.04400634765625,1.4596396684646606,0.11013210564851761,13460.9375,0.0405287101144897,0.003908914611942236
409.2019958496094,1.4599452018737793,0.10924302786588669,13460.9375,0.04051849234227851,0.003968535477221276
409.3600158691406,1.4596444368362427,0.10627396404743195,13460.9375,0.040565354340714024,0.00392865358663837
409.51800537109375,1.4596397876739502,0.1046128049492836,13460.9375,0.040742855917912525,0.003981390152343328
409.6759948730469,1.459653377532959,0.10301164537668228,13460.9375,0.040793466004144886,0.003837024523555168
409.8340148925781,1.4596469402313232,0.10155617445707321,13460.9375,0.04050191308076709,0.0038875596726551756
409.99200439453125,1.4596432447433472,0.10025981813669205,13460.9375,0.040601574669157516,0.0038925585257838166
410.1499938964844,1.45964777469635,0.09910356253385544,13460.9375,0.04045282850314931,0.003986584940629335
410.3080139160156,1.4596353769302368,0.09811723232269287,13460.9375,0.0407232267439496,0.0039504028177599375
410.46600341796875,1.4596434831619263,0.0974126011133194,13460.9375,0.0405310865901229,0.004151695725882936
410.6239929199219,1.4596370458602905,0.09675604104995728,13460.9375,0.04071183452071494,0.003942176047920609
410.7820129394531,1.4596482515335083,0.09631709009408951,13460.9375,0.040534713187654406,0.0038833151303707754
410.94000244140625,1.4599437713623047,0.09713723510503769,13460.9375,0.040462265868868544,0.003929171814469699
411.0979919433594,1.4596445560455322,0.09555581957101822,13460.9375,0.04067247511159174,0.003977194930443524
411.2560119628906,1.4596470594406128,0.09500955045223236,13460.9375,0.040420238741814704,0.0038192639415779587
411.41400146484375,1.4596418142318726,0.09429672360420227,13460.9375,0.04059131632793877,0.0038015207028119394
411.5719909667969,1.459944486618042,0.09452550858259201,13460.9375,0.04050886893804099,0.0037014668074617264
411.7300109863281,1.4596408605575562,0.09288187325000763,13460.9375,0.04035673070133082,0.003930982052019706
411.88800048828125,1.4596394300460815,0.09237733483314514,13460.9375,0.04043724286202782,0.0038893595067296576
412.0459899902344,1.4596458673477173,0.09173604846000671,13460.9375,0.040370007470518075,0.003932625073527636
412.2040100097656,1.4599446058273315,0.09223946928977966,13460.9375,0.04047690426364265,0.004002139427881187
412.36199951171875,1.4596449136734009,0.09070798754692078,13460.9375,0.040481258409851145,0.004016572751382167
412.52001953125,1.4596389532089233,0.09030517935752869,13460.9375,0.04045946366383964,0.003872387390042189
412.6780090332031,1.459646463394165,0.08996273577213287,13460.9375,0.04049298371640667,0.004087694604352481
412.83599853515625,1.4596426486968994,0.08968997746706009,13460.9375,0.040658629027111044,0.003787544489327501
412.9940185546875,1.4596439599990845,0.08926443755626678,13460.9375,0.0407093780051429,0.0038581986411521624
413.1520080566406,1.4596327543258667,0.08900882303714752,13460.9375,0.0406148708410358,0.00394966784589994
413.30999755859375,1.4596389532089233,0.08870438486337662,13460.9375,0.04039963239082291,0.003866242950345548
413.468017578125,1.459643840789795,0.08850540220737457,13460.9375,0.04075478550043637,0.0038432871589263724
413.6260070800781,1.4596456289291382,0.08833437412977219,13460.9375,0.0407337403328864,0.003940422716515449
413.78399658203125,1.459633231163025,0.0881059542298317,13460.9375,0.04050655669293694,0.003973723655513652
413.9420166015625,1.4596432447433472,0.08785852789878845,13460.9375,0.04055450117205035,0.003858661838235619
414.1000061035156,1.459633469581604,0.08777506649494171,13460.9375,0.040617174290948035,0.003836206632553683
414.25799560546875,1.4596350193023682,0.08780188858509064,13460.9375,0.040556748424057674,0.003855782705449243
414.416015625,1.4596428871154785,0.08789952099323273,13460.9375,0.04057900632237536,0.003915493956732561
414.5740051269531,1.4596383571624756,0.0879937931895256,13460.9375,0.040539769471726585,0.0039009577635962037
414.73199462890625,1.4596349000930786,0.08822482079267502,13460.9375,0.04064240518670709,0.0039757903830896545
414.8900146484375,1.459635853767395,0.08843646943569183,13460.9375,0.04054398479237999,0.0038941197195838536
415.0480041503906,1.4599485397338867,0.08982374519109726,13460.9375,0.04029445692723848,0.003941100548833626
415.20599365234375,1.459639072418213,0.08884374797344208,13460.9375,0.0404430178028463,0.0037620224895782775
415.364013671875,1.4596399068832397,0.08878487348556519,13460.9375,0.0404683236580785,0.003787529828531478
415.5220031738281,1.4596360921859741,0.08852478116750717,13460.9375,0.04052044715563905,0.004025207397611494
415.67999267578125,1.459637999534607,0.08831946551799774,13460.9375,0.0404572462006276,0.003828387050953307
415.8380126953125,1.4596374034881592,0.0880906730890274,13460.9375,0.0403709306433859,0.0038690328656965653
415.9960021972656,1.4596410989761353,0.08806832134723663,13460.9375,0.04047399002857001,0.0039001210311029747
416.15399169921875,1.459636926651001,0.08771469444036484,13460.9375,0.040493721867333,0.003780869281782665
416.31201171875,1.4596340656280518,0.08762787282466888,13460.9375,0.040619647873236395,0.003950794421082511
416.4700012207031,1.4596340656280518,0.0874512568116188,13460.9375,0.04078592946908023,0.0038113269194835144
416.62799072265625,1.45963454246521,0.08731710910797119,13460.9375,0.040573314201308885,0.003892533796901025
416.7860107421875,1.459628939628601,0.08721351623535156,13460.9375,0.04054450978394633,0.003852648875967605
416.9440002441406,1.4596301317214966,0.08697541058063507,13460.9375,0.04071004971178661,0.003759515162864099
417.10198974609375,1.4596364498138428,0.08685281872749329,13460.9375,0.0405236889704265,0.003954508333510359
417.260009765625,1.4596315622329712,0.08680997043848038,13460.9375,0.040620570043166083,0.004089622005549929
417.4179992675781,1.4596459865570068,0.08664973825216293,13460.9375,0.04062896909687511,0.0036518118998522205
417.5760192871094,1.4596439599990845,0.0865073949098587,13460.9375,0.04042057964291036,0.0037971384393618774
417.7340087890625,1.4596362113952637,0.0863095372915268,13460.9375,0.04061182294307337,0.003783178481252776
417.8919982910156,1.459628701210022,0.08631400763988495,13460.9375,0.040750840690058236,0.0038454686301606015
418.0500183105469,1.45964515209198,0.08639262616634369,13460.9375,0.040508090827418464,0.0037789960392628037
418.2080078125,1.4596349000930786,0.08642616868019104,13460.9375,0.04084319438945195,0.0038665235302108936
418.3659973144531,1.4596409797668457,0.08657931536436081,13460.9375,0.04048440831127977,0.003961352857800343
418.5240173339844,1.4596383571624756,0.08687666803598404,13460.9375,0.04047661987479356,0.003823481370367215
418.6820068359375,1.4596400260925293,0.08702534437179565,13460.9375,0.04056137468996074,0.004083706259175337
418.8399963378906,1.4596308469772339,0.08725935220718384,13460.9375,0.040493394454577995,0.003726555475114618
418.9980163574219,1.4596326351165771,0.0877418965101242,13460.9375,0.04055610357928538,0.004040897125575735
419.156005859375,1.4596325159072876,0.08806794881820679,13460.9375,0.04026999453571365,0.003632845456532861
419.3139953613281,1.4596290588378906,0.08800609409809113,13460.9375,0.040493938047806814,0.003840576241854936
419.4720153808594,1.459634780883789,0.08776798099279404,13460.9375,0.040665033151890004,0.0036733873299339675
419.6300048828125,1.4596396684646606,0.08768637478351593,13460.9375,0.04048969554486492,0.0038965047355387166
419.7879943847656,1.4596325159072876,0.08743076026439667,13460.9375,0.04049242735318726,0.004007800373386805
419.9460144042969,1.4596333503723145,0.08732940256595612,13460.9375,0.040610063542115694,0.003999013024808558
420.10400390625,1.4596351385116577,0.08721314370632172,13460.9375,0.040655907374787144,0.003857429440713869
420.2619934082031,1.4596320390701294,0.08703093230724335,13460.9375,0.0404850280351779,0.003917249849976673
420.4200134277344,1.4596421718597412,0.08687666803598404,13460.9375,0.040527560375084794,0.004031322380444027
420.5780029296875,1.4596318006515503,0.08678090572357178,13460.9375,0.040585557270386756,0.003852228915485199
420.7359924316406,1.4596327543258667,0.08674848824739456,13460.9375,0.040519569546281324,0.003847500868745187
420.8940124511719,1.459633231163025,0.08660875260829926,13460.9375,0.04056476189146541,0.003711040508696412
421.052001953125,1.4596490859985352,0.0865170881152153,13460.9375,0.04028748679951515,0.0038302902665300984
421.2099914550781,1.4596457481384277,0.08631773293018341,13460.9375,0.04080333892226835,0.0037682627404774073
421.3680114746094,1.4596350193023682,0.08609117567539215,13460.9375,0.04056580380057805,0.0037806655825750432
421.5260009765625,1.459634780883789,0.08600211888551712,13460.9375,0.040503222204377846,0.0038536512236787977
421.6839904785156,1.459636926651001,0.0860326737165451,13460.9375,0.04073039384544412,0.0036755049413193497
421.8420104980469,1.4596344232559204,0.08589927852153778,13460.9375,0.04057164423471964,0.004030915938891921
422.0,1.459637999534607,0.08590710163116455,13460.9375,0.04048617525413067,0.0039590261544101245
422.15802001953125,1.4596370458602905,0.08589033037424088,13460.9375,0.040556924805453656,0.0038995198240239456
422.3160095214844,1.459633469581604,0.08608148992061615,13460.9375,0.04040457067175848,0.0036759922786108916
422.4739990234375,1.4596397876739502,0.08614073693752289,13460.9375,0.040610698540175814,0.003930279273262132
422.63201904296875,1.459624171257019,0.0863959863781929,13460.9375,0.04049952317321896,0.003933238119356711
422.7900085449219,1.4596377611160278,0.08675482124090195,13460.9375,0.040916903229025164,0.0038571285172756442
422.947998046875,1.4596360921859741,0.08717439323663712,13460.9375,0.040712966126395134,0.0037684728487713546
423.10601806640625,1.4596349000930786,0.08748665452003479,13460.9375,0.040563941339945536,0.0036893459918373728
423.2640075683594,1.459646463394165,0.08762340247631073,13460.9375,0.040607776524717476,0.003850992071308941
423.4219970703125,1.4596437215805054,0.08730407059192657,13460.9375,0.04059804833234552,0.0037067411621560303
423.58001708984375,1.4599474668502808,0.08829375356435776,13460.9375,0.0405906204475382,0.003841563325550831
423.7380065917969,1.4596389532089233,0.08694075793027878,13460.9375,0.040470273903534346,0.003931814641107545
423.89599609375,1.459641456604004,0.08678239583969116,13460.9375,0.04061377796862345,0.0039735239632897245
424.05401611328125,1.4596360921859741,0.08675035089254379,13460.9375,0.04055291361531271,0.0037643848779160658
424.2120056152344,1.4596387147903442,0.08648504316806793,13460.9375,0.04052238545891099,0.0038384343618716086
424.3699951171875,1.4596385955810547,0.0864202007651329,13460.9375,0.04063910643087766,0.003719964763387225
424.52801513671875,1.459640622138977,0.08632741868495941,13460.9375,0.04044712432186196,0.003791119841170785
424.6860046386719,1.4596343040466309,0.08614073693752289,13460.9375,0.04061900509624545,0.00378255658536448
424.843994140625,1.4596267938613892,0.08612508326768875,13460.9375,0.04047134781456171,0.0039045361909734663
425.00201416015625,1.4596344232559204,0.08602894842624664,13460.9375,0.040647839457064086,0.0036876671625058984
425.1600036621094,1.4596387147903442,0.08593542128801346,13460.9375,0.04060693171515131,0.003521693150447152
425.3179931640625,1.4596359729766846,0.08580611646175385,13460.9375,0.04049038548270381,0.003845567422956276
425.47601318359375,1.4596318006515503,0.08546144515275955,13460.9375,0.040807476787191724,0.0038918683060353864
425.6340026855469,1.4596413373947144,0.0855482667684555,13460.9375,0.04055852794793441,0.004184425724330449
425.7919921875,1.4596307277679443,0.08544392883777618,13460.9375,0.040534306284318575,0.0039052129151222357
425.95001220703125,1.4596354961395264,0.08548454940319061,13460.9375,0.04032923531263369,0.003665856621765596
426.1080017089844,1.45963454246521,0.08532766997814178,13460.9375,0.040626546696778336,0.0037644900574929636
426.2659912109375,1.4596325159072876,0.08556056022644043,13460.9375,0.040705913084336055,0.0038237764271945034
426.42401123046875,1.459637999534607,0.08567458391189575,13460.9375,0.04057952437161141,0.0037351160978842095
426.5820007324219,1.4596275091171265,0.08594957739114761,13460.9375,0.04052040981236027,0.003764641693457431
426.739990234375,1.45963454246521,0.0861440896987915,13460.9375,0.04083945547038904,0.0037555824389336584
426.89801025390625,1.459624171257019,0.08659011870622635,13460.9375,0.04073523182772017,0.003712570622895798
427.0559997558594,1.4596331119537354,0.08695715665817261,13460.9375,0.04057977456297143,0.003774768043995131
427.2140197753906,1.4596258401870728,0.08715762943029404,13460.9375,0.040683396105144605,0.003803050469115731
427.37200927734375,1.4596350193023682,0.08704360574483871,13460.9375,0.04049383276712648,0.003738014292170916
427.5299987792969,1.4596256017684937,0.08693330734968185,13460.9375,0.040525321231435055,0.004071507372797737
427.6880187988281,1.4596328735351562,0.08674923330545425,13460.9375,0.04056736029316652,0.0037799984577027096
427.84600830078125,1.4596354961395264,0.08669259399175644,13460.9375,0.04056794120017798,0.003716198215976145
428.0039978027344,1.4596374034881592,0.08651187270879745,13460.9375,0.04041400281590328,0.0038596838116977832
428.1620178222656,1.4596408605575562,0.08628308027982712,13460.9375,0.0406189959613993,0.0037824385150801356
428.32000732421875,1.4596360921859741,0.08622681349515915,13460.9375,0.040621080794665296,0.00400122004444667
428.4779968261719,1.4596266746520996,0.08610086143016815,13460.9375,0.04039192895236221,0.00384156583507515
428.6360168457031,1.459634780883789,0.08610943704843521,13460.9375,0.040345862631329464,0.003656835495017555
428.79400634765625,1.4596350193023682,0.08591865003108978,13460.9375,0.04054490443883307,0.00396807015141891
428.9519958496094,1.4596278667449951,0.08577705174684525,13460.9375,0.04056487861789665,0.003923023647572317
429.1100158691406,1.4596339464187622,0.08580350875854492,13460.9375,0.040603813572281135,0.003533244283896453
429.26800537109375,1.4596359729766846,0.08575768023729324,13460.9375,0.04048778559451342,0.0038892918798508957
429.4259948730469,1.4596433639526367,0.08553894609212875,13460.9375,0.04073392925462777,0.0036687257492737835
429.5840148925781,1.459640622138977,0.08542007952928543,13460.9375,0.04070337669258658,0.003709386055915764
429.74200439453125,1.4596264362335205,0.08536717295646667,13460.9375,0.040514988854623665,0.00380804153914013
429.8999938964844,1.4596327543258667,0.08530121296644211,13460.9375,0.0406479933218535,0.0037884208198480087
430.0580139160156,1.459636926651001,0.08520954847335815,13460.9375,0.040440658102392155,0.003840436573400526
430.21600341796875,1.459633231163025,0.08535859733819962,13460.9375,0.04059862541855388,0.0037111127635015206
430.3739929199219,1.4596351385116577,0.08538691699504852,13460.9375,0.040628211253529674,0.0037579277373726108
430.5320129394531,1.4596341848373413,0.08571519702672958,13460.9375,0.040622223637650584,0.003879012570403738
430.69000244140625,1.459634780883789,0.08599913865327835,13460.9375,0.040647379012384834,0.003724164017945465
430.8479919433594,1.4596365690231323,0.08643734455108643,13460.9375,0.04068640716898926,0.0038779712394521283
431.0060119628906,1.459637999534607,0.08686921745538712,13460.9375,0.04042415731314888,0.004021005127633474
431.16400146484375,1.4596290588378906,0.08697056770324707,13460.9375,0.04067689517491482,0.0037643344368385053
431.3219909667969,1.459627628326416,0.086978018283844,13460.9375,0.040564284288644094,0.003875666078333467
431.4800109863281,1.4596294164657593,0.0868900790810585,13460.9375,0.04052699877489808,0.0036116600808847195
431.63800048828125,1.4596221446990967,0.08674028515815735,13460.9375,0.040600624046620064,0.0037333950610710103
431.7960205078125,1.45961594581604,0.08661732077598572,13460.9375,0.040582157988303426,0.003785054221587121
431.9540100097656,1.4599367380142212,0.08756713569164276,13460.9375,0.04059214114866609,0.0037552100005306187
432.11199951171875,1.4596290588378906,0.08633599430322647,13460.9375,0.04066150197946838,0.0038015416792942847
432.27001953125,1.4596352577209473,0.0859752893447876,13460.9375,0.04059717800056734,0.00391612755744335
432.4280090332031,1.45994234085083,0.086968332529068,13460.9375,0.04060122653891737,0.0038599526920744458
432.58599853515625,1.4596248865127563,0.0858970433473587,13460.9375,0.04069508366754494,0.0039015625970955678
432.7440185546875,1.4596288204193115,0.08579158782958984,13460.9375,0.04056418841240073,0.0038355196719452914
432.9020080566406,1.4596328735351562,0.08569582551717758,13460.9375,0.04055112767837125,0.003781382317695336
433.05999755859375,1.4596291780471802,0.08552851527929306,13460.9375,0.04073090344354282,0.0038807767613957722
433.218017578125,1.4596246480941772,0.08550168573856354,13460.9375,0.04052134546797684,0.003831039800130235
433.3760070800781,1.4596372842788696,0.08531053364276886,13460.9375,0.0404336870025687,0.0037400530013890427
433.53399658203125,1.459643006324768,0.08521811664104462,13460.9375,0.04050342883951229,0.003718487987020394
433.6920166015625,1.4596295356750488,0.08511713892221451,13460.9375,0.04059002593215089,0.003698377992662979
433.8500061035156,1.4596468210220337,0.0851130411028862,13460.9375,0.04039432693165076,0.003723446785093134
434.00799560546875,1.4596256017684937,0.08495952188968658,13460.9375,0.04052039023161954,0.0039852834472796856
434.166015625,1.4596284627914429,0.08511415868997574,13460.9375,0.040668314587265816,0.0037853708867773336
434.3240051269531,1.4596388339996338,0.0851655825972557,13460.9375,0.040528757011828405,0.003876318377338358
434.48199462890625,1.459937572479248,0.08637772500514984,13460.9375,0.04055027549448749,0.0038189293318435197
434.6400146484375,1.45963454246521,0.08566005527973175,13460.9375,0.04070440292055396,0.0038521011719115246
434.7980041503906,1.4596328735351562,0.08583854138851166,13460.9375,0.04058742535322373,0.003758882573779497
434.95599365234375,1.4596258401870728,0.08626295626163483,13460.9375,0.04050553756821855,0.003796965131160504
435.114013671875,1.459633231163025,0.08658341318368912,13460.9375,0.04059722640082233,0.003868857904474845
435.2720031738281,1.459640622138977,0.08668812364339828,13460.9375,0.04069992455619221,0.003931221069959214
435.42999267578125,1.4596432447433472,0.08660539984703064,13460.9375,0.04055121540690489,0.003673366992477541
435.5880126953125,1.4596402645111084,0.08642542362213135,13460.9375,0.04046464602141158,0.0038538031015752355
435.7460021972656,1.4596368074417114,0.08618097752332687,13460.9375,0.04051289282355553,0.0036121304868390607
435.90399169921875,1.4596365690231323,0.08616719394922256,13460.9375,0.04060887346816096,0.003820511569927027
436.06201171875,1.4596426486968994,0.08582624047994614,13460.9375,0.0404149616767857,0.0038269462887515616
436.2200012207031,1.4596279859542847,0.0857573077082634,13460.9375,0.0406926175980215,0.0038381195166873653
436.37799072265625,1.4596364498138428,0.085776686668396,13460.9375,0.04047564285277959,0.0038277314919943854
436.5360107421875,1.459641695022583,0.0856265127658844,13460.9375,0.04073535658788435,0.003784406103310939
436.6940002441406,1.4596304893493652,0.08536642044782639,13460.9375,0.040360806655904184,0.003584104488615749
436.8520202636719,1.4596308469772339,0.08532021939754486,13460.9375,0.04059463367031046,0.0037980871499205433
437.010009765625,1.4596271514892578,0.08528817445039749,13460.9375,0.040399441870003716,0.003695394871349753
437.1679992675781,1.4596312046051025,0.08521924167871475,13460.9375,0.040501880192115806,0.0036588606985557977
437.3260192871094,1.4596247673034668,0.08511900156736374,13460.9375,0.04048683778102072,0.003861535666720883
437.4840087890625,1.4596261978149414,0.08491331338882446,13460.9375,0.040773645968024415,0.0038970132552573807
437.6419982910156,1.4596445560455322,0.0848417729139328,13460.9375,0.04052800188708092,0.0035881114189464662
437.8000183105469,1.459636926651001,0.08484140038490295,13460.9375,0.04060809012649253,0.0038870081753751007
437.9580078125,1.4596302509307861,0.0847262591123581,13460.9375,0.040589892860435905,0.0037551386525940303
438.1159973144531,1.459635615348816,0.084764264523983,13460.9375,0.040573468488754164,0.00392837512650881
438.2740173339844,1.4596343040466309,0.08477208763360977,13460.9375,0.04076356086972165,0.003761060587799908
438.4320068359375,1.459633231163025,0.0850355327129364,13460.9375,0.040612743140811945,0.003847237627873662
438.5899963378906,1.4596344232559204,0.08530270308256149,13460.9375,0.04059481825368267,0.0037939989980829095
438.7480163574219,1.4596331119537354,0.0855586975812912,13460.9375,0.04061363250875178,0.004051929528185675
438.906005859375,1.4596257209777832,0.0858154371380806,13460.9375,0.040266913767498844,0.0035868442225970463
439.0639953613281,1.4596322774887085,0.0862756296992302,13460.9375,0.04051402529790653,0.0037959873335882857
439.2220153808594,1.4596319198608398,0.08641312271356583,13460.9375,0.0404932085614675,0.0037216143903783076
439.3800048828125,1.4596346616744995,0.08633002638816833,13460.9375,0.04078361676808376,0.003832482379642264
405.3269958496094,1.4610815048217773,0.32702401280403137,9054.6865234375,0.039768820139646326,0.001854749561066202
405.4850158691406,1.4596325159072876,0.2747281491756439,9054.6865234375,0.039722987753074944,0.00193302108155667
405.64300537109375,1.4596292972564697,0.2516579031944275,9054.6865234375,0.0398461490296123,0.0017181904896152757
405.8009948730469,1.4596315622329712,0.23289184272289276,9054.6865234375,0.0398170998110123,0.0017757563631246292
405.9590148925781,1.459637999534607,0.21714216470718384,9054.6865234375,0.03975982747756843,0.001867122236254323
406.11700439453125,1.459626317024231,0.2037917971611023,9054.6865234375,0.03968753225986475,0.0015820452924181158
406.2749938964844,1.4596432447433472,0.19210371375083923,9054.6865234375,0.03980724849467235,0.0016532292106942507
406.4330139160156,1.4596296548843384,0.18216994404792786,9054.6865234375,0.039939300337925934,0.0015609896843957756
406.59100341796875,1.4596272706985474,0.17361636459827423,9054.6865234375,0.039953743638861026,0.0015147684547537333
406.7489929199219,1.4596344232559204,0.16602714359760284,9054.6865234375,0.039942737061363656,0.0015016912390134042
406.9070129394531,1.459634780883789,0.1592237800359726,9054.6865234375,0.03992425590778084,0.0014724460428688759
407.06500244140625,1.459629774093628,0.1530650556087494,9054.6865234375,0.03987402882756579,0.0014858871375520012
407.2229919433594,1.459622859954834,0.1477041095495224,9054.6865234375,0.03988300764720961,0.0015058619229809129
407.3810119628906,1.4596245288848877,0.1431141346693039,9054.6865234375,0.03998161503245295,0.0014459310495271605
407.53900146484375,1.4596246480941772,0.13872389495372772,9054.6865234375,0.04001812152574806,0.0015760628023930845
407.6969909667969,1.4596377611160278,0.13472115993499756,9054.6865234375,0.04014768861109439,0.001453958213280323
407.8550109863281,1.4596261978149414,0.1307467669248581,9054.6865234375,0.04015178687483254,0.0014674893331547347
408.01300048828125,1.4596302509307861,0.12709245085716248,9054.6865234375,0.0400896591154355,0.0013139756793952792
408.1709899902344,1.4596188068389893,0.12376603484153748,9054.6865234375,0.040185718926645936,0.0013152034708783066
408.3290100097656,1.4596222639083862,0.1206158772110939,9054.6865234375,0.04024811609927203,0.0013070175213917479
408.48699951171875,1.4596247673034668,0.1177682876586914,9054.6865234375,0.040272373277936264,0.001367526326062498
408.6449890136719,1.4596283435821533,0.1150432899594307,9054.6865234375,0.040274477301947824,0.0014140773000262173
408.8030090332031,1.4596318006515503,0.11273972690105438,9054.6865234375,0.040292329468930944,0.00138198603923021
408.96099853515625,1.4596282243728638,0.11051516979932785,9054.6865234375,0.040502570290361056,0.0012942461753815864
409.1190185546875,1.4596233367919922,0.1085778996348381,9054.6865234375,0.040474107455279476,0.0012009826455212274
409.2770080566406,1.45962393283844,0.10675278306007385,9054.6865234375,0.040466376230696106,0.0013915875693477492
409.43499755859375,1.459626317024231,0.10514379292726517,9054.6865234375,0.04052931840863688,0.0012753009690964713
409.593017578125,1.4596267938613892,0.10349978506565094,9054.6865234375,0.040408194327318625,0.0013144051452557038
409.7510070800781,1.4596364498138428,0.10221609473228455,9054.6865234375,0.04047918670487604,0.0013113645308039353
409.90899658203125,1.4596307277679443,0.10099276900291443,9054.6865234375,0.040526414156797516,0.0012437769388737952
410.0670166015625,1.4596271514892578,0.10004369914531708,9054.6865234375,0.04056777536142618,0.0012835012773169043
410.2250061035156,1.4596315622329712,0.0991017073392868,9054.6865234375,0.04049753374147921,0.0012405372922001403
410.38299560546875,1.4596258401870728,0.09841272234916687,9054.6865234375,0.04048210176890588,0.0012708685720616462
410.541015625,1.4596264362335205,0.09770511090755463,9054.6865234375,0.040447894974543666,0.0013367878882726274
410.6990051269531,1.4596326351165771,0.09714766591787338,9054.6865234375,0.04029539603698101,0.001340382174849602
410.85699462890625,1.4596316814422607,0.09621834754943848,9054.6865234375,0.040428905580082525,0.0011696721045537793
411.0150146484375,1.4596179723739624,0.09537472575902939,9054.6865234375,0.04052894009464147,0.0012703047655002533
411.1730041503906,1.4596304893493652,0.09445285052061081,9054.6865234375,0.040476574692519134,0.0012144673209213254
411.33099365234375,1.4596294164657593,0.09367481619119644,9054.6865234375,0.04048389085088932,0.0011717749056042027
411.489013671875,1.4596283435821533,0.0931367501616478,9054.6865234375,0.040560876869516066,0.0013012060628311982
411.6470031738281,1.4596186876296997,0.09249360114336014,9054.6865234375,0.04048225788530956,0.0012495128349301447
411.80499267578125,1.45962393283844,0.09174797683954239,9054.6865234375,0.04057970926740458,0.0012120372822931624
411.9630126953125,1.4596275091171265,0.09135039150714874,9054.6865234375,0.040337805319857666,0.0012623916642172854
412.1210021972656,1.4596301317214966,0.09077282249927521,9054.6865234375,0.04047859188085211,0.00127009182046281
412.27899169921875,1.4596233367919922,0.09020829945802689,9054.6865234375,0.04035102005727405,0.0011515969230416743
412.43701171875,1.4596272706985474,0.08985095471143723,9054.6865234375,0.04043386266124191,0.001267105812469511
412.5950012207031,1.459628701210022,0.08944032341241837,9054.6865234375,0.04032862981998387,0.0011383062880662214
412.75299072265625,1.4596269130706787,0.08908409625291824,9054.6865234375,0.04050964615175526,0.0011585737897251704
412.9110107421875,1.45962393283844,0.08873345702886581,9054.6865234375,0.04041161479678115,0.001228112058413888
413.0690002441406,1.4596190452575684,0.08831574022769928,9054.6865234375,0.04048626599978543,0.0011332837605527715
413.22698974609375,1.4596302509307861,0.08810967952013016,9054.6865234375,0.04045946811586995,0.001135835262620708
413.385009765625,1.4596210718154907,0.08781418949365616,9054.6865234375,0.040431610810756295,0.001114249229033771
413.5429992675781,1.4596295356750488,0.08760067820549011,9054.6865234375,0.04037017955523482,0.0012063672869895203
413.7010192871094,1.4596316814422607,0.08734840899705887,9054.6865234375,0.04042440019379016,0.001256872541599118
413.8590087890625,1.4596142768859863,0.08729065209627151,9054.6865234375,0.040465524965678124,0.0011580294600315255
414.0169982910156,1.4596203565597534,0.08742740750312805,9054.6865234375,0.04021700642482106,0.0012085554205299586
414.1750183105469,1.4596306085586548,0.08748441934585571,9054.6865234375,0.04041880512138833,0.0012615504907840017
414.3330078125,1.4596240520477295,0.08776314556598663,9054.6865234375,0.04048108104956196,0.0012595078760627959
414.4909973144531,1.4596326351165771,0.0880187600851059,9054.6865234375,0.04034361886437548,0.001330436005091648
414.6490173339844,1.459622859954834,0.08821774274110794,9054.6865234375,0.040280678131462945,0.00117798470423465
414.8070068359375,1.4596296548843384,0.08830754458904266,9054.6865234375,0.04034012249211261,0.0011669157648314765
414.9649963378906,1.4596291780471802,0.08794349431991577,9054.6865234375,0.04037630624875376,0.0011498931462073554
415.1230163574219,1.4596315622329712,0.08784995973110199,9054.6865234375,0.04045667130115001,0.0012112514102369095
415.281005859375,1.4596166610717773,0.08755111694335938,9054.6865234375,0.04046675459925781,0.0013250314515087075
415.4389953613281,1.4596272706985474,0.08742740750312805,9054.6865234375,0.04039436762396726,0.0011530075348695442
415.5970153808594,1.4596340656280518,0.0871371328830719,9054.6865234375,0.04037927240051975,0.0012027696541123882
415.7550048828125,1.4596350193023682,0.08698063343763351,9054.6865234375,0.04041144930635025,0.0012553993732810468
415.9129943847656,1.4596350193023682,0.08687927573919296,9054.6865234375,0.04059992230249174,0.001257155885640097
416.0710144042969,1.4596316814422607,0.08670227974653244,9054.6865234375,0.04048275080578721,0.0010982046743768306
416.22900390625,1.4596306085586548,0.08658378571271896,9054.6865234375,0.0404638316495541,0.0011955384402035636
416.3869934082031,1.4596315622329712,0.08650218695402145,9054.6865234375,0.04042793275242889,0.0011969450485386818
416.5450134277344,1.4596223831176758,0.08637586236000061,9054.6865234375,0.04042867355856095,0.001185737429056767
416.7030029296875,1.4596209526062012,0.08626706153154373,9054.6865234375,0.04036003517655926,0.0011189502304932194
416.8609924316406,1.4596221446990967,0.08613663911819458,9054.6865234375,0.04036150356103783,0.001184583712892039
417.0190124511719,1.4596246480941772,0.086062490940094,9054.6865234375,0.040443079551072354,0.0011552785416419056
417.177001953125,1.459623098373413,0.0859026312828064,9054.6865234375,0.04055410259114642,0.001036876599761381
417.3349914550781,1.4596202373504639,0.08593244105577469,9054.6865234375,0.04041297973282635,0.0010866745317267175
417.4930114746094,1.4596242904663086,0.08575917035341263,9054.6865234375,0.040496428755564334,0.0011848450157936007
417.6510009765625,1.4596203565597534,0.08585717529058456,9054.6865234375,0.04036453757640546,0.001124894642892858
417.8089904785156,1.4596244096755981,0.0859115794301033,9054.6865234375,0.04030164155677564,0.0012263280056349418
417.9670104980469,1.4596216678619385,0.08609118312597275,9054.6865234375,0.04039597787351978,0.0010840066251166945
418.125,1.4596319198608398,0.08628680557012558,9054.6865234375,0.04047927605725154,0.0012119112803085455
418.2829895019531,1.4596256017684937,0.08650330454111099,9054.6865234375,0.040470626655659946,0.0011892452557934255
418.4410095214844,1.4596203565597534,0.0868852436542511,9054.6865234375,0.0403621142830913,0.0011029058957551397
418.5989990234375,1.4596134424209595,0.0872679278254509,9054.6865234375,0.0404180239779133,0.0010612761454228937
418.75701904296875,1.4596203565597534,0.08744082599878311,9054.6865234375,0.040496638031685364,0.0011888131507047652
418.9150085449219,1.4596196413040161,0.08741064369678497,9054.6865234375,0.04035679256553059,0.0012862553600447456
419.072998046875,1.4596174955368042,0.08724668622016907,9054.6865234375,0.040455698975446874,0.001089903307285296
419.23101806640625,1.45962393283844,0.08707937598228455,9054.6865234375,0.040433682264611595,0.0011095838981357545
419.3890075683594,1.4596295356750488,0.0870104432106018,9054.6865234375,0.04039797559606308,0.0010630231550434268
419.5469970703125,1.4596201181411743,0.0869426280260086,9054.6865234375,0.04043236242501572,0.0009678064466385404
419.70501708984375,1.4596202373504639,0.08680959790945053,9054.6865234375,0.04043258028429401,0.0012328451214601197
419.8630065917969,1.459623098373413,0.08661434054374695,9054.6865234375,0.04043071387913286,0.001223077173122963
420.02099609375,1.4596201181411743,0.08657409995794296,9054.6865234375,0.04044171623505812,0.0011656374677936497
420.17901611328125,1.4596190452575684,0.0864153653383255,9054.6865234375,0.04047279616809476,0.001087544232977414
420.3370056152344,1.4596319198608398,0.0862991064786911,9054.6865234375,0.040476512622530235,0.0012102637890565337
420.4949951171875,1.4596266746520996,0.0861634686589241,9054.6865234375,0.04041108778552306,0.0012675638726763513
420.65301513671875,1.4596142768859863,0.0860472097992897,9054.6865234375,0.04042442478581694,0.0011054428516532107
420.8110046386719,1.4596179723739624,0.08593281358480453,9054.6865234375,0.04059412336845668,0.001129023908232355
420.968994140625,1.4596178531646729,0.08592350035905838,9054.6865234375,0.04051000876643574,0.0010542427499867306
421.12701416015625,1.459618091583252,0.08582550287246704,9054.6865234375,0.04039479474994308,0.0010138473805415174
421.2850036621094,1.4596168994903564,0.08570924401283264,9054.6865234375,0.040317323739333534,0.0011036732367920654
421.4429931640625,1.4596229791641235,0.08565185964107513,9054.6865234375,0.04034607289788876,0.0011775408139211936
421.60101318359375,1.4596203565597534,0.0856209322810173,9054.6865234375,0.040398309584714305,0.0012297708042457816
421.7590026855469,1.4596235752105713,0.08578599989414215,9054.6865234375,0.04034234722299542,0.0010222541614137064
421.9169921875,1.4596138000488281,0.08583742380142212,9054.6865234375,0.04038496559673338,0.0010783333442880348
422.07501220703125,1.4596158266067505,0.08609826117753983,9054.6865234375,0.04054662996827238,0.0011019594775215128
422.2330017089844,1.4596153497695923,0.08632221072912216,9054.6865234375,0.040349128562127315,0.0012418601900459653
422.3909912109375,1.4596102237701416,0.08671495318412781,9054.6865234375,0.04029493459350554,0.0010744356345470793
422.54901123046875,1.4596147537231445,0.08702683448791504,9054.6865234375,0.040407817267979804,0.0010449506573666286
422.7070007324219,1.459611177444458,0.08731263875961304,9054.6865234375,0.04047557316500492,0.0012062043875233366
422.864990234375,1.4596179723739624,0.08724221587181091,9054.6865234375,0.040439223387188764,0.001083274806622791
423.02301025390625,1.45961332321167,0.08709502965211868,9054.6865234375,0.04031663004982366,0.001046201956939842
423.1809997558594,1.4596203565597534,0.08694523572921753,9054.6865234375,0.04038157532584071,0.0010279134107826085
423.3390197753906,1.459619402885437,0.08692213147878647,9054.6865234375,0.040384481417667935,0.0009961599523463677
423.49700927734375,1.4596092700958252,0.08675854653120041,9054.6865234375,0.04035729872263356,0.001106146914201428
423.6549987792969,1.4596198797225952,0.08668439835309982,9054.6865234375,0.040397458960386545,0.000982346993471269
423.8130187988281,1.4596245288848877,0.08654727041721344,9054.6865234375,0.0403606873449858,0.0010437848327588027
423.97100830078125,1.4596209526062012,0.08641089498996735,9054.6865234375,0.040432902409166256,0.0011483983947325799
424.1289978027344,1.4596234560012817,0.08640008419752121,9054.6865234375,0.040510577898195795,0.0011570930889322028
424.2870178222656,1.4596128463745117,0.08613105118274689,9054.6865234375,0.040322624879126634,0.001232557235065271
424.44500732421875,1.4596165418624878,0.08604273945093155,9054.6865234375,0.040383529107176616,0.0009750815318218286
424.6029968261719,1.459625244140625,0.0858389139175415,9054.6865234375,0.04034538672067102,0.0011937790541536556
424.7610168457031,1.4596130847930908,0.08588363230228424,9054.6865234375,0.0404453310732161,0.0010332223041650654
424.91900634765625,1.4596154689788818,0.085786372423172,9054.6865234375,0.04048337581361091,0.0010391199427746815
425.0769958496094,1.4596054553985596,0.08562465757131577,9054.6865234375,0.04048114872483104,0.0010190037463087536
425.2350158691406,1.459610939025879,0.08553634583950043,9054.6865234375,0.04043107368005725,0.0011740545518910506
425.39300537109375,1.4596188068389893,0.08543014526367188,9054.6865234375,0.04045886561485819,0.0011014083779352746
425.5509948730469,1.4596179723739624,0.08543089032173157,9054.6865234375,0.04055017224135406,0.001005340301165116
425.7090148925781,1.4596145153045654,0.08542045950889587,9054.6865234375,0.04032946469842232,0.001110493590109322
425.86700439453125,1.459608793258667,0.08557174354791641,9054.6865234375,0.04047837758861959,0.001071768723189606
426.0249938964844,1.4596049785614014,0.08571334183216095,9054.6865234375,0.04064220604307348,0.001083189936839527
426.1830139160156,1.4596184492111206,0.08586462587118149,9054.6865234375,0.040433849432525426,0.0011508469341381749
426.34100341796875,1.459619402885437,0.08622755855321884,9054.6865234375,0.04043209407917102,0.0012112319754877098
426.4989929199219,1.45961332321167,0.08652528375387192,9054.6865234375,0.04041600979198221,0.0011156707882667516
426.6570129394531,1.4596130847930908,0.08687741309404373,9054.6865234375,0.04047089747931108,0.0012219217783021297
426.81500244140625,1.4596163034439087,0.08694635331630707,9054.6865234375,0.04041210884308112,0.0008905431403229736
426.9729919433594,1.459625244140625,0.08680326491594315,9054.6865234375,0.04035635061597534,0.0012042440646487537
427.1310119628906,1.459624171257019,0.08670675754547119,9054.6865234375,0.04036022743958141,0.0011283665630804503
427.28900146484375,1.459615707397461,0.08648131787776947,9054.6865234375,0.04044704770370913,0.001083373424425878
427.4469909667969,1.4596292972564697,0.08643175661563873,9054.6865234375,0.040484570307162376,0.0012308605475033533
427.6050109863281,1.4596198797225952,0.08636617660522461,9054.6865234375,0.040373315081960896,0.0010624792973920963
427.76300048828125,1.4596115350723267,0.08624134957790375,9054.6865234375,0.0403147035159612,0.0011119412095330562
427.9209899902344,1.4596235752105713,0.08607813715934753,9054.6865234375,0.04040048143874662,0.0009669324955648885
428.0790100097656,1.4596266746520996,0.08589816093444824,9054.6865234375,0.04039758810328859,0.0011208781387461624
428.23699951171875,1.4596271514892578,0.08590561151504517,9054.6865234375,0.04039089536846657,0.0010030777057697248
428.39501953125,1.4596275091171265,0.08576550334692001,9054.6865234375,0.040458081130011564,0.0010746049557720698
428.5530090332031,1.4596210718154907,0.0855628028512001,9054.6865234375,0.04051774339210335,0.000935455396279451
428.71099853515625,1.4596291780471802,0.085500568151474,9054.6865234375,0.04035955808094099,0.0011014301187809807
428.8690185546875,1.4596247673034668,0.08532804995775223,9054.6865234375,0.040524257838474756,0.0012411927210871584
429.0270080566406,1.4596184492111206,0.08516744524240494,9054.6865234375,0.040488141249545036,0.0010826725169985616
429.18499755859375,1.459619402885437,0.08520619571208954,9054.6865234375,0.04041108125814217,0.0010145598328576207
429.343017578125,1.4596308469772339,0.08503218740224838,9054.6865234375,0.04051227540687414,0.0012308279352386238
429.5010070800781,1.4596235752105713,0.08503181487321854,9054.6865234375,0.04050188995099587,0.0010423683787365962
429.65899658203125,1.4596256017684937,0.08504150062799454,9054.6865234375,0.04042491857541626,0.0011679345501649065
429.8170166015625,1.4596205949783325,0.08511043339967728,9054.6865234375,0.04042876943918743,0.0010597967658388995
429.9750061035156,1.4596153497695923,0.08528593927621841,9054.6865234375,0.04041389730015607,0.0010957631064372683
430.13299560546875,1.4596201181411743,0.08546070009469986,9054.6865234375,0.04035765274592832,0.0011022230824112268
430.291015625,1.4596208333969116,0.08567681908607483,9054.6865234375,0.04042591609778793,0.0010655185828548038
430.4490051269531,1.4596257209777832,0.08607552945613861,9054.6865234375,0.04048558849807992,0.0012190321927829715
430.60699462890625,1.4596222639083862,0.08638928085565567,9054.6865234375,0.04048450402394319,0.0010741718332823078
430.7650146484375,1.45961594581604,0.08649025857448578,9054.6865234375,0.04042529164705005,0.0010699580513299973
430.9230041503906,1.4596210718154907,0.08647163212299347,9054.6865234375,0.04017461516381827,0.0012964181766071028
431.08099365234375,1.4596195220947266,0.08629202097654343,9054.6865234375,0.0403613981450365,0.0011331928547151694
431.239013671875,1.4596208333969116,0.08616011589765549,9054.6865234375,0.04034206495770879,0.0011114252999069119
431.3970031738281,1.4596307277679443,0.08597380667924881,9054.6865234375,0.040420994630136,0.0010899665153754762
431.55499267578125,1.459620714187622,0.08590561151504517,9054.6865234375,0.04051980175653228,0.0010742697319949422
431.7130126953125,1.4596291780471802,0.08577296137809753,9054.6865234375,0.040496372392181595,0.0011628789123149278
431.8710021972656,1.4596154689788818,0.08555571734905243,9054.6865234375,0.0404030610370711,0.0011000651441352468
432.02899169921875,1.459627628326416,0.08546889573335648,9054.6865234375,0.04053459458255059,0.0009768894030647403
432.18701171875,1.4596242904663086,0.08536121249198914,9054.6865234375,0.0405668431979391,0.001082328311510129
432.3450012207031,1.459628939628601,0.08520358800888062,9054.6865234375,0.040392679767903214,0.001126052387017093
432.50299072265625,1.4596171379089355,0.08499417454004288,9054.6865234375,0.04047668202954654,0.001114916706325832
432.6610107421875,1.459618330001831,0.08484400808811188,9054.6865234375,0.04036192273715577,0.0012399374399921256
432.8190002441406,1.4596203565597534,0.08484698832035065,9054.6865234375,0.04049110279314842,0.0010453365997735848
432.9770202636719,1.4596236944198608,0.08464726060628891,9054.6865234375,0.04044867719420599,0.0011904600928945794
433.135009765625,1.4596302509307861,0.08454740047454834,9054.6865234375,0.040455659688800265,0.0010791737031722588
433.2929992675781,1.459619164466858,0.0844833105802536,9054.6865234375,0.040594039250266535,0.0011813513294264175
433.4510192871094,1.4599297046661377,0.08541300892829895,9054.6865234375,0.04046321978110102,0.0011712369428904439
433.6090087890625,1.4596319198608398,0.08422098308801651,9054.6865234375,0.04060529465476082,0.0009992818662793788
433.7669982910156,1.4596214294433594,0.08443263173103333,9054.6865234375,0.04059457189207281,0.0010372866370738458
433.9250183105469,1.4596295356750488,0.08456528931856155,9054.6865234375,0.04043120520141326,0.0011245482175977527
434.0830078125,1.4596184492111206,0.08479370176792145,9054.6865234375,0.04046671286752671,0.0011736241381538556
434.2409973144531,1.459619402885437,0.08504336327314377,9054.6865234375,0.04038371838530631,0.0009889589501770467
434.3990173339844,1.4596153497695923,0.08544020354747772,9054.6865234375,0.040566923824760195,0.0010837290495297643
434.5570068359375,1.4596221446990967,0.0857524648308754,9054.6865234375,0.04044683530700567,0.0010809566982136912
434.7149963378906,1.4596269130706787,0.08587058633565903,9054.6865234375,0.040343478995967755,0.0012073931636877072
434.8730163574219,1.4596245288848877,0.08590635657310486,9054.6865234375,0.040370230637714395,0.0010042017756283076
435.031005859375,1.459622859954834,0.08572526276111603,9054.6865234375,0.04058523052111473,0.0011198993473056727
435.1889953613281,1.45962393283844,0.08554156124591827,9054.6865234375,0.04035988784872671,0.0011108666682058317
435.3470153808594,1.4596182107925415,0.08549684286117554,9054.6865234375,0.04035356838312401,0.0008796467001218752
435.5050048828125,1.4596220254898071,0.08553187549114227,9054.6865234375,0.04046556012870217,0.0011121072869257724
435.6629943847656,1.4596258401870728,0.08531686663627625,9054.6865234375,0.040457997700839174,0.0011447259768143524
435.8210144042969,1.4596154689788818,0.08511043339967728,9054.6865234375,0.040594878983189364,0.0008656133832748935
435.97900390625,1.4596151113510132,0.0850646048784256,9054.6865234375,0.04040388046281919,0.0010731123156411976
436.1369934082031,1.4596253633499146,0.08499231189489365,9054.6865234375,0.040540995287399524,0.0009915725582569919
436.2950134277344,1.459623098373413,0.08489096164703369,9054.6865234375,0.04057362569311872,0.0010124342533365232
436.4530029296875,1.4596251249313354,0.0846964493393898,9054.6865234375,0.04060880079657818,0.0010043234534135616
436.6109924316406,1.4596245288848877,0.08460813760757446,9054.6865234375,0.04055223357484823,0.0011473753705908483
436.7690124511719,1.4596290588378906,0.08438978344202042,9054.6865234375,0.04063561306200572,0.000973311334873565
436.927001953125,1.4596152305603027,0.08435662090778351,9054.6865234375,0.04045034852365154,0.001024662748003749
437.0849914550781,1.4596326351165771,0.08416769653558731,9054.6865234375,0.040450745910385465,0.0010313340292946865
437.2430114746094,1.4596192836761475,0.08416508883237839,9054.6865234375,0.040509150111147814,0.0010918169084584413
437.4010009765625,1.459624171257019,0.08416732400655746,9054.6865234375,0.04052246074641077,0.001125387100921653
437.5589904785156,1.4596140384674072,0.08395753800868988,9054.6865234375,0.04058447072339808,0.0011646485124063041
437.7170104980469,1.459619402885437,0.08404063433408737,9054.6865234375,0.04048890481533747,0.0010205851134973648
437.875,1.4599251747131348,0.08526283502578735,9054.6865234375,0.04050918288190432,0.001101425020086404
438.03302001953125,1.4596282243728638,0.08442890644073486,9054.6865234375,0.0404208500689739,0.000995441862459387
438.1910095214844,1.4596234560012817,0.08468005806207657,9054.6865234375,0.040570902046167076,0.0010479968503920908
438.3489990234375,1.4596205949783325,0.08489319682121277,9054.6865234375,0.04047550361643265,0.0011357349441268709
438.50701904296875,1.459616780281067,0.08534853905439377,9054.6865234375,0.04033228705839234,0.0009483763472784563
438.6650085449219,1.4596213102340698,0.08562130481004715,9054.6865234375,0.040381173677927436,0.0011070783012582005
438.822998046875,1.4596138000488281,0.08566862344741821,9054.6865234375,0.04039778625238617,0.001145916546823593
405.3659973144531,1.4610257148742676,0.3176409602165222,6091.60498046875,0.039819157196300324,-0.00039564093180796754
405.5639953613281,1.4595905542373657,0.2645041048526764,6091.60498046875,0.03965531036043467,-0.0004674079530764982
405.7619934082031,1.4595856666564941,0.23879866302013397,6091.60498046875,0.03971574920261647,-0.0005383251122251958
405.9599914550781,1.4595967531204224,0.21842211484909058,6091.60498046875,0.03973395213909913,-0.00060958442225832
406.1579895019531,1.4596002101898193,0.20167529582977295,6091.60498046875,0.039824334364745,-0.0007465668980579492
406.35699462890625,1.4595935344696045,0.18726444244384766,6091.60498046875,0.03977312933083176,-0.0008370245589277281
406.55401611328125,1.4596015214920044,0.1751735508441925,6091.60498046875,0.039899938824166606,-0.0007778816628449019
406.75201416015625,1.4595952033996582,0.16512911021709442,6091.60498046875,0.03996573160807147,-0.000809747663508501
406.9510192871094,1.459589958190918,0.15659230947494507,6091.60498046875,0.03998129406352882,-0.0009371664357753078
407.14801025390625,1.4595868587493896,0.14938166737556458,6091.60498046875,0.039886680401095234,-0.0008433339888355768
407.34600830078125,1.4595959186553955,0.14320878684520721,6091.60498046875,0.03992161668766444,-0.0008540259026465851
407.54400634765625,1.4595849514007568,0.13774538040161133,6091.60498046875,0.04002846025064534,-0.0008482507841291985
407.74200439453125,1.4595980644226074,0.13256293535232544,6091.60498046875,0.04007207119629562,-0.0010617468892062019
407.9410095214844,1.4596011638641357,0.12793122231960297,6091.60498046875,0.04015220550040445,-0.0009399226546741805
408.13800048828125,1.4595983028411865,0.12362406402826309,6091.60498046875,0.04032433501150097,-0.0009689049627716917
408.33599853515625,1.459602952003479,0.11960010230541229,6091.60498046875,0.04043739300472178,-0.0008703140495564048
408.53399658203125,1.4595924615859985,0.11603447049856186,6091.60498046875,0.04042204316830816,-0.0010705857371052605
408.73199462890625,1.4595996141433716,0.11287946254014969,6091.60498046875,0.04043843375782961,-0.0010622667135773629
408.9309997558594,1.4596048593521118,0.11013583838939667,6091.60498046875,0.040567149195703166,-0.001072067288146602
409.12799072265625,1.4595897197723389,0.10773427784442902,6091.60498046875,0.04058892372357346,-0.001088195243836236
409.3260192871094,1.4596022367477417,0.10569640249013901,6091.60498046875,0.04050156111514678,-0.000987537929957899
409.5240173339844,1.4595993757247925,0.10386979579925537,6091.60498046875,0.04064723445391287,-0.0011884813430845232
409.7220153808594,1.4595962762832642,0.10242103785276413,6091.60498046875,0.04054941489622028,-0.0011923315423935574
409.9200134277344,1.4595955610275269,0.10122230648994446,6091.60498046875,0.04059343600525532,-0.0010361426796377752
410.1180114746094,1.4595938920974731,0.1000228300690651,6091.60498046875,0.040542751150793546,-0.0011132782976349689
410.3160095214844,1.4595956802368164,0.09880174696445465,6091.60498046875,0.040541976274350786,-0.0011447054270954018
410.5140075683594,1.4595977067947388,0.09739471971988678,6091.60498046875,0.040472599311396275,-0.0011066322776875617
410.7120056152344,1.459598422050476,0.09605811536312103,6091.60498046875,0.040514393680029646,-0.0012141518390069352
410.9100036621094,1.4595891237258911,0.0948701947927475,6091.60498046875,0.040550168437807954,-0.0010736308710340753
411.1090087890625,1.4595956802368164,0.09386895596981049,6091.60498046875,0.0406380312371931,-0.0010144624878719404
411.3059997558594,1.4595938920974731,0.09273505955934525,6091.60498046875,0.04054625021934921,-0.0011303819404861492
411.5039978027344,1.4595997333526611,0.09186945855617523,6091.60498046875,0.04051851909970422,-0.0011186890450649676
411.7019958496094,1.4595906734466553,0.09116967022418976,6091.60498046875,0.040637268686399754,-0.0012253594169173486
411.8999938964844,1.459594964981079,0.09030666947364807,6091.60498046875,0.040502661712199794,-0.0010872257777312818
412.0989990234375,1.4595937728881836,0.08974549919366837,6091.60498046875,0.0406023529216446,-0.0011622551838739417
412.2969970703125,1.4595897197723389,0.08915377408266068,6091.60498046875,0.04060394988254045,-0.001020071591798747
412.4940185546875,1.459587574005127,0.08864402770996094,6091.60498046875,0.04047875372096965,-0.0012793999196407623
412.6920166015625,1.4595940113067627,0.0881204903125763,6091.60498046875,0.040502533710541036,-0.0012365874113166935
412.8900146484375,1.4595948457717896,0.08761558681726456,6091.60498046875,0.040471631324549506,-0.0011128957764092228
413.0880126953125,1.4595983028411865,0.08736443519592285,6091.60498046875,0.04057776339292069,-0.0011655549928475597
413.2860107421875,1.4595940113067627,0.08726532012224197,6091.60498046875,0.04044928762966805,-0.0011581824980319033
413.4840087890625,1.4595955610275269,0.08723551034927368,6091.60498046875,0.04055318697611165,-0.0011365751704015227
413.6820068359375,1.4595922231674194,0.08726606518030167,6091.60498046875,0.0405692539211249,-0.001210384171343896
413.8800048828125,1.4595942497253418,0.08766365051269531,6091.60498046875,0.04042448674045771,-0.0011308937309470373
414.0780029296875,1.4595876932144165,0.08794088661670685,6091.60498046875,0.04047178173230302,-0.0012108883223359186
414.2770080566406,1.4595907926559448,0.08788834512233734,6091.60498046875,0.04035092115643317,-0.0010844041133526842
414.4739990234375,1.459605097770691,0.08761409670114517,6091.60498046875,0.04059173218321816,-0.0011102456243360908
414.6719970703125,1.4595867395401,0.08727612346410751,6091.60498046875,0.04045398490733031,-0.0011609392674501288
414.8699951171875,1.4595907926559448,0.08695492148399353,6091.60498046875,0.04043638315519013,-0.0011640219635169011
415.0679931640625,1.459587574005127,0.08688375353813171,6091.60498046875,0.040432885435329996,-0.0011539405537938801
415.2659912109375,1.4595985412597656,0.08669222146272659,6091.60498046875,0.040477936724218996,-0.0012325738863398314
415.4639892578125,1.4595988988876343,0.08628196269273758,6091.60498046875,0.040427753552368335,-0.0012785405447414812
415.6620178222656,1.4595990180969238,0.08611204475164413,6091.60498046875,0.04057579731572881,-0.0012218210260306409
415.8600158691406,1.459587812423706,0.08589890599250793,6091.60498046875,0.04039300664593686,-0.0011574818309421522
416.0580139160156,1.4595997333526611,0.0858486071228981,6091.60498046875,0.04049338561667117,-0.0010352034455973302
416.25701904296875,1.4595955610275269,0.08569955080747604,6091.60498046875,0.04047192201954562,-0.0012605908826297573
416.4540100097656,1.459587574005127,0.08556578308343887,6091.60498046875,0.04043743753260221,-0.0012043912374816686
416.6520080566406,1.4595879316329956,0.08531835675239563,6091.60498046875,0.040495163223807626,-0.0012415518625265905
416.8500061035156,1.4595924615859985,0.0850977674126625,6091.60498046875,0.04059635102601832,-0.0011692637956229569
417.0480041503906,1.4595921039581299,0.08506721258163452,6091.60498046875,0.04054723483714919,-0.0011482111084077224
417.2460021972656,1.4595938920974731,0.08510782569646835,6091.60498046875,0.040635187006184625,-0.0013865195612154354
417.4440002441406,1.4595799446105957,0.08527550846338272,6091.60498046875,0.04051922682246637,-0.0011734261391858317
417.64300537109375,1.459594488143921,0.08549125492572784,6091.60498046875,0.04050512707892202,-0.0012010186776191354
417.84100341796875,1.4595932960510254,0.08579718321561813,6091.60498046875,0.040466513298387755,-0.0012351738168737152
418.0379943847656,1.4595918655395508,0.08640977740287781,6091.60498046875,0.04052289537254847,-0.001220252214734419
418.2359924316406,1.4595859050750732,0.08652118593454361,6091.60498046875,0.04044098397682488,-0.001244967183467663
418.4339904785156,1.4595935344696045,0.08648131787776947,6091.60498046875,0.04047038292553859,-0.0012380106299094132
418.63299560546875,1.4595882892608643,0.08619067072868347,6091.60498046875,0.04050339136804816,-0.001297534905813509
418.83001708984375,1.459587812423706,0.0860237404704094,6091.60498046875,0.04054246967972636,-0.0012960726763895636
419.02899169921875,1.459591031074524,0.08586537092924118,6091.60498046875,0.04042151206581028,-0.0011698633014836479
419.22698974609375,1.4595998525619507,0.0857330933213234,6091.60498046875,0.040479021981096514,-0.001292566260334069
419.42401123046875,1.4595904350280762,0.08549349009990692,6091.60498046875,0.04059435628125008,-0.0012268941365572684
419.62200927734375,1.4595892429351807,0.08544989675283432,6091.60498046875,0.040427085653159174,-0.0012923140974747424
419.82000732421875,1.4595903158187866,0.08523303270339966,6091.60498046875,0.04061368683281986,-0.0010763397469156753
420.01800537109375,1.459579348564148,0.08499305695295334,6091.60498046875,0.040455893455824836,-0.001276234653415586
420.21600341796875,1.4595947265625,0.08486375957727432,6091.60498046875,0.04063594342807194,-0.0012445758931106797
420.41400146484375,1.459580898284912,0.08477768301963806,6091.60498046875,0.04061550197471459,-0.0011888425260301698
420.61199951171875,1.4595969915390015,0.08461298048496246,6091.60498046875,0.040549865716696054,-0.0012680507921376005
420.80999755859375,1.4595909118652344,0.08456640690565109,6091.60498046875,0.04044220892590588,-0.001279559165099939
421.0090026855469,1.459585428237915,0.08447250723838806,6091.60498046875,0.04057319329176383,-0.001386118452247641
421.20599365234375,1.459593415260315,0.0845705047249794,6091.60498046875,0.0406419051115528,-0.0011238265969748687
421.40399169921875,1.4595801830291748,0.0848127081990242,6091.60498046875,0.04048978391140268,-0.0011938462616225478
421.60198974609375,1.4595930576324463,0.08503516763448715,6091.60498046875,0.04048207906633562,-0.0014255145120917092
421.8000183105469,1.4595952033996582,0.08539213985204697,6091.60498046875,0.040488529112854194,-0.0012587166638366285
421.9980163574219,1.4595896005630493,0.08575768023729324,6091.60498046875,0.04046067232160456,-0.0013202501042937549
422.1960144042969,1.4595966339111328,0.0859946757555008,6091.60498046875,0.04060914786816192,-0.0013102513717455555
422.3940124511719,1.4595913887023926,0.08597976714372635,6091.60498046875,0.040562309911821935,-0.00135812062758165
422.5920104980469,1.459586262702942,0.08586201816797256,6091.60498046875,0.040499183297587664,-0.0013215840632356732
422.7900085449219,1.459592580795288,0.08555684238672256,6091.60498046875,0.04051109722504278,-0.0013782338238731186
422.9880065917969,1.4595916271209717,0.08547970652580261,6091.60498046875,0.04048056329913647,-0.0012775931556987482
423.18701171875,1.459584355354309,0.08519650995731354,6091.60498046875,0.04057967402798383,-0.0011767356491007052
423.3840026855469,1.4595712423324585,0.08497927337884903,6091.60498046875,0.04043952724570984,-0.0013255297981939252
423.5830078125,1.459588646888733,0.08493530005216599,6091.60498046875,0.04046723535506233,-0.0013719312770149477
423.7799987792969,1.4595894813537598,0.08472924679517746,6091.60498046875,0.04058829246521516,-0.0013144898408311912
423.9779968261719,1.4595893621444702,0.08456193655729294,6091.60498046875,0.040647722917852916,-0.0012628654233484333
424.1759948730469,1.4595867395401,0.0844929963350296,6091.60498046875,0.040601505566103285,-0.0013343955788888803
424.3739929199219,1.4595900774002075,0.08440990746021271,6091.60498046875,0.040616101221780554,-0.0012815309510292579
424.5719909667969,1.4595835208892822,0.08411739766597748,6091.60498046875,0.040578352477371904,-0.0012866595107996993
424.77099609375,1.4595800638198853,0.08425265550613403,6091.60498046875,0.040631974446005845,-0.0012612804073977937
424.968017578125,1.459584355354309,0.08476576209068298,6091.60498046875,0.04056128619865403,-0.001314588129438581
425.166015625,1.459592342376709,0.08475048094987869,6091.60498046875,0.040583499841153246,-0.0013000358190008087
425.364013671875,1.4595844745635986,0.08479445427656174,6091.60498046875,0.0406587558239377,-0.0013373446178362247
425.56201171875,1.4595805406570435,0.08500796556472778,6091.60498046875,0.04051408688111313,-0.001487574004315475
425.760009765625,1.4595814943313599,0.08522520214319229,6091.60498046875,0.04045783750024545,-0.0013568907727834819
425.9590148925781,1.4595788717269897,0.085631363093853,6091.60498046875,0.040593284921685374,-0.0014136744148334334
426.156005859375,1.4595929384231567,0.08586462587118149,6091.60498046875,0.04051549504000217,-0.001301084603593638
426.35400390625,1.4595848321914673,0.0857427790760994,6091.60498046875,0.04044106630826492,-0.0013239393635348093
426.552001953125,1.4595814943313599,0.08557919412851334,6091.60498046875,0.040581015245881674,-0.0012241183251190156
426.7510070800781,1.459587812423706,0.08521328121423721,6091.60498046875,0.04069118358895892,-0.0012791924881318888
426.947998046875,1.459588646888733,0.08507391810417175,6091.60498046875,0.040493155499552375,-0.0013728196942571925
427.14599609375,1.4595857858657837,0.08505715429782867,6091.60498046875,0.04055667482572665,-0.0012400188225354552
427.343994140625,1.459585189819336,0.08493753522634506,6091.60498046875,0.04051000257813571,-0.0013743723013413206
427.5419921875,1.4595850706100464,0.08481494337320328,6091.60498046875,0.040560677329751736,-0.001361743644826244
427.739990234375,1.4595874547958374,0.08452951908111572,6091.60498046875,0.040495012386665835,-0.0013686526402248538
427.9380187988281,1.4595813751220703,0.08458690345287323,6091.60498046875,0.04055363627779051,-0.0013558204947155211
428.1369934082031,1.4595891237258911,0.08439760655164719,6091.60498046875,0.04063230350878392,-0.001373521941643229
428.3340148925781,1.4595894813537598,0.08424893021583557,6091.60498046875,0.04048537048288883,-0.0012955758854004125
428.5320129394531,1.4595857858657837,0.0841103121638298,6091.60498046875,0.040567509305361855,-0.001388451624129726
428.7300109863281,1.459585189819336,0.08396834880113602,6091.60498046875,0.04047780210916445,-0.0014035412746979665
428.92901611328125,1.4595900774002075,0.08387555927038193,6091.60498046875,0.040603714178212104,-0.0013918908540107343
429.1260070800781,1.4595866203308105,0.08385059982538223,6091.60498046875,0.04071856080360384,-0.001281974803919578
429.3240051269531,1.4595959186553955,0.08409354835748672,6091.60498046875,0.0405261837210408,-0.0013785342694181502
429.5220031738281,1.4595816135406494,0.08425489068031311,6091.60498046875,0.04067220438337099,-0.0014590070412869593
429.7200012207031,1.4595953226089478,0.08457981795072556,6091.60498046875,0.04062848868494372,-0.0013513021311217651
429.9179992675781,1.4595803022384644,0.08505193144083023,6091.60498046875,0.040454665962343615,-0.0013540517646480413
430.1159973144531,1.4595820903778076,0.08539288491010666,6091.60498046875,0.04046780641717885,-0.0013089941540032
430.3139953613281,1.459581732749939,0.08555423468351364,6091.60498046875,0.04045682288188189,-0.0012923244887707989
430.5119934082031,1.4595885276794434,0.0853019654750824,6091.60498046875,0.04056150161935081,-0.0013946458062161762
430.7099914550781,1.4595842361450195,0.0850694477558136,6091.60498046875,0.04047064594640728,-0.001347001346259733
430.90802001953125,1.4595974683761597,0.08494983613491058,6091.60498046875,0.040592904143178295,-0.0013745591022377946
431.10601806640625,1.4595789909362793,0.08495207130908966,6091.60498046875,0.04058624493822639,-0.0014617271959631766
431.30401611328125,1.4595916271209717,0.08481606096029282,6091.60498046875,0.04064811865987905,-0.001434336922757394
431.50201416015625,1.4595847129821777,0.08468229323625565,6091.60498046875,0.04037358642738431,-0.001257210035034332
431.70001220703125,1.4595794677734375,0.0845317542552948,6091.60498046875,0.040499321214053016,-0.0013609742382891673
431.8990173339844,1.4595842361450195,0.08442480862140656,6091.60498046875,0.04048984029686256,-0.0013434628531996356
432.09600830078125,1.4595801830291748,0.08426905423402786,6091.60498046875,0.040538959672472515,-0.0012485251113209348
432.2950134277344,1.459588885307312,0.08426719158887863,6091.60498046875,0.040582548565596774,-0.0013122455939997954
432.4930114746094,1.4595953226089478,0.08411851525306702,6091.60498046875,0.04057066065272235,-0.0012370166551111457
432.69000244140625,1.4595792293548584,0.0840521827340126,6091.60498046875,0.04051489360123189,-0.0014851516451119535
432.88800048828125,1.4595797061920166,0.08390238881111145,6091.60498046875,0.04058242113583246,-0.001212592808218985
433.08599853515625,1.4595894813537598,0.08401753008365631,6091.60498046875,0.040538372475585234,-0.001315388702279586
433.2850036621094,1.4595811367034912,0.08412410318851471,6091.60498046875,0.04046272370832518,-0.0014288849190109288
433.48199462890625,1.459578037261963,0.08439276367425919,6091.60498046875,0.04050338749499641,-0.001407923557588605
433.67999267578125,1.4595837593078613,0.08457087725400925,6091.60498046875,0.040399194858047334,-0.0013629323524451393
433.87799072265625,1.459584355354309,0.08503516763448715,6091.60498046875,0.040582402577087374,-0.0014181008248795963
434.0769958496094,1.4595870971679688,0.08534444123506546,6091.60498046875,0.040551030491456974,-0.0014309143317370989
434.2740173339844,1.459582805633545,0.08550988882780075,6091.60498046875,0.04045736732849473,-0.0013401402815439263
434.4720153808594,1.4595855474472046,0.08527923375368118,6091.60498046875,0.04054828156609231,-0.0013823056936754568
434.6700134277344,1.4595907926559448,0.08501690626144409,6091.60498046875,0.040512070480733194,-0.0013967176006235565
434.8680114746094,1.4595839977264404,0.08482538163661957,6091.60498046875,0.040573124029785676,-0.0013446338112818707
435.0660095214844,1.4595941305160522,0.08477470278739929,6091.60498046875,0.04056912655272621,-0.0013418427323325822
435.2640075683594,1.459583044052124,0.08472737669944763,6091.60498046875,0.04050757866455117,-0.001339758665678749
435.4620056152344,1.4595847129821777,0.08458168059587479,6091.60498046875,0.04055281358397018,-0.001408029884410411
435.6600036621094,1.4595873355865479,0.08437003195285797,6091.60498046875,0.040492383580777516,-0.0012411574180286875
435.8580017089844,1.4595845937728882,0.08422433584928513,6091.60498046875,0.04061296585996417,-0.001372769500576867
436.0559997558594,1.4595861434936523,0.08399442583322525,6091.60498046875,0.040500706514933954,-0.0012991646187115414
436.2539978027344,1.4595918655395508,0.08397244662046432,6091.60498046875,0.04050545575056637,-0.0013386539962611122
436.4530029296875,1.4595987796783447,0.08384090662002563,6091.60498046875,0.04068934285465838,-0.0014047354516377823
436.6510009765625,1.4595919847488403,0.08359907567501068,6091.60498046875,0.04062413424995331,-0.0013153015652202285
436.8479919433594,1.4595930576324463,0.08354169130325317,6091.60498046875,0.04054349107226082,-0.0013777409271388532
437.0469970703125,1.4595855474472046,0.08349138498306274,6091.60498046875,0.040561243528825695,-0.0014565274828021843
437.2440185546875,1.459591031074524,0.08366204798221588,6091.60498046875,0.04056941478627743,-0.0013850403548352895
437.4420166015625,1.459587574005127,0.08377905189990997,6091.60498046875,0.04067956388030275,-0.0013558506331409525
437.6400146484375,1.459583044052124,0.08416285365819931,6091.60498046875,0.040465830089610307,-0.001369063244763772
437.8380126953125,1.4595921039581299,0.0844687819480896,6091.60498046875,0.04037946792706589,-0.0013402536482789373
438.0360107421875,1.4595959186553955,0.08485779911279678,6091.60498046875,0.04064101602974815,-0.001426124639354291
438.2350158691406,1.4595822095870972,0.08515626937150955,6091.60498046875,0.040469565185875134,-0.001429802767697411
438.4320068359375,1.4595881700515747,0.08481308072805405,6091.60498046875,0.040535614777499326,-0.0014339942134124434
438.6300048828125,1.4595869779586792,0.08463645726442337,6091.60498046875,0.040604785077864525,-0.001493376183055559
438.8280029296875,1.4595979452133179,0.08444046229124069,6091.60498046875,0.040529363356463594,-0.0012960236756867092
439.0260009765625,1.4595931768417358,0.08434469252824783,6091.60498046875,0.04045371951206674,-0.0014473355313892745
439.2250061035156,1.4595845937728882,0.0843767449259758,6091.60498046875,0.04061642114173846,-0.00131301128088376
439.4219970703125,1.4595909118652344,0.08414123952388763,6091.60498046875,0.04038796911205611,-0.0014352018560086944
439.6210021972656,1.459585428237915,0.08399517089128494,6091.60498046875,0.040607435503550546,-0.0013711498776051599
439.8190002441406,1.4595873355865479,0.08381705731153488,6091.60498046875,0.04063680953330449,-0.0012606983046128818
440.0159912109375,1.4595940113067627,0.08370676636695862,6091.60498046875,0.04056306628528875,-0.0013968200590904916
440.2140197753906,1.459578037261963,0.08365683257579803,6091.60498046875,0.04057291726280011,-0.0013689166349268053
440.4120178222656,1.4595872163772583,0.0834619477391243,6091.60498046875,0.040604910435142666,-0.0013932936370776115
440.6100158691406,1.4595909118652344,0.0833311602473259,6091.60498046875,0.04054404330724481,-0.001337679365166661
440.8080139160156,1.4595915079116821,0.08324471116065979,6091.60498046875,0.04051493730799334,-0.0013109480677215297
441.0060119628906,1.4595807790756226,0.08313217759132385,6091.60498046875,0.040566900343353036,-0.0013851869079837397
441.2040100097656,1.4595955610275269,0.08322346955537796,6091.60498046875,0.04047711183669286,-0.0013677010295533633
441.40301513671875,1.4595927000045776,0.08326483517885208,6091.60498046875,0.04054890469100459,-0.001320445972960169
441.6000061035156,1.4595837593078613,0.0835387110710144,6091.60498046875,0.04066237659996156,-0.0014755548814975458
441.7980041503906,1.4595938920974731,0.08389046788215637,6091.60498046875,0.040608340626137954,-0.001507891914494702
441.9960021972656,1.459582805633545,0.08435364067554474,6091.60498046875,0.04045911030691865,-0.0013415934247146453
442.1940002441406,1.4595822095870972,0.0846673846244812,6091.60498046875,0.040486075139235446,-0.0013442124499431839
442.39300537109375,1.4595941305160522,0.08452392369508743,6091.60498046875,0.04058310199273999,-0.0014091662900168134
442.5899963378906,1.4595873355865479,0.08417664468288422,6091.60498046875,0.04060086455864058,-0.0013821115640941337
442.7879943847656,1.4595921039581299,0.08409429341554642,6091.60498046875,0.0406041675081545,-0.0014004246559895669
442.9859924316406,1.4595868587493896,0.08396796882152557,6091.60498046875,0.04051045526345119,-0.0013484786253685956
443.18402099609375,1.4595928192138672,0.08380550891160965,6091.60498046875,0.04056709953387993,-0.0013976561536870095
443.38201904296875,1.4595961570739746,0.08378463983535767,6091.60498046875,0.04056916611424974,-0.0014264505771852337
443.58001708984375,1.4595868587493896,0.08356479555368423,6091.60498046875,0.04060362227508513,-0.0013518221766752043
443.77801513671875,1.459587812423706,0.08343511819839478,6091.60498046875,0.040506361268957965,-0.001344293513014185
443.97601318359375,1.4595924615859985,0.0832294300198555,6091.60498046875,0.04056033493292181,-0.0012951433652910692
444.17401123046875,1.4595885276794434,0.0832294300198555,6091.60498046875,0.040552429773928374,-0.0012397970940763881
444.37200927734375,1.4595969915390015,0.08304684609174728,6091.60498046875,0.040619645470294556,-0.0014404237438655294
444.5710144042969,1.4595853090286255,0.08299318701028824,6091.60498046875,0.040605631404971976,-0.0014683773658286405
444.76800537109375,1.4595892429351807,0.08288736641407013,6091.60498046875,0.04058629458768759,-0.00129820500775858
444.96600341796875,1.4595892429351807,0.08282066136598587,6091.60498046875,0.04053481641218198,-0.001320691018664223
445.16400146484375,1.4595882892608643,0.08295853435993195,6091.60498046875,0.04071400820932711,-0.0012874233972170245
445.36199951171875,1.4595897197723389,0.08294475078582764,6091.60498046875,0.04045475582039186,-0.0013752065480906828
445.55999755859375,1.4595978260040283,0.08319440484046936,6091.60498046875,0.04065004321143044,-0.0014350389163659198
445.7590026855469,1.4595909118652344,0.08345673233270645,6091.60498046875,0.040608222957758774,-0.0015143154370909305
445.95599365234375,1.459591031074524,0.08393778651952744,6091.60498046875,0.04062288054499818,-0.0013461125078473618
446.15399169921875,1.4595955610275269,0.0842902883887291,6091.60498046875,0.040571997085666014,-0.0013979828688396785
446.3520202636719,1.4595993757247925,0.0842314139008522,6091.60498046875,0.04056251492540453,-0.00148942962983067
446.5509948730469,1.4595891237258911,0.08402908593416214,6091.60498046875,0.040617177055888756,-0.0012719635255523062
446.7480163574219,1.4595919847488403,0.08378240466117859,6091.60498046875,0.040541764829450426,-0.001404776871515793
446.9460144042969,1.4595850706100464,0.08359497785568237,6091.60498046875,0.04069991784041893,-0.0013592539252376518
447.1440124511719,1.4595942497253418,0.08359870314598083,6091.60498046875,0.04049451804543862,-0.0013652324166319864
447.3420104980469,1.4595953226089478,0.08350517600774765,6091.60498046875,0.040641301824967654,-0.0014256398881228021
405.39801025390625,1.4607282876968384,0.3121436536312103,4101.56103515625,0.03969638991102462,-0.0026531079836055456
405.62701416015625,1.4595924615859985,0.25786471366882324,4101.56103515625,0.03971788824298989,-0.002861214102619367
405.85601806640625,1.4595924615859985,0.2297610491514206,4101.56103515625,0.039727055040234,-0.0029113252873263088
406.0849914550781,1.4595863819122314,0.20779787003993988,4101.56103515625,0.03987920337549333,-0.003123213130855725
406.3139953613281,1.4595918655395508,0.19029276072978973,4101.56103515625,0.040012544860703984,-0.0031348222039930267
406.5429992675781,1.4595917463302612,0.1760253757238388,4101.56103515625,0.03987152138262899,-0.0031539895013945624
406.7720031738281,1.459583044052124,0.16428549587726593,4101.56103515625,0.04003348413322986,-0.003228901774339837
407.0010070800781,1.459591269493103,0.15474259853363037,4101.56103515625,0.04001738683734513,-0.003360083004161232
407.2300109863281,1.459593653678894,0.14692384004592896,4101.56103515625,0.040102516116798236,-0.00326894289047492
407.4590148925781,1.4595850706100464,0.14018195867538452,4101.56103515625,0.04019310335507864,-0.003259571747564188
407.6880187988281,1.459593415260315,0.13411304354667664,4101.56103515625,0.04033772244332415,-0.003366623014003034
407.9169921875,1.4595987796783447,0.12852518260478973,4101.56103515625,0.040391069063892414,-0.003309293484327256
408.14599609375,1.4595896005630493,0.12353053689002991,4101.56103515625,0.040416591002426845,-0.003452192597355462
408.375,1.4595963954925537,0.1191786676645279,4101.56103515625,0.04057441344544496,-0.0033476499855423897
408.60400390625,1.4595966339111328,0.11538945883512497,4101.56103515625,0.0405592399051692,-0.003529696865081791
408.8330078125,1.4595956802368164,0.11224600672721863,4101.56103515625,0.040665627122143305,-0.003521870155491531
409.06201171875,1.459587574005127,0.10972893238067627,4101.56103515625,0.04058237300734216,-0.0035289072565613667
409.291015625,1.4595913887023926,0.10768434405326843,4101.56103515625,0.04063227050430924,-0.0036236920684303234
409.5199890136719,1.4596004486083984,0.10515721142292023,4101.56103515625,0.04062247922627114,-0.0034394691852819292
409.7489929199219,1.4595838785171509,0.10277838259935379,4101.56103515625,0.04066064350857586,-0.0034634908803117042
409.9779968261719,1.4595953226089478,0.10052698850631714,4101.56103515625,0.04082667652506376,-0.0036575843430120825
410.2070007324219,1.4595940113067627,0.0987391397356987,4101.56103515625,0.040775048572953214,-0.003523996045834407
410.4360046386719,1.4595991373062134,0.09698110818862915,4101.56103515625,0.04073810754366219,-0.0035697709075509093
410.6650085449219,1.4595898389816284,0.09560016542673111,4101.56103515625,0.0407353889512238,-0.003553269979949035
410.8940124511719,1.4595904350280762,0.09423263370990753,4101.56103515625,0.04077091271350119,-0.0036063957449222806
411.1230163574219,1.459586501121521,0.09304358810186386,4101.56103515625,0.04081908279244686,-0.0036320526202331944
411.35198974609375,1.459593415260315,0.0919749066233635,4101.56103515625,0.040724603658813974,-0.0036632707142252663
411.58099365234375,1.4595943689346313,0.09098074585199356,4101.56103515625,0.04073173620477086,-0.0035930599090762258
411.80999755859375,1.4595803022384644,0.09008384495973587,4101.56103515625,0.040757720288148724,-0.0036126520398120586
412.03900146484375,1.4595863819122314,0.08947646617889404,4101.56103515625,0.040766003268609324,-0.0035760723676168662
412.26800537109375,1.4595855474472046,0.08883927762508392,4101.56103515625,0.040823849450824276,-0.0037437186168536034
412.49700927734375,1.4595931768417358,0.08847373723983765,4101.56103515625,0.04078054018816377,-0.003731486748385278
412.72601318359375,1.4595853090286255,0.08821848779916763,4101.56103515625,0.04078340841837493,-0.003652632316504157
412.95501708984375,1.4595909118652344,0.08842529356479645,4101.56103515625,0.04074936950597956,-0.0036661497616345532
413.1839904785156,1.4595874547958374,0.08850950747728348,4101.56103515625,0.04073289332073832,-0.0036257061999793528
413.4129943847656,1.459581732749939,0.08848342299461365,4101.56103515625,0.04071920767851773,-0.003751837977241985
413.6419982910156,1.4595947265625,0.08809291571378708,4101.56103515625,0.040773839752981586,-0.003617671679020618
413.8710021972656,1.4595935344696045,0.08769681304693222,4101.56103515625,0.040774817770688566,-0.0037973874415373607
414.1000061035156,1.4595896005630493,0.08734655380249023,4101.56103515625,0.04073815895419246,-0.003686653783131748
414.3290100097656,1.4595893621444702,0.087068572640419,4101.56103515625,0.04087477029159969,-0.0037176556141569022
414.5580139160156,1.4595861434936523,0.08681929111480713,4101.56103515625,0.04076645532006048,-0.003628076434378533
414.7870178222656,1.4595884084701538,0.08657298237085342,4101.56103515625,0.04082295292107192,-0.0038904899390428374
415.0159912109375,1.4595868587493896,0.0861973762512207,4101.56103515625,0.04079180773077104,-0.003697617505243469
415.2449951171875,1.4595860242843628,0.08595964312553406,4101.56103515625,0.04083751236807891,-0.0038111812804046616
415.4739990234375,1.4595829248428345,0.0857137143611908,4101.56103515625,0.040794908116255066,-0.0037625060176573024
415.7030029296875,1.45958411693573,0.08546704053878784,4101.56103515625,0.04078186414911538,-0.003775683736939091
415.9320068359375,1.4595820903778076,0.08511602878570557,4101.56103515625,0.04089675133278639,-0.00367535482763043
416.1610107421875,1.4595986604690552,0.08500908315181732,4101.56103515625,0.040888676166625997,-0.0037642869968921807
416.3900146484375,1.459586501121521,0.08507391810417175,4101.56103515625,0.04090448672740252,-0.0037330950282502846
416.6190185546875,1.459585428237915,0.08519800752401352,4101.56103515625,0.04073000679547293,-0.0036380097120685736
416.8479919433594,1.4595987796783447,0.08560378849506378,4101.56103515625,0.0408654906846535,-0.003801823478811672
417.0769958496094,1.4595946073532104,0.08599653840065002,4101.56103515625,0.040903526893224636,-0.003687257907541382
417.3059997558594,1.4595961570739746,0.0864153653383255,4101.56103515625,0.040732829438204186,-0.003758351855914661
417.5350036621094,1.4595940113067627,0.08648578822612762,4101.56103515625,0.040768014430027505,-0.003712145981815915
417.7640075683594,1.4595857858657837,0.08615154772996902,4101.56103515625,0.040790936310066674,-0.0038886727765023526
417.9930114746094,1.4595814943313599,0.085926853120327,4101.56103515625,0.04083680174318966,-0.00373628133412226
418.2220153808594,1.4595918655395508,0.085771843791008,4101.56103515625,0.04074205359346486,-0.003622054642586583
418.4510192871094,1.459593653678894,0.08572936803102493,4101.56103515625,0.04079383328382063,-0.0037327325109020836
418.67999267578125,1.4595789909362793,0.0856596827507019,4101.56103515625,0.04084573389495617,-0.003823859509857207
418.90899658203125,1.4595900774002075,0.08544766157865524,4101.56103515625,0.04077824683904274,-0.0037540275246205333
419.13800048828125,1.4595890045166016,0.0853068083524704,4101.56103515625,0.04077911659221431,-0.0038027255856522414
419.36700439453125,1.4595839977264404,0.08514323085546494,4101.56103515625,0.04081446018999673,-0.0037059891577742887
419.59600830078125,1.4595860242843628,0.08499753475189209,4101.56103515625,0.040836396846380366,-0.0036745781733138316
419.82501220703125,1.4595927000045776,0.08479892462491989,4101.56103515625,0.040816633774157375,-0.0036908513871645086
420.05401611328125,1.459589958190918,0.08483357727527618,4101.56103515625,0.04088799273391911,-0.0037590628217667546
420.2829895019531,1.459587812423706,0.08477731049060822,4101.56103515625,0.040923390735280354,-0.0038386836961242198
420.5119934082031,1.459587574005127,0.08483320474624634,4101.56103515625,0.040843756965791955,-0.0038088270855851664
420.7409973144531,1.4595698118209839,0.08515850454568863,4101.56103515625,0.040903046606773776,-0.003736678146420198
420.9700012207031,1.459579348564148,0.08555646985769272,4101.56103515625,0.040883246729934354,-0.0037960021831890955
421.1990051269531,1.4595788717269897,0.0861683189868927,4101.56103515625,0.04076826025345381,-0.003823534062273203
421.4280090332031,1.459583044052124,0.08639524132013321,4101.56103515625,0.04071966238637079,-0.003814314452213064
421.6570129394531,1.4595797061920166,0.08628643304109573,4101.56103515625,0.040748544853875746,-0.0038431495233901126
421.8860168457031,1.4595897197723389,0.08587729930877686,4101.56103515625,0.04085475374647154,-0.003820611472978443
422.114990234375,1.4595820903778076,0.08581320196390152,4101.56103515625,0.040849452716612424,-0.0038236132661778866
422.343994140625,1.4595891237258911,0.0857573077082634,4101.56103515625,0.04080548487075666,-0.0037851955107477534
422.572998046875,1.4595853090286255,0.08555609732866287,4101.56103515625,0.04059413412600219,-0.003839400900897105
422.802001953125,1.4595820903778076,0.08544021099805832,4101.56103515625,0.0407094583899577,-0.0038186262693450978
423.031005859375,1.4595712423324585,0.08525091409683228,4101.56103515625,0.04080328038588028,-0.0037516794226886865
423.260009765625,1.459578275680542,0.08506199717521667,4101.56103515625,0.04092387305421481,-0.003779861698627107
423.489013671875,1.4595831632614136,0.08494871854782104,4101.56103515625,0.04092019403368321,-0.0037259234384963195
423.718017578125,1.4595820903778076,0.08481718599796295,4101.56103515625,0.040830427420381135,-0.0038469387734370425
423.9469909667969,1.4595839977264404,0.08468154817819595,4101.56103515625,0.04074941454370269,-0.0038755156822651154
424.1759948730469,1.4595874547958374,0.0846390649676323,4101.56103515625,0.04079636349414148,-0.0037743461729173177
424.4049987792969,1.4595882892608643,0.08461671322584152,4101.56103515625,0.04096577370985311,-0.0039007623831612053
424.6340026855469,1.4595845937728882,0.08489990234375,4101.56103515625,0.04081433792598429,-0.0037957555163929462
424.8630065917969,1.4595922231674194,0.08521626144647598,4101.56103515625,0.04083105634009704,-0.0037491848692270523
425.0920104980469,1.4595834016799927,0.08565856516361237,4101.56103515625,0.04090781085515331,-0.0038111947439842283
425.3210144042969,1.459579586982727,0.08597678691148758,4101.56103515625,0.04073142510071379,-0.0039704204826611494
425.5500183105469,1.4595932960510254,0.08609379082918167,4101.56103515625,0.04075389471798154,-0.003982772951014986
425.77899169921875,1.4595887660980225,0.08583630621433258,4101.56103515625,0.040793637042074796,-0.0039050092037395973
426.00799560546875,1.4595822095870972,0.08555609732866287,4101.56103515625,0.04094696246757315,-0.003907948114722583
426.23699951171875,1.4595837593078613,0.08554118871688843,4101.56103515625,0.0408702945010643,-0.003706755838833838
426.46600341796875,1.459587812423706,0.08538245409727097,4101.56103515625,0.04092364416345647,-0.00390831702457351
426.69500732421875,1.459580421447754,0.08520955592393875,4101.56103515625,0.04075795246779279,-0.003761072337297155
426.92401123046875,1.4595885276794434,0.08500759303569794,4101.56103515625,0.040815434055494704,-0.0038794532894509664
427.15301513671875,1.459579586982727,0.08480935543775558,4101.56103515625,0.04086879261021066,-0.0037920360916716233
427.38201904296875,1.4595825672149658,0.08463533967733383,4101.56103515625,0.040881828446744865,-0.0037676179457664296
427.6109924316406,1.459580421447754,0.08461932092905045,4101.56103515625,0.04085030333319473,-0.003850752060631908
427.8399963378906,1.4595756530761719,0.08497219532728195,4101.56103515625,0.04082506032028258,-0.003906308093114574
428.0690002441406,1.4595749378204346,0.0855683907866478,4101.56103515625,0.040844300842800677,-0.003865198697210583
428.2980041503906,1.4595751762390137,0.08545324951410294,4101.56103515625,0.040897434312607076,-0.003958108127236329
428.5270080566406,1.4595797061920166,0.0852244570851326,4101.56103515625,0.0408491224842511,-0.0038851121381976283
428.7560119628906,1.4595791101455688,0.08525799214839935,4101.56103515625,0.04072760106546202,-0.0038244961784586595
428.9850158691406,1.4595873355865479,0.08560192584991455,4101.56103515625,0.040773059522006924,-0.0038410580604521585
429.2140197753906,1.4595825672149658,0.0859164223074913,4101.56103515625,0.040789332894701144,-0.00393307944577953
429.4429931640625,1.4595866203308105,0.08608186990022659,4101.56103515625,0.040706121665802994,-0.003850741786183184
429.6719970703125,1.4595884084701538,0.08570700883865356,4101.56103515625,0.040875091941222214,-0.0039918747910334266
429.9010009765625,1.4595743417739868,0.0852341502904892,4101.56103515625,0.040766245136234426,-0.0037559048713164157
430.1300048828125,1.4595855474472046,0.08504820615053177,4101.56103515625,0.04075560219747614,-0.0038272260811169135
430.3590087890625,1.4595890045166016,0.08482053875923157,4101.56103515625,0.0408958354804408,-0.003827209754421201
430.5880126953125,1.4595869779586792,0.0845705047249794,4101.56103515625,0.04086852325234745,-0.00396411849640261
430.8170166015625,1.4595869779586792,0.08447735011577606,4101.56103515625,0.04086975737598405,-0.003870182318336465
431.0459899902344,1.4595906734466553,0.08428843319416046,4101.56103515625,0.04083563136238581,-0.003934138885937303
431.2749938964844,1.4595847129821777,0.08401194214820862,4101.56103515625,0.04088117709464936,-0.0038786751653905635
431.5039978027344,1.4595873355865479,0.08377830684185028,4101.56103515625,0.04089654567046247,-0.003913878706545501
431.7330017089844,1.4595773220062256,0.08368291705846786,4101.56103515625,0.04093786577710632,-0.0038259372111792023
431.9620056152344,1.4595891237258911,0.0835387110710144,4101.56103515625,0.040892733072716,-0.003887307099773938
432.1910095214844,1.4595774412155151,0.08340642601251602,4101.56103515625,0.04097600340960168,-0.003930905832238245
432.4200134277344,1.4595768451690674,0.08338034898042679,4101.56103515625,0.0410155579423554,-0.003949479506308459
432.6490173339844,1.4595800638198853,0.08363447338342667,4101.56103515625,0.040795393065721094,-0.0038647804562388292
432.87799072265625,1.459568738937378,0.08404547721147537,4101.56103515625,0.040919521275827285,-0.003892221142498233
433.10699462890625,1.4595838785171509,0.0845026895403862,4101.56103515625,0.0408271983441616,-0.003802118405387742
433.33599853515625,1.4595849514007568,0.085030697286129,4101.56103515625,0.04082765921658104,-0.003983417405015279
433.56500244140625,1.4595876932144165,0.0850929245352745,4101.56103515625,0.040917419092408196,-0.0038977601594360274
433.79400634765625,1.4595834016799927,0.08474079519510269,4101.56103515625,0.04100834743446484,-0.003823860148732482
434.02301025390625,1.459580898284912,0.08456156402826309,4101.56103515625,0.040839963043224736,-0.0038705256110535056
434.25201416015625,1.4595829248428345,0.08435587584972382,4101.56103515625,0.04083039294892988,-0.003754631248011845
434.48101806640625,1.4595816135406494,0.0840715616941452,4101.56103515625,0.0408913601012173,-0.0038793609415836913
434.7099914550781,1.4595783948898315,0.08395977318286896,4101.56103515625,0.04084987369952331,-0.00403391501994587
434.9389953613281,1.459580659866333,0.08387146145105362,4101.56103515625,0.04088174006027318,-0.0039554578194133504
435.1679992675781,1.459592580795288,0.08357373625040054,4101.56103515625,0.04088612923431217,-0.003909726544597273
435.3970031738281,1.4595825672149658,0.08349548280239105,4101.56103515625,0.04103357923043458,-0.00386260500223287
435.6260070800781,1.4595882892608643,0.0833650678396225,4101.56103515625,0.04086365333712922,-0.0038421372631171746
435.8550109863281,1.459578037261963,0.08319328725337982,4101.56103515625,0.04094460943216532,-0.003935401346450579
436.0840148925781,1.4595872163772583,0.08308671414852142,4101.56103515625,0.04081556003075197,-0.0039478710776500855
436.3130187988281,1.4595822095870972,0.0829775407910347,4101.56103515625,0.041008037552194954,-0.003934718958833966
436.5419921875,1.4595789909362793,0.08312360942363739,4101.56103515625,0.04100114409504537,-0.003931403747386042
436.77099609375,1.4595884084701538,0.08356628566980362,4101.56103515625,0.041023191052818105,-0.003899643192781532
437.0,1.4595770835876465,0.08393965661525726,4101.56103515625,0.04095943956275955,-0.003886049959086969
437.22900390625,1.4595882892608643,0.0845123752951622,4101.56103515625,0.04092500057669281,-0.003963736804914698
437.4580078125,1.4595818519592285,0.08479631692171097,4101.56103515625,0.04078039914860706,-0.0038913131294617234
437.68701171875,1.459581732749939,0.08464018255472183,4101.56103515625,0.040936179822215354,-0.0038285350867784474
437.916015625,1.4595860242843628,0.08442443609237671,4101.56103515625,0.04090846996528373,-0.003975324545638624
438.14501953125,1.4595859050750732,0.08418074250221252,4101.56103515625,0.0407655112779094,-0.003972001584113785
438.3739929199219,1.4595757722854614,0.08390462398529053,4101.56103515625,0.04091122676757868,-0.0037457906038314585
438.6029968261719,1.4595757722854614,0.08372539281845093,4101.56103515625,0.04087180592401298,-0.003983706127755177
438.8320007324219,1.4595855474472046,0.08356069773435593,4101.56103515625,0.040849626538565297,-0.003943400252559451
439.0610046386719,1.4595845937728882,0.0833497866988182,4101.56103515625,0.04093592070459444,-0.003989546404842611
439.2900085449219,1.4595839977264404,0.08334196358919144,4101.56103515625,0.040948331745888786,-0.0038370886672870036
439.5190124511719,1.4595857858657837,0.08330246806144714,4101.56103515625,0.04082457599357373,-0.003874773271629863
439.7480163574219,1.459579348564148,0.08309677988290787,4101.56103515625,0.040834425020682664,-0.003910043537533074
439.9770202636719,1.4595789909362793,0.08303306251764297,4101.56103515625,0.04081157480428174,-0.0038616697859810796
440.20599365234375,1.459584355354309,0.08302821964025497,4101.56103515625,0.040933901509382885,-0.00385010586191093
440.43499755859375,1.4595832824707031,0.08305355161428452,4101.56103515625,0.040895966367883826,-0.0039454084354100865
440.66400146484375,1.4595859050750732,0.08324731886386871,4101.56103515625,0.041038387100998504,-0.0039300772184798684
440.89300537109375,1.4595855474472046,0.08371980488300323,4101.56103515625,0.04091914126202211,-0.004005619535262138
441.12200927734375,1.459578514099121,0.08423066884279251,4101.56103515625,0.04079427227146678,-0.003923052279278575
441.35101318359375,1.4595776796340942,0.0846528559923172,4101.56103515625,0.04095719080216956,-0.004024950876009873
441.58001708984375,1.4595867395401,0.0846681296825409,4101.56103515625,0.04076469889730547,-0.004046388922708814
441.8089904785156,1.4595786333084106,0.08449076116085052,4101.56103515625,0.0409718320913791,-0.003917709918315593
442.0379943847656,1.4595825672149658,0.08431078493595123,4101.56103515625,0.04086986926496652,-0.003936989921331351
442.2669982910156,1.4595837593078613,0.08393891155719757,4101.56103515625,0.04082834686695275,-0.0038934203748951035
442.4960021972656,1.4595741033554077,0.08376191556453705,4101.56103515625,0.04086320807979074,-0.003830301304371585
442.7250061035156,1.4595805406570435,0.08358864486217499,4101.56103515625,0.04082775572051706,-0.0039475818445567174
442.9540100097656,1.4595791101455688,0.08342580497264862,4101.56103515625,0.040875723272719905,-0.00395091641309539
443.1830139160156,1.4595894813537598,0.08330731093883514,4101.56103515625,0.04092856836381911,-0.003970424407918779
443.4120178222656,1.459576964378357,0.08318322896957397,4101.56103515625,0.04096609223900027,-0.0038558815216577003
443.6409912109375,1.4595764875411987,0.08299355953931808,4101.56103515625,0.04091195456070804,-0.0038990712820111254
443.8699951171875,1.4595857858657837,0.08288140594959259,4101.56103515625,0.040859635770933815,-0.003950158512147912
444.0989990234375,1.459581971168518,0.08270440250635147,4101.56103515625,0.040832979880471916,-0.003964719943759417
444.3280029296875,1.4595941305160522,0.08271074295043945,4101.56103515625,0.04090631513409754,-0.003907777870651776
444.5570068359375,1.4595798254013062,0.0828758105635643,4101.56103515625,0.04103208069670524,-0.00405810658316519
444.7860107421875,1.4595742225646973,0.08313031494617462,4101.56103515625,0.04086387492493348,-0.003913222341722305
445.0150146484375,1.4595754146575928,0.08360876142978668,4101.56103515625,0.040923094769790544,-0.003996072731832022
445.2440185546875,1.4595764875411987,0.08423961699008942,4101.56103515625,0.040751898693137625,-0.004011584521325851
445.4729919433594,1.4595754146575928,0.08441288769245148,4101.56103515625,0.04087531951575976,-0.004046056908354068
445.7019958496094,1.4595814943313599,0.08427724987268448,4101.56103515625,0.04074756739646948,-0.003860435898853603
445.9309997558594,1.4595820903778076,0.08402834087610245,4101.56103515625,0.040921616868770626,-0.003917265115738528
446.1600036621094,1.4595869779586792,0.08394449949264526,4101.56103515625,0.04089067805761018,-0.003962768137422168
446.3890075683594,1.459577202796936,0.08360429108142853,4101.56103515625,0.04091263351325527,-0.004052375463049094
446.6180114746094,1.459579586982727,0.08345747739076614,4101.56103515625,0.04084820582108512,-0.0039775175460358405
446.8470153808594,1.4595839977264404,0.08316422253847122,4101.56103515625,0.040930128979880576,-0.003928868618445595
447.0760192871094,1.459579586982727,0.08316310495138168,4101.56103515625,0.04085367859339388,-0.003942351172628494
447.30499267578125,1.4595779180526733,0.08300846815109253,4101.56103515625,0.04081418280680913,-0.004030508462068658
447.53399658203125,1.4595739841461182,0.0829533189535141,4101.56103515625,0.04080798300883424,-0.004026339862695751
447.76300048828125,1.459580898284912,0.08271260559558868,4101.56103515625,0.04090857295849598,-0.0038297669184101826
447.99200439453125,1.4595884084701538,0.08262131363153458,4101.56103515625,0.04089428814188447,-0.004028190328645884
448.22100830078125,1.4595779180526733,0.08251474052667618,4101.56103515625,0.04106641137398677,-0.00408210200369205
448.45001220703125,1.4595823287963867,0.08261982351541519,4101.56103515625,0.0408868127724742,-0.0040781749692503505
448.67901611328125,1.4595885276794434,0.08287357538938522,4101.56103515625,0.04106730480909148,-0.004025224166265639
448.90802001953125,1.4595882892608643,0.08324769139289856,4101.56103515625,0.04102451823401863,-0.003991175549247227
449.1369934082031,1.4595832824707031,0.08368440717458725,4101.56103515625,0.040830273073338884,-0.003971791482552934
449.3659973144531,1.4595847129821777,0.08412447571754456,4101.56103515625,0.040856060633175574,-0.00404219806799077
449.5950012207031,1.4595967531204224,0.08416210860013962,4101.56103515625,0.04095964721127516,-0.004076265128254513
449.8240051269531,1.4595927000045776,0.08390499651432037,4101.56103515625,0.040832114773987724,-0.0039609643963228434
450.0530090332031,1.4595931768417358,0.0835387110710144,4101.56103515625,0.04094406850244104,-0.003927791766168535
405.39801025390625,1.4610668420791626,0.31186679005622864,2759.41455078125,0.03993624188559057,-0.0052166042030842965
405.62701416015625,1.4596121311187744,0.2569842040538788,2759.41455078125,0.039931093728168165,-0.005532213857404636
405.85601806640625,1.4596092700958252,0.22917528450489044,2759.41455078125,0.03994984311146726,-0.005687985814278961
406.0849914550781,1.4596197605133057,0.20712342858314514,2759.41455078125,0.03996898971179931,-0.005822415844146515
406.3139953613281,1.4596043825149536,0.18924754858016968,2759.41455078125,0.04025100544119339,-0.005877909995433579
406.5429992675781,1.4596149921417236,0.17502301931381226,2759.41455078125,0.04031602040995526,-0.006051253839322163
406.7720031738281,1.459612250328064,0.1631791740655899,2759.41455078125,0.04035123217229506,-0.006062352886981164
407.0010070800781,1.4596121311187744,0.15340077877044678,2759.41455078125,0.04056415521955488,-0.006257379595275115
407.2300109863281,1.4596021175384521,0.14553022384643555,2759.41455078125,0.040536509503625855,-0.00623406422695105
407.4590148925781,1.4596142768859863,0.13878388702869415,2759.41455078125,0.040605954074245,-0.006296527256473361
407.6880187988281,1.4596045017242432,0.13322582840919495,2759.41455078125,0.04065364538860859,-0.0063095777223930215
407.9169921875,1.4596003293991089,0.12814250588417053,2759.41455078125,0.0407541502818264,-0.006261608304025862
408.14599609375,1.45960533618927,0.12358531355857849,2759.41455078125,0.040898487755130095,-0.006289133561877765
408.375,1.4596096277236938,0.11984193325042725,2759.41455078125,0.04090812547012484,-0.006361848113662761
408.60400390625,1.4596033096313477,0.11608067154884338,2759.41455078125,0.0410792743805398,-0.006453893260687206
408.8330078125,1.4596132040023804,0.11244722455739975,2759.41455078125,0.041098315604577426,-0.006358802624650406
409.06201171875,1.4596073627471924,0.1093246340751648,2759.41455078125,0.041170508218774285,-0.0065011208658516985
409.291015625,1.4596153497695923,0.10648263245820999,2759.41455078125,0.04124887552606684,-0.006382291362848393
409.5199890136719,1.459616780281067,0.10377179831266403,2759.41455078125,0.0413285914001362,-0.006468868407718884
409.7489929199219,1.4596065282821655,0.10142091661691666,2759.41455078125,0.041355253312437563,-0.006325181449462055
409.9779968261719,1.459608793258667,0.09937074035406113,2759.41455078125,0.04135996893878232,-0.006489386559500356
410.2070007324219,1.4596091508865356,0.097582146525383,2759.41455078125,0.04130380473018345,-0.006467919571831066
410.4360046386719,1.45961332321167,0.09594931453466415,2759.41455078125,0.04140902272491452,-0.006576208767594385
410.6650085449219,1.4596154689788818,0.09447260200977325,2759.41455078125,0.04132993257241706,-0.006595575621445177
410.8940124511719,1.4596103429794312,0.09304657578468323,2759.41455078125,0.04147557235791588,-0.00654284628649521
411.1230163574219,1.4596041440963745,0.09188063442707062,2759.41455078125,0.041403800447102734,-0.006549180256221106
411.35198974609375,1.4596089124679565,0.0909714326262474,2759.41455078125,0.04139135665498508,-0.006463952675024962
411.58099365234375,1.4596002101898193,0.09020606428384781,2759.41455078125,0.041511195548993504,-0.006543871690830909
411.80999755859375,1.459606647491455,0.08974214643239975,2759.41455078125,0.04150343539601429,-0.0065382167868025505
412.03900146484375,1.4595977067947388,0.0895390659570694,2759.41455078125,0.04142500066814741,-0.006577926071115436
412.26800537109375,1.4596055746078491,0.08970488607883453,2759.41455078125,0.04144864721479133,-0.006528785706098132
412.49700927734375,1.4596067667007446,0.08954539895057678,2759.41455078125,0.04136223812091894,-0.006577928940901424
412.72601318359375,1.4596083164215088,0.08906471729278564,2759.41455078125,0.04148019958884235,-0.006594285511787772
412.95501708984375,1.459601640701294,0.08854900300502777,2759.41455078125,0.0414273896228023,-0.006609996293467148
413.1839904785156,1.4596105813980103,0.08806087076663971,2759.41455078125,0.041280599957627874,-0.006497756824993739
413.4129943847656,1.4596055746078491,0.08741772174835205,2759.41455078125,0.04142997197578056,-0.006588112147565393
413.6419982910156,1.459607481956482,0.08695007860660553,2759.41455078125,0.04151133635553977,-0.006460584427337134
413.8710021972656,1.4596028327941895,0.0866624116897583,2759.41455078125,0.041477412331619064,-0.00668212388816883
414.1000061035156,1.4596084356307983,0.08642207086086273,2759.41455078125,0.04140461800124983,-0.006595802598042671
414.3290100097656,1.459612250328064,0.0860859677195549,2759.41455078125,0.041546184628685444,-0.006640685803300033
414.5580139160156,1.4596107006072998,0.08582699298858643,2759.41455078125,0.04132996723122789,-0.006692723763583561
414.7870178222656,1.4596037864685059,0.08557882159948349,2759.41455078125,0.04138459325206993,-0.006722227402734143
415.0159912109375,1.4596083164215088,0.085326187312603,2759.41455078125,0.041610835879941396,-0.006564586610369482
415.2449951171875,1.4596072435379028,0.08527923375368118,2759.41455078125,0.0415524787929063,-0.00663975639033061
415.4739990234375,1.459606647491455,0.08517341315746307,2759.41455078125,0.041408100823989005,-0.006830309910941069
415.7030029296875,1.4596149921417236,0.08538133651018143,2759.41455078125,0.041390295213018305,-0.006731692264551054
415.9320068359375,1.4596097469329834,0.08545809239149094,2759.41455078125,0.04149024168302253,-0.0066392284735276915
416.1610107421875,1.4595997333526611,0.08587953448295593,2759.41455078125,0.04148700095897127,-0.0066261794324450765
416.3900146484375,1.4596079587936401,0.08642430603504181,2759.41455078125,0.041419988556542865,-0.0066670940776356125
416.6190185546875,1.4596049785614014,0.0865994393825531,2759.41455078125,0.04145242841800635,-0.006634472523742023
416.8479919433594,1.4596097469329834,0.08646567165851593,2759.41455078125,0.04137527567987708,-0.00676177055370591
417.0769958496094,1.4596067667007446,0.08611615002155304,2759.41455078125,0.0415365346556285,-0.006655439807353191
417.3059997558594,1.459608793258667,0.08587468415498734,2759.41455078125,0.041460571123876605,-0.006675812432713445
417.5350036621094,1.4595969915390015,0.08550988882780075,2759.41455078125,0.041428542066459,-0.006757522243670641
417.7640075683594,1.459603190422058,0.08566080033779144,2759.41455078125,0.04150565012168374,-0.006753698869855838
417.9930114746094,1.459593415260315,0.0855385810136795,2759.41455078125,0.0415218207172297,-0.0066476855780122045
418.2220153808594,1.4596006870269775,0.08544579893350601,2759.41455078125,0.04143788979487538,-0.006646767816319658
418.4510192871094,1.4596136808395386,0.08524458110332489,2759.41455078125,0.04134630669766262,-0.006599270304950405
418.67999267578125,1.4596093893051147,0.08519017696380615,2759.41455078125,0.0415169062784843,-0.006642914123602545
418.90899658203125,1.459606647491455,0.08491555601358414,2759.41455078125,0.04141852796211901,-0.006750503286164668
419.13800048828125,1.459610104560852,0.08468266576528549,2759.41455078125,0.041546988432626344,-0.0067158113359240355
419.36700439453125,1.4596024751663208,0.0845801904797554,2759.41455078125,0.04146062559224758,-0.006815168297513714
419.59600830078125,1.4596041440963745,0.08458541333675385,2759.41455078125,0.041383981587447105,-0.006679267306338089
419.82501220703125,1.4596089124679565,0.08491890877485275,2759.41455078125,0.04155054951007244,-0.006739256981057599
420.05401611328125,1.4596134424209595,0.08524718880653381,2759.41455078125,0.04145258114336514,-0.006755802262214698
420.2829895019531,1.4596046209335327,0.08574389666318893,2759.41455078125,0.04152482417022863,-0.006805879492046781
420.5119934082031,1.4596046209335327,0.08591679483652115,2759.41455078125,0.041518869548362015,-0.006708899414170158
420.7409973144531,1.4596025943756104,0.08585270494222641,2759.41455078125,0.04159244587141513,-0.006744672040016838
420.9700012207031,1.4596055746078491,0.08551957458257675,2759.41455078125,0.041588713348521836,-0.006742591220654595
421.1990051269531,1.4596015214920044,0.08542194962501526,2759.41455078125,0.0414718630661477,-0.00667386216876908
421.4280090332031,1.4596073627471924,0.08522743731737137,2759.41455078125,0.04153363693690931,-0.006860721508943633
421.6570129394531,1.4596033096313477,0.08489692211151123,2759.41455078125,0.04145889334255004,-0.006712941931302813
421.8860168457031,1.4596045017242432,0.0846625417470932,2759.41455078125,0.04169704223829968,-0.006815180861464985
422.114990234375,1.459610939025879,0.08460888266563416,2759.41455078125,0.04153677260837419,-0.0069354093379466785
422.343994140625,1.4596023559570312,0.08443263173103333,2759.41455078125,0.041488079382349226,-0.006892456952749876
422.572998046875,1.4596041440963745,0.08421129733324051,2759.41455078125,0.041563972309774294,-0.006860922479943971
422.802001953125,1.459599494934082,0.08406038582324982,2759.41455078125,0.04164261742353718,-0.006742925783976708
423.031005859375,1.4596054553985596,0.08373843878507614,2759.41455078125,0.04151769388863095,-0.006706160049602274
423.260009765625,1.4596083164215088,0.08375035971403122,2759.41455078125,0.04142319830842508,-0.0068010611515851764
423.489013671875,1.4596141576766968,0.08374998718500137,2759.41455078125,0.04153956346038521,-0.006688201239122165
423.718017578125,1.4596025943756104,0.08400300145149231,2759.41455078125,0.04150576653040332,-0.006912758575500828
423.9469909667969,1.459610104560852,0.08424632251262665,2759.41455078125,0.041586090043947754,-0.006790752770382237
424.1759948730469,1.4596004486083984,0.0847691148519516,2759.41455078125,0.04150290391206397,-0.0067319391665282705
424.4049987792969,1.459603190422058,0.08521812409162521,2759.41455078125,0.04150761975470443,-0.006791978484965496
424.6340026855469,1.459592580795288,0.08534257858991623,2759.41455078125,0.04158993215712318,-0.006717706267037845
424.8630065917969,1.459605097770691,0.08512981235980988,2759.41455078125,0.04157935834784609,-0.006863935766815827
425.0920104980469,1.4596059322357178,0.08494238555431366,2759.41455078125,0.04150551877428603,-0.006812732454004759
425.3210144042969,1.4596027135849,0.0846431702375412,2759.41455078125,0.04156737963204868,-0.006806029113155777
425.5500183105469,1.4595952033996582,0.0844348669052124,2759.41455078125,0.041386414788737065,-0.006815629521001128
425.77899169921875,1.4596065282821655,0.08427240699529648,2759.41455078125,0.04154048335699707,-0.006905476883356355
426.00799560546875,1.459603190422058,0.08404622226953506,2759.41455078125,0.041589915801024266,-0.006821096915467396
426.23699951171875,1.459604024887085,0.08390872180461884,2759.41455078125,0.04153512798522508,-0.006777375635256119
426.46600341796875,1.4596022367477417,0.08379022777080536,2759.41455078125,0.04145220845610742,-0.006858875763571664
426.69500732421875,1.4596002101898193,0.08375781029462814,2759.41455078125,0.04150969623544719,-0.006847459571289407
426.92401123046875,1.45960533618927,0.08357373625040054,2759.41455078125,0.041502469096474884,-0.0068506939730161205
427.15301513671875,1.4596002101898193,0.08334345370531082,2759.41455078125,0.04160459523386442,-0.006732385666111625
427.38201904296875,1.4596060514450073,0.08338668197393417,2759.41455078125,0.04147216381018437,-0.0067560679690787115
427.6109924316406,1.4596025943756104,0.08350443094968796,2759.41455078125,0.04163496774879839,-0.006804900044561603
427.8399963378906,1.4596047401428223,0.08373023569583893,2759.41455078125,0.04157968657084929,-0.0067835777412581936
428.0690002441406,1.4595867395401,0.08417664468288422,2759.41455078125,0.04140937110702534,-0.006895080531039309
428.2980041503906,1.4595997333526611,0.08475048094987869,2759.41455078125,0.041522451230502605,-0.006838707931469376
428.5270080566406,1.4595972299575806,0.08506907522678375,2759.41455078125,0.04156472205245777,-0.006977719172446661
428.7560119628906,1.4595965147018433,0.08504895120859146,2759.41455078125,0.041491496399515465,-0.006858840499495189
428.9850158691406,1.4595953226089478,0.08476762473583221,2759.41455078125,0.04151476120902123,-0.006896679853741974
429.2140197753906,1.459608793258667,0.08467298001050949,2759.41455078125,0.04154671051500793,-0.006937267216274188
429.4429931640625,1.4596061706542969,0.08432681113481522,2759.41455078125,0.041511010198655364,-0.006925594178251902
429.6719970703125,1.4596021175384521,0.0841781347990036,2759.41455078125,0.041609692393117764,-0.006902287063843157
429.9010009765625,1.4596010446548462,0.08400560915470123,2759.41455078125,0.04156282163455255,-0.00684638553146217
430.1300048828125,1.4595947265625,0.08390536904335022,2759.41455078125,0.04158241095806872,-0.006768529826114519
430.3590087890625,1.4595996141433716,0.08365385234355927,2759.41455078125,0.04156236665708263,-0.006878976286492935
430.5880126953125,1.4596056938171387,0.08353237807750702,2759.41455078125,0.04155660815198512,-0.006993207613948619
430.8170166015625,1.4595929384231567,0.08337177336215973,2759.41455078125,0.04163267554168905,-0.0068499158017679565
431.0459899902344,1.4596047401428223,0.08326669782400131,2759.41455078125,0.04173252395872774,-0.00675182590554532
431.2749938964844,1.4596115350723267,0.08328122645616531,2759.41455078125,0.04153592268984556,-0.006949627014557488
431.5039978027344,1.4596102237701416,0.08329053968191147,2759.41455078125,0.04162220335701334,-0.006799471990817775
431.7330017089844,1.459599494934082,0.08353088796138763,2759.41455078125,0.041578108357557104,-0.0068546463778459575
431.9620056152344,1.4596093893051147,0.08388674259185791,2759.41455078125,0.04149273414654328,-0.006974402211861336
432.1910095214844,1.4596123695373535,0.0844736248254776,2759.41455078125,0.04161512210468397,-0.0068292046165905505
432.4200134277344,1.4595999717712402,0.08487679809331894,2759.41455078125,0.041593438121480864,-0.006843239729990752
432.6490173339844,1.4595940113067627,0.0849870964884758,2759.41455078125,0.041555124736143666,-0.006877513026559835
432.87799072265625,1.4596052169799805,0.08482798933982849,2759.41455078125,0.04160377422404675,-0.006942207469433851
433.10699462890625,1.4596030712127686,0.08469048887491226,2759.41455078125,0.041507321204226705,-0.006858590790390751
433.33599853515625,1.4595942497253418,0.0843525230884552,2759.41455078125,0.04150567786222762,-0.006896647904349931
433.56500244140625,1.4595980644226074,0.08417030423879623,2759.41455078125,0.0415305050921072,-0.006890799554252065
433.79400634765625,1.4596034288406372,0.08385134488344193,2759.41455078125,0.04152647535132546,-0.00688024545993566
434.02301025390625,1.4596062898635864,0.08389568328857422,2759.41455078125,0.041637359793467936,-0.006864593129233333
434.25201416015625,1.459607720375061,0.08376041799783707,2759.41455078125,0.041595365916754876,-0.006821107333028009
434.48101806640625,1.4596048593521118,0.08360801637172699,2759.41455078125,0.04159110605606586,-0.006849858083469592
434.7099914550781,1.4596037864685059,0.08341462910175323,2759.41455078125,0.041653624866753086,-0.006998234398727486
434.9389953613281,1.4596103429794312,0.08320595324039459,2759.41455078125,0.04161315704744809,-0.006806550792535097
435.1679992675781,1.4596041440963745,0.08319701254367828,2759.41455078125,0.04168451784760707,-0.006830999438284454
435.3970031738281,1.459599494934082,0.08311615139245987,2759.41455078125,0.041620312934209945,-0.006837286659842163
435.6260070800781,1.4596048593521118,0.08324173092842102,2759.41455078125,0.041518941337907476,-0.007019344829904845
435.8550109863281,1.4595956802368164,0.08334680646657944,2759.41455078125,0.04159266729024251,-0.006857642473011351
436.0840148925781,1.4596065282821655,0.08376377820968628,2759.41455078125,0.04162502208569681,-0.006837107319251408
436.3130187988281,1.4595954418182373,0.08432457596063614,2759.41455078125,0.041643465652718925,-0.006897323371071548
436.5419921875,1.459610104560852,0.08478663116693497,2759.41455078125,0.04154167096765957,-0.007017299406764075
436.77099609375,1.4596059322357178,0.08464279025793076,2759.41455078125,0.041553364236345446,-0.006969180086429494
437.0,1.4596086740493774,0.08435699343681335,2759.41455078125,0.04165014549036464,-0.006977991079658761
437.22900390625,1.4596014022827148,0.08416806906461716,2759.41455078125,0.04150892366008286,-0.006959258018453942
437.4580078125,1.459594488143921,0.08389419317245483,2759.41455078125,0.041488732809175366,-0.006973516043676547
437.68701171875,1.4596034288406372,0.08375035971403122,2759.41455078125,0.04140611059614015,-0.007004252279228463
437.916015625,1.4596030712127686,0.08364863693714142,2759.41455078125,0.04138970567159072,-0.006985224864433719
438.14501953125,1.4596072435379028,0.08355697244405746,2759.41455078125,0.04165378313339692,-0.006853902500156248
438.3739929199219,1.4596043825149536,0.08329501748085022,2759.41455078125,0.04168450331830952,-0.0069439008672737045
438.6029968261719,1.4596027135849,0.0830591470003128,2759.41455078125,0.04160183614908986,-0.0070885395195188225
438.8320007324219,1.4596011638641357,0.08298946171998978,2759.41455078125,0.04162362672009092,-0.006951247673400141
439.0610046386719,1.4596080780029297,0.08278600871562958,2759.41455078125,0.04172901665386708,-0.006978901042576036
439.2900085449219,1.4596073627471924,0.08276626467704773,2759.41455078125,0.041592233503003305,-0.006921995191600398
439.5190124511719,1.459611177444458,0.08290897309780121,2759.41455078125,0.04164088779553482,-0.006931242877847769
439.7480163574219,1.4596027135849,0.08301293849945068,2759.41455078125,0.04170273647691314,-0.006901795148385508
439.9770202636719,1.4596174955368042,0.08337997645139694,2759.41455078125,0.04167495075602067,-0.00702366733733508
440.20599365234375,1.4596043825149536,0.08392996340990067,2759.41455078125,0.041654381863017446,-0.0069740815589215775
440.43499755859375,1.4596086740493774,0.08430519700050354,2759.41455078125,0.041578886355235795,-0.0069676627077798255
440.66400146484375,1.4596052169799805,0.08446542173624039,2759.41455078125,0.04158618298168322,-0.006890861305642586
440.89300537109375,1.4596011638641357,0.08420123159885406,2759.41455078125,0.041601436169198876,-0.006881743660055174
441.12200927734375,1.4596045017242432,0.0840335562825203,2759.41455078125,0.04162128263378942,-0.006885383497975596
441.35101318359375,1.459597110748291,0.08373545855283737,2759.41455078125,0.0415444535231101,-0.006987286704700977
441.58001708984375,1.4596039056777954,0.08360838890075684,2759.41455078125,0.04148758447244772,-0.006945046101190493
441.8089904785156,1.459606647491455,0.08338742703199387,2759.41455078125,0.04161227328097094,-0.007016080761929875
442.0379943847656,1.4596024751663208,0.08325216174125671,2759.41455078125,0.04152158679921694,-0.006938338122406225
442.2669982910156,1.4596060514450073,0.08298052102327347,2759.41455078125,0.04164309647077629,-0.0068713546544540705
442.4960021972656,1.4596076011657715,0.08285420387983322,2759.41455078125,0.04152342195215697,-0.006952393826575188
442.7250061035156,1.4595956802368164,0.08281954377889633,2759.41455078125,0.04170677902772999,-0.006957707055781395
442.9540100097656,1.4595997333526611,0.08259187638759613,2759.41455078125,0.04169255037769996,-0.006983174306213655
443.1830139160156,1.4596009254455566,0.08251138776540756,2759.41455078125,0.04163944476661473,-0.006942950572137753
443.4120178222656,1.4596034288406372,0.08225502073764801,2759.41455078125,0.041683226409967404,-0.007031398836189997
443.6409912109375,1.459596872329712,0.08250542730093002,2759.41455078125,0.041620380067426015,-0.006991146524286131
443.8699951171875,1.4595966339111328,0.08273085951805115,2759.41455078125,0.04173652206059334,-0.006927390118791533
444.0989990234375,1.4596055746078491,0.08308336138725281,2759.41455078125,0.0415728240471248,-0.006895631503544913
444.3280029296875,1.4596035480499268,0.08373694866895676,2759.41455078125,0.041629977947899334,-0.007103906041278235
444.5570068359375,1.4595988988876343,0.08395977318286896,2759.41455078125,0.04141762105545975,-0.0069773686583381265
444.7860107421875,1.4596025943756104,0.08377905189990997,2759.41455078125,0.04156855927734007,-0.0068015736318434
445.0150146484375,1.4596086740493774,0.08366018533706665,2759.41455078125,0.041652810669353606,-0.006966227557536775
445.2440185546875,1.4596004486083984,0.08331401646137238,2759.41455078125,0.04164524356233442,-0.006903136906298404
445.4729919433594,1.459612488746643,0.08319254219532013,2759.41455078125,0.04153928439166951,-0.0070524108251638585
445.7019958496094,1.4595983028411865,0.08299467712640762,2759.41455078125,0.04156071287103839,-0.006999542806827872
445.9309997558594,1.459595799446106,0.08283594250679016,2759.41455078125,0.04158152263601121,-0.007004791526433811
446.1600036621094,1.4595927000045776,0.0827401801943779,2759.41455078125,0.04159915975088016,-0.0070217469066282115
446.3890075683594,1.4595963954925537,0.08259187638759613,2759.41455078125,0.04167981052897772,-0.007053911718481328
446.6180114746094,1.4595988988876343,0.08242978155612946,2759.41455078125,0.04165479392949086,-0.006999717482715446
446.8470153808594,1.4596003293991089,0.08227812498807907,2759.41455078125,0.041637422430914006,-0.006964924455076977
447.0760192871094,1.459598422050476,0.08210783451795578,2759.41455078125,0.04167050684618514,-0.0070092587004397374
447.30499267578125,1.4596027135849,0.0819222703576088,2759.41455078125,0.04160156676833995,-0.0069826042627819905
447.53399658203125,1.4595905542373657,0.08208809047937393,2759.41455078125,0.04171916139488844,-0.007004924205296059
447.76300048828125,1.4595978260040283,0.0822565108537674,2759.41455078125,0.0415091808949222,-0.006951230288366018
447.99200439453125,1.4595956802368164,0.08262541145086288,2759.41455078125,0.04162807344801952,-0.007042685112223685
448.22100830078125,1.4595988988876343,0.08313553035259247,2759.41455078125,0.0417527303442221,-0.006929037014775803
448.45001220703125,1.4595921039581299,0.08360280096530914,2759.41455078125,0.041607931360214755,-0.0069822802921436665
448.67901611328125,1.4595969915390015,0.08361509442329407,2759.41455078125,0.041509447690819185,-0.00701156163347037
448.90802001953125,1.4595972299575806,0.08346157521009445,2759.41455078125,0.0415278298728487,-0.0070098900471826
449.1369934082031,1.4596010446548462,0.08331327140331268,2759.41455078125,0.04159577528143727,-0.00709860154967058
449.3659973144531,1.4596025943756104,0.08319701254367828,2759.41455078125,0.04159088049247958,-0.007131695501395532
449.5950012207031,1.4596000909805298,0.08297120779752731,2759.41455078125,0.041651015542121216,-0.0070610771613959945
449.8240051269531,1.4595967531204224,0.08265931904315948,2759.41455078125,0.041724532015791564,-0.006934247430705841
450.0530090332031,1.4595952033996582,0.08261236548423767,2759.41455078125,0.04160429288317397,-0.006971466455297056
405.39801025390625,1.4610928297042847,0.3112165629863739,1857.972412109375,0.040247958329643715,-0.00862016800200164
405.62701416015625,1.4596595764160156,0.25657951831817627,1857.972412109375,0.04035375764382987,-0.008980687902957526
405.85601806640625,1.4599559307098389,0.22943128645420074,1857.972412109375,0.040475780640804905,-0.009249911724537756
406.0849914550781,1.4596641063690186,0.20664945244789124,1857.972412109375,0.040625630880410595,-0.009379613380856279
406.3139953613281,1.4596489667892456,0.18911564350128174,1857.972412109375,0.04069509684170779,-0.009462918847948233
406.5429992675781,1.4596482515335083,0.17496228218078613,1857.972412109375,0.04093749970617048,-0.00964148472602218
406.7720031738281,1.4599583148956299,0.16465997695922852,1857.972412109375,0.040968282746864995,-0.0098048335848478
407.0010070800781,1.4596470594406128,0.15426303446292877,1857.972412109375,0.04100689380532265,-0.009875325032958198
407.2300109863281,1.4596389532089233,0.14679081737995148,1857.972412109375,0.0411350507172254,-0.009882170355251034
407.4590148925781,1.459641695022583,0.14046776294708252,1857.972412109375,0.04139083551800861,-0.00994364026126783
407.6880187988281,1.4596439599990845,0.13444580137729645,1857.972412109375,0.041439667493282414,-0.009921550504627757
407.9169921875,1.4599511623382568,0.12968255579471588,1857.972412109375,0.04168829645057932,-0.010159505197840448
408.14599609375,1.459641695022583,0.1234634667634964,1857.972412109375,0.041746357974903434,-0.010197145193526056
408.375,1.45963454246521,0.11894503235816956,1857.972412109375,0.041820275859772146,-0.010088522375084709
408.60400390625,1.4596449136734009,0.11481188982725143,1857.972412109375,0.04197136733181529,-0.010193990097669553
408.8330078125,1.4596465826034546,0.11138114333152771,1857.972412109375,0.04215920662154594,-0.01004846765609101
409.06201171875,1.4596444368362427,0.10831519961357117,1857.972412109375,0.04227405832454892,-0.01005785609037224
409.291015625,1.4596519470214844,0.10541730374097824,1857.972412109375,0.042225026991087156,-0.01012968114133036
409.5199890136719,1.4596446752548218,0.10291998088359833,1857.972412109375,0.042282103752442686,-0.010114295042795308
409.7489929199219,1.4596502780914307,0.10066299885511398,1857.972412109375,0.04244331246154282,-0.010124447332542972
409.9779968261719,1.4596463441848755,0.09856289625167847,1857.972412109375,0.04238660786073693,-0.010150982500383756
410.2070007324219,1.459963321685791,0.09785080701112747,1857.972412109375,0.04240643961930498,-0.010142768092582398
410.4360046386719,1.4596556425094604,0.09518356621265411,1857.972412109375,0.042343099969173466,-0.010092588581291858
410.6650085449219,1.4596495628356934,0.09419723600149155,1857.972412109375,0.042541366551098435,-0.009998499822430678
410.8940124511719,1.4596521854400635,0.09347397089004517,1857.972412109375,0.042636376430793314,-0.010141422107636218
411.1230163574219,1.4596381187438965,0.09293180704116821,1857.972412109375,0.04256347735177623,-0.01021093895029984
411.35198974609375,1.4599483013153076,0.09329436719417572,1857.972412109375,0.042690048470496914,-0.010186445023224227
411.58099365234375,1.4599497318267822,0.09241348505020142,1857.972412109375,0.04251210044971221,-0.010096054005103092
411.80999755859375,1.4596505165100098,0.09035027027130127,1857.972412109375,0.042517544121311916,-0.01013559798053384
412.03900146484375,1.4599528312683105,0.09061334282159805,1857.972412109375,0.04259521229025573,-0.010096614449212594
412.26800537109375,1.459958553314209,0.08990945667028427,1857.972412109375,0.04276861314288319,-0.010161488571076627
412.49700927734375,1.459639072418213,0.08823265135288239,1857.972412109375,0.04267357876177692,-0.01007182988971158
412.72601318359375,1.4596420526504517,0.08757198601961136,1857.972412109375,0.04270494981596172,-0.01022733923840991
412.95501708984375,1.45964777469635,0.08709242194890976,1857.972412109375,0.04267392352677753,-0.010058727570727436
413.1839904785156,1.4596551656723022,0.08671607077121735,1857.972412109375,0.04267211166608989,-0.010188990818848503
413.4129943847656,1.4599535465240479,0.08722134679555893,1857.972412109375,0.04278039194151319,-0.010102919374786525
413.6419982910156,1.4596489667892456,0.08578413724899292,1857.972412109375,0.04267171588534611,-0.010098035654647964
413.8710021972656,1.4596534967422485,0.08544691652059555,1857.972412109375,0.04277831641689941,-0.010286529372516472
414.1000061035156,1.4599632024765015,0.08610459417104721,1857.972412109375,0.042875363360441114,-0.010239426454650171
414.3290100097656,1.4596507549285889,0.08486562222242355,1857.972412109375,0.042762858287010694,-0.010155675638351399
414.5580139160156,1.4596505165100098,0.08485779911279678,1857.972412109375,0.04278806224922465,-0.010185408317092887
414.7870178222656,1.4596449136734009,0.08507801592350006,1857.972412109375,0.04276778715743093,-0.010174553870540863
415.0159912109375,1.4596436023712158,0.08551212400197983,1857.972412109375,0.042737649970649806,-0.0103853542812618
415.2449951171875,1.4596455097198486,0.08597380667924881,1857.972412109375,0.042703528780071935,-0.010226237277706532
415.4739990234375,1.459648609161377,0.08595293760299683,1857.972412109375,0.04269024063878427,-0.010258820802371671
415.7030029296875,1.4596498012542725,0.08568055182695389,1857.972412109375,0.042624549940805986,-0.01019758140826344
415.9320068359375,1.4596362113952637,0.08544915169477463,1857.972412109375,0.0426981494553485,-0.010199514924827034
416.1610107421875,1.4596338272094727,0.0853060632944107,1857.972412109375,0.04280570135898904,-0.010232423834040676
416.3900146484375,1.4596291780471802,0.08510782569646835,1857.972412109375,0.042626604659464856,-0.010361480584979686
416.6190185546875,1.4596396684646606,0.08492114394903183,1857.972412109375,0.0428506850319863,-0.010377634990182323
416.8479919433594,1.4596441984176636,0.08468043059110641,1857.972412109375,0.04284461575573434,-0.010265583297161849
417.0769958496094,1.459633708000183,0.08454069495201111,1857.972412109375,0.042749891366142226,-0.010237778909546877
417.3059997558594,1.459656834602356,0.08437822759151459,1857.972412109375,0.04274206041246506,-0.010436213221016715
417.5350036621094,1.459643006324768,0.08417216688394547,1857.972412109375,0.04259348382911478,-0.010284305527988471
417.7640075683594,1.459644079208374,0.08396200835704803,1857.972412109375,0.042680234209730106,-0.010403268714057346
417.9930114746094,1.4596420526504517,0.08388897776603699,1857.972412109375,0.042779790184799986,-0.010353458128474283
418.2220153808594,1.459644079208374,0.08384276926517487,1857.972412109375,0.04279531408800788,-0.010311228458196016
418.4510192871094,1.4599543809890747,0.08499231189489365,1857.972412109375,0.0427848554870293,-0.010242695383950333
418.67999267578125,1.4596444368362427,0.08426495641469955,1857.972412109375,0.04281292983510015,-0.010305464505595411
418.90899658203125,1.4596467018127441,0.08453436195850372,1857.972412109375,0.042809024266464206,-0.010357132701141577
419.13800048828125,1.4596585035324097,0.08508770912885666,1857.972412109375,0.04267647376607223,-0.01036496054704198
419.36700439453125,1.4599592685699463,0.08654987812042236,1857.972412109375,0.04270983579432198,-0.01017748828813621
419.59600830078125,1.4599494934082031,0.08627935498952866,1857.972412109375,0.04275755152622325,-0.010391674892680568
419.82501220703125,1.4596542119979858,0.08520359545946121,1857.972412109375,0.042873111690555445,-0.010417692659051046
420.05401611328125,1.4599590301513672,0.08610012382268906,1857.972412109375,0.04269743612233763,-0.010359103592595433
420.2829895019531,1.4596505165100098,0.08483394980430603,1857.972412109375,0.042910535714807664,-0.010335028576296623
420.5119934082031,1.4599546194076538,0.08575320988893509,1857.972412109375,0.042802055668618354,-0.010462935814226873
420.7409973144531,1.4596383571624756,0.08437375724315643,1857.972412109375,0.04287540902157589,-0.010538095766510661
420.9700012207031,1.459650993347168,0.08429588377475739,1857.972412109375,0.042730618888137485,-0.010535571069801419
421.1990051269531,1.4596402645111084,0.08408311009407043,1857.972412109375,0.042846391215897506,-0.010355706476514868
421.4280090332031,1.4596444368362427,0.08400262892246246,1857.972412109375,0.042766743327583116,-0.01050783567372345
421.6570129394531,1.4596391916275024,0.0837622806429863,1857.972412109375,0.0428654281562453,-0.010301341418286957
421.8860168457031,1.4596407413482666,0.08365832269191742,1857.972412109375,0.04282717508313921,-0.010475206507400747
422.114990234375,1.459944248199463,0.08449113368988037,1857.972412109375,0.04288741769279099,-0.010379823827130362
422.343994140625,1.4596352577209473,0.08345673233270645,1857.972412109375,0.0428942002632015,-0.010468468258696698
422.572998046875,1.45963716506958,0.08366130292415619,1857.972412109375,0.04279095982736556,-0.010449050125426745
422.802001953125,1.4599437713623047,0.08513316512107849,1857.972412109375,0.042922017472273484,-0.010504915916155962
423.031005859375,1.45964515209198,0.08452802896499634,1857.972412109375,0.0428202753002239,-0.01032472864935713
423.260009765625,1.45964777469635,0.08513949811458588,1857.972412109375,0.04283272653066666,-0.010554859010074939
423.489013671875,1.4596418142318726,0.08524420857429504,1857.972412109375,0.04278213459645171,-0.01049639125342834
423.718017578125,1.459951639175415,0.08607403934001923,1857.972412109375,0.04277409532150326,-0.010504293450372546
423.9469909667969,1.4596463441848755,0.08479706197977066,1857.972412109375,0.042785912105246696,-0.010350104858577737
424.1759948730469,1.4596529006958008,0.08474899083375931,1857.972412109375,0.04272965179239095,-0.010336351677650806
424.4049987792969,1.459641695022583,0.0845421850681305,1857.972412109375,0.04287884596081943,-0.010520316724787052
424.6340026855469,1.4596452713012695,0.08437487483024597,1857.972412109375,0.04286450925487226,-0.010449587682724904
424.8630065917969,1.4596426486968994,0.08431190252304077,1857.972412109375,0.04272974982258181,-0.010398424551232799
425.0920104980469,1.4596465826034546,0.08422023802995682,1857.972412109375,0.04286764922362447,-0.010538582374398538
425.3210144042969,1.4596483707427979,0.0839795246720314,1857.972412109375,0.04275508222751677,-0.010530649495069907
425.5500183105469,1.4599517583847046,0.08490809798240662,1857.972412109375,0.04279136405906807,-0.010493942543101263
425.77899169921875,1.459956407546997,0.08466887474060059,1857.972412109375,0.04282500285872751,-0.010523832312063821
426.00799560546875,1.4596350193023682,0.08348989486694336,1857.972412109375,0.04281934069857147,-0.010450333752391022
426.23699951171875,1.45994234085083,0.08439388126134872,1857.972412109375,0.04286150378972043,-0.010575138871984708
426.46600341796875,1.4596456289291382,0.08336879312992096,1857.972412109375,0.042970107044858714,-0.010427862955787223
426.69500732421875,1.4596434831619263,0.08372725546360016,1857.972412109375,0.04285834309461401,-0.010578173534114783
426.92401123046875,1.4596517086029053,0.08413825929164886,1857.972412109375,0.04286575845446671,-0.010574832683199076
427.15301513671875,1.459643840789795,0.08459509909152985,1857.972412109375,0.04288916927072617,-0.010507933367368454
427.38201904296875,1.459950566291809,0.085922010242939,1857.972412109375,0.04278842641067572,-0.01061169631705173
427.6109924316406,1.4596418142318726,0.08480115979909897,1857.972412109375,0.042844897714016915,-0.01053289165210857
427.8399963378906,1.4599546194076538,0.08558403700590134,1857.972412109375,0.04272326086941742,-0.010502178610277604
428.0690002441406,1.4596436023712158,0.08442369103431702,1857.972412109375,0.04295094010296762,-0.010481995718664679
428.2980041503906,1.4596476554870605,0.08441773056983948,1857.972412109375,0.04267009226501464,-0.010511444842794747
428.5270080566406,1.4599624872207642,0.08518272638320923,1857.972412109375,0.042896644637047135,-0.010538780610079011
428.7560119628906,1.4596511125564575,0.0839504599571228,1857.972412109375,0.042764354068120944,-0.010531721966966964
428.9850158691406,1.4596489667892456,0.08382563292980194,1857.972412109375,0.04292415705691466,-0.01057405072136974
429.2140197753906,1.4596484899520874,0.083558090031147,1857.972412109375,0.04279066751958374,-0.010431289180373221
429.4429931640625,1.4596431255340576,0.0835491418838501,1857.972412109375,0.04274728090058178,-0.010440527961472655
429.6719970703125,1.4596458673477173,0.08338258415460587,1857.972412109375,0.04280002008085274,-0.010481039630646139
429.9010009765625,1.459648847579956,0.08312919735908508,1857.972412109375,0.04291042251037675,-0.010553876846498791
430.1300048828125,1.4596450328826904,0.08310683816671371,1857.972412109375,0.042693094044709175,-0.010565522707919035
430.3590087890625,1.459643840789795,0.08321303874254227,1857.972412109375,0.042862470817841766,-0.010494995746323914
430.5880126953125,1.4596399068832397,0.08338146656751633,1857.972412109375,0.04289902140663428,-0.010615573060439103
430.8170166015625,1.4596400260925293,0.08361062407493591,1857.972412109375,0.04281999026533164,-0.010680985290000958
431.0459899902344,1.4596441984176636,0.0840965285897255,1857.972412109375,0.0428449305392925,-0.010543450389953024
431.2749938964844,1.459952712059021,0.08558404445648193,1857.972412109375,0.042810160726364024,-0.010543376417705594
431.5039978027344,1.4596446752548218,0.08452466875314713,1857.972412109375,0.042848301387633986,-0.010582349943339082
431.7330017089844,1.4596372842788696,0.08438382297754288,1857.972412109375,0.04286630508430967,-0.01061295664375451
431.9620056152344,1.4599475860595703,0.08514136075973511,1857.972412109375,0.04289303559720979,-0.010584685709083351
432.1910095214844,1.4599508047103882,0.08493045717477798,1857.972412109375,0.04275805960351479,-0.010605728925732673
432.4200134277344,1.4596518278121948,0.08373209834098816,1857.972412109375,0.04284236328669782,-0.010543815269149031
432.6490173339844,1.4596397876739502,0.08354690670967102,1857.972412109375,0.04285113979484524,-0.010608538541610396
432.87799072265625,1.459951400756836,0.08436034619808197,1857.972412109375,0.042852348106252325,-0.010622782809453881
433.10699462890625,1.4596445560455322,0.08308336138725281,1857.972412109375,0.04269596425448555,-0.010623112036229518
433.33599853515625,1.4596394300460815,0.08292648941278458,1857.972412109375,0.042967745683891834,-0.010618072200230165
433.56500244140625,1.4596467018127441,0.08274204283952713,1857.972412109375,0.042863059093249466,-0.010465914156335755
433.79400634765625,1.4596409797668457,0.08262429386377335,1857.972412109375,0.042830615041758335,-0.010672932218227406
434.02301025390625,1.4596366882324219,0.08246443420648575,1857.972412109375,0.04293171301694996,-0.01069876412586628
434.25201416015625,1.4596410989761353,0.08239326626062393,1857.972412109375,0.04289667716422527,-0.010525407249025275
434.48101806640625,1.459641456604004,0.08260267972946167,1857.972412109375,0.042908388077658906,-0.01056178483245889
434.7099914550781,1.4596383571624756,0.08295704424381256,1857.972412109375,0.04285829637271897,-0.010648973582055184
434.9389953613281,1.4596452713012695,0.08324769139289856,1857.972412109375,0.042863356438430734,-0.01057494412813344
435.1679992675781,1.4596410989761353,0.08387704938650131,1857.972412109375,0.04292202894749476,-0.010657118300791623
435.3970031738281,1.459648609161377,0.08408161997795105,1857.972412109375,0.04284298686237509,-0.010590775505805871
435.6260070800781,1.4596434831619263,0.0840335562825203,1857.972412109375,0.042944221768442724,-0.010615740994973952
435.8550109863281,1.4596409797668457,0.08380178362131119,1857.972412109375,0.04279646885455594,-0.010471167320958851
436.0840148925781,1.4596432447433472,0.08363372832536697,1857.972412109375,0.04282988926263314,-0.01062667831186251
436.3130187988281,1.459628939628601,0.08352082222700119,1857.972412109375,0.04289405099252215,-0.01075813826389139
436.5419921875,1.4596370458602905,0.08363037556409836,1857.972412109375,0.04295197478568709,-0.010635251777086432
436.77099609375,1.4596447944641113,0.08338742703199387,1857.972412109375,0.04274428986737422,-0.010493500000106574
437.0,1.459956169128418,0.08428395539522171,1857.972412109375,0.0428892548916832,-0.01062357455733217
437.22900390625,1.4596481323242188,0.08321527391672134,1857.972412109375,0.04299626310805316,-0.010691896376249066
437.4580078125,1.4596394300460815,0.0835968405008316,1857.972412109375,0.042786532237581346,-0.010641107355230599
437.68701171875,1.4596441984176636,0.08350592106580734,1857.972412109375,0.042761771848105694,-0.010689468195591297
437.916015625,1.45963716506958,0.0831616148352623,1857.972412109375,0.042883033864565434,-0.010754797767563449
438.14501953125,1.4599497318267822,0.08382190763950348,1857.972412109375,0.042802708226803,-0.010643938389808202
438.3739929199219,1.4596474170684814,0.08267459273338318,1857.972412109375,0.042874422905970926,-0.010731064218872998
438.6029968261719,1.459652304649353,0.0830017626285553,1857.972412109375,0.042922662273670364,-0.01064604104919781
438.8320007324219,1.459639310836792,0.0832383781671524,1857.972412109375,0.04290413316453616,-0.010577630795660743
439.0610046386719,1.4596489667892456,0.08358752727508545,1857.972412109375,0.0429252088784873,-0.010491207631779237
439.2900085449219,1.459637999534607,0.08404361456632614,1857.972412109375,0.04287113465631311,-0.010808907749016458
439.5190124511719,1.4596328735351562,0.084013432264328,1857.972412109375,0.042877906463616125,-0.010637968032595264
439.7480163574219,1.459947109222412,0.0847262591123581,1857.972412109375,0.04292481503601644,-0.010651154139903364
439.9770202636719,1.4596391916275024,0.08332259207963943,1857.972412109375,0.04289164976344766,-0.010753114982818038
440.20599365234375,1.4596437215805054,0.08336059749126434,1857.972412109375,0.042999633602685695,-0.010771582056821346
440.43499755859375,1.4596394300460815,0.08324731886386871,1857.972412109375,0.042937705367956776,-0.01071772099224459
440.66400146484375,1.4596352577209473,0.08310236781835556,1857.972412109375,0.04283721439662206,-0.010692425780915405
440.89300537109375,1.4596388339996338,0.08300511538982391,1857.972412109375,0.042909048102709804,-0.01064304986646196
441.12200927734375,1.459646224975586,0.08286090940237045,1857.972412109375,0.042811433439219906,-0.010537903469611637
441.35101318359375,1.459947943687439,0.0838051363825798,1857.972412109375,0.04290504692549013,-0.010712766672252846
441.58001708984375,1.4596456289291382,0.08250430971384048,1857.972412109375,0.04293539204315572,-0.010669488075719713
441.8089904785156,1.4596349000930786,0.08240295201539993,1857.972412109375,0.0428809406274308,-0.010716943996722895
442.0379943847656,1.4596362113952637,0.08247300982475281,1857.972412109375,0.04299752313412879,-0.01070625012833123
442.2669982910156,1.4596387147903442,0.08241301774978638,1857.972412109375,0.04293145040297805,-0.01077391025022735
442.4960021972656,1.459639310836792,0.08243797719478607,1857.972412109375,0.04284518543838556,-0.01060527566297947
442.7250061035156,1.4599493741989136,0.08374477177858353,1857.972412109375,0.04285314734996399,-0.010688349772738366
442.9540100097656,1.4599499702453613,0.08410509675741196,1857.972412109375,0.04291776416735258,-0.010686067105975281
443.1830139160156,1.459951400756836,0.08446616679430008,1857.972412109375,0.04284359849093493,-0.010714969781886723
443.4120178222656,1.4596377611160278,0.08388897776603699,1857.972412109375,0.04282817711041353,-0.010702232919145039
443.6409912109375,1.45963454246521,0.08363037556409836,1857.972412109375,0.04284456436763255,-0.010827759660553719
443.8699951171875,1.459642767906189,0.08324061334133148,1857.972412109375,0.042833831525150766,-0.01069322498040615
444.0989990234375,1.4596363306045532,0.08325923979282379,1857.972412109375,0.042963446830159596,-0.01070967781519296
444.3280029296875,1.4599500894546509,0.08407863974571228,1857.972412109375,0.04289852617816109,-0.010658312474509199
444.5570068359375,1.4599486589431763,0.08389940857887268,1857.972412109375,0.0429639740660713,-0.010633211301751898
444.7860107421875,1.4596387147903442,0.08284525573253632,1857.972412109375,0.042831379797346004,-0.010710723111023389
445.0150146484375,1.459631085395813,0.08262466639280319,1857.972412109375,0.042928057509656975,-0.010700209360247945
445.2440185546875,1.4596350193023682,0.08246368914842606,1857.972412109375,0.042907265723054366,-0.01060986208115153
445.4729919433594,1.4599449634552002,0.08337736129760742,1857.972412109375,0.04284289317204165,-0.010707456758180219
445.7019958496094,1.459641456604004,0.0822024792432785,1857.972412109375,0.04285420387001476,-0.010666866773522831
445.9309997558594,1.4596445560455322,0.08212311565876007,1857.972412109375,0.0428702972585287,-0.010808462897724877
446.1600036621094,1.459641695022583,0.08208249509334564,1857.972412109375,0.04292348397822084,-0.01063551524008451
446.3890075683594,1.4596468210220337,0.08204784244298935,1857.972412109375,0.04291972071368658,-0.010772619979637901
446.6180114746094,1.4596422910690308,0.08229377865791321,1857.972412109375,0.042999679053718695,-0.010750126869572227
446.8470153808594,1.4596431255340576,0.08271297812461853,1857.972412109375,0.042889966737372685,-0.010597031572346871
447.0760192871094,1.459639072418213,0.0832480639219284,1857.972412109375,0.042790471866090175,-0.0106695856195284
447.30499267578125,1.4596394300460815,0.08357522636651993,1857.972412109375,0.04287077162800663,-0.010701675940495092
447.53399658203125,1.4596443176269531,0.08358752727508545,1857.972412109375,0.04299038982757442,-0.010789807331507128
447.76300048828125,1.4599400758743286,0.08422433584928513,1857.972412109375,0.0429847725305431,-0.010660888621163402
447.99200439453125,1.4596292972564697,0.08288773894309998,1857.972412109375,0.04293136180648585,-0.010715909229380639
448.22100830078125,1.4596505165100098,0.08287879079580307,1857.972412109375,0.04290020418046703,-0.010781264224346101
448.45001220703125,1.4596328735351562,0.08272266387939453,1857.972412109375,0.04296174666381311,-0.010769213435450094
448.67901611328125,1.4599406719207764,0.0834958553314209,1857.972412109375,0.04298362347141411,-0.010733504738836924
448.90802001953125,1.459640622138977,0.08250505477190018,1857.972412109375,0.04288157726389444,-0.010701250873834016
449.1369934082031,1.4596329927444458,0.08240630477666855,1857.972412109375,0.04296907519367164,-0.010632535849970613
449.3659973144531,1.4599395990371704,0.08320670574903488,1857.972412109375,0.04289399542886162,-0.010800190218758629
449.5950012207031,1.4599428176879883,0.08289407193660736,1857.972412109375,0.04288457292419335,-0.010747436862981163
449.8240051269531,1.4596480131149292,0.08179184794425964,1857.972412109375,0.042947421620299284,-0.010762613517261462
450.0530090332031,1.4596514701843262,0.08171658217906952,1857.972412109375,0.04291681778366003,-0.010752907929154273
405.39801025390625,1.4611144065856934,0.3113182783126831,1252.002685546875,0.0408693159344427,-0.013156643449117269
405.62701416015625,1.4596500396728516,0.2567386329174042,1252.002685546875,0.04100727249092947,-0.013602519343099433
405.85601806640625,1.4596408605575562,0.22938545048236847,1252.002685546875,0.041266863049563444,-0.014044324044617432
406.0849914550781,1.4596539735794067,0.20769689977169037,1252.002685546875,0.04142473443597178,-0.014266045470807016
406.3139953613281,1.4596457481384277,0.18994919955730438,1252.002685546875,0.04180262894177092,-0.014410497250585063
406.5429992675781,1.4596381187438965,0.17556071281433105,1252.002685546875,0.04195512061374439,-0.014578258563437432
406.7720031738281,1.4596492052078247,0.16382083296775818,1252.002685546875,0.04204395434164629,-0.014637994422859511
407.0010070800781,1.4596432447433472,0.1541873961687088,1252.002685546875,0.04226132946834027,-0.014691821783628562
407.2300109863281,1.4596364498138428,0.14632615447044373,1252.002685546875,0.04265918530659488,-0.014676781073433664
407.4590148925781,1.4596385955810547,0.13962936401367188,1252.002685546875,0.04267310591970829,-0.01486591201413773
407.6880187988281,1.4596375226974487,0.13346728682518005,1252.002685546875,0.042970231551787835,-0.014821005522968278
407.9169921875,1.4596327543258667,0.12803108990192413,1252.002685546875,0.043045976652543685,-0.01493953423769063
408.14599609375,1.4596422910690308,0.12292613834142685,1252.002685546875,0.0434191668204484,-0.01468888689840805
408.375,1.459639549255371,0.11836224794387817,1252.002685546875,0.04353983615287592,-0.01469177428813593
408.60400390625,1.4596452713012695,0.1143699586391449,1252.002685546875,0.043702898470065775,-0.014866147089300756
408.8330078125,1.4596489667892456,0.11096566915512085,1252.002685546875,0.04389819642963585,-0.014840217469402325
409.06201171875,1.4596513509750366,0.10809534788131714,1252.002685546875,0.04405155508789861,-0.01476919195901525
409.291015625,1.459643006324768,0.10573887825012207,1252.002685546875,0.04421555915142527,-0.014738272133666486
409.5199890136719,1.4596421718597412,0.10354114323854446,1252.002685546875,0.044113532141187226,-0.014752057685457095
409.7489929199219,1.4596328735351562,0.10167466849088669,1252.002685546875,0.044249120040140075,-0.014686790532470276
409.9779968261719,1.4596378803253174,0.10036527365446091,1252.002685546875,0.044298672497043376,-0.014661302697023225
410.2070007324219,1.4596471786499023,0.09875255823135376,1252.002685546875,0.04429535971926902,-0.014657216879646757
410.4360046386719,1.459645390510559,0.09697625786066055,1252.002685546875,0.04444082859589384,-0.014612124866783592
410.6650085449219,1.4596351385116577,0.09539894759654999,1252.002685546875,0.044624508719257695,-0.014629917654624479
410.8940124511719,1.4596426486968994,0.09398558735847473,1252.002685546875,0.044481313647211196,-0.014565150895805373
411.1230163574219,1.4596463441848755,0.09296757727861404,1252.002685546875,0.04459179464961505,-0.014646136730971513
411.35198974609375,1.459634780883789,0.09187392890453339,1252.002685546875,0.044642077372277496,-0.01465850148090707
411.58099365234375,1.4596443176269531,0.09088945388793945,1252.002685546875,0.04465877622488448,-0.014559472508227672
411.80999755859375,1.459654450416565,0.09017327427864075,1252.002685546875,0.04466539495597695,-0.014589102493372376
412.03900146484375,1.4599460363388062,0.09045907109975815,1252.002685546875,0.04477122657332727,-0.01468668998815318
412.26800537109375,1.4596501588821411,0.08861719816923141,1252.002685546875,0.04460469205920013,-0.014534828653466999
412.49700927734375,1.4596397876739502,0.08789467811584473,1252.002685546875,0.04486324302165881,-0.014592474225657723
412.72601318359375,1.4596447944641113,0.08749671280384064,1252.002685546875,0.04473613443777765,-0.01476126507904414
412.95501708984375,1.459647536277771,0.08729662001132965,1252.002685546875,0.04487984468415851,-0.014649743678897419
413.1839904785156,1.4596468210220337,0.08714533597230911,1252.002685546875,0.044801402993732156,-0.014675804956878456
413.4129943847656,1.459635615348816,0.08707304298877716,1252.002685546875,0.04487183015742146,-0.014582137009811008
413.6419982910156,1.459646463394165,0.08707676827907562,1252.002685546875,0.04481944626970669,-0.014794657512327303
413.8710021972656,1.4596360921859741,0.08744343370199203,1252.002685546875,0.044810997533575016,-0.014551841271746588
414.1000061035156,1.45963716506958,0.08748926222324371,1252.002685546875,0.044780079739191014,-0.014620452282486214
414.3290100097656,1.459644079208374,0.08717253059148788,1252.002685546875,0.044765006490040386,-0.014538295488052685
414.5580139160156,1.459641933441162,0.08667284995317459,1252.002685546875,0.04493009952476753,-0.014646043983913028
414.7870178222656,1.4596375226974487,0.08640529960393906,1252.002685546875,0.044858255033882306,-0.014728021516351766
415.0159912109375,1.4596401453018188,0.08626668900251389,1252.002685546875,0.044827404549738506,-0.014630553534052567
415.2449951171875,1.459633469581604,0.08610086888074875,1252.002685546875,0.044987363259438466,-0.014581815311013461
415.4739990234375,1.4596306085586548,0.08587207645177841,1252.002685546875,0.04495640539408903,-0.014736437318184316
415.7030029296875,1.4596445560455322,0.08574464172124863,1252.002685546875,0.044861659540789384,-0.014668971151264663
415.9320068359375,1.459643840789795,0.08554975688457489,1252.002685546875,0.04495790466054216,-0.01467579048904681
416.1610107421875,1.4596318006515503,0.08524346351623535,1252.002685546875,0.0448888717748369,-0.014752314125824985
416.3900146484375,1.4596428871154785,0.08505155891180038,1252.002685546875,0.04500606401958303,-0.014622080328532532
416.6190185546875,1.4596269130706787,0.08502770960330963,1252.002685546875,0.0449710157375921,-0.014814726434604313
416.8479919433594,1.4596410989761353,0.08471433818340302,1252.002685546875,0.04500865208374255,-0.014792023628262228
417.0769958496094,1.459633469581604,0.08467968553304672,1252.002685546875,0.04503024564902917,-0.014734257261621492
417.3059997558594,1.4596388339996338,0.08480563014745712,1252.002685546875,0.04506366258003901,-0.014746113364883084
417.5350036621094,1.459631323814392,0.08516036719083786,1252.002685546875,0.04494211742851215,-0.01468209154979281
417.7640075683594,1.4596298933029175,0.0857524648308754,1252.002685546875,0.04500834326846333,-0.014683595046551801
417.9930114746094,1.4596354961395264,0.0861150324344635,1252.002685546875,0.044970920564451976,-0.014758028505860506
418.2220153808594,1.45963454246521,0.08618992567062378,1252.002685546875,0.044935938720619496,-0.01474399713716729
418.4510192871094,1.4596318006515503,0.0857621505856514,1252.002685546875,0.04489582454833766,-0.014909009161809537
418.67999267578125,1.4596363306045532,0.08556876331567764,1252.002685546875,0.04505603680541658,-0.014975476248314868
418.90899658203125,1.4596352577209473,0.08544207364320755,1252.002685546875,0.04471778769634132,-0.014915196327616925
419.13800048828125,1.4596331119537354,0.08534369617700577,1252.002685546875,0.04504288799677661,-0.014780789454266202
419.36700439453125,1.4596350193023682,0.08508360385894775,1252.002685546875,0.045105756797062316,-0.014759232987155783
419.59600830078125,1.4596302509307861,0.08482687175273895,1252.002685546875,0.044896284044010915,-0.014832035103888794
419.82501220703125,1.4596397876739502,0.08483022451400757,1252.002685546875,0.04503381044451088,-0.014865703734528607
420.05401611328125,1.459637999534607,0.0846576988697052,1252.002685546875,0.044975146192059307,-0.014729768312363925
420.2829895019531,1.4596376419067383,0.08451274782419205,1252.002685546875,0.045051980509916476,-0.01502570233200266
420.5119934082031,1.459643006324768,0.08443337678909302,1252.002685546875,0.04507683107995063,-0.014845623881150554
420.7409973144531,1.4596400260925293,0.08432605862617493,1252.002685546875,0.04499529818932539,-0.014981775185161712
420.9700012207031,1.4596354961395264,0.0843096673488617,1252.002685546875,0.044925423478293515,-0.01500895244444267
421.1990051269531,1.4596272706985474,0.08447287976741791,1252.002685546875,0.04512372138017303,-0.014903454923080586
421.4280090332031,1.459633469581604,0.08461447060108185,1252.002685546875,0.04500156333336541,-0.01476169822597715
421.6570129394531,1.4596281051635742,0.08508994430303574,1252.002685546875,0.045014322645543975,-0.014816308898866077
421.8860168457031,1.459627628326416,0.08555459976196289,1252.002685546875,0.045116063196925724,-0.014858890378237092
422.114990234375,1.4596396684646606,0.08569284528493881,1252.002685546875,0.04509795136927981,-0.014907126067464494
422.343994140625,1.4596279859542847,0.0855683907866478,1252.002685546875,0.0449845222948678,-0.014813326680163396
422.572998046875,1.459639072418213,0.08521737903356552,1252.002685546875,0.045115144382176,-0.01509053903110503
422.802001953125,1.4596329927444458,0.0850638598203659,1252.002685546875,0.04506013365211607,-0.01489846428597814
423.031005859375,1.45963716506958,0.08492933958768845,1252.002685546875,0.044979073949016214,-0.014993446010961167
423.260009765625,1.4596295356750488,0.08485891669988632,1252.002685546875,0.045080137692184344,-0.015026119789814722
423.489013671875,1.4596285820007324,0.08460217714309692,1252.002685546875,0.04510169307008228,-0.014976920320809524
423.718017578125,1.4596360921859741,0.08448033034801483,1252.002685546875,0.04494772705950024,-0.0148659603949762
423.9469909667969,1.4596374034881592,0.08429849147796631,1252.002685546875,0.045052844230227894,-0.015078365596944159
424.1759948730469,1.4596396684646606,0.08417738229036331,1252.002685546875,0.045034906699372365,-0.014837005834297654
424.4049987792969,1.459641695022583,0.0839310809969902,1252.002685546875,0.04504783784358739,-0.01493488130159758
424.6340026855469,1.4596400260925293,0.08374998718500137,1252.002685546875,0.04515986635111905,-0.014917918539030616
424.8630065917969,1.4596368074417114,0.083717942237854,1252.002685546875,0.04499093190734222,-0.015086907267392749
425.0920104980469,1.459641456604004,0.08386214822530746,1252.002685546875,0.045058010563222485,-0.015102429511192356
425.3210144042969,1.4596357345581055,0.08392512053251266,1252.002685546875,0.04519543385216043,-0.015037114106943075
425.5500183105469,1.4596349000930786,0.08429326862096786,1252.002685546875,0.045090121189047275,-0.015083092420330325
425.77899169921875,1.459631323814392,0.08479034900665283,1252.002685546875,0.044973014190080166,-0.014992438718394953
426.00799560546875,1.4596357345581055,0.0851801186800003,1252.002685546875,0.04492830059591256,-0.015144289637190358
426.23699951171875,1.459633231163025,0.08517937362194061,1252.002685546875,0.04513809304121896,-0.015024425250934257
426.46600341796875,1.4596431255340576,0.08494871854782104,1252.002685546875,0.044980885755650964,-0.01509903591655364
426.69500732421875,1.4596340656280518,0.08467931300401688,1252.002685546875,0.045129233536674196,-0.015000957992283437
426.92401123046875,1.4596350193023682,0.0846051573753357,1252.002685546875,0.04509392006655597,-0.014961054682740385
427.15301513671875,1.4596353769302368,0.08444418758153915,1252.002685546875,0.045175167153194,-0.015086509908738426
427.38201904296875,1.4596445560455322,0.0843864306807518,1252.002685546875,0.045129746183985915,-0.014966413711862017
427.6109924316406,1.4596364498138428,0.08418893814086914,1252.002685546875,0.04507462444062998,-0.015121327946596572
427.8399963378906,1.4596335887908936,0.08402051031589508,1252.002685546875,0.04517379428066864,-0.01513846872012322
428.0690002441406,1.4596320390701294,0.08403951674699783,1252.002685546875,0.04513217197422765,-0.015150473194974064
428.2980041503906,1.459641933441162,0.08383196592330933,1252.002685546875,0.04521797512804421,-0.015027756066841272
428.5270080566406,1.4596288204193115,0.08361732959747314,1252.002685546875,0.04503837570252034,-0.015086936914230997
428.7560119628906,1.459631323814392,0.08357001096010208,1252.002685546875,0.045080789770671405,-0.015064833851124794
428.9850158691406,1.4596335887908936,0.08366242051124573,1252.002685546875,0.04514704118149322,-0.015148036377538506
429.2140197753906,1.4596410989761353,0.08382190018892288,1252.002685546875,0.045277042204730576,-0.015047458360813419
429.4429931640625,1.4596302509307861,0.08402572572231293,1252.002685546875,0.04516783115059144,-0.01505617539936207
429.6719970703125,1.4596394300460815,0.08438083529472351,1252.002685546875,0.04517324886307502,-0.015124869923602555
429.9010009765625,1.4596359729766846,0.08497218787670135,1252.002685546875,0.04510011161666334,-0.015055558587828966
430.1300048828125,1.4596434831619263,0.08527737110853195,1252.002685546875,0.04510538500047727,-0.015073342847177734
430.3590087890625,1.459639072418213,0.08510931581258774,1252.002685546875,0.04500159504759091,-0.015110033201443832
430.5880126953125,1.4596383571624756,0.08480339497327805,1252.002685546875,0.04506790875719547,-0.015126915950383986
430.8170166015625,1.4596368074417114,0.08458168059587479,1252.002685546875,0.04513178210751427,-0.015068110301131706
431.0459899902344,1.4596434831619263,0.08458913117647171,1252.002685546875,0.045084091849446305,-0.015074848994563796
431.2749938964844,1.459637999534607,0.08449746668338776,1252.002685546875,0.04520621056973624,-0.015204312926167396
431.5039978027344,1.4596327543258667,0.08433686941862106,1252.002685546875,0.04501273438838713,-0.015031967814543561
431.7330017089844,1.4596370458602905,0.08420458436012268,1252.002685546875,0.04499261733022699,-0.015039331086300406
431.9620056152344,1.459631085395813,0.08399666100740433,1252.002685546875,0.045075092636704735,-0.015271697049008137
432.1910095214844,1.4596385955810547,0.0838930755853653,1252.002685546875,0.0450628018864911,-0.015043432036468218
432.4200134277344,1.4596319198608398,0.08369223028421402,1252.002685546875,0.04519570874148818,-0.015188304671175028
432.6490173339844,1.4596396684646606,0.08363112062215805,1252.002685546875,0.04506302162584047,-0.015087339435394791
432.87799072265625,1.4596399068832397,0.08364192396402359,1252.002685546875,0.045214857075983175,-0.015059724317553614
433.10699462890625,1.4596444368362427,0.08377979695796967,1252.002685546875,0.04502127063811472,-0.015202575763987359
433.33599853515625,1.4596318006515503,0.08391766995191574,1252.002685546875,0.04510031563140165,-0.015117313409510322
433.56500244140625,1.4596420526504517,0.0842265710234642,1252.002685546875,0.04514475082529791,-0.015022797620134334
433.79400634765625,1.4596294164657593,0.0846673846244812,1252.002685546875,0.04513609313004586,-0.015252846196588147
434.02301025390625,1.4596312046051025,0.08509739488363266,1252.002685546875,0.04504622713816033,-0.015092081447885927
434.25201416015625,1.4596318006515503,0.08517079800367355,1252.002685546875,0.04511052613754106,-0.015137630382657303
434.48101806640625,1.4596388339996338,0.08479072153568268,1252.002685546875,0.0451330334531488,-0.015045831400663425
434.7099914550781,1.4596401453018188,0.08462565392255783,1252.002685546875,0.04518377963629322,-0.0152152914562092
434.9389953613281,1.4596415758132935,0.08438083529472351,1252.002685546875,0.045239543256756776,-0.015101939564023592
435.1679992675781,1.4596372842788696,0.08439239114522934,1252.002685546875,0.04510500711610594,-0.015287915057819658
435.3970031738281,1.4596425294876099,0.08419303596019745,1252.002685546875,0.0451102523665713,-0.015222642808400168
435.6260070800781,1.459640383720398,0.0839705765247345,1252.002685546875,0.04520268799919085,-0.015262695381277797
435.8550109863281,1.4596436023712158,0.08380960673093796,1252.002685546875,0.04507311519319966,-0.015172689923229388
436.0840148925781,1.4596420526504517,0.08354951441287994,1252.002685546875,0.04505464587630474,-0.01499550997660962
436.3130187988281,1.4596378803253174,0.083577461540699,1252.002685546875,0.04513392519130397,-0.015187507115058289
436.5419921875,1.4596270322799683,0.08335425704717636,1252.002685546875,0.04523400111101887,-0.015215397468159742
436.77099609375,1.459641695022583,0.0833456888794899,1252.002685546875,0.04518663312856227,-0.015300168427438256
437.0,1.4596269130706787,0.08328532427549362,1252.002685546875,0.04518301398044875,-0.015134441272372616
437.22900390625,1.4596405029296875,0.0834135040640831,1252.002685546875,0.04510839947538772,-0.015240408152392616
437.4580078125,1.4596301317214966,0.08361472189426422,1252.002685546875,0.04515616685291463,-0.01528740752358409
437.68701171875,1.459639072418213,0.08410584181547165,1252.002685546875,0.04515813389697663,-0.015167688537851914
437.916015625,1.4596346616744995,0.08455522358417511,1252.002685546875,0.045098037256486735,-0.015064510729771776
438.14501953125,1.4596226215362549,0.08475346118211746,1252.002685546875,0.04501416205565601,-0.01514804180745704
438.3739929199219,1.459628701210022,0.08447325229644775,1252.002685546875,0.045289357428765026,-0.01528525955517203
438.6029968261719,1.4596257209777832,0.08420272171497345,1252.002685546875,0.045030553142759625,-0.015084579215148147
438.8320007324219,1.459625482559204,0.08421725779771805,1252.002685546875,0.045167201702311394,-0.015194544878516356
439.0610046386719,1.4596290588378906,0.08410695940256119,1252.002685546875,0.045225261023976684,-0.015229106928987844
439.2900085449219,1.4596368074417114,0.08386214822530746,1252.002685546875,0.04507764159361877,-0.015127360683301231
439.5190124511719,1.4596290588378906,0.08369968086481094,1252.002685546875,0.045085270375185005,-0.015134537373328637
439.7480163574219,1.4596279859542847,0.08356143534183502,1252.002685546875,0.045221451387935326,-0.015348049901092443
439.9770202636719,1.4596205949783325,0.0834030732512474,1252.002685546875,0.04502110987911839,-0.015121981526182533
440.20599365234375,1.4596360921859741,0.08325178921222687,1252.002685546875,0.04513642179569318,-0.015287839155242119
440.43499755859375,1.4596362113952637,0.08309267461299896,1252.002685546875,0.04523148146137076,-0.015148193164733603
440.66400146484375,1.4596270322799683,0.0829339399933815,1252.002685546875,0.04519526433515717,-0.015277512373791657
440.89300537109375,1.4596343040466309,0.08275619894266129,1252.002685546875,0.0452703862787967,-0.01515682924133894
441.12200927734375,1.4596428871154785,0.0827942043542862,1252.002685546875,0.04515988685620495,-0.015212349759766947
441.35101318359375,1.4596405029296875,0.08315751701593399,1252.002685546875,0.04523720588832707,-0.015224306593643414
441.58001708984375,1.4596363306045532,0.08343511819839478,1252.002685546875,0.045189089289475404,-0.015248898634408287
441.8089904785156,1.4596391916275024,0.08381184190511703,1252.002685546875,0.04537149796653825,-0.015268038613529683
442.0379943847656,1.459653615951538,0.08421986550092697,1252.002685546875,0.045068081697604546,-0.015274700238679415
442.2669982910156,1.4596385955810547,0.08416620641946793,1252.002685546875,0.045293269764041626,-0.015236842311527488
442.4960021972656,1.4596354961395264,0.08394374698400497,1252.002685546875,0.045160844464733105,-0.015236565648832811
442.7250061035156,1.4596368074417114,0.0836121141910553,1252.002685546875,0.045192568410900365,-0.015142896624086251
442.9540100097656,1.4596389532089233,0.08358863741159439,1252.002685546875,0.0452803038696239,-0.015219866341425976
443.1830139160156,1.4596401453018188,0.08345039933919907,1252.002685546875,0.045137527785582054,-0.015335007670446536
443.4120178222656,1.459632158279419,0.08322235196828842,1252.002685546875,0.045251597896987454,-0.015362859714795092
443.6409912109375,1.459630012512207,0.08309976011514664,1252.002685546875,0.045135321219752174,-0.015128518858988109
443.8699951171875,1.459633231163025,0.08286686986684799,1252.002685546875,0.045236696192159254,-0.01527146894906085
444.0989990234375,1.4596405029296875,0.082726389169693,1252.002685546875,0.04522299451583872,-0.015264951719816938
444.3280029296875,1.4596366882324219,0.08260118961334229,1252.002685546875,0.04525256715993026,-0.015257088807849784
444.5570068359375,1.459631323814392,0.08242568373680115,1252.002685546875,0.04508179066410185,-0.0152903537526706
444.7860107421875,1.459626317024231,0.08239028602838516,1252.002685546875,0.04523081318799268,-0.015276360590915482
445.0150146484375,1.4596421718597412,0.08231724798679352,1252.002685546875,0.04525060387467493,-0.015566780321031181
445.2440185546875,1.459642767906189,0.08249349892139435,1252.002685546875,0.04524599145869974,-0.015221895361548785
445.4729919433594,1.4596277475357056,0.08281134814023972,1252.002685546875,0.04533412282863671,-0.01528049312394135
445.7019958496094,1.4596410989761353,0.08315490931272507,1252.002685546875,0.04526786174281486,-0.015290731159933879
445.9309997558594,1.4596318006515503,0.08362404257059097,1252.002685546875,0.045286470717201883,-0.015346885067958265
446.1600036621094,1.4596366882324219,0.0839076042175293,1252.002685546875,0.045278716285684854,-0.015234145598461295
446.3890075683594,1.4599474668502808,0.08463459461927414,1252.002685546875,0.04510388558686751,-0.015142036650046426
446.6180114746094,1.4596346616744995,0.0832432210445404,1252.002685546875,0.04515411700688569,-0.015297582858984096
446.8470153808594,1.4596384763717651,0.08327340334653854,1252.002685546875,0.045384072426940425,-0.015304788483559961
447.0760192871094,1.4596431255340576,0.08318471908569336,1252.002685546875,0.045284560071795064,-0.015333401650804697
447.30499267578125,1.459632396697998,0.08294512331485748,1252.002685546875,0.04536801821767636,-0.015275432606801047
447.53399658203125,1.4596327543258667,0.08287655562162399,1252.002685546875,0.04522465721529912,-0.015169001381324616
447.76300048828125,1.459635615348816,0.08273868262767792,1252.002685546875,0.04527401766262933,-0.01537634611713591
447.99200439453125,1.4596409797668457,0.08249238133430481,1252.002685546875,0.04540099294682413,-0.015296258452604029
448.22100830078125,1.4596288204193115,0.08233290165662766,1252.002685546875,0.04508463094360407,-0.015206088965733684
448.45001220703125,1.45963454246521,0.08240295201539993,1252.002685546875,0.045219158861324375,-0.015350811168872942
448.67901611328125,1.4596376419067383,0.08235824108123779,1252.002685546875,0.045258714550321606,-0.01531765958015549
448.90802001953125,1.4596302509307861,0.08228036016225815,1252.002685546875,0.045211794980848354,-0.015339333231971689
449.1369934082031,1.4596329927444458,0.08239289373159409,1252.002685546875,0.045343738180713834,-0.015310092176948245
449.3659973144531,1.4596315622329712,0.08268316835165024,1252.002685546875,0.045166582527876226,-0.015355730393496053
449.5950012207031,1.4596353769302368,0.08305392414331436,1252.002685546875,0.04521122252071972,-0.015266946000593853
449.8240051269531,1.4596318006515503,0.08355472981929779,1252.002685546875,0.04517608566193604,-0.015330665005428158
450.0530090332031,1.4596315622329712,0.08383159339427948,1252.002685546875,0.04525132467040598,-0.015226782188850374
405.39801025390625,1.4611376523971558,0.31137603521347046,841.3460693359375,0.04196673073422904,-0.019652411929629212
405.62701416015625,1.4596760272979736,0.2566242218017578,841.3460693359375,0.042296542660889704,-0.020205103859313765
405.85601806640625,1.4596730470657349,0.22875794768333435,841.3460693359375,0.04271815333431716,-0.020646661179287082
406.0849914550781,1.4596749544143677,0.20686407387256622,841.3460693359375,0.04318722064281729,-0.021196821514119824
406.3139953613281,1.4596792459487915,0.18899491429328918,841.3460693359375,0.04350312508990234,-0.021191108789738074
406.5429992675781,1.4599701166152954,0.17566169798374176,841.3460693359375,0.04399338663399832,-0.02133656552777359
406.7720031738281,1.4596681594848633,0.1627923846244812,841.3460693359375,0.04429021381895415,-0.02141674619743011
407.0010070800781,1.4596636295318604,0.15337246656417847,841.3460693359375,0.044643396403381684,-0.021171964466499354
407.2300109863281,1.459662914276123,0.14581602811813354,841.3460693359375,0.045087734790578565,-0.021294620372054804
407.4590148925781,1.4596704244613647,0.13970090448856354,841.3460693359375,0.04533620760713986,-0.021290480095371725
407.6880187988281,1.4596718549728394,0.13429078459739685,841.3460693359375,0.04560588419291344,-0.021352667184221706
407.9169921875,1.4596693515777588,0.12910610437393188,841.3460693359375,0.045766406654446874,-0.02135146404806864
408.14599609375,1.4596630334854126,0.12407009303569794,841.3460693359375,0.046139715331045446,-0.021100402927993023
408.375,1.4596658945083618,0.11938510090112686,841.3460693359375,0.046366365462456094,-0.021080570810270195
408.60400390625,1.4596575498580933,0.11526574194431305,841.3460693359375,0.046729453960720826,-0.021020304671307558
408.8330078125,1.4596606492996216,0.11162260174751282,841.3460693359375,0.04679947928999092,-0.020946633537449588
409.06201171875,1.4596596956253052,0.10845791548490524,841.3460693359375,0.047226279444238954,-0.020668268526891433
409.291015625,1.459670066833496,0.1056341677904129,841.3460693359375,0.047329371861528954,-0.020824144558812784
409.5199890136719,1.459671974182129,0.10304108262062073,841.3460693359375,0.04751026739518028,-0.020733154506337927
409.7489929199219,1.4596682786941528,0.1006559208035469,841.3460693359375,0.047558028810555056,-0.02067440082094655
409.9779968261719,1.4596742391586304,0.09857705235481262,841.3460693359375,0.04761854757930155,-0.020579806038087997
410.2070007324219,1.4596710205078125,0.09679814428091049,841.3460693359375,0.04791238895968576,-0.020550118879905984
410.4360046386719,1.4596587419509888,0.09505091607570648,841.3460693359375,0.047954362873451284,-0.020568582168371187
410.6650085449219,1.4596790075302124,0.09355781227350235,841.3460693359375,0.047933447123190025,-0.020454614825582137
410.8940124511719,1.4596660137176514,0.09260277450084686,841.3460693359375,0.04810239878216728,-0.020494155762008328
411.1230163574219,1.4596740007400513,0.09179344028234482,841.3460693359375,0.048122355825915425,-0.020514656564774143
411.35198974609375,1.4596707820892334,0.09112122654914856,841.3460693359375,0.048386990341675276,-0.02050717283517539
411.58099365234375,1.4596716165542603,0.09079071134328842,841.3460693359375,0.04819197578754326,-0.020258194664494335
411.80999755859375,1.4596644639968872,0.09075269848108292,841.3460693359375,0.04827470386823262,-0.020396209634439402
412.03900146484375,1.459664225578308,0.09021463245153427,841.3460693359375,0.04839503914356881,-0.020297300104599434
412.26800537109375,1.4596641063690186,0.08947385847568512,841.3460693359375,0.048462007580597474,-0.020156686910100113
412.49700927734375,1.4596728086471558,0.0889287069439888,841.3460693359375,0.04843911813066429,-0.02017128389922319
412.72601318359375,1.4596679210662842,0.08819277584552765,841.3460693359375,0.04847248162977619,-0.020187401317846358
412.95501708984375,1.4596666097640991,0.08746913820505142,841.3460693359375,0.048428287383950976,-0.020076952482082255
413.1839904785156,1.4599738121032715,0.0879848524928093,841.3460693359375,0.048553506916518274,-0.020144236412775313
413.4129943847656,1.4596575498580933,0.08645746856927872,841.3460693359375,0.04854606233037885,-0.020099212694181252
413.6419982910156,1.4596590995788574,0.08606323599815369,841.3460693359375,0.04868960566582621,-0.020231351174820007
413.8710021972656,1.4596606492996216,0.08572302758693695,841.3460693359375,0.048500561023563496,-0.020170497914526155
414.1000061035156,1.4596664905548096,0.08546144515275955,841.3460693359375,0.04851303941576304,-0.02016693735345338
414.3290100097656,1.459661841392517,0.08518682420253754,841.3460693359375,0.048476004661422524,-0.02003184913815283
414.5580139160156,1.4596657752990723,0.08490064740180969,841.3460693359375,0.048604754235397694,-0.02019446331082235
414.7870178222656,1.4596651792526245,0.08482537418603897,841.3460693359375,0.04869345217373023,-0.02023549529887496
415.0159912109375,1.4596630334854126,0.08482425659894943,841.3460693359375,0.04876375395375023,-0.020254145009004604
415.2449951171875,1.4596625566482544,0.08498001843690872,841.3460693359375,0.04866357099864668,-0.020414699981248875
415.4739990234375,1.4596627950668335,0.08530233800411224,841.3460693359375,0.048745349759101296,-0.020372165813855925
415.7030029296875,1.4596619606018066,0.08579307794570923,841.3460693359375,0.048564974282783745,-0.020185145488429562
415.9320068359375,1.459668517112732,0.08612807095050812,841.3460693359375,0.04870945095678263,-0.02019895857387986
416.1610107421875,1.4596571922302246,0.0860375240445137,841.3460693359375,0.048758369902685755,-0.020079114704152683
416.3900146484375,1.4596718549728394,0.08586462587118149,841.3460693359375,0.048592631802758086,-0.0202569382224974
416.6190185546875,1.4596583843231201,0.08556541055440903,841.3460693359375,0.04870723936125096,-0.020341493925740167
416.8479919433594,1.4596664905548096,0.08535338193178177,841.3460693359375,0.04857401284607664,-0.020196515085642065
417.0769958496094,1.4596648216247559,0.08517564088106155,841.3460693359375,0.048848779853475306,-0.020230643493941398
417.3059997558594,1.4596625566482544,0.08501690626144409,841.3460693359375,0.04882310984613557,-0.02025864273729383
417.5350036621094,1.4596604108810425,0.08483469486236572,841.3460693359375,0.048692251676558135,-0.02026237282939569
417.7640075683594,1.459661841392517,0.08471396565437317,841.3460693359375,0.04868021165671121,-0.020108577551946304
417.9930114746094,1.4596571922302246,0.08452876657247543,841.3460693359375,0.048998523322596,-0.020249343581756653
418.2220153808594,1.4596586227416992,0.08445871621370316,841.3460693359375,0.04875248196797834,-0.020398088681899306
418.4510192871094,1.4596658945083618,0.08428619056940079,841.3460693359375,0.04892588633400083,-0.020331626083521324
418.67999267578125,1.4596585035324097,0.08417291194200516,841.3460693359375,0.048895477422656104,-0.02040884415705501
418.90899658203125,1.4596539735794067,0.0841878205537796,841.3460693359375,0.048958261175319866,-0.020430643541761953
419.13800048828125,1.4596574306488037,0.08439350873231888,841.3460693359375,0.04867272080355833,-0.020489370878989444
419.36700439453125,1.4596636295318604,0.08474452048540115,841.3460693359375,0.04876886237391579,-0.020357463095261055
419.59600830078125,1.4596644639968872,0.08516707271337509,841.3460693359375,0.048705765059886684,-0.0202607524083988
419.82501220703125,1.4596617221832275,0.08567458391189575,841.3460693359375,0.048829333496106186,-0.020311250005383568
420.05401611328125,1.459649682044983,0.08587095886468887,841.3460693359375,0.04875207222661289,-0.020060262372114026
420.2829895019531,1.45965576171875,0.0856693685054779,841.3460693359375,0.048850684363743235,-0.020148511013356955
420.5119934082031,1.4596625566482544,0.085495725274086,841.3460693359375,0.04875904439102887,-0.020229429556857522
420.7409973144531,1.4596542119979858,0.08533699065446854,841.3460693359375,0.048871116136886834,-0.02048931743197167
420.9700012207031,1.4596599340438843,0.08507727086544037,841.3460693359375,0.04878207641215703,-0.02043495055921748
421.1990051269531,1.4596542119979858,0.08486934751272202,841.3460693359375,0.04892134614401279,-0.020469997414982594
421.4280090332031,1.4596588611602783,0.08467110991477966,841.3460693359375,0.04879403201975321,-0.0203352946887276
421.6570129394531,1.4596506357192993,0.08462080359458923,841.3460693359375,0.04883115372607272,-0.020444655945300004
421.8860168457031,1.4596526622772217,0.08442294597625732,841.3460693359375,0.04885089783706815,-0.02033315589076365
422.114990234375,1.459656000137329,0.08431152999401093,841.3460693359375,0.048900250246018045,-0.020346082671328147
422.343994140625,1.4596480131149292,0.08418558537960052,841.3460693359375,0.04883992305581711,-0.020441543231433927
422.572998046875,1.459660291671753,0.08409205079078674,841.3460693359375,0.04882911820748768,-0.020506743025289452
422.802001953125,1.4596666097640991,0.08393219858407974,841.3460693359375,0.04888585831269448,-0.020339281033625298
423.031005859375,1.4596627950668335,0.08402535319328308,841.3460693359375,0.04889307259348832,-0.020463870722395097
423.260009765625,1.4596600532531738,0.0844259262084961,841.3460693359375,0.04873478452753919,-0.020500921244206872
423.489013671875,1.4596672058105469,0.08484326303005219,841.3460693359375,0.04886505313736438,-0.02049864426353417
423.718017578125,1.4596586227416992,0.0853940024971962,841.3460693359375,0.04899087631361605,-0.020593187385155223
423.9469909667969,1.4596614837646484,0.08569880574941635,841.3460693359375,0.04907706183918616,-0.02043129715247508
424.1759948730469,1.4596651792526245,0.08568055182695389,841.3460693359375,0.04876422737748542,-0.020232697370596815
424.4049987792969,1.4596686363220215,0.08538766205310822,841.3460693359375,0.048802885004582554,-0.02031660154326047
424.6340026855469,1.4596649408340454,0.0851711705327034,841.3460693359375,0.04911173453224247,-0.02038561750808434
424.8630065917969,1.4596631526947021,0.08495914936065674,841.3460693359375,0.04881755220282283,-0.020464785710324698
425.0920104980469,1.459660291671753,0.08477693796157837,841.3460693359375,0.04892235144464078,-0.02033309801273233
425.3210144042969,1.4596623182296753,0.08443821966648102,841.3460693359375,0.04885010001923504,-0.020449720736002767
425.5500183105469,1.4596635103225708,0.08431115746498108,841.3460693359375,0.04896351525193596,-0.020530682768415624
425.77899169921875,1.4596656560897827,0.08407342433929443,841.3460693359375,0.048820467844843354,-0.020662663565254324
426.00799560546875,1.4596621990203857,0.08388114720582962,841.3460693359375,0.049089823898450874,-0.02063663037103632
426.23699951171875,1.4599699974060059,0.08474303036928177,841.3460693359375,0.04899418007155381,-0.0204840910129416
426.46600341796875,1.4596550464630127,0.08358155936002731,841.3460693359375,0.04887216125732183,-0.020465074112729912
426.69500732421875,1.4596644639968872,0.0835878923535347,841.3460693359375,0.04896899904055558,-0.020632866307626934
426.92401123046875,1.4596649408340454,0.08372315764427185,841.3460693359375,0.048982224210016294,-0.020763988581443828
427.15301513671875,1.4596606492996216,0.08390536904335022,841.3460693359375,0.04873097281881321,-0.020519107420899227
427.38201904296875,1.4596623182296753,0.08421502262353897,841.3460693359375,0.04906442081707808,-0.020444394561061324
427.6109924316406,1.4596648216247559,0.08465844392776489,841.3460693359375,0.04913947149722275,-0.0206514013519798
427.8399963378906,1.4596593379974365,0.08511155098676682,841.3460693359375,0.048969513480257,-0.020552052358192702
428.0690002441406,1.4596589803695679,0.08515068143606186,841.3460693359375,0.04900475695738666,-0.020532718049748662
428.2980041503906,1.4596625566482544,0.08504187315702438,841.3460693359375,0.0490909923345605,-0.020325066478787655
428.5270080566406,1.4596577882766724,0.0847892314195633,841.3460693359375,0.0490184332915639,-0.02057554575733704
428.7560119628906,1.4596664905548096,0.08457199484109879,841.3460693359375,0.04904778531790935,-0.020607269435105893
428.9850158691406,1.4596540927886963,0.0842943862080574,841.3460693359375,0.04905726155375457,-0.02063665799668513
429.2140197753906,1.459667444229126,0.08409354835748672,841.3460693359375,0.04873420136322704,-0.020505599189598076
429.4429931640625,1.4596694707870483,0.0839117020368576,841.3460693359375,0.048912685802481794,-0.020650615392525183
429.6719970703125,1.4596611261367798,0.08382599800825119,841.3460693359375,0.04897765988713918,-0.020775568887204644
429.9010009765625,1.4596680402755737,0.08353908360004425,841.3460693359375,0.04891226597706704,-0.020580412565516317
430.1300048828125,1.4596624374389648,0.08336730301380157,841.3460693359375,0.04898443558571656,-0.020656569663684444
430.3590087890625,1.459667682647705,0.08327899128198624,841.3460693359375,0.04898488593409284,-0.020552432976726133
430.5880126953125,1.4596586227416992,0.08310087770223618,841.3460693359375,0.048962518437540396,-0.020610255023573457
430.8170166015625,1.4596613645553589,0.08304200321435928,841.3460693359375,0.04885801816417582,-0.020689627817615505
431.0459899902344,1.4596627950668335,0.08318360149860382,841.3460693359375,0.0491294488953512,-0.020800273080562665
431.2749938964844,1.459656834602356,0.0835927352309227,841.3460693359375,0.049010366608325105,-0.020695201245473867
431.5039978027344,1.4596583843231201,0.08380439132452011,841.3460693359375,0.04908825309478985,-0.02083341874471164
431.7330017089844,1.4596583843231201,0.08441922068595886,841.3460693359375,0.04915491408947539,-0.020689572643947052
431.9620056152344,1.4596689939498901,0.0847553238272667,841.3460693359375,0.048981647021857935,-0.020522238879440508
432.1910095214844,1.459666132926941,0.08459211140871048,841.3460693359375,0.0489506994618941,-0.020757137531114935
432.4200134277344,1.4596595764160156,0.08438530564308167,841.3460693359375,0.04891707601133188,-0.020710551856217015
432.6490173339844,1.4596574306488037,0.08416695147752762,841.3460693359375,0.04909789764746418,-0.020569362883712757
432.87799072265625,1.4596586227416992,0.08383606374263763,841.3460693359375,0.04903792102827409,-0.020783171693652746
433.10699462890625,1.4596611261367798,0.08365123718976974,841.3460693359375,0.04911389394294242,-0.020632275701846267
433.33599853515625,1.4596667289733887,0.08351486176252365,841.3460693359375,0.04906931354653976,-0.020716397991519236
433.56500244140625,1.4599766731262207,0.08421465009450912,841.3460693359375,0.049012312205258264,-0.02072023301773728
433.79400634765625,1.4596666097640991,0.08315863460302353,841.3460693359375,0.04926323608978981,-0.02080801263685227
434.02301025390625,1.45966637134552,0.08295071125030518,841.3460693359375,0.04918782826830996,-0.020535239440110382
434.25201416015625,1.4596645832061768,0.08276327699422836,841.3460693359375,0.049132691471548064,-0.02068461799492676
434.48101806640625,1.459668517112732,0.08261162042617798,841.3460693359375,0.04898882232199275,-0.020680282662624883
434.7099914550781,1.4596664905548096,0.08245698362588882,841.3460693359375,0.049053830785447956,-0.020780837319889656
434.9389953613281,1.4596595764160156,0.08249759674072266,841.3460693359375,0.0490866897609248,-0.020848349852448336
435.1679992675781,1.4596576690673828,0.08274651318788528,841.3460693359375,0.04912635506947685,-0.020827339169568807
435.3970031738281,1.45966374874115,0.08316794782876968,841.3460693359375,0.04887132136211593,-0.02064847459071077
435.6260070800781,1.45966374874115,0.08373098075389862,841.3460693359375,0.04916184367862517,-0.020718834057218652
435.8550109863281,1.4596503973007202,0.08422433584928513,841.3460693359375,0.04898685180360002,-0.02080572558534917
436.0840148925781,1.4596608877182007,0.08425265550613403,841.3460693359375,0.049106332624647454,-0.020880294162919203
436.3130187988281,1.459656834602356,0.08406932651996613,841.3460693359375,0.04913007817751803,-0.020741679358096978
436.5419921875,1.4596556425094604,0.08396945893764496,841.3460693359375,0.04913593903895095,-0.020799401476318487
436.77099609375,1.4596540927886963,0.08379469811916351,841.3460693359375,0.04910566901925577,-0.020776890363716653
437.0,1.4596623182296753,0.08350778371095657,841.3460693359375,0.049080627562749016,-0.020709649263207754
437.22900390625,1.4596625566482544,0.08325327932834625,841.3460693359375,0.049130190303331885,-0.020710991155623935
437.4580078125,1.4596569538116455,0.08315452933311462,841.3460693359375,0.049054717988803495,-0.020684816217111518
437.68701171875,1.4596631526947021,0.08310423046350479,841.3460693359375,0.04903364766566051,-0.02086787095659562
437.916015625,1.4599692821502686,0.08384425938129425,841.3460693359375,0.049181452510636464,-0.020780643786177052
438.14501953125,1.4596612453460693,0.08259671926498413,841.3460693359375,0.049075134523318,-0.020740802790066282
438.3739929199219,1.459660530090332,0.08253858983516693,841.3460693359375,0.0493156014637983,-0.020774516903708965
438.6029968261719,1.459660291671753,0.08249573409557343,841.3460693359375,0.049140654387905776,-0.020908152902805212
438.8320007324219,1.4596643447875977,0.08240779489278793,841.3460693359375,0.04906295640017842,-0.020847984073907238
439.0610046386719,1.4596596956253052,0.08267645537853241,841.3460693359375,0.04905745174658214,-0.020804362757234077
439.2900085449219,1.4596586227416992,0.08294511586427689,841.3460693359375,0.049089500574660945,-0.020955825102690805
439.5190124511719,1.459660530090332,0.08345412462949753,841.3460693359375,0.049205413763813266,-0.020925755647545764
439.7480163574219,1.4596503973007202,0.08396834135055542,841.3460693359375,0.04904726299278519,-0.02079716186279389
439.9770202636719,1.459656834602356,0.08416024595499039,841.3460693359375,0.049077486940958,-0.020727004298791263
440.20599365234375,1.4596647024154663,0.08416397124528885,841.3460693359375,0.049212390105136665,-0.020821536284737957
440.43499755859375,1.4596613645553589,0.08396871387958527,841.3460693359375,0.049121891928851254,-0.020623473787017232
440.66400146484375,1.4596539735794067,0.0836743414402008,841.3460693359375,0.04909407066387946,-0.020828116525937114
440.89300537109375,1.459660291671753,0.08350218832492828,841.3460693359375,0.04916680943215366,-0.020699664584595965
441.12200927734375,1.4596548080444336,0.08323874324560165,841.3460693359375,0.04932927407542705,-0.020871017088579913
441.35101318359375,1.4596598148345947,0.08326408267021179,841.3460693359375,0.049064401151472016,-0.02088574326948715
441.58001708984375,1.4596514701843262,0.08309118449687958,841.3460693359375,0.04920224783832918,-0.020896713699032808
441.8089904785156,1.4596600532531738,0.08292201906442642,841.3460693359375,0.04909995689834363,-0.020723173499188938
442.0379943847656,1.4596666097640991,0.08297567069530487,841.3460693359375,0.0491578635854771,-0.02066057019077191
442.2669982910156,1.4596596956253052,0.08276960998773575,841.3460693359375,0.04897230383627069,-0.020846970257090244
442.4960021972656,1.459660530090332,0.08266341686248779,841.3460693359375,0.04911008159921866,-0.02089841023103463
442.7250061035156,1.4596596956253052,0.08257994800806046,841.3460693359375,0.048990945074988496,-0.020932342086431834
442.9540100097656,1.4596607685089111,0.08264180272817612,841.3460693359375,0.049321228234475545,-0.02086333078661187
443.1830139160156,1.4596575498580933,0.0829097181558609,841.3460693359375,0.049263019885372246,-0.020921404734945893
443.4120178222656,1.459656000137329,0.0831761434674263,841.3460693359375,0.049273878112079006,-0.02100632331763595
443.6409912109375,1.4596660137176514,0.08382376283407211,841.3460693359375,0.04927672256830491,-0.020846943984381555
443.8699951171875,1.4596625566482544,0.0841207429766655,841.3460693359375,0.049167587782659825,-0.02075067860938914
444.0989990234375,1.4596588611602783,0.08411142975091934,841.3460693359375,0.0491900985220127,-0.020826507391356
444.3280029296875,1.4599649906158447,0.08490400016307831,841.3460693359375,0.049033550344153715,-0.02085415073455318
444.5570068359375,1.459644079208374,0.08369558304548264,841.3460693359375,0.04925986607263332,-0.020697814986871316
444.7860107421875,1.4596693515777588,0.08351076394319534,841.3460693359375,0.04917612009665345,-0.02086319051634278
445.0150146484375,1.4596607685089111,0.08307628333568573,841.3460693359375,0.0491871911410648,-0.02074979954980217
445.2440185546875,1.4596508741378784,0.08305466920137405,841.3460693359375,0.04934766967253791,-0.020954486779485658
445.4729919433594,1.4596534967422485,0.08282587677240372,841.3460693359375,0.04916762943011652,-0.0208520846328948
445.7019958496094,1.4596529006958008,0.08276886492967606,841.3460693359375,0.04928520472704194,-0.020836119278341815
445.9309997558594,1.459661602973938,0.08256802707910538,841.3460693359375,0.049266391165596744,-0.020875228354429124
446.1600036621094,1.4596630334854126,0.08239736407995224,841.3460693359375,0.04931926140025493,-0.020917356257652966
446.3890075683594,1.4596632719039917,0.08236420154571533,841.3460693359375,0.0490677331027125,-0.02078455362890427
446.6180114746094,1.4596563577651978,0.08216000348329544,841.3460693359375,0.04926473684720491,-0.020856775220211173
446.8470153808594,1.4596644639968872,0.08222409337759018,841.3460693359375,0.04919258990176893,-0.02080615196425705
447.0760192871094,1.4596689939498901,0.08246927708387375,841.3460693359375,0.04933771856211859,-0.020916489723965204
447.30499267578125,1.4596585035324097,0.0825754776597023,841.3460693359375,0.04925505308721928,-0.021143285860678623
447.53399658203125,1.4596561193466187,0.08290338516235352,841.3460693359375,0.04928974606980182,-0.020898439563924575
447.76300048828125,1.4596599340438843,0.08353982865810394,841.3460693359375,0.049204748678651815,-0.02095856184256108
447.99200439453125,1.4599695205688477,0.08481680601835251,841.3460693359375,0.049318381782969906,-0.02085669458587674
448.22100830078125,1.4596600532531738,0.08356814831495285,841.3460693359375,0.04926026707175146,-0.020907046455940013
448.45001220703125,1.459659218788147,0.08333749324083328,841.3460693359375,0.04938458642935479,-0.020872104507277413
448.67901611328125,1.459967017173767,0.08410770446062088,841.3460693359375,0.04921280589021136,-0.020727103644715982
448.90802001953125,1.4596669673919678,0.0827595517039299,841.3460693359375,0.04927264482769602,-0.020990674143500164
449.1369934082031,1.4596636295318604,0.08250952512025833,841.3460693359375,0.049271317380887275,-0.021010430719144744
449.3659973144531,1.4596564769744873,0.08241189271211624,841.3460693359375,0.04930779861195515,-0.020730428659354427
449.5950012207031,1.4596632719039917,0.08224384486675262,841.3460693359375,0.0490699483462838,-0.020814260691187247
449.8240051269531,1.4596630334854126,0.08217155188322067,841.3460693359375,0.04933781989766927,-0.02081075867864285
450.0530090332031,1.459660530090332,0.08199343830347061,841.3460693359375,0.049129525589340174,-0.020829097888773906
405.39801025390625,1.461111068725586,0.31076905131340027,565.9053344726562,0.043897210385034566,-0.028501234951901815
405.62701416015625,1.459653615951538,0.2565981447696686,565.9053344726562,0.04467056624157423,-0.029626497433051024
405.85601806640625,1.4596558809280396,0.22901283204555511,565.9053344726562,0.045323469423108206,-0.030022030075937085
406.0849914550781,1.4596586227416992,0.20739953219890594,565.9053344726562,0.04625328250842442,-0.030421015166069314
406.3139953613281,1.4596587419509888,0.18993429839611053,565.9053344726562,0.04663205039753371,-0.030534676489741716
406.5429992675781,1.459661602973938,0.17572839558124542,565.9053344726562,0.0475374234296795,-0.030506635333694368
406.7720031738281,1.4596565961837769,0.16377127170562744,565.9053344726562,0.048066587021130626,-0.03042763979607886
407.0010070800781,1.45965576171875,0.15417249500751495,565.9053344726562,0.0486800066404686,-0.02998032713881877
407.2300109863281,1.4596630334854126,0.1462363451719284,565.9053344726562,0.049415971701320054,-0.030080371035710263
407.4590148925781,1.4596530199050903,0.13951049745082855,565.9053344726562,0.04976083562152415,-0.03011307061047203
407.6880187988281,1.459656834602356,0.13350343704223633,565.9053344726562,0.05030640518429766,-0.029536003927127463
407.9169921875,1.4596507549285889,0.1278984248638153,565.9053344726562,0.050686613085568426,-0.029251154605795422
408.14599609375,1.4596571922302246,0.12279423326253891,565.9053344726562,0.051182899002833564,-0.02899985814737519
408.375,1.4596612453460693,0.1183696985244751,565.9053344726562,0.0515335289978899,-0.028772801776830878
408.60400390625,1.4596554040908813,0.11439194530248642,565.9053344726562,0.05171673334729409,-0.028599455999633358
408.8330078125,1.4596484899520874,0.11087363213300705,565.9053344726562,0.05209523705452072,-0.02802528758165411
409.06201171875,1.4596450328826904,0.1078084260225296,565.9053344726562,0.0525514311327092,-0.02812152432417409
409.291015625,1.459647297859192,0.10512181371450424,565.9053344726562,0.05257435624753455,-0.028059499589691117
409.5199890136719,1.459652304649353,0.10287041962146759,565.9053344726562,0.0529348771344767,-0.027632641805921773
409.7489929199219,1.4596526622772217,0.10096407681703568,565.9053344726562,0.05341549829928932,-0.02748151305592517
409.9779968261719,1.459633231163025,0.09960735589265823,565.9053344726562,0.0532563077825277,-0.027635696001332418
410.2070007324219,1.459640383720398,0.0983273908495903,565.9053344726562,0.05357681646697928,-0.027016197453855504
410.4360046386719,1.4596531391143799,0.09699153900146484,565.9053344726562,0.053350201098997976,-0.026768217643385966
410.6650085449219,1.4596447944641113,0.09541161358356476,565.9053344726562,0.053877581764306015,-0.02676568009413045
410.8940124511719,1.459640622138977,0.09407240152359009,565.9053344726562,0.05366954749821222,-0.026659850614670532
411.1230163574219,1.4596444368362427,0.09278573095798492,565.9053344726562,0.05369973298561862,-0.026694501270966522
411.35198974609375,1.4596439599990845,0.09164886176586151,565.9053344726562,0.05395629712314476,-0.026556047064952612
411.58099365234375,1.4596425294876099,0.09067929536104202,565.9053344726562,0.05402552756761254,-0.026222176124340153
411.80999755859375,1.4596437215805054,0.08988933265209198,565.9053344726562,0.05420276774292892,-0.026395215580082787
412.03900146484375,1.4596463441848755,0.08918917179107666,565.9053344726562,0.054049767141589045,-0.026307469738380697
412.26800537109375,1.4596449136734009,0.08841560035943985,565.9053344726562,0.0543824727615715,-0.025945868222495533
412.49700927734375,1.4596431255340576,0.08778847754001617,565.9053344726562,0.05421480783550891,-0.02605107532428842
412.72601318359375,1.4596447944641113,0.08721836656332016,565.9053344726562,0.05419743156564313,-0.026101488646285673
412.95501708984375,1.4596436023712158,0.08681481331586838,565.9053344726562,0.05428132744300348,-0.026488931238291092
413.1839904785156,1.459648847579956,0.08645039051771164,565.9053344726562,0.05440246603908045,-0.02638258224152194
413.4129943847656,1.4596445560455322,0.08627451211214066,565.9053344726562,0.054689546338936516,-0.026082925476510085
413.6419982910156,1.4596468210220337,0.0862797275185585,565.9053344726562,0.05436450299656649,-0.025884992226538193
413.8710021972656,1.4596400260925293,0.08651597052812576,565.9053344726562,0.054467650299512484,-0.02607827715413379
414.1000061035156,1.4596376419067383,0.08676040917634964,565.9053344726562,0.05476546373739876,-0.02579041391039604
414.3290100097656,1.4596432447433472,0.08684387803077698,565.9053344726562,0.05472382291676576,-0.026098330034868476
414.5580139160156,1.4596441984176636,0.08675407618284225,565.9053344726562,0.05455198984469341,-0.02617576494927767
414.7870178222656,1.4596471786499023,0.08644106984138489,565.9053344726562,0.05436109021189591,-0.025664604932097747
415.0159912109375,1.4596463441848755,0.08607180416584015,565.9053344726562,0.05470719621288562,-0.02604378548480489
415.2449951171875,1.4596467018127441,0.08581282943487167,565.9053344726562,0.05475748174899468,-0.025811017510930744
415.4739990234375,1.4596467018127441,0.08540555089712143,565.9053344726562,0.05478634994356361,-0.02565037840347359
415.7030029296875,1.4596452713012695,0.08527625352144241,565.9053344726562,0.054715629666522,-0.026316701720724946
415.9320068359375,1.4596420526504517,0.08511676639318466,565.9053344726562,0.05481243004786439,-0.02603180197935778
416.1610107421875,1.45964777469635,0.0848805233836174,565.9053344726562,0.05478126487819412,-0.026224180613167454
416.3900146484375,1.4596446752548218,0.08456752449274063,565.9053344726562,0.05428880403842559,-0.025760161017803027
416.6190185546875,1.4596384763717651,0.08444827795028687,565.9053344726562,0.054676383617357514,-0.025794140811066044
416.8479919433594,1.4596420526504517,0.0842362567782402,565.9053344726562,0.05487765763272991,-0.026145360346395696
417.0769958496094,1.4596425294876099,0.08405255526304245,565.9053344726562,0.05454633924931247,-0.025795135442661894
417.3059997558594,1.4596441984176636,0.0841546505689621,565.9053344726562,0.054624484383772834,-0.02622370941800475
417.5350036621094,1.459640383720398,0.08433276414871216,565.9053344726562,0.05517496256515642,-0.02587492891357702
417.7640075683594,1.4596388339996338,0.08465098589658737,565.9053344726562,0.05442386047096363,-0.026209449844263426
417.9930114746094,1.4596329927444458,0.08499380201101303,565.9053344726562,0.054880604405918854,-0.025937081486535774
418.2220153808594,1.4596432447433472,0.08536642789840698,565.9053344726562,0.05497700653977561,-0.02636510132667567
418.4510192871094,1.4596408605575562,0.08548566699028015,565.9053344726562,0.055131637162657614,-0.02606907785837997
418.67999267578125,1.4596447944641113,0.0853261798620224,565.9053344726562,0.054752323782231604,-0.026135181607434128
418.90899658203125,1.4596335887908936,0.08517973870038986,565.9053344726562,0.05508782568220511,-0.02621139917262807
419.13800048828125,1.4596410989761353,0.08501020073890686,565.9053344726562,0.05466114890524726,-0.025951130944030943
419.36700439453125,1.459636926651001,0.0847989171743393,565.9053344726562,0.05487189864030072,-0.026275564105270356
419.59600830078125,1.4596400260925293,0.08469793945550919,565.9053344726562,0.054868287200633616,-0.026352041031356296
419.82501220703125,1.4596432447433472,0.08446281403303146,565.9053344726562,0.05474327537890721,-0.026548988913656892
420.05401611328125,1.4596465826034546,0.08447138220071793,565.9053344726562,0.055046471065431445,-0.026385808038076854
420.2829895019531,1.4596449136734009,0.08425451815128326,565.9053344726562,0.054872217648879555,-0.02643003567938289
420.5119934082031,1.459648609161377,0.08404584974050522,565.9053344726562,0.05484539658006498,-0.02641004705147238
420.7409973144531,1.4596493244171143,0.08387555927038193,565.9053344726562,0.05504126016448828,-0.025990825745719405
420.9700012207031,1.4596434831619263,0.08390052616596222,565.9053344726562,0.055126118106451245,-0.026194134756132945
421.1990051269531,1.4596513509750366,0.08379693329334259,565.9053344726562,0.055031429179803394,-0.025865226218712744
421.4280090332031,1.4596459865570068,0.08382152765989304,565.9053344726562,0.054691443373029065,-0.026653453124685266
421.6570129394531,1.4596335887908936,0.08403727412223816,565.9053344726562,0.054982227033858785,-0.026368983478290153
421.8860168457031,1.4596432447433472,0.08442070335149765,565.9053344726562,0.0547188373804619,-0.02621089093661154
422.114990234375,1.4596517086029053,0.08499119430780411,565.9053344726562,0.05471834790427054,-0.02613675437124115
422.343994140625,1.4596526622772217,0.08525948226451874,565.9053344726562,0.05477088533504585,-0.026360115165152274
422.572998046875,1.4596433639526367,0.08501690626144409,565.9053344726562,0.054959324915901026,-0.02629515469207274
422.802001953125,1.4596474170684814,0.08482872694730759,565.9053344726562,0.055229738566374434,-0.026080631621822815
423.031005859375,1.4596489667892456,0.08468825370073318,565.9053344726562,0.05524417339791368,-0.026526622366423013
423.260009765625,1.4596444368362427,0.08447175472974777,565.9053344726562,0.05515236656469016,-0.02636984690387101
423.489013671875,1.4596433639526367,0.08420346677303314,565.9053344726562,0.05490901346953269,-0.02655217410429687
423.718017578125,1.4596487283706665,0.08412521332502365,565.9053344726562,0.05511229808204485,-0.026418621761318335
423.9469909667969,1.4596354961395264,0.08408385515213013,565.9053344726562,0.05514621476215911,-0.02626359805231589
424.1759948730469,1.4599499702453613,0.08488275855779648,565.9053344726562,0.05495378474336579,-0.02631450974435501
424.4049987792969,1.4596463441848755,0.08369297534227371,565.9053344726562,0.05507290545207074,-0.026816247505013224
424.6340026855469,1.459638237953186,0.08340679854154587,565.9053344726562,0.05483394559328824,-0.02652721442150025
424.8630065917969,1.4596387147903442,0.08334531635046005,565.9053344726562,0.05494486932634299,-0.02617062348592116
425.0920104980469,1.4596407413482666,0.08332295715808868,565.9053344726562,0.05544210726635711,-0.026719523694380555
425.3210144042969,1.4596422910690308,0.08346753567457199,565.9053344726562,0.054922031041386175,-0.026714493392048934
425.5500183105469,1.4596425294876099,0.08346753567457199,565.9053344726562,0.05492802328364875,-0.02647214151736085
425.77899169921875,1.459641456604004,0.08380550146102905,565.9053344726562,0.05516065911015488,-0.026683352740071137
426.00799560546875,1.459640383720398,0.08438269793987274,565.9053344726562,0.055233532984968546,-0.026445876561111508
426.23699951171875,1.459648847579956,0.08492635935544968,565.9053344726562,0.05514326926876717,-0.026604629932539908
426.46600341796875,1.4596401453018188,0.08495020121335983,565.9053344726562,0.05516577360650843,-0.026749380858777778
426.69500732421875,1.4596402645111084,0.08470017462968826,565.9053344726562,0.055156228628199515,-0.026410562513204842
426.92401123046875,1.459647536277771,0.08464055508375168,565.9053344726562,0.05523401609568723,-0.0266173791406964
427.15301513671875,1.4596370458602905,0.08444604277610779,565.9053344726562,0.05500038918445465,-0.02646737298073461
427.38201904296875,1.459648847579956,0.08422321826219559,565.9053344726562,0.0553814082380337,-0.026428105344294857
427.6109924316406,1.4596426486968994,0.0840715542435646,565.9053344726562,0.05486943233517145,-0.026583704550049134
427.8399963378906,1.459641456604004,0.08388561755418777,565.9053344726562,0.05521742465919144,-0.026281855482608925
428.0690002441406,1.4596320390701294,0.08374588191509247,565.9053344726562,0.05524700092377083,-0.026496412207726572
428.2980041503906,1.4596341848373413,0.08366391062736511,565.9053344726562,0.05534107204837615,-0.026322625215625044
428.5270080566406,1.4596483707427979,0.0833456888794899,565.9053344726562,0.055074752831433954,-0.026274152072747966
428.7560119628906,1.4596418142318726,0.08328644186258316,565.9053344726562,0.05512528286064656,-0.026634507682181955
428.9850158691406,1.4596346616744995,0.08325812220573425,565.9053344726562,0.0553051281307176,-0.02649872579240994
429.2140197753906,1.4596487283706665,0.0832148939371109,565.9053344726562,0.05503696260614727,-0.026716286763697205
429.4429931640625,1.4596376419067383,0.08322570472955704,565.9053344726562,0.055122393411019335,-0.02644261573356799
429.6719970703125,1.4596424102783203,0.0835629254579544,565.9053344726562,0.05532214282455693,-0.026643450313079638
429.9010009765625,1.4596368074417114,0.08399330824613571,565.9053344726562,0.05494188312489468,-0.026394827649892535
430.1300048828125,1.4596452713012695,0.08456826210021973,565.9053344726562,0.05513375689437833,-0.026738361751753915
430.3590087890625,1.4596372842788696,0.08486412465572357,565.9053344726562,0.0549746529417383,-0.026736231689330432
430.5880126953125,1.4596449136734009,0.08466850221157074,565.9053344726562,0.05507932677127122,-0.026588713605034328
430.8170166015625,1.459641456604004,0.08439984172582626,565.9053344726562,0.054900699899163775,-0.026595576647498387
431.0459899902344,1.459638237953186,0.08431711792945862,565.9053344726562,0.055491462845657195,-0.02645101063515495
431.2749938964844,1.459644079208374,0.08422992378473282,565.9053344726562,0.055130124903013646,-0.026671688317878174
431.5039978027344,1.4596365690231323,0.08393815904855728,565.9053344726562,0.0550719694285357,-0.026535979929836598
431.7330017089844,1.4596352577209473,0.08386288583278656,565.9053344726562,0.0551605941813416,-0.0264854624458129
431.9620056152344,1.4596401453018188,0.08367881178855896,565.9053344726562,0.055124558760425685,-0.02654463364180716
432.1910095214844,1.459640622138977,0.08354578912258148,565.9053344726562,0.05522782481062456,-0.026560443083524093
432.4200134277344,1.4596492052078247,0.08337177336215973,565.9053344726562,0.05536455110527297,-0.026692118247154218
432.6490173339844,1.459632396697998,0.08310721069574356,565.9053344726562,0.05485235566921537,-0.026557043406311986
432.87799072265625,1.4596458673477173,0.08303864300251007,565.9053344726562,0.055348194987361876,-0.02670918495725788
433.10699462890625,1.4596388339996338,0.08287953585386276,565.9053344726562,0.055309762021765636,-0.026780950898640354
433.33599853515625,1.4596381187438965,0.08294995874166489,565.9053344726562,0.05543365833014565,-0.026752430909676255
433.56500244140625,1.4596459865570068,0.08304423838853836,565.9053344726562,0.05516649085782995,-0.0266780022032119
433.79400634765625,1.4596452713012695,0.08342915773391724,565.9053344726562,0.05534305948164045,-0.02684971054363239
434.02301025390625,1.4596320390701294,0.08392884582281113,565.9053344726562,0.055130325355449664,-0.02645235494448372
434.25201416015625,1.459640383720398,0.08444790542125702,565.9053344726562,0.055264281064802905,-0.026333310129830822
434.48101806640625,1.4596272706985474,0.08451833575963974,565.9053344726562,0.05537270892806584,-0.026532778228257125
434.7099914550781,1.4596507549285889,0.08424520492553711,565.9053344726562,0.05512754332203658,-0.02660673472579118
434.9389953613281,1.459629774093628,0.0839608907699585,565.9053344726562,0.05532428967717757,-0.02662527964237519
435.1679992675781,1.4596377611160278,0.0838107243180275,565.9053344726562,0.055363887146561035,-0.02668794276042282
435.3970031738281,1.4596434831619263,0.08369148522615433,565.9053344726562,0.055515470953302205,-0.026740023300898752
435.6260070800781,1.4596410989761353,0.08356702327728271,565.9053344726562,0.05524430996870264,-0.026457715608246005
435.8550109863281,1.4596483707427979,0.08328867703676224,565.9053344726562,0.05541666667283626,-0.026508263749730164
436.0840148925781,1.4596439599990845,0.08330395072698593,565.9053344726562,0.05554747386948053,-0.02655859574458224
436.3130187988281,1.4596407413482666,0.08313553035259247,565.9053344726562,0.055318558332133255,-0.02671413811132701
436.5419921875,1.4596413373947144,0.0828564316034317,565.9053344726562,0.055279974207542146,-0.026908151848012506
436.77099609375,1.459635853767395,0.08269695192575455,565.9053344726562,0.05517631775974031,-0.026784160729759567
437.0,1.4596331119537354,0.0826093852519989,565.9053344726562,0.05528706665390103,-0.0267320504770226
437.22900390625,1.459637999534607,0.08263248205184937,565.9053344726562,0.055237439550946454,-0.02649346268448918
437.4580078125,1.4596461057662964,0.08274762332439423,565.9053344726562,0.05531755746728198,-0.02662084583201519
437.68701171875,1.4596365690231323,0.08290934562683105,565.9053344726562,0.055471841937912866,-0.026640645668134982
437.916015625,1.4596374034881592,0.08332444727420807,565.9053344726562,0.05537494307834487,-0.026716341085832443
438.14501953125,1.4596352577209473,0.0839221328496933,565.9053344726562,0.055263905598064544,-0.02675581147157183
438.3739929199219,1.4596518278121948,0.08419489860534668,565.9053344726562,0.05526475878461761,-0.026861437510522626
438.6029968261719,1.4596463441848755,0.0841151550412178,565.9053344726562,0.05539871851296286,-0.026587869477406136
438.8320007324219,1.4596458673477173,0.08382190018892288,565.9053344726562,0.05541664415489849,-0.02682893565286715
439.0610046386719,1.4596476554870605,0.08354988694190979,565.9053344726562,0.05544754731971013,-0.026634790312503168
439.2900085449219,1.4596362113952637,0.08326669037342072,565.9053344726562,0.05542528306816366,-0.026781893524517108
439.5190124511719,1.45964515209198,0.08315564692020416,565.9053344726562,0.055269967051417845,-0.026690168911814357
439.7480163574219,1.4596459865570068,0.08299542218446732,565.9053344726562,0.05540469418606008,-0.026670226611243228
439.9770202636719,1.4596421718597412,0.08283593505620956,565.9053344726562,0.05523658869606391,-0.02702509256702405
440.20599365234375,1.4596428871154785,0.08265223354101181,565.9053344726562,0.05549379941241405,-0.026721451410218186
440.43499755859375,1.4596354961395264,0.08245847374200821,565.9053344726562,0.05551430488204422,-0.026653921056634073
440.66400146484375,1.4596376419067383,0.08225129544734955,565.9053344726562,0.05522844531484173,-0.026790146623961814
440.89300537109375,1.4596434831619263,0.08205194026231766,565.9053344726562,0.05542240743379271,-0.026736469667916266
441.12200927734375,1.4596418142318726,0.08201653510332108,565.9053344726562,0.05538130321985568,-0.026977860709782506
441.35101318359375,1.4596366882324219,0.08221738040447235,565.9053344726562,0.055187771662539645,-0.026843881816925166
441.58001708984375,1.4596309661865234,0.08249014616012573,565.9053344726562,0.05543255997233312,-0.026662566843736482
441.8089904785156,1.4596410989761353,0.0826723575592041,565.9053344726562,0.05552980796980675,-0.026684656729917013
442.0379943847656,1.4596396684646606,0.08322533220052719,565.9053344726562,0.05538896450223547,-0.026987799956383327
442.2669982910156,1.4596409797668457,0.08360055834054947,565.9053344726562,0.05540383498459976,-0.026670980408572596
442.4960021972656,1.459643840789795,0.08354168385267258,565.9053344726562,0.05537216566020156,-0.02674756413900058
442.7250061035156,1.4596439599990845,0.08332556486129761,565.9053344726562,0.05527429291216954,-0.02661366829644122
442.9540100097656,1.4596375226974487,0.08317018300294876,565.9053344726562,0.05536440583625264,-0.026695100565530844
443.1830139160156,1.459641933441162,0.08312322944402695,565.9053344726562,0.055552261999602115,-0.02684049380705877
443.4120178222656,1.4596461057662964,0.08285382390022278,565.9053344726562,0.055354925005553536,-0.026862985683845313
443.6409912109375,1.45964777469635,0.0827595517039299,565.9053344726562,0.0552485002036482,-0.026804780920271627
443.8699951171875,1.4596428871154785,0.08251287043094635,565.9053344726562,0.055518742652123636,-0.026779369624240847
444.0989990234375,1.4596483707427979,0.0824018344283104,565.9053344726562,0.05532062149286043,-0.027056444122909057
444.3280029296875,1.4596391916275024,0.08237500488758087,565.9053344726562,0.05541907354289801,-0.026856122603252458
444.5570068359375,1.459640383720398,0.08221626281738281,565.9053344726562,0.05535751588826871,-0.026822673720743376
444.7860107421875,1.459641933441162,0.08193046599626541,565.9053344726562,0.05544238231407314,-0.026818450607523782
445.0150146484375,1.4596433639526367,0.08184178173542023,565.9053344726562,0.055314181900658774,-0.026946650877255122
445.2440185546875,1.4596506357192993,0.08187494426965714,565.9053344726562,0.055302726531767946,-0.026907191600915467
445.4729919433594,1.459657907485962,0.0819069892168045,565.9053344726562,0.05561329917229526,-0.027146632786670934
445.7019958496094,1.4596476554870605,0.08216335624456406,565.9053344726562,0.055509037643599185,-0.027014895710350068
445.9309997558594,1.459649682044983,0.08264664560556412,565.9053344726562,0.055399626214900334,-0.026768233307770273
446.1600036621094,1.4596445560455322,0.0831470787525177,565.9053344726562,0.055343532810725286,-0.026909756280359222
446.3890075683594,1.4596375226974487,0.08337028324604034,565.9053344726562,0.05562607580269851,-0.026847319664845354
446.6180114746094,1.459640622138977,0.08335649222135544,565.9053344726562,0.055524573690190544,-0.026754601891812543
446.8470153808594,1.4596412181854248,0.08313888311386108,565.9053344726562,0.05554393062425277,-0.02687436959592676
447.0760192871094,1.4596351385116577,0.08300026506185532,565.9053344726562,0.055457830458122755,-0.02664753535540766
447.30499267578125,1.4596354961395264,0.08267422020435333,565.9053344726562,0.055482989520148324,-0.026833559361650532
447.53399658203125,1.4596399068832397,0.0825132429599762,565.9053344726562,0.05545638615617462,-0.02675171237380026
447.76300048828125,1.4596364498138428,0.08238543570041656,565.9053344726562,0.05559213608807892,-0.02702111636463105
447.99200439453125,1.4596437215805054,0.08227364718914032,565.9053344726562,0.05543701566755021,-0.026819222723276262
448.22100830078125,1.4596409797668457,0.08218757063150406,565.9053344726562,0.05547182145272958,-0.026781382867393816
448.45001220703125,1.4596437215805054,0.08211938291788101,565.9053344726562,0.055345977078362,-0.026901680373819663
448.67901611328125,1.459643840789795,0.08206311613321304,565.9053344726562,0.0553683716123565,-0.02699991357930018
448.90802001953125,1.459642767906189,0.08188537508249283,565.9053344726562,0.05534111373835983,-0.02679448633571439
449.1369934082031,1.4596470594406128,0.08182799071073532,565.9053344726562,0.0551537943536289,-0.026741820205459996
449.3659973144531,1.45964515209198,0.08198411762714386,565.9053344726562,0.05528771269743926,-0.02695369180049794
449.5950012207031,1.4596346616744995,0.08217192441225052,565.9053344726562,0.05539893689430256,-0.026685210661995844
449.8240051269531,1.4596418142318726,0.08261087536811829,565.9053344726562,0.055542586472534246,-0.026961156251053737
450.0530090332031,1.4596396684646606,0.08298797160387039,565.9053344726562,0.05537962835532702,-0.02680383614312206
405.39801025390625,1.4611109495162964,0.31168124079704285,380.6088562011719,0.04794344684410906,-0.04115607912500214
405.62701416015625,1.45968496799469,0.25674012303352356,380.6088562011719,0.04881117213950374,-0.04256208561561751
405.85601806640625,1.4596889019012451,0.22879000008106232,380.6088562011719,0.05046002450991755,-0.04272992211561387
406.0849914550781,1.4596866369247437,0.20691102743148804,380.6088562011719,0.0515409940909856,-0.042847372262416514
406.3139953613281,1.459983468055725,0.19003938138484955,380.6088562011719,0.05289052515001944,-0.04257912256837563
406.5429992675781,1.4599850177764893,0.17551003396511078,380.6088562011719,0.054090107117054656,-0.04199041357605887
406.7720031738281,1.459680438041687,0.16270966827869415,380.6088562011719,0.05509894791892569,-0.0417212555747524
407.0010070800781,1.4596818685531616,0.15325918793678284,380.6088562011719,0.056198074098643934,-0.04121317849885436
407.2300109863281,1.4596823453903198,0.14529474079608917,380.6088562011719,0.056949664183714506,-0.04074777909439531
407.4590148925781,1.459686040878296,0.13877718150615692,380.6088562011719,0.057609580784713774,-0.04056675780420606
407.6880187988281,1.4596781730651855,0.1329009085893631,380.6088562011719,0.05798257815438199,-0.03953925133733002
407.9169921875,1.459994912147522,0.12884899973869324,380.6088562011719,0.05865807034606173,-0.03862044993525386
408.14599609375,1.4599970579147339,0.12419455498456955,380.6088562011719,0.05964473062526137,-0.0384381482710354
408.375,1.4596827030181885,0.11909892410039902,380.6088562011719,0.059927564211297205,-0.037679659992946445
408.60400390625,1.4596827030181885,0.11543789505958557,380.6088562011719,0.06030603398609737,-0.03669352656748823
408.8330078125,1.4599858522415161,0.11322153359651566,380.6088562011719,0.060863823772014936,-0.036421400629311006
409.06201171875,1.4596787691116333,0.10889387875795364,380.6088562011719,0.06107530836129138,-0.035618334591633674
409.291015625,1.459678292274475,0.10598741471767426,380.6088562011719,0.0612339162619812,-0.035182784071134635
409.5199890136719,1.4596810340881348,0.10338761657476425,380.6088562011719,0.061458483356441065,-0.03472667019990702
409.7489929199219,1.4596823453903198,0.10099947452545166,380.6088562011719,0.061648741953987035,-0.0343967541948854
409.9779968261719,1.4596749544143677,0.09900891780853271,380.6088562011719,0.061787541717270945,-0.034043622420684
410.2070007324219,1.4596740007400513,0.09701612591743469,380.6088562011719,0.06203826737372791,-0.03365937135307003
410.4360046386719,1.459679365158081,0.09544850140810013,380.6088562011719,0.06201407880554193,-0.03357943000681436
410.6650085449219,1.459678053855896,0.093960240483284,380.6088562011719,0.0619859202219664,-0.032986495918791735
410.8940124511719,1.4596712589263916,0.09251893311738968,380.6088562011719,0.06239136707731736,-0.03298352930027833
411.1230163574219,1.4599794149398804,0.09242279827594757,380.6088562011719,0.062306868736409456,-0.032643870847287225
411.35198974609375,1.4596601724624634,0.0901494175195694,380.6088562011719,0.06234179712166961,-0.03252938022922174
411.58099365234375,1.4599781036376953,0.09043708443641663,380.6088562011719,0.062406392938307034,-0.03237835355491851
411.80999755859375,1.4596790075302124,0.08880425244569778,380.6088562011719,0.06253721994976649,-0.03242247337403568
412.03900146484375,1.4599686861038208,0.08946789056062698,380.6088562011719,0.06258327397910216,-0.03186895588105893
412.26800537109375,1.4596666097640991,0.08822929114103317,380.6088562011719,0.06277769692173064,-0.03196476610274903
412.49700927734375,1.4596648216247559,0.08841336518526077,380.6088562011719,0.06286780696543312,-0.0316535885576104
412.72601318359375,1.4596706628799438,0.08823785930871964,380.6088562011719,0.06271772122913448,-0.03166424568785841
412.95501708984375,1.4596821069717407,0.08753732591867447,380.6088562011719,0.06281520523154088,-0.031572871332628434
413.1839904785156,1.4596683979034424,0.087073415517807,380.6088562011719,0.06275091661089462,-0.03169035524192982
413.4129943847656,1.459977388381958,0.08768787235021591,380.6088562011719,0.06291414042752524,-0.03132858810187689
413.6419982910156,1.4596749544143677,0.08616384118795395,380.6088562011719,0.06298390181009775,-0.03134393274661901
413.8710021972656,1.4596706628799438,0.08575544506311417,380.6088562011719,0.06287028758879358,-0.03137429107538694
414.1000061035156,1.4596712589263916,0.08543051779270172,380.6088562011719,0.06291457923855243,-0.03125572236618688
414.3290100097656,1.4599759578704834,0.08620110154151917,380.6088562011719,0.06299803985534065,-0.031320939256559495
414.5580139160156,1.459673285484314,0.08493567258119583,380.6088562011719,0.06300861430859364,-0.03153593531359945
414.7870178222656,1.4599744081497192,0.08565967530012131,380.6088562011719,0.06298878889414827,-0.031494938445852265
415.0159912109375,1.4596660137176514,0.08435624092817307,380.6088562011719,0.06314465437855322,-0.03120628796337576
415.2449951171875,1.4596699476242065,0.08418110758066177,380.6088562011719,0.06307971544623743,-0.031317934501170284
415.4739990234375,1.4596682786941528,0.08419452607631683,380.6088562011719,0.06321609269341592,-0.03146353499672832
415.7030029296875,1.4599764347076416,0.0850888192653656,380.6088562011719,0.06309113655032579,-0.03133557758186221
415.9320068359375,1.4596658945083618,0.08432456851005554,380.6088562011719,0.06316052047563069,-0.031622049221279175
416.1610107421875,1.4596681594848633,0.0847553238272667,380.6088562011719,0.06326037435654593,-0.03150272025498141
416.3900146484375,1.4599673748016357,0.0863192230463028,380.6088562011719,0.06321063907523464,-0.031073073909158914
416.6190185546875,1.4599714279174805,0.08637958765029907,380.6088562011719,0.0631851186563556,-0.030786253375009377
416.8479919433594,1.4596657752990723,0.08543126285076141,380.6088562011719,0.06328436771033714,-0.031101664848594703
417.0769958496094,1.4596704244613647,0.08531947433948517,380.6088562011719,0.0628452526228668,-0.031059685949006034
417.3059997558594,1.4596704244613647,0.08508993685245514,380.6088562011719,0.06319843543431652,-0.031208638936637518
417.5350036621094,1.45966374874115,0.08492709696292877,380.6088562011719,0.0628876574804149,-0.030779844942544092
417.7640075683594,1.459669589996338,0.08476091176271439,380.6088562011719,0.06323251772008635,-0.031224653729363297
417.9930114746094,1.4599744081497192,0.08565632253885269,380.6088562011719,0.0635036079855386,-0.031333403896964894
418.2220153808594,1.459665298461914,0.08434320241212845,380.6088562011719,0.06323680422738083,-0.03117538437446874
418.4510192871094,1.4596586227416992,0.08415837585926056,380.6088562011719,0.06335392457980464,-0.031242230853952252
418.67999267578125,1.4596742391586304,0.08409465849399567,380.6088562011719,0.06319210089874332,-0.03139852987264607
418.90899658203125,1.45966374874115,0.08403950929641724,380.6088562011719,0.0631064435078454,-0.03127460037917261
419.13800048828125,1.4596723318099976,0.08375109732151031,380.6088562011719,0.0632546409350879,-0.03158013978660651
419.36700439453125,1.4596725702285767,0.08374401926994324,380.6088562011719,0.06344438725030384,-0.03172060497990272
419.59600830078125,1.4596611261367798,0.08390536904335022,380.6088562011719,0.06343900519079197,-0.03186595330472882
419.82501220703125,1.4599672555923462,0.08500870317220688,380.6088562011719,0.06330170483720177,-0.031338270723687035
420.05401611328125,1.4596636295318604,0.08420979976654053,380.6088562011719,0.06316962008308162,-0.031186213856928487
420.2829895019531,1.4596706628799438,0.08463496714830399,380.6088562011719,0.0633956166162031,-0.0315598929558796
420.5119934082031,1.4596561193466187,0.08516819030046463,380.6088562011719,0.06317306614322929,-0.03144672442251721
420.7409973144531,1.4599609375,0.08629798144102097,380.6088562011719,0.06326667515244908,-0.03132274122670932
420.9700012207031,1.4596734046936035,0.08513800799846649,380.6088562011719,0.06339845642867592,-0.03140370617302469
421.1990051269531,1.4596624374389648,0.08490325510501862,380.6088562011719,0.06330126539801624,-0.031309209377912754
421.4280090332031,1.459673523902893,0.08483878523111343,380.6088562011719,0.0632950205432604,-0.03148344585070652
421.6570129394531,1.4596729278564453,0.08466067165136337,380.6088562011719,0.06335015611257293,-0.03156252064214172
421.8860168457031,1.459969162940979,0.08540070801973343,380.6088562011719,0.06379249474485163,-0.03139211011029946
422.114990234375,1.4596617221832275,0.0841490626335144,380.6088562011719,0.06322160476323824,-0.031149447029217837
422.343994140625,1.4599698781967163,0.08508621156215668,380.6088562011719,0.06338292488912298,-0.031522259762977956
422.572998046875,1.4596686363220215,0.0838785395026207,380.6088562011719,0.06337807493417928,-0.03181018379910792
422.802001953125,1.4596730470657349,0.08364341408014297,380.6088562011719,0.0637499067711885,-0.03130774158744622
423.031005859375,1.4599741697311401,0.08462639153003693,380.6088562011719,0.06349840152534476,-0.031502945697944484
423.260009765625,1.4596617221832275,0.08346156775951385,380.6088562011719,0.06349824113783348,-0.031605680825146865
423.489013671875,1.4596666097640991,0.08346306532621384,380.6088562011719,0.0634602336263182,-0.031651252147519834
423.718017578125,1.4596754312515259,0.08339188992977142,380.6088562011719,0.06381716256602755,-0.03174626667380943
423.9469909667969,1.4596728086471558,0.08371160179376602,380.6088562011719,0.0635639162951223,-0.0318393205030394
424.1759948730469,1.459970235824585,0.08515812456607819,380.6088562011719,0.06352512581463933,-0.03167555154200667
424.4049987792969,1.4599601030349731,0.0855635404586792,380.6088562011719,0.06354300197945115,-0.03134152748897275
424.6340026855469,1.4596633911132812,0.08485667407512665,380.6088562011719,0.06354101128205542,-0.031450230329207365
424.8630065917969,1.45965576171875,0.08479630947113037,380.6088562011719,0.06352573696036462,-0.031738544001367705
425.0920104980469,1.4596647024154663,0.08461447060108185,380.6088562011719,0.06355852586658704,-0.031578688674305654
425.3210144042969,1.4596552848815918,0.08450081944465637,380.6088562011719,0.06355275230476606,-0.031516184520184586
425.5500183105469,1.459661841392517,0.08442965149879456,380.6088562011719,0.06384797578397933,-0.031552867789518824
425.77899169921875,1.4596631526947021,0.08427053689956665,380.6088562011719,0.06361535947488398,-0.03153406165199348
426.00799560546875,1.4596658945083618,0.0842750072479248,380.6088562011719,0.06355400545446685,-0.03157300193771848
426.23699951171875,1.4596679210662842,0.08408273756504059,380.6088562011719,0.06362515563871378,-0.03142300354712208
426.46600341796875,1.4596540927886963,0.08404546976089478,380.6088562011719,0.06367238190668502,-0.03146841477335681
426.69500732421875,1.4596585035324097,0.08386176824569702,380.6088562011719,0.06358169554336948,-0.03155312498282291
426.92401123046875,1.4596589803695679,0.08373358845710754,380.6088562011719,0.0639193823706006,-0.03179032764321608
427.15301513671875,1.4596682786941528,0.08347535878419876,380.6088562011719,0.06380118836963167,-0.03166463375521082
427.38201904296875,1.459968090057373,0.08429848402738571,380.6088562011719,0.06356132324264487,-0.031619583757627315
427.6109924316406,1.4596588611602783,0.08332295715808868,380.6088562011719,0.06380627933376497,-0.03166359606482469
427.8399963378906,1.4596753120422363,0.08355584740638733,380.6088562011719,0.06386712304448976,-0.03174317082642934
428.0690002441406,1.4599671363830566,0.08473967015743256,380.6088562011719,0.06382113163444507,-0.03172912894757489
428.2980041503906,1.4599659442901611,0.08503106236457825,380.6088562011719,0.06390565385812494,-0.03172261390244444
428.5270080566406,1.4596595764160156,0.08454664796590805,380.6088562011719,0.06359823084573148,-0.03149430669661432
428.7560119628906,1.4596569538116455,0.08467595279216766,380.6088562011719,0.0638139406024421,-0.031689872400728986
428.9850158691406,1.4596599340438843,0.08428656309843063,380.6088562011719,0.06374551661608024,-0.0316204126125844
429.2140197753906,1.4599672555923462,0.08500050753355026,380.6088562011719,0.06365306643905003,-0.031713759643981966
429.4429931640625,1.4596606492996216,0.08388785272836685,380.6088562011719,0.06379275991876797,-0.03158325770372685
429.6719970703125,1.4596643447875977,0.0836791843175888,380.6088562011719,0.06374164336498185,-0.031852852629694915
429.9010009765625,1.459662914276123,0.083441823720932,380.6088562011719,0.06383873426756372,-0.031809076440720715
430.1300048828125,1.459661841392517,0.08333338797092438,380.6088562011719,0.06387475787614781,-0.03185154302708707
430.3590087890625,1.45997154712677,0.08411478251218796,380.6088562011719,0.06384357362322754,-0.03156845185104164
430.5880126953125,1.459665298461914,0.08295107632875443,380.6088562011719,0.0640106179399005,-0.03193574718043245
430.8170166015625,1.4599746465682983,0.08364825695753098,380.6088562011719,0.0639925433565989,-0.03192410002513422
431.0459899902344,1.4599759578704834,0.0834861621260643,380.6088562011719,0.06379395995724146,-0.031980134257240556
431.2749938964844,1.4596596956253052,0.08236940950155258,380.6088562011719,0.06380350231918092,-0.03196375639240863
431.5039978027344,1.4596656560897827,0.08231686800718307,380.6088562011719,0.063614523146047,-0.03195927442747966
431.7330017089844,1.459968090057373,0.08342467993497849,380.6088562011719,0.0639291588159659,-0.03202280522513858
431.9620056152344,1.4596562385559082,0.08279234170913696,380.6088562011719,0.06361423168816056,-0.03205004198503399
432.1910095214844,1.4596600532531738,0.08316272497177124,380.6088562011719,0.06382455670725122,-0.03201917026009922
432.4200134277344,1.4596529006958008,0.08370154350996017,380.6088562011719,0.06383872298332811,-0.03181930252688512
432.6490173339844,1.4596714973449707,0.08400746434926987,380.6088562011719,0.06397814208428766,-0.03174981371893963
432.87799072265625,1.4599708318710327,0.08486226201057434,380.6088562011719,0.06380034210309936,-0.03183779115076985
433.10699462890625,1.4599803686141968,0.08452168852090836,380.6088562011719,0.06394638266406835,-0.031741570284603775
433.33599853515625,1.459670066833496,0.0834660455584526,380.6088562011719,0.06390003137362871,-0.031844449664088774
433.56500244140625,1.4596487283706665,0.08321787416934967,380.6088562011719,0.06360867781855636,-0.03195684111688849
433.79400634765625,1.4596651792526245,0.08303864300251007,380.6088562011719,0.06384210436246447,-0.03177557507323812
434.02301025390625,1.459659457206726,0.08295517414808273,380.6088562011719,0.06381759544566135,-0.03198956965518625
434.25201416015625,1.4596590995788574,0.08296151459217072,380.6088562011719,0.06381224338637127,-0.03210165206475486
434.48101806640625,1.4596501588821411,0.08286239206790924,380.6088562011719,0.0638042891134141,-0.031901706809483246
434.7099914550781,1.4596575498580933,0.08285605907440186,380.6088562011719,0.06390735889303854,-0.03183818261338091
434.9389953613281,1.4596641063690186,0.0827304795384407,380.6088562011719,0.06389508824563297,-0.03214303485009619
435.1679992675781,1.4599733352661133,0.08351634442806244,380.6088562011719,0.06392907914335064,-0.032083991446277715
435.3970031738281,1.4596540927886963,0.08229600638151169,380.6088562011719,0.06379964877246508,-0.031868305372372376
435.6260070800781,1.4596666097640991,0.08242493122816086,380.6088562011719,0.06383875813584912,-0.03210067827712728
435.8550109863281,1.4596620798110962,0.08267533779144287,380.6088562011719,0.0637006819248282,-0.032090838499941626
436.0840148925781,1.4596604108810425,0.08298983424901962,380.6088562011719,0.06376633546457283,-0.03184692572978164
436.3130187988281,1.4596564769744873,0.08347349613904953,380.6088562011719,0.06410764658681196,-0.0319329757488961
436.5419921875,1.4596614837646484,0.08392176032066345,380.6088562011719,0.06401142312759855,-0.032052148252420726
436.77099609375,1.4596657752990723,0.08400634676218033,380.6088562011719,0.06393406316685779,-0.031810381121251494
437.0,1.4596583843231201,0.0836217999458313,380.6088562011719,0.06378481324443433,-0.03196951694905977
437.22900390625,1.4596703052520752,0.08336468786001205,380.6088562011719,0.06407268045599335,-0.03210188209675423
437.4580078125,1.4596601724624634,0.08342207223176956,380.6088562011719,0.06406702775373535,-0.032038115132039496
437.68701171875,1.4596647024154663,0.0834280326962471,380.6088562011719,0.06371901420248384,-0.03178703918759718
437.916015625,1.4596565961837769,0.0832294300198555,380.6088562011719,0.06406062179909897,-0.032007213050153846
438.14501953125,1.4596660137176514,0.08295480161905289,380.6088562011719,0.06374911201890458,-0.031969016226830474
438.3739929199219,1.4599653482437134,0.08382339030504227,380.6088562011719,0.06401000359319128,-0.03198937452548766
438.6029968261719,1.4596598148345947,0.08265186101198196,380.6088562011719,0.06396540744526442,-0.03166266263488801
438.8320007324219,1.4599695205688477,0.08350889384746552,380.6088562011719,0.06422226813739979,-0.03197663660038258
439.0610046386719,1.4596654176712036,0.08227774500846863,380.6088562011719,0.06399415879442168,-0.03208542997779763
439.2900085449219,1.4596647024154663,0.0822032243013382,380.6088562011719,0.0640455512077798,-0.03212282769452811
439.5190124511719,1.4596599340438843,0.08225389569997787,380.6088562011719,0.06391039125420328,-0.03184551342883531
439.7480163574219,1.4596635103225708,0.0824592113494873,380.6088562011719,0.06394127765089629,-0.03214566881063197
439.9770202636719,1.459657907485962,0.0827643945813179,380.6088562011719,0.06387652380219154,-0.032036598968200984
440.20599365234375,1.4596606492996216,0.0831906720995903,380.6088562011719,0.06407220686591589,-0.0319828814506075
440.43499755859375,1.4599689245224,0.08474749326705933,380.6088562011719,0.06400059062143022,-0.0317142623089503
440.66400146484375,1.4599721431732178,0.08478811383247375,380.6088562011719,0.06395612055973142,-0.03177264279685614
440.89300537109375,1.459661602973938,0.08351597189903259,380.6088562011719,0.0638558595741505,-0.03183153134853006
441.12200927734375,1.459971308708191,0.08438307046890259,380.6088562011719,0.06426562772109719,-0.031672325702789744
441.35101318359375,1.4596643447875977,0.08311242610216141,380.6088562011719,0.06405278626058528,-0.03191636170880252
441.58001708984375,1.4596577882766724,0.08305913954973221,380.6088562011719,0.06401167766848125,-0.031762119631574715
441.8089904785156,1.459977149963379,0.08395715802907944,380.6088562011719,0.06401430042063667,-0.03181269756343558
442.0379943847656,1.459660291671753,0.08283817023038864,380.6088562011719,0.06404511751412903,-0.031976910654805124
442.2669982910156,1.4596526622772217,0.08262689411640167,380.6088562011719,0.06411308171269195,-0.03179960694543438
442.4960021972656,1.4596725702285767,0.08233289420604706,380.6088562011719,0.06401372313812582,-0.03192222056560297
442.7250061035156,1.4599652290344238,0.08327041566371918,380.6088562011719,0.06420076612989165,-0.031840685157539204
442.9540100097656,1.4596723318099976,0.08221067488193512,380.6088562011719,0.06413234286579013,-0.032009280084890505
443.1830139160156,1.4596604108810425,0.08207987993955612,380.6088562011719,0.06421385878897884,-0.03194081750011677
443.4120178222656,1.4599595069885254,0.08281022310256958,380.6088562011719,0.06420030923324595,-0.03194106636678343
443.6409912109375,1.4596567153930664,0.08186152577400208,380.6088562011719,0.06422494176842986,-0.03202273242833405
443.8699951171875,1.4596651792526245,0.0822073221206665,380.6088562011719,0.06406619275290691,-0.032112646792553164
444.0989990234375,1.4599690437316895,0.08359124511480331,380.6088562011719,0.06401946483499753,-0.03197646465391861
444.3280029296875,1.4596562385559082,0.08291605114936829,380.6088562011719,0.06423214260690595,-0.032021389641457336
444.5570068359375,1.4596600532531738,0.08341536670923233,380.6088562011719,0.06410753628048382,-0.031886815927689216
444.7860107421875,1.4596667289733887,0.08350777626037598,380.6088562011719,0.06425020171631717,-0.031682138720650545
445.0150146484375,1.4596651792526245,0.08322159945964813,380.6088562011719,0.06368557499065026,-0.031961508762445495
445.2440185546875,1.4596632719039917,0.08289629966020584,380.6088562011719,0.06402414450966071,-0.03180392412917232
445.4729919433594,1.4599709510803223,0.08395678550004959,380.6088562011719,0.06404250817603174,-0.03172788796852105
445.7019958496094,1.4596680402755737,0.08282401412725449,380.6088562011719,0.06373081598773342,-0.032062671420625286
445.9309997558594,1.459663987159729,0.08259335905313492,380.6088562011719,0.0641267216839599,-0.0320320718707771
446.1600036621094,1.4596689939498901,0.08229973167181015,380.6088562011719,0.06423544796924065,-0.03211077473601658
446.3890075683594,1.4596651792526245,0.08233922719955444,380.6088562011719,0.0643285750074258,-0.03198512371132304
446.6180114746094,1.4596657752990723,0.08216744661331177,380.6088562011719,0.06408871895592785,-0.032034050554311064
446.8470153808594,1.4599838256835938,0.08290151506662369,380.6088562011719,0.06438290415920923,-0.03212663327934453
447.0760192871094,1.4596710205078125,0.08168043196201324,380.6088562011719,0.06382025778895883,-0.03173207244801868
447.30499267578125,1.4599720239639282,0.082590751349926,380.6088562011719,0.06403299941600807,-0.03199157559923965
447.53399658203125,1.459672451019287,0.08171359449625015,380.6088562011719,0.06419141063671804,-0.03204410733146375
447.76300048828125,1.4596657752990723,0.08166664093732834,380.6088562011719,0.06436131918444755,-0.0319916014763107
447.99200439453125,1.4599777460098267,0.08288884907960892,380.6088562011719,0.06392587294629833,-0.03221567168595459
448.22100830078125,1.4596633911132812,0.08250579237937927,380.6088562011719,0.0642184044404826,-0.0322259123787074
448.45001220703125,1.4596625566482544,0.08302858471870422,380.6088562011719,0.06428858723238404,-0.031802653150273384
448.67901611328125,1.4599729776382446,0.0840916782617569,380.6088562011719,0.06415489973244518,-0.031828553513261464
448.90802001953125,1.459660291671753,0.08279196918010712,380.6088562011719,0.06420151549667669,-0.03207862288973237
449.1369934082031,1.4596606492996216,0.08265744894742966,380.6088562011719,0.06408515263219593,-0.03180491347624667
449.3659973144531,1.4596644639968872,0.08258814364671707,380.6088562011719,0.06418475865870452,-0.03199375057254513
449.5950012207031,1.4596655368804932,0.08234556019306183,380.6088562011719,0.0643013893034684,-0.03192471228092951
449.8240051269531,1.459967017173767,0.08325550705194473,380.6088562011719,0.06424575587137571,-0.03174929324758908
450.0530090332031,1.4596636295318604,0.08201206475496292,380.6088562011719,0.06435770995334204,-0.031808397079364434
405.3970031738281,1.4611378908157349,0.3108718991279602,256.72509765625,0.0549408792941462,-0.05809670770745124
405.625,1.459650993347168,0.25644463300704956,256.72509765625,0.05624572235352179,-0.05944239762863758
405.8529968261719,1.45964777469635,0.22896252572536469,256.72509765625,0.058930216629182526,-0.05982262271082248
406.08099365234375,1.4596471786499023,0.20741182565689087,256.72509765625,0.06102885666323626,-0.059179102268252945
406.3089904785156,1.459650993347168,0.1902610808610916,256.72509765625,0.06300867838618729,-0.05797907944464852
406.5370178222656,1.4596469402313232,0.17631304264068604,256.72509765625,0.06531609464147362,-0.05651690602056375
406.7650146484375,1.459654688835144,0.16458582878112793,256.72509765625,0.066686589287657,-0.05498629946860878
406.9930114746094,1.459646224975586,0.1549084186553955,256.72509765625,0.06766734357861348,-0.05366038384143945
407.22100830078125,1.45965576171875,0.14692533016204834,256.72509765625,0.06873701925213706,-0.051999659159123426
407.4490051269531,1.459642767906189,0.14031723141670227,256.72509765625,0.06964395693723216,-0.050761460768895275
407.677001953125,1.4596538543701172,0.1342088133096695,256.72509765625,0.07028393103027503,-0.04928121364821256
407.9049987792969,1.4596424102783203,0.12866976857185364,256.72509765625,0.07117049108151974,-0.04797439384387193
408.13299560546875,1.459660291671753,0.12365089356899261,256.72509765625,0.07127406548888625,-0.04707884573482391
408.3609924316406,1.4596527814865112,0.11905905604362488,256.72509765625,0.07187506444493692,-0.04577854199747019
408.5889892578125,1.4596561193466187,0.1148778423666954,256.72509765625,0.07224266442857712,-0.044204594164843576
408.8170166015625,1.4596519470214844,0.11141542345285416,256.72509765625,0.07217227699398464,-0.04370603345949805
409.0450134277344,1.4596537351608276,0.10828874260187149,256.72509765625,0.07268632424419333,-0.042884566842965134
409.27301025390625,1.4596487283706665,0.10545605421066284,256.72509765625,0.07279448943892212,-0.04143683100415672
409.5010070800781,1.4596489667892456,0.10302058607339859,256.72509765625,0.07252572649882746,-0.04121393553061957
409.72900390625,1.4596575498580933,0.10105983912944794,256.72509765625,0.07252520570390872,-0.04046086131887579
409.9570007324219,1.4596563577651978,0.09942252933979034,256.72509765625,0.07281661034225287,-0.039662133950807615
410.18499755859375,1.459647536277771,0.09826553612947464,256.72509765625,0.07284285631461859,-0.03872155802373358
410.4129943847656,1.459637999534607,0.09717077016830444,256.72509765625,0.07271809354016787,-0.03837372521445996
410.6409912109375,1.4596511125564575,0.09603910893201828,256.72509765625,0.07264760573752498,-0.0378260646149407
410.8690185546875,1.459656000137329,0.09477218985557556,256.72509765625,0.0725975398533715,-0.037215615121297084
411.0970153808594,1.4596441984176636,0.09337224066257477,256.72509765625,0.0730830676498139,-0.036687426454954215
411.32501220703125,1.4596511125564575,0.09216270595788956,256.72509765625,0.07278564798369241,-0.03683955779005531
411.5530090332031,1.4596593379974365,0.09111861139535904,256.72509765625,0.07277075547748088,-0.03650292291395355
411.781005859375,1.4596422910690308,0.09019003063440323,256.72509765625,0.07264326277101937,-0.035979813173887654
412.0090026855469,1.4596538543701172,0.08933113515377045,256.72509765625,0.07257273116592021,-0.03577847551493372
412.23699951171875,1.4596467018127441,0.0887349396944046,256.72509765625,0.07248392705012452,-0.03597581341744313
412.4649963378906,1.4596446752548218,0.0882270559668541,256.72509765625,0.07253736302174962,-0.035941186601079464
412.6929931640625,1.4596418142318726,0.08766625076532364,256.72509765625,0.07265743648801024,-0.035676479323528305
412.9209899902344,1.4596410989761353,0.08712892979383469,256.72509765625,0.07266075354772857,-0.035312371001428415
413.1490173339844,1.4596481323242188,0.08667172491550446,256.72509765625,0.0726046917070646,-0.03562814324188893
413.37701416015625,1.4596483707427979,0.0861738994717598,256.72509765625,0.07273013475739067,-0.03530031415478507
413.6050109863281,1.4596489667892456,0.08595740050077438,256.72509765625,0.0730441665812828,-0.035391707197364605
413.8330078125,1.4596445560455322,0.08593951910734177,256.72509765625,0.07250689222655636,-0.03510541082112757
414.0610046386719,1.459649682044983,0.08604198694229126,256.72509765625,0.0726232633963691,-0.03513062841963393
414.28900146484375,1.4596434831619263,0.08638107776641846,256.72509765625,0.07275553727254905,-0.03468554509082352
414.5169982910156,1.4596370458602905,0.08671718090772629,256.72509765625,0.07278701053458672,-0.034580513961896195
414.7449951171875,1.459643840789795,0.08674661815166473,256.72509765625,0.07260130243535515,-0.03487042961911505
414.9729919433594,1.459652304649353,0.08640306442975998,256.72509765625,0.07300706418623637,-0.03472467649297756
415.2010192871094,1.4596449136734009,0.0861642062664032,256.72509765625,0.0728051023812552,-0.034684492895413886
415.42901611328125,1.459640622138977,0.08588064461946487,256.72509765625,0.07265925108601272,-0.03447600364761004
415.6570129394531,1.4596437215805054,0.08558552712202072,256.72509765625,0.07290164163345306,-0.034517259464062006
415.885009765625,1.459647536277771,0.085209921002388,256.72509765625,0.07284520189726891,-0.03471049555209647
416.1130065917969,1.4596519470214844,0.08496436476707458,256.72509765625,0.07285481207052855,-0.034774814975723656
416.34100341796875,1.4596400260925293,0.08486486971378326,256.72509765625,0.07309128432718094,-0.03480429883493275
416.5690002441406,1.459645390510559,0.08457235991954803,256.72509765625,0.0731156955151238,-0.03460207195856443
416.7969970703125,1.459641695022583,0.08438567817211151,256.72509765625,0.07285878769535373,-0.03482836852286587
417.0249938964844,1.4596368074417114,0.08437822759151459,256.72509765625,0.07298706436877331,-0.03491727222568736
417.25299072265625,1.459640383720398,0.08426941931247711,256.72509765625,0.07301857272816431,-0.034845064123717684
417.48101806640625,1.4596378803253174,0.08425115793943405,256.72509765625,0.07285993018581642,-0.03479867455343539
417.7090148925781,1.4596471786499023,0.08429103344678879,256.72509765625,0.07289114057530602,-0.03495611568962577
417.93701171875,1.459641933441162,0.08456490933895111,256.72509765625,0.07332697474361044,-0.03528075090481426
418.1650085449219,1.4596500396728516,0.084909588098526,256.72509765625,0.073136690299154,-0.034985931609094016
418.39300537109375,1.459647297859192,0.08539138734340668,256.72509765625,0.07315555916141013,-0.03487736502135362
418.6210021972656,1.459647536277771,0.08574314415454865,256.72509765625,0.07331840721432321,-0.03475989077746722
418.8489990234375,1.4596377611160278,0.08561012148857117,256.72509765625,0.07321446484919465,-0.03488486312443685
419.0769958496094,1.4596328735351562,0.08541188389062881,256.72509765625,0.07312704814472253,-0.03471271844745448
419.30499267578125,1.4596439599990845,0.08512682467699051,256.72509765625,0.07309059081722546,-0.03466535786812596
419.5329895019531,1.4596482515335083,0.08485518395900726,256.72509765625,0.07324398354173207,-0.03477798974422494
419.7610168457031,1.4596519470214844,0.08468228578567505,256.72509765625,0.07311885697163541,-0.03501839556286157
419.989013671875,1.4596415758132935,0.08452168107032776,256.72509765625,0.07324523364183874,-0.03490839514046117
420.2170104980469,1.4596424102783203,0.08439834415912628,256.72509765625,0.07332916866972633,-0.03471147627213187
420.44500732421875,1.4596506357192993,0.08435586839914322,256.72509765625,0.07340832862787461,-0.03516324360111935
420.6730041503906,1.459647536277771,0.08408497273921967,256.72509765625,0.07345824094858865,-0.035622032900874116
420.9010009765625,1.4596447944641113,0.08377047628164291,256.72509765625,0.0735031102339807,-0.03515163113180121
421.1289978027344,1.45963716506958,0.08359608799219131,256.72509765625,0.07321826133156813,-0.03500002921159255
421.35699462890625,1.4596377611160278,0.08352566510438919,256.72509765625,0.07322267614407893,-0.03546179676702222
421.5849914550781,1.45963716506958,0.08346828073263168,256.72509765625,0.07338573141229776,-0.03553104493323228
421.8130187988281,1.4596446752548218,0.08368626236915588,256.72509765625,0.0734063510569898,-0.035410490103654074
422.041015625,1.4596445560455322,0.08411776274442673,256.72509765625,0.07334782098736636,-0.03514224479518165
422.2690124511719,1.4596412181854248,0.08461037278175354,256.72509765625,0.07367204657284275,-0.03532766273289594
422.49700927734375,1.45963454246521,0.0851614773273468,256.72509765625,0.07321403102986795,-0.03528685776733675
422.7250061035156,1.4596391916275024,0.08531499654054642,256.72509765625,0.0733357119539274,-0.03507910058630906
422.9530029296875,1.4596308469772339,0.08516892790794373,256.72509765625,0.07336259368003295,-0.03514255115479617
423.1809997558594,1.4596343040466309,0.08488760143518448,256.72509765625,0.07334994208436182,-0.03527905277526073
423.40899658203125,1.4596331119537354,0.08471954613924026,256.72509765625,0.0733128014745825,-0.03516331247399967
423.6369934082031,1.45963454246521,0.08447697013616562,256.72509765625,0.0734398589254221,-0.03521260250860991
423.864990234375,1.4596340656280518,0.08431637287139893,256.72509765625,0.07347140124478446,-0.03506148827629368
424.093017578125,1.459643840789795,0.08415912091732025,256.72509765625,0.07359643520097718,-0.03536232175641409
424.3210144042969,1.4596455097198486,0.08404919505119324,256.72509765625,0.07356465093667307,-0.03545662090755546
424.54901123046875,1.4596353769302368,0.0839463546872139,256.72509765625,0.07348640598361128,-0.03551561132213106
424.7770080566406,1.4596363306045532,0.0836840271949768,256.72509765625,0.07357892772662958,-0.03553934349743604
425.0050048828125,1.4596415758132935,0.08358266949653625,256.72509765625,0.07367754839928031,-0.03548002040799615
425.2330017089844,1.4596359729766846,0.08352044224739075,256.72509765625,0.0735347790295008,-0.03528481265990158
425.46099853515625,1.4596412181854248,0.08350591361522675,256.72509765625,0.07377444589739023,-0.035433003297132275
425.6889953613281,1.4596482515335083,0.08353199809789658,256.72509765625,0.07350212427196409,-0.03569230913777955
425.9169921875,1.4596408605575562,0.08378687500953674,256.72509765625,0.07381028353692777,-0.035315312140222904
426.14501953125,1.4596456289291382,0.08412521332502365,256.72509765625,0.07367796285655431,-0.03526948942288004
426.3730163574219,1.4596378803253174,0.08469271659851074,256.72509765625,0.07380315612328225,-0.03525904549689781
426.60101318359375,1.4596422910690308,0.08496659994125366,256.72509765625,0.07335044146559716,-0.035085044910581384
426.8290100097656,1.4596407413482666,0.08508844673633575,256.72509765625,0.07352728717894338,-0.03496884244224841
427.0570068359375,1.4596441984176636,0.08478140085935593,256.72509765625,0.0737135397761019,-0.03547755801081202
427.2850036621094,1.4596376419067383,0.08469681441783905,256.72509765625,0.0732601906732938,-0.03495928058932471
427.51300048828125,1.4596294164657593,0.0845075249671936,256.72509765625,0.07340869575968086,-0.035477663042689345
427.7409973144531,1.4596354961395264,0.08432754874229431,256.72509765625,0.07360661496473778,-0.03509178406221913
427.968994140625,1.4596381187438965,0.0841837152838707,256.72509765625,0.07341835361765199,-0.03527245717422121
428.1969909667969,1.4596376419067383,0.08395976573228836,256.72509765625,0.07384069851089499,-0.03530081286990731
428.4250183105469,1.4596452713012695,0.08379171788692474,256.72509765625,0.07366616353575461,-0.035425933705693365
428.65301513671875,1.459641933441162,0.08366837352514267,256.72509765625,0.07385775022413069,-0.03502980430358216
428.8810119628906,1.4596461057662964,0.08352715522050858,256.72509765625,0.07375964364709289,-0.03564468023123824
429.1090087890625,1.4596339464187622,0.08339524269104004,256.72509765625,0.07381135123275873,-0.03547971060503302
429.3370056152344,1.459641695022583,0.08333189785480499,256.72509765625,0.07381723842095567,-0.035659618619066226
429.56500244140625,1.4596372842788696,0.08340120315551758,256.72509765625,0.07374802936326062,-0.0356075856585766
429.7929992675781,1.4596421718597412,0.08356516063213348,256.72509765625,0.07375677663279617,-0.035535716580441835
430.02099609375,1.459640383720398,0.08397094905376434,256.72509765625,0.07367733138179544,-0.0355347990373245
430.2489929199219,1.4596471786499023,0.084347665309906,256.72509765625,0.07362527601642616,-0.03495904188018716
430.4770202636719,1.459639310836792,0.0848805233836174,256.72509765625,0.07363049224434957,-0.03542686185134998
430.70501708984375,1.4596349000930786,0.08507614582777023,256.72509765625,0.073925424548624,-0.035199874594414246
430.9330139160156,1.459639072418213,0.0848078578710556,256.72509765625,0.07369822502977497,-0.03530104803519931
431.1610107421875,1.4596431255340576,0.08449411392211914,256.72509765625,0.0737234750693625,-0.035083578654459074
431.3890075683594,1.459635853767395,0.08432009816169739,256.72509765625,0.07380809696304137,-0.03527878488694399
431.61700439453125,1.4596346616744995,0.0839996412396431,256.72509765625,0.07418631856152307,-0.03504843995187549
431.8450012207031,1.45963716506958,0.08382264524698257,256.72509765625,0.0739214334729846,-0.03513687393219666
432.072998046875,1.4596331119537354,0.08372315019369125,256.72509765625,0.07375641621524268,-0.03507334522725652
432.3009948730469,1.459640383720398,0.08357745409011841,256.72509765625,0.07381034167476644,-0.03537721141351027
432.52899169921875,1.4596327543258667,0.08349958062171936,256.72509765625,0.07398791887606423,-0.03544750913447886
432.75701904296875,1.4596303701400757,0.08344554901123047,256.72509765625,0.07394805166855904,-0.035383059613139305
432.9850158691406,1.4596351385116577,0.08314185589551926,256.72509765625,0.07386414744050247,-0.03575195130262866
433.2130126953125,1.4596338272094727,0.08291903138160706,256.72509765625,0.07388866199318996,-0.03538000851448473
433.4410095214844,1.4596346616744995,0.08297865092754364,256.72509765625,0.0740359667522263,-0.035820530593133226
433.66900634765625,1.4596389532089233,0.08301367610692978,256.72509765625,0.07392910978484667,-0.03577894568513743
433.8970031738281,1.459641456604004,0.08340419083833694,256.72509765625,0.07394790135537502,-0.03549981240154012
434.125,1.459640622138977,0.08364378660917282,256.72509765625,0.0738900791668226,-0.03538643690963155
434.3529968261719,1.459633708000183,0.08422955125570297,256.72509765625,0.07374526261688857,-0.035395636921428386
434.58099365234375,1.459641456604004,0.08463719487190247,256.72509765625,0.07386940214949565,-0.03533496806586953
434.8089904785156,1.459632158279419,0.08464726060628891,256.72509765625,0.07380760572349283,-0.035175679902333445
435.0370178222656,1.4596422910690308,0.08447957783937454,256.72509765625,0.0739771211202146,-0.0352778711069662
435.2650146484375,1.4596288204193115,0.08418259769678116,256.72509765625,0.07380760717200363,-0.03493581995442991
435.4930114746094,1.4596312046051025,0.08384313434362411,256.72509765625,0.07397012259498181,-0.035249221554967354
435.72100830078125,1.4596431255340576,0.08368290960788727,256.72509765625,0.07378155271799071,-0.03540235851797547
435.9490051269531,1.4596327543258667,0.08341015130281448,256.72509765625,0.07416487500328353,-0.03540631762439303
436.177001953125,1.4596302509307861,0.08324544876813889,256.72509765625,0.07374093167525089,-0.03525376560541289
436.4049987792969,1.4596279859542847,0.0830792561173439,256.72509765625,0.07371211692960404,-0.03551927226056332
436.63299560546875,1.459635615348816,0.08311242610216141,256.72509765625,0.07406960822067384,-0.03523242215906283
436.8609924316406,1.4596270322799683,0.08291009068489075,256.72509765625,0.07407307695640654,-0.03558610453208752
437.0890197753906,1.459629774093628,0.08277370780706406,256.72509765625,0.07401027555334626,-0.035607196533336445
437.3170166015625,1.4596444368362427,0.08261832594871521,256.72509765625,0.07384789790197824,-0.03574636799486001
437.5450134277344,1.45963454246521,0.08253485709428787,256.72509765625,0.07403817816091453,-0.03564782434401762
437.77301025390625,1.459639310836792,0.08267869055271149,256.72509765625,0.07415317585915124,-0.03568000259010866
438.0010070800781,1.4596309661865234,0.0829969123005867,256.72509765625,0.07374997749558859,-0.03566200494041113
438.22900390625,1.4596344232559204,0.08352193236351013,256.72509765625,0.07394817005806403,-0.03551042008840434
438.4570007324219,1.45963716506958,0.08389455825090408,256.72509765625,0.0737985030152767,-0.035329743751097716
438.68499755859375,1.4596338272094727,0.0841885581612587,256.72509765625,0.07412912834563856,-0.03544531355991805
438.9129943847656,1.4596407413482666,0.0839310735464096,256.72509765625,0.07412019856243902,-0.035440359803093034
439.1409912109375,1.4596375226974487,0.08372613042593002,256.72509765625,0.07387221428470574,-0.03525622117637896
439.3690185546875,1.4596412181854248,0.0835491344332695,256.72509765625,0.0740058775718636,-0.03550572487282044
439.5970153808594,1.459628939628601,0.08326222002506256,256.72509765625,0.07406410721999629,-0.035372674580464586
439.82501220703125,1.4596270322799683,0.08315825462341309,256.72509765625,0.07441585942520093,-0.03523415264717085
440.0530090332031,1.459637999534607,0.08299952000379562,256.72509765625,0.07379913235179483,-0.03530062523805102
440.281005859375,1.4596339464187622,0.08287207782268524,256.72509765625,0.07411124781172765,-0.03573452831828512
440.5090026855469,1.4596343040466309,0.08266117423772812,256.72509765625,0.07408094710512617,-0.035645389938875276
440.73699951171875,1.4596331119537354,0.08241748064756393,256.72509765625,0.07432116859401923,-0.03562671338475573
440.9649963378906,1.4596420526504517,0.0822363868355751,256.72509765625,0.07416408068286835,-0.0356223490879236
441.1929931640625,1.4596260786056519,0.08210112154483795,256.72509765625,0.07403584806144853,-0.03603961935727757
441.4210205078125,1.4596296548843384,0.08206460624933243,256.72509765625,0.07447361774774953,-0.03580128461225472
441.6490173339844,1.4596396684646606,0.08210261166095734,256.72509765625,0.07439641613358206,-0.03577817016982522
441.87701416015625,1.4596434831619263,0.08244654536247253,256.72509765625,0.07431476415617463,-0.036044635387369586
442.1050109863281,1.4596437215805054,0.08272489160299301,256.72509765625,0.0742577618632331,-0.036041429986525646
442.3330078125,1.4596374034881592,0.08325550705194473,256.72509765625,0.07415069588028016,-0.035628540326935076
442.5610046386719,1.459634780883789,0.08380848169326782,256.72509765625,0.07416805486724201,-0.03549164203938974
442.78900146484375,1.4596362113952637,0.08376190811395645,256.72509765625,0.07425395650653636,-0.0355407773985263
443.0169982910156,1.45963716506958,0.08359087258577347,256.72509765625,0.07440459067882235,-0.03546331305454577
443.2449951171875,1.4596394300460815,0.08330581337213516,256.72509765625,0.07405080816768206,-0.035610082617259085
443.4729919433594,1.4596322774887085,0.08308298885822296,256.72509765625,0.07419493417942491,-0.03551339674448411
443.7010192871094,1.4596459865570068,0.08283369988203049,256.72509765625,0.07390604042983348,-0.03580611903226502
443.92901611328125,1.4596357345581055,0.08258217573165894,256.72509765625,0.07424047423088999,-0.03568138971672912
444.1570129394531,1.4596277475357056,0.08258330076932907,256.72509765625,0.07410778855384884,-0.03572688289361026
444.385009765625,1.4596375226974487,0.08242791146039963,256.72509765625,0.07419779236799513,-0.03578047955579954
444.6130065917969,1.4596408605575562,0.08220135420560837,256.72509765625,0.07424796885265536,-0.0357652826177924
444.84100341796875,1.4596434831619263,0.08199305832386017,256.72509765625,0.0747723375880708,-0.03569397810101509
445.0690002441406,1.4596375226974487,0.08185631036758423,256.72509765625,0.07402412822213589,-0.036012369788616015
445.2969970703125,1.45964515209198,0.08185184001922607,256.72509765625,0.07436174290200614,-0.035694818443586546
445.5249938964844,1.4596394300460815,0.08180488646030426,256.72509765625,0.07428242922877139,-0.03602133384280834
445.75299072265625,1.4596413373947144,0.08198970556259155,256.72509765625,0.07435169451519134,-0.03594765217299253
445.98101806640625,1.4596298933029175,0.08229898661375046,256.72509765625,0.07422077842731795,-0.03572118268496171
446.2090148925781,1.459641933441162,0.08273793756961823,256.72509765625,0.07424909065632912,-0.03614808708479096
446.43701171875,1.4596428871154785,0.08329575508832932,256.72509765625,0.07425565641807597,-0.03559806084916677
446.6650085449219,1.459631323814392,0.08355361223220825,256.72509765625,0.07423798146505042,-0.03583284837234125
446.89300537109375,1.4596320390701294,0.08351410925388336,256.72509765625,0.07416185109098777,-0.03560835314070878
447.1210021972656,1.4596329927444458,0.0833020880818367,256.72509765625,0.0744642277527379,-0.03556970095242561
447.3489990234375,1.4596388339996338,0.08308596909046173,256.72509765625,0.07444840840374006,-0.035498792996022446
447.5769958496094,1.4596314430236816,0.08278488367795944,256.72509765625,0.0741770573431363,-0.035823777519591586
447.80499267578125,1.4596375226974487,0.08253597468137741,256.72509765625,0.07421190717398728,-0.035560282223870206
448.03302001953125,1.4596397876739502,0.08245325088500977,256.72509765625,0.07469239808706801,-0.035820852103196445
448.2610168457031,1.459638237953186,0.08225911110639572,256.72509765625,0.07451354888276707,-0.03585673843858834
448.489013671875,1.4596279859542847,0.08209292590618134,256.72509765625,0.07439174092902967,-0.0355493231749666
448.7170104980469,1.4596288204193115,0.08193567395210266,256.72509765625,0.07438314550070363,-0.0359553372538826
448.94500732421875,1.4596315622329712,0.08179296553134918,256.72509765625,0.07439560422222796,-0.035774746796372346
449.1730041503906,1.4596284627914429,0.08155784010887146,256.72509765625,0.07459573499317174,-0.03615140026869127
449.4010009765625,1.4596421718597412,0.08165546506643295,256.72509765625,0.07430742295586243,-0.03617443703095729
449.6289978027344,1.4596350193023682,0.08166962116956711,256.72509765625,0.07448480532160548,-0.03596545109383832
449.85699462890625,1.4596272706985474,0.0818350687623024,256.72509765625,0.07412641293365153,-0.035994161473372775
450.0849914550781,1.459635615348816,0.08212832361459732,256.72509765625,0.07454340314529852,-0.035984530100956924
405.39599609375,1.4611432552337646,0.3121015429496765,172.03688049316406,0.06806508869372446,-0.08098321826207994
405.6230163574219,1.4596667289733887,0.25766721367836,172.03688049316406,0.07054486140226512,-0.08219815806123107
405.8500061035156,1.459678053855896,0.2298087477684021,172.03688049316406,0.07409419695191846,-0.08127206007758948
406.0769958496094,1.459668755531311,0.20800654590129852,172.03688049316406,0.0780320401225974,-0.07904844725770817
406.30401611328125,1.4596717357635498,0.19044440984725952,172.03688049316406,0.08063436811424378,-0.07622835137042908
406.531005859375,1.459676742553711,0.17629142105579376,172.03688049316406,0.08280892532312265,-0.07212102585141927
406.75799560546875,1.4596812725067139,0.16483622789382935,172.03688049316406,0.08447762042118442,-0.06938802033806553
406.9850158691406,1.459667682647705,0.15558212995529175,172.03688049316406,0.08512189994334415,-0.06601184660070106
407.2120056152344,1.4596728086471558,0.14799028635025024,172.03688049316406,0.08577046063929798,-0.062871911910917
407.4389953613281,1.4596710205078125,0.14161209762096405,172.03688049316406,0.0864203345179027,-0.05990174545833185
407.666015625,1.4596728086471558,0.13575854897499084,172.03688049316406,0.08655775942665553,-0.05850523680256772
407.89300537109375,1.459674596786499,0.1298539638519287,172.03688049316406,0.08713120227149015,-0.05582994110336094
408.1199951171875,1.4596632719039917,0.12478292733430862,172.03688049316406,0.08680967478832642,-0.05370559965725948
408.3470153808594,1.4596656560897827,0.12029989063739777,172.03688049316406,0.08710976638690598,-0.05207308559080269
408.5740051269531,1.4596666097640991,0.11621630936861038,172.03688049316406,0.08634170095775648,-0.05040104433529016
408.8009948730469,1.459670901298523,0.11247964203357697,172.03688049316406,0.08674568732994849,-0.048648851151622034
409.02801513671875,1.4596737623214722,0.10921955108642578,172.03688049316406,0.08619256246424219,-0.047778189975318006
409.2550048828125,1.4596675634384155,0.10658398270606995,172.03688049316406,0.08606316311373705,-0.046344806428655974
409.48199462890625,1.4596788883209229,0.10384222120046616,172.03688049316406,0.08562458778167785,-0.04502260350748718
409.7090148925781,1.4596617221832275,0.10151667892932892,172.03688049316406,0.08519501753348212,-0.04410422570752641
409.9360046386719,1.459661602973938,0.0994512215256691,172.03688049316406,0.08515367771744634,-0.04354658194287924
410.1629943847656,1.4596667289733887,0.09770026057958603,172.03688049316406,0.08510683152234498,-0.04260962994846486
410.3900146484375,1.4596645832061768,0.09609761089086533,172.03688049316406,0.08467910338785978,-0.04188829609009148
410.61700439453125,1.459668517112732,0.09497414529323578,172.03688049316406,0.0846026487641188,-0.04152484509984619
410.843994140625,1.459667682647705,0.09415139257907867,172.03688049316406,0.08404322154577618,-0.04070789706565976
411.0710144042969,1.459673285484314,0.09340130537748337,172.03688049316406,0.08430403180770661,-0.04036229084802197
411.2980041503906,1.4596678018569946,0.09289304912090302,172.03688049316406,0.08374595594098656,-0.03967128901136255
411.5249938964844,1.459670066833496,0.09213177859783173,172.03688049316406,0.08363900488691413,-0.03900429152674172
411.75201416015625,1.459672212600708,0.09119872748851776,172.03688049316406,0.08344523221537103,-0.03885132369161669
411.97900390625,1.4596712589263916,0.09021537005901337,172.03688049316406,0.08355912768775992,-0.03860536219758115
412.20599365234375,1.4596798419952393,0.0896843820810318,172.03688049316406,0.08314989814811363,-0.03847836345313649
412.4330139160156,1.4596624374389648,0.08905316144227982,172.03688049316406,0.08319476772837282,-0.037642395234123764
412.6600036621094,1.4596675634384155,0.08841895312070847,172.03688049316406,0.08298998339045757,-0.03790016266779506
412.8869934082031,1.459665060043335,0.08800198882818222,172.03688049316406,0.08295521873369334,-0.037963726636572374
413.114013671875,1.4596638679504395,0.08750937879085541,172.03688049316406,0.08297068558886578,-0.03811186033051168
413.34100341796875,1.459670901298523,0.08711440116167068,172.03688049316406,0.08298495408272064,-0.03732644467644628
413.5679931640625,1.4596662521362305,0.0867406576871872,172.03688049316406,0.08249945459099148,-0.03753572820860915
413.7950134277344,1.4596693515777588,0.08643436431884766,172.03688049316406,0.08316259981401587,-0.03736963443306838
414.0220031738281,1.459672451019287,0.08606918901205063,172.03688049316406,0.08281120267334142,-0.03713649353919625
414.2489929199219,1.459665298461914,0.08585157990455627,172.03688049316406,0.08283630460810092,-0.03740514572662385
414.47601318359375,1.4596596956253052,0.08592647314071655,172.03688049316406,0.08328124843068802,-0.03740519571160428
414.7030029296875,1.459668755531311,0.08591343462467194,172.03688049316406,0.08298015573485586,-0.037309857738810515
414.92999267578125,1.4596517086029053,0.08609005808830261,172.03688049316406,0.08252604379442638,-0.037142418058582316
415.1570129394531,1.4596699476242065,0.0866672545671463,172.03688049316406,0.08235778824847578,-0.03679265455545758
415.3840026855469,1.4596633911132812,0.08691616356372833,172.03688049316406,0.08258592679014432,-0.036709454938451735
415.6109924316406,1.4596686363220215,0.08668886125087738,172.03688049316406,0.08268945918676214,-0.036832056668590796
415.8380126953125,1.4596599340438843,0.08631959557533264,172.03688049316406,0.08268655996534656,-0.03688576690983697
416.06500244140625,1.4596686363220215,0.08618321269750595,172.03688049316406,0.082661704388796,-0.03677569003037894
416.2919921875,1.45966374874115,0.08587542921304703,172.03688049316406,0.08241396072712426,-0.036938791135085254
416.5190124511719,1.4596636295318604,0.08569172024726868,172.03688049316406,0.08252869962687699,-0.036937266098574
416.7460021972656,1.4596601724624634,0.08564067631959915,172.03688049316406,0.08284058206409932,-0.0367675274960396
416.9729919433594,1.4596648216247559,0.08544914424419403,172.03688049316406,0.08287805509636731,-0.03711264412411363
417.20001220703125,1.4596624374389648,0.08522520214319229,172.03688049316406,0.08269301535294417,-0.0368445156317186
417.427001953125,1.4596612453460693,0.08513204008340836,172.03688049316406,0.08275421539057995,-0.0364834259039662
417.65399169921875,1.4596697092056274,0.08509403467178345,172.03688049316406,0.08277627202599096,-0.03704676889152228
417.8810119628906,1.4596682786941528,0.084778793156147,172.03688049316406,0.08298373824977992,-0.03709190105022257
418.1080017089844,1.4596651792526245,0.08480338752269745,172.03688049316406,0.08274536691249468,-0.037150746741881936
418.3349914550781,1.4596635103225708,0.08480972051620483,172.03688049316406,0.08282177716730228,-0.037026138829380384
418.56201171875,1.459659218788147,0.08484362810850143,172.03688049316406,0.08286855116177215,-0.03723202238452071
418.78900146484375,1.4596716165542603,0.08510857075452805,172.03688049316406,0.08312597515842096,-0.03712045481760406
419.0159912109375,1.4596543312072754,0.08557695150375366,172.03688049316406,0.0834631459152145,-0.03719366950681575
419.2430114746094,1.459661841392517,0.0860043540596962,172.03688049316406,0.08299745245057162,-0.03690404403753976
419.4700012207031,1.4596645832061768,0.08612247556447983,172.03688049316406,0.08294316570062193,-0.03700164138321223
419.6969909667969,1.459669828414917,0.08613887429237366,172.03688049316406,0.08322275717175426,-0.036885931975804476
419.92401123046875,1.459655523300171,0.0857274979352951,172.03688049316406,0.08290542210894139,-0.03692086184705053
420.1510009765625,1.4596582651138306,0.08542678505182266,172.03688049316406,0.08289301728525568,-0.03684335324595986
420.37799072265625,1.4596519470214844,0.08541635423898697,172.03688049316406,0.0830836929656327,-0.03685699492980234
420.6050109863281,1.4596631526947021,0.08553000539541245,172.03688049316406,0.08296701021297129,-0.03720191333447396
420.8320007324219,1.4596542119979858,0.085054911673069,172.03688049316406,0.08342143370189527,-0.03668986532459684
421.0589904785156,1.459656000137329,0.08481717854738235,172.03688049316406,0.08319467376528596,-0.03699095862952625
421.2860107421875,1.4596465826034546,0.08487045764923096,172.03688049316406,0.0832868420792967,-0.03712405259147132
421.51300048828125,1.4596600532531738,0.0845608115196228,172.03688049316406,0.08318058601093237,-0.03720010544776093
421.739990234375,1.4596649408340454,0.08431637287139893,172.03688049316406,0.08295985264050182,-0.03711834889399016
421.9670104980469,1.4596672058105469,0.08430816978216171,172.03688049316406,0.08335876299110449,-0.03743043396468019
422.1940002441406,1.4596599340438843,0.08425973355770111,172.03688049316406,0.08319272321609594,-0.03751083408950812
422.4209899902344,1.4596644639968872,0.0841587483882904,172.03688049316406,0.08359461018930665,-0.0374352000848984
422.64801025390625,1.4596565961837769,0.08445051312446594,172.03688049316406,0.08348775789315031,-0.03714969412420124
422.875,1.4596593379974365,0.0849483385682106,172.03688049316406,0.08341715205737005,-0.03732576697022837
423.10198974609375,1.4596561193466187,0.08532431721687317,172.03688049316406,0.0832689103128465,-0.03719252560991898
423.3290100097656,1.4596532583236694,0.08560303598642349,172.03688049316406,0.08361537732612905,-0.03734032765707349
423.5559997558594,1.4596588611602783,0.08575022220611572,172.03688049316406,0.0830833062552539,-0.037047813989948046
423.78302001953125,1.4596558809280396,0.08544579148292542,172.03688049316406,0.08336864194929157,-0.03689331048728998
424.010009765625,1.4596492052078247,0.08511564880609512,172.03688049316406,0.0834434734812186,-0.03727419113993578
424.23699951171875,1.4596526622772217,0.08518234640359879,172.03688049316406,0.08369325432586011,-0.037350899357126564
424.4640197753906,1.4596539735794067,0.08503665030002594,172.03688049316406,0.0833821716388279,-0.037375642037692676
424.6910095214844,1.4596582651138306,0.08484102040529251,172.03688049316406,0.08359713698038349,-0.03720771314551223
424.9179992675781,1.4596601724624634,0.08462192118167877,172.03688049316406,0.08340198434835766,-0.03702191000633615
425.14501953125,1.4596643447875977,0.08469122648239136,172.03688049316406,0.08358725555120189,-0.037355751296406135
425.37200927734375,1.459656834602356,0.08437450230121613,172.03688049316406,0.08378382650957972,-0.03745907392909614
425.5989990234375,1.4596647024154663,0.084173284471035,172.03688049316406,0.08330652393292429,-0.03770837722544248
425.8260192871094,1.4596587419509888,0.08417440205812454,172.03688049316406,0.08394546249345136,-0.0375862122787496
426.0530090332031,1.4596601724624634,0.08387145400047302,172.03688049316406,0.08363080957633454,-0.03760040574638004
426.2799987792969,1.459665298461914,0.08378836512565613,172.03688049316406,0.0835345037032347,-0.037467049054842105
426.50701904296875,1.459668755531311,0.08398100733757019,172.03688049316406,0.08371996378502897,-0.037388481534975836
426.7340087890625,1.4596521854400635,0.08422060310840607,172.03688049316406,0.08397975463258892,-0.037437361729168166
426.96099853515625,1.4596532583236694,0.08432009816169739,172.03688049316406,0.08374221571061484,-0.03749299536990113
427.1880187988281,1.4596551656723022,0.08486710488796234,172.03688049316406,0.08372033473273126,-0.0370633818416763
427.4150085449219,1.4596573114395142,0.0852784812450409,172.03688049316406,0.08361545521294719,-0.03750988901890983
427.6419982910156,1.4596556425094604,0.0851089358329773,172.03688049316406,0.08374180682485867,-0.03723572568702835
427.8690185546875,1.4596558809280396,0.08474786579608917,172.03688049316406,0.08386800941116189,-0.03723769365566398
428.09600830078125,1.4596593379974365,0.08470054715871811,172.03688049316406,0.0839191955177072,-0.037332551671195764
428.322998046875,1.4596692323684692,0.08462825417518616,172.03688049316406,0.08353348767707512,-0.03744233261991362
428.5500183105469,1.4596586227416992,0.08435437828302383,172.03688049316406,0.08364527888295391,-0.03727385337968239
428.7770080566406,1.4596621990203857,0.08438009023666382,172.03688049316406,0.08368379343791987,-0.037587458596636425
429.0039978027344,1.4596614837646484,0.08413080126047134,172.03688049316406,0.08408495586624233,-0.037845488664668726
429.23101806640625,1.4596623182296753,0.08385804295539856,172.03688049316406,0.08388550548512934,-0.03759884810898928
429.4580078125,1.4596573114395142,0.08382674306631088,172.03688049316406,0.08398853571040925,-0.037355447044190665
429.68499755859375,1.4596680402755737,0.0836404338479042,172.03688049316406,0.08424672260115448,-0.037940304976612285
429.9120178222656,1.4596656560897827,0.08337736129760742,172.03688049316406,0.08415107409072543,-0.03766893826417723
430.1390075683594,1.459663987159729,0.08325736969709396,172.03688049316406,0.08434906497871769,-0.037626082058577974
430.3659973144531,1.4596641063690186,0.0835394486784935,172.03688049316406,0.08431482433042457,-0.03795598431066251
430.593017578125,1.4596596956253052,0.08360540121793747,172.03688049316406,0.084046509500021,-0.037747143531874944
430.82000732421875,1.459654688835144,0.08380736410617828,172.03688049316406,0.08434124864128054,-0.037979258680218425
431.0469970703125,1.4596604108810425,0.08425451815128326,172.03688049316406,0.08395010725120428,-0.037663981100491496
431.2740173339844,1.4596587419509888,0.08477693051099777,172.03688049316406,0.0842235778510236,-0.03731805560022821
431.5010070800781,1.4596574306488037,0.08493156731128693,172.03688049316406,0.08340195022489652,-0.0373202744179742
431.7279968261719,1.4596540927886963,0.08475420624017715,172.03688049316406,0.08376671104678758,-0.03754134247140401
431.95501708984375,1.4596620798110962,0.08458801358938217,172.03688049316406,0.0840295574503328,-0.03749224127431526
432.1820068359375,1.4596571922302246,0.08433984220027924,172.03688049316406,0.08407970604292163,-0.037033178732017814
432.40899658203125,1.459655523300171,0.08427351713180542,172.03688049316406,0.08409564906262036,-0.037568644546944543
432.6360168457031,1.4596636295318604,0.08426681160926819,172.03688049316406,0.08409140496000561,-0.03754234023072272
432.8630065917969,1.4596589803695679,0.08407974988222122,172.03688049316406,0.08372892781101597,-0.0378111101832683
433.0899963378906,1.4596556425094604,0.08391095697879791,172.03688049316406,0.08429933702320005,-0.037553967914152685
433.3170166015625,1.4596610069274902,0.08376935869455338,172.03688049316406,0.08422851918269754,-0.03751430945645883
433.54400634765625,1.4596551656723022,0.08365235477685928,172.03688049316406,0.0842202986841994,-0.03775200349895561
433.77099609375,1.459660530090332,0.0833456814289093,172.03688049316406,0.0840311563602943,-0.03790101475592603
433.9980163574219,1.4596549272537231,0.0833456814289093,172.03688049316406,0.08403451163954333,-0.03798069990806322
434.2250061035156,1.4596551656723022,0.08345635235309601,172.03688049316406,0.08402925378266934,-0.037713666145853274
434.4519958496094,1.4596612453460693,0.08338108658790588,172.03688049316406,0.08421063577186177,-0.03785418689309844
434.67901611328125,1.4596583843231201,0.08346492797136307,172.03688049316406,0.08419991149182884,-0.03794135593081859
434.906005859375,1.4596534967422485,0.08408944308757782,172.03688049316406,0.08397219213467699,-0.037589480325158964
435.13299560546875,1.4596545696258545,0.08455857634544373,172.03688049316406,0.08401854104354958,-0.03765160004508608
435.3600158691406,1.4596501588821411,0.08474190533161163,172.03688049316406,0.08431751685949361,-0.037480146052339916
435.5870056152344,1.45965576171875,0.08482202142477036,172.03688049316406,0.08395674627605101,-0.03733520623840285
435.8139953613281,1.4596588611602783,0.0845809355378151,172.03688049316406,0.08380516657839673,-0.03750170182688472
436.041015625,1.4596621990203857,0.0842507854104042,172.03688049316406,0.08415367018060511,-0.03748877816844966
436.26800537109375,1.4596617221832275,0.08410285413265228,172.03688049316406,0.08371885491778021,-0.037123807961424164
436.4949951171875,1.4596562385559082,0.08427426218986511,172.03688049316406,0.08418417726402333,-0.03749869724778939
436.7220153808594,1.4596574306488037,0.08402945101261139,172.03688049316406,0.08358600976616956,-0.03742249977138775
436.9490051269531,1.4596614837646484,0.08372277766466141,172.03688049316406,0.08399723984104257,-0.03724314355332628
437.1759948730469,1.4596586227416992,0.0837760642170906,172.03688049316406,0.08428766118236988,-0.03747822275899048
437.40301513671875,1.459657073020935,0.08356404304504395,172.03688049316406,0.0840283714231599,-0.03766689179812727
437.6300048828125,1.4596649408340454,0.08318322151899338,172.03688049316406,0.08400935840493114,-0.037553788163021004
437.85699462890625,1.4596670866012573,0.08316981047391891,172.03688049316406,0.08444220747155311,-0.03750359429590798
438.0840148925781,1.4596589803695679,0.08324693888425827,172.03688049316406,0.08419740534311379,-0.038073337368724335
438.3110046386719,1.4596643447875977,0.08297157287597656,172.03688049316406,0.08423690715928914,-0.03791855943835527
438.5379943847656,1.4596492052078247,0.08312993496656418,172.03688049316406,0.08414804388582005,-0.037585156443325655
438.7650146484375,1.4596507549285889,0.08349734544754028,172.03688049316406,0.08427146958498999,-0.0377005397398735
438.99200439453125,1.459652304649353,0.08371234685182571,172.03688049316406,0.08432558896085918,-0.037614775330283554
439.218994140625,1.4596644639968872,0.08417030423879623,172.03688049316406,0.08417051684311208,-0.03739837739643045
439.4460144042969,1.4596532583236694,0.08460589498281479,172.03688049316406,0.08395200408588632,-0.03745288660367245
439.6730041503906,1.4596436023712158,0.08451907336711884,172.03688049316406,0.08413868387916461,-0.03716851261151496
439.8999938964844,1.4596577882766724,0.08398398756980896,172.03688049316406,0.0840495712407711,-0.03739719452815487
440.12701416015625,1.459652304649353,0.08395641297101974,172.03688049316406,0.08437549332775189,-0.03744858178910029
440.35400390625,1.459656834602356,0.08381034433841705,172.03688049316406,0.08414883173686247,-0.037304295627495064
440.58099365234375,1.459662675857544,0.08367732167243958,172.03688049316406,0.08417520549104228,-0.0377800486553333
440.8080139160156,1.4596667289733887,0.08348206430673599,172.03688049316406,0.08414942053317036,-0.03736304949780365
441.0350036621094,1.4596583843231201,0.08348988741636276,172.03688049316406,0.08442836680763234,-0.037453352954376004
441.2619934082031,1.4596623182296753,0.08322122693061829,172.03688049316406,0.0842143901493804,-0.0376560265018507
441.489013671875,1.4596525430679321,0.08312173932790756,172.03688049316406,0.08387688386325749,-0.03748191344601649
441.71600341796875,1.4596638679504395,0.08298349380493164,172.03688049316406,0.08424812926578988,-0.03755263046047279
441.9429931640625,1.4596550464630127,0.08272191137075424,172.03688049316406,0.08428341425980487,-0.037438031121591664
442.1700134277344,1.459649920463562,0.08266638964414597,172.03688049316406,0.08422898042391973,-0.037747243546095974
442.3970031738281,1.4596511125564575,0.08273644745349884,172.03688049316406,0.08409622478533156,-0.037633859704224344
442.6239929199219,1.4596538543701172,0.08298610150814056,172.03688049316406,0.08450591115179847,-0.0377547878672584
442.85101318359375,1.4596612453460693,0.08314260840415955,172.03688049316406,0.08457662820464086,-0.03754207297782355
443.0780029296875,1.4596601724624634,0.08362478017807007,172.03688049316406,0.08444994168407291,-0.037390921505201805
443.30499267578125,1.4596648216247559,0.08427388966083527,172.03688049316406,0.08448062359648548,-0.037248652364548836
443.5320129394531,1.4596608877182007,0.08425936102867126,172.03688049316406,0.08427927735406443,-0.037459376151270075
443.7590026855469,1.459651231765747,0.08385282754898071,172.03688049316406,0.08431260818263153,-0.037631091221320266
443.9859924316406,1.4596490859985352,0.08366911858320236,172.03688049316406,0.08430671543237599,-0.03757156482220629
444.2130126953125,1.459650993347168,0.08354540914297104,172.03688049316406,0.08431404549366162,-0.0379752540474599
444.44000244140625,1.4596494436264038,0.08338518440723419,172.03688049316406,0.08429955218071226,-0.037451576641625545
444.6669921875,1.459654450416565,0.08338257670402527,172.03688049316406,0.08391319680973645,-0.03743708507108533
444.8940124511719,1.4596476554870605,0.08308037370443344,172.03688049316406,0.08473518428091983,-0.037508057716984816
445.1210021972656,1.4596521854400635,0.08279941976070404,172.03688049316406,0.08418221976803418,-0.0372552859961172
445.3479919433594,1.4596623182296753,0.08271781355142593,172.03688049316406,0.0843680605070903,-0.03745859838515914
445.57501220703125,1.4596558809280396,0.08259894698858261,172.03688049316406,0.08442189697293027,-0.037958395407434876
445.802001953125,1.459661841392517,0.0823284238576889,172.03688049316406,0.08457196972816274,-0.037454217506346164
446.02899169921875,1.4596532583236694,0.08214695751667023,172.03688049316406,0.08449022419651592,-0.03761439517378057
446.2560119628906,1.4596480131149292,0.082290418446064,172.03688049316406,0.08444798647535955,-0.037630034130887606
446.4830017089844,1.4596551656723022,0.08239363133907318,172.03688049316406,0.08442431129494812,-0.03785969196187939
446.7099914550781,1.4596483707427979,0.08253113180398941,172.03688049316406,0.08443075558632221,-0.03744274706184725
446.93701171875,1.4596500396728516,0.0828951820731163,172.03688049316406,0.08475528439993082,-0.037676590281895704
447.16400146484375,1.4596551656723022,0.0834861621260643,172.03688049316406,0.08421849634549783,-0.037533994576680614
447.3909912109375,1.4596571922302246,0.08373284339904785,172.03688049316406,0.08455804987241793,-0.03748336160370019
447.6180114746094,1.4596567153930664,0.0836605504155159,172.03688049316406,0.08477285125212121,-0.03767846917071665
447.8450012207031,1.4596482515335083,0.0834425687789917,172.03688049316406,0.08451205814120752,-0.037561397837253374
448.0719909667969,1.4596590995788574,0.08308634161949158,172.03688049316406,0.08431220939740645,-0.037551282898019546
448.29901123046875,1.459661602973938,0.0829823762178421,172.03688049316406,0.08446777847318293,-0.03781451661882174
448.5260009765625,1.4596561193466187,0.08299393206834793,172.03688049316406,0.08421283631233369,-0.037462123363068686
448.7530212402344,1.4596469402313232,0.08277631551027298,172.03688049316406,0.08462319870452627,-0.03785623422030845
448.9800109863281,1.4596550464630127,0.08246107399463654,172.03688049316406,0.08432432504756707,-0.03773748111477481
449.2070007324219,1.4596590995788574,0.08243349939584732,172.03688049316406,0.08445815703731209,-0.03785643573744134
449.43402099609375,1.459652066230774,0.08238394558429718,172.03688049316406,0.08477583492638949,-0.03792851859920378
449.6610107421875,1.459662675857544,0.08204597234725952,172.03688049316406,0.0848553690867953,-0.03783688784147215
449.88800048828125,1.4596474170684814,0.08196660876274109,172.03688049316406,0.08467454241537016,-0.03788489659288018
450.1150207519531,1.459652304649353,0.08197927474975586,172.03688049316406,0.08481989825374017,-0.03803475326584771
405.3970031738281,1.4611318111419678,0.312686562538147,115.77796936035156,0.09108000951404592,-0.10834188951055343
405.625,1.4596971273422241,0.2576221227645874,115.77796936035156,0.09431051146971976,-0.10847871769647778
405.8529968261719,1.4600077867507935,0.23073695600032806,115.77796936035156,0.09955450583228173,-0.10237867737941363
406.08099365234375,1.45969557762146,0.20800170302391052,115.77796936035156,0.10340096616419403,-0.09796411113678648
406.3089904785156,1.4599946737289429,0.19145013391971588,115.77796936035156,0.1065360001870974,-0.09022618104483897
406.5370178222656,1.4596941471099854,0.17599257826805115,115.77796936035156,0.10739632249991282,-0.08490939942812784
406.7650146484375,1.4596890211105347,0.16428549587726593,115.77796936035156,0.10765877563210723,-0.07911062219702586
406.9930114746094,1.46000337600708,0.15584929287433624,115.77796936035156,0.1074056768452183,-0.07372609401883692
407.22100830078125,1.4596858024597168,0.1467215120792389,115.77796936035156,0.10673584716171657,-0.07017028186062632
407.4490051269531,1.4596962928771973,0.1402464210987091,115.77796936035156,0.10601174015918197,-0.06706881624165265
407.677001953125,1.4596856832504272,0.13451100885868073,115.77796936035156,0.10512403533524398,-0.06394957558560199
407.9049987792969,1.4596893787384033,0.12951263785362244,115.77796936035156,0.10453336975418762,-0.06111059154093152
408.13299560546875,1.4596850872039795,0.12495880573987961,115.77796936035156,0.10384597673403421,-0.05817764699987973
408.3609924316406,1.4596879482269287,0.12095794826745987,115.77796936035156,0.10297619084188903,-0.05580484547083512
408.5889892578125,1.4599978923797607,0.11828287690877914,115.77796936035156,0.10078228997647044,-0.05287808781605676
408.8170166015625,1.4596823453903198,0.11388629674911499,115.77796936035156,0.10024864520801555,-0.0511949223027016
409.0450134277344,1.4599857330322266,0.11187300831079483,115.77796936035156,0.09964687525460902,-0.04994644367304609
409.27301025390625,1.4596880674362183,0.10767465084791183,115.77796936035156,0.09872884316863371,-0.04826366134294758
409.5010070800781,1.459996223449707,0.10585997998714447,115.77796936035156,0.09768675796355553,-0.046672656949682374
409.72900390625,1.4596880674362183,0.10236848890781403,115.77796936035156,0.09700330828455027,-0.04599813546698092
409.9570007324219,1.4596902132034302,0.10032092779874802,115.77796936035156,0.09669852499861839,-0.045317893066236965
410.18499755859375,1.459991455078125,0.09957940131425858,115.77796936035156,0.09565093033760094,-0.044225179549138606
410.4129943847656,1.45998215675354,0.09769951552152634,115.77796936035156,0.09540946152007936,-0.044094291118522186
410.6409912109375,1.459686279296875,0.09490819275379181,115.77796936035156,0.09467533891688394,-0.04316139892254955
410.8690185546875,1.4596859216690063,0.09386075288057327,115.77796936035156,0.09484169942591762,-0.042569900453339186
411.0970153808594,1.4596816301345825,0.09271343797445297,115.77796936035156,0.09407037391941529,-0.042701675289679136
411.32501220703125,1.4599885940551758,0.09279578924179077,115.77796936035156,0.09387546519324513,-0.04219341400359133
411.5530090332031,1.4596887826919556,0.09063941985368729,115.77796936035156,0.09374579032448639,-0.041580455602846574
411.781005859375,1.459681749343872,0.09014494717121124,115.77796936035156,0.09356301429794077,-0.04160129482795785
412.0090026855469,1.4596818685531616,0.0900227278470993,115.77796936035156,0.09301102777802732,-0.04149315192236393
412.23699951171875,1.4596773386001587,0.09006110578775406,115.77796936035156,0.09289461471230706,-0.040956034981750496
412.4649963378906,1.45968759059906,0.08987479656934738,115.77796936035156,0.09235647402035374,-0.04021833892815087
412.6929931640625,1.459684133529663,0.08969184011220932,115.77796936035156,0.09240317676779439,-0.0403781263879909
412.9209899902344,1.4596821069717407,0.08939933031797409,115.77796936035156,0.0917683457418723,-0.03995187523297009
413.1490173339844,1.459689736366272,0.08896149694919586,115.77796936035156,0.0921101161164331,-0.04000921709148697
413.37701416015625,1.4596874713897705,0.08830157667398453,115.77796936035156,0.09154247841607067,-0.04021476930381142
413.6050109863281,1.4596816301345825,0.08762601017951965,115.77796936035156,0.0920736771187852,-0.03990614557354481
413.8330078125,1.459678292274475,0.08728618174791336,115.77796936035156,0.09178142035480749,-0.04045968821694451
414.0610046386719,1.4596807956695557,0.087133027613163,115.77796936035156,0.09184267705106886,-0.039916869665114034
414.28900146484375,1.4596792459487915,0.08681406825780869,115.77796936035156,0.09218684276492108,-0.03946174243245649
414.5169982910156,1.4599858522415161,0.08740877360105515,115.77796936035156,0.09184223828309535,-0.039593716538765096
414.7449951171875,1.4596853256225586,0.08595889806747437,115.77796936035156,0.09207711566933069,-0.039689962297477566
414.9729919433594,1.459996223449707,0.08685915172100067,115.77796936035156,0.09208250912000045,-0.03992731998630252
415.2010192871094,1.4599982500076294,0.08660576492547989,115.77796936035156,0.09208771512693675,-0.039352951870086056
415.42901611328125,1.459680199623108,0.08524792641401291,115.77796936035156,0.09219538646185438,-0.03970868486192969
415.6570129394531,1.459677815437317,0.08505826443433762,115.77796936035156,0.09223307477939022,-0.03969166369442568
415.885009765625,1.4596798419952393,0.08547299355268478,115.77796936035156,0.09260347242579121,-0.03987662228130195
416.1130065917969,1.4596803188323975,0.08596187829971313,115.77796936035156,0.09230083702109036,-0.03964603788756341
416.34100341796875,1.4596799612045288,0.08639225363731384,115.77796936035156,0.09216618884460226,-0.03946168977349896
416.5690002441406,1.4596668481826782,0.08656664192676544,115.77796936035156,0.09204916943461794,-0.03945513213102741
416.7969970703125,1.4599782228469849,0.08767929673194885,115.77796936035156,0.09178171082027249,-0.03977529137108259
417.0249938964844,1.459992527961731,0.08759918063879013,115.77796936035156,0.0918072619921518,-0.039231135144834756
417.25299072265625,1.4599835872650146,0.0874035581946373,115.77796936035156,0.09182591409064494,-0.03895354072246954
417.48101806640625,1.4599790573120117,0.0868569165468216,115.77796936035156,0.09226519035981953,-0.039334148018524695
417.7090148925781,1.4596772193908691,0.08537536859512329,115.77796936035156,0.09189037789707082,-0.03926553496732008
417.93701171875,1.4596800804138184,0.08546517044305801,115.77796936035156,0.09211824370197957,-0.03979395645635631
418.1650085449219,1.4596737623214722,0.08543461561203003,115.77796936035156,0.09222909124834379,-0.039209834348676115
418.39300537109375,1.459978699684143,0.08623500913381577,115.77796936035156,0.09215101246021473,-0.03959231489549388
418.6210021972656,1.4596861600875854,0.08478513360023499,115.77796936035156,0.09199944916531219,-0.0395194145499621
418.8489990234375,1.45967698097229,0.08479630947113037,115.77796936035156,0.0926107018826417,-0.03951378510383788
419.0769958496094,1.4596785306930542,0.084778793156147,115.77796936035156,0.09258029931373851,-0.039889776262823674
419.30499267578125,1.4596776962280273,0.0848466157913208,115.77796936035156,0.09274197229526965,-0.040135022405056335
419.5329895019531,1.4596834182739258,0.0846770703792572,115.77796936035156,0.09302912235215605,-0.04032763727747002
419.7610168457031,1.4596822261810303,0.0846584364771843,115.77796936035156,0.09268664545496619,-0.03981328569440293
419.989013671875,1.459675908088684,0.08525687456130981,115.77796936035156,0.09298317561282202,-0.039742475820121706
420.2170104980469,1.4596771001815796,0.08575096726417542,115.77796936035156,0.09265940321592361,-0.039943453352611534
420.44500732421875,1.4596883058547974,0.08620929718017578,115.77796936035156,0.09281090109112412,-0.039774313160276964
420.6730041503906,1.459689736366272,0.08635350316762924,115.77796936035156,0.09245695763975414,-0.03971706858358223
420.9010009765625,1.4596805572509766,0.08645634353160858,115.77796936035156,0.09227317072032862,-0.04001597681728866
421.1289978027344,1.4599891901016235,0.08742218464612961,115.77796936035156,0.09205334446809935,-0.0394237372349278
421.35699462890625,1.4596794843673706,0.0861981213092804,115.77796936035156,0.09264866734514504,-0.0396951400287568
421.5849914550781,1.4596843719482422,0.08560080081224442,115.77796936035156,0.09272288714222832,-0.0398733048075884
421.8130187988281,1.4596763849258423,0.0854569673538208,115.77796936035156,0.09265775232183356,-0.039789636319351236
422.041015625,1.4599781036376953,0.08653608709573746,115.77796936035156,0.09215747756635377,-0.03956774011708329
422.2690124511719,1.4596847295761108,0.08542641252279282,115.77796936035156,0.09283093969178192,-0.03957710162335193
422.49700927734375,1.4596730470657349,0.08518979698419571,115.77796936035156,0.09287454449237874,-0.03954999798516636
422.7250061035156,1.4596771001815796,0.08497107028961182,115.77796936035156,0.09235305008049646,-0.039597459557005804
422.9530029296875,1.459983468055725,0.08600956946611404,115.77796936035156,0.09333745130053271,-0.03969441213359529
423.1809997558594,1.459673285484314,0.08498150110244751,115.77796936035156,0.09276668485810975,-0.03996326572946819
423.40899658203125,1.4596788883209229,0.08483245223760605,115.77796936035156,0.0929346434030137,-0.040070774392429793
423.6369934082031,1.459679365158081,0.08475979417562485,115.77796936035156,0.09284339207667712,-0.0402972856997186
423.864990234375,1.4599864482879639,0.08598609268665314,115.77796936035156,0.09265017052029255,-0.03961947809735653
424.093017578125,1.459672212600708,0.08550950884819031,115.77796936035156,0.09294934482251506,-0.03968659889421313
424.3210144042969,1.4599896669387817,0.08709129691123962,115.77796936035156,0.09261641519528069,-0.03965775013193873
424.54901123046875,1.459673285484314,0.08627189695835114,115.77796936035156,0.0923433482992114,-0.03951727485515409
424.7770080566406,1.459985613822937,0.08739946037530899,115.77796936035156,0.09230126432047758,-0.03928324208677202
425.0050048828125,1.459673285484314,0.08622867614030838,115.77796936035156,0.0925701522558861,-0.039450583443993915
425.2330017089844,1.4596701860427856,0.08614259958267212,115.77796936035156,0.09265746341790917,-0.039582400589628204
425.46099853515625,1.4596874713897705,0.08585232496261597,115.77796936035156,0.09312248618814793,-0.039320451437117335
425.6889953613281,1.4596771001815796,0.08552143722772598,115.77796936035156,0.09223770380438472,-0.03958375639292188
425.9169921875,1.459669828414917,0.08536195009946823,115.77796936035156,0.092633130957928,-0.039538046791466726
426.14501953125,1.4596775770187378,0.08545286953449249,115.77796936035156,0.0928847651961186,-0.039290691022038256
426.3730163574219,1.4596704244613647,0.08521886169910431,115.77796936035156,0.0926339759409276,-0.03967614217654234
426.60101318359375,1.459677815437317,0.08501354604959488,115.77796936035156,0.09268217947937245,-0.03986421767880157
426.8290100097656,1.4596703052520752,0.08479705452919006,115.77796936035156,0.09294030327409843,-0.0399097768715355
427.0570068359375,1.4596658945083618,0.08464688807725906,115.77796936035156,0.09234103638284802,-0.039814057726560166
427.2850036621094,1.4596679210662842,0.08464428037405014,115.77796936035156,0.09288170476701232,-0.040204485226184083
427.51300048828125,1.4596744775772095,0.08439759910106659,115.77796936035156,0.09307090073527417,-0.03977213745534097
427.7409973144531,1.4596787691116333,0.08439089357852936,115.77796936035156,0.09336797403220991,-0.04021405648036671
427.968994140625,1.4596730470657349,0.08487717062234879,115.77796936035156,0.09293728306455258,-0.03978088044648723
428.1969909667969,1.4596692323684692,0.08544877171516418,115.77796936035156,0.09305750095993132,-0.03981212635105011
428.4250183105469,1.4599791765213013,0.0868561714887619,115.77796936035156,0.09287885700053042,-0.0397241983591137
428.65301513671875,1.459683895111084,0.08590076863765717,115.77796936035156,0.0925742801088055,-0.039618426847469024
428.8810119628906,1.4596816301345825,0.08604646474123001,115.77796936035156,0.09271851984857117,-0.039765294713229794
429.1090087890625,1.4596749544143677,0.08599764853715897,115.77796936035156,0.09275212413145173,-0.039690714461057056
429.3370056152344,1.459671974182129,0.08574500679969788,115.77796936035156,0.09274716770918146,-0.04001107816874276
429.56500244140625,1.459681749343872,0.08528631180524826,115.77796936035156,0.09302478409466172,-0.03957424910467444
429.7929992675781,1.4599794149398804,0.08608819544315338,115.77796936035156,0.09319880520131442,-0.03968285204972651
430.02099609375,1.459669589996338,0.0849829912185669,115.77796936035156,0.09298836381627817,-0.039950031093497755
430.2489929199219,1.4596692323684692,0.08496510982513428,115.77796936035156,0.09301008026835213,-0.039613936837598146
430.4770202636719,1.4596714973449707,0.08482425659894943,115.77796936035156,0.09314765829827089,-0.03981880632041883
430.70501708984375,1.4596812725067139,0.08452951163053513,115.77796936035156,0.09327002174120873,-0.039888661513565786
430.9330139160156,1.4596796035766602,0.08438344299793243,115.77796936035156,0.09328792173915318,-0.040160317513135806
431.1610107421875,1.4596713781356812,0.08446355909109116,115.77796936035156,0.093228879854836,-0.03977457793082983
431.3890075683594,1.4596699476242065,0.08438418805599213,115.77796936035156,0.09314574502567492,-0.03999632602689528
431.61700439453125,1.4599815607070923,0.08507204800844193,115.77796936035156,0.09307356767716843,-0.03974905737041783
431.8450012207031,1.4596664905548096,0.08421240746974945,115.77796936035156,0.09386956126267967,-0.04013430137028303
432.072998046875,1.4599753618240356,0.0857137069106102,115.77796936035156,0.09303354013658023,-0.039774955167915675
432.3009948730469,1.4596742391586304,0.08525127917528152,115.77796936035156,0.09309366702656063,-0.03950919756264476
432.52899169921875,1.459682583808899,0.0855788141489029,115.77796936035156,0.09290975312514593,-0.03978083912631919
432.75701904296875,1.4596754312515259,0.08569806069135666,115.77796936035156,0.09268205710001676,-0.039989925370221335
432.9850158691406,1.459982991218567,0.08673283457756042,115.77796936035156,0.09268749374542093,-0.03968723103025586
433.2130126953125,1.4599794149398804,0.08658862859010696,115.77796936035156,0.09289154018987697,-0.03958087617465448
433.4410095214844,1.45966374874115,0.08512645214796066,115.77796936035156,0.09350900790582338,-0.0398951836068203
433.66900634765625,1.4596772193908691,0.08469048142433167,115.77796936035156,0.09316529999009988,-0.0399183700083431
433.8970031738281,1.459672212600708,0.08451944589614868,115.77796936035156,0.09346459345896505,-0.04015057233258997
434.125,1.4596681594848633,0.08463272452354431,115.77796936035156,0.09322767872683246,-0.0398907437290748
434.3529968261719,1.459672451019287,0.08440020680427551,115.77796936035156,0.09307071425610583,-0.03977814603523232
434.58099365234375,1.4596737623214722,0.08416098356246948,115.77796936035156,0.0932142862946521,-0.04014645285602642
434.8089904785156,1.459681510925293,0.08380848169326782,115.77796936035156,0.09331230973735902,-0.04004679667612909
435.0370178222656,1.4599871635437012,0.08486337959766388,115.77796936035156,0.09333037323511008,-0.03982659778528883
435.2650146484375,1.4599827527999878,0.08470576256513596,115.77796936035156,0.09350510567890355,-0.04027524070961148
435.4930114746094,1.45967435836792,0.08360167592763901,115.77796936035156,0.09370686672240174,-0.04056548227031454
435.72100830078125,1.4596681594848633,0.08362887799739838,115.77796936035156,0.09386803587199508,-0.040343565100559975
435.9490051269531,1.4596792459487915,0.08394858986139297,115.77796936035156,0.0933905315274322,-0.0402903086134712
436.177001953125,1.459686279296875,0.08461260795593262,115.77796936035156,0.09334439379114697,-0.039985821237320585
436.4049987792969,1.4599882364273071,0.08608223497867584,115.77796936035156,0.09295814757866025,-0.04007757079651491
436.63299560546875,1.4596807956695557,0.08524196594953537,115.77796936035156,0.09326078783316036,-0.04006323868951121
436.8609924316406,1.4596807956695557,0.08511825650930405,115.77796936035156,0.09363135681339613,-0.04020324246444756
437.0890197753906,1.4596813917160034,0.08516333997249603,115.77796936035156,0.09341075549121101,-0.039699474743186434
437.3170166015625,1.4596781730651855,0.0850888192653656,115.77796936035156,0.09354845500527915,-0.03979344497148996
437.5450134277344,1.4596823453903198,0.08468563854694366,115.77796936035156,0.09348292587591547,-0.03986597119551655
437.77301025390625,1.459680199623108,0.08430779725313187,115.77796936035156,0.09328616123380574,-0.039955098592051104
438.0010070800781,1.4599884748458862,0.08525053411722183,115.77796936035156,0.09345114015952505,-0.04002395401059377
438.22900390625,1.4596760272979736,0.08421799540519714,115.77796936035156,0.0933977086203952,-0.03997145333502181
438.4570007324219,1.4596775770187378,0.08402609825134277,115.77796936035156,0.09398048332732148,-0.03999267446960478
438.68499755859375,1.4596693515777588,0.08369669318199158,115.77796936035156,0.09388431905901648,-0.04033333752957827
438.9129943847656,1.4596731662750244,0.08344517648220062,115.77796936035156,0.09352068761023362,-0.04049860745752195
439.1409912109375,1.4596655368804932,0.08353125303983688,115.77796936035156,0.09352397978838688,-0.04005459616638181
439.3690185546875,1.4596673250198364,0.08360800892114639,115.77796936035156,0.09326619188659789,-0.040509232560366926
439.5970153808594,1.4599775075912476,0.0843968540430069,115.77796936035156,0.09394591631275695,-0.04042475435313565
439.82501220703125,1.4596692323684692,0.08345597982406616,115.77796936035156,0.09369224052489562,-0.040561869374350516
440.0530090332031,1.4596692323684692,0.0840044841170311,115.77796936035156,0.09374275739489275,-0.03995316431920451
440.281005859375,1.4599722623825073,0.08545100688934326,115.77796936035156,0.09360660420000809,-0.03970310900705044
440.5090026855469,1.459673523902893,0.08502919971942902,115.77796936035156,0.09361290921294468,-0.03982604174008372
440.73699951171875,1.4596692323684692,0.0851081982254982,115.77796936035156,0.09300252756763226,-0.03988080340918122
440.9649963378906,1.4596760272979736,0.08501391857862473,115.77796936035156,0.09315356581718504,-0.04003624617302584
441.1929931640625,1.459671974182129,0.08491331338882446,115.77796936035156,0.09327110812897431,-0.039473727388744474
441.4210205078125,1.4599835872650146,0.08568687736988068,115.77796936035156,0.09302110600284308,-0.039884244293966774
441.6490173339844,1.459671139717102,0.08419936895370483,115.77796936035156,0.09338096645505574,-0.03982238515630155
441.87701416015625,1.4596772193908691,0.08403950929641724,115.77796936035156,0.09295950850116147,-0.04002428229542254
442.1050109863281,1.4599881172180176,0.08514918386936188,115.77796936035156,0.09351994242308209,-0.03967540185441225
442.3330078125,1.4596772193908691,0.08413303643465042,115.77796936035156,0.09343958881633811,-0.04008823115327573
442.5610046386719,1.4596765041351318,0.08398771286010742,115.77796936035156,0.09367401665138503,-0.04021427587237983
442.78900146484375,1.4596811532974243,0.08356627821922302,115.77796936035156,0.09316253157443574,-0.04028451502711936
443.0169982910156,1.4596776962280273,0.08363372087478638,115.77796936035156,0.09346616609342205,-0.04008757581352691
443.2449951171875,1.4596781730651855,0.0837041512131691,115.77796936035156,0.09398811601835604,-0.04036552055118902
443.4729919433594,1.4596656560897827,0.08361807465553284,115.77796936035156,0.09380554398276886,-0.04057645541398428
443.7010192871094,1.4596692323684692,0.08348206430673599,115.77796936035156,0.0938588136291533,-0.040036055117284815
443.92901611328125,1.4596741199493408,0.08366502076387405,115.77796936035156,0.09364785424624343,-0.04016689617360592
444.1570129394531,1.4599792957305908,0.08525276929140091,115.77796936035156,0.09356313146017102,-0.04012312949028913
444.385009765625,1.4599796533584595,0.08575320243835449,115.77796936035156,0.09336096122882519,-0.039521885843110706
444.6130065917969,1.459683895111084,0.08506273478269577,115.77796936035156,0.09366267389562591,-0.03930189999746065
444.84100341796875,1.459678292274475,0.08507987856864929,115.77796936035156,0.09349830795321824,-0.040104337213161256
445.0690002441406,1.4596835374832153,0.08489877730607986,115.77796936035156,0.09361560028025773,-0.03995167589681238
445.2969970703125,1.459672451019287,0.08486561477184296,115.77796936035156,0.09331882448488993,-0.03986821653431451
445.5249938964844,1.4596747159957886,0.08445125818252563,115.77796936035156,0.09306501201585145,-0.039926003293738514
445.75299072265625,1.4596716165542603,0.08409912884235382,115.77796936035156,0.09385765784436428,-0.03998997866479299
445.98101806640625,1.4596725702285767,0.08403317630290985,115.77796936035156,0.09355547811435888,-0.040591989793221143
446.2090148925781,1.459680438041687,0.08400895446538925,115.77796936035156,0.0934900782061419,-0.03987971718905337
446.43701171875,1.4596738815307617,0.08396722376346588,115.77796936035156,0.09393446203029467,-0.04017083158589957
446.6650085449219,1.4596707820892334,0.0835442915558815,115.77796936035156,0.09292640008339544,-0.0400451319298261
446.89300537109375,1.4596766233444214,0.08332742750644684,115.77796936035156,0.09342664079512877,-0.04013507995343229
447.1210021972656,1.4596736431121826,0.08328830450773239,115.77796936035156,0.09330325265430424,-0.03959541607743722
447.3489990234375,1.459671974182129,0.08340530842542648,115.77796936035156,0.09393034033538648,-0.04006870931870949
447.5769958496094,1.4596810340881348,0.08337102085351944,115.77796936035156,0.09361404072819232,-0.040034939492346634
447.80499267578125,1.4599876403808594,0.08437561988830566,115.77796936035156,0.09360310164471641,-0.040169788747494765
448.03302001953125,1.4596738815307617,0.08363595604896545,115.77796936035156,0.09396878042402329,-0.039944722282101226
448.2610168457031,1.4599742889404297,0.08530382066965103,115.77796936035156,0.09356805722187558,-0.03977717943976569
448.489013671875,1.4596790075302124,0.08479966223239899,115.77796936035156,0.09345402795131083,-0.0399159671086582
448.7170104980469,1.4596717357635498,0.0848756805062294,115.77796936035156,0.09387540055028105,-0.03993828918555262
448.94500732421875,1.4596744775772095,0.08458652347326279,115.77796936035156,0.09303025268332257,-0.039466004414389175
449.1730041503906,1.459980845451355,0.08552367240190506,115.77796936035156,0.0932801620678289,-0.03965657652807226
449.4010009765625,1.459674596786499,0.08437076956033707,115.77796936035156,0.0932145986456521,-0.03982810375450329
449.6289978027344,1.4596717357635498,0.08390872180461884,115.77796936035156,0.09391750183933884,-0.03966643249456627
449.85699462890625,1.4596762657165527,0.08365645259618759,115.77796936035156,0.09324853411999827,-0.039569964944377464
450.0849914550781,1.4599828720092773,0.08463011682033539,115.77796936035156,0.09371972621692297,-0.039446528102745376
405.40399169921875,1.4611237049102783,0.3107183575630188,78.12499237060547,0.12670633054343558,-0.1356126479293713
405.6390075683594,1.4596856832504272,0.2572465240955353,78.12499237060547,0.1299472212898713,-0.13310460274489513
405.8739929199219,1.4596813917160034,0.2291659712791443,78.12499237060547,0.13815748702949326,-0.12112052496076205
406.1090087890625,1.4596781730651855,0.20778371393680573,78.12499237060547,0.137012870307006,-0.10922453176279322
406.343994140625,1.4596906900405884,0.19019773602485657,78.12499237060547,0.13827305859554948,-0.0987643594819589
406.5790100097656,1.4596827030181885,0.17571385204792023,78.12499237060547,0.13476855308285093,-0.08935318966615344
406.8139953613281,1.459683895111084,0.16388417780399323,78.12499237060547,0.13279650995777334,-0.08241199558922706
407.04901123046875,1.4596800804138184,0.15435805916786194,78.12499237060547,0.12941648609906592,-0.07586800261325391
407.28399658203125,1.4596740007400513,0.1468232274055481,78.12499237060547,0.12679472418316265,-0.07205591449616422
407.5190124511719,1.459686279296875,0.14004036784172058,78.12499237060547,0.12435804108597197,-0.06770091376339621
407.7539978027344,1.4596810340881348,0.1343526393175125,78.12499237060547,0.1217235012598743,-0.06485279079311315
407.989013671875,1.4596856832504272,0.1287088841199875,78.12499237060547,0.12094067732620059,-0.06221866849106845
408.2239990234375,1.4596892595291138,0.12381745874881744,78.12499237060547,0.11843983051185866,-0.059727379023155475
408.4590148925781,1.459681510925293,0.11937467008829117,78.12499237060547,0.11625875486949183,-0.05752971610787518
408.6940002441406,1.4596821069717407,0.11532647907733917,78.12499237060547,0.1144231648670399,-0.05594454481301728
408.92901611328125,1.4596755504608154,0.11210329085588455,78.12499237060547,0.11269873007981282,-0.053472396704128684
409.16400146484375,1.4596736431121826,0.10887674242258072,78.12499237060547,0.11108249086499737,-0.052648790855223095
409.3990173339844,1.4596803188323975,0.1067863181233406,78.12499237060547,0.10997638038345661,-0.050645727757880316
409.6340026855469,1.4596819877624512,0.10449989885091782,78.12499237060547,0.10874120680348937,-0.05016771757437771
409.8690185546875,1.459678292274475,0.10298556089401245,78.12499237060547,0.10671594421483659,-0.049201482514833327
410.10400390625,1.459683895111084,0.10162659734487534,78.12499237060547,0.10587031204252426,-0.04766369609559382
410.3389892578125,1.4596774578094482,0.09994904696941376,78.12499237060547,0.10500048267937101,-0.04708071923500777
410.5740051269531,1.4596822261810303,0.09859530627727509,78.12499237060547,0.1038025285874187,-0.04639942696631502
410.8089904785156,1.4596844911575317,0.09662524610757828,78.12499237060547,0.10336349665028727,-0.04591353427952128
411.04400634765625,1.459691047668457,0.09567878395318985,78.12499237060547,0.10256766133468367,-0.045587384969853026
411.27899169921875,1.4596811532974243,0.09450837224721909,78.12499237060547,0.10210848885948286,-0.04558929469958915
411.5140075683594,1.4596834182739258,0.09348924458026886,78.12499237060547,0.1018111976817602,-0.04475996686861776
411.7489929199219,1.4596965312957764,0.09261171519756317,78.12499237060547,0.10119617946112225,-0.04498677117022518
411.9840087890625,1.459682583808899,0.09155718982219696,78.12499237060547,0.10042489430350034,-0.044161896916536963
412.218994140625,1.4596781730651855,0.09124903380870819,78.12499237060547,0.1009359754484002,-0.04414668056916103
412.4540100097656,1.4596786499023438,0.0903472825884819,78.12499237060547,0.10049490555873343,-0.044303775013103466
412.6889953613281,1.4596823453903198,0.09002459049224854,78.12499237060547,0.10035735666198936,-0.04413922169134351
412.92401123046875,1.4596840143203735,0.08934120088815689,78.12499237060547,0.10008756859362714,-0.04353130223359266
413.15899658203125,1.4596720933914185,0.08904422074556351,78.12499237060547,0.09990893928157345,-0.04422469696535097
413.3940124511719,1.4596761465072632,0.08906955271959305,78.12499237060547,0.099827672669498,-0.044059856923116154
413.6289978027344,1.4596863985061646,0.08886386454105377,78.12499237060547,0.0998070775029332,-0.04361763533838317
413.864013671875,1.4596806764602661,0.08945298194885254,78.12499237060547,0.09941244424821974,-0.04334576750770287
414.0989990234375,1.459671974182129,0.08952266722917557,78.12499237060547,0.09931863474612111,-0.0433534894993256
414.3340148925781,1.4596798419952393,0.08967506885528564,78.12499237060547,0.09900565689692556,-0.0427776660556794
414.5690002441406,1.4596821069717407,0.0891314148902893,78.12499237060547,0.09889101930830187,-0.04332009257575745
414.80401611328125,1.459678053855896,0.0887356847524643,78.12499237060547,0.09931123130131798,-0.04265387960774583
415.03900146484375,1.4596797227859497,0.08873158693313599,78.12499237060547,0.09896832843165466,-0.04315052368516056
415.2740173339844,1.4596692323684692,0.08838839828968048,78.12499237060547,0.09872571176608821,-0.04315531110204206
415.5090026855469,1.4596673250198364,0.08841224759817123,78.12499237060547,0.09901605741418781,-0.04323082385985611
415.7440185546875,1.459667444229126,0.08797255158424377,78.12499237060547,0.0990502091195762,-0.043427560049369124
415.97900390625,1.4596734046936035,0.08782871812582016,78.12499237060547,0.09924658852484299,-0.04314213092780949
416.2139892578125,1.4596755504608154,0.08764874190092087,78.12499237060547,0.09918951379980363,-0.0433865863023996
416.4490051269531,1.4596716165542603,0.08733238279819489,78.12499237060547,0.09907896106810982,-0.04345661081951629
416.6839904785156,1.4596766233444214,0.08747249096632004,78.12499237060547,0.09975485025707961,-0.0429654871833208
416.91900634765625,1.4596723318099976,0.08683343976736069,78.12499237060547,0.09917751665134279,-0.04287403868426034
417.15399169921875,1.4596798419952393,0.08722879737615585,78.12499237060547,0.09978170095011211,-0.04288384423748299
417.3890075683594,1.4596692323684692,0.08701043576002121,78.12499237060547,0.09930738522551652,-0.043427193733285054
417.6239929199219,1.459682583808899,0.0874609425663948,78.12499237060547,0.09973228386013129,-0.04318961256533958
417.8590087890625,1.4596731662750244,0.08787865191698074,78.12499237060547,0.09924206519323016,-0.04335844912974725
418.093994140625,1.4596740007400513,0.08822295814752579,78.12499237060547,0.10013124415128848,-0.042590862139284785
418.3290100097656,1.4596761465072632,0.0886041522026062,78.12499237060547,0.09955909234638385,-0.04325710659283454
418.5639953613281,1.4596726894378662,0.08800273388624191,78.12499237060547,0.09959968031901396,-0.04279547460665408
418.79901123046875,1.4596751928329468,0.08800794929265976,78.12499237060547,0.09943670965813219,-0.04294053539454224
419.03399658203125,1.4596742391586304,0.08774226903915405,78.12499237060547,0.09932743664354296,-0.04318678546302981
419.2690124511719,1.459678292274475,0.08770612627267838,78.12499237060547,0.09928222233254741,-0.04376153400889141
419.5039978027344,1.45967435836792,0.08764427155256271,78.12499237060547,0.09971840643303756,-0.04302272496195215
419.739013671875,1.4596631526947021,0.0872526466846466,78.12499237060547,0.09921628656370499,-0.04313547335679933
419.9739990234375,1.4596655368804932,0.08738939464092255,78.12499237060547,0.10011720998343349,-0.04301282505619936
420.2090148925781,1.4596635103225708,0.08701454102993011,78.12499237060547,0.09936793406468047,-0.043094315060299516
420.4440002441406,1.4596726894378662,0.08697950839996338,78.12499237060547,0.10036343195870459,-0.043360518965087656
420.67901611328125,1.4596627950668335,0.08661359548568726,78.12499237060547,0.0997483560298999,-0.043163081982730854
420.91400146484375,1.4596737623214722,0.08651000261306763,78.12499237060547,0.09969191299677232,-0.043305265423809414
421.1490173339844,1.4596737623214722,0.08684499561786652,78.12499237060547,0.10001445184246219,-0.04316592361086925
421.3840026855469,1.4596693515777588,0.08665495365858078,78.12499237060547,0.10043413836521292,-0.0439744484438423
421.6190185546875,1.4596686363220215,0.08714532852172852,78.12499237060547,0.10008444456605477,-0.04284927176657196
421.85400390625,1.4596710205078125,0.08729549497365952,78.12499237060547,0.09995284811024464,-0.0435665337262197
422.0890197753906,1.4596718549728394,0.08793789893388748,78.12499237060547,0.09981010628173434,-0.04331223259296059
422.3240051269531,1.4596753120422363,0.08817153424024582,78.12499237060547,0.09976897015511889,-0.04313077681468903
422.5589904785156,1.4596742391586304,0.08772587776184082,78.12499237060547,0.10001188304452024,-0.04312908679790529
422.79400634765625,1.4596723318099976,0.08782536536455154,78.12499237060547,0.10028141689540698,-0.043151276924255355
423.02899169921875,1.4596670866012573,0.08729959279298782,78.12499237060547,0.09976864010549877,-0.04339925510758172
423.2640075683594,1.4596766233444214,0.08738976716995239,78.12499237060547,0.0999364986477657,-0.044000648679286915
423.4989929199219,1.459682583808899,0.0871032178401947,78.12499237060547,0.10003134412368657,-0.042414625787743764
423.7340087890625,1.4596785306930542,0.08695044368505478,78.12499237060547,0.10017074698543114,-0.04388770562597316
423.968994140625,1.4596712589263916,0.0868617594242096,78.12499237060547,0.09992373280656906,-0.04366043751372678
424.2040100097656,1.4596656560897827,0.08644777536392212,78.12499237060547,0.10013548835628044,-0.04385996494169579
424.4389953613281,1.4596688747406006,0.08656328916549683,78.12499237060547,0.10036706945976089,-0.04327482912945779
424.67401123046875,1.459680199623108,0.08603379130363464,78.12499237060547,0.10102404833502872,-0.04354260089151819
424.90899658203125,1.4596736431121826,0.08611800521612167,78.12499237060547,0.1003625742635165,-0.04404054766490147
425.1440124511719,1.4596682786941528,0.08590710163116455,78.12499237060547,0.10097159410794641,-0.04338138671550625
425.3789978027344,1.4596784114837646,0.08606620877981186,78.12499237060547,0.1008932447523698,-0.04356374302157122
425.614013671875,1.459673523902893,0.08668029308319092,78.12499237060547,0.10129029233769432,-0.043702449640635806
425.8489990234375,1.4596747159957886,0.08676301687955856,78.12499237060547,0.10064956097732633,-0.043252981666987156
426.0840148925781,1.4596823453903198,0.08756303787231445,78.12499237060547,0.10085013299947644,-0.04378086434055849
426.3190002441406,1.4596753120422363,0.08758986741304398,78.12499237060547,0.1005180809154522,-0.0432844954345381
426.55401611328125,1.4596748352050781,0.08756229281425476,78.12499237060547,0.10058872493795912,-0.04396613563589269
426.78900146484375,1.4596796035766602,0.0870305597782135,78.12499237060547,0.10073299490703001,-0.043626070495463826
427.0240173339844,1.459671139717102,0.08676562458276749,78.12499237060547,0.10089626156424006,-0.04354662406611881
427.2590026855469,1.459670066833496,0.08695864677429199,78.12499237060547,0.1004043972474605,-0.043783321081425616
427.4940185546875,1.459672212600708,0.0865122377872467,78.12499237060547,0.10091486198513384,-0.043926483266638686
427.72900390625,1.4596666097640991,0.08674512803554535,78.12499237060547,0.10039024314314168,-0.043540091613688964
427.9640197753906,1.459664225578308,0.08633971959352493,78.12499237060547,0.10084351576060534,-0.04373020981575693
428.1990051269531,1.4596623182296753,0.08627897500991821,78.12499237060547,0.10127701170090306,-0.0433096830588037
428.4339904785156,1.4596718549728394,0.08617687970399857,78.12499237060547,0.10092772758209427,-0.043692175989446504
428.66900634765625,1.4596786499023438,0.08576587587594986,78.12499237060547,0.1009241912599902,-0.043648544053814735
428.90399169921875,1.4596812725067139,0.08600472658872604,78.12499237060547,0.10064338844310713,-0.04365207805397701
429.1390075683594,1.459672451019287,0.08562390506267548,78.12499237060547,0.10099134888126465,-0.04393924666797379
429.3739929199219,1.4596692323684692,0.08609303832054138,78.12499237060547,0.1015023348883534,-0.044089279957194985
429.6090087890625,1.459672212600708,0.08619103580713272,78.12499237060547,0.10154018112560534,-0.04406322961391263
429.843994140625,1.4596768617630005,0.08664675801992416,78.12499237060547,0.10110560416326919,-0.044004015713336786
430.0790100097656,1.4596668481826782,0.08732903003692627,78.12499237060547,0.10095797598277227,-0.04383559085158151
430.3139953613281,1.4596670866012573,0.08720085024833679,78.12499237060547,0.1008862466420661,-0.043793679763796826
430.54901123046875,1.45966374874115,0.08734170347452164,78.12499237060547,0.10094207644663991,-0.04321129633966175
430.78399658203125,1.4596683979034424,0.08676785975694656,78.12499237060547,0.1005234613602576,-0.04361801691165747
431.0190124511719,1.4596785306930542,0.08697503805160522,78.12499237060547,0.10116459592886383,-0.043176102281598225
431.2539978027344,1.459681510925293,0.08678947389125824,78.12499237060547,0.10040685284685721,-0.044061405178538425
431.489013671875,1.4596762657165527,0.08648913353681564,78.12499237060547,0.10077672907313481,-0.04336708741827713
431.7239990234375,1.459672212600708,0.08658229559659958,78.12499237060547,0.10091245462165704,-0.04341842248804942
431.9590148925781,1.4596725702285767,0.08611278980970383,78.12499237060547,0.10118780044519943,-0.043261880866245765
432.1940002441406,1.4596837759017944,0.0863676592707634,78.12499237060547,0.10104176341789496,-0.043981774979383874
432.42901611328125,1.4596720933914185,0.08591566979885101,78.12499237060547,0.10057557835410852,-0.04371077202728804
432.66400146484375,1.4596816301345825,0.0859752893447876,78.12499237060547,0.1011817878952916,-0.043571119129807066
432.8990173339844,1.4596813917160034,0.0859309509396553,78.12499237060547,0.1009256867491234,-0.04376722929037556
433.1340026855469,1.459683895111084,0.08564253896474838,78.12499237060547,0.10088808220834469,-0.04431208819192992
433.3690185546875,1.4596800804138184,0.08601552993059158,78.12499237060547,0.10185089193465927,-0.04372843515513709
433.60400390625,1.4596761465072632,0.0859987661242485,78.12499237060547,0.10114091865934242,-0.04343145642274638
433.8390197753906,1.459683895111084,0.08668699860572815,78.12499237060547,0.10095872253641698,-0.04350823691869649
434.0740051269531,1.459683895111084,0.08700484782457352,78.12499237060547,0.10043330481088474,-0.04359374359741912
434.3089904785156,1.4596737623214722,0.08718966692686081,78.12499237060547,0.10099325068259796,-0.04308918331477412
434.54400634765625,1.4596784114837646,0.08727797865867615,78.12499237060547,0.10041990263347382,-0.0433214894486942
434.77899169921875,1.4596738815307617,0.08669370412826538,78.12499237060547,0.10066178381741399,-0.043705437846766636
435.0140075683594,1.4596699476242065,0.0868222638964653,78.12499237060547,0.1007963230672885,-0.044120732492296214
435.2489929199219,1.4596794843673706,0.08641312271356583,78.12499237060547,0.10069431840431986,-0.04338598704942794
435.4840087890625,1.4596729278564453,0.08658117800951004,78.12499237060547,0.10039272376094036,-0.04379857184633907
435.718994140625,1.459679365158081,0.08617091923952103,78.12499237060547,0.10092394663142717,-0.043505126724192156
435.9540100097656,1.4596712589263916,0.0860036090016365,78.12499237060547,0.10121930038914771,-0.043503377717504205
436.1889953613281,1.4596716165542603,0.08608819544315338,78.12499237060547,0.10143868008852767,-0.043544568594791035
436.42401123046875,1.459679365158081,0.08543126285076141,78.12499237060547,0.10041248584776928,-0.0435853577984734
436.65899658203125,1.4596704244613647,0.0858437567949295,78.12499237060547,0.10139742572994379,-0.04355756820193694
436.8940124511719,1.4596643447875977,0.08599839359521866,78.12499237060547,0.10123880161623464,-0.04395679638492284
437.1289978027344,1.4596670866012573,0.08664936572313309,78.12499237060547,0.10098459756385388,-0.0437510202656762
437.364013671875,1.4596655368804932,0.08669073134660721,78.12499237060547,0.10077760382439456,-0.043223275858945504
437.5989990234375,1.459674596786499,0.08664415031671524,78.12499237060547,0.10048427521348303,-0.04391045247531587
437.8340148925781,1.4596763849258423,0.0870603695511818,78.12499237060547,0.10085586875071031,-0.04339837911251875
438.0690002441406,1.4596788883209229,0.08701453357934952,78.12499237060547,0.10034961869803605,-0.043645350935128745
438.30401611328125,1.4596717357635498,0.08739908784627914,78.12499237060547,0.1007339620000548,-0.042883529443416425
438.53900146484375,1.4596713781356812,0.08689156919717789,78.12499237060547,0.1001116748151356,-0.043208610304503486
438.7740173339844,1.4596682786941528,0.08659123629331589,78.12499237060547,0.10094894345629628,-0.043338515197209986
439.0090026855469,1.45966374874115,0.0863579735159874,78.12499237060547,0.09980665525695262,-0.0433395520572641
439.2440185546875,1.4596668481826782,0.08593318611383438,78.12499237060547,0.10077459888184867,-0.04377825906914914
439.47900390625,1.4596662521362305,0.08605428785085678,78.12499237060547,0.10058562199361723,-0.04319724995079332
439.7140197753906,1.4596632719039917,0.08547262102365494,78.12499237060547,0.10075980894644006,-0.04378954029043335
439.9490051269531,1.4596716165542603,0.08567272126674652,78.12499237060547,0.10071988166617911,-0.04375588767385876
440.1839904785156,1.4596699476242065,0.08514508605003357,78.12499237060547,0.10137502625638486,-0.04367515595762875
440.41900634765625,1.4596620798110962,0.08500982075929642,78.12499237060547,0.1005449009023111,-0.04345186353720079
440.65399169921875,1.4596673250198364,0.08501727133989334,78.12499237060547,0.1011279895816016,-0.043885154700321845
440.8890075683594,1.4596657752990723,0.08453956991434097,78.12499237060547,0.10117012481260722,-0.043664880122663584
441.1239929199219,1.459665060043335,0.08485816419124603,78.12499237060547,0.1009354431607437,-0.04386154969710045
441.3590087890625,1.4596658945083618,0.08456937968730927,78.12499237060547,0.1013327332031483,-0.04378163119833734
441.593994140625,1.4596765041351318,0.08504857122898102,78.12499237060547,0.10151811318020929,-0.04368457701490667
441.8290100097656,1.4596679210662842,0.085350401699543,78.12499237060547,0.10137689243741844,-0.04394930208878502
442.0639953613281,1.459679365158081,0.08595330268144608,78.12499237060547,0.10085052707038775,-0.044127225903203185
442.29901123046875,1.4596655368804932,0.08644740283489227,78.12499237060547,0.10133590119655222,-0.043539681895392035
442.53399658203125,1.459667444229126,0.08586014807224274,78.12499237060547,0.10079285145780399,-0.04347253688644505
442.7690124511719,1.4596763849258423,0.08593057096004486,78.12499237060547,0.1016324451505146,-0.04373633148060062
443.0039978027344,1.4596762657165527,0.08533884584903717,78.12499237060547,0.10115961367232265,-0.04382895764145458
443.239013671875,1.459671974182129,0.08539026975631714,78.12499237060547,0.10150013586714256,-0.04384720697221451
443.4739990234375,1.4596717357635498,0.08510670810937881,78.12499237060547,0.10107068223978813,-0.0436843206498107
443.7090148925781,1.459670901298523,0.08473445475101471,78.12499237060547,0.101438992796736,-0.04363249528841616
443.9440002441406,1.4596714973449707,0.08484027534723282,78.12499237060547,0.10152204783366926,-0.043943999878652475
444.17901611328125,1.4596730470657349,0.08438679575920105,78.12499237060547,0.10199876492959184,-0.04389924021388466
444.41400146484375,1.4596714973449707,0.08450044691562653,78.12499237060547,0.10142046631866462,-0.04403078409700453
444.6490173339844,1.4596729278564453,0.08426345884799957,78.12499237060547,0.10167419594192648,-0.04365428828739202
444.8840026855469,1.4596737623214722,0.08423513919115067,78.12499237060547,0.10205747487974969,-0.0445891130196021
445.1190185546875,1.4596723318099976,0.08428619056940079,78.12499237060547,0.10189012113947585,-0.044193588545784736
445.35400390625,1.4596723318099976,0.08417700976133347,78.12499237060547,0.10184709024113962,-0.04416275728924451
445.5890197753906,1.4596679210662842,0.08486077189445496,78.12499237060547,0.10243354151727391,-0.044320042174979576
445.8240051269531,1.459673285484314,0.08480525016784668,78.12499237060547,0.10214201826731305,-0.04407401331997204
446.05902099609375,1.4596705436706543,0.0856403037905693,78.12499237060547,0.1020040384450205,-0.04386001590552921
446.29400634765625,1.4596621990203857,0.08582139760255814,78.12499237060547,0.10101699607490727,-0.04400633553748757
446.52899169921875,1.459674596786499,0.08576513081789017,78.12499237060547,0.10180035864728627,-0.04403230941755985
446.7640075683594,1.459679126739502,0.08561980724334717,78.12499237060547,0.10119406297893896,-0.04416991572865162
446.9989929199219,1.459665060043335,0.0851760134100914,78.12499237060547,0.10218646769546078,-0.04370845173335628
447.2340087890625,1.4596805572509766,0.08527214825153351,78.12499237060547,0.10120823211608163,-0.043643089729062196
447.468994140625,1.4596730470657349,0.08470874279737473,78.12499237060547,0.10159684527884057,-0.04411653391804663
447.7040100097656,1.4596703052520752,0.08459807187318802,78.12499237060547,0.1016428672300268,-0.04421143313775586
447.9389953613281,1.4596693515777588,0.08449709415435791,78.12499237060547,0.1021796288019655,-0.043908558894493584
448.17401123046875,1.4596630334854126,0.08433052897453308,78.12499237060547,0.10171037209585021,-0.04429454490400472
448.40899658203125,1.4596680402755737,0.08424706012010574,78.12499237060547,0.10166267651960373,-0.04391358355758372
448.6440124511719,1.4596704244613647,0.0839415118098259,78.12499237060547,0.10220599349494183,-0.04466354511863374
448.8789978027344,1.4596636295318604,0.08416545391082764,78.12499237060547,0.10232881616894034,-0.04366320380785503
449.114013671875,1.4596692323684692,0.08390797674655914,78.12499237060547,0.10179886312110964,-0.04455456634419024
449.3489990234375,1.4596810340881348,0.0841982513666153,78.12499237060547,0.1016412447536333,-0.043780879215639196
449.5840148925781,1.459670066833496,0.08435996621847153,78.12499237060547,0.10197218771636107,-0.04460600323690951
449.8190002441406,1.4596728086471558,0.08480115234851837,78.12499237060547,0.10228240098884625,-0.043747916922733006
450.05401611328125,1.4596784114837646,0.08561570942401886,78.12499237060547,0.10181830018550785,-0.044008461115298464
405.4079895019531,1.461107850074768,0.3097357749938965,52.65778350830078,0.17612745908011804,-0.15581653710774812
405.6470031738281,1.4596505165100098,0.2563522160053253,52.65778350830078,0.17945086372473426,-0.14787087498376006
405.8860168457031,1.4596672058105469,0.2280261218547821,52.65778350830078,0.17895535456666978,-0.13044190223516722
406.125,1.4596624374389648,0.20614975690841675,52.65778350830078,0.17588767802884714,-0.11559850915070438
406.364013671875,1.4596554040908813,0.18868452310562134,52.65778350830078,0.17036883303488995,-0.10190250353730844
406.6029968261719,1.459662914276123,0.1747714877128601,52.65778350830078,0.16319100643260445,-0.09032732432048418
406.8420104980469,1.459656834602356,0.16381040215492249,52.65778350830078,0.15548039583975554,-0.08344053575680219
407.08099365234375,1.4596612453460693,0.1546088308095932,52.65778350830078,0.14971636359847357,-0.07709005805974882
407.32000732421875,1.4596517086029053,0.14697004854679108,52.65778350830078,0.14522381768752507,-0.0722646577133261
407.5589904785156,1.4596507549285889,0.14031313359737396,52.65778350830078,0.1410157357902596,-0.06917119178938769
407.7980041503906,1.4596513509750366,0.13430345058441162,52.65778350830078,0.13690180162451077,-0.06654905354410688
408.0370178222656,1.4596537351608276,0.12878453731536865,52.65778350830078,0.13472234684075016,-0.06453676383335305
408.2760009765625,1.4596487283706665,0.12375970184803009,52.65778350830078,0.13170947009937314,-0.06259641378275803
408.5150146484375,1.4596573114395142,0.11938435584306717,52.65778350830078,0.12874262152192992,-0.06074656326531709
408.7539978027344,1.4596422910690308,0.11565662175416946,52.65778350830078,0.12653921386253267,-0.05949197265104685
408.9930114746094,1.459647297859192,0.11223817616701126,52.65778350830078,0.12414630584987904,-0.05796325680397452
409.23199462890625,1.4596567153930664,0.10926464200019836,52.65778350830078,0.12230348591851614,-0.05750572261828782
409.47100830078125,1.45964515209198,0.10645170509815216,52.65778350830078,0.12066972043493548,-0.055556044645514474
409.7099914550781,1.4596480131149292,0.104128398001194,52.65778350830078,0.11883722526656604,-0.055471758854242444
409.9490051269531,1.4596489667892456,0.10200220346450806,52.65778350830078,0.11738825601293186,-0.05564674188673329
410.1880187988281,1.45964777469635,0.10013387352228165,52.65778350830078,0.11598536441345943,-0.054225809287992345
410.427001953125,1.4596397876739502,0.09873876720666885,52.65778350830078,0.11503545538999338,-0.05402236552936693
410.666015625,1.459654688835144,0.09775839745998383,52.65778350830078,0.11357264190138674,-0.05349965489648065
410.9049987792969,1.4596514701843262,0.09699153900146484,52.65778350830078,0.1129453342701892,-0.05227531380211356
411.1440124511719,1.4596383571624756,0.09585466235876083,52.65778350830078,0.11188621471828974,-0.05244183841756504
411.38299560546875,1.4596421718597412,0.09484522044658661,52.65778350830078,0.11052969304569818,-0.05186664309375239
411.62200927734375,1.4596470594406128,0.09382013231515884,52.65778350830078,0.1103681840698649,-0.05146880141571004
411.8609924316406,1.4596415758132935,0.09293999522924423,52.65778350830078,0.1103615720233448,-0.05117055502047233
412.1000061035156,1.459647536277771,0.09204085916280746,52.65778350830078,0.11028560948911094,-0.05168286071453025
412.3389892578125,1.4596433639526367,0.09154452383518219,52.65778350830078,0.10951493455630028,-0.051535474899781615
412.5780029296875,1.4596452713012695,0.09101949632167816,52.65778350830078,0.10904700357700724,-0.05174837074147393
412.8170166015625,1.459645390510559,0.09061333537101746,52.65778350830078,0.10911644378579567,-0.051508157144349295
413.0559997558594,1.459641933441162,0.09019376337528229,52.65778350830078,0.10852620102055671,-0.05136489350706145
413.2950134277344,1.4596494436264038,0.0895140990614891,52.65778350830078,0.10886279624775401,-0.05101551371408777
413.53399658203125,1.4596518278121948,0.08893988281488419,52.65778350830078,0.10972773610483502,-0.05165736953764609
413.77301025390625,1.4596513509750366,0.08856017887592316,52.65778350830078,0.10917784589528697,-0.05153596414864176
414.0119934082031,1.4596525430679321,0.08856166899204254,52.65778350830078,0.10943326648338074,-0.0513021969608208
414.2510070800781,1.4596445560455322,0.08850875496864319,52.65778350830078,0.10826793659706035,-0.05093632803337396
414.489990234375,1.4596556425094604,0.08872227370738983,52.65778350830078,0.10863851628694962,-0.05138996518916985
414.72900390625,1.4596445560455322,0.0892234519124031,52.65778350830078,0.10856752115408226,-0.05063942985322559
414.968017578125,1.4599583148956299,0.09043969213962555,52.65778350830078,0.10746765333983214,-0.050626630366506595
415.2070007324219,1.4596515893936157,0.0892532616853714,52.65778350830078,0.10808014785070545,-0.050755306342150204
415.4460144042969,1.4596480131149292,0.08908148109912872,52.65778350830078,0.10834848134946147,-0.050882740669628716
415.68499755859375,1.4596461057662964,0.08894211798906326,52.65778350830078,0.10805398603241263,-0.05081926798828876
415.92401123046875,1.4596446752548218,0.08879083395004272,52.65778350830078,0.10828104775353238,-0.05098081093782904
416.1629943847656,1.459635615348816,0.08845994621515274,52.65778350830078,0.10801784294830741,-0.050852295612842366
416.4020080566406,1.4596456289291382,0.08844876289367676,52.65778350830078,0.10822858266532008,-0.0509870532164605
416.6409912109375,1.459641456604004,0.08837275207042694,52.65778350830078,0.1078904020167566,-0.05085393561350948
416.8800048828125,1.4596457481384277,0.08819612860679626,52.65778350830078,0.10830655119121585,-0.05087879312517406
417.1190185546875,1.459641695022583,0.0879751592874527,52.65778350830078,0.10818021820106244,-0.05096557640411392
417.3580017089844,1.4596383571624756,0.0877523347735405,52.65778350830078,0.10831420427717219,-0.0511580433328536
417.5970153808594,1.4596444368362427,0.08746764808893204,52.65778350830078,0.10885521009201987,-0.05134704964353351
417.83599853515625,1.4599493741989136,0.08816743642091751,52.65778350830078,0.10881310269439579,-0.05060751157074525
418.07501220703125,1.45964515209198,0.08722544461488724,52.65778350830078,0.10864462414073112,-0.05155305749589456
418.3139953613281,1.4596359729766846,0.08753173798322678,52.65778350830078,0.1078161673151596,-0.05130074437256706
418.5530090332031,1.459640622138977,0.08790697157382965,52.65778350830078,0.1086146858981047,-0.050848633700207674
418.7919921875,1.4596409797668457,0.08856837451457977,52.65778350830078,0.10827767526454558,-0.05131612130339823
419.031005859375,1.4596315622329712,0.08894584327936172,52.65778350830078,0.10790229568498474,-0.05043787528331461
419.27001953125,1.4596389532089233,0.08899763971567154,52.65778350830078,0.1079070250693194,-0.05082609962844855
419.5090026855469,1.4596399068832397,0.08877294510602951,52.65778350830078,0.1083011112335435,-0.0503384280745514
419.7480163574219,1.459636926651001,0.08869060128927231,52.65778350830078,0.10810726292639601,-0.050607867461626224
419.98699951171875,1.4596288204193115,0.08860526978969574,52.65778350830078,0.10861366613616541,-0.05054581560705588
420.22601318359375,1.4596331119537354,0.08834853023290634,52.65778350830078,0.10870928268496347,-0.05125096901040542
420.4649963378906,1.4596302509307861,0.08828369528055191,52.65778350830078,0.10868874784684956,-0.051289090622956064
420.7040100097656,1.459635615348816,0.08815960586071014,52.65778350830078,0.10829351896444228,-0.051329305746004236
420.9429931640625,1.459631323814392,0.087833933532238,52.65778350830078,0.1088073120754101,-0.051855488848452036
421.1820068359375,1.4596281051635742,0.08764799684286118,52.65778350830078,0.1084453622443305,-0.051020558555734806
421.4209899902344,1.459629774093628,0.08750379085540771,52.65778350830078,0.10901901191120283,-0.051247801450481474
421.6600036621094,1.4596344232559204,0.08717811852693558,52.65778350830078,0.10901238477431364,-0.05073108373049317
421.8990173339844,1.4596351385116577,0.08719973266124725,52.65778350830078,0.10902793175745515,-0.050741070129698085
422.13800048828125,1.4596362113952637,0.08741510659456253,52.65778350830078,0.10874918421078461,-0.0511771870695984
422.37701416015625,1.4596309661865234,0.0876457616686821,52.65778350830078,0.10902474327841384,-0.05131873578857872
422.6159973144531,1.4596351385116577,0.08804409950971603,52.65778350830078,0.10884616176438967,-0.05084422604204841
422.8550109863281,1.459633469581604,0.08871258050203323,52.65778350830078,0.10847259222437756,-0.05080259191467586
423.093994140625,1.4596360921859741,0.08908185362815857,52.65778350830078,0.10833250660191966,-0.05063155777980493
423.3330078125,1.4596309661865234,0.08893578499555588,52.65778350830078,0.10858853736528941,-0.050889208100598694
423.5719909667969,1.4596328735351562,0.08867830038070679,52.65778350830078,0.10920464295899597,-0.051332392816877986
423.8110046386719,1.4596327543258667,0.08860377967357635,52.65778350830078,0.10857761441177219,-0.05049312456946645
424.0500183105469,1.4596400260925293,0.08835933357477188,52.65778350830078,0.1086108872689577,-0.0503244086405463
424.28900146484375,1.4596377611160278,0.08816482871770859,52.65778350830078,0.10836829376069405,-0.05104505817062957
424.52801513671875,1.4596422910690308,0.08785666525363922,52.65778350830078,0.10870941378103127,-0.05129573709288165
424.7669982910156,1.459635853767395,0.08773817121982574,52.65778350830078,0.10865365182228326,-0.05149460953489553
425.0060119628906,1.459635615348816,0.08736591786146164,52.65778350830078,0.10969214042542902,-0.0510495691867729
425.2449951171875,1.4596409797668457,0.08711365610361099,52.65778350830078,0.1091706680649187,-0.05094125486880804
425.4840087890625,1.4596339464187622,0.08686772733926773,52.65778350830078,0.1087452690363757,-0.051279058232633914
425.7229919433594,1.459635615348816,0.08686735481023788,52.65778350830078,0.10922686191318239,-0.05116939399921917
425.9620056152344,1.4596292972564697,0.08681183308362961,52.65778350830078,0.10984990332274328,-0.051470735512405275
426.2010192871094,1.459637999534607,0.08699963241815567,52.65778350830078,0.10925307773772297,-0.05145588508551358
426.44000244140625,1.459632158279419,0.08744119107723236,52.65778350830078,0.10894415236533289,-0.05137258014366423
426.67901611328125,1.45963454246521,0.08798708766698837,52.65778350830078,0.1090100754060302,-0.051557981690247286
426.9179992675781,1.459643840789795,0.08859557658433914,52.65778350830078,0.10888400107098259,-0.05121967347702659
427.1570129394531,1.459646224975586,0.0887017771601677,52.65778350830078,0.1090513096973502,-0.05137038708623562
427.39599609375,1.4596375226974487,0.08856725692749023,52.65778350830078,0.10877641501337075,-0.05116582582562461
427.635009765625,1.4596346616744995,0.08831387758255005,52.65778350830078,0.10911127976268688,-0.05071763642626676
427.8739929199219,1.4596340656280518,0.08826282620429993,52.65778350830078,0.10953674952235265,-0.05087860233791985
428.1130065917969,1.4596410989761353,0.08790324628353119,52.65778350830078,0.10902413254783078,-0.050830042480535444
428.3520202636719,1.4596461057662964,0.08770910650491714,52.65778350830078,0.10903092340765949,-0.05113666425134923
428.59100341796875,1.4596433639526367,0.08746913820505142,52.65778350830078,0.10941581573407522,-0.05133767968854758
428.83001708984375,1.4596397876739502,0.087278351187706,52.65778350830078,0.10918684907325397,-0.05082196549609149
429.0690002441406,1.4596396684646606,0.08696684241294861,52.65778350830078,0.10923964501448419,-0.051126122346040644
429.3080139160156,1.459636926651001,0.08679580688476562,52.65778350830078,0.10917971456204321,-0.051445712892452866
429.5469970703125,1.4599334001541138,0.0874996930360794,52.65778350830078,0.10927863433412977,-0.05138603007021079
429.7860107421875,1.4596331119537354,0.08634940534830093,52.65778350830078,0.10960419596618247,-0.05158419846577428
430.0249938964844,1.459618091583252,0.08635685592889786,52.65778350830078,0.10956109258245043,-0.051541427323504606
430.2640075683594,1.4596433639526367,0.08668699860572815,52.65778350830078,0.10986649101263152,-0.05098265410433302
430.50299072265625,1.4596360921859741,0.08718407899141312,52.65778350830078,0.10954093541154952,-0.051271907340342954
430.74200439453125,1.4596420526504517,0.08787120133638382,52.65778350830078,0.10923427288071474,-0.050989551530551395
430.98101806640625,1.459642767906189,0.08837349712848663,52.65778350830078,0.10925083005507144,-0.05122345443035434
431.2200012207031,1.459642767906189,0.08839697390794754,52.65778350830078,0.10879241640248942,-0.0508135001464444
431.4590148925781,1.4596376419067383,0.08804894238710403,52.65778350830078,0.1097355603653965,-0.05104857944230479
431.697998046875,1.4596413373947144,0.08789914846420288,52.65778350830078,0.10935146250351466,-0.05125478429034085
431.93701171875,1.4596352577209473,0.08750826120376587,52.65778350830078,0.10996672133713103,-0.05088796231974121
432.1759948730469,1.4596461057662964,0.08709539473056793,52.65778350830078,0.109532831321048,-0.05075266615638953
432.4150085449219,1.4596384763717651,0.08696609735488892,52.65778350830078,0.10926029071748895,-0.05077804668765719
432.65399169921875,1.4599534273147583,0.08773034811019897,52.65778350830078,0.109648133297934,-0.050899195569648066
432.89300537109375,1.45963716506958,0.08646827191114426,52.65778350830078,0.10976828011422113,-0.051707472071447665
433.13201904296875,1.4596421718597412,0.08625028282403946,52.65778350830078,0.10979823934406042,-0.051085085443778426
433.3710021972656,1.4596349000930786,0.08603900671005249,52.65778350830078,0.11046614890308006,-0.051446572906726565
433.6100158691406,1.4596322774887085,0.08585865795612335,52.65778350830078,0.10994230265336234,-0.05107909143472617
433.8489990234375,1.4596304893493652,0.0859454795718193,52.65778350830078,0.11041153543194401,-0.051399256749862836
434.0880126953125,1.4596304893493652,0.08613663911819458,52.65778350830078,0.11032620471852218,-0.05057682780336927
434.3269958496094,1.4596307277679443,0.0864783301949501,52.65778350830078,0.11051190407347918,-0.05089069954475886
434.5660095214844,1.459637999534607,0.08708496391773224,52.65778350830078,0.11001353685583463,-0.05105568317124031
434.80499267578125,1.4596333503723145,0.08767631649971008,52.65778350830078,0.10992122934190968,-0.05138583338932326
435.04400634765625,1.4596266746520996,0.08800236135721207,52.65778350830078,0.10983872860433064,-0.05120801237154769
435.28302001953125,1.459641695022583,0.08791665732860565,52.65778350830078,0.10953321791294365,-0.050906809121876666
435.5220031738281,1.4596306085586548,0.08754552155733109,52.65778350830078,0.10989278432323832,-0.051381443646577186
435.7610168457031,1.4596401453018188,0.08734393864870071,52.65778350830078,0.1101967556148932,-0.05127923382330624
436.0,1.459629774093628,0.08692809194326401,52.65778350830078,0.10988741710013576,-0.051435711016296605
436.239013671875,1.459633231163025,0.08670861274003983,52.65778350830078,0.10976101979193248,-0.051166989280838175
436.4779968261719,1.4596304893493652,0.08636318892240524,52.65778350830078,0.10984573310333318,-0.05141101164113407
436.7170104980469,1.4596350193023682,0.08612284809350967,52.65778350830078,0.10936123848118767,-0.05130757056995609
436.95599365234375,1.4596359729766846,0.08590523898601532,52.65778350830078,0.10969006934691017,-0.051161518394907686
437.19500732421875,1.459637999534607,0.08609005808830261,52.65778350830078,0.1096874386898439,-0.05140751314910705
437.4339904785156,1.459641456604004,0.08596634864807129,52.65778350830078,0.10990616342177556,-0.05226540044727662
437.6730041503906,1.4596397876739502,0.08554118126630783,52.65778350830078,0.10982554538300822,-0.051804237049559526
437.9120178222656,1.4596387147903442,0.08599429577589035,52.65778350830078,0.10979460606470252,-0.05157634565886681
438.1510009765625,1.4596327543258667,0.08610645681619644,52.65778350830078,0.11042912488625924,-0.05107672386403041
438.3900146484375,1.4596353769302368,0.0864161029458046,52.65778350830078,0.11004639036655813,-0.0522888663128634
438.6289978027344,1.4596365690231323,0.08721761405467987,52.65778350830078,0.10945887819980617,-0.05163878722302374
438.8680114746094,1.4596378803253174,0.08735436946153641,52.65778350830078,0.10967931862740443,-0.051204444705663855
439.10699462890625,1.4596432447433472,0.08790585398674011,52.65778350830078,0.10953023486164007,-0.05050548940923243
439.34600830078125,1.45963716506958,0.08726568520069122,52.65778350830078,0.10995759115099535,-0.05061883697288454
439.5849914550781,1.4596366882324219,0.08690647780895233,52.65778350830078,0.10968581577532283,-0.051259882256699515
439.8240051269531,1.45963454246521,0.08673283457756042,52.65778350830078,0.10969508417275979,-0.05142149152991367
440.0630187988281,1.459624171257019,0.0867447555065155,52.65778350830078,0.1096239566473398,-0.050871851084680814
440.302001953125,1.4596474170684814,0.08673208951950073,52.65778350830078,0.1093274820167589,-0.0515790458353608
440.541015625,1.4596412181854248,0.08602261543273926,52.65778350830078,0.1094667025867684,-0.051378856263665736
440.7799987792969,1.4596527814865112,0.08650776743888855,52.65778350830078,0.10908379309780751,-0.050964531481636224
441.0190124511719,1.4596296548843384,0.08593616634607315,52.65778350830078,0.10967251856017406,-0.05138165793000577
441.25799560546875,1.4596242904663086,0.08573345839977264,52.65778350830078,0.10960479395826371,-0.05130687832852619
441.49700927734375,1.4596360921859741,0.08574724197387695,52.65778350830078,0.110288772333256,-0.051742889812978046
441.7359924316406,1.4596526622772217,0.08595628291368484,52.65778350830078,0.10991413204948484,-0.050924967222213326
441.9750061035156,1.4596376419067383,0.08598162233829498,52.65778350830078,0.10977155673623942,-0.05129320785884662
442.2140197753906,1.4596344232559204,0.08604496717453003,52.65778350830078,0.110144156059348,-0.05091469982509339
442.4530029296875,1.4596444368362427,0.08669333904981613,52.65778350830078,0.11008936118650414,-0.05104465589780848
442.6920166015625,1.4596365690231323,0.08710434287786484,52.65778350830078,0.10972695781860996,-0.050829269784464656
442.9309997558594,1.459636926651001,0.08744268119335175,52.65778350830078,0.10938479917934824,-0.051120287404104535
443.1700134277344,1.4596360921859741,0.08748292177915573,52.65778350830078,0.10907698800104416,-0.05091374114373699
443.40899658203125,1.4596340656280518,0.08707527816295624,52.65778350830078,0.10938383195099921,-0.05091795225949221
443.64801025390625,1.4596424102783203,0.0867205411195755,52.65778350830078,0.10921922515225944,-0.05123495525004947
443.8869934082031,1.4596340656280518,0.08644740283489227,52.65778350830078,0.10900759593053412,-0.051478213439596535
444.1260070800781,1.4596407413482666,0.08617613464593887,52.65778350830078,0.10950898721114576,-0.05072041824900079
444.3650207519531,1.4596389532089233,0.08605130761861801,52.65778350830078,0.10920949320867733,-0.05132327621490365
444.60400390625,1.4596354961395264,0.08589368313550949,52.65778350830078,0.10955614860695324,-0.05108241947449922
444.843017578125,1.4596517086029053,0.08586610853672028,52.65778350830078,0.1097623697161567,-0.05100638492092778
445.0820007324219,1.4596421718597412,0.08577220886945724,52.65778350830078,0.10919268740564773,-0.051587740025172885
445.3210144042969,1.459641933441162,0.08565595000982285,52.65778350830078,0.10967950823405662,-0.05165592606330675
445.55999755859375,1.4596338272094727,0.08571780472993851,52.65778350830078,0.11033917111623828,-0.05103914144049913
445.79901123046875,1.4596418142318726,0.08575544506311417,52.65778350830078,0.10975631865800081,-0.051456420445504664
446.0379943847656,1.4596363306045532,0.08583555370569229,52.65778350830078,0.11004735587615944,-0.05129636567147057
446.2770080566406,1.4596428871154785,0.0861440896987915,52.65778350830078,0.10961952583756172,-0.0511258312619265
446.5159912109375,1.4596480131149292,0.08647013455629349,52.65778350830078,0.1095675094571761,-0.051216816274363655
446.7550048828125,1.4596458673477173,0.08680027723312378,52.65778350830078,0.10946362972079522,-0.05082430226025561
446.9940185546875,1.4596388339996338,0.08703801035881042,52.65778350830078,0.10956153727868381,-0.05104584269670162
447.2330017089844,1.4596377611160278,0.08693666011095047,52.65778350830078,0.10941713231578959,-0.050454475511841554
447.4720153808594,1.4596457481384277,0.08658900111913681,52.65778350830078,0.10935098264874518,-0.05137840692999612
447.71099853515625,1.4596320390701294,0.08633114397525787,52.65778350830078,0.10958118067296903,-0.051065822201017644
447.95001220703125,1.4596396684646606,0.0859454795718193,52.65778350830078,0.10878093152967085,-0.051027207068537694
448.1889953613281,1.4596501588821411,0.08584673702716827,52.65778350830078,0.10956509947221091,-0.05094424083732187
448.4280090332031,1.459642767906189,0.08572414517402649,52.65778350830078,0.10957189913111894,-0.05104149789280557
448.6669921875,1.4596431255340576,0.08571780472993851,52.65778350830078,0.10926192119092801,-0.050915225201999585
448.906005859375,1.4599484205245972,0.08648056536912918,52.65778350830078,0.10934714116784627,-0.0507731001358561
449.14501953125,1.4596374034881592,0.08535710722208023,52.65778350830078,0.10935982489876779,-0.05095116470293059
449.3840026855469,1.4596422910690308,0.08541225641965866,52.65778350830078,0.10992372072664772,-0.051044120390875226
449.6230163574219,1.4596415758132935,0.08512794226408005,52.65778350830078,0.10978094502739588,-0.051089528684024936
449.86199951171875,1.459640622138977,0.08522594720125198,52.65778350830078,0.11029402767725235,-0.05100376746195885
450.10101318359375,1.4596484899520874,0.08529338985681534,52.65778350830078,0.10969593753743988,-0.05158346392653211
405.39801025390625,1.4611537456512451,0.311790406703949,35.41935729980469,0.23340322867869817,-0.16006782582529613
405.62701416015625,1.459693431854248,0.2592802941799164,35.41935729980469,0.2349775068924896,-0.1476176689822465
405.85601806640625,1.4596881866455078,0.23124894499778748,35.41935729980469,0.22405644470325958,-0.1262718555537554
406.0849914550781,1.4596811532974243,0.20941320061683655,35.41935729980469,0.21616195975315391,-0.11146324060857789
406.3139953613281,1.4596868753433228,0.1918562948703766,35.41935729980469,0.2028253764613574,-0.10072372964861523
406.5429992675781,1.4596914052963257,0.17736943066120148,35.41935729980469,0.19265434602348866,-0.09072141228343868
406.7720031738281,1.4596967697143555,0.1658564656972885,35.41935729980469,0.18336598724763165,-0.08547849377165245
407.0010070800781,1.4596807956695557,0.15665006637573242,35.41935729980469,0.17480150730721233,-0.08147970606959745
407.2300109863281,1.4596909284591675,0.14911150932312012,35.41935729980469,0.16891487172750064,-0.07714951881785245
407.4590148925781,1.4596867561340332,0.14279145002365112,35.41935729980469,0.16299092332470863,-0.07470725812176637
407.6880187988281,1.459683895111084,0.13735374808311462,35.41935729980469,0.15871877994258807,-0.07278910279614495
407.9169921875,1.4596902132034302,0.13273881375789642,35.41935729980469,0.15350944051032198,-0.07067049233298535
408.14599609375,1.4596953392028809,0.12811678647994995,35.41935729980469,0.14829361853538517,-0.06989473883043719
408.375,1.4596885442733765,0.12334795296192169,35.41935729980469,0.14521633368295128,-0.06840669821991288
408.60400390625,1.459686517715454,0.11906612664461136,35.41935729980469,0.14196833313548335,-0.06714957281703296
408.8330078125,1.459688425064087,0.1156439557671547,35.41935729980469,0.13878028354794253,-0.066285615660561
409.06201171875,1.4596872329711914,0.11273972690105438,35.41935729980469,0.13670145408080187,-0.0657638989918899
409.291015625,1.459689974784851,0.10990443825721741,35.41935729980469,0.1354193676377108,-0.0654466645834139
409.5199890136719,1.4596844911575317,0.10706094652414322,35.41935729980469,0.13290529987761193,-0.0656216127931925
409.7489929199219,1.4596806764602661,0.10482855886220932,35.41935729980469,0.13094159407280326,-0.06467939640930372
409.9779968261719,1.4596827030181885,0.10289240628480911,35.41935729980469,0.12937661396263056,-0.06463761135147149
410.2070007324219,1.4596714973449707,0.10093016922473907,35.41935729980469,0.12847732197604056,-0.06420065305171578
410.4360046386719,1.4596832990646362,0.09928540885448456,35.41935729980469,0.12692136727028266,-0.06394908150924383
410.6650085449219,1.459677815437317,0.0982983261346817,35.41935729980469,0.12546978784857055,-0.0639625832904593
410.8940124511719,1.4596794843673706,0.0978243499994278,35.41935729980469,0.1244565600506119,-0.06231301804465659
411.1230163574219,1.4596771001815796,0.09675455093383789,35.41935729980469,0.12360357406616393,-0.06308890732389659
411.35198974609375,1.4596847295761108,0.09559307992458344,35.41935729980469,0.12269888359242904,-0.062566300663973
411.58099365234375,1.4596829414367676,0.0947498306632042,35.41935729980469,0.12207718233659737,-0.06256687078974518
411.80999755859375,1.4596779346466064,0.09460748732089996,35.41935729980469,0.12101138916926413,-0.06256358873803924
412.03900146484375,1.4596762657165527,0.09446291625499725,35.41935729980469,0.12141621237838207,-0.06215126248994081
412.26800537109375,1.459678053855896,0.0936930701136589,35.41935729980469,0.11979496437100472,-0.06152929273110591
412.49700927734375,1.4596689939498901,0.09255470335483551,35.41935729980469,0.12014037786497626,-0.06281572827270318
412.72601318359375,1.4596750736236572,0.0919845923781395,35.41935729980469,0.11931277451459661,-0.06164816026259187
412.95501708984375,1.4596738815307617,0.09171891212463379,35.41935729980469,0.11988032885144859,-0.06155961531756395
413.1839904785156,1.4596805572509766,0.09111563116312027,35.41935729980469,0.1200166220668315,-0.06216467598673494
413.4129943847656,1.4596844911575317,0.09030033648014069,35.41935729980469,0.11910959675266741,-0.062122193280734594
413.6419982910156,1.4596810340881348,0.09001415967941284,35.41935729980469,0.11892298078529348,-0.06275677963734742
413.8710021972656,1.4596787691116333,0.09013377130031586,35.41935729980469,0.11855132980505882,-0.062280568189286976
414.1000061035156,1.459679126739502,0.08958861976861954,35.41935729980469,0.11963134368799251,-0.06296573305332613
414.3290100097656,1.4596861600875854,0.08899875730276108,35.41935729980469,0.11956423526993946,-0.06252639263079458
414.5580139160156,1.4596800804138184,0.08861011266708374,35.41935729980469,0.1192287431767294,-0.0620172320870159
414.7870178222656,1.4596753120422363,0.08863433450460434,35.41935729980469,0.11869136392848027,-0.06220919686716764
415.0159912109375,1.4596816301345825,0.08879567682743073,35.41935729980469,0.11921429697343582,-0.06251826467858082
415.2449951171875,1.4596794843673706,0.08853782713413239,35.41935729980469,0.11909772106848836,-0.06245077633888465
415.4739990234375,1.4596784114837646,0.08854863047599792,35.41935729980469,0.11923959473528528,-0.06218615218626926
415.7030029296875,1.4596807956695557,0.08908297121524811,35.41935729980469,0.11947201159945771,-0.06265481342230245
415.9320068359375,1.459672212600708,0.08983269333839417,35.41935729980469,0.11940383709602266,-0.06255624303779574
416.1610107421875,1.459671974182129,0.08991317451000214,35.41935729980469,0.11893476444532453,-0.06276624265083364
416.3900146484375,1.4596800804138184,0.08952676504850388,35.41935729980469,0.11849371156358994,-0.06192508405192078
416.6190185546875,1.4596790075302124,0.08917016535997391,35.41935729980469,0.11943240967924712,-0.06226632835338553
416.8479919433594,1.4596692323684692,0.08927375823259354,35.41935729980469,0.11930784239797967,-0.06217255486447879
417.0769958496094,1.4596683979034424,0.0891023501753807,35.41935729980469,0.11924027270138143,-0.062243245042631436
417.3059997558594,1.4596787691116333,0.0885218009352684,35.41935729980469,0.11949958148254285,-0.062460656604825235
417.5350036621094,1.4596790075302124,0.08829859644174576,35.41935729980469,0.11957464611696395,-0.06245450438663336
417.7640075683594,1.4596775770187378,0.08851658552885056,35.41935729980469,0.11881292617706202,-0.06280150152389243
417.9930114746094,1.4596741199493408,0.08843237161636353,35.41935729980469,0.1188777884821097,-0.06241459212427821
418.2220153808594,1.4596672058105469,0.08798261731863022,35.41935729980469,0.11977745938489916,-0.06287015941843234
418.4510192871094,1.4596644639968872,0.08756005764007568,35.41935729980469,0.12009676409589139,-0.06198359715690166
418.67999267578125,1.459673523902893,0.08767519891262054,35.41935729980469,0.12028175677605346,-0.06292882757680084
418.90899658203125,1.4596787691116333,0.08785666525363922,35.41935729980469,0.12009673754683839,-0.06321128778709133
419.13800048828125,1.4596779346466064,0.08772662281990051,35.41935729980469,0.11965925709627662,-0.06288491266288225
419.36700439453125,1.459670901298523,0.08758986741304398,35.41935729980469,0.12017198537879317,-0.06363379643347249
419.59600830078125,1.4596749544143677,0.08801503479480743,35.41935729980469,0.11982525394083648,-0.06302520671693386
419.82501220703125,1.4596654176712036,0.08885566890239716,35.41935729980469,0.11999500904642095,-0.06278973967755708
420.05401611328125,1.4596747159957886,0.08937399089336395,35.41935729980469,0.1199828068729894,-0.0627180162692897
420.2829895019531,1.45967435836792,0.08909713476896286,35.41935729980469,0.11988545181949428,-0.06246620712373602
420.5119934082031,1.4596654176712036,0.08876810222864151,35.41935729980469,0.12006324527313562,-0.062298807630318025
420.7409973144531,1.4596691131591797,0.08871407061815262,35.41935729980469,0.11988580726075394,-0.06287685002520224
420.9700012207031,1.459665298461914,0.08869767934083939,35.41935729980469,0.12033046848848168,-0.06297092162078191
421.1990051269531,1.459662914276123,0.08821289241313934,35.41935729980469,0.1202387369254655,-0.06327607912783742
421.4280090332031,1.4596694707870483,0.08775792270898819,35.41935729980469,0.11992084868977895,-0.06282653397865444
421.6570129394531,1.4596773386001587,0.08781567960977554,35.41935729980469,0.12005873420861189,-0.0626545461726267
421.8860168457031,1.4596703052520752,0.08803068101406097,35.41935729980469,0.1208471820869027,-0.06323716068022009
422.114990234375,1.4596688747406006,0.08772177994251251,35.41935729980469,0.12147152060826613,-0.06292791713059298
422.343994140625,1.4596691131591797,0.08731301128864288,35.41935729980469,0.120391812298372,-0.06331890630272133
422.572998046875,1.459672212600708,0.08724518865346909,35.41935729980469,0.1208800959043328,-0.06285511684019607
422.802001953125,1.4596753120422363,0.08744528889656067,35.41935729980469,0.12153848658682774,-0.06295263034674235
423.031005859375,1.4596760272979736,0.08749857544898987,35.41935729980469,0.12074351188720212,-0.06331326815717121
423.260009765625,1.4596635103225708,0.08730891346931458,35.41935729980469,0.12123352854439833,-0.06274433946171579
423.489013671875,1.4596761465072632,0.08755744993686676,35.41935729980469,0.12088486876276994,-0.06302368079948992
423.718017578125,1.4596811532974243,0.08820804953575134,35.41935729980469,0.12123462099392335,-0.06318000057546787
423.9469909667969,1.459678053855896,0.08893764764070511,35.41935729980469,0.12022184674057765,-0.06322008335468837
424.1759948730469,1.4596737623214722,0.08892833441495895,35.41935729980469,0.1213331364979588,-0.06300006868674904
424.4049987792969,1.4596742391586304,0.08859408646821976,35.41935729980469,0.12049216534004868,-0.06287492750281809
424.6340026855469,1.4596736431121826,0.08856017887592316,35.41935729980469,0.12102472087254708,-0.06278850904845248
424.8630065917969,1.4596748352050781,0.08866041898727417,35.41935729980469,0.12105825907548577,-0.0624864995074345
425.0920104980469,1.4596689939498901,0.08821289986371994,35.41935729980469,0.12069468510902079,-0.0629315823095537
425.3210144042969,1.4596716165542603,0.0877031460404396,35.41935729980469,0.12050475456774791,-0.06333249459264464
425.5500183105469,1.4596790075302124,0.08768600225448608,35.41935729980469,0.1205826849996224,-0.06284876980578856
425.77899169921875,1.459668755531311,0.08785554766654968,35.41935729980469,0.12093165091665309,-0.06266632448106879
426.00799560546875,1.4596816301345825,0.08775345236063004,35.41935729980469,0.12056787061413116,-0.06292538582617448
426.23699951171875,1.459681749343872,0.08731412887573242,35.41935729980469,0.12111752067608211,-0.06355435298935827
426.46600341796875,1.4596812725067139,0.0870991200208664,35.41935729980469,0.12079564075039029,-0.06367676992538625
426.69500732421875,1.4596771001815796,0.08721873909235,35.41935729980469,0.1213195928799692,-0.06371228064936807
426.92401123046875,1.4596737623214722,0.087364062666893,35.41935729980469,0.12120559626879333,-0.06380824317957999
427.15301513671875,1.4596772193908691,0.08733388036489487,35.41935729980469,0.12088441799219672,-0.06295731681498959
427.38201904296875,1.4596805572509766,0.08725972473621368,35.41935729980469,0.12111718788922042,-0.06360803017138493
427.6109924316406,1.459672451019287,0.0878589004278183,35.41935729980469,0.12086955300551344,-0.06309323189691003
427.8399963378906,1.4596699476242065,0.08863768726587296,35.41935729980469,0.12125772002917024,-0.06283883127306851
428.0690002441406,1.4596816301345825,0.0889182761311531,35.41935729980469,0.12056798501211827,-0.06306111687280548
428.2980041503906,1.4596630334854126,0.08876139670610428,35.41935729980469,0.12009160336933948,-0.06317935548658192
428.5270080566406,1.4596701860427856,0.08857881277799606,35.41935729980469,0.12078323856946384,-0.06329209435514514
428.7560119628906,1.4596658945083618,0.0885661393404007,35.41935729980469,0.1204152534017753,-0.06353129166157585
428.9850158691406,1.4596718549728394,0.0884789526462555,35.41935729980469,0.12058665920985606,-0.06295096828174368
429.2140197753906,1.4596799612045288,0.08785517513751984,35.41935729980469,0.12089384248379989,-0.0634749455539346
429.4429931640625,1.4596781730651855,0.08763384073972702,35.41935729980469,0.12069233142900983,-0.06276501387430336
429.6719970703125,1.4596762657165527,0.08784325420856476,35.41935729980469,0.12111989786085357,-0.06262137178408976
429.9010009765625,1.4596728086471558,0.08776425570249557,35.41935729980469,0.12073618434952084,-0.06328046283395106
430.1300048828125,1.4596666097640991,0.08744528889656067,35.41935729980469,0.1212607593728692,-0.0629497244588425
430.3590087890625,1.4596749544143677,0.08704061806201935,35.41935729980469,0.12096476705660439,-0.06310268024591009
430.5880126953125,1.4596649408340454,0.08706856518983841,35.41935729980469,0.12096470491883543,-0.0628466371316015
430.8170166015625,1.4596641063690186,0.08724705874919891,35.41935729980469,0.12136439101677429,-0.06345258428214065
431.0459899902344,1.4596691131591797,0.08712520450353622,35.41935729980469,0.12174123373989773,-0.06313030418671269
431.2749938964844,1.4596694707870483,0.08687480539083481,35.41935729980469,0.12123189782976065,-0.06390867963222435
431.5039978027344,1.4596799612045288,0.08739685267210007,35.41935729980469,0.1211918677254147,-0.06372807798329691
431.7330017089844,1.4596763849258423,0.08799081295728683,35.41935729980469,0.120869056404986,-0.06268917078293149
431.9620056152344,1.459670901298523,0.08861756324768066,35.41935729980469,0.1203675991417783,-0.0629824748668067
432.1910095214844,1.4596760272979736,0.08842454850673676,35.41935729980469,0.12001963520066973,-0.06187339788592351
432.4200134277344,1.4596809148788452,0.08826319873332977,35.41935729980469,0.12094735063701177,-0.06287873217661029
432.6490173339844,1.4596786499023438,0.08838094770908356,35.41935729980469,0.12092781499368252,-0.06302531827029796
432.87799072265625,1.4596654176712036,0.08825872838497162,35.41935729980469,0.12022297943259395,-0.06200062366734319
433.10699462890625,1.4596753120422363,0.0877515897154808,35.41935729980469,0.12101703617664851,-0.06371395572944005
433.33599853515625,1.4596781730651855,0.08725897967815399,35.41935729980469,0.11996242350238802,-0.06257191900627591
433.56500244140625,1.4596844911575317,0.08729027956724167,35.41935729980469,0.12124557508623948,-0.06267100037887845
433.79400634765625,1.4596737623214722,0.08749708533287048,35.41935729980469,0.12084605810363748,-0.0635313412324934
434.02301025390625,1.4596753120422363,0.08711626380681992,35.41935729980469,0.12062970361519866,-0.062476013022343076
434.25201416015625,1.4596757888793945,0.08667582273483276,35.41935729980469,0.12109859249195144,-0.06307917417168245
434.48101806640625,1.4596779346466064,0.08660651743412018,35.41935729980469,0.12138765872043127,-0.06338180012411128
434.7099914550781,1.4596803188323975,0.08685952425003052,35.41935729980469,0.121520588145395,-0.06328939302101579
434.9389953613281,1.4596704244613647,0.0867261290550232,35.41935729980469,0.12127449365372996,-0.06305021386597534
435.1679992675781,1.4596686363220215,0.08650366961956024,35.41935729980469,0.12082497664749817,-0.06356973424018922
435.3970031738281,1.459662675857544,0.08658602088689804,35.41935729980469,0.1213822926991773,-0.06303063050339472
435.6260070800781,1.4596786499023438,0.08735958486795425,35.41935729980469,0.12096310356756614,-0.06288639068912226
435.8550109863281,1.4596737623214722,0.08792448788881302,35.41935729980469,0.12125568543955469,-0.06341526171431802
436.0840148925781,1.459667682647705,0.08809701353311539,35.41935729980469,0.12115854580727738,-0.06333779962350254
436.3130187988281,1.4596656560897827,0.08796584606170654,35.41935729980469,0.12077838252501746,-0.06303333020437075
436.5419921875,1.4596648216247559,0.08795056492090225,35.41935729980469,0.12027400684718241,-0.06287160294989377
436.77099609375,1.4596647024154663,0.08796174824237823,35.41935729980469,0.121193331346181,-0.06215865382390724
437.0,1.4596613645553589,0.08751869946718216,35.41935729980469,0.12089347149485515,-0.06365215383212451
437.22900390625,1.4596741199493408,0.08702199161052704,35.41935729980469,0.12143518026273534,-0.06280959746714511
437.4580078125,1.459661602973938,0.08685281872749329,35.41935729980469,0.12090521134204762,-0.062249258137204555
437.68701171875,1.45966637134552,0.08710695058107376,35.41935729980469,0.12139396124552453,-0.06293240214289995
437.916015625,1.4596704244613647,0.08682561665773392,35.41935729980469,0.12125626302315087,-0.06326932530540065
438.14501953125,1.459665060043335,0.08625997602939606,35.41935729980469,0.12133869807627347,-0.06300773585259861
438.3739929199219,1.4596705436706543,0.0861440896987915,35.41935729980469,0.12119046050566408,-0.06309404411552373
438.6029968261719,1.4596689939498901,0.08627823740243912,35.41935729980469,0.12159759308938209,-0.06387802764677608
438.8320007324219,1.459667444229126,0.08628308027982712,35.41935729980469,0.12200303308841487,-0.06375185630116992
439.0610046386719,1.4596753120422363,0.08601553738117218,35.41935729980469,0.12178001905117232,-0.06358386500678079
439.2900085449219,1.4596720933914185,0.08598124980926514,35.41935729980469,0.12223206782690195,-0.06304092527263483
439.5190124511719,1.4596658945083618,0.08650963008403778,35.41935729980469,0.12119681833163945,-0.06363324341072736
439.7480163574219,1.4596734046936035,0.08726233243942261,35.41935729980469,0.12100191087525325,-0.06345772839745223
439.9770202636719,1.4596747159957886,0.08747919648885727,35.41935729980469,0.12145369715364741,-0.0629483675495105
440.20599365234375,1.459678053855896,0.08754217624664307,35.41935729980469,0.12104874158849649,-0.06329927767960704
440.43499755859375,1.4596681594848633,0.08737635612487793,35.41935729980469,0.12080153544888188,-0.06305113042826507
440.66400146484375,1.4596656560897827,0.08747845888137817,35.41935729980469,0.12114371178111981,-0.06319338338549896
440.89300537109375,1.459680199623108,0.08717513829469681,35.41935729980469,0.12126445575053994,-0.06318935405751988
441.12200927734375,1.4596799612045288,0.08671905100345612,35.41935729980469,0.12147900136850487,-0.06311769943122034
441.35101318359375,1.459679365158081,0.08637697994709015,35.41935729980469,0.12108072222027876,-0.06320351614879174
441.58001708984375,1.4596812725067139,0.08659086376428604,35.41935729980469,0.12112224843193144,-0.06347548229167274
441.8089904785156,1.4596760272979736,0.08651597052812576,35.41935729980469,0.12184686690007232,-0.06257341493358687
442.0379943847656,1.4596842527389526,0.08605838567018509,35.41935729980469,0.12123814591502478,-0.06302781023421432
442.2669982910156,1.4596757888793945,0.08578525483608246,35.41935729980469,0.12090807736503147,-0.06280207998345239
442.4960021972656,1.4596713781356812,0.08589965105056763,35.41935729980469,0.12229577214561017,-0.06363930745845398
442.7250061035156,1.4596718549728394,0.08587431162595749,35.41935729980469,0.12153000166965236,-0.06376732180188667
442.9540100097656,1.459670901298523,0.0856943354010582,35.41935729980469,0.1220766766800094,-0.06338909949979986
443.1830139160156,1.4596761465072632,0.08552329987287521,35.41935729980469,0.12207855696587819,-0.0634975846254112
443.4120178222656,1.459677815437317,0.08601441234350204,35.41935729980469,0.12152419979159189,-0.06401018458753391
443.6409912109375,1.4596706628799438,0.08667992055416107,35.41935729980469,0.12147147922248898,-0.06389949332412634
443.8699951171875,1.459670901298523,0.08706820011138916,35.41935729980469,0.12090969486983683,-0.06382001301444842
444.0989990234375,1.4596748352050781,0.08726195991039276,35.41935729980469,0.12172718239374884,-0.06260325683234498
444.3280029296875,1.4596701860427856,0.08717811852693558,35.41935729980469,0.12106435053940412,-0.06308805464613094
444.5570068359375,1.4596736431121826,0.08727015554904938,35.41935729980469,0.12132715111109162,-0.06340665161553576
444.7860107421875,1.4596747159957886,0.08712707459926605,35.41935729980469,0.12103541976314454,-0.06321067982493571
445.0150146484375,1.4596738815307617,0.08668625354766846,35.41935729980469,0.12122222829504291,-0.06309484281113924
445.2440185546875,1.4596694707870483,0.08621525764465332,35.41935729980469,0.12104742908282887,-0.06395395354682762
445.4729919433594,1.4596740007400513,0.08642131835222244,35.41935729980469,0.12163055113199522,-0.0634614676566429
445.7019958496094,1.4596740007400513,0.0865703746676445,35.41935729980469,0.12137514873194014,-0.06397735473414361
445.9309997558594,1.4596714973449707,0.08621899038553238,35.41935729980469,0.1215402324187157,-0.06339807250769615
446.1600036621094,1.4596755504608154,0.08578227460384369,35.41935729980469,0.12155538034385266,-0.06298680906545481
446.3890075683594,1.4596703052520752,0.08581431955099106,35.41935729980469,0.12129495081988739,-0.06305490762324169
446.6180114746094,1.4596688747406006,0.08598684519529343,35.41935729980469,0.12231990717226886,-0.06373056660698039
446.8470153808594,1.4596669673919678,0.08586052060127258,35.41935729980469,0.1215079019250245,-0.06319413141081529
447.0760192871094,1.4596753120422363,0.08564663678407669,35.41935729980469,0.12166150905244821,-0.06369751133315732
447.30499267578125,1.4596649408340454,0.08589517325162888,35.41935729980469,0.1220332749413189,-0.06296551065835738
447.53399658203125,1.459672212600708,0.08646156638860703,35.41935729980469,0.12153447974706096,-0.06369114742797581
447.76300048828125,1.459675669670105,0.08706670999526978,35.41935729980469,0.12145328102508512,-0.06387165833577618
447.99200439453125,1.459679365158081,0.08711589127779007,35.41935729980469,0.12129243265163682,-0.06300129495210523
448.22100830078125,1.459670066833496,0.08722693473100662,35.41935729980469,0.1216725763763869,-0.06290612484969603
448.45001220703125,1.4596753120422363,0.08745013177394867,35.41935729980469,0.12162998629722674,-0.06341329332617285
448.67901611328125,1.4596712589263916,0.08723475784063339,35.41935729980469,0.12119626696501846,-0.06285741298946783
448.90802001953125,1.4596760272979736,0.08710881322622299,35.41935729980469,0.12155573477939832,-0.06324415872197872
449.1369934082031,1.4596680402755737,0.08635611087083817,35.41935729980469,0.12078938722971377,-0.06330755837031826
449.3659973144531,1.4596784114837646,0.0863240659236908,35.41935729980469,0.12109788186373277,-0.06367963270677893
449.5950012207031,1.4596611261367798,0.08647758513689041,35.41935729980469,0.12112333725321872,-0.06300883914485414
449.8240051269531,1.4596707820892334,0.08632853627204895,35.41935729980469,0.12169333414961152,-0.06369510917425983
450.0530090332031,1.45967698097229,0.08566564321517944,35.41935729980469,0.12122422280999108,-0.062469836541841635
405.4120178222656,1.4608675241470337,0.3075689673423767,23.818593978881836,0.2890140848852151,-0.153281361470647
405.6549987792969,1.4593747854232788,0.2559341490268707,23.818593978881836,0.28513936083760877,-0.1383248356652084
405.89801025390625,1.45937180519104,0.22731254994869232,23.818593978881836,0.2634623107720116,-0.11509142226688641
406.1409912109375,1.4593781232833862,0.20488806068897247,23.818593978881836,0.250748914146796,-0.10236444445133211
406.3840026855469,1.4593702554702759,0.18726147711277008,23.818593978881836,0.23315014534190026,-0.09369568968292635
406.62701416015625,1.4593815803527832,0.17299072444438934,23.818593978881836,0.2190492281627094,-0.08598195176234885
406.8699951171875,1.4593740701675415,0.16147032380104065,23.818593978881836,0.2073475338585739,-0.08533418754208048
407.1130065917969,1.459371566772461,0.15221434831619263,23.818593978881836,0.1975005716832772,-0.08166610940514299
407.35601806640625,1.4593722820281982,0.14461581408977509,23.818593978881836,0.1897054067881386,-0.08004575372041485
407.5989990234375,1.4593652486801147,0.138508141040802,23.818593978881836,0.18518682262741284,-0.07945231531160678
407.8420104980469,1.459362506866455,0.13262367248535156,23.818593978881836,0.1786233056128879,-0.07927591344474329
408.0849914550781,1.4593638181686401,0.12804561853408813,23.818593978881836,0.17365796275137493,-0.07743975656906545
408.3280029296875,1.4593614339828491,0.1235853061079979,23.818593978881836,0.16908151948883657,-0.07760491734282161
408.5710144042969,1.4593595266342163,0.11986541002988815,23.818593978881836,0.16438964296961708,-0.0772012632233869
408.8139953613281,1.4593687057495117,0.11597298085689545,23.818593978881836,0.1615798930476607,-0.07674483623052934
409.0570068359375,1.4593583345413208,0.11231456696987152,23.818593978881836,0.15928125184677328,-0.07687582969543051
409.3000183105469,1.459368348121643,0.10945877432823181,23.818593978881836,0.1559491634026751,-0.07654570961473095
409.5429992675781,1.4593623876571655,0.1064181700348854,23.818593978881836,0.15319941271153978,-0.07744196704507605
409.7860107421875,1.4593600034713745,0.10436464101076126,23.818593978881836,0.1520510363604282,-0.07723157037993507
410.02899169921875,1.4593585729599,0.10180844366550446,23.818593978881836,0.15013421252431933,-0.07774008718696873
410.2720031738281,1.4593583345413208,0.10010555386543274,23.818593978881836,0.1482225666549412,-0.07760079049331803
410.5150146484375,1.459351658821106,0.09826777130365372,23.818593978881836,0.14677324061093813,-0.07748341731056804
410.75799560546875,1.4593614339828491,0.09675417840480804,23.818593978881836,0.14496620306937985,-0.07728765434915091
411.0010070800781,1.4593589305877686,0.09557482600212097,23.818593978881836,0.14464170594886358,-0.07803999271970677
411.2440185546875,1.4593478441238403,0.0941879153251648,23.818593978881836,0.14399002577623074,-0.07717486534016486
411.48699951171875,1.4593560695648193,0.09369345009326935,23.818593978881836,0.14207822178298432,-0.07789917466606346
411.7300109863281,1.4593570232391357,0.09274027496576309,23.818593978881836,0.14196399134287876,-0.07785437371941109
411.9729919433594,1.4593584537506104,0.09269556403160095,23.818593978881836,0.14131642063415026,-0.07736726737535904
412.21600341796875,1.459354043006897,0.09228567779064178,23.818593978881836,0.14108013728482846,-0.07743246718449066
412.4590148925781,1.459350824356079,0.09240230917930603,23.818593978881836,0.14023178026572494,-0.07772378961423111
412.7019958496094,1.4593619108200073,0.09224505722522736,23.818593978881836,0.1390597575023887,-0.07751565686727613
412.94500732421875,1.4593597650527954,0.09154191613197327,23.818593978881836,0.13888899472459768,-0.0771953411597346
413.1880187988281,1.4593559503555298,0.09116892516613007,23.818593978881836,0.1379229793594488,-0.07754706386040433
413.4309997558594,1.4593576192855835,0.09028133004903793,23.818593978881836,0.13728011690554864,-0.07694774811907973
413.67401123046875,1.4593580961227417,0.0901300460100174,23.818593978881836,0.1373955748689493,-0.07763724682030623
413.9169921875,1.4593559503555298,0.08949397504329681,23.818593978881836,0.13707609783041075,-0.07749173645479779
414.1600036621094,1.459355115890503,0.08939113467931747,23.818593978881836,0.13788894748824332,-0.07811286901926086
414.40301513671875,1.4593603610992432,0.0890788733959198,23.818593978881836,0.13706772825057698,-0.07765151905553683
414.64599609375,1.4593455791473389,0.08868836611509323,23.818593978881836,0.1375739897230278,-0.0785549529658414
414.8890075683594,1.4593453407287598,0.08866973221302032,23.818593978881836,0.13820911872336927,-0.07716858246986354
415.13201904296875,1.4593549966812134,0.08808955550193787,23.818593978881836,0.13744522924371164,-0.07806748374900878
415.375,1.4593513011932373,0.08831015229225159,23.818593978881836,0.13777710240030422,-0.07798582565736298
415.6180114746094,1.4593600034713745,0.08796733617782593,23.818593978881836,0.1382357278993699,-0.07812635799315247
415.8609924316406,1.4593505859375,0.08852403610944748,23.818593978881836,0.1384020619153313,-0.07757538073383746
416.10400390625,1.4593470096588135,0.08870476484298706,23.818593978881836,0.1372997163893528,-0.07800137365656915
416.3470153808594,1.459355354309082,0.08920519053936005,23.818593978881836,0.13598323962767578,-0.0781675602718314
416.5899963378906,1.4593654870986938,0.08974922448396683,23.818593978881836,0.1376832606596629,-0.07764454917318196
416.8330078125,1.459354043006897,0.08941945433616638,23.818593978881836,0.13684474646222228,-0.07722037756565404
417.0760192871094,1.4593478441238403,0.08947460353374481,23.818593978881836,0.13706211525952897,-0.07748327126024447
417.3190002441406,1.4593514204025269,0.08883704245090485,23.818593978881836,0.13694486416345933,-0.07740581816699758
417.56201171875,1.4593479633331299,0.088986836373806,23.818593978881836,0.13739919875137338,-0.0767299028988841
417.80499267578125,1.4593573808670044,0.08852217346429825,23.818593978881836,0.1368087438858504,-0.0781769281359614
418.0480041503906,1.4593623876571655,0.0884539857506752,23.818593978881836,0.136378910811898,-0.07729773862897782
418.291015625,1.4593532085418701,0.08838877826929092,23.818593978881836,0.13739952976526446,-0.07867387684806643
418.53399658203125,1.4593534469604492,0.08799230307340622,23.818593978881836,0.1372633163262674,-0.0773795527513107
418.7770080566406,1.4593584537506104,0.0882173702120781,23.818593978881836,0.13744143349706864,-0.077956840856222
419.02001953125,1.4593532085418701,0.08766476809978485,23.818593978881836,0.1377573197051018,-0.07792350684699945
419.26300048828125,1.4593530893325806,0.08794236928224564,23.818593978881836,0.13816496271774156,-0.07843215636341008
419.5060119628906,1.4593589305877686,0.0874423086643219,23.818593978881836,0.1385160404318867,-0.078881432782448
419.7489929199219,1.4593521356582642,0.08799155801534653,23.818593978881836,0.13804303976708857,-0.0784168067578715
419.99200439453125,1.459364891052246,0.08823563158512115,23.818593978881836,0.13812896575946998,-0.07766819999154218
420.2350158691406,1.4593442678451538,0.08858253806829453,23.818593978881836,0.13779615420995817,-0.07833423548771323
420.4779968261719,1.459343433380127,0.0891902893781662,23.818593978881836,0.13738183694455866,-0.07748738780064472
420.72100830078125,1.4593586921691895,0.08894771337509155,23.818593978881836,0.1373830404536182,-0.0775293579072906
420.9640197753906,1.4593523740768433,0.08917538821697235,23.818593978881836,0.13712206748169067,-0.07760610009620551
421.2070007324219,1.4593552350997925,0.08871705830097198,23.818593978881836,0.13846233653308204,-0.07811321603447792
421.45001220703125,1.4593557119369507,0.08861309289932251,23.818593978881836,0.1375866449552243,-0.07797455161429008
421.6929931640625,1.4593595266342163,0.08840442448854446,23.818593978881836,0.13772789102152222,-0.07755711073178971
421.9360046386719,1.4593548774719238,0.08804260939359665,23.818593978881836,0.1370012942970279,-0.07794012596512018
422.17901611328125,1.4593487977981567,0.088100366294384,23.818593978881836,0.1376395140804135,-0.07714449545817173
422.4219970703125,1.4593539237976074,0.08769159764051437,23.818593978881836,0.13795254771367052,-0.07844433737615789
422.6650085449219,1.459356665611267,0.08781865984201431,23.818593978881836,0.13930803355201177,-0.0778072548479631
422.90802001953125,1.4593415260314941,0.0874568447470665,23.818593978881836,0.13782297184964334,-0.07843562438483712
423.1510009765625,1.459342360496521,0.08765433728694916,23.818593978881836,0.13803826313551504,-0.0787717502003955
423.3940124511719,1.4593473672866821,0.08739200979471207,23.818593978881836,0.13860380390065793,-0.07818105605591107
423.6369934082031,1.4593435525894165,0.08748739957809448,23.818593978881836,0.13858597573910858,-0.07874109250038434
423.8800048828125,1.4593377113342285,0.08790399134159088,23.818593978881836,0.1383676584406743,-0.07790089780081101
424.1230163574219,1.4593507051467896,0.08795318007469177,23.818593978881836,0.1386473873271013,-0.0784975287570164
424.3659973144531,1.4593507051467896,0.08881468325853348,23.818593978881836,0.138565632208952,-0.07771087543304109
424.6090087890625,1.4593383073806763,0.08883294463157654,23.818593978881836,0.13776904855649555,-0.07788673640841967
424.85198974609375,1.4593435525894165,0.08902037143707275,23.818593978881836,0.1382087300846866,-0.07783621317728857
425.0950012207031,1.4593449831008911,0.08848081529140472,23.818593978881836,0.13761664208059937,-0.0778639196360249
425.3380126953125,1.459356665611267,0.08869916945695877,23.818593978881836,0.13821142244304355,-0.07754532334348617
425.58099365234375,1.4593498706817627,0.08844131976366043,23.818593978881836,0.13908374242052776,-0.07792991782747119
425.8240051269531,1.4593431949615479,0.08827251940965652,23.818593978881836,0.13817794061917668,-0.0768921799290677
426.0670166015625,1.459346055984497,0.08834629505872726,23.818593978881836,0.13816361458505874,-0.0789085350277984
426.30999755859375,1.459352731704712,0.08781120926141739,23.818593978881836,0.13798640024157144,-0.07802152115082457
426.5530090332031,1.4593425989151,0.08804633468389511,23.818593978881836,0.138784365464098,-0.07788883895882465
426.7959899902344,1.4593472480773926,0.08757161349058151,23.818593978881836,0.13919189804669535,-0.07884091900215176
427.03900146484375,1.459349513053894,0.08745013922452927,23.818593978881836,0.1389715223903684,-0.07812276134075344
427.2820129394531,1.4593538045883179,0.08727873116731644,23.818593978881836,0.13821792029183955,-0.07831527042705229
427.5249938964844,1.4593480825424194,0.08722991496324539,23.818593978881836,0.13866077651514955,-0.07845593793393178
427.76800537109375,1.4593557119369507,0.0875917375087738,23.818593978881836,0.13922095354294395,-0.07844395650124349
428.0110168457031,1.459356427192688,0.0874907523393631,23.818593978881836,0.13905936749764594,-0.0781682602596973
428.2539978027344,1.4593505859375,0.08818122744560242,23.818593978881836,0.13845698580294744,-0.078213909448437
428.49700927734375,1.4593453407287598,0.08825910091400146,23.818593978881836,0.13836913577922258,-0.07811122287677585
428.739990234375,1.4593418836593628,0.08854639530181885,23.818593978881836,0.13836879445472688,-0.078290513210903
428.9830017089844,1.4593533277511597,0.08813874423503876,23.818593978881836,0.1392793859727465,-0.07866333637339809
429.22601318359375,1.4593505859375,0.08791255950927734,23.818593978881836,0.1396736003478654,-0.07743348462176898
429.468994140625,1.459351658821106,0.08787194639444351,23.818593978881836,0.13935708058537558,-0.07818783677728378
429.7120056152344,1.4593455791473389,0.08731189370155334,23.818593978881836,0.13937613253832226,-0.07823786299221915
429.95501708984375,1.4593467712402344,0.08757124096155167,23.818593978881836,0.13953933977826108,-0.07866366936243963
430.197998046875,1.4593454599380493,0.08700596541166306,23.818593978881836,0.13828551364042613,-0.0787556659440065
430.4410095214844,1.4593515396118164,0.08735810220241547,23.818593978881836,0.13845305366485275,-0.07814190306274188
430.6839904785156,1.4593491554260254,0.08683642745018005,23.818593978881836,0.13886094510634736,-0.07859620830820445
430.927001953125,1.4593446254730225,0.08676711469888687,23.818593978881836,0.13894533701774814,-0.07872040627477545
431.1700134277344,1.459352731704712,0.08675482124090195,23.818593978881836,0.13908327110811097,-0.07832300349607466
431.4129943847656,1.4593502283096313,0.08647199720144272,23.818593978881836,0.13901962518865543,-0.07879908032158908
431.656005859375,1.4593470096588135,0.0867302268743515,23.818593978881836,0.13928765813838584,-0.07882231897660717
431.8990173339844,1.4593461751937866,0.08676636964082718,23.818593978881836,0.13920209599186997,-0.07808849978618015
432.1419982910156,1.4593480825424194,0.08749224245548248,23.818593978881836,0.138428070948524,-0.07815112970471666
432.385009765625,1.4593548774719238,0.08778996765613556,23.818593978881836,0.13831091022167435,-0.07825599863509754
432.62799072265625,1.4593514204025269,0.08833511918783188,23.818593978881836,0.13935084992722047,-0.07835104148917729
432.8710021972656,1.4593513011932373,0.088114894926548,23.818593978881836,0.13874081425668208,-0.07835641973620452
433.114013671875,1.4593515396118164,0.08782164007425308,23.818593978881836,0.1392635692769224,-0.07790243076295413
433.35699462890625,1.459352731704712,0.08789058029651642,23.818593978881836,0.13862268169142974,-0.07827108947626145
433.6000061035156,1.4593486785888672,0.08728431910276413,23.818593978881836,0.13810980443815452,-0.0780922534904566
433.843017578125,1.4593428373336792,0.08757422119379044,23.818593978881836,0.13942790640939717,-0.07842230457859874
434.08599853515625,1.459349513053894,0.08705440908670425,23.818593978881836,0.1378111749531102,-0.07816316022095342
434.3290100097656,1.4593524932861328,0.08721575886011124,23.818593978881836,0.13893095553680784,-0.07841913968700422
434.5719909667969,1.4593578577041626,0.08704174309968948,23.818593978881836,0.13887359391634033,-0.07783815499348212
434.81500244140625,1.4593390226364136,0.08680064976215363,23.818593978881836,0.13857576816184583,-0.0783082939018319
435.0580139160156,1.4593572616577148,0.08677792549133301,23.818593978881836,0.1393478819052567,-0.07850139161001814
435.3009948730469,1.4593515396118164,0.08636803925037384,23.818593978881836,0.13958143529161374,-0.07884963415744814
435.54400634765625,1.459349274635315,0.08678276836872101,23.818593978881836,0.13935192851164213,-0.07801660341586268
435.7870178222656,1.4593597650527954,0.08659608662128448,23.818593978881836,0.1395584725229871,-0.0786761652897142
436.0299987792969,1.4593464136123657,0.08720718324184418,23.818593978881836,0.13906193510191678,-0.07880617565149187
436.27301025390625,1.4593514204025269,0.0875827893614769,23.818593978881836,0.13937706091438284,-0.07837396843474152
436.5159912109375,1.4593563079833984,0.0880865752696991,23.818593978881836,0.13873826929127975,-0.07736816857484406
436.7590026855469,1.4593487977981567,0.0882367491722107,23.818593978881836,0.13895617354050488,-0.07816761611492856
437.00201416015625,1.4593428373336792,0.08774711936712265,23.818593978881836,0.13946626943856105,-0.07841191079364539
437.2449951171875,1.4593451023101807,0.08786524087190628,23.818593978881836,0.1385276296657981,-0.07856193159767597
437.4880065917969,1.459355354309082,0.0872485488653183,23.818593978881836,0.1391564772689161,-0.0788422753406178
437.73101806640625,1.459350347518921,0.08741660416126251,23.818593978881836,0.1391075553737656,-0.07850705730054296
437.9739990234375,1.4593474864959717,0.08705366402864456,23.818593978881836,0.13823084976008462,-0.0777278629882076
438.2170104980469,1.4593486785888672,0.08703875541687012,23.818593978881836,0.13857623068041794,-0.07863441037185108
438.4599914550781,1.4593507051467896,0.08678723871707916,23.818593978881836,0.13901681742014993,-0.07845652558547571
438.7030029296875,1.4593462944030762,0.08641722053289413,23.818593978881836,0.13908690551215624,-0.07884808262573742
438.9460144042969,1.4593390226364136,0.0866042822599411,23.818593978881836,0.13986270972097828,-0.07865795259717429
439.1889953613281,1.4593565464019775,0.08600584417581558,23.818593978881836,0.13945197625570543,-0.07874427039357568
439.4320068359375,1.4593474864959717,0.08633338660001755,23.818593978881836,0.13948696864785556,-0.07828728795559742
439.6750183105469,1.4593541622161865,0.08619365096092224,23.818593978881836,0.1385496283412016,-0.07887608656409091
439.9179992675781,1.459356665611267,0.0866866335272789,23.818593978881836,0.13928386728997835,-0.07925455195342691
440.1610107421875,1.4593528509140015,0.08697504550218582,23.818593978881836,0.13900465973770368,-0.07879660777057039
440.40399169921875,1.4593533277511597,0.08744156360626221,23.818593978881836,0.1390224461512904,-0.07817991803216741
440.6470031738281,1.4593418836593628,0.08791442960500717,23.818593978881836,0.13903991496807624,-0.0786729972747309
440.8900146484375,1.459338903427124,0.08752503246068954,23.818593978881836,0.13826061541985282,-0.07874070023563906
441.13299560546875,1.4593485593795776,0.08754031360149384,23.818593978881836,0.13859567458335384,-0.07837574749551311
441.3760070800781,1.4593600034713745,0.08701081573963165,23.818593978881836,0.13878237718251607,-0.07844876435396532
441.6190185546875,1.4593477249145508,0.0871758833527565,23.818593978881836,0.1387707830407193,-0.0781187175823689
441.86199951171875,1.4593442678451538,0.08689120411872864,23.818593978881836,0.13899196225857746,-0.07840525401451685
442.1050109863281,1.459358811378479,0.08658415824174881,23.818593978881836,0.13888729846238765,-0.07846690737077869
442.3479919433594,1.4593509435653687,0.08674141019582748,23.818593978881836,0.13909697309341099,-0.07814147611158952
442.59100341796875,1.4593452215194702,0.08632779121398926,23.818593978881836,0.13943289948408155,-0.07885351920743125
442.8340148925781,1.4593486785888672,0.08658453077077866,23.818593978881836,0.1380424064246658,-0.07858931965587015
443.0769958496094,1.4593517780303955,0.08597342669963837,23.818593978881836,0.13939939629866482,-0.07906834265884721
443.32000732421875,1.4593461751937866,0.0862797275185585,23.818593978881836,0.13962006239664138,-0.07868950264008406
443.5630187988281,1.459347128868103,0.08610310405492783,23.818593978881836,0.13837714961943434,-0.07827097218095332
443.8059997558594,1.4593522548675537,0.08629164844751358,23.818593978881836,0.13982734505300243,-0.0788267538460161
444.04901123046875,1.4593536853790283,0.08673171699047089,23.818593978881836,0.13925380319585473,-0.0781663016200064
444.2919921875,1.4593478441238403,0.08692697435617447,23.818593978881836,0.13869504569572066,-0.07840693678961547
444.5350036621094,1.4593456983566284,0.08761893957853317,23.818593978881836,0.13915340988637193,-0.078041452673173
444.77801513671875,1.4593496322631836,0.08721687644720078,23.818593978881836,0.1386789795633741,-0.07806650495259167
445.02099609375,1.4593455791473389,0.087223581969738,23.818593978881836,0.13946530485956624,-0.07771646545191012
445.2640075683594,1.4593561887741089,0.08668998628854752,23.818593978881836,0.1388468441138857,-0.07794514754167073
445.50701904296875,1.4593489170074463,0.08679543435573578,23.818593978881836,0.1379826748692247,-0.07895827349826941
445.75,1.459356427192688,0.08664824813604355,23.818593978881836,0.1393908660822673,-0.07871490248091463
445.9930114746094,1.459354043006897,0.08623724430799484,23.818593978881836,0.13897582562445326,-0.0786830638956261
446.2359924316406,1.4593532085418701,0.08639039844274521,23.818593978881836,0.1384688141994802,-0.07907688756730302
446.47900390625,1.4593439102172852,0.08580239117145538,23.818593978881836,0.13957839840245337,-0.07813390878233017
446.7220153808594,1.4593501091003418,0.08611204475164413,23.818593978881836,0.13940051703040332,-0.07918971646853419
446.9649963378906,1.4593486785888672,0.08558589965105057,23.818593978881836,0.13894932296105858,-0.0790088567760511
447.2080078125,1.4593584537506104,0.08566080033779144,23.818593978881836,0.13883514671741135,-0.07932169678401368
447.4510192871094,1.4593544006347656,0.085645891726017,23.818593978881836,0.13914442998855842,-0.07887485208499571
447.6940002441406,1.459358811378479,0.08547224849462509,23.818593978881836,0.13954774962737385,-0.07851312211123311
447.93701171875,1.459345817565918,0.08595331013202667,23.818593978881836,0.13957406658199772,-0.07872703881680705
448.17999267578125,1.4593576192855835,0.08612173050642014,23.818593978881836,0.1391298866925757,-0.07865591226955627
448.4230041503906,1.459348440170288,0.08698771148920059,23.818593978881836,0.13906659302551125,-0.07946598140577146
448.666015625,1.4593563079833984,0.0868472307920456,23.818593978881836,0.13982981373178302,-0.07776094729396678
448.90899658203125,1.4593461751937866,0.08675295859575272,23.818593978881836,0.13860255131477772,-0.07868993514629262
449.1520080566406,1.4593511819839478,0.08630357682704926,23.818593978881836,0.13946079161891584,-0.07886053838629307
449.39501953125,1.459354043006897,0.08621712774038315,23.818593978881836,0.13857286601951121,-0.07812908460871587
449.63800048828125,1.459352970123291,0.0862659364938736,23.818593978881836,0.13894317458648953,-0.07786613020691888
449.8810119628906,1.4593526124954224,0.08582065254449844,23.818593978881836,0.1392592187638363,-0.07838606668491999
450.1239929199219,1.459348440170288,0.0859849825501442,23.818593978881836,0.13953027698279646,-0.07840215165106638
405.3919982910156,1.461165189743042,0.31055107712745667,16.009218215942383,0.3209290842518427,-0.10816557713444853
405.614990234375,1.4597060680389404,0.2610204517841339,16.009218215942383,0.32181823934180526,-0.12245000112221602
405.8380126953125,1.4597077369689941,0.23347313702106476,16.009218215942383,0.2910562640016848,-0.09404397729068036
406.0610046386719,1.4597063064575195,0.21141940355300903,16.009218215942383,0.27982633922314465,-0.08797685425339218
406.28399658203125,1.459718108177185,0.1942429393529892,16.009218215942383,0.2580748038940284,-0.08231464362355394
406.50701904296875,1.4597162008285522,0.179876446723938,16.009218215942383,0.24891069866176876,-0.07798734310757698
406.7300109863281,1.4597090482711792,0.16834671795368195,16.009218215942383,0.23471752034484905,-0.07771078292856569
406.9530029296875,1.459705114364624,0.15884295105934143,16.009218215942383,0.22594204687625763,-0.0757234833741882
407.1759948730469,1.4597203731536865,0.15081104636192322,16.009218215942383,0.21750580701539124,-0.07774580763089538
407.3990173339844,1.4597080945968628,0.1445029079914093,16.009218215942383,0.21230005752723785,-0.07581461844902031
407.62200927734375,1.4597121477127075,0.13852788507938385,16.009218215942383,0.20801295279925766,-0.0781366744192784
407.8450012207031,1.459699273109436,0.1336178332567215,16.009218215942383,0.20255404683830544,-0.07981407942308728
408.0679931640625,1.4597065448760986,0.12873123586177826,16.009218215942383,0.1969937830062132,-0.0783460301535957
408.291015625,1.4597176313400269,0.12459363043308258,16.009218215942383,0.19417629553193164,-0.07971780927094081
408.5140075683594,1.4597057104110718,0.12127020210027695,16.009218215942383,0.18943274536988608,-0.0799777957797109
408.73699951171875,1.4597185850143433,0.11798030883073807,16.009218215942383,0.18597715555843722,-0.08058623016947916
408.9599914550781,1.459701418876648,0.11517705768346786,16.009218215942383,0.18305818062364346,-0.0822620105783926
409.1830139160156,1.459709644317627,0.11175563186407089,16.009218215942383,0.1819089379806347,-0.08341326286726539
409.406005859375,1.4597058296203613,0.10922663658857346,16.009218215942383,0.17985440055454735,-0.08424599364848052
409.6289978027344,1.4597073793411255,0.10659479349851608,16.009218215942383,0.1773427774437661,-0.08574154725658421
409.85198974609375,1.4597151279449463,0.10447084158658981,16.009218215942383,0.1768985975422158,-0.08690021194187474
410.07501220703125,1.4597070217132568,0.10255257040262222,16.009218215942383,0.17486566657362926,-0.0871711678949158
410.2980041503906,1.4597139358520508,0.10061492770910263,16.009218215942383,0.17190069196908256,-0.08615153122698566
410.52099609375,1.4597148895263672,0.09930255264043808,16.009218215942383,0.17083876337652937,-0.08887433859041553
410.7440185546875,1.4597078561782837,0.09778410941362381,16.009218215942383,0.1701917729607425,-0.0901997665298074
410.9670104980469,1.4597060680389404,0.09668189287185669,16.009218215942383,0.16959313653341357,-0.08937604248204238
411.19000244140625,1.4597049951553345,0.09538254886865616,16.009218215942383,0.16797455784632845,-0.09020955618053311
411.4129943847656,1.4597020149230957,0.09443161636590958,16.009218215942383,0.16879154811043157,-0.09057694350580743
411.6360168457031,1.4597039222717285,0.09377840906381607,16.009218215942383,0.16763629100865138,-0.08922806783583612
411.8590087890625,1.4596987962722778,0.09296422451734543,16.009218215942383,0.16733948634233653,-0.09033796195027889
412.0820007324219,1.4596978425979614,0.09289118647575378,16.009218215942383,0.16645452516825587,-0.09094799708643402
412.30499267578125,1.4596973657608032,0.09253719449043274,16.009218215942383,0.1660058089280064,-0.09040303810085352
412.52801513671875,1.4597032070159912,0.09288857877254486,16.009218215942383,0.16554987956912204,-0.08971608649490234
412.7510070800781,1.4597066640853882,0.09273282438516617,16.009218215942383,0.16422264125355535,-0.09021027519661885
412.9739990234375,1.4597057104110718,0.09249211102724075,16.009218215942383,0.1642482987824184,-0.08962335001825897
413.1969909667969,1.4600070714950562,0.09294745326042175,16.009218215942383,0.1650619198809846,-0.0895775027757067
413.4200134277344,1.4596970081329346,0.09127922356128693,16.009218215942383,0.16304542078635925,-0.0914509478200489
413.64300537109375,1.4596909284591675,0.09110035747289658,16.009218215942383,0.16320030812197558,-0.09125877997879273
413.8659973144531,1.4597066640853882,0.09040169417858124,16.009218215942383,0.1639741117520892,-0.09251309968000711
414.0889892578125,1.4597039222717285,0.09044677764177322,16.009218215942383,0.163716415047651,-0.09146139411952267
414.31201171875,1.459702491760254,0.08985915035009384,16.009218215942383,0.16363132269878672,-0.09353189093242917
414.5350036621094,1.4597047567367554,0.089698925614357,16.009218215942383,0.16362257536422353,-0.09254813501537879
414.75799560546875,1.4597042798995972,0.08945373445749283,16.009218215942383,0.16200656364442065,-0.0925651561825741
414.98101806640625,1.4596973657608032,0.08901515603065491,16.009218215942383,0.16359479699096605,-0.09316804088612314
415.2040100097656,1.4596960544586182,0.08911874890327454,16.009218215942383,0.16299862963283776,-0.09218731984507791
415.427001953125,1.4596986770629883,0.08859781920909882,16.009218215942383,0.16397943257679629,-0.09364512424811534
415.6499938964844,1.4597053527832031,0.08893541991710663,16.009218215942383,0.16490581152285202,-0.0923748117524186
415.8730163574219,1.4597022533416748,0.08880946785211563,16.009218215942383,0.16560088457226568,-0.09377769640226716
416.09600830078125,1.459700107574463,0.08910756558179855,16.009218215942383,0.16311543095094594,-0.09218827903653118
416.3190002441406,1.4596965312957764,0.08957073837518692,16.009218215942383,0.16292650440399295,-0.09060882662317864
416.5419921875,1.4597007036209106,0.089853934943676,16.009218215942383,0.16379027582256234,-0.0922874224004085
416.7650146484375,1.4597026109695435,0.09049335867166519,16.009218215942383,0.1628697908947085,-0.09207468487198807
416.9880065917969,1.4597053527832031,0.08998695760965347,16.009218215942383,0.16324048168733615,-0.09180357644865052
417.21099853515625,1.4597030878067017,0.09015166014432907,16.009218215942383,0.16333751506026478,-0.09192960226176458
417.4339904785156,1.4596984386444092,0.08965420722961426,16.009218215942383,0.16205801585798116,-0.09216760306604012
417.6570129394531,1.4597021341323853,0.0896206721663475,16.009218215942383,0.1640196106095333,-0.09129302943311712
417.8800048828125,1.459701418876648,0.08938182145357132,16.009218215942383,0.1633071409633507,-0.09163420437446688
418.1029968261719,1.4596920013427734,0.08884263038635254,16.009218215942383,0.16322014101530122,-0.09202823923973863
418.3260192871094,1.459702491760254,0.08920706063508987,16.009218215942383,0.16431231281541941,-0.09343898820027277
418.54901123046875,1.4596986770629883,0.08872898668050766,16.009218215942383,0.16298347103696595,-0.09208609188801295
418.7720031738281,1.459696650505066,0.08884374797344208,16.009218215942383,0.164028077922832,-0.09208005410743582
418.9949951171875,1.459701657295227,0.08849535137414932,16.009218215942383,0.1639982593232985,-0.09268268910735288
419.218017578125,1.4597008228302002,0.08842827379703522,16.009218215942383,0.16465200451518353,-0.09274154566386318
419.4410095214844,1.4596896171569824,0.08844094723463058,16.009218215942383,0.16307350239738566,-0.09195534718582316
419.66400146484375,1.459694266319275,0.08811900019645691,16.009218215942383,0.165149019874328,-0.0929471441358865
419.8869934082031,1.4596941471099854,0.08857061713933945,16.009218215942383,0.16503436359809484,-0.09266580544332104
420.1100158691406,1.4596912860870361,0.08848118782043457,16.009218215942383,0.1638935160247749,-0.09287323689022735
420.3330078125,1.459696888923645,0.08920072764158249,16.009218215942383,0.16407862079314062,-0.09348613233810707
420.5559997558594,1.459693193435669,0.08964787423610687,16.009218215942383,0.1645434682558609,-0.09259943898913384
420.77899169921875,1.4596939086914062,0.09000298380851746,16.009218215942383,0.16474695440949408,-0.0901219567305926
421.00201416015625,1.4597009420394897,0.09016954898834229,16.009218215942383,0.1637542563321572,-0.09117301378355372
421.2250061035156,1.4596964120864868,0.08975668251514435,16.009218215942383,0.16392565083654592,-0.09198059194318478
421.447998046875,1.4596972465515137,0.08979766815900803,16.009218215942383,0.16368703283799654,-0.09173148569762009
421.6709899902344,1.459686279296875,0.08921302109956741,16.009218215942383,0.16356076827421345,-0.09261614693041431
421.8940124511719,1.459694266319275,0.08933598548173904,16.009218215942383,0.1644624888323607,-0.09181615678674349
422.11700439453125,1.4596889019012451,0.08886647969484329,16.009218215942383,0.16367152436375573,-0.09239246888783612
422.3399963378906,1.4596965312957764,0.08889554440975189,16.009218215942383,0.16365082058485006,-0.09340264809632987
422.5630187988281,1.4597065448760986,0.08880499750375748,16.009218215942383,0.16419177338951355,-0.09159160891554315
422.7860107421875,1.459701657295227,0.08847559988498688,16.009218215942383,0.16395560196687892,-0.09245086005765378
423.0090026855469,1.4596967697143555,0.08860936760902405,16.009218215942383,0.16341126983480694,-0.09351947196835556
423.23199462890625,1.4596915245056152,0.08813092112541199,16.009218215942383,0.1639795439940619,-0.09223146014224125
423.45501708984375,1.459691047668457,0.08840815722942352,16.009218215942383,0.16558147888734606,-0.09379352076120594
423.6780090332031,1.4597008228302002,0.08825165033340454,16.009218215942383,0.16557721390262695,-0.09344137020291039
423.9010009765625,1.459693431854248,0.08847448229789734,16.009218215942383,0.16414439343404558,-0.09274178378435144
424.1239929199219,1.4596948623657227,0.08885418623685837,16.009218215942383,0.16434996263427612,-0.09273401160790061
424.3470153808594,1.4596878290176392,0.08898311108350754,16.009218215942383,0.16449243348493867,-0.09245571479402821
424.57000732421875,1.4596964120864868,0.08992995321750641,16.009218215942383,0.16457440122569153,-0.09176397495713665
424.7929992675781,1.4597067832946777,0.08982859551906586,16.009218215942383,0.1638980710146891,-0.09157454231136894
425.0159912109375,1.4596936702728271,0.09009278565645218,16.009218215942383,0.1650476136094057,-0.09083995566421245
425.239013671875,1.4596920013427734,0.08961210399866104,16.009218215942383,0.16316482237914076,-0.09161757867013808
425.4620056152344,1.4596915245056152,0.08950627595186234,16.009218215942383,0.16423901270790728,-0.0922241006664528
425.68499755859375,1.4596977233886719,0.08937511593103409,16.009218215942383,0.16489258893557782,-0.09190683938298919
425.90802001953125,1.459695816040039,0.08887169510126114,16.009218215942383,0.16414579803760124,-0.0920826241221972
426.1310119628906,1.459702968597412,0.08890710026025772,16.009218215942383,0.16384387485667345,-0.09173826877759567
426.35400390625,1.4596978425979614,0.08831126987934113,16.009218215942383,0.16454652719281276,-0.0924316755542447
426.5769958496094,1.4597002267837524,0.0886630266904831,16.009218215942383,0.16400226336670057,-0.09281207236037951
426.8000183105469,1.4597042798995972,0.08825165033340454,16.009218215942383,0.16364470171940304,-0.09283164535344805
427.02301025390625,1.459701657295227,0.08812607824802399,16.009218215942383,0.1646514785027211,-0.09270204403925103
427.2460021972656,1.4597015380859375,0.08810073882341385,16.009218215942383,0.16409525977090564,-0.09290245012962486
427.468994140625,1.459694504737854,0.08785592764616013,16.009218215942383,0.16453556993428678,-0.09294662746257792
427.6920166015625,1.4596917629241943,0.08807241916656494,16.009218215942383,0.16497957809123012,-0.09438732406521419
427.9150085449219,1.459693193435669,0.08787380903959274,16.009218215942383,0.16518916597635533,-0.09297204642044267
428.13800048828125,1.4596922397613525,0.08846665918827057,16.009218215942383,0.1645183048745008,-0.09284624505337644
428.3609924316406,1.4596980810165405,0.08862911909818649,16.009218215942383,0.16428585824487277,-0.09247060814944161
428.5840148925781,1.459695816040039,0.08925624191761017,16.009218215942383,0.1644870913104195,-0.09171833840882632
428.8070068359375,1.4596980810165405,0.08972873538732529,16.009218215942383,0.16453753301385435,-0.09241436684827758
429.0299987792969,1.4596995115280151,0.08931884914636612,16.009218215942383,0.16369171277824845,-0.09171767258992398
429.25299072265625,1.4597047567367554,0.08940380811691284,16.009218215942383,0.1648944820559581,-0.09253401025865561
429.47601318359375,1.45969557762146,0.08882921934127808,16.009218215942383,0.16437178877164374,-0.09232967789131398
429.6990051269531,1.4596874713897705,0.08888846635818481,16.009218215942383,0.16345702666687048,-0.09252275643079252
429.9219970703125,1.4596902132034302,0.08841709792613983,16.009218215942383,0.16521967867297702,-0.09154553493605212
430.14501953125,1.459685206413269,0.08842678368091583,16.009218215942383,0.1637146475796523,-0.09296058845485004
430.3680114746094,1.4599967002868652,0.08938591927289963,16.009218215942383,0.16548603764469075,-0.09162738202789283
430.59100341796875,1.4596933126449585,0.08790361881256104,16.009218215942383,0.16470862441476278,-0.09369811415632338
430.8139953613281,1.4596985578536987,0.08806534111499786,16.009218215942383,0.16570959551590803,-0.0928333312235411
431.0370178222656,1.4596889019012451,0.08754366636276245,16.009218215942383,0.1646970583861869,-0.09309887989006889
431.260009765625,1.4596924781799316,0.08764874935150146,16.009218215942383,0.1650084664268231,-0.09353610075935945
431.4830017089844,1.4600034952163696,0.08837797492742538,16.009218215942383,0.1653800317729526,-0.09241230919064683
431.70599365234375,1.4596951007843018,0.08734691888093948,16.009218215942383,0.1652855789396324,-0.0936977138705222
431.92901611328125,1.459694743156433,0.0876602977514267,16.009218215942383,0.16599736995520134,-0.093320846939264
432.1520080566406,1.459696650505066,0.08774227648973465,16.009218215942383,0.1651412547570488,-0.09314674574872829
432.375,1.45969557762146,0.08844541758298874,16.009218215942383,0.16498409085353577,-0.09163565450058449
432.5979919433594,1.459680438041687,0.08852851390838623,16.009218215942383,0.1643711201507428,-0.09165890000941786
432.8210144042969,1.459701418876648,0.08912806212902069,16.009218215942383,0.16419689854263886,-0.09229001657320322
433.04400634765625,1.459688425064087,0.08890262991189957,16.009218215942383,0.16458265078922785,-0.0926681504816135
433.2669982910156,1.4596959352493286,0.0886421650648117,16.009218215942383,0.16399752848700644,-0.09229802044635992
433.489990234375,1.4596909284591675,0.08852851390838623,16.009218215942383,0.1645507928054498,-0.09322366829028234
433.7130126953125,1.4596889019012451,0.08807912468910217,16.009218215942383,0.1651216597865145,-0.09200327720840742
433.9360046386719,1.4596985578536987,0.08813613653182983,16.009218215942383,0.16563097130590385,-0.09245378753234278
434.15899658203125,1.4596847295761108,0.0875585749745369,16.009218215942383,0.16512001654406513,-0.09292278619340051
434.38201904296875,1.4596904516220093,0.08780487626791,16.009218215942383,0.1663786769351727,-0.09331544874653828
434.6050109863281,1.459688425064087,0.08736927807331085,16.009218215942383,0.1658114945047978,-0.09301147361885241
434.8280029296875,1.4596856832504272,0.0872962474822998,16.009218215942383,0.16602670674072353,-0.09236771756886915
435.0509948730469,1.4596954584121704,0.08730444312095642,16.009218215942383,0.16644444483027462,-0.09386293142501947
435.2740173339844,1.4599900245666504,0.08784624189138412,16.009218215942383,0.1653044395258727,-0.09322686673968512
435.49700927734375,1.4596924781799316,0.08708012104034424,16.009218215942383,0.165178216153055,-0.09374077177347306
435.7200012207031,1.4596790075302124,0.08677420020103455,16.009218215942383,0.16556967234840556,-0.09366263396439373
435.9429931640625,1.4596903324127197,0.08719153702259064,16.009218215942383,0.1640895016595311,-0.09444381589482526
436.166015625,1.4599971771240234,0.0882803425192833,16.009218215942383,0.16482457986117427,-0.09273073456524375
436.3890075683594,1.459699273109436,0.08787082880735397,16.009218215942383,0.16548720476416254,-0.09350790416783983
436.61199951171875,1.4596896171569824,0.08841933310031891,16.009218215942383,0.1650787535612771,-0.09279887452472131
436.8349914550781,1.4596883058547974,0.08847299218177795,16.009218215942383,0.16485413690430029,-0.09238139517611425
437.0580139160156,1.4596946239471436,0.08869246393442154,16.009218215942383,0.16572118874351502,-0.09370334201353263
437.281005859375,1.4596912860870361,0.08808434754610062,16.009218215942383,0.1648911631683124,-0.09327662232004502
437.5039978027344,1.4596984386444092,0.08814060688018799,16.009218215942383,0.16525983164540337,-0.09328024789552603
437.7270202636719,1.459693193435669,0.08765619993209839,16.009218215942383,0.16582750873558708,-0.09271424201032173
437.95001220703125,1.4596970081329346,0.08750379830598831,16.009218215942383,0.16505427869972517,-0.09364259069065144
438.1730041503906,1.4596940279006958,0.0874900072813034,16.009218215942383,0.16484692690773237,-0.09301950031218675
438.39599609375,1.4599982500076294,0.08800944685935974,16.009218215942383,0.16534701555404474,-0.09229148560502536
438.6190185546875,1.459686040878296,0.08727537840604782,16.009218215942383,0.16555807409832413,-0.09328017089294968
438.8420104980469,1.459689736366272,0.08667657524347305,16.009218215942383,0.16606207436157017,-0.09305378919713271
439.06500244140625,1.4596933126449585,0.0869239941239357,16.009218215942383,0.1643191689214849,-0.09346200613682017
439.2879943847656,1.459686279296875,0.0864444300532341,16.009218215942383,0.16635851798453666,-0.09499017254036653
439.5110168457031,1.4596878290176392,0.0865565836429596,16.009218215942383,0.16636513004408107,-0.09373481099322153
439.7340087890625,1.459688425064087,0.08663260191679001,16.009218215942383,0.16594882726450072,-0.0944308646654392
439.9570007324219,1.4596912860870361,0.08659198880195618,16.009218215942383,0.16635113916579114,-0.0936254034463383
440.17999267578125,1.4596834182739258,0.08731226623058319,16.009218215942383,0.16648729017194458,-0.09408272595733727
440.40301513671875,1.45968496799469,0.087504543364048,16.009218215942383,0.16605087862536197,-0.09174800517040986
440.6260070800781,1.4596878290176392,0.08830977976322174,16.009218215942383,0.16518440744884402,-0.09320291071536224
440.8489990234375,1.4596900939941406,0.088255375623703,16.009218215942383,0.16641717029788133,-0.09228534367354697
441.0719909667969,1.4596887826919556,0.08833958953619003,16.009218215942383,0.16635593663791726,-0.09271937829496553
441.2950134277344,1.459693193435669,0.08819277584552765,16.009218215942383,0.16534049885296787,-0.09297761038616441
441.51800537109375,1.4596924781799316,0.08765396475791931,16.009218215942383,0.16578489709519625,-0.0929018733306079
441.7409973144531,1.459693431854248,0.08779966086149216,16.009218215942383,0.1653831796348363,-0.09227707696470464
441.9640197753906,1.4596883058547974,0.08705589920282364,16.009218215942383,0.16510421966397354,-0.09304042983806789
442.18701171875,1.4596892595291138,0.08731935173273087,16.009218215942383,0.16506333260095188,-0.09355190170019566
442.4100036621094,1.4596911668777466,0.08693740516901016,16.009218215942383,0.16652121870240852,-0.09394934916627505
442.63299560546875,1.4596868753433228,0.08688710629940033,16.009218215942383,0.1656199083499102,-0.09220397591936731
442.85601806640625,1.4596824645996094,0.08677792549133301,16.009218215942383,0.16472407438087236,-0.09379529420608508
443.0790100097656,1.4596952199935913,0.08646827191114426,16.009218215942383,0.16536134760533222,-0.0939796817796345
443.302001953125,1.4596986770629883,0.08658304810523987,16.009218215942383,0.16641570933431252,-0.09375186156484064
443.5249938964844,1.4596912860870361,0.08607441186904907,16.009218215942383,0.16546572571527737,-0.09290689710170678
443.7480163574219,1.4596892595291138,0.08640343695878983,16.009218215942383,0.16627717629473002,-0.0938791458105114
443.97100830078125,1.459687352180481,0.08646789938211441,16.009218215942383,0.16508115938675402,-0.09408661924231473
444.1940002441406,1.4596889019012451,0.0868464857339859,16.009218215942383,0.16575428196224815,-0.09356077140909219
444.4169921875,1.4596960544586182,0.08736853301525116,16.009218215942383,0.16542655556748653,-0.09323215591462462
444.6400146484375,1.4596943855285645,0.08771656453609467,16.009218215942383,0.1656735986034291,-0.09325864830827035
444.8630065917969,1.4596890211105347,0.08823153376579285,16.009218215942383,0.16600550187895244,-0.09303103381595731
445.08599853515625,1.4596953392028809,0.08775307983160019,16.009218215942383,0.16541466547382422,-0.09164177033612778
445.30902099609375,1.4596866369247437,0.08769867569208145,16.009218215942383,0.16457848962699495,-0.09260769130587647
445.5320129394531,1.4596868753433228,0.08726494759321213,16.009218215942383,0.1640953289096564,-0.09293142296667221
445.7550048828125,1.4596881866455078,0.08695007860660553,16.009218215942383,0.16642199480280728,-0.09312414470008853
445.9779968261719,1.459689974784851,0.08695156872272491,16.009218215942383,0.16540637671960248,-0.09333367777012029
446.2010192871094,1.4596799612045288,0.08661285042762756,16.009218215942383,0.16560815101275575,-0.09353460257320696
446.42401123046875,1.4596987962722778,0.0867883637547493,16.009218215942383,0.16492053919305302,-0.09415605678584088
446.6470031738281,1.459688663482666,0.08618731796741486,16.009218215942383,0.1655882486560607,-0.09451357816813254
446.8699951171875,1.4596880674362183,0.08635649085044861,16.009218215942383,0.16619240805283933,-0.09442796387331145
447.093017578125,1.459688663482666,0.0860908105969429,16.009218215942383,0.1648770944028839,-0.09411363673601854
447.3160095214844,1.4596904516220093,0.0861828476190567,16.009218215942383,0.1651576596270409,-0.09365216524833318
447.53900146484375,1.4596871137619019,0.08616309612989426,16.009218215942383,0.16574640994159076,-0.09385076391037228
447.7619934082031,1.4596871137619019,0.08597081899642944,16.009218215942383,0.1652457317893312,-0.09370045323115157
447.9850158691406,1.4596890211105347,0.08647572994232178,16.009218215942383,0.16570900070812114,-0.09395899313023359
448.2080078125,1.4596933126449585,0.08645635098218918,16.009218215942383,0.16591303990680994,-0.09323046839490874
448.4309997558594,1.4596824645996094,0.08721836656332016,16.009218215942383,0.16594124991058434,-0.09434748401407453
448.65399169921875,1.4596890211105347,0.08758316934108734,16.009218215942383,0.16504833947137598,-0.09375620332058268
448.87701416015625,1.4596874713897705,0.08767296373844147,16.009218215942383,0.16521488776787263,-0.093556965373699
449.1000061035156,1.4596889019012451,0.0876699909567833,16.009218215942383,0.1662936886377648,-0.09268694447503585
449.322998046875,1.4596874713897705,0.08712036907672882,16.009218215942383,0.1665044563371554,-0.09356089281821639
449.5460205078125,1.4596868753433228,0.0872381180524826,16.009218215942383,0.1657143977271398,-0.09420109618402961
449.7690124511719,1.459691047668457,0.08650777488946915,16.009218215942383,0.16664088037014363,-0.09342263657741108
449.99200439453125,1.4596906900405884,0.08661285042762756,16.009218215942383,0.165983941442533,-0.09425891423611357
405.39300537109375,1.461177110671997,0.3096541464328766,10.790742874145508,0.429663387326506,-0.11899924294404171
405.61700439453125,1.459710955619812,0.2616531550884247,10.790742874145508,0.3155628437254651,-0.10463887492423178
405.84100341796875,1.4596953392028809,0.23352231085300446,10.790742874145508,0.3131545694085561,-0.05732846459533275
406.06500244140625,1.4597108364105225,0.211499884724617,10.790742874145508,0.31057529523641125,-0.07727620085887488
406.28900146484375,1.4597092866897583,0.19426754117012024,10.790742874145508,0.27057018261818866,-0.0734226728516304
406.51300048828125,1.459715723991394,0.18007653951644897,10.790742874145508,0.2662562818023844,-0.05849453983002199
406.73699951171875,1.4597134590148926,0.1682259887456894,10.790742874145508,0.26035145892007155,-0.06712468609040918
406.96099853515625,1.459706425666809,0.15900392830371857,10.790742874145508,0.2440466227265737,-0.07002881774216775
407.18499755859375,1.459699273109436,0.1510402113199234,10.790742874145508,0.23985435070510508,-0.06474094333717031
407.40899658203125,1.459713339805603,0.14444366097450256,10.790742874145508,0.23940092889606335,-0.07212290891885766
407.63299560546875,1.4597035646438599,0.13881145417690277,10.790742874145508,0.22918604528835138,-0.07106380427561369
407.85699462890625,1.459707260131836,0.13348665833473206,10.790742874145508,0.2267276289807475,-0.07074255737014067
408.08099365234375,1.459703803062439,0.12836197018623352,10.790742874145508,0.22613088770695658,-0.07535251421167316
408.30499267578125,1.4597105979919434,0.12395457923412323,10.790742874145508,0.21813669341573186,-0.07918558412474122
408.52899169921875,1.4597069025039673,0.11983262002468109,10.790742874145508,0.2191960471437745,-0.07755728509065687
408.75299072265625,1.4597046375274658,0.11641640216112137,10.790742874145508,0.21790597877399365,-0.0809165532157614
408.97698974609375,1.4597135782241821,0.11373575031757355,10.790742874145508,0.21392249579088493,-0.08238084561498497
409.2010192871094,1.4597028493881226,0.11159130185842514,10.790742874145508,0.2137758981003772,-0.08350366685930241
409.4250183105469,1.4597065448760986,0.10942114144563675,10.790742874145508,0.21150379024155333,-0.08502467086734869
409.6490173339844,1.459690809249878,0.10752187669277191,10.790742874145508,0.20697322867525403,-0.0860067213184763
409.8730163574219,1.4596914052963257,0.10532265901565552,10.790742874145508,0.20621945845834314,-0.08574387750769434
410.0970153808594,1.459692358970642,0.10304778814315796,10.790742874145508,0.20468047535923448,-0.08805402523078508
410.3210144042969,1.4596987962722778,0.1013922244310379,10.790742874145508,0.20394547287147094,-0.08875464159770959
410.5450134277344,1.459694504737854,0.09987452626228333,10.790742874145508,0.20437226386374566,-0.09191877860604321
410.7690124511719,1.459701418876648,0.09837024658918381,10.790742874145508,0.2039727356354448,-0.09163739969649289
410.9930114746094,1.4596920013427734,0.09735894948244095,10.790742874145508,0.20214815172265016,-0.09199496051127451
411.2170104980469,1.4596925973892212,0.09627088904380798,10.790742874145508,0.20095288345633439,-0.09223929687453625
411.4410095214844,1.4596970081329346,0.09494583308696747,10.790742874145508,0.20107098360039205,-0.09475722987714884
411.6650085449219,1.4596991539001465,0.0942154973745346,10.790742874145508,0.19989237877174387,-0.09588576332716595
411.8890075683594,1.4596880674362183,0.09345795214176178,10.790742874145508,0.19923267694977903,-0.09588769570050083
412.1130065917969,1.4596916437149048,0.09264041483402252,10.790742874145508,0.1988066207676007,-0.09646916580298073
412.3370056152344,1.4596978425979614,0.092318095266819,10.790742874145508,0.1997371401545906,-0.09609533428630797
412.5610046386719,1.4596933126449585,0.09203863143920898,10.790742874145508,0.20013595330744124,-0.09735036329859975
412.7850036621094,1.4596903324127197,0.09169432520866394,10.790742874145508,0.1987576419722451,-0.09743335006395785
413.0090026855469,1.459687352180481,0.09184002131223679,10.790742874145508,0.1985627613500206,-0.09730150314554024
413.2330017089844,1.4596883058547974,0.09215526282787323,10.790742874145508,0.1974234369403512,-0.09675724008045751
413.4570007324219,1.459689974784851,0.09211911261081696,10.790742874145508,0.19808190801722814,-0.09621361996952928
413.6809997558594,1.4597026109695435,0.09218656271696091,10.790742874145508,0.19775931925154938,-0.09818533267359678
413.9049987792969,1.4596935510635376,0.09178263694047928,10.790742874145508,0.197399352908777,-0.0964142118076337
414.1289978027344,1.4596829414367676,0.09108508378267288,10.790742874145508,0.19686165943461686,-0.09866667495517134
414.3529968261719,1.4596951007843018,0.09095243364572525,10.790742874145508,0.19736332932679246,-0.09862844545487881
414.5769958496094,1.459693193435669,0.09074637293815613,10.790742874145508,0.1967520420955465,-0.0976794345906492
414.8009948730469,1.4596974849700928,0.09014085680246353,10.790742874145508,0.19822027944988524,-0.0975531611011895
415.0249938964844,1.4596941471099854,0.09005925059318542,10.790742874145508,0.1973794033517242,-0.10005628536034848
415.2489929199219,1.4596946239471436,0.08995454758405685,10.790742874145508,0.1969992983790017,-0.09800231545284288
415.4729919433594,1.4596905708312988,0.08946864306926727,10.790742874145508,0.19822068039651036,-0.09949290459412861
415.6969909667969,1.459686279296875,0.08937884122133255,10.790742874145508,0.1987876597278107,-0.09867369504788472
415.9209899902344,1.4596843719482422,0.08939187973737717,10.790742874145508,0.1986462306837719,-0.1002914331893197
416.14501953125,1.4599995613098145,0.08996088057756424,10.790742874145508,0.19723885902955537,-0.09824814825843138
416.3690185546875,1.4596816301345825,0.08880313485860825,10.790742874145508,0.1986044566371297,-0.0981108249556491
416.593017578125,1.4596954584121704,0.0891418531537056,10.790742874145508,0.19887100466175378,-0.1000087521652956
416.8170166015625,1.4596844911575317,0.08910086005926132,10.790742874145508,0.19681511990068487,-0.10142776845946234
417.041015625,1.4596912860870361,0.08957371860742569,10.790742874145508,0.1976374902150803,-0.0989025809573236
417.2650146484375,1.459685206413269,0.09021501243114471,10.790742874145508,0.1977111443921726,-0.09981749813743165
417.489013671875,1.4596871137619019,0.09026233106851578,10.790742874145508,0.19856633750357844,-0.09816851785014374
417.7130126953125,1.4599934816360474,0.09135039150714874,10.790742874145508,0.19610372826709158,-0.097022066285827
417.93701171875,1.459682822227478,0.09020233899354935,10.790742874145508,0.19784321791285125,-0.09829572311230923
418.1610107421875,1.4596799612045288,0.08984648436307907,10.790742874145508,0.19755994410505787,-0.09938827675026062
418.385009765625,1.4596902132034302,0.08988933265209198,10.790742874145508,0.19504325377604925,-0.0989699256476847
418.6090087890625,1.4596936702728271,0.08961471170186996,10.790742874145508,0.19761939519045707,-0.09805939178871227
418.8330078125,1.4596898555755615,0.08931326121091843,10.790742874145508,0.1975048784140144,-0.09775792230086092
419.0570068359375,1.4596866369247437,0.0893639326095581,10.790742874145508,0.1976268944313694,-0.10003679492741324
419.281005859375,1.4596914052963257,0.08933151513338089,10.790742874145508,0.19839788798152494,-0.09887061986835471
419.5050048828125,1.4596883058547974,0.08902298659086227,10.790742874145508,0.19939639087376093,-0.09922740037533638
419.72900390625,1.4596889019012451,0.08893579244613647,10.790742874145508,0.19790701359839244,-0.09995000537228553
419.9530029296875,1.4596904516220093,0.08903901278972626,10.790742874145508,0.1987903293013931,-0.10138861848194383
420.177001953125,1.459686279296875,0.08869731426239014,10.790742874145508,0.2005310973480699,-0.09888149051390435
420.4010009765625,1.4596818685531616,0.08872339129447937,10.790742874145508,0.19911471535595585,-0.10172341795978142
420.625,1.4596906900405884,0.08902261406183243,10.790742874145508,0.19904672318401972,-0.10122668428790624
420.8489990234375,1.4596980810165405,0.08907030522823334,10.790742874145508,0.199652652115192,-0.10028043417055595
421.072998046875,1.4596999883651733,0.08933412283658981,10.790742874145508,0.2001025515996491,-0.10030738981830176
421.2969970703125,1.4596812725067139,0.08993665874004364,10.790742874145508,0.1994764410789818,-0.0989346683316177
421.52099609375,1.4596822261810303,0.0901002362370491,10.790742874145508,0.1980475738042918,-0.09825608567969756
421.7449951171875,1.459688663482666,0.08997764438390732,10.790742874145508,0.1994448329889692,-0.09858512704037607
421.968994140625,1.459683895111084,0.08986064046621323,10.790742874145508,0.19877193807151367,-0.09902596865588595
422.1929931640625,1.459680438041687,0.08960912376642227,10.790742874145508,0.1977848010306683,-0.09913519287073935
422.4169921875,1.4596952199935913,0.08937884122133255,10.790742874145508,0.1998872109587501,-0.0994220975535357
422.6409912109375,1.4596903324127197,0.08936654776334763,10.790742874145508,0.1986265330201327,-0.10004304749463569
422.864990234375,1.4596803188323975,0.08911092579364777,10.790742874145508,0.1970976224059362,-0.09729584546956768
423.0890197753906,1.4596796035766602,0.08900882303714752,10.790742874145508,0.19898337434234653,-0.09953907247003167
423.3130187988281,1.4596831798553467,0.08926071971654892,10.790742874145508,0.20068928369480185,-0.09956091685058703
423.5370178222656,1.4596827030181885,0.08886461704969406,10.790742874145508,0.19902529394327356,-0.09947332354452809
423.7610168457031,1.4596904516220093,0.08864067494869232,10.790742874145508,0.19974895928096092,-0.0993999852440618
423.9850158691406,1.4596922397613525,0.08875954151153564,10.790742874145508,0.19925884035419117,-0.10029348757688877
424.2090148925781,1.4596880674362183,0.08853670954704285,10.790742874145508,0.19786937255970632,-0.09942597768214856
424.4330139160156,1.4596813917160034,0.08840107172727585,10.790742874145508,0.1999494488393634,-0.0990416670685793
424.6570129394531,1.4596842527389526,0.08868277817964554,10.790742874145508,0.19992715560570629,-0.10124038146523175
424.8810119628906,1.4596877098083496,0.08884375542402267,10.790742874145508,0.1991188661331275,-0.09964946998948498
425.1050109863281,1.4596986770629883,0.08905726671218872,10.790742874145508,0.2007683460142977,-0.09881437469078172
425.3290100097656,1.4596861600875854,0.08988597989082336,10.790742874145508,0.20074790746021517,-0.09819731019555593
425.5530090332031,1.4596911668777466,0.09000000357627869,10.790742874145508,0.19818577647084593,-0.09812782932536383
425.7770080566406,1.4596920013427734,0.08972538262605667,10.790742874145508,0.19848744887141984,-0.09825012217838136
426.0010070800781,1.459689736366272,0.08954242616891861,10.790742874145508,0.19911682692328408,-0.1002464038489382
426.2250061035156,1.4596799612045288,0.08933859318494797,10.790742874145508,0.1993781515098835,-0.09827379924940614
426.4490051269531,1.4596965312957764,0.08910869061946869,10.790742874145508,0.19993023889241246,-0.09925725110401533
426.6730041503906,1.4596854448318481,0.08921898901462555,10.790742874145508,0.19975691414687113,-0.09853449107331856
426.8970031738281,1.459688663482666,0.08914408832788467,10.790742874145508,0.1981273055889315,-0.0977267232171637
427.1210021972656,1.4596877098083496,0.08874277025461197,10.790742874145508,0.1997196640127644,-0.09980480956308238
427.3450012207031,1.459689974784851,0.08879866451025009,10.790742874145508,0.19905478472123045,-0.09927848526736432
427.5690002441406,1.4596877098083496,0.0886041596531868,10.790742874145508,0.20012593479424204,-0.10021229508436749
427.7929992675781,1.4596835374832153,0.08818122744560242,10.790742874145508,0.2013107788940955,-0.1002873162447052
428.0169982910156,1.459682583808899,0.08830195665359497,10.790742874145508,0.20007874471302234,-0.10109231847868072
428.2409973144531,1.4596872329711914,0.0883708968758583,10.790742874145508,0.20121238066390643,-0.09908059964466352
428.4649963378906,1.4596959352493286,0.08816594630479813,10.790742874145508,0.20025222205105003,-0.09964781512347924
428.6889953613281,1.4596871137619019,0.08856651932001114,10.790742874145508,0.20001671257865794,-0.10024367046961877
428.9129943847656,1.459685206413269,0.08887691795825958,10.790742874145508,0.20019505732266,-0.09978365934670673
429.1369934082031,1.4596878290176392,0.08915526419878006,10.790742874145508,0.20045416067391406,-0.09945788201159932
429.3609924316406,1.4596891403198242,0.0897909626364708,10.790742874145508,0.19876935094714995,-0.09892130317611504
429.5849914550781,1.4596784114837646,0.09001193195581436,10.790742874145508,0.19869521002245746,-0.09819574245844583
429.8089904785156,1.459675669670105,0.0895342230796814,10.790742874145508,0.19915371512503618,-0.09879850795569099
430.03302001953125,1.4596836566925049,0.0894995704293251,10.790742874145508,0.1995448425256794,-0.09845419434491673
430.25701904296875,1.459690809249878,0.08933039754629135,10.790742874145508,0.19985501064672712,-0.09846626424622806
430.48101806640625,1.4596861600875854,0.08895702660083771,10.790742874145508,0.19784388878063586,-0.09943899160429363
430.70501708984375,1.4596872329711914,0.08915451914072037,10.790742874145508,0.19880832297632028,-0.09792451632120407
430.92901611328125,1.4596794843673706,0.08915936946868896,10.790742874145508,0.19896269358465116,-0.1011210593232833
431.15301513671875,1.4596821069717407,0.08868240565061569,10.790742874145508,0.20017441009856968,-0.10106108559610094
431.37701416015625,1.459682822227478,0.08866303414106369,10.790742874145508,0.19747787009626486,-0.09942989377155759
431.60101318359375,1.4596830606460571,0.08858515322208405,10.790742874145508,0.19865824766998458,-0.10022484949064131
431.82501220703125,1.4596889019012451,0.08821886032819748,10.790742874145508,0.19860618182042902,-0.09939541247567511
432.04901123046875,1.4596760272979736,0.08823749423027039,10.790742874145508,0.1997493787667236,-0.09948075424832536
432.27301025390625,1.459683895111084,0.08818794041872025,10.790742874145508,0.20026824759577336,-0.10016978662529531
432.49700927734375,1.4596843719482422,0.08798522502183914,10.790742874145508,0.2000724779710771,-0.1010792199636596
432.72100830078125,1.459686040878296,0.08833102136850357,10.790742874145508,0.2011363505116895,-0.1000047685097573
432.94500732421875,1.4596748352050781,0.0888553038239479,10.790742874145508,0.1989061742660645,-0.10097161573836555
433.16900634765625,1.4596848487854004,0.08883927762508392,10.790742874145508,0.20062920030903783,-0.10179951292283518
433.39300537109375,1.4596821069717407,0.08951149135828018,10.790742874145508,0.19942813834230969,-0.0986379476427966
433.61700439453125,1.4596827030181885,0.08976823091506958,10.790742874145508,0.19990639870341168,-0.09816170494317716
433.84100341796875,1.459686279296875,0.08920855075120926,10.790742874145508,0.20046816958421887,-0.09984124486881966
434.06500244140625,1.459680199623108,0.08916346728801727,10.790742874145508,0.19916644788463833,-0.0991958017704598
434.28900146484375,1.4596796035766602,0.08900211751461029,10.790742874145508,0.19932634320040313,-0.09961957171853698
434.51300048828125,1.4596843719482422,0.08873941749334335,10.790742874145508,0.19867264590508027,-0.09893343471047954
434.73699951171875,1.4596813917160034,0.0887681096792221,10.790742874145508,0.19753785474782934,-0.1006332900617512
434.96099853515625,1.4596749544143677,0.08865073323249817,10.790742874145508,0.1987230323212766,-0.09952449382687571
435.18499755859375,1.4596731662750244,0.0882173702120781,10.790742874145508,0.20018643128628785,-0.10133940000987487
435.40899658203125,1.4600002765655518,0.08922643959522247,10.790742874145508,0.19929059969747875,-0.09963654567712935
435.63299560546875,1.4596959352493286,0.08819427341222763,10.790742874145508,0.2007374320860509,-0.10160483293755586
435.85699462890625,1.4596819877624512,0.08782276511192322,10.790742874145508,0.2008390446190885,-0.10051135495739912
436.08099365234375,1.4596878290176392,0.08772289752960205,10.790742874145508,0.19980042528624167,-0.10027711904353387
436.30499267578125,1.459693193435669,0.08778587728738785,10.790742874145508,0.19974203716883293,-0.10064052862855134
436.52899169921875,1.4599932432174683,0.08856093138456345,10.790742874145508,0.1995929689926381,-0.10066389094411013
436.75299072265625,1.4596867561340332,0.08782462775707245,10.790742874145508,0.19965916236442416,-0.10043640131273071
436.9770202636719,1.4596867561340332,0.08830643445253372,10.790742874145508,0.19916620539712385,-0.10055899050747946
437.2010192871094,1.4596831798553467,0.08850652724504471,10.790742874145508,0.20038809680990036,-0.09868842015129439
437.4250183105469,1.4596806764602661,0.08900696039199829,10.790742874145508,0.1979715017498849,-0.09864069939869072
437.6490173339844,1.4596889019012451,0.0892186164855957,10.790742874145508,0.19858237295332173,-0.09947640572762352
437.8730163574219,1.4596916437149048,0.08882549405097961,10.790742874145508,0.19846117908387528,-0.09977841255885922
438.0970153808594,1.459680438041687,0.08858180046081543,10.790742874145508,0.19894678265432447,-0.10187610783627314
438.3210144042969,1.459685206413269,0.08847783505916595,10.790742874145508,0.1976006797595702,-0.09881941960638513
438.5450134277344,1.4596831798553467,0.08827773481607437,10.790742874145508,0.19810586819929762,-0.10038557462429899
438.7690124511719,1.459697961807251,0.08815961331129074,10.790742874145508,0.20004974613925844,-0.09908966227368955
438.9930114746094,1.4596880674362183,0.08810409903526306,10.790742874145508,0.2002998999551676,-0.1002232338600757
439.2170104980469,1.4596903324127197,0.08774339407682419,10.790742874145508,0.2001044274448324,-0.09979561209106151
439.4410095214844,1.459685206413269,0.08766402304172516,10.790742874145508,0.1991504896456961,-0.100406893826104
439.6650085449219,1.4596868753433228,0.08765582740306854,10.790742874145508,0.20032406021405122,-0.10077513517092138
439.8890075683594,1.4596810340881348,0.08736667037010193,10.790742874145508,0.20091878666532173,-0.10090378416371724
440.1130065917969,1.4596834182739258,0.08720234781503677,10.790742874145508,0.19904017402683685,-0.1017587865696162
440.3370056152344,1.4596832990646362,0.08729960024356842,10.790742874145508,0.19968201116220452,-0.10150428901669539
440.5610046386719,1.4596819877624512,0.08712483942508698,10.790742874145508,0.20030975998660036,-0.10106158702296449
440.7850036621094,1.4596902132034302,0.08736033737659454,10.790742874145508,0.1994118646797856,-0.09998479598095836
441.0090026855469,1.459690809249878,0.08805416524410248,10.790742874145508,0.19902827333199757,-0.09998879734462207
441.2330017089844,1.4596906900405884,0.08827698975801468,10.790742874145508,0.19887999153415772,-0.09965945283946442
441.4570007324219,1.4596894979476929,0.0885501280426979,10.790742874145508,0.20032526888330762,-0.09898982349224499
441.6809997558594,1.4596915245056152,0.08878711611032486,10.790742874145508,0.19913849994644375,-0.09951374979116867
441.9049987792969,1.4596834182739258,0.08828295767307281,10.790742874145508,0.20079767722733793,-0.10157805068689758
442.1289978027344,1.4596893787384033,0.0879889503121376,10.790742874145508,0.20074098503024806,-0.10051613377873626
442.3529968261719,1.459692120552063,0.08817712962627411,10.790742874145508,0.19941894197828783,-0.09987993292977874
442.5769958496094,1.459675908088684,0.0879308208823204,10.790742874145508,0.19923837304064138,-0.10006795043797485
442.8009948730469,1.4596856832504272,0.08763458579778671,10.790742874145508,0.19892630200262484,-0.1012888466906
443.0249938964844,1.459686040878296,0.0877079963684082,10.790742874145508,0.1994944818446234,-0.10066554855076358
443.2489929199219,1.4596840143203735,0.08741623163223267,10.790742874145508,0.20012372202490844,-0.10032913692224087
443.4729919433594,1.4596784114837646,0.08713787794113159,10.790742874145508,0.20081821658410015,-0.10153329163393829
443.6969909667969,1.4596816301345825,0.08715949952602386,10.790742874145508,0.20069006150300656,-0.10153387191816883
443.9210205078125,1.4596816301345825,0.08689604699611664,10.790742874145508,0.20025548068739682,-0.1024784590697686
444.14501953125,1.459682583808899,0.08671271800994873,10.790742874145508,0.20136118101341022,-0.10107752544168477
444.3690185546875,1.4596889019012451,0.08673842996358871,10.790742874145508,0.20005806076765859,-0.10202762380626638
444.593017578125,1.4596830606460571,0.08689418435096741,10.790742874145508,0.2011043722469778,-0.10224556979970319
444.8170166015625,1.4596867561340332,0.08702460676431656,10.790742874145508,0.20099508526327053,-0.10000127066376574
445.041015625,1.4596904516220093,0.08754255622625351,10.790742874145508,0.20116696279518628,-0.10185236990303183
445.2650146484375,1.4596896171569824,0.08804000169038773,10.790742874145508,0.20069386908832362,-0.1002752296247047
445.489013671875,1.4596842527389526,0.0881924033164978,10.790742874145508,0.20035804600260454,-0.09969421667966663
445.7130126953125,1.4596787691116333,0.08828668296337128,10.790742874145508,0.2000674292870853,-0.10042728559004008
445.93701171875,1.459685206413269,0.08797404915094376,10.790742874145508,0.1996320177243664,-0.10129461850332497
446.1610107421875,1.4596824645996094,0.087519071996212,10.790742874145508,0.20009442460290341,-0.10046537781585681
446.385009765625,1.4596890211105347,0.08771470934152603,10.790742874145508,0.2004855804695529,-0.1014607167005223
446.6090087890625,1.4596771001815796,0.0874810665845871,10.790742874145508,0.19951681512620778,-0.10080401509051841
446.8330078125,1.4596917629241943,0.08725152909755707,10.790742874145508,0.19937923424417295,-0.10083294897269171
447.0570068359375,1.4596854448318481,0.08731674402952194,10.790742874145508,0.19913141864269537,-0.10112341410635288
447.281005859375,1.459680438041687,0.08718892931938171,10.790742874145508,0.20094009664122464,-0.10096896404758493
447.5050048828125,1.4596936702728271,0.08680140227079391,10.790742874145508,0.20038388295512347,-0.10183044185675495
447.72900390625,1.459688425064087,0.08687406778335571,10.790742874145508,0.20067619634296102,-0.10371813649037308
447.9530029296875,1.4596844911575317,0.08671420812606812,10.790742874145508,0.20069469019748132,-0.10066023445909526
448.177001953125,1.4596863985061646,0.0863378569483757,10.790742874145508,0.20085813740672123,-0.1015826252289383
448.4010009765625,1.4596879482269287,0.08666017651557922,10.790742874145508,0.20025964203362961,-0.10126292035890234
448.625,1.4596959352493286,0.08682301640510559,10.790742874145508,0.2006721421991688,-0.10211825663970911
448.8489990234375,1.459680438041687,0.08673731237649918,10.790742874145508,0.19940456412864196,-0.10183657705611159
449.072998046875,1.4596821069717407,0.08740542829036713,10.790742874145508,0.2002116991202498,-0.10106609721620387
449.2969970703125,1.4596827030181885,0.08800572156906128,10.790742874145508,0.2002946063803762,-0.1004560425785062
449.52099609375,1.459680199623108,0.08802733570337296,10.790742874145508,0.19962920017983685,-0.0989249319093832
449.7449951171875,1.4596867561340332,0.08805118501186371,10.790742874145508,0.20100645552505333,-0.10093605815457987
449.968994140625,1.4596874713897705,0.08776314556598663,10.790742874145508,0.20007072409643578,-0.10009946666234702
450.1929931640625,1.4596800804138184,0.08731487393379211,10.790742874145508,0.20112530534894973,-0.10149549124984579
405.4859924316406,1.461206316947937,0.2974235415458679,7.260683536529541,0.4622552324456296,-0.09796952105720723
405.8030090332031,1.4597502946853638,0.2426873743534088,7.260683536529541,0.31582528895997736,-0.09576452114031798
406.1199951171875,1.45974862575531,0.2106674462556839,7.260683536529541,0.284665005026784,-0.046282694633918625
406.43701171875,1.45974862575531,0.18696561455726624,7.260683536529541,0.293767138374756,-0.04206776855419601
406.7539978027344,1.4597543478012085,0.16942210495471954,7.260683536529541,0.2805680057860965,-0.058818387744306436
407.0710144042969,1.4597502946853638,0.1563568115234375,7.260683536529541,0.2564346942335616,-0.06352366995739407
407.38800048828125,1.4597519636154175,0.14627286791801453,7.260683536529541,0.24893458880600028,-0.055245276627531315
407.70501708984375,1.4597468376159668,0.13789144158363342,7.260683536529541,0.2552707691541978,-0.057299098777582276
408.0220031738281,1.459754228591919,0.13052766025066376,7.260683536529541,0.25021941574050655,-0.06481992427295763
408.3389892578125,1.4597465991973877,0.1244565024971962,7.260683536529541,0.24213705857015272,-0.06867739872907304
408.656005859375,1.4597525596618652,0.11934634298086166,7.260683536529541,0.24016341635190128,-0.06748688615054259
408.9729919433594,1.4597514867782593,0.11518339067697525,7.260683536529541,0.2398902234230844,-0.06804929725128848
409.2900085449219,1.459739327430725,0.11142809689044952,7.260683536529541,0.23886547895125634,-0.07731675764390775
409.60699462890625,1.459744930267334,0.10780321061611176,7.260683536529541,0.23553121704808688,-0.07719322953937628
409.92401123046875,1.4597420692443848,0.10458113253116608,7.260683536529541,0.2334273124713589,-0.07685210362692399
410.2409973144531,1.4597485065460205,0.10171826928853989,7.260683536529541,0.23597216788037217,-0.07954407351250928
410.5580139160156,1.4597551822662354,0.09954401105642319,7.260683536529541,0.23463611679823146,-0.08264972780192974
410.875,1.4597479104995728,0.09769468009471893,7.260683536529541,0.23254067590220656,-0.08612696686996378
411.1920166015625,1.4597423076629639,0.09602830559015274,7.260683536529541,0.23333572067667877,-0.08622012914805517
411.5090026855469,1.4597432613372803,0.09435448050498962,7.260683536529541,0.23341508764079238,-0.08938903238456601
411.8260192871094,1.4597448110580444,0.09338267892599106,7.260683536529541,0.23436333072235077,-0.09041420764404974
412.14300537109375,1.459738850593567,0.09273543208837509,7.260683536529541,0.23146171499478146,-0.08972210159682557
412.4599914550781,1.4597479104995728,0.09246639907360077,7.260683536529541,0.23226634902166904,-0.09123058806498999
412.7770080566406,1.4597445726394653,0.0924052894115448,7.260683536529541,0.2338864655997225,-0.09117438804701929
413.093994140625,1.459734559059143,0.09254427999258041,7.260683536529541,0.23166077252518444,-0.09118459933737083
413.4110107421875,1.459737777709961,0.09216867387294769,7.260683536529541,0.23036380894578468,-0.09140717229518956
413.7279968261719,1.4597363471984863,0.0915188193321228,7.260683536529541,0.23278325061214852,-0.09165810300698486
414.0450134277344,1.4597398042678833,0.09098856896162033,7.260683536529541,0.23258155227791508,-0.09131493703585672
414.36199951171875,1.4597392082214355,0.09035027027130127,7.260683536529541,0.2334496933690625,-0.09213461165084189
414.67901611328125,1.4597426652908325,0.09003465622663498,7.260683536529541,0.23264902935822937,-0.09394675197877939
414.9960021972656,1.4597351551055908,0.08981741964817047,7.260683536529541,0.2341607506467309,-0.09342034201374297
415.3130187988281,1.4597434997558594,0.08942989259958267,7.260683536529541,0.2351590869664135,-0.09605115746993215
415.6300048828125,1.459741234779358,0.08917352557182312,7.260683536529541,0.23520864065929545,-0.09604656656299662
415.9469909667969,1.4600473642349243,0.09012893587350845,7.260683536529541,0.23230212896602193,-0.09428832019795384
416.2640075683594,1.459750771522522,0.08926556259393692,7.260683536529541,0.2343785723650935,-0.09724467036767384
416.58099365234375,1.4597439765930176,0.08959011733531952,7.260683536529541,0.23243891660524146,-0.09379030442628673
416.89801025390625,1.4597426652908325,0.09034430980682373,7.260683536529541,0.23140346664204117,-0.09370643753429776
417.2149963378906,1.4597383737564087,0.09080934524536133,7.260683536529541,0.2308189293428192,-0.09148232150583745
417.5320129394531,1.4597374200820923,0.09046876430511475,7.260683536529541,0.23146731696139033,-0.09372909790110387
417.8489990234375,1.4597320556640625,0.09003651887178421,7.260683536529541,0.23338203258557838,-0.09252187869355562
418.166015625,1.4597442150115967,0.08968587964773178,7.260683536529541,0.23328980732502438,-0.09449707962922888
418.4830017089844,1.4597383737564087,0.08962813019752502,7.260683536529541,0.23227797286590196,-0.09473516982826313
418.8000183105469,1.4597408771514893,0.08932071179151535,7.260683536529541,0.23366352203725207,-0.09395043605991495
419.11700439453125,1.45973539352417,0.0890587568283081,7.260683536529541,0.23415172193234574,-0.09488973647393685
419.4339904785156,1.4597351551055908,0.08877183496952057,7.260683536529541,0.23393456752562178,-0.09459222573868882
419.7510070800781,1.4597413539886475,0.08877332508563995,7.260683536529541,0.23459085180053982,-0.09588134275482295
420.0679931640625,1.4597396850585938,0.08887803554534912,7.260683536529541,0.23369455862305036,-0.09525382905838987
420.385009765625,1.4597502946853638,0.0888843685388565,7.260683536529541,0.2354552641428606,-0.09501303011209408
420.7019958496094,1.4597419500350952,0.08941982686519623,7.260683536529541,0.23500559678962574,-0.09345862487054206
421.0190124511719,1.4597415924072266,0.0903182253241539,7.260683536529541,0.23361388628321514,-0.09129565108721203
421.33599853515625,1.4597375392913818,0.09035958349704742,7.260683536529541,0.2319216632815993,-0.09236334759781428
421.65301513671875,1.4597340822219849,0.0898006483912468,7.260683536529541,0.23418024882726404,-0.09192437295046504
421.9700012207031,1.4597443342208862,0.08953012526035309,7.260683536529541,0.23393748557754193,-0.09347712389068698
422.2870178222656,1.4597429037094116,0.08929425477981567,7.260683536529541,0.23398705714935936,-0.09569142012273125
422.60400390625,1.4597417116165161,0.08909191936254501,7.260683536529541,0.23475751732802122,-0.0945340600752209
422.9209899902344,1.4597420692443848,0.08882251381874084,7.260683536529541,0.23430226521179193,-0.09339250186712215
423.2380065917969,1.459739089012146,0.08864849805831909,7.260683536529541,0.23573778608965604,-0.09642419391082908
423.55499267578125,1.459741473197937,0.0885508731007576,7.260683536529541,0.23554575568945957,-0.09516867982350712
423.87200927734375,1.4597384929656982,0.08852627873420715,7.260683536529541,0.23529467358075776,-0.09655460045430836
424.1889953613281,1.4597477912902832,0.08846926689147949,7.260683536529541,0.2342312619712575,-0.09433810927507306
424.5060119628906,1.4597368240356445,0.0887446328997612,7.260683536529541,0.23468013608383118,-0.09551433454000541
424.822998046875,1.459736943244934,0.08959347009658813,7.260683536529541,0.23618327667093264,-0.09087233893746344
425.1400146484375,1.459740400314331,0.09003130346536636,7.260683536529541,0.23247689153071932,-0.09376534792345927
425.4570007324219,1.4597320556640625,0.08965905010700226,7.260683536529541,0.2363904085550559,-0.09209848269004316
425.7740173339844,1.4597364664077759,0.08940939605236053,7.260683536529541,0.2341293457013332,-0.09317040967238358
426.09100341796875,1.4597313404083252,0.0891902968287468,7.260683536529541,0.2354208144807294,-0.0949670018010221
426.40802001953125,1.4597328901290894,0.0889085903763771,7.260683536529541,0.233755118110674,-0.09607810804025423
426.7250061035156,1.4597322940826416,0.08845622092485428,7.260683536529541,0.2351581185811659,-0.09306694634872652
427.0419921875,1.4597315788269043,0.08832953125238419,7.260683536529541,0.23633053751219624,-0.09683195855840425
427.3590087890625,1.459726333618164,0.08814657479524612,7.260683536529541,0.23626895569111234,-0.09688927560636214
427.6759948730469,1.4597301483154297,0.08806347846984863,7.260683536529541,0.23714915747612136,-0.09665255992886367
427.9930114746094,1.459741473197937,0.08767855912446976,7.260683536529541,0.23749006841036344,-0.09635349481206908
428.30999755859375,1.4597270488739014,0.08812756836414337,7.260683536529541,0.23528120736213745,-0.09479949737379194
428.62701416015625,1.459735631942749,0.08865819126367569,7.260683536529541,0.2372212643242404,-0.09474458244697392
428.9440002441406,1.459731936454773,0.08934493362903595,7.260683536529541,0.234991275945682,-0.09587675936108521
429.2610168457031,1.4600391387939453,0.09040430188179016,7.260683536529541,0.23416836961771068,-0.09241639346800053
429.5780029296875,1.4597358703613281,0.089107945561409,7.260683536529541,0.23397358398161644,-0.09563646017870178
429.89501953125,1.4597405195236206,0.08887840807437897,7.260683536529541,0.23523689469711326,-0.09642546263024651
430.2120056152344,1.459737777709961,0.08853223919868469,7.260683536529541,0.2363581706737003,-0.09619658504787315
430.52899169921875,1.4597339630126953,0.08818495273590088,7.260683536529541,0.2368161236046011,-0.09404176225327102
430.84600830078125,1.459731936454773,0.08801168203353882,7.260683536529541,0.2366034334905776,-0.09626558462226983
431.1629943847656,1.4597296714782715,0.087935671210289,7.260683536529541,0.23721078910089433,-0.09592720109974637
431.4800109863281,1.459726333618164,0.08779072016477585,7.260683536529541,0.23688862807951172,-0.09646156137618124
431.7969970703125,1.4597325325012207,0.08757869899272919,7.260683536529541,0.23778350271247417,-0.09668051815033547
432.114013671875,1.4597270488739014,0.0875723585486412,7.260683536529541,0.23867612347460593,-0.09695480151091015
432.4309997558594,1.4597408771514893,0.08820135146379471,7.260683536529541,0.23494873123314808,-0.09658729578797336
432.7480163574219,1.4597313404083252,0.08872786909341812,7.260683536529541,0.23581233519279904,-0.09549178494328783
433.06500244140625,1.4597365856170654,0.0892476737499237,7.260683536529541,0.23500266996298977,-0.09385386190481995
433.38201904296875,1.4597314596176147,0.08912843465805054,7.260683536529541,0.23546422718365648,-0.09367903733824534
433.6990051269531,1.459734320640564,0.08896709233522415,7.260683536529541,0.23505889708607397,-0.09503142327769168
434.0159912109375,1.459736943244934,0.08859074115753174,7.260683536529541,0.23344102735078404,-0.09590818821744303
434.3330078125,1.4597375392913818,0.08823898434638977,7.260683536529541,0.2338810528681005,-0.09645871178606093
434.6499938964844,1.4597389698028564,0.08802808076143265,7.260683536529541,0.23533561980481343,-0.09633638305618612
434.9670104980469,1.4597336053848267,0.08789766579866409,7.260683536529541,0.23607136493298775,-0.09658014357439976
435.28399658203125,1.4597405195236206,0.08784512430429459,7.260683536529541,0.23801159057452292,-0.09585426309807576
435.60101318359375,1.4597384929656982,0.08756155520677567,7.260683536529541,0.23483605189639095,-0.09538823784738355
435.9179992675781,1.4597293138504028,0.08745945245027542,7.260683536529541,0.23688359721091817,-0.09702324516642204
436.2350158691406,1.45973539352417,0.08769048750400543,7.260683536529541,0.2358788080769569,-0.09588353592002799
436.552001953125,1.4597434997558594,0.08824270963668823,7.260683536529541,0.2384156538825399,-0.09608580182520075
436.8690185546875,1.459729790687561,0.08862315863370895,7.260683536529541,0.23344712483732963,-0.09527177247288382
437.1860046386719,1.4597352743148804,0.08913589268922806,7.260683536529541,0.23467098240259512,-0.09397586026751886
437.50299072265625,1.4597389698028564,0.08902782946825027,7.260683536529541,0.23600050392169608,-0.09552863227595408
437.82000732421875,1.4597368240356445,0.08865968137979507,7.260683536529541,0.2340203610712708,-0.09744851007335228
438.1369934082031,1.4597340822219849,0.08816259354352951,7.260683536529541,0.23704823390381952,-0.09492450495914893
438.4540100097656,1.4597392082214355,0.08797144144773483,7.260683536529541,0.23514254360127312,-0.09469133708368978
438.77099609375,1.4597387313842773,0.08779854327440262,7.260683536529541,0.23488659948993215,-0.09673226152255579
439.0880126953125,1.4597406387329102,0.08770352602005005,7.260683536529541,0.23517317696960272,-0.09726754318400326
439.4049987792969,1.4597337245941162,0.08736518025398254,7.260683536529541,0.23780523702674888,-0.09659601080447484
439.7220153808594,1.4597307443618774,0.08719153702259064,7.260683536529541,0.23760615634266927,-0.09596286908841364
440.03900146484375,1.4597406387329102,0.08733873069286346,7.260683536529541,0.23554382736210097,-0.09660041842050196
440.35601806640625,1.4597384929656982,0.08758652210235596,7.260683536529541,0.2365768841899468,-0.09624460931495828
440.6730041503906,1.4600465297698975,0.08899280428886414,7.260683536529541,0.23555315228698698,-0.09432965354215071
440.9900207519531,1.4597364664077759,0.08860713243484497,7.260683536529541,0.23590139573118046,-0.09452297363466575
441.3070068359375,1.4597409963607788,0.08878599852323532,7.260683536529541,0.23685376055482432,-0.09693929377844153
441.6239929199219,1.4597362279891968,0.08843796700239182,7.260683536529541,0.23636387761852196,-0.09517699277910278
441.9410095214844,1.4597320556640625,0.08798820525407791,7.260683536529541,0.23523314225133587,-0.09503434877676521
442.25799560546875,1.4597307443618774,0.08771023154258728,7.260683536529541,0.23837289919346474,-0.09689949870941103
442.57501220703125,1.4597479104995728,0.08770352602005005,7.260683536529541,0.23676808842820465,-0.09406921251293056
442.8919982910156,1.4597363471984863,0.08728507161140442,7.260683536529541,0.23640378942088874,-0.09749592330276181
443.2090148925781,1.4597358703613281,0.08712409436702728,7.260683536529541,0.23854525208387942,-0.09671106624123976
443.5260009765625,1.4597463607788086,0.08684089779853821,7.260683536529541,0.2362656469966493,-0.09776472675545006
443.843017578125,1.4597455263137817,0.086908720433712,7.260683536529541,0.2390639195235933,-0.0965645986062427
444.1600036621094,1.4597363471984863,0.08687593042850494,7.260683536529541,0.23672228946923773,-0.09767667710308024
444.4770202636719,1.4597439765930176,0.08717626333236694,7.260683536529541,0.2370178419204603,-0.09627274917365175
444.79400634765625,1.4597399234771729,0.08778177201747894,7.260683536529541,0.2351085648611867,-0.09551354189401069
445.1109924316406,1.459734320640564,0.08830419927835464,7.260683536529541,0.2371360637401069,-0.09549431996999633
445.4280090332031,1.4597357511520386,0.08823041617870331,7.260683536529541,0.234040414451055,-0.09575066156140899
445.7449951171875,1.4597331285476685,0.08785592764616013,7.260683536529541,0.23547084028656778,-0.09633220759316825
446.06201171875,1.4597327709197998,0.087504543364048,7.260683536529541,0.2359516651028838,-0.09525086023140908
446.3789978027344,1.4597409963607788,0.08722247183322906,7.260683536529541,0.23522476615339089,-0.09575623103620758
446.6960144042969,1.459747552871704,0.08706894516944885,7.260683536529541,0.23771780460742936,-0.09571980939462243
447.01300048828125,1.4597426652908325,0.08675221353769302,7.260683536529541,0.2366583090585919,-0.09782900285095103
447.33001708984375,1.4597382545471191,0.0865551009774208,7.260683536529541,0.2376246489381809,-0.09833780330185084
447.6470031738281,1.4597340822219849,0.08646716177463531,7.260683536529541,0.23817983590991362,-0.0967788368441966
447.9640197753906,1.4597351551055908,0.08642878383398056,7.260683536529541,0.23919915849472315,-0.09715902984444798
448.281005859375,1.4597370624542236,0.08655696362257004,7.260683536529541,0.2379542878187991,-0.09770018252807598
448.5979919433594,1.4597347974777222,0.08694374561309814,7.260683536529541,0.23789878250201857,-0.09649482729587978
448.9150085449219,1.4597302675247192,0.08772104233503342,7.260683536529541,0.23750684963317167,-0.09759294205669465
449.23199462890625,1.4597418308258057,0.08796212822198868,7.260683536529541,0.23529779669625725,-0.09683571677554996
449.54901123046875,1.4597389698028564,0.08765284717082977,7.260683536529541,0.2364433937249032,-0.09606903763496635
449.8659973144531,1.459739327430725,0.08730369806289673,7.260683536529541,0.2356555908073691,-0.09668645810952166
450.1830139160156,1.4597337245941162,0.08711925148963928,7.260683536529541,0.23620925433680906,-0.09719730647171725
405.62701416015625,1.4609172344207764,0.282431036233902,4.882811069488525,0.44646111693150625,0.026457594168212903
406.0849914550781,1.4594677686691284,0.21881411969661713,4.882811069488525,0.36333801193968446,-0.09033594247003646
406.5429992675781,1.4594664573669434,0.18419067561626434,4.882811069488525,0.28524628003026126,-0.06380228218814027
407.0010070800781,1.4594712257385254,0.16134922206401825,4.882811069488525,0.26409943209302805,-0.04252957747330956
407.4590148925781,1.4594711065292358,0.14651544392108917,4.882811069488525,0.26542941992817765,-0.040783427374531396
407.9169921875,1.4594650268554688,0.1357048898935318,4.882811069488525,0.2684063748455483,-0.049643833055782426
408.375,1.4594680070877075,0.12577447295188904,4.882811069488525,0.2603777532179351,-0.05942536807386523
408.8330078125,1.459468960762024,0.11753875017166138,4.882811069488525,0.2556307951943185,-0.06093577541928967
409.291015625,1.459460735321045,0.11137183010578156,4.882811069488525,0.2583181434647157,-0.05944332422658025
409.7489929199219,1.4594721794128418,0.10613422840833664,4.882811069488525,0.260356756606231,-0.0627426796948959
410.2070007324219,1.4594637155532837,0.10209983587265015,4.882811069488525,0.2622257598149718,-0.06928996772681272
410.6650085449219,1.4594639539718628,0.098869189620018,4.882811069488525,0.2599250522475066,-0.0745791233444951
411.1230163574219,1.4594573974609375,0.09673554450273514,4.882811069488525,0.2589866562611478,-0.07272502853817688
411.58099365234375,1.4594717025756836,0.09573430567979813,4.882811069488525,0.2596721149035181,-0.07586832626505033
412.03900146484375,1.459466814994812,0.09463022649288177,4.882811069488525,0.2598684141217437,-0.07626471970343858
412.49700927734375,1.459456443786621,0.09306631982326508,4.882811069488525,0.26163356211170224,-0.07652387111232353
412.95501708984375,1.4594613313674927,0.0920080691576004,4.882811069488525,0.26071104830182423,-0.0788516176561216
413.4129943847656,1.4594682455062866,0.091150663793087,4.882811069488525,0.2620971418610496,-0.08105049252745025
413.8710021972656,1.459456443786621,0.0902794748544693,4.882811069488525,0.2599115714533347,-0.08229062350130084
414.3290100097656,1.459467887878418,0.0894421860575676,4.882811069488525,0.26399175652967166,-0.08238266962725958
414.7870178222656,1.4594659805297852,0.08932741731405258,4.882811069488525,0.2663690183113235,-0.08274066755039655
415.2449951171875,1.4594597816467285,0.08956477791070938,4.882811069488525,0.26398266390373415,-0.08232529782600466
415.7030029296875,1.4594659805297852,0.0903610810637474,4.882811069488525,0.2631120005358725,-0.07897791713905145
416.1610107421875,1.459457516670227,0.09023363888263702,4.882811069488525,0.2634695391862822,-0.07921299767443978
416.6190185546875,1.4594637155532837,0.08979059010744095,4.882811069488525,0.2618475274569303,-0.08109667677883702
417.0769958496094,1.4594635963439941,0.08936169743537903,4.882811069488525,0.2625700384876499,-0.08060888995683663
417.5350036621094,1.4594556093215942,0.08924134075641632,4.882811069488525,0.2634224452912015,-0.08170688960191125
417.9930114746094,1.4594628810882568,0.08892536163330078,4.882811069488525,0.2634348151971429,-0.08320569193588954
418.4510192871094,1.459452509880066,0.08870662748813629,4.882811069488525,0.26537394621489796,-0.08406733565232641
418.90899658203125,1.4594595432281494,0.0885840356349945,4.882811069488525,0.2649798823009221,-0.08218250455795915
419.36700439453125,1.4594624042510986,0.08923090994358063,4.882811069488525,0.2661710162258463,-0.07969854472588185
419.82501220703125,1.4594544172286987,0.0902366191148758,4.882811069488525,0.26390468635164954,-0.08047712334322121
420.2829895019531,1.4594619274139404,0.09005440771579742,4.882811069488525,0.2611546381586003,-0.08103932599886864
420.7409973144531,1.4594563245773315,0.0895826667547226,4.882811069488525,0.2622155886346544,-0.08038991392976934
421.1990051269531,1.4594660997390747,0.08922681212425232,4.882811069488525,0.26437651390329153,-0.08149359413620749
421.6570129394531,1.4594510793685913,0.08902261406183243,4.882811069488525,0.2650912667063106,-0.08128911774036587
422.114990234375,1.4594570398330688,0.08875469863414764,4.882811069488525,0.26393959377105203,-0.08156954245249902
422.572998046875,1.459464192390442,0.08860042691230774,4.882811069488525,0.2665766310053394,-0.08439931013025027
423.031005859375,1.4594593048095703,0.08864402770996094,4.882811069488525,0.2656848720067663,-0.0817380786909424
423.489013671875,1.4594603776931763,0.08952416479587555,4.882811069488525,0.26342263702181645,-0.08016936649586542
423.9469909667969,1.4594640731811523,0.0901680588722229,4.882811069488525,0.263070545707565,-0.08074688898449696
424.4049987792969,1.4594630002975464,0.08979841321706772,4.882811069488525,0.2653637032274216,-0.08051554314767567
424.8630065917969,1.4594662189483643,0.08939225226640701,4.882811069488525,0.2635123744523831,-0.08079421754740157
425.3210144042969,1.4594638347625732,0.08886536210775375,4.882811069488525,0.26553780234495783,-0.07949586283461024
425.77899169921875,1.4594448804855347,0.08869022876024246,4.882811069488525,0.26372750440534126,-0.0817348119150158
426.23699951171875,1.4594533443450928,0.08830606192350388,4.882811069488525,0.26614925097565123,-0.08021581813221446
426.69500732421875,1.4594558477401733,0.0882658138871193,4.882811069488525,0.26666585657882935,-0.08285561698337636
427.15301513671875,1.4594557285308838,0.0885460302233696,4.882811069488525,0.2652995132672248,-0.08316297287722688
427.6109924316406,1.4594550132751465,0.08946006745100021,4.882811069488525,0.2653801151995701,-0.08275569876306045
428.0690002441406,1.459454894065857,0.08967656642198563,4.882811069488525,0.26334943315179854,-0.08166516952375255
428.5270080566406,1.4594595432281494,0.0893356204032898,4.882811069488525,0.26357402016094406,-0.08366046088192651
428.9850158691406,1.4594632387161255,0.08897342532873154,4.882811069488525,0.26412222822677844,-0.08350619990628395
429.4429931640625,1.4594603776931763,0.08855199068784714,4.882811069488525,0.2678520352839996,-0.08319161298901845
429.9010009765625,1.4594594240188599,0.08824904263019562,4.882811069488525,0.26569818026986786,-0.08202816132133553
430.3590087890625,1.4594593048095703,0.08789132535457611,4.882811069488525,0.2677273424037136,-0.08334500777431314
430.8170166015625,1.459456443786621,0.08785220235586166,4.882811069488525,0.26891609290391233,-0.08499247993402098
431.2749938964844,1.4594714641571045,0.08831798285245895,4.882811069488525,0.26628215282192763,-0.08255605705794786
431.7330017089844,1.4594674110412598,0.08911316096782684,4.882811069488525,0.264962619880338,-0.08031175982053813
432.1910095214844,1.4594579935073853,0.08893877267837524,4.882811069488525,0.26354764719607554,-0.0817767382132692
432.6490173339844,1.4594513177871704,0.08861943334341049,4.882811069488525,0.26485234719442124,-0.08428670793319257
433.10699462890625,1.4594568014144897,0.08835636079311371,4.882811069488525,0.26665004341939325,-0.08307599652703865
433.56500244140625,1.4594613313674927,0.08798560500144958,4.882811069488525,0.26820336688084184,-0.08141331606234241
434.02301025390625,1.4594542980194092,0.08765098452568054,4.882811069488525,0.26785820132608373,-0.08011337158919263
434.48101806640625,1.4594601392745972,0.0873156264424324,4.882811069488525,0.26885509206732633,-0.08368738146714541
434.9389953613281,1.4594517946243286,0.08748889714479446,4.882811069488525,0.2691914276386572,-0.08357844406674288
435.3970031738281,1.4594597816467285,0.08812906593084335,4.882811069488525,0.2660471027928816,-0.08527006374527084
435.8550109863281,1.459452748298645,0.08885008841753006,4.882811069488525,0.2636069816364511,-0.08019067224921135
436.3130187988281,1.4597643613815308,0.08943287283182144,4.882811069488525,0.2662100396365169,-0.08117909491869939
436.77099609375,1.4594471454620361,0.08803292363882065,4.882811069488525,0.2646160417403448,-0.08310240807542713
437.22900390625,1.4594621658325195,0.08781829476356506,4.882811069488525,0.2647451991663373,-0.08395923735168576
437.68701171875,1.4594613313674927,0.08748740702867508,4.882811069488525,0.2681661471834716,-0.08455725844647169
438.14501953125,1.4594515562057495,0.08716657012701035,4.882811069488525,0.2684986778210617,-0.08390842158351941
438.6029968261719,1.4594558477401733,0.0869336873292923,4.882811069488525,0.2687582297629741,-0.08529189862890534
439.0610046386719,1.4594507217407227,0.08718036115169525,4.882811069488525,0.26779947516935454,-0.08430200564344964
439.5190124511719,1.4594485759735107,0.08801764994859695,4.882811069488525,0.269477876967716,-0.0813383190021812
439.9770202636719,1.4594539403915405,0.08857285976409912,4.882811069488525,0.26618030916442137,-0.08123343146712474
440.43499755859375,1.4594494104385376,0.08802733570337296,4.882811069488525,0.26522727455378375,-0.08344419656673789
440.89300537109375,1.4594582319259644,0.08775456994771957,4.882811069488525,0.2696091051144276,-0.0846552829431611
441.35101318359375,1.4594453573226929,0.0874084085226059,4.882811069488525,0.26946936252323783,-0.08469848289852666
441.8089904785156,1.4594601392745972,0.08719303458929062,4.882811069488525,0.26705786551339783,-0.08531662567917601
442.2669982910156,1.459460973739624,0.08685468882322311,4.882811069488525,0.2686382620963622,-0.08185523663402788
442.7250061035156,1.4594513177871704,0.0866042822599411,4.882811069488525,0.2699086778792868,-0.08570835591933587
443.1830139160156,1.4594523906707764,0.08698584884405136,4.882811069488525,0.2677048932019754,-0.08319115845935307
443.6409912109375,1.4594519138336182,0.08791666477918625,4.882811069488525,0.26785510366430104,-0.08234784658848959
444.0989990234375,1.4594557285308838,0.08803851157426834,4.882811069488525,0.2667518656464721,-0.08128113853742744
444.5570068359375,1.4594471454620361,0.0875965803861618,4.882811069488525,0.2671966470097009,-0.0826426361870526
445.0150146484375,1.459459662437439,0.0872720256447792,4.882811069488525,0.2683345917794025,-0.08599285045837589
445.4729919433594,1.4594554901123047,0.08695492148399353,4.882811069488525,0.26851874853118624,-0.08404982908248396
445.9309997558594,1.459454894065857,0.08669818937778473,4.882811069488525,0.27170327244919484,-0.08543940352612528
446.3890075683594,1.4594600200653076,0.08645747601985931,4.882811069488525,0.26799614031842695,-0.08542132752585142
446.8470153808594,1.4594529867172241,0.08632481843233109,4.882811069488525,0.2714298521898265,-0.08261752207309504
447.30499267578125,1.4594533443450928,0.08692138642072678,4.882811069488525,0.26866948152919606,-0.08480717679362446
447.76300048828125,1.4594573974609375,0.08764949440956116,4.882811069488525,0.26520565438319316,-0.08357581043785868
448.22100830078125,1.4594606161117554,0.08752317726612091,4.882811069488525,0.26519462208511485,-0.08218816913047952
448.67901611328125,1.4594486951828003,0.0871799886226654,4.882811069488525,0.2687613079121225,-0.082209915778541
449.1369934082031,1.4594502449035645,0.08705925941467285,4.882811069488525,0.26813090026576986,-0.08266879785138505
449.5950012207031,1.4594510793685913,0.0872340202331543,4.882811069488525,0.26638200576394916,-0.08463815307996524
450.0530090332031,1.4594526290893555,0.08700411021709442,4.882811069488525,0.2699172807775096,-0.08398339873220648
405.8380126953125,1.460533618927002,0.2649906575679779,3.277055025100708,0.34188369569836996,-0.1810980307100543
406.50701904296875,1.459453821182251,0.1935303807258606,3.277055025100708,0.27491200145104094,-0.05865360444497054
407.1759948730469,1.4594497680664062,0.15883950889110565,3.277055025100708,0.26903370030792545,-0.028820831358160208
407.8450012207031,1.4594511985778809,0.13958409428596497,3.277055025100708,0.27595651824034784,-0.030813969672578708
408.5140075683594,1.4594489336013794,0.12479066103696823,3.277055025100708,0.2781550539885152,-0.04383273873070012
409.1830139160156,1.459444522857666,0.11391433328390121,3.277055025100708,0.27456559295018473,-0.0539684847217404
409.85198974609375,1.4594478607177734,0.10616450756788254,3.277055025100708,0.2704733879133748,-0.056827029787653
410.52099609375,1.4594422578811646,0.10040849447250366,3.277055025100708,0.2729917622905919,-0.05455848523867397
411.19000244140625,1.4594424962997437,0.09696144610643387,3.277055025100708,0.2776541021260321,-0.05682691338876053
411.8590087890625,1.4594422578811646,0.09529870748519897,3.277055025100708,0.27754994425264107,-0.05947030854035338
412.52801513671875,1.4594440460205078,0.09309203177690506,3.277055025100708,0.28002459650793265,-0.06324370938340428
413.1969909667969,1.4594436883926392,0.09164737164974213,3.277055025100708,0.2797798294161981,-0.06372791296674735
413.8659973144531,1.4594420194625854,0.09058520942926407,3.277055025100708,0.28180383404776116,-0.06348478189282362
414.5350036621094,1.4594470262527466,0.08976403623819351,3.277055025100708,0.2840110389835046,-0.0643187888731782
415.2040100097656,1.4594439268112183,0.08974968641996384,3.277055025100708,0.2820917337690517,-0.0644476129158706
415.8730163574219,1.4594438076019287,0.09041240066289902,3.277055025100708,0.28134843612536325,-0.0649510915538748
416.5419921875,1.4594403505325317,0.08986948430538177,3.277055025100708,0.2834590135162153,-0.06509150234405062
417.21099853515625,1.459442138671875,0.08954130113124847,3.277055025100708,0.2838143914633313,-0.06494458323434428
417.8800048828125,1.4594422578811646,0.08907580375671387,3.277055025100708,0.2847827222205729,-0.06520580370758972
418.54901123046875,1.4594398736953735,0.08865538984537125,3.277055025100708,0.28549357902616496,-0.06554316516895918
419.218017578125,1.4594390392303467,0.08892358094453812,3.277055025100708,0.28371260645174917,-0.06596752866790669
419.8869934082031,1.459438443183899,0.08981089293956757,3.277055025100708,0.28239179302780076,-0.06531603606531977
420.5559997558594,1.459436297416687,0.08935098350048065,3.277055025100708,0.28335516739261907,-0.0644870372864256
421.2250061035156,1.4594417810440063,0.08899223804473877,3.277055025100708,0.28422897677205344,-0.06625000722206742
421.8940124511719,1.4594396352767944,0.08849963545799255,3.277055025100708,0.2860694533651829,-0.06635257383990317
422.5630187988281,1.4594392776489258,0.08808042854070663,3.277055025100708,0.28678960203985276,-0.06695280111497053
423.23199462890625,1.4594436883926392,0.08854015171527863,3.277055025100708,0.2852458355212924,-0.06593478976131298
423.9010009765625,1.4594433307647705,0.08942792564630508,3.277055025100708,0.28400327366786504,-0.06457513311247959
424.57000732421875,1.4594476222991943,0.0890764519572258,3.277055025100708,0.28574494621101837,-0.06626423978588258
425.239013671875,1.4594422578811646,0.08863936364650726,3.277055025100708,0.2853712483511418,-0.06591375312226093
425.90802001953125,1.459443211555481,0.08811536431312561,3.277055025100708,0.2870012698039983,-0.06536798605360125
426.5769958496094,1.4594440460205078,0.08777832239866257,3.277055025100708,0.28805500613006735,-0.06728949862365505
427.2460021972656,1.459439754486084,0.08831872045993805,3.277055025100708,0.28652290268460207,-0.06520586080086914
427.9150085449219,1.459443211555481,0.08932527154684067,3.277055025100708,0.2841292103938365,-0.0644032558927291
428.5840148925781,1.459438443183899,0.08893746882677078,3.277055025100708,0.28432896687618914,-0.06563498918972273
429.25299072265625,1.4594435691833496,0.08855868875980377,3.277055025100708,0.28414240919854206,-0.06510917394486503
429.9219970703125,1.4594380855560303,0.0880095362663269,3.277055025100708,0.28755847715851196,-0.06744708012822491
430.59100341796875,1.4594383239746094,0.08763374388217926,3.277055025100708,0.28861228971792596,-0.06643501872359472
431.260009765625,1.4594371318817139,0.08814666420221329,3.277055025100708,0.2873989444509682,-0.06567029524608903
431.92901611328125,1.4594372510910034,0.08913271874189377,3.277055025100708,0.2843931065101191,-0.06343927277305617
432.5979919433594,1.4594346284866333,0.08862995356321335,3.277055025100708,0.2850870990207138,-0.0654471986935688
433.2669982910156,1.4594374895095825,0.08813595026731491,3.277055025100708,0.2868818520175652,-0.06702136515308842
433.9360046386719,1.4594417810440063,0.08764250576496124,3.277055025100708,0.2875267509588702,-0.06740261039029624
434.6050109863281,1.4594407081604004,0.08752232789993286,3.277055025100708,0.28988460630732976,-0.06667569392742609
435.2740173339844,1.4594329595565796,0.08804680407047272,3.277055025100708,0.287477176335592,-0.06570347395021162
435.9429931640625,1.4594337940216064,0.08885185420513153,3.277055025100708,0.2857414626310571,-0.06471797594357631
436.61199951171875,1.4594321250915527,0.08827084302902222,3.277055025100708,0.2856058919168061,-0.06557640483012467
437.281005859375,1.4594388008117676,0.08791489154100418,3.277055025100708,0.2874704271000708,-0.0651873224829888
437.95001220703125,1.4594340324401855,0.08732782304286957,3.277055025100708,0.2878863812949581,-0.0676764748855205
438.6190185546875,1.4594430923461914,0.0870281383395195,3.277055025100708,0.29004906917138124,-0.06622917366649468
439.2879943847656,1.4594414234161377,0.08762834221124649,3.277055025100708,0.28736894241580363,-0.06673878920473739
439.9570007324219,1.4594402313232422,0.0882318988442421,3.277055025100708,0.28697540850073916,-0.06461158863596114
440.6260070800781,1.4597398042678833,0.08858048915863037,3.277055025100708,0.2860448268638588,-0.06491274038944231
441.2950134277344,1.4594327211380005,0.08709735423326492,3.277055025100708,0.28828193586799195,-0.0670747057286024
441.9640197753906,1.459434986114502,0.0866842046380043,3.277055025100708,0.2908251816631424,-0.06830274197235722
442.63299560546875,1.459434986114502,0.08645998686552048,3.277055025100708,0.2884586689991673,-0.07045806161394032
443.302001953125,1.4594321250915527,0.0870196670293808,3.277055025100708,0.28959110263801113,-0.06824430986887098
443.97100830078125,1.4594309329986572,0.08772941678762436,3.277055025100708,0.2873289946339175,-0.06534341248092852
444.6400146484375,1.4594321250915527,0.08715958148241043,3.277055025100708,0.28710336995932284,-0.06702915598115783
445.30902099609375,1.4594351053237915,0.08684229105710983,3.277055025100708,0.28939562225387155,-0.06765869528950873
445.9779968261719,1.4594306945800781,0.08659021556377411,3.277055025100708,0.2891746149391467,-0.06763084835833597
446.6470031738281,1.4594322443008423,0.08644377440214157,3.277055025100708,0.290361630877833,-0.06893500110747697
447.3160095214844,1.4594320058822632,0.08704006671905518,3.277055025100708,0.28919027409937204,-0.06845526105759257
447.9850158691406,1.4594389200210571,0.08770845830440521,3.277055025100708,0.28669245411118416,-0.06722758421875424
448.65399169921875,1.4594343900680542,0.08716405183076859,3.277055025100708,0.2880139197746421,-0.06604704039097527
449.322998046875,1.4594321250915527,0.08686763048171997,3.277055025100708,0.28844511472353285,-0.06799545489133582
449.99200439453125,1.4594377279281616,0.08679795265197754,3.277055025100708,0.290357736612758,-0.06797283769588452
406.14599609375,1.460571050643921,0.24520343542099,2.2144267559051514,0.4384491661717455,0.09489117172212498
407.1230163574219,1.4594144821166992,0.16790559887886047,2.2144267559051514,0.32676392573448887,-0.05604853591916248
408.1000061035156,1.4594107866287231,0.13657401502132416,2.2144267559051514,0.2769368534544548,-0.055721291390298196
409.0769958496094,1.4594087600708008,0.11711312085390091,2.2144267559051514,0.26901093581435287,-0.04649558319399064
410.05401611328125,1.459408164024353,0.10529583692550659,2.2144267559051514,0.28014587559465803,-0.041188793122295515
411.031005859375,1.4594049453735352,0.09920386970043182,2.2144267559051514,0.28644424714806094,-0.044526038995989094
412.00799560546875,1.4594024419784546,0.09482287615537643,2.2144267559051514,0.29294832662640746,-0.04728353677820024
412.9850158691406,1.4594024419784546,0.09180472791194916,2.2144267559051514,0.29432932806030315,-0.05285533654240302
413.9620056152344,1.459404468536377,0.09011366218328476,2.2144267559051514,0.29637777193900927,-0.05418543617222384
414.9389953613281,1.4594050645828247,0.09056346863508224,2.2144267559051514,0.2962789769513087,-0.050556667394246815
415.916015625,1.4593989849090576,0.09035415947437286,2.2144267559051514,0.2937847103349566,-0.051077144818135425
416.89300537109375,1.4594067335128784,0.0894278734922409,2.2144267559051514,0.2957791528225385,-0.05208439737990139
417.8699951171875,1.4594045877456665,0.08874379098415375,2.2144267559051514,0.29869858010549216,-0.052810632161056775
418.8470153808594,1.4594058990478516,0.08941999077796936,2.2144267559051514,0.29528067104721034,-0.05077901264399294
419.8240051269531,1.4594024419784546,0.08991526812314987,2.2144267559051514,0.2943674997225923,-0.05285722430503749
420.8009948730469,1.4594029188156128,0.08915244787931442,2.2144267559051514,0.29642850821379496,-0.05310037934335483
421.77801513671875,1.4594005346298218,0.08853442966938019,2.2144267559051514,0.2987901449791748,-0.05311705198583624
422.7550048828125,1.4593998193740845,0.08905971795320511,2.2144267559051514,0.2974081918393096,-0.05429486106453956
423.73199462890625,1.4593989849090576,0.0895836278796196,2.2144267559051514,0.2965701286883858,-0.05078762932161462
424.7090148925781,1.4593963623046875,0.08861277997493744,2.2144267559051514,0.2991223243309271,-0.054433932036147
425.6860046386719,1.4594008922576904,0.08803229033946991,2.2144267559051514,0.29934882742730584,-0.05450242354855178
426.6629943847656,1.4593991041183472,0.0884919986128807,2.2144267559051514,0.30185791804554896,-0.05356581821259539
427.6400146484375,1.459399700164795,0.08930660784244537,2.2144267559051514,0.2959721278480778,-0.05166244390068648
428.61700439453125,1.4593966007232666,0.08832459151744843,2.2144267559051514,0.30007484645349825,-0.053136153943650274
429.593994140625,1.4594007730484009,0.08773940801620483,2.2144267559051514,0.3011673086983438,-0.05366817570510225
430.5710144042969,1.459398627281189,0.08791320770978928,2.2144267559051514,0.2999467526652321,-0.05413292466331467
431.5480041503906,1.459401249885559,0.08892259746789932,2.2144267559051514,0.29738469681509283,-0.0529113063904422
432.5249938964844,1.4593998193740845,0.08814333379268646,2.2144267559051514,0.29958109697037283,-0.05371639607966193
433.50201416015625,1.4593993425369263,0.08758754283189774,2.2144267559051514,0.300765694798468,-0.05296666560370478
434.47900390625,1.4593981504440308,0.08754942566156387,2.2144267559051514,0.30029357654412053,-0.05507134214137753
435.45599365234375,1.4593982696533203,0.08866367489099503,2.2144267559051514,0.29988445447078343,-0.052574179069134634
436.4330139160156,1.4594025611877441,0.0878467783331871,2.2144267559051514,0.2994763211604855,-0.053961731157030846
437.4100036621094,1.4593982696533203,0.08716615289449692,2.2144267559051514,0.30169955859989667,-0.05468672025120529
438.3869934082031,1.4594007730484009,0.08717403560876846,2.2144267559051514,0.30330465524912714,-0.05489835640875433
439.364013671875,1.459403157234192,0.0883602574467659,2.2144267559051514,0.29770502889691597,-0.0522729024385172
440.34100341796875,1.4594072103500366,0.08758913725614548,2.2144267559051514,0.30084276867130544,-0.052874901899465386
441.3179931640625,1.4594037532806396,0.08680550754070282,2.2144267559051514,0.30427783648937606,-0.05388586590742279
442.2950134277344,1.4594058990478516,0.08654051274061203,2.2144267559051514,0.3031936018303475,-0.05460716905647617
443.2720031738281,1.4594032764434814,0.08772753924131393,2.2144267559051514,0.29861454630010936,-0.053981432972337914
444.2489929199219,1.4594032764434814,0.08746590465307236,2.2144267559051514,0.30095684382076304,-0.05385965493767161
445.22601318359375,1.4594060182571411,0.08698771893978119,2.2144267559051514,0.30113631952749903,-0.05413513008770481
446.2030029296875,1.4594043493270874,0.08653151988983154,2.2144267559051514,0.30250651694103353,-0.0567114871470572
447.17999267578125,1.4594011306762695,0.08735810965299606,2.2144267559051514,0.300341482665131,-0.054665077382417306
448.1570129394531,1.459398627281189,0.08680359274148941,2.2144267559051514,0.30296100051044494,-0.05410404241894337
449.1340026855469,1.4594027996063232,0.08605387061834335,2.2144267559051514,0.30374715232802485,-0.0564248799317244
450.1109924316406,1.4593991041183472,0.08565010875463486,2.2144267559051514,0.3069867900684484,-0.057704786554032314
406.60601806640625,1.4608514308929443,0.22568731009960175,1.490935206413269,0.2346349622754243,-0.030859797269369407
408.0429992675781,1.4594475030899048,0.1430659294128418,1.490935206413269,0.27969759879879413,-0.01247497585207179
409.4800109863281,1.459449052810669,0.11411650478839874,1.490935206413269,0.29607883644604005,-0.02537170115761974
410.9169921875,1.459443211555481,0.10098624974489212,1.490935206413269,0.2972097407409196,-0.04416542437186179
412.35400390625,1.4594428539276123,0.09374330192804337,1.490935206413269,0.3008721508552606,-0.04658794798865375
413.791015625,1.4594398736953735,0.09038503468036652,1.490935206413269,0.3040998856165112,-0.04652931147205402
415.2279968261719,1.4594416618347168,0.09010825306177139,1.490935206413269,0.299917547689967,-0.04381493835514644
416.6650085449219,1.4594435691833496,0.08876322954893112,1.490935206413269,0.3052823933760682,-0.0444111119049963
418.10198974609375,1.4594383239746094,0.08840335160493851,1.490935206413269,0.3040235123547344,-0.04585149582530962
419.53900146484375,1.4594370126724243,0.08903360366821289,1.490935206413269,0.30451524148751785,-0.04325266337492157
420.97601318359375,1.459435224533081,0.08818994462490082,1.490935206413269,0.3074880585512736,-0.045068915477078586
422.4129943847656,1.4594391584396362,0.08867789804935455,1.490935206413269,0.30786552404525647,-0.04234259043730843
423.8500061035156,1.4594393968582153,0.08885526657104492,1.490935206413269,0.30602530572313125,-0.04390958215704633
425.2870178222656,1.4594388008117676,0.08866340667009354,1.490935206413269,0.30611449217357395,-0.0434945597107917
426.7239990234375,1.4594372510910034,0.08907128125429153,1.490935206413269,0.30598146973195084,-0.04623251794814131
428.1610107421875,1.4594348669052124,0.08800523728132248,1.490935206413269,0.30721795191307144,-0.044164902630484955
429.5979919433594,1.459439992904663,0.08713433891534805,1.490935206413269,0.31108588338607723,-0.04485059334950036
431.0350036621094,1.4594368934631348,0.08821390569210052,1.490935206413269,0.30408803600713713,-0.04663387542358892
432.4720153808594,1.4594433307647705,0.08726222813129425,1.490935206413269,0.30873506570784875,-0.04529416441389884
433.90899658203125,1.45944082736969,0.08686262369155884,1.490935206413269,0.312946896647453,-0.04741959431510155
435.34600830078125,1.4594345092773438,0.08769611269235611,1.490935206413269,0.30677204844568506,-0.042449101110319166
436.78302001953125,1.459436058998108,0.08646008372306824,1.490935206413269,0.3126452071683546,-0.04576678680487777
438.2200012207031,1.459433674812317,0.08653575927019119,1.490935206413269,0.308960137178379,-0.045650881228558156
439.6570129394531,1.459434151649475,0.08718304336071014,1.490935206413269,0.30974813903276077,-0.045794933104350684
441.093994140625,1.4594334363937378,0.08630778640508652,1.490935206413269,0.3108366173328951,-0.047433637555523885
442.531005859375,1.459435224533081,0.08694754540920258,1.490935206413269,0.3137548168262387,-0.04309216785783185
443.968017578125,1.4594330787658691,0.08676432818174362,1.490935206413269,0.308125310660784,-0.04544912592950414
445.4049987792969,1.459429144859314,0.08591780066490173,1.490935206413269,0.3111054717079078,-0.04549267718825632
446.8420104980469,1.459432601928711,0.08689866214990616,1.490935206413269,0.3113883484084596,-0.04751384801606579
448.27899169921875,1.4594322443008423,0.08611096441745758,1.490935206413269,0.3122150188458394,-0.04510863716287811
449.71600341796875,1.45943284034729,0.08539299666881561,1.490935206413269,0.31617529773413633,-0.045863311785053255
407.29400634765625,1.4611845016479492,0.19942952692508698,1.0016024112701416,0.538008488650941,-0.1734872194204222
409.41900634765625,1.4597399234771729,0.12117012590169907,1.0016024112701416,0.2914099050638628,-0.07254763918092982
411.54400634765625,1.4597413539886475,0.09953904896974564,1.0016024112701416,0.28670396984128854,-0.04837696481265227
413.66900634765625,1.459739089012146,0.09174098074436188,1.0016024112701416,0.302753715771894,-0.042945134248170445
415.79400634765625,1.4597395658493042,0.09006499499082565,1.0016024112701416,0.3043380741852687,-0.03854903277357362
417.91900634765625,1.4597362279891968,0.08899164199829102,1.0016024112701416,0.30495223321445536,-0.041092352175702465
420.04400634765625,1.4597350358963013,0.08878175169229507,1.0016024112701416,0.31040366187386403,-0.0394110258979615
422.16900634765625,1.4597337245941162,0.08869371563196182,1.0016024112701416,0.30531158787235985,-0.03651598662694578
424.29400634765625,1.4597336053848267,0.08839591592550278,1.0016024112701416,0.3108249040447644,-0.04114744706416528
426.41900634765625,1.4597361087799072,0.088807612657547,1.0016024112701416,0.3110908636701492,-0.035094313203530604
428.54400634765625,1.4597386121749878,0.08815617114305496,1.0016024112701416,0.3090458939151813,-0.04051309974953914
430.66900634765625,1.4597409963607788,0.08863223344087601,1.0016024112701416,0.31512169833951903,-0.03693736002757214
432.79400634765625,1.4597396850585938,0.08761630952358246,1.0016024112701416,0.31248303857970877,-0.039481556796826446
434.91900634765625,1.4597386121749878,0.08834367245435715,1.0016024112701416,0.312963771409958,-0.041744798630546524
437.04400634765625,1.4597386121749878,0.08735857903957367,1.0016024112701416,0.31298963750806424,-0.04127410951568637
439.16900634765625,1.45973801612854,0.08803347498178482,1.0016024112701416,0.3096537771305457,-0.043143717567404184
441.29400634765625,1.4597396850585938,0.0869758203625679,1.0016024112701416,0.3158000107986583,-0.044011257269794046
443.41900634765625,1.459739327430725,0.08748708665370941,1.0016024112701416,0.3103904947059637,-0.040263310346494614
445.54400634765625,1.4597421884536743,0.08664306998252869,1.0016024112701416,0.31183282195725076,-0.04340975393209229
447.66900634765625,1.459739089012146,0.08713982254266739,1.0016024112701416,0.31336384055391797,-0.03901215662973704
449.79400634765625,1.4597392082214355,0.08654936403036118,1.0016024112701416,0.3118996288964274,-0.03873159069708021
