time/s,<Ewe>/V,<I>/mA,freq/Hz,Re(Z)/Ohm,-Im(Z)/Ohm,Tech
180.36199951171875,1.4603848457336426,0.20802368223667145,20015.62109375,0.03730005332460189,-0.006477395380084063,1
180.66299438476562,1.4595602750778198,0.1937917023897171,20015.62109375,0.0375125689867473,-0.006525623949237715,1
180.96400451660156,1.4595650434494019,0.18908284604549408,20015.62109375,0.037469696824576126,-0.006473673299870219,1
181.26499938964844,1.4595619440078735,0.18598449230194092,20015.62109375,0.03751883376697942,-0.0062707162095934025,1
181.5659942626953,1.4595675468444824,0.18387842178344727,20015.62109375,0.03746839585309402,-0.0064731322866735524,1
181.86700439453125,1.459563136100769,0.18225303292274475,20015.62109375,0.03752026494393742,-0.006399517289295398,1
182.16799926757812,1.45956552028656,0.18050244450569153,20015.62109375,0.03765746404728547,-0.00629521980715979,1
182.468994140625,1.4595682621002197,0.17949971556663513,20015.62109375,0.03752733615088232,-0.006229068139676551,1
182.77000427246094,1.4595657587051392,0.1784798502922058,20015.62109375,0.03752959387092737,-0.006286242986170063,1
183.0709991455078,1.459563136100769,0.17758330702781677,20015.62109375,0.03740568194537452,-0.006216268294831553,1
183.3719940185547,1.45957612991333,0.1773388683795929,20015.62109375,0.03769808963281903,-0.00619418882156273,1
183.67300415039062,1.4595611095428467,0.17782625555992126,20015.62109375,0.0376407056553985,-0.006334556731599945,1
183.9739990234375,1.4595688581466675,0.17837253212928772,20015.62109375,0.03759527552672963,-0.006186916586570572,1
184.27499389648438,1.4598655700683594,0.18079160153865814,20015.62109375,0.0377569423349428,-0.0063304646092148505,1
184.5760040283203,1.459566593170166,0.17978626489639282,20015.62109375,0.03759622196921547,-0.0062328232367704905,1
184.8769989013672,1.4595621824264526,0.17918597161769867,20015.62109375,0.03773103051680105,-0.006318365399315434,1
185.17799377441406,1.4595733880996704,0.1792265772819519,20015.62109375,0.03763233257588434,-0.006440186514958554,1
185.47900390625,1.4595637321472168,0.17903952300548553,20015.62109375,0.037709235861911335,-0.006187480915339509,1
185.77999877929688,1.4595677852630615,0.17898064851760864,20015.62109375,0.03760109897064238,-0.006232466552140368,1
186.08099365234375,1.4595799446105957,0.17875148355960846,20015.62109375,0.03771022796193043,-0.006105863962491566,1
186.3820037841797,1.4595646858215332,0.17870192229747772,20015.62109375,0.03779187771822924,-0.006287045027200855,1
186.68299865722656,1.459566593170166,0.1786154806613922,20015.62109375,0.037767503396542335,-0.006143149095407482,1
186.9840087890625,1.4595657587051392,0.17840717732906342,20015.62109375,0.03774999584493763,-0.006176332063082508,1
187.28500366210938,1.4595710039138794,0.17827750742435455,20015.62109375,0.03777917215879924,-0.0062210514680818415,1
187.58599853515625,1.4595693349838257,0.17885097861289978,20015.62109375,0.03778121164112107,-0.006245648539013846,1
187.8870086669922,1.4595656394958496,0.179881289601326,20015.62109375,0.03770586563555101,-0.0062723359387354,1
188.18800354003906,1.4595692157745361,0.180916428565979,20015.62109375,0.03774551850955896,-0.006174560009540779,1
188.48899841308594,1.459572196006775,0.18173620104789734,20015.62109375,0.037727407194858516,-0.0061631793247290696,1
188.79000854492188,1.4595675468444824,0.1813661903142929,20015.62109375,0.037859726857247714,-0.006343851249901556,1
189.09100341796875,1.4595649242401123,0.1809834986925125,20015.62109375,0.037774310304770936,-0.0062560920156644615,1
189.39199829101562,1.4595805406570435,0.1809656172990799,20015.62109375,0.03771554239879043,-0.006275746496630554,1
189.69300842285156,1.45957612991333,0.1809130758047104,20015.62109375,0.03768003906856919,-0.006242048152751766,1
189.99400329589844,1.4595696926116943,0.1806846559047699,20015.62109375,0.03773401251951727,-0.006285241100848399,1
190.2949981689453,1.4595763683319092,0.1803899109363556,20015.62109375,0.03772888929136229,-0.006096410345638962,1
190.59600830078125,1.4595646858215332,0.18010447919368744,20015.62109375,0.03779099554778738,-0.006188752877364737,1
190.89700317382812,1.4595586061477661,0.17976130545139313,20015.62109375,0.03780303984465813,-0.006147807620107103,1
191.197998046875,1.459564208984375,0.17962007224559784,20015.62109375,0.03782200707542554,-0.0061329208016111395,1
191.49900817871094,1.459572434425354,0.17994016408920288,20015.62109375,0.03790227159185755,-0.006113359990983127,1
191.8000030517578,1.4595630168914795,0.18066677451133728,20015.62109375,0.03782544155649276,-0.006267714091611403,1
192.1009979248047,1.459574580192566,0.18140418827533722,20015.62109375,0.0378965978226415,-0.006195656168214969,1
192.40200805664062,1.4595730304718018,0.18237674236297607,20015.62109375,0.037801057246003675,-0.0060498916332702105,1
192.7030029296875,1.459568738937378,0.18220458924770355,20015.62109375,0.037810994307921474,-0.006258629459586585,1
193.00399780273438,1.459564208984375,0.18149176239967346,20015.62109375,0.03783042686035139,-0.0062548962746322035,1
193.3050079345703,1.4595661163330078,0.18132668733596802,20015.62109375,0.03797094857489304,-0.00625728270831916,1
193.6060028076172,1.4595670700073242,0.1812618523836136,20015.62109375,0.03786396635316702,-0.006238046495565668,1
193.90699768066406,1.4595677852630615,0.1807565689086914,20015.62109375,0.037789205711064,-0.00607800339374081,1
194.2080078125,1.4595729112625122,0.18052181601524353,20015.62109375,0.0377418038544736,-0.0061627180895365615,1
194.50900268554688,1.4595699310302734,0.18018050491809845,20015.62109375,0.037798184648944244,-0.0061056378008496155,1
194.80999755859375,1.4595857858657837,0.1795615702867508,20015.62109375,0.03783454405832467,-0.006088195546786569,1
195.1110076904297,1.4595766067504883,0.17942146956920624,20015.62109375,0.03783194619572495,-0.0060672436486925215,1
195.41200256347656,1.4595707654953003,0.17933389544487,20015.62109375,0.0377649576866309,-0.005973777367799123,1
195.71299743652344,1.459571123123169,0.17968565225601196,20015.62109375,0.03780937978541042,-0.006165191923550017,1
196.01400756835938,1.4595801830291748,0.18069136142730713,20015.62109375,0.03792523245054632,-0.006203716936218669,1
196.31500244140625,1.4595743417739868,0.18136246502399445,20015.62109375,0.03794187617442777,-0.0060959759943363095,1
196.61599731445312,1.4595714807510376,0.1814742535352707,20015.62109375,0.03793368201320199,-0.006121321464093453,1
196.91700744628906,1.4595738649368286,0.1809607744216919,20015.62109375,0.037753111354956584,-0.006188824642008744,1
197.21800231933594,1.4595746994018555,0.18063472211360931,20015.62109375,0.03784626105190305,-0.006124315571377667,1
197.5189971923828,1.4595786333084106,0.18040892481803894,20015.62109375,0.03777609438517479,-0.006157739555878683,1
197.82000732421875,1.4595717191696167,0.18010522425174713,20015.62109375,0.037962960260470954,-0.006085924611872737,1
198.12100219726562,1.4595659971237183,0.17977136373519897,20015.62109375,0.037806331147409174,-0.006180944882369405,1
198.4219970703125,1.4595730304718018,0.1794542521238327,20015.62109375,0.03784810427632225,-0.00607573105152072,1
198.72300720214844,1.4595712423324585,0.1789262443780899,20015.62109375,0.037961763057126764,-0.006091943435609955,1
199.0240020751953,1.4595725536346436,0.17837849259376526,20015.62109375,0.037887271817217884,-0.006040209206256345,1
199.3249969482422,1.4595708847045898,0.17828086018562317,20015.62109375,0.03793251948373141,-0.00621234767669999,1
199.62600708007812,1.459567904472351,0.17863038182258606,20015.62109375,0.03788878386219675,-0.006028316354787047,1
199.927001953125,1.4595668315887451,0.17908088862895966,20015.62109375,0.03791230168042878,-0.005988551190505037,1
200.22799682617188,1.4595732688903809,0.17996959388256073,20015.62109375,0.03782308783114606,-0.006183698315329213,1
200.5290069580078,1.4595791101455688,0.1803448349237442,20015.62109375,0.0379677038302989,-0.0060331325524245714,1
200.8300018310547,1.4595749378204346,0.17953623831272125,20015.62109375,0.0378445387945957,-0.0061680963692164826,1
201.13099670410156,1.4595736265182495,0.17919155955314636,20015.62109375,0.03783414669831824,-0.006159026107538938,1
201.4320068359375,1.4595673084259033,0.1790875941514969,20015.62109375,0.037957621275651415,-0.006148458447324845,1
201.73300170898438,1.4595683813095093,0.1786646693944931,20015.62109375,0.038024143438805336,-0.006075477596454103,1
202.03399658203125,1.4595657587051392,0.17830993235111237,20015.62109375,0.037911116383475746,-0.00611652081560457,1
202.3350067138672,1.459567666053772,0.1782253384590149,20015.62109375,0.037916849100686816,-0.00612883644734172,1
202.63600158691406,1.4595617055892944,0.17773199081420898,20015.62109375,0.03810540207315932,-0.006150262222315744,1
202.93699645996094,1.4595699310302734,0.1772274523973465,20015.62109375,0.03791512650206345,-0.006134364831417897,1
203.23800659179688,1.459571361541748,0.17726099491119385,20015.62109375,0.037968433753364055,-0.006049662999872887,1
203.53900146484375,1.4595677852630615,0.17723415791988373,20015.62109375,0.03805200016114689,-0.0061346431877688104,1
203.83999633789062,1.459578275680542,0.1776447892189026,20015.62109375,0.03792816585487799,-0.006054162158971603,1
204.14100646972656,1.4595677852630615,0.17870454490184784,20015.62109375,0.037878957359065414,-0.006180718603205687,1
204.44200134277344,1.4595619440078735,0.17905516922473907,20015.62109375,0.03792850306959745,-0.006098537516022757,1
204.7429962158203,1.4595681428909302,0.17878390848636627,20015.62109375,0.03803183966197658,-0.006012124273861652,1
205.04400634765625,1.4595664739608765,0.17845413088798523,20015.62109375,0.038000178449460686,-0.005997661438152066,1
205.34500122070312,1.4595706462860107,0.17812176048755646,20015.62109375,0.03788134648526684,-0.006077155010048649,1
205.64599609375,1.4595662355422974,0.17805616557598114,20015.62109375,0.03802966277191606,-0.006095390242623052,1
205.94700622558594,1.4595650434494019,0.17755126953125,20015.62109375,0.03802627117916355,-0.006068291370943247,1
206.2480010986328,1.4595662355422974,0.17710746824741364,20015.62109375,0.03803045502958001,-0.0061233230538228,1
206.5489959716797,1.459567666053772,0.17704859375953674,20015.62109375,0.038048946208452686,-0.006137678376644991,1
206.85000610351562,1.4595706462860107,0.17649972438812256,20015.62109375,0.038018796456063327,-0.006069208577009563,1
207.1510009765625,1.4595681428909302,0.1762336641550064,20015.62109375,0.03807559260440302,-0.0061204722556199905,1
207.45199584960938,1.459561824798584,0.17642781138420105,20015.62109375,0.03799743029578845,-0.006097262936355683,1
207.7530059814453,1.4595649242401123,0.17677956819534302,20015.62109375,0.03800261999854323,-0.006185621820695769,1
208.0540008544922,1.459563970565796,0.17778266966342926,20015.62109375,0.037937353043448946,-0.006167935376217121,1
208.35499572753906,1.4595705270767212,0.17857672274112701,20015.62109375,0.037942308634643804,-0.006025781600889207,1
208.656005859375,1.459558367729187,0.17844705283641815,20015.62109375,0.03803561596283695,-0.006028890974707008,1
208.95700073242188,1.4595615863800049,0.17802561819553375,20015.62109375,0.037957103410706336,-0.006006427427279069,1
209.25799560546875,1.4595710039138794,0.17777559161186218,20015.62109375,0.03808625076222732,-0.006088195954687785,1
209.5590057373047,1.4595706462860107,0.1776731163263321,20015.62109375,0.03798013469990803,-0.006074421811946133,1
209.86000061035156,1.4595649242401123,0.1773865669965744,20015.62109375,0.03789745915924292,-0.005965994126634706,1
210.16099548339844,1.459570050239563,0.17700240015983582,20015.62109375,0.03789622695214495,-0.006070921834131667,1
210.46200561523438,1.4595603942871094,0.17675422132015228,20015.62109375,0.038152878885069984,-0.005957432135717195,1
210.76300048828125,1.4595590829849243,0.1763611137866974,20015.62109375,0.03807248355854413,-0.005925585792241758,1
211.06399536132812,1.459567666053772,0.17586886882781982,20015.62109375,0.037988158788592935,-0.005939811575205596,1
211.36500549316406,1.4595654010772705,0.17573025822639465,20015.62109375,0.038043852696970214,-0.005963258018452292,1
211.66600036621094,1.4595609903335571,0.17616622149944305,20015.62109375,0.038182110835181735,-0.005936625080074469,1
211.9669952392578,1.45956289768219,0.17682912945747375,20015.62109375,0.03794002800454326,-0.006121751518110869,1
212.26800537109375,1.4595657587051392,0.1777588129043579,20015.62109375,0.037998218354343416,-0.006081079379487525,1
212.56900024414062,1.4595552682876587,0.1780889630317688,20015.62109375,0.03801937346954987,-0.006020211568064443,1
212.8699951171875,1.4595661163330078,0.17734669148921967,20015.62109375,0.03791447270038121,-0.00606013763627993,1
213.17100524902344,1.4595648050308228,0.17709815502166748,20015.62109375,0.03804772298692034,-0.006134549286070387,1
213.4720001220703,1.4595674276351929,0.17701394855976105,20015.62109375,0.038002284234394106,-0.006094198919980844,1
213.7729949951172,1.4595658779144287,0.17668230831623077,20015.62109375,0.03795055051853775,-0.006127261533904402,1
214.07400512695312,1.45986008644104,0.17759859561920166,20015.62109375,0.03796442685450711,-0.00611655021611465,1
214.375,1.4595606327056885,0.17602165043354034,20015.62109375,0.03801708809713912,-0.006105651859766167,1
214.67601013183594,1.4595588445663452,0.17554804682731628,20015.62109375,0.038101014722863764,-0.006114103596556663,1
214.9770050048828,1.4595667123794556,0.17524585127830505,20015.62109375,0.03800346812300989,-0.005948833040655932,1
215.2779998779297,1.459571123123169,0.17508673667907715,20015.62109375,0.03819404986651326,-0.006133860495505663,1
215.57901000976562,1.4595656394958496,0.17524024844169617,20015.62109375,0.03808778893465009,-0.00594639417089701,1
215.8800048828125,1.4595645666122437,0.17569969594478607,20015.62109375,0.038008492071850704,-0.005955765601944513,1
216.18099975585938,1.459564447402954,0.17668119072914124,20015.62109375,0.03807348653747135,-0.006104751299679047,1
216.4820098876953,1.4595640897750854,0.1771063506603241,20015.62109375,0.03796540926089152,-0.005962852156870046,1
216.7830047607422,1.45956552028656,0.1766420602798462,20015.62109375,0.037997560455831095,-0.006012710472691174,1
217.08399963378906,1.4595658779144287,0.17621243000030518,20015.62109375,0.03798505514321428,-0.006090451338129821,1
217.385009765625,1.4595699310302734,0.17604251205921173,20015.62109375,0.03799200773753179,-0.006060120583538405,1
217.68600463867188,1.4595698118209839,0.17562741041183472,20015.62109375,0.038014270282215844,-0.006092235223512561,1
217.98699951171875,1.4595714807510376,0.1753334105014801,20015.62109375,0.03797728694011189,-0.006018670843715341,1
218.2880096435547,1.4595777988433838,0.1749604195356369,20015.62109375,0.0380603112273633,-0.0060337506806113885,1
218.58900451660156,1.4595752954483032,0.1744324117898941,20015.62109375,0.037987665221205474,-0.006015357810318044,1
218.88999938964844,1.4595767259597778,0.1740456223487854,20015.62109375,0.038168691262408246,-0.005911259080638703,1
219.19100952148438,1.459563970565796,0.17381645739078522,20015.62109375,0.038195906919570324,-0.005986746831812199,1
219.49200439453125,1.4595714807510376,0.17369014024734497,20015.62109375,0.038125173291758366,-0.00604172595171189,1
219.79299926757812,1.4595706462860107,0.17432770133018494,20015.62109375,0.038082127109013125,-0.006159081133783213,1
220.09400939941406,1.459557294845581,0.1752510666847229,20015.62109375,0.03803304092473034,-0.006190836334993678,1
220.39500427246094,1.4595696926116943,0.17601457238197327,20015.62109375,0.0381006545353846,-0.006112615519572429,1
220.6959991455078,1.4595636129379272,0.17552530765533447,20015.62109375,0.03802209112441423,-0.005950122906511432,1
220.99700927734375,1.4595752954483032,0.17514337599277496,20015.62109375,0.038162812238732295,-0.005934332720461732,1
221.29800415039062,1.4595695734024048,0.17504462599754333,20015.62109375,0.03811603683040622,-0.005955957007722083,1
221.5989990234375,1.459567904472351,0.1746373474597931,20015.62109375,0.03810989259667636,-0.005984353023337809,1
221.90000915527344,1.4595743417739868,0.17431838810443878,20015.62109375,0.038156929418957077,-0.00602766996939422,1
222.2010040283203,1.4595673084259033,0.17411045730113983,20015.62109375,0.03808904570716716,-0.0060682520498310894,1
222.5019989013672,1.459580421447754,0.1737203150987625,20015.62109375,0.0381291706309708,-0.005991255273978684,1
222.80300903320312,1.4595646858215332,0.17326349020004272,20015.62109375,0.03805527980353643,-0.006006567450180289,1
223.10400390625,1.4595720767974854,0.17290577292442322,20015.62109375,0.03818093214641848,-0.006027179201646373,1
223.40499877929688,1.4595625400543213,0.17269039154052734,20015.62109375,0.03807131064371883,-0.005911426304820767,1
223.7060089111328,1.4595694541931152,0.17305369675159454,20015.62109375,0.03820631488577269,-0.006110119904318631,1
224.0070037841797,1.4595632553100586,0.17386490106582642,20015.62109375,0.0380877722371694,-0.005858368056595444,1
224.30799865722656,1.4595661163330078,0.17471261322498322,20015.62109375,0.03801355210618358,-0.0059109451859353625,1
224.6090087890625,1.459575891494751,0.17482812702655792,20015.62109375,0.03809788532195766,-0.005903232412094262,1
224.91000366210938,1.459572434425354,0.17416635155677795,20015.62109375,0.03804580500137798,-0.005908831547730114,1
180.36199951171875,1.4603986740112305,0.20974184572696686,13625.0,0.03696362339548829,-0.003724775178695431,2
180.66299438476562,1.4595773220062256,0.1948436200618744,13625.0,0.03718783056983846,-0.003836473542676922,2
180.96400451660156,1.4595767259597778,0.19060203433036804,13625.0,0.03707075814010933,-0.003758518770248247,2
181.26499938964844,1.4595694541931152,0.18707925081253052,13625.0,0.03709648813353403,-0.003623924344943909,2
181.5659942626953,1.459577202796936,0.18454355001449585,13625.0,0.03719534752535686,-0.0037044160736602488,2
181.86700439453125,1.4595727920532227,0.18283656239509583,13625.0,0.03724170300253565,-0.003565606296578121,2
182.16799926757812,1.459580898284912,0.1817649006843567,13625.0,0.03719201117830322,-0.003764427334544782,2
182.468994140625,1.4595773220062256,0.1802423596382141,13625.0,0.037197999573006214,-0.0037513717625643097,2
182.77000427246094,1.4595786333084106,0.17968341708183289,13625.0,0.03713920959700855,-0.0036554603167682927,2
183.0709991455078,1.4595723152160645,0.18009516596794128,13625.0,0.03714646336472876,-0.0035307403268926172,2
183.3719940185547,1.459574818611145,0.18061497807502747,13625.0,0.03728558672889026,-0.003587849464133204,2
183.67300415039062,1.459572434425354,0.18166428804397583,13625.0,0.0371964134633415,-0.003592197989741715,2
183.9739990234375,1.4595836400985718,0.1822008639574051,13625.0,0.03726647932267398,-0.003455812749928391,2
184.27499389648438,1.4595774412155151,0.1819530725479126,13625.0,0.03725400419951813,-0.003524194258296041,2
184.5760040283203,1.4595773220062256,0.18107107281684875,13625.0,0.0372582352074664,-0.00353175571417247,2
184.8769989013672,1.459581732749939,0.18076179921627045,13625.0,0.03728729395315742,-0.0036212230553767343,2
185.17799377441406,1.4595791101455688,0.18062689900398254,13625.0,0.037266849238649646,-0.003523347534734469,2
185.47900390625,1.4595712423324585,0.1801719218492508,13625.0,0.037280226931932496,-0.0036422359218520163,2
185.77999877929688,1.4595767259597778,0.17967335879802704,13625.0,0.03725943023016864,-0.003557003290903585,2
186.08099365234375,1.459578037261963,0.17960256338119507,13625.0,0.03728585473184554,-0.0034295744638223762,2
186.3820037841797,1.4595739841461182,0.17944754660129547,13625.0,0.03724949069969179,-0.003494979451913603,2
186.68299865722656,1.4595781564712524,0.1791934221982956,13625.0,0.03730112505096882,-0.0034808344311936055,2
186.9840087890625,1.4595704078674316,0.17974191904067993,13625.0,0.03734341300074438,-0.0035426057047659547,2
187.28500366210938,1.4595708847045898,0.18057435750961304,13625.0,0.037423247223986655,-0.003486169050667367,2
187.58599853515625,1.459575891494751,0.18169818818569183,13625.0,0.037316395573994174,-0.003500161907461443,2
187.8870086669922,1.4595826864242554,0.18264690041542053,13625.0,0.03719585046270298,-0.003492142907295852,2
188.18800354003906,1.459571361541748,0.1826830357313156,13625.0,0.03750169590990567,-0.003522440294092489,2
188.48899841308594,1.459579586982727,0.1821710616350174,13625.0,0.037271711581384724,-0.003440488390746502,2
188.79000854492188,1.4595743417739868,0.18170565366744995,13625.0,0.037457525311719767,-0.003452804018210675,2
189.09100341796875,1.4595729112625122,0.18154653906822205,13625.0,0.0374090546478017,-0.0034066133984341903,2
189.39199829101562,1.4595683813095093,0.1812603622674942,13625.0,0.03738850980664921,-0.0034023741714705315,2
189.69300842285156,1.4595814943313599,0.18080464005470276,13625.0,0.037429063791332776,-0.003479980340619252,2
189.99400329589844,1.4595856666564941,0.18047674000263214,13625.0,0.03739784982388952,-0.0035703570983973624,2
190.2949981689453,1.4595671892166138,0.18024161458015442,13625.0,0.03754751908952025,-0.003514598015176371,2
190.59600830078125,1.4595764875411987,0.17968490719795227,13625.0,0.03755360388188737,-0.003533856621662384,2
190.89700317382812,1.4595794677734375,0.1798473745584488,13625.0,0.037416627291409474,-0.0033820741221539012,2
191.197998046875,1.4595733880996704,0.18069769442081451,13625.0,0.03752738484326662,-0.0034421833278080083,2
191.49900817871094,1.4595731496810913,0.18164005875587463,13625.0,0.037494935594407246,-0.0032752106642032004,2
191.8000030517578,1.459567666053772,0.18253809213638306,13625.0,0.037423902642411654,-0.003339023452114473,2
192.1009979248047,1.4595589637756348,0.1826174557209015,13625.0,0.03739801405830399,-0.003349650769239334,2
192.40200805664062,1.4595768451690674,0.18236593902111053,13625.0,0.03758834393021917,-0.0034979396629814742,2
192.7030029296875,1.4595783948898315,0.1815614402294159,13625.0,0.03744929890365915,-0.0033750628091697233,2
193.00399780273438,1.4595810174942017,0.18141873180866241,13625.0,0.03747679692052527,-0.003554078214833813,2
193.3050079345703,1.4595708847045898,0.18138332664966583,13625.0,0.037484205672536554,-0.0033378319390015092,2
193.6060028076172,1.4595706462860107,0.18060380220413208,13625.0,0.037549994883936025,-0.0033452377822894056,2
193.90699768066406,1.4595717191696167,0.1803019791841507,13625.0,0.03747728666639619,-0.0035163662106325543,2
194.2080078125,1.4595688581466675,0.1801283359527588,13625.0,0.03739537542872449,-0.003355993223614508,2
194.50900268554688,1.4595755338668823,0.17953474819660187,13625.0,0.03753363502785708,-0.0034738492083003693,2
194.80999755859375,1.4595727920532227,0.17948853969573975,13625.0,0.03752614067788845,-0.0034582537020896678,2
195.1110076904297,1.4595710039138794,0.18012908101081848,13625.0,0.03756016714692674,-0.003415040295765531,2
195.41200256347656,1.459567904472351,0.1811143010854721,13625.0,0.03750856215783159,-0.0033568028999201287,2
195.71299743652344,1.4595671892166138,0.18199965357780457,13625.0,0.037549885669427074,-0.0033976607971142677,2
196.01400756835938,1.4595756530761719,0.1823681741952896,13625.0,0.03749143516619562,-0.003389899357982873,2
196.31500244140625,1.45957612991333,0.18215800821781158,13625.0,0.03747571434870019,-0.0033002086103383083,2
196.61599731445312,1.459579348564148,0.1816195696592331,13625.0,0.037596789164239634,-0.0032127651757066196,2
196.91700744628906,1.4595789909362793,0.18109267950057983,13625.0,0.037620906891677464,-0.003404301563414972,2
197.21800231933594,1.4595719575881958,0.18080538511276245,13625.0,0.0375092857534116,-0.003227926534462631,2
197.5189971923828,1.4595754146575928,0.18055349588394165,13625.0,0.037637475037662634,-0.0034214857001222225,2
197.82000732421875,1.4595705270767212,0.18007206916809082,13625.0,0.037492459277415964,-0.0033624261281824143,2
198.12100219726562,1.4595764875411987,0.17960070073604584,13625.0,0.037419922902474506,-0.0034147659649807513,2
198.4219970703125,1.4595710039138794,0.1795712560415268,13625.0,0.037518656046093744,-0.003354491784867447,2
198.72300720214844,1.4595704078674316,0.1791636049747467,13625.0,0.037688951745795694,-0.0034103131179372605,2
199.0240020751953,1.4595746994018555,0.17962640523910522,13625.0,0.03757582653888833,-0.0033603754203479007,2
199.3249969482422,1.4595694541931152,0.18048083782196045,13625.0,0.03761442469052293,-0.0033093835445549796,2
199.62600708007812,1.4595661163330078,0.1814250648021698,13625.0,0.037632897175914254,-0.0033707248663587376,2
199.927001953125,1.4595736265182495,0.1818707138299942,13625.0,0.03761673039082281,-0.0033521006186400253,2
200.22799682617188,1.459570050239563,0.18192698061466217,13625.0,0.03760331715640248,-0.0033718439947619575,2
200.5290069580078,1.4595654010772705,0.18155883252620697,13625.0,0.03752727557641117,-0.0033731788981123958,2
200.8300018310547,1.4595773220062256,0.18089556694030762,13625.0,0.03750350763014298,-0.0034014504162480277,2
201.13099670410156,1.459564447402954,0.18078750371932983,13625.0,0.03757088763233168,-0.0033643039336741856,2
201.4320068359375,1.4595717191696167,0.1805102676153183,13625.0,0.03757918027533177,-0.0033616027386810005,2
201.73300170898438,1.4595692157745361,0.1798604130744934,13625.0,0.03762499595756783,-0.0033329553372818156,2
202.03399658203125,1.4595754146575928,0.17977285385131836,13625.0,0.0375580021425259,-0.003285298719092196,2
202.3350067138672,1.459574818611145,0.1793879270553589,13625.0,0.03753635201541257,-0.003277656128389518,2
202.63600158691406,1.4595860242843628,0.178823783993721,13625.0,0.03758353139631345,-0.0032269048523023824,2
202.93699645996094,1.4595717191696167,0.17890091240406036,13625.0,0.03767967035794508,-0.003218589811249019,2
203.23800659179688,1.459575891494751,0.17975197732448578,13625.0,0.03750882971067519,-0.0033049100937164876,2
203.53900146484375,1.4595712423324585,0.18065708875656128,13625.0,0.0376025552201877,-0.003250670389638149,2
203.83999633789062,1.4595664739608765,0.18125328421592712,13625.0,0.03756676002902237,-0.003298334827462601,2
204.14100646972656,1.459572196006775,0.181226447224617,13625.0,0.03759622713498734,-0.0033377651941690185,2
204.44200134277344,1.4595674276351929,0.18078303337097168,13625.0,0.03762417099224195,-0.003227583837864123,2
204.7429962158203,1.4595844745635986,0.18009665608406067,13625.0,0.03762611899661131,-0.003243326390913717,2
205.04400634765625,1.4595710039138794,0.17972403764724731,13625.0,0.03767533974393659,-0.0032120220686034694,2
205.34500122070312,1.459570050239563,0.17957386374473572,13625.0,0.03773584323443262,-0.003310424080861287,2
205.64599609375,1.45957350730896,0.17892028391361237,13625.0,0.037750832104245534,-0.003345336025448733,2
205.94700622558594,1.4595757722854614,0.17862851917743683,13625.0,0.037597050902549924,-0.0032400308762439048,2
206.2480010986328,1.459575891494751,0.17838743329048157,13625.0,0.03756253912636658,-0.0032662810333016056,2
206.5489959716797,1.459571123123169,0.1779428869485855,13625.0,0.03758305862338714,-0.003232008328302161,2
206.85000610351562,1.4595714807510376,0.17779570817947388,13625.0,0.03762690110854929,-0.00322913744202562,2
207.1510009765625,1.459570288658142,0.17825627326965332,13625.0,0.0377548762774694,-0.0032407005975173607,2
207.45199584960938,1.4595783948898315,0.1793525367975235,13625.0,0.03760920071170688,-0.003185601919004219,2
207.7530059814453,1.4595779180526733,0.1799476146697998,13625.0,0.03754152433922824,-0.0032886871340725007,2
208.0540008544922,1.4595755338668823,0.18013951182365417,13625.0,0.03754423690658222,-0.00330545893415664,2
208.35499572753906,1.4595767259597778,0.17999978363513947,13625.0,0.037629158539313576,-0.003313808041499443,2
208.656005859375,1.4595812559127808,0.17907492816448212,13625.0,0.03747641193436092,-0.003227217324224594,2
208.95700073242188,1.4595720767974854,0.1786702573299408,13625.0,0.03762332217327748,-0.0032709157427990147,2
209.25799560546875,1.4595633745193481,0.17843885719776154,13625.0,0.03767724821410078,-0.0033290286916272315,2
209.5590057373047,1.4595708847045898,0.17785346508026123,13625.0,0.03779020331386143,-0.0031966048248744544,2
209.86000061035156,1.4595673084259033,0.17722856998443604,13625.0,0.037696545530112396,-0.0032597554784591326,2
210.16099548339844,1.45956552028656,0.17673149704933167,13625.0,0.03766977055247235,-0.0032554359538419023,2
210.46200561523438,1.4595667123794556,0.1765638142824173,13625.0,0.03761807433976515,-0.003373117528271739,2
210.76300048828125,1.459572434425354,0.17629551887512207,13625.0,0.037729753396147744,-0.0032691296935569857,2
211.06399536132812,1.45956552028656,0.17675645649433136,13625.0,0.03776756608462362,-0.0033804344067489014,2
211.36500549316406,1.459580421447754,0.1773712933063507,13625.0,0.037724507914650277,-0.0033314912195996213,2
211.66600036621094,1.4595816135406494,0.1785539984703064,13625.0,0.03765933742494657,-0.0032289001766074013,2
211.9669952392578,1.4595845937728882,0.17864753305912018,13625.0,0.03757406365516893,-0.003332524563068774,2
212.26800537109375,1.4595694541931152,0.17839078605175018,13625.0,0.03762724700650296,-0.0033098652813861023,2
212.56900024414062,1.4595760107040405,0.17821751534938812,13625.0,0.03762193630144802,-0.003244542707860761,2
212.8699951171875,1.459579586982727,0.17739513516426086,13625.0,0.03782332564165833,-0.003422899347360845,2
213.17100524902344,1.4595798254013062,0.17700089514255524,13625.0,0.03765425020796405,-0.0032543886268707237,2
213.4720001220703,1.4595690965652466,0.17691296339035034,13625.0,0.03779586805198222,-0.0032457668793827066,2
213.7729949951172,1.459572672843933,0.17646431922912598,13625.0,0.037663290903628334,-0.0032182534890747593,2
214.07400512695312,1.459579348564148,0.17583608627319336,13625.0,0.03775760875334523,-0.0031950444948125874,2
214.375,1.4595659971237183,0.17559126019477844,13625.0,0.03767076040371048,-0.0031120021791943846,2
214.67601013183594,1.4595658779144287,0.17534831166267395,13625.0,0.03774378849650595,-0.003138659351797686,2
214.9770050048828,1.459572196006775,0.17539750039577484,13625.0,0.03775045071292392,-0.003305016474554987,2
215.2779998779297,1.4595727920532227,0.1760011464357376,13625.0,0.037660077254459585,-0.0032860712762993747,2
215.57901000976562,1.4595669507980347,0.17724423110485077,13625.0,0.037746100520575025,-0.0032549673971447994,2
215.8800048828125,1.4595692157745361,0.17769472301006317,13625.0,0.03760609478519881,-0.0032426074663192027,2
216.18099975585938,1.4595712423324585,0.17733067274093628,13625.0,0.03767136035697587,-0.003314297808805527,2
216.4820098876953,1.4595669507980347,0.17709368467330933,13625.0,0.03766710184274296,-0.0032831642164019023,2
216.7830047607422,1.4595661163330078,0.17688389122486115,13625.0,0.03757789596768051,-0.0032362046558002486,2
217.08399963378906,1.459568738937378,0.17637303471565247,13625.0,0.03777073320815258,-0.0033295564681885864,2
217.385009765625,1.4595696926116943,0.1761956661939621,13625.0,0.03770010887910327,-0.003302842013572397,2
217.68600463867188,1.4595729112625122,0.17620982229709625,13625.0,0.03763660967620058,-0.0032578000447375183,2
217.98699951171875,1.4595715999603271,0.17575037479400635,13625.0,0.0377192922681413,-0.0032391138352645763,2
218.2880096435547,1.4595677852630615,0.17518211901187897,13625.0,0.03772803758477272,-0.003236272017086937,2
218.58900451660156,1.4595658779144287,0.1751977801322937,13625.0,0.03778118638758422,-0.0032512165210198335,2
218.88999938964844,1.4595708847045898,0.17536881566047668,13625.0,0.0378751388680414,-0.0033539876364220055,2
219.19100952148438,1.4595720767974854,0.1757459044456482,13625.0,0.03769739810719586,-0.0031776932446100164,2
219.49200439453125,1.4595744609832764,0.17661933600902557,13625.0,0.03787593732281269,-0.003264743017807896,2
219.79299926757812,1.4595704078674316,0.17780762910842896,13625.0,0.0377109362747497,-0.003134035357482289,2
220.09400939941406,1.4595671892166138,0.1774204820394516,13625.0,0.03763008067556343,-0.003262113716181211,2
220.39500427246094,1.4595705270767212,0.1772017478942871,13625.0,0.037703063301233526,-0.003257697302050015,2
220.6959991455078,1.4595671892166138,0.17696774005889893,13625.0,0.037687526267780144,-0.003198485331635165,2
220.99700927734375,1.4595730304718018,0.17634359002113342,13625.0,0.037746833753794264,-0.003168152292590561,2
221.29800415039062,1.4595694541931152,0.17601904273033142,13625.0,0.03778451099047292,-0.0031458055988125232,2
221.5989990234375,1.4595694541931152,0.17570975422859192,13625.0,0.03768556709051836,-0.003251446878345133,2
221.90000915527344,1.45957612991333,0.1755998432636261,13625.0,0.03770967543790376,-0.0032894659307883107,2
222.2010040283203,1.4595736265182495,0.1747949719429016,13625.0,0.03787039967285935,-0.0032744731657093178,2
222.5019989013672,1.459577202796936,0.17455127835273743,13625.0,0.037848058712230584,-0.003031765833746544,2
222.80300903320312,1.45957612991333,0.17491048574447632,13625.0,0.03776537952597289,-0.003288675258548502,2
223.10400390625,1.4595714807510376,0.17494066059589386,13625.0,0.03781826531408726,-0.0031902245358339156,2
223.40499877929688,1.4595577716827393,0.17565162479877472,13625.0,0.037775182938351734,-0.00324542231364687,2
223.7060089111328,1.459572196006775,0.17687122523784637,13625.0,0.037647848495293325,-0.003269303928071449,2
224.0070037841797,1.4595682621002197,0.17700612545013428,13625.0,0.03769286377816808,-0.003243421376185375,2
224.30799865722656,1.4595708847045898,0.1764337718486786,13625.0,0.037807848547690724,-0.0032069492035008062,2
224.6090087890625,1.4595739841461182,0.17607195675373077,13625.0,0.037720937992852505,-0.0031897109545807084,2
224.91000366210938,1.4595742225646973,0.17596687376499176,13625.0,0.037795697044999396,-0.0032887027418377745,2
180.218994140625,1.460414171218872,0.23563918471336365,9281.2490234375,0.03665986683242725,-0.0013301850462762801,3
180.3769989013672,1.459577202796936,0.20348401367664337,9281.2490234375,0.036780567933055744,-0.0012412098554738435,3
180.53500366210938,1.459586501121521,0.19635683298110962,9281.2490234375,0.03675245953142924,-0.0012508738721456396,3
180.69300842285156,1.4595777988433838,0.19280052185058594,9281.2490234375,0.03681878515850802,-0.0012015674565186286,3
180.8509979248047,1.459585189819336,0.19024841487407684,9281.2490234375,0.03695972946143091,-0.0009586925954803081,3
181.00900268554688,1.4595739841461182,0.18843969702720642,9281.2490234375,0.037011684241930576,-0.0010261904828921767,3
181.16700744628906,1.4595826864242554,0.1868448704481125,9281.2490234375,0.03700167940761427,-0.0009486268604688972,3
181.3249969482422,1.459580659866333,0.18516919016838074,9281.2490234375,0.036886300096670155,-0.0011014538394884172,3
181.48300170898438,1.4595803022384644,0.18377892673015594,9281.2490234375,0.03691931768880697,-0.000934911650487389,3
181.64100646972656,1.459580898284912,0.18255411088466644,9281.2490234375,0.03702878366147849,-0.001042998190882354,3
181.7989959716797,1.459576964378357,0.18157896399497986,9281.2490234375,0.03695758953372541,-0.0010560299916287698,3
181.95700073242188,1.4595707654953003,0.18084824085235596,9281.2490234375,0.03692991777485842,-0.0010635413241759117,3
182.11500549316406,1.4595792293548584,0.18043723702430725,9281.2490234375,0.036956130560415336,-0.0008482808782725042,3
182.2729949951172,1.4595756530761719,0.18014435470104218,9281.2490234375,0.03699666137225015,-0.0009856763527091377,3
182.43099975585938,1.4595801830291748,0.17986898124217987,9281.2490234375,0.037006911098706005,-0.0009399674221355585,3
182.58900451660156,1.4595756530761719,0.17970354855060577,9281.2490234375,0.03712638139077688,-0.0009179051244264835,3
182.7469940185547,1.459572434425354,0.17997704446315765,9281.2490234375,0.03688500563095072,-0.0010668774377827815,3
182.90499877929688,1.459571361541748,0.18044058978557587,9281.2490234375,0.03714505504619675,-0.0007874226525460442,3
183.06300354003906,1.4595732688903809,0.18090972304344177,9281.2490234375,0.037051792179764446,-0.00103036138426974,3
183.22100830078125,1.4595770835876465,0.18099543452262878,9281.2490234375,0.03701754922459225,-0.0007377737628625338,3
183.37899780273438,1.4595801830291748,0.18091978132724762,9281.2490234375,0.036990426541943934,-0.0007907974410442919,3
183.53700256347656,1.4595738649368286,0.18059299886226654,9281.2490234375,0.03700354180130982,-0.0008625258646113477,3
183.69500732421875,1.4595775604248047,0.18022969365119934,9281.2490234375,0.03704361231286849,-0.0009128143203514823,3
183.85299682617188,1.459574580192566,0.18015478551387787,9281.2490234375,0.03707226743069794,-0.0009578151380703958,3
184.01100158691406,1.4595767259597778,0.17994873225688934,9281.2490234375,0.03708688645874415,-0.0008925450454979981,3
184.16900634765625,1.4595751762390137,0.17982539534568787,9281.2490234375,0.036994361682572016,-0.0007552866730389492,3
184.32699584960938,1.4595743417739868,0.1794508993625641,9281.2490234375,0.036931141205862175,-0.0007482735871482249,3
184.48500061035156,1.459568738937378,0.17916323244571686,9281.2490234375,0.037127288670213233,-0.0007995770963325928,3
184.64300537109375,1.4595755338668823,0.1790328174829483,9281.2490234375,0.03706757642509472,-0.0007567140298099253,3
184.80099487304688,1.459577202796936,0.178999662399292,9281.2490234375,0.0370123246438961,-0.0007009285003652094,3
184.95899963378906,1.4595741033554077,0.1787850260734558,9281.2490234375,0.03720130580538747,-0.0009169087016325176,3
185.11700439453125,1.459574818611145,0.17885582149028778,9281.2490234375,0.03729193113435086,-0.0007877431657944578,3
185.27499389648438,1.4595767259597778,0.17844295501708984,9281.2490234375,0.03717230497723362,-0.0008127117413465004,3
185.43299865722656,1.4595789909362793,0.17831850051879883,9281.2490234375,0.03719417665308252,-0.0008479201771575664,3
185.59100341796875,1.4595767259597778,0.17819441854953766,9281.2490234375,0.037266992479271746,-0.0008564830971116527,3
185.74900817871094,1.459577202796936,0.17804163694381714,9281.2490234375,0.03722961690496117,-0.0008046680760471398,3
185.90699768066406,1.459572672843933,0.1784869283437729,9281.2490234375,0.037130273702588486,-0.0007106464055605716,3
186.06500244140625,1.4595797061920166,0.17908982932567596,9281.2490234375,0.03706866212786126,-0.0007787452688216524,3
186.22300720214844,1.4595861434936523,0.17937451601028442,9281.2490234375,0.03718941347458103,-0.0008027557070498767,3
186.38099670410156,1.45957612991333,0.1797892451286316,9281.2490234375,0.037203802440205304,-0.0009486385716088035,3
186.53900146484375,1.4595717191696167,0.18013392388820648,9281.2490234375,0.03699125770213763,-0.0007145134087770512,3
186.69700622558594,1.4595766067504883,0.18039289116859436,9281.2490234375,0.03715437308951581,-0.0008062045681027715,3
186.85499572753906,1.4595818519592285,0.18111467361450195,9281.2490234375,0.03694098795783053,-0.0007488916195055443,3
187.01300048828125,1.459580659866333,0.18149660527706146,9281.2490234375,0.0371166250758084,-0.0008190553336677017,3
187.17100524902344,1.4598829746246338,0.1833030879497528,9281.2490234375,0.037066130738950785,-0.0007563629278967503,3
187.32899475097656,1.4595770835876465,0.1816624253988266,9281.2490234375,0.03718794747468151,-0.0008163181024322904,3
187.48699951171875,1.4595746994018555,0.18168924748897552,9281.2490234375,0.037261540425580414,-0.0007891631756766728,3
187.64500427246094,1.4595746994018555,0.18142320215702057,9281.2490234375,0.03726476615062183,-0.0006733936487155796,3
187.80299377441406,1.459578037261963,0.1814444363117218,9281.2490234375,0.03723614111872577,-0.0007323343434778172,3
187.96099853515625,1.4595881700515747,0.1815718710422516,9281.2490234375,0.037225188104834876,-0.000653457598999838,3
188.11900329589844,1.4595788717269897,0.18131029605865479,9281.2490234375,0.03720414425275179,-0.0006650356090094762,3
188.27700805664062,1.4595832824707031,0.18109379708766937,9281.2490234375,0.037102222882252664,-0.0007868100344984975,3
188.43499755859375,1.4595776796340942,0.18104013800621033,9281.2490234375,0.037061893365437616,-0.0008815052912625617,3
188.59300231933594,1.4595803022384644,0.18087433278560638,9281.2490234375,0.037241232098525805,-0.0007397180949725579,3
188.75100708007812,1.4595763683319092,0.18082216382026672,9281.2490234375,0.03720310208745998,-0.0007122698808627705,3
188.90899658203125,1.4595760107040405,0.18086574971675873,9281.2490234375,0.03715418283493174,-0.0008051546750926288,3
189.06700134277344,1.4595733880996704,0.18076440691947937,9281.2490234375,0.037155657746520326,-0.0006924239556267435,3
189.22500610351562,1.4595859050750732,0.18056951463222504,9281.2490234375,0.03735673643037483,-0.0007411970739813403,3
189.38299560546875,1.4595741033554077,0.1802617311477661,9281.2490234375,0.037293390798039304,-0.000719518228949531,3
189.54100036621094,1.4595738649368286,0.18013429641723633,9281.2490234375,0.0372362245890747,-0.0007445211275766779,3
189.69900512695312,1.4595792293548584,0.18017417192459106,9281.2490234375,0.03740249175920024,-0.0006923049375688128,3
189.85699462890625,1.4595813751220703,0.18014882504940033,9281.2490234375,0.03723666756062228,-0.0007058253607490918,3
190.01499938964844,1.459579586982727,0.18016746640205383,9281.2490234375,0.037299514048239134,-0.0006465516880735095,3
190.17300415039062,1.4595788717269897,0.18010449409484863,9281.2490234375,0.037248800047314935,-0.0004879305048503195,3
190.3310089111328,1.4595736265182495,0.18025875091552734,9281.2490234375,0.03748813862124595,-0.0007283949935506415,3
190.48899841308594,1.4595742225646973,0.18049052357673645,9281.2490234375,0.03725000243200761,-0.0007366449846228303,3
190.64700317382812,1.4595688581466675,0.1810423731803894,9281.2490234375,0.037185498574333724,-0.0005919516407001204,3
190.8050079345703,1.4595797061920166,0.18172502517700195,9281.2490234375,0.03719611312120798,-0.00046858734957894025,3
190.96299743652344,1.459579348564148,0.18251684308052063,9281.2490234375,0.03726567946395853,-0.0007160232808634368,3
191.12100219726562,1.4595792293548584,0.18296995759010315,9281.2490234375,0.037274170895301335,-0.0006065824933435586,3
191.2790069580078,1.4595788717269897,0.18283767998218536,9281.2490234375,0.03725764046692824,-0.000578270812346501,3
191.43699645996094,1.4595801830291748,0.18271471560001373,9281.2490234375,0.037304232215330996,-0.0006552188175299098,3
191.59500122070312,1.459578514099121,0.18238121271133423,9281.2490234375,0.037170607016287376,-0.0006599726050840789,3
191.7530059814453,1.459572672843933,0.18242108821868896,9281.2490234375,0.03726442165696679,-0.0007554218122655421,3
191.91099548339844,1.4595799446105957,0.18238046765327454,9281.2490234375,0.03726320068461526,-0.000536976159849983,3
192.06900024414062,1.4595810174942017,0.1823074370622635,9281.2490234375,0.03747893985185205,-0.0007596911737623029,3
192.2270050048828,1.4595811367034912,0.1822921633720398,9281.2490234375,0.037186354297672135,-0.0008619303794620104,3
192.38499450683594,1.459571361541748,0.18187259137630463,9281.2490234375,0.037343746945548345,-0.0006689426980075105,3
192.54299926757812,1.459586262702942,0.18172800540924072,9281.2490234375,0.0373053712765895,-0.0007104642118202022,3
192.7010040283203,1.4595707654953003,0.18164417147636414,9281.2490234375,0.03733641615139256,-0.0007482765220039956,3
192.8590087890625,1.4595714807510376,0.18151003122329712,9281.2490234375,0.03724344177383116,-0.0005402950486972736,3
193.01699829101562,1.4595701694488525,0.18123242259025574,9281.2490234375,0.03724250269333579,-0.0006702867089060158,3
193.1750030517578,1.4595836400985718,0.1812547743320465,9281.2490234375,0.037307617442599784,-0.0005511014291549695,3
193.3330078125,1.4595658779144287,0.18107740581035614,9281.2490234375,0.03724301686269488,-0.000590602442140466,3
193.49099731445312,1.4595756530761719,0.1808881163597107,9281.2490234375,0.03735898768446728,-0.0005753988806588359,3
193.6490020751953,1.4595775604248047,0.18045027554035187,9281.2490234375,0.03735626199254117,-0.0006597008090953901,3
193.8070068359375,1.4595637321472168,0.18033327162265778,9281.2490234375,0.03734124699398035,-0.0006314411862305434,3
193.96499633789062,1.459572434425354,0.18057996034622192,9281.2490234375,0.03731237518661185,-0.0005098549483369487,3
194.1230010986328,1.4595788717269897,0.18119776248931885,9281.2490234375,0.03732832249738978,-0.0006381531032969254,3
194.281005859375,1.45957350730896,0.18186140060424805,9281.2490234375,0.03723015702490421,-0.0006568878093741302,3
194.43899536132812,1.459568977355957,0.18216322362422943,9281.2490234375,0.03732895573132418,-0.0005748376446112464,3
194.5970001220703,1.4595750570297241,0.18257498741149902,9281.2490234375,0.03729163266201553,-0.0005325904066457574,3
194.7550048828125,1.4595814943313599,0.18299902975559235,9281.2490234375,0.03725438831691642,-0.0007716106225410408,3
194.91299438476562,1.4595733880996704,0.1834830641746521,9281.2490234375,0.03718214065346001,-0.0005050252624535943,3
195.0709991455078,1.4595662355422974,0.18378563225269318,9281.2490234375,0.037279936643385005,-0.0007520284236145875,3
195.22900390625,1.4595701694488525,0.1840311884880066,9281.2490234375,0.03741314359867721,-0.00045618635949095705,3
195.3870086669922,1.4595686197280884,0.18388177454471588,9281.2490234375,0.03721041445677871,-0.00045491395578547,3
195.5449981689453,1.4595825672149658,0.18355870246887207,9281.2490234375,0.03709492218078301,-0.0006527854379628756,3
195.7030029296875,1.4595835208892822,0.18330495059490204,9281.2490234375,0.037348528233121146,-0.0005754329672729469,3
195.8610076904297,1.459568977355957,0.18305790424346924,9281.2490234375,0.03719238993650347,-0.0005687744276020417,3
196.0189971923828,1.4595692157745361,0.182789608836174,9281.2490234375,0.037321532822416105,-0.0005929044750175365,3
196.177001953125,1.4595751762390137,0.18238717317581177,9281.2490234375,0.037290750622527465,-0.0007359610172111772,3
196.3350067138672,1.4595794677734375,0.18235178291797638,9281.2490234375,0.037290606974825585,-0.0005838069887442761,3
196.4929962158203,1.459571123123169,0.18202237784862518,9281.2490234375,0.0374629677321731,-0.0006511138396656216,3
196.6510009765625,1.4595683813095093,0.18149809539318085,9281.2490234375,0.037379114659852414,-0.0006919101253981745,3
196.8090057373047,1.4595763683319092,0.18130433559417725,9281.2490234375,0.03737399668582011,-0.0007625103397411998,3
196.9669952392578,1.4595783948898315,0.1810867190361023,9281.2490234375,0.03737691370428149,-0.00048208624400034354,3
197.125,1.4595791101455688,0.18100400269031525,9281.2490234375,0.037377592351136274,-0.0006999323889362002,3
197.2830047607422,1.4595710039138794,0.1807323545217514,9281.2490234375,0.037340714099992664,-0.0006071077061035139,3
197.4409942626953,1.4595725536346436,0.18061646819114685,9281.2490234375,0.037481161095457585,-0.000641172699497178,3
197.5989990234375,1.4595791101455688,0.18031948804855347,9281.2490234375,0.03729891659250433,-0.0006301872129769215,3
197.7570037841797,1.4595661163330078,0.18003517389297485,9281.2490234375,0.037426636073613906,-0.0006172015566334981,3
197.91500854492188,1.4595695734024048,0.179748997092247,9281.2490234375,0.037336283217838113,-0.0006189359465111222,3
198.072998046875,1.4595731496810913,0.17988017201423645,9281.2490234375,0.03738358727298858,-0.0005076945454688046,3
198.2310028076172,1.4595654010772705,0.17979595065116882,9281.2490234375,0.037285642787496596,-0.000552175573041825,3
198.38900756835938,1.4595781564712524,0.18015702068805695,9281.2490234375,0.03741266545650986,-0.0005870561979081023,3
198.5469970703125,1.45957612991333,0.18048381805419922,9281.2490234375,0.037426961368092364,-0.0005575679612047122,3
198.7050018310547,1.4595812559127808,0.1806030571460724,9281.2490234375,0.037401333689353916,-0.0005722953079939742,3
198.86300659179688,1.459575891494751,0.1811772733926773,9281.2490234375,0.037375744544423294,-0.0007691763923543443,3
199.02099609375,1.4595763683319092,0.1815890222787857,9281.2490234375,0.03727127952339343,-0.0004924644032184369,3
199.1790008544922,1.4595786333084106,0.18207082152366638,9281.2490234375,0.03727400222384405,-0.0005383562274301405,3
199.33700561523438,1.4595768451690674,0.18175111711025238,9281.2490234375,0.03741230512608002,-0.0005368921699040272,3
199.4949951171875,1.4595838785171509,0.1817634105682373,9281.2490234375,0.03729860300875334,-0.0005648528489334539,3
199.6529998779297,1.4595749378204346,0.18157002329826355,9281.2490234375,0.03726514668640504,-0.0005863810579362496,3
199.81100463867188,1.4595757722854614,0.18109901249408722,9281.2490234375,0.037335252997679924,-0.0005816634783947002,3
199.96900939941406,1.4595692157745361,0.18059560656547546,9281.2490234375,0.03735319414070439,-0.0005543935284692467,3
200.1269989013672,1.459574580192566,0.18029527366161346,9281.2490234375,0.03751165148544025,-0.0005797085095456525,3
200.28500366210938,1.4595836400985718,0.18005716800689697,9281.2490234375,0.03740577677952475,-0.00043019435222735477,3
200.44300842285156,1.459584355354309,0.17977285385131836,9281.2490234375,0.03735262727863003,-0.0004484521294602274,3
200.6009979248047,1.459570050239563,0.17965435981750488,9281.2490234375,0.0374935669628638,-0.0005315537686279976,3
200.75900268554688,1.4595698118209839,0.17933203279972076,9281.2490234375,0.03745174438932854,-0.0006536206755262314,3
200.91700744628906,1.459571123123169,0.17902164161205292,9281.2490234375,0.03749195364175855,-0.0005991010906302934,3
201.0749969482422,1.4595649242401123,0.1786952167749405,9281.2490234375,0.037556691652832916,-0.0006359531668179013,3
201.23300170898438,1.4595799446105957,0.17845413088798523,9281.2490234375,0.03748462163475684,-0.0005919353025262071,3
201.39100646972656,1.4595707654953003,0.1784120351076126,9281.2490234375,0.037383077097688455,-0.0005952216814159639,3
201.5489959716797,1.4595756530761719,0.17817914485931396,9281.2490234375,0.03745392222026473,-0.00041107565533397036,3
201.70700073242188,1.4595838785171509,0.17797605693340302,9281.2490234375,0.03741849250041421,-0.0005069149140280086,3
201.86500549316406,1.4595775604248047,0.17768578231334686,9281.2490234375,0.037405464715032116,-0.00047415033156873997,3
202.0229949951172,1.4595755338668823,0.17751139402389526,9281.2490234375,0.03750753500535041,-0.000548996502182953,3
202.18099975585938,1.4595868587493896,0.1775836944580078,9281.2490234375,0.0373299561759384,-0.0005816588519777058,3
202.33900451660156,1.459575891494751,0.1778314858675003,9281.2490234375,0.037427893120535724,-0.00045805746008294846,3
202.49700927734375,1.4595823287963867,0.17809715867042542,9281.2490234375,0.037396767225857046,-0.0005525075140529556,3
202.65499877929688,1.459574818611145,0.17825590074062347,9281.2490234375,0.03741096689778657,-0.0005235401405120615,3
202.81300354003906,1.4595742225646973,0.17906486988067627,9281.2490234375,0.0374812917757772,-0.0005225266491900882,3
202.97100830078125,1.459570288658142,0.17952319979667664,9281.2490234375,0.03752633403839338,-0.0005616877519626235,3
203.12899780273438,1.4595738649368286,0.17981533706188202,9281.2490234375,0.03738704264114258,-0.00046677130016612735,3
203.28700256347656,1.459572672843933,0.1799323409795761,9281.2490234375,0.037530035524756394,-0.00044148976857603765,3
203.44500732421875,1.4595837593078613,0.179719939827919,9281.2490234375,0.03744309386855799,-0.00043007443563165007,3
203.60299682617188,1.4595774412155151,0.17961671948432922,9281.2490234375,0.0375038998963456,-0.0005387432257005099,3
203.76100158691406,1.459585189819336,0.17931750416755676,9281.2490234375,0.03741661273399084,-0.0004506813276253707,3
203.91900634765625,1.4595773220062256,0.17914386093616486,9281.2490234375,0.03739210854384208,-0.000502830348158542,3
204.07699584960938,1.4595860242843628,0.17877347767353058,9281.2490234375,0.03741119617064015,-0.00037722392300740444,3
204.23500061035156,1.4595768451690674,0.17853611707687378,9281.2490234375,0.0374153748231143,-0.0005016643785627043,3
204.39300537109375,1.459586262702942,0.1783457100391388,9281.2490234375,0.03741344084090023,-0.0005424935873517906,3
204.55099487304688,1.4595849514007568,0.17827527225017548,9281.2490234375,0.03745562412791258,-0.0005807269450151173,3
204.70899963378906,1.459580898284912,0.17810051143169403,9281.2490234375,0.03754176092615177,-0.00046589646885163903,3
204.86700439453125,1.4595746994018555,0.17770442366600037,9281.2490234375,0.03742864148623897,-0.0005626449267677441,3
205.02500915527344,1.459579586982727,0.1775836944580078,9281.2490234375,0.03752075484860568,-0.0005713689632739061,3
205.18299865722656,1.4595866203308105,0.17730794847011566,9281.2490234375,0.03753991100504465,-0.0005031125989126413,3
205.34100341796875,1.459582805633545,0.17716822028160095,9281.2490234375,0.0374849214206968,-0.0005535685678260044,3
205.49900817871094,1.459585189819336,0.17684589326381683,9281.2490234375,0.037534786291582856,-0.00045949991624347826,3
205.65699768066406,1.4595774412155151,0.17670056223869324,9281.2490234375,0.03746974942598741,-0.0005392333070660552,3
205.81500244140625,1.4598801136016846,0.1778750866651535,9281.2490234375,0.03755580429950298,-0.0006371024956967566,3
205.97300720214844,1.4595847129821777,0.1762005090713501,9281.2490234375,0.0375779829855913,-0.00041884172016969854,3
206.13099670410156,1.4595848321914673,0.1763298064470291,9281.2490234375,0.03744750269893596,-0.00040027896264302,3
206.28900146484375,1.4595787525177002,0.17644718289375305,9281.2490234375,0.037627955947685574,-0.0005912868764447242,3
206.44700622558594,1.459578275680542,0.17670989036560059,9281.2490234375,0.03751536904562561,-0.0005559416697005568,3
206.60499572753906,1.4595756530761719,0.17733849585056305,9281.2490234375,0.037546306390669894,-0.00044786769147632483,3
206.76300048828125,1.4595681428909302,0.17768988013267517,9281.2490234375,0.03759157589777046,-0.0005224595162857484,3
206.92100524902344,1.4595839977264404,0.1782488226890564,9281.2490234375,0.03750596087470572,-0.000530314105761024,3
207.07899475097656,1.4595792293548584,0.17890501022338867,9281.2490234375,0.037419071885506625,-0.0004876535924786253,3
207.23699951171875,1.4595789909362793,0.17908312380313873,9281.2490234375,0.037421154019703806,-0.0005272744743140061,3
207.39500427246094,1.459577202796936,0.17919491231441498,9281.2490234375,0.03740284714710341,-0.00046552821143834697,3
207.55300903320312,1.45957350730896,0.1789746880531311,9281.2490234375,0.03738580171345191,-0.00042896395505149257,3
207.71099853515625,1.4595884084701538,0.1786080300807953,9281.2490234375,0.037545148937078984,-0.0004955548040291091,3
207.86900329589844,1.4595792293548584,0.1784578561782837,9281.2490234375,0.03744743460244501,-0.00047605749920360353,3
208.02700805664062,1.4595825672149658,0.17805543541908264,9281.2490234375,0.037509868141655224,-0.0005041232186140644,3
208.18499755859375,1.4595952033996582,0.17798462510108948,9281.2490234375,0.037410292846565926,-0.0004922404639254835,3
208.34300231933594,1.4595696926116943,0.17771373689174652,9281.2490234375,0.037459557522002626,-0.0004157956179547561,3
208.50100708007812,1.4595826864242554,0.17767088115215302,9281.2490234375,0.03750805948293221,-0.0005799213410585271,3
208.65899658203125,1.4595773220062256,0.17746146023273468,9281.2490234375,0.03759055431466188,-0.000343199013272269,3
208.81700134277344,1.4595768451690674,0.17708101868629456,9281.2490234375,0.03734821539214086,-0.0004285126525569631,3
208.97500610351562,1.4595825672149658,0.17688129842281342,9281.2490234375,0.03746893538610994,-0.0005521284669731777,3
209.13299560546875,1.4595762491226196,0.17670391499996185,9281.2490234375,0.03752467329767449,-0.0004303493295431416,3
209.29100036621094,1.4595741033554077,0.17647290229797363,9281.2490234375,0.0374789278725435,-0.00046593891399828444,3
209.44900512695312,1.4595694541931152,0.17625156044960022,9281.2490234375,0.037499663461005216,-0.0004729389811798847,3
209.6070098876953,1.4595756530761719,0.17599071562290192,9281.2490234375,0.037507520733795735,-0.0005779273056431239,3
209.76499938964844,1.459575891494751,0.17580924928188324,9281.2490234375,0.03754830502656033,-0.0004438356074780273,3
209.92300415039062,1.4595774412155151,0.17570267617702484,9281.2490234375,0.03754492523805792,-0.0004781026242129984,3
210.0810089111328,1.45958411693573,0.1757071614265442,9281.2490234375,0.03754472295343582,-0.000462602812947635,3
210.23899841308594,1.4595849514007568,0.1757936030626297,9281.2490234375,0.037564244822418554,-0.0003905231413158063,3
210.39700317382812,1.4595801830291748,0.1762053519487381,9281.2490234375,0.037630070142455306,-0.00042019394309022394,3
210.5550079345703,1.459580421447754,0.1764967441558838,9281.2490234375,0.03761315741836929,-0.0004442299775482942,3
210.71299743652344,1.4595825672149658,0.17690178751945496,9281.2490234375,0.03740766097431693,-0.0005097252660858578,3
210.87100219726562,1.4595752954483032,0.17755648493766785,9281.2490234375,0.03751261085891916,-0.000523737049416275,3
211.0290069580078,1.4595787525177002,0.17806623876094818,9281.2490234375,0.03765102005942493,-0.00043984253267141584,3
211.18699645996094,1.4595731496810913,0.17840123176574707,9281.2490234375,0.03762857891493123,-0.0004108190299775501,3
211.34500122070312,1.459578514099121,0.17846083641052246,9281.2490234375,0.03748227806190943,-0.0004264846954522601,3
211.5030059814453,1.4595799446105957,0.17845487594604492,9281.2490234375,0.037405905450972686,-0.0004826787124313905,3
211.66099548339844,1.4595707654953003,0.17814113199710846,9281.2490234375,0.03758590539149491,-0.00048168969463092617,3
211.81900024414062,1.4595770835876465,0.17792686820030212,9281.2490234375,0.037523518576170714,-0.0004284436956294075,3
211.9770050048828,1.459581971168518,0.17773832380771637,9281.2490234375,0.03755879939026311,-0.0003843587640293797,3
212.135009765625,1.4595775604248047,0.17735937237739563,9281.2490234375,0.037526391942879204,-0.0006467349123159451,3
212.29299926757812,1.4595837593078613,0.17709554731845856,9281.2490234375,0.0374564250511488,-0.0004794318846488971,3
212.4510040283203,1.4595754146575928,0.1768399327993393,9281.2490234375,0.03756337176157396,-0.0003974242290259391,3
212.6090087890625,1.4595855474472046,0.17676019668579102,9281.2490234375,0.03761135550346907,-0.00047748665964015213,3
212.76699829101562,1.4595907926559448,0.17655524611473083,9281.2490234375,0.03743939896935246,-0.00037324558493773987,3
212.9250030517578,1.4595838785171509,0.1761956661939621,9281.2490234375,0.03751048932317375,-0.0003122142366593707,3
213.0830078125,1.4595812559127808,0.17600972950458527,9281.2490234375,0.037512459696025575,-0.00047249880781004093,3
213.24099731445312,1.4595800638198853,0.1756434291601181,9281.2490234375,0.03742703889817258,-0.00035878124683555494,3
213.3990020751953,1.459581971168518,0.17535166442394257,9281.2490234375,0.037550632947346424,-0.0003838834679625347,3
213.5570068359375,1.4595797061920166,0.1752074658870697,9281.2490234375,0.037583518414788686,-0.0005145951289413429,3
213.71499633789062,1.459580421447754,0.17501817643642426,9281.2490234375,0.03754024987072964,-0.00044073771182657047,3
180.2519989013672,1.4603859186172485,0.23047909140586853,6322.931640625,0.036752488518189796,0.0009483979658449093,4
180.44400024414062,1.4595611095428467,0.1999165117740631,6322.931640625,0.03686311323075059,0.0012114825662732469,4
180.63499450683594,1.4595615863800049,0.1935267597436905,6322.931640625,0.03692981051246411,0.0012930407040598222,4
180.82699584960938,1.4595693349838257,0.19050627946853638,6322.931640625,0.03699060852111333,0.0012638399402731674,4
181.0189971923828,1.4595643281936646,0.18813638389110565,6322.931640625,0.036929971431451755,0.0012923308990164944,4
181.21099853515625,1.4595715999603271,0.18618980050086975,6322.931640625,0.03706549975701396,0.001276186258880894,4
181.4029998779297,1.4595686197280884,0.18440717458724976,6322.931640625,0.037103197847324645,0.0014402073646196734,4
181.59500122070312,1.4595553874969482,0.1831834763288498,6322.931640625,0.03704955590183351,0.0013401897314179083,4
181.78700256347656,1.459566593170166,0.18260814249515533,6322.931640625,0.0370979071046807,0.0014427801452813061,4
181.97799682617188,1.4595558643341064,0.18272216618061066,6322.931640625,0.03714403355966412,0.001432566387945105,4
182.1699981689453,1.4595599174499512,0.18289320170879364,6322.931640625,0.03717872579972886,0.0014606901272677367,4
182.36199951171875,1.4595654010772705,0.18290922045707703,6322.931640625,0.037105378375642,0.0014855463136174876,4
182.5540008544922,1.4595558643341064,0.18263684213161469,6322.931640625,0.037033086587875214,0.0014571590650357584,4
182.74600219726562,1.4595648050308228,0.18214832246303558,6322.931640625,0.037092388455724074,0.001484986391197952,4
182.93699645996094,1.4595621824264526,0.18212634325027466,6322.931640625,0.03715627227361192,0.001557982820195639,4
183.12899780273438,1.4595575332641602,0.1817649006843567,6322.931640625,0.0370528806431499,0.0015213785559211022,4
183.32000732421875,1.4595606327056885,0.181207075715065,6322.931640625,0.037176116361531404,0.0014748134671428695,4
183.51100158691406,1.4595626592636108,0.18045325577259064,6322.931640625,0.03716542368350523,0.0015326476070401938,4
183.70199584960938,1.4595643281936646,0.18001766502857208,6322.931640625,0.03707357446013537,0.0016816811976940764,4
183.89300537109375,1.4595558643341064,0.1800169199705124,6322.931640625,0.03719702839619036,0.0016387003472907583,4
184.0850067138672,1.4595487117767334,0.18010373413562775,6322.931640625,0.03708462500982533,0.0016336521209470573,4
184.27700805664062,1.4595680236816406,0.17968937754631042,6322.931640625,0.037100820337393495,0.0016149157224299884,4
184.468994140625,1.4595609903335571,0.1792411208152771,6322.931640625,0.03715154093465752,0.0016236683966116233,4
184.66099548339844,1.459563970565796,0.17877161502838135,6322.931640625,0.03708810159018592,0.0017122505039287527,4
184.85299682617188,1.4595630168914795,0.17843550443649292,6322.931640625,0.03711094245057483,0.0016114248380935177,4
185.0449981689453,1.4595637321472168,0.1785741150379181,6322.931640625,0.03712113479856608,0.0016997845806695124,4
185.23699951171875,1.4595608711242676,0.17860057950019836,6322.931640625,0.0372753007862787,0.0016246429703866013,4
185.42799377441406,1.459568738937378,0.17852529883384705,6322.931640625,0.03718889483069086,0.001761169012264444,4
185.6199951171875,1.459561824798584,0.1783546507358551,6322.931640625,0.037222971908051225,0.0016404746018133176,4
185.81199645996094,1.4595484733581543,0.17862442135810852,6322.931640625,0.037326022216853286,0.001747622126266631,4
186.0030059814453,1.459557056427002,0.1792861968278885,6322.931640625,0.03724899186327998,0.0017659999273867766,4
186.19400024414062,1.4595626592636108,0.18054157495498657,6322.931640625,0.03738418138420246,0.0017390902200502942,4
186.38499450683594,1.4595630168914795,0.1813468188047409,6322.931640625,0.037251191103786,0.001754096470752606,4
186.57699584960938,1.4595600366592407,0.18158604204654694,6322.931640625,0.037200850666390034,0.0017323261670341543,4
186.7689971923828,1.4595686197280884,0.18138518929481506,6322.931640625,0.03729260285042163,0.0017834174556428388,4
186.9600067138672,1.4595621824264526,0.18105989694595337,6322.931640625,0.0371723016672387,0.0017764119004277936,4
187.1510009765625,1.4595592021942139,0.18145114183425903,6322.931640625,0.03720882931609125,0.0018426932285512529,4
187.34300231933594,1.4595725536346436,0.18132109940052032,6322.931640625,0.03729360709972608,0.0017341371674405354,4
187.53500366210938,1.459553837776184,0.1809033900499344,6322.931640625,0.037209203055909995,0.0018324692223491111,4
187.7270050048828,1.4595696926116943,0.1804666817188263,6322.931640625,0.037314991711837976,0.0017530349166985455,4
187.91900634765625,1.4595625400543213,0.18006648123264313,6322.931640625,0.03725220967735265,0.0018865830278860254,4
188.1110076904297,1.459563136100769,0.18003778159618378,6322.931640625,0.03732673662502556,0.0018793374513433562,4
188.30299377441406,1.4595588445663452,0.18034034967422485,6322.931640625,0.037226259717146035,0.0017507965673739412,4
188.4949951171875,1.4595638513565063,0.180325448513031,6322.931640625,0.037324360508666214,0.0017429291158799372,4
188.68699645996094,1.4595520496368408,0.17969682812690735,6322.931640625,0.03746762965906235,0.001735193820985271,4
188.87899780273438,1.4595601558685303,0.17926831543445587,6322.931640625,0.03736106051768792,0.0017516015426445768,4
189.0709991455078,1.4595601558685303,0.1790820062160492,6322.931640625,0.03738425797101297,0.0018269133797269824,4
189.26300048828125,1.4595558643341064,0.17952169477939606,6322.931640625,0.03739131440504396,0.001821860866628158,4
189.4550018310547,1.459561824798584,0.1795034408569336,6322.931640625,0.0373278603151653,0.0018192553015981055,4
189.64599609375,1.4595601558685303,0.17946654558181763,6322.931640625,0.03738238345545267,0.0017902434936469275,4
189.83700561523438,1.4595491886138916,0.17955337464809418,6322.931640625,0.03737996662441247,0.001859570923125082,4
190.0290069580078,1.4595526456832886,0.18005679547786713,6322.931640625,0.037359798312751685,0.0018693967758637423,4
190.22100830078125,1.4598580598831177,0.18255820870399475,6322.931640625,0.03732806504985478,0.0018390433019023085,4
190.41200256347656,1.459560751914978,0.1820201426744461,6322.931640625,0.037252878002714145,0.0017214287330313482,4
190.60299682617188,1.4595575332641602,0.18223142623901367,6322.931640625,0.03742245884375372,0.0018227836185887496,4
190.79400634765625,1.4595597982406616,0.1819344460964203,6322.931640625,0.03742653744112428,0.0017836112403286435,4
190.9860076904297,1.4595599174499512,0.18150144815444946,6322.931640625,0.037340974374647076,0.0017992762577098077,4
191.17800903320312,1.4595630168914795,0.18158864974975586,6322.931640625,0.0372994784941427,0.0018152245987278787,4
191.36900329589844,1.4595633745193481,0.18173731863498688,6322.931640625,0.037278170775208376,0.0018690523421933058,4
191.56100463867188,1.4595565795898438,0.1814306527376175,6322.931640625,0.03742057680938913,0.0018817466759912995,4
191.7519989013672,1.4595551490783691,0.18098163604736328,6322.931640625,0.03743939455087335,0.00188460129334809,4
191.94400024414062,1.4595534801483154,0.18052740395069122,6322.931640625,0.03733803762728427,0.0017941603487355413,4
192.13499450683594,1.459550142288208,0.18020956218242645,6322.931640625,0.03737168692069816,0.0017614135156511143,4
192.3260040283203,1.459559679031372,0.18020732700824738,6322.931640625,0.03742809823847236,0.001825410773697785,4
192.51800537109375,1.459559440612793,0.1800977736711502,6322.931640625,0.037457469228864414,0.0017786184075089216,4
192.7100067138672,1.4595580101013184,0.17981421947479248,6322.931640625,0.037416658634505676,0.0019934060107857153,4
192.90200805664062,1.4595462083816528,0.17926160991191864,6322.931640625,0.037462191814931656,0.0018686263526654814,4
193.093994140625,1.4595606327056885,0.17896723747253418,6322.931640625,0.03748223915172448,0.0019921837417679468,4
193.28500366210938,1.4595553874969482,0.17896798253059387,6322.931640625,0.03747259126115448,0.0019552506181946105,4
193.4770050048828,1.4595494270324707,0.17926719784736633,6322.931640625,0.037540216755925025,0.001993209856300906,4
193.66799926757812,1.4595563411712646,0.1792895495891571,6322.931640625,0.03760603044242849,0.0018927353781707603,4
193.86000061035156,1.4595590829849243,0.17956939339637756,6322.931640625,0.03741404320623384,0.0019506594761280682,4
194.05099487304688,1.4595494270324707,0.1797303706407547,6322.931640625,0.037517930762729454,0.0018837681554348619,4
194.2429962158203,1.4595526456832886,0.18044506013393402,6322.931640625,0.03735012998425683,0.001972398985367512,4
194.43499755859375,1.4595611095428467,0.18148691952228546,6322.931640625,0.03734357167689774,0.0019240599393156124,4
194.6269989013672,1.459556221961975,0.18172018229961395,6322.931640625,0.03745658562317836,0.001985066345667667,4
194.81900024414062,1.4595454931259155,0.18151523172855377,6322.931640625,0.0374751371725912,0.0020837189733362424,4
195.01100158691406,1.4595577716827393,0.18110720813274384,6322.931640625,0.03737872154162416,0.002050908656492196,4
195.20199584960938,1.4595469236373901,0.18070515990257263,6322.931640625,0.03746658517844563,0.0019598569251862118,4
195.39300537109375,1.4595508575439453,0.1806686371564865,6322.931640625,0.037440961432148694,0.0019537009300321624,4
195.58399963378906,1.459552526473999,0.18070925772190094,6322.931640625,0.03749913300423026,0.001964813777383003,4
195.7760009765625,1.4595601558685303,0.18062540888786316,6322.931640625,0.03732666337460438,0.0018776471042438042,4
195.96800231933594,1.459558129310608,0.1802472025156021,6322.931640625,0.03759263101899065,0.0019440456545555748,4
196.16000366210938,1.4595563411712646,0.17978179454803467,6322.931640625,0.037434726589130864,0.0019374459463209783,4
196.3520050048828,1.4595550298690796,0.17962081730365753,6322.931640625,0.03744103271316353,0.0019513505590604485,4
196.54400634765625,1.4595459699630737,0.17977769672870636,6322.931640625,0.037645277229550016,0.0019543546924298866,4
196.7360076904297,1.459552526473999,0.17955933511257172,6322.931640625,0.03762047141913371,0.001996585026047247,4
196.92800903320312,1.4595532417297363,0.1791200190782547,6322.931640625,0.03758520941633007,0.0020017678870398055,4
197.1199951171875,1.4595518112182617,0.17862963676452637,6322.931640625,0.037545186659687514,0.0019132130000762363,4
197.31100463867188,1.4595597982406616,0.17842693626880646,6322.931640625,0.03742974350647931,0.0019832947973437097,4
197.5019989013672,1.4595634937286377,0.17874179780483246,6322.931640625,0.03760201549066222,0.002004218320547917,4
197.69300842285156,1.4595506191253662,0.179048091173172,6322.931640625,0.037532093135869464,0.0020161734144732374,4
197.88499450683594,1.4595654010772705,0.17931415140628815,6322.931640625,0.0373615548214216,0.001864142338064641,4
198.07699584960938,1.4595627784729004,0.17965584993362427,6322.931640625,0.03751156917130694,0.0019882269148017197,4
198.2689971923828,1.4595578908920288,0.18021366000175476,6322.931640625,0.03742387238836995,0.0018601395180359746,4
198.4600067138672,1.4595613479614258,0.18098722398281097,6322.931640625,0.03740419523371493,0.0019588962587019127,4
198.6510009765625,1.4595577716827393,0.18130582571029663,6322.931640625,0.037552501138038756,0.001990252779325459,4
198.84300231933594,1.4595519304275513,0.18121564388275146,6322.931640625,0.03745187434925753,0.0019896385890334207,4
199.03399658203125,1.4595533609390259,0.18082886934280396,6322.931640625,0.037524404305752816,0.0021071556845555076,4
199.22500610351562,1.4595576524734497,0.18043909966945648,6322.931640625,0.037526963889924624,0.0021542527239873897,4
199.41700744628906,1.459551453590393,0.18016670644283295,6322.931640625,0.03746331001186923,0.0019930715456972486,4
199.6090087890625,1.4595595598220825,0.18037612736225128,6322.931640625,0.03741738456777816,0.0021278781945345006,4
199.80099487304688,1.4595574140548706,0.18017901480197906,6322.931640625,0.03757495684106585,0.002030376060787091,4
199.9929962158203,1.4595547914505005,0.17982016503810883,6322.931640625,0.037599224931924934,0.0021450272525862274,4
200.18499755859375,1.45956289768219,0.17943748831748962,6322.931640625,0.03755808352134366,0.001966277344578272,4
200.3769989013672,1.4595564603805542,0.17914795875549316,6322.931640625,0.03754171623436913,0.002051682397073617,4
200.56800842285156,1.4595614671707153,0.1790175437927246,6322.931640625,0.03757498293461709,0.001985017332493457,4
200.75900268554688,1.4595609903335571,0.17909541726112366,6322.931640625,0.03754780653045437,0.0020605474770608585,4
200.9510040283203,1.459547519683838,0.17885954678058624,6322.931640625,0.03740526212698746,0.0019502195408797767,4
201.14199829101562,1.4595483541488647,0.17840084433555603,6322.931640625,0.03757203804785709,0.0020831517920466515,4
201.33399963378906,1.4595640897750854,0.1781124323606491,6322.931640625,0.037530533887616346,0.002160353102525547,4
201.52500915527344,1.4595552682876587,0.17814113199710846,6322.931640625,0.037632068322207786,0.00214738478539237,4
201.71600341796875,1.4595619440078735,0.17868515849113464,6322.931640625,0.03758146313299701,0.0020520117271004236,4
201.9080047607422,1.4595589637756348,0.1790667325258255,6322.931640625,0.037625684376770524,0.001980592920458991,4
202.10000610351562,1.4595578908920288,0.1793726533651352,6322.931640625,0.03750758875197192,0.0020023442587571204,4
202.29200744628906,1.4595692157745361,0.17991891503334045,6322.931640625,0.03753866186625218,0.0021100751543584786,4
202.48300170898438,1.4595580101013184,0.18033252656459808,6322.931640625,0.037511790607722875,0.002030770476118421,4
202.6739959716797,1.4595608711242676,0.1805344969034195,6322.931640625,0.037583300230480295,0.0020627896414841876,4
202.86500549316406,1.4595584869384766,0.1806749701499939,6322.931640625,0.037360465825037624,0.0020492190593075837,4
203.05599975585938,1.4595551490783691,0.18046556413173676,6322.931640625,0.037582327331028786,0.0019938912279553996,4
203.2480010986328,1.4595588445663452,0.18005456030368805,6322.931640625,0.03752910038921554,0.0020550695584507874,4
203.44000244140625,1.4595590829849243,0.17949822545051575,6322.931640625,0.037533654574509884,0.001982164650220235,4
203.6320037841797,1.4595625400543213,0.1792258322238922,6322.931640625,0.037577131675756055,0.002064165173515353,4
203.82400512695312,1.4595590829849243,0.17940282821655273,6322.931640625,0.03751350047648003,0.002171337382619025,4
204.01600646972656,1.4595588445663452,0.1792023628950119,6322.931640625,0.03758579453119359,0.0021808042279517843,4
204.20700073242188,1.4595520496368408,0.17885135114192963,6322.931640625,0.03750479153751908,0.0020754499741757076,4
204.3979949951172,1.45955491065979,0.1782681941986084,6322.931640625,0.03748005018984536,0.002092375430689979,4
204.58900451660156,1.4595482349395752,0.17795370519161224,6322.931640625,0.03749210166483364,0.0020945501418204583,4
204.781005859375,1.4595561027526855,0.17791420221328735,6322.931640625,0.0376575288812216,0.0022469371850682178,4
204.97300720214844,1.4595484733581543,0.17767386138439178,6322.931640625,0.03773334642221791,0.0020711739339780047,4
205.16400146484375,1.4595491886138916,0.17753785848617554,6322.931640625,0.037683630780184066,0.0020364352677587983,4
205.3560028076172,1.4595524072647095,0.17721478641033173,6322.931640625,0.037783922389598934,0.002087106019520405,4
205.54800415039062,1.4595524072647095,0.17691855132579803,6322.931640625,0.037762932893276244,0.0020275534979903127,4
205.74000549316406,1.4595431089401245,0.17716671526432037,6322.931640625,0.037431383720001855,0.002046962847938892,4
205.93099975585938,1.4595519304275513,0.17798015475273132,6322.931640625,0.03759102117015078,0.0021671513181072107,4
206.1230010986328,1.4595553874969482,0.17861175537109375,6322.931640625,0.03766406702245993,0.0020288374624693292,4
206.31399536132812,1.4595437049865723,0.17911964654922485,6322.931640625,0.037633565119650006,0.0020308388691129406,4
206.50599670410156,1.4595531225204468,0.17922955751419067,6322.931640625,0.03760504227505188,0.002031435247392898,4
206.697998046875,1.459549903869629,0.17931228876113892,6322.931640625,0.03756118610028609,0.002002091474492825,4
206.88999938964844,1.459547758102417,0.1794050633907318,6322.931640625,0.03761775177595203,0.002046285909708717,4
207.0810089111328,1.45956552028656,0.17955635488033295,6322.931640625,0.037624184880265414,0.0019914668879453443,4
207.2729949951172,1.4595592021942139,0.179038405418396,6322.931640625,0.037642816053849115,0.002155689809910043,4
207.46400451660156,1.4595612287521362,0.17835763096809387,6322.931640625,0.037583471692293396,0.0021504573867851566,4
207.656005859375,1.459546685218811,0.17811131477355957,6322.931640625,0.03770943842237099,0.002145445264190924,4
207.84800720214844,1.4595484733581543,0.17767758667469025,6322.931640625,0.03762896786461667,0.0020663489690202303,4
208.03900146484375,1.459549903869629,0.17771708965301514,6322.931640625,0.037673526419387114,0.0022515514451550713,4
208.22999572753906,1.4595519304275513,0.17765486240386963,6322.931640625,0.03762891439022122,0.002010334981823264,4
208.42100524902344,1.4595608711242676,0.17717081308364868,6322.931640625,0.037728324605960484,0.002206249933023486,4
208.61199951171875,1.4595481157302856,0.17649786174297333,6322.931640625,0.037765536472587104,0.002107978909356848,4
208.8040008544922,1.459560513496399,0.17686191201210022,6322.931640625,0.037640226784878196,0.0020752574360098255,4
208.9949951171875,1.4595541954040527,0.17635402083396912,6322.931640625,0.03766986082122467,0.0021146659956331874,4
209.18699645996094,1.4595526456832886,0.1764289289712906,6322.931640625,0.037611667454486165,0.002172628750076275,4
209.37899780273438,1.4595489501953125,0.1759486049413681,6322.931640625,0.03772653948472848,0.00211274525718727,4
209.5709991455078,1.4595407247543335,0.1754455715417862,6322.931640625,0.03767847813072563,0.002198553171735215,4
209.76300048828125,1.4595462083816528,0.17594487965106964,6322.931640625,0.03761567953371719,0.0021362826029591316,4
209.95399475097656,1.4595589637756348,0.17640656232833862,6322.931640625,0.037613390975434625,0.0021348728585920936,4
210.14599609375,1.4595533609390259,0.17718051373958588,6322.931640625,0.037701810619684174,0.0021010135498169243,4
210.33700561523438,1.4595462083816528,0.17765896022319794,6322.931640625,0.03768045626147201,0.002041325095496163,4
210.5279998779297,1.459557056427002,0.1779000461101532,6322.931640625,0.03761474328620995,0.0021105462944336043,4
210.72000122070312,1.4595609903335571,0.17788177728652954,6322.931640625,0.03760251501200699,0.0021422198569652513,4
210.91099548339844,1.4595539569854736,0.17774949967861176,6322.931640625,0.03757366999768824,0.002052763803141954,4
211.10299682617188,1.4595519304275513,0.17754493653774261,6322.931640625,0.03755906805545566,0.00213148638365895,4
211.2949981689453,1.4595500230789185,0.17742308974266052,6322.931640625,0.037544306596291294,0.0021113846896646657,4
211.48699951171875,1.459560751914978,0.17691370844841003,6322.931640625,0.037712424252759474,0.002196659033573314,4
211.6790008544922,1.4595584869384766,0.1765064299106598,6322.931640625,0.03766797719381823,0.0021784945853592563,4
211.87100219726562,1.4595540761947632,0.17650829255580902,6322.931640625,0.03756534382894292,0.002239216649059053,4
212.06300354003906,1.45955491065979,0.17609617114067078,6322.931640625,0.037595161318264105,0.0022755882222777043,4
212.25399780273438,1.4598615169525146,0.17741040885448456,6322.931640625,0.03770393731201054,0.0021434796625470908,4
212.44500732421875,1.4595621824264526,0.175949364900589,6322.931640625,0.03772116093128599,0.0021082896144348955,4
212.6370086669922,1.4595621824264526,0.17535650730133057,6322.931640625,0.037692266680850815,0.002248685241854842,4
212.82901000976562,1.4595495462417603,0.17515715956687927,6322.931640625,0.03777626596798211,0.002166173947290106,4
213.02000427246094,1.4595401287078857,0.17469622194766998,6322.931640625,0.03772927559849294,0.0021207716416359237,4
213.21200561523438,1.4595597982406616,0.17504797875881195,6322.931640625,0.037739814835801355,0.002123259583584055,4
213.4040069580078,1.4595489501953125,0.17489631474018097,6322.931640625,0.037709014545339065,0.0021169857156451656,4
213.59600830078125,1.4595508575439453,0.17419207096099854,6322.931640625,0.037694475088338404,0.00202663586665667,4
213.78700256347656,1.4595513343811035,0.17463958263397217,6322.931640625,0.037669875067532436,0.0022080003346114942,4
213.97799682617188,1.4595569372177124,0.175221249461174,6322.931640625,0.037555241505380255,0.002132508841472581,4
214.1699981689453,1.4595543146133423,0.17616435885429382,6322.931640625,0.03757370183157191,0.0022178516902211618,4
214.36199951171875,1.4595516920089722,0.17655785381793976,6322.931640625,0.0376359340940356,0.0021627948965718307,4
214.5540008544922,1.4595444202423096,0.17654220759868622,6322.931640625,0.03758869719256837,0.0021761080028959313,4
214.7449951171875,1.4595410823822021,0.17650754749774933,6322.931640625,0.03763208360430441,0.0020877409401917216,4
214.93699645996094,1.4595497846603394,0.17648854851722717,6322.931640625,0.03759440156206541,0.0022883899737465435,4
215.12899780273438,1.459550142288208,0.17667187750339508,6322.931640625,0.0376063838868187,0.00214384351529466,4
215.3209991455078,1.4595474004745483,0.17644792795181274,6322.931640625,0.037609464642157066,0.0022489916413016573,4
215.5120086669922,1.4595533609390259,0.17581558227539062,6322.931640625,0.037535837097708816,0.0022002784678534833,4
215.7030029296875,1.4595584869384766,0.17551226913928986,6322.931640625,0.037738349570307916,0.0022085662166967017,4
215.89500427246094,1.4595553874969482,0.17543812096118927,6322.931640625,0.03772691379427341,0.0022653489467457655,4
216.08599853515625,1.45955228805542,0.17532670497894287,6322.931640625,0.03760004357536439,0.002241150105531695,4
216.2779998779297,1.4595569372177124,0.17541314661502838,6322.931640625,0.037775844028371475,0.0021567241282787245,4
216.47000122070312,1.4595532417297363,0.17496973276138306,6322.931640625,0.03780254673017136,0.0022640290828416544,4
216.66099548339844,1.4595504999160767,0.17433887720108032,6322.931640625,0.03774554866483914,0.0021457098550529637,4
216.85299682617188,1.4595500230789185,0.1743757724761963,6322.931640625,0.03777506544806436,0.002277507373623822,4
217.0449981689453,1.4595621824264526,0.17432695627212524,6322.931640625,0.03768818090051753,0.0023162787846456386,4
217.23699951171875,1.4595463275909424,0.17406871914863586,6322.931640625,0.03765668825638501,0.0021648573673121595,4
217.4290008544922,1.4595506191253662,0.17387346923351288,6322.931640625,0.037803811739080935,0.002169702204340323,4
217.6199951171875,1.4595544338226318,0.17409853637218475,6322.931640625,0.037697476792860896,0.0021658626153125645,4
217.81199645996094,1.459551215171814,0.1738671362400055,6322.931640625,0.03784736604340521,0.0021575303678937597,4
218.00399780273438,1.4595595598220825,0.17469994723796844,6322.931640625,0.03777764115477561,0.0021235535286222708,4
218.1959991455078,1.4595507383346558,0.17537105083465576,6322.931640625,0.0376575910524487,0.0022951628595898927,4
218.38800048828125,1.4595569372177124,0.17616286873817444,6322.931640625,0.03760391154515116,0.0021994738807676476,4
218.5800018310547,1.459563136100769,0.1762109398841858,6322.931640625,0.037616356042630035,0.0021728613421773237,4
218.77099609375,1.4595381021499634,0.1760197877883911,6322.931640625,0.03764845239615239,0.0022562370573628253,4
218.96299743652344,1.459554672241211,0.17607381939888,6322.931640625,0.03769704604680553,0.00223357417894472,4
219.15499877929688,1.4595584869384766,0.176259383559227,6322.931640625,0.037630489228207525,0.0022028829450244816,4
219.3470001220703,1.459547758102417,0.17608052492141724,6322.931640625,0.037703746163598985,0.0021704437084640047,4
219.53900146484375,1.4595497846603394,0.1754746288061142,6322.931640625,0.037585570266999636,0.002132914537941803,4
219.72999572753906,1.459551215171814,0.1753285676240921,6322.931640625,0.037668354253908076,0.0020729414965781926,4
219.92100524902344,1.4595574140548706,0.17536060512065887,6322.931640625,0.03763423598418704,0.0019487432659911332,4
220.11300659179688,1.4595539569854736,0.17519070208072662,6322.931640625,0.037575392378266605,0.002237401687804797,4
220.3050079345703,1.4595599174499512,0.17512957751750946,6322.931640625,0.037604408600440384,0.0021691959636226258,4
220.49600219726562,1.4595513343811035,0.17459262907505035,6322.931640625,0.037752108918037416,0.0023906602204872658,4
180.29000854492188,1.460396647453308,0.2251703292131424,4306.8896484375,0.03721888456243381,0.003370677366279642,5
180.5189971923828,1.4595403671264648,0.19656848907470703,4306.8896484375,0.037226584994703035,0.0035459033762045553,5
180.7480010986328,1.4595361948013306,0.1910666972398758,4306.8896484375,0.03721880352891153,0.003663336979746805,5
180.9770050048828,1.4595404863357544,0.18810546398162842,4306.8896484375,0.03740789831596213,0.00373183951825491,5
181.20599365234375,1.4595450162887573,0.18642045557498932,4306.8896484375,0.037397010389522076,0.003758049086486682,5
181.43499755859375,1.4595435857772827,0.1852511614561081,4306.8896484375,0.03740689115014145,0.0038639672253297456,5
181.66400146484375,1.4595446586608887,0.1848304718732834,4306.8896484375,0.03737309513857209,0.0039686490010963395,5
181.89300537109375,1.4595398902893066,0.18462365865707397,4306.8896484375,0.037378152962251415,0.004040114555198825,5
182.1219940185547,1.4595413208007812,0.18416571617126465,4306.8896484375,0.03739881871019134,0.0039847298060725735,5
182.3509979248047,1.4595391750335693,0.1830962747335434,4306.8896484375,0.03742631272653411,0.0040398224420753375,5
182.5800018310547,1.4595301151275635,0.18201157450675964,4306.8896484375,0.03745324819305348,0.004018136516572059,5
182.8090057373047,1.459534764289856,0.18120409548282623,4306.8896484375,0.03748179460439944,0.004063639918562696,5
183.03799438476562,1.459545612335205,0.1804376095533371,4306.8896484375,0.03753125923937862,0.004152675555888946,5
183.26699829101562,1.4595396518707275,0.1797642856836319,4306.8896484375,0.037561470655403106,0.004142693305087763,5
183.49600219726562,1.4595426321029663,0.17933985590934753,4306.8896484375,0.03764375882210937,0.004127915633530157,5
183.72500610351562,1.4595389366149902,0.17887891829013824,4306.8896484375,0.03755431853472313,0.00418800739288253,5
183.95399475097656,1.4595409631729126,0.17834681272506714,4306.8896484375,0.03758689549814147,0.00426781050035303,5
184.18299865722656,1.4595407247543335,0.17810162901878357,4306.8896484375,0.03765372545906837,0.004186823418642981,5
184.41200256347656,1.4595372676849365,0.17780651152133942,4306.8896484375,0.03756811672391297,0.004246073918889867,5
184.64100646972656,1.459538221359253,0.17740146815776825,4306.8896484375,0.037572353648848124,0.004378431150074301,5
184.8699951171875,1.4595392942428589,0.17747414112091064,4306.8896484375,0.03756624062559197,0.004157978554750876,5
185.0989990234375,1.4595400094985962,0.17774167656898499,4306.8896484375,0.037632513151751305,0.004291186963507998,5
185.3280029296875,1.4595357179641724,0.1782674491405487,4306.8896484375,0.03754906306526796,0.004350733758071518,5
185.5570068359375,1.4595286846160889,0.17918932437896729,4306.8896484375,0.03767100226764067,0.004303418133463487,5
185.78599548339844,1.4595268964767456,0.18035154044628143,4306.8896484375,0.03754730857372526,0.004389382065801405,5
186.01499938964844,1.4595485925674438,0.18086761236190796,4306.8896484375,0.03765236527172286,0.004340297447586551,5
186.24400329589844,1.4595379829406738,0.18087805807590485,4306.8896484375,0.03752796596915145,0.004282594827651779,5
186.47300720214844,1.459547519683838,0.18071745336055756,4306.8896484375,0.03745008265519035,0.0043891489814363895,5
186.70199584960938,1.4595460891723633,0.1804167479276657,4306.8896484375,0.03764024070223823,0.004382299131084511,5
186.93099975585938,1.4595369100570679,0.18023079633712769,4306.8896484375,0.0375715771252182,0.004292549012530306,5
187.16000366210938,1.4595402479171753,0.18005716800689697,4306.8896484375,0.03766996604314512,0.004431813743636108,5
187.38900756835938,1.4595460891723633,0.17997220158576965,4306.8896484375,0.03767792949817465,0.004431855826901065,5
187.6179962158203,1.4595320224761963,0.17988203465938568,4306.8896484375,0.03766469617097443,0.004336862192557719,5
187.8470001220703,1.4595389366149902,0.1796424239873886,4306.8896484375,0.03776544976189806,0.004421883947491705,5
188.0760040283203,1.459549069404602,0.17959362268447876,4306.8896484375,0.03764673140692853,0.004515600967372699,5
188.3050079345703,1.459540843963623,0.17918597161769867,4306.8896484375,0.037667674807394,0.004282049403806042,5
188.53399658203125,1.4595515727996826,0.1789616495370865,4306.8896484375,0.03758167951675492,0.004512295663503287,5
188.76300048828125,1.4595386981964111,0.1788971871137619,4306.8896484375,0.037726744783160446,0.004543805279802138,5
188.99200439453125,1.4595470428466797,0.17906300723552704,4306.8896484375,0.03771564912196817,0.004591122388053946,5
189.22100830078125,1.4595390558242798,0.179605171084404,4306.8896484375,0.037592915052454004,0.004467907962182686,5
189.4499969482422,1.459550142288208,0.1803165078163147,4306.8896484375,0.03766829400284165,0.004434120959662207,5
189.6790008544922,1.459542155265808,0.18143735826015472,4306.8896484375,0.03765708115044508,0.00447300747754894,5
189.9080047607422,1.4595391750335693,0.18222583830356598,4306.8896484375,0.03768813310601968,0.004504509154233561,5
190.1370086669922,1.4595352411270142,0.18248406052589417,4306.8896484375,0.0376516666666166,0.004511006578769997,5
190.36599731445312,1.4595345258712769,0.18228545784950256,4306.8896484375,0.03776449060578323,0.004578397145198877,5
190.59500122070312,1.4595365524291992,0.1819821298122406,4306.8896484375,0.03760308638102146,0.004621865103186007,5
190.82400512695312,1.4595366716384888,0.18179656565189362,4306.8896484375,0.037665278021462946,0.004612701764590687,5
191.05300903320312,1.4595410823822021,0.18148952722549438,4306.8896484375,0.037749520944813174,0.004551247701175859,5
191.28199768066406,1.459539771080017,0.18121378123760223,4306.8896484375,0.03765059782478022,0.004480557962272972,5
191.51100158691406,1.4595332145690918,0.1811392605304718,4306.8896484375,0.03769052964185951,0.0045822032879323455,5
191.74000549316406,1.4595463275909424,0.180892214179039,4306.8896484375,0.037756475411641774,0.0044890405055454646,5
191.968994140625,1.4595438241958618,0.18056392669677734,4306.8896484375,0.0377021650276071,0.004641964620736736,5
192.197998046875,1.4595400094985962,0.18027514219284058,4306.8896484375,0.03769530278711794,0.0047199349163168,5
192.427001953125,1.4595379829406738,0.1800146847963333,4306.8896484375,0.03782896032056478,0.004703224510319231,5
192.656005859375,1.4595422744750977,0.17975831031799316,4306.8896484375,0.03781367700357163,0.0045950272028363985,5
192.88499450683594,1.4595357179641724,0.17973707616329193,4306.8896484375,0.0378478944347233,0.004556954698524493,5
193.11399841308594,1.4595381021499634,0.17998822033405304,4306.8896484375,0.037783854605470034,0.004542568314646963,5
193.34300231933594,1.459532618522644,0.18056392669677734,4306.8896484375,0.03766303242877446,0.00459080015967928,5
193.57200622558594,1.4595288038253784,0.1811787635087967,4306.8896484375,0.03776165163199509,0.004685119925953257,5
193.80099487304688,1.4595365524291992,0.18218708038330078,4306.8896484375,0.037813150349903325,0.004641783243379441,5
194.02999877929688,1.4595414400100708,0.1828201711177826,4306.8896484375,0.03781759585062332,0.004658400908981588,5
194.25900268554688,1.4595396518707275,0.182779923081398,4306.8896484375,0.03783071200444303,0.004684904515057907,5
194.48800659179688,1.4595376253128052,0.18248480558395386,4306.8896484375,0.03767369179415702,0.0047029385380599155,5
194.7169952392578,1.45954430103302,0.18206262588500977,4306.8896484375,0.037828083963159696,0.004674571674430168,5
194.9459991455078,1.4595361948013306,0.18184910714626312,4306.8896484375,0.03778098649558809,0.004679726325153399,5
195.1750030517578,1.4595333337783813,0.18145784735679626,4306.8896484375,0.037736477145412624,0.004616042545997219,5
195.4040069580078,1.4595412015914917,0.18117056787014008,4306.8896484375,0.037839669753504106,0.004710790277420339,5
195.63299560546875,1.4595352411270142,0.18093954026699066,4306.8896484375,0.03775436619355336,0.004684673011403521,5
195.86199951171875,1.459537386894226,0.18055200576782227,4306.8896484375,0.03790751356899456,0.004653148704985661,5
196.09100341796875,1.4595422744750977,0.18021328747272491,4306.8896484375,0.03788562979076776,0.004827609868457761,5
196.32000732421875,1.459536075592041,0.17982912063598633,4306.8896484375,0.03787457350341876,0.004744385909640548,5
196.5489959716797,1.4595359563827515,0.17957386374473572,4306.8896484375,0.03788165515455638,0.004796121061750774,5
196.7779998779297,1.459534764289856,0.17917516827583313,4306.8896484375,0.03781280048334595,0.004699366155216431,5
197.0070037841797,1.459536075592041,0.17924261093139648,4306.8896484375,0.03786123971148249,0.004669874470731736,5
197.2360076904297,1.4595447778701782,0.17970801889896393,4306.8896484375,0.03786731217791054,0.0047299145747728795,5
197.46499633789062,1.459529995918274,0.18018385767936707,4306.8896484375,0.03778799176729999,0.004781726379711666,5
197.69400024414062,1.4595390558242798,0.1811649650335312,4306.8896484375,0.03783930457856468,0.00474603405117557,5
197.92300415039062,1.4595420360565186,0.181688129901886,4306.8896484375,0.03783004847664396,0.0046716049008862824,5
198.15200805664062,1.4595304727554321,0.18169745802879333,4306.8896484375,0.03787342547113746,0.0047176472866698035,5
198.38099670410156,1.4595361948013306,0.18162553012371063,4306.8896484375,0.03785162549717328,0.004760101368720232,5
198.61000061035156,1.4595286846160889,0.18127042055130005,4306.8896484375,0.0378364206256356,0.0048154035844147425,5
198.83900451660156,1.4595283269882202,0.18076440691947937,4306.8896484375,0.0378223302536194,0.0047759296728317165,5
199.06800842285156,1.459542989730835,0.18049238622188568,4306.8896484375,0.03774441864820942,0.00475036734653501,5
199.2969970703125,1.4595437049865723,0.18040631711483002,4306.8896484375,0.037842702708282376,0.004913997977392744,5
199.5260009765625,1.4595327377319336,0.18015031516551971,4306.8896484375,0.03775128260399207,0.0047783614368985755,5
199.7550048828125,1.4595328569412231,0.17978216707706451,4306.8896484375,0.037866313671004896,0.004818226972934258,5
199.9840087890625,1.4595369100570679,0.1795090287923813,4306.8896484375,0.03786124703853416,0.004750170706866993,5
200.21299743652344,1.4595407247543335,0.17914311587810516,4306.8896484375,0.03783140935385771,0.004874850500055491,5
200.44200134277344,1.4595351219177246,0.17872317135334015,4306.8896484375,0.037938450555482214,0.004887167674802812,5
200.67100524902344,1.45953369140625,0.17837029695510864,4306.8896484375,0.037898986098415514,0.004745672702909278,5
200.90000915527344,1.459534764289856,0.17828980088233948,4306.8896484375,0.0378885894187421,0.004857021614050969,5
201.12899780273438,1.459532380104065,0.17840830981731415,4306.8896484375,0.037912271343261486,0.004811738788083869,5
201.35800170898438,1.4595293998718262,0.1789415329694748,4306.8896484375,0.03799736406385998,0.004840149140083104,5
201.58700561523438,1.4595340490341187,0.17952804267406464,4306.8896484375,0.03801089962607191,0.00477465381326529,5
201.81600952148438,1.4595370292663574,0.1802673190832138,4306.8896484375,0.037880660139732514,0.004947443985437094,5
202.0449981689453,1.45953369140625,0.18070590496063232,4306.8896484375,0.03792250918247425,0.004837105594752628,5
202.2740020751953,1.4595426321029663,0.1805546134710312,4306.8896484375,0.03787731342473452,0.0048975532460507395,5
202.5030059814453,1.4595378637313843,0.18013392388820648,4306.8896484375,0.037854171947815984,0.004878993008446329,5
202.73199462890625,1.4595340490341187,0.1797095090150833,4306.8896484375,0.037864253036994276,0.004708015759284499,5
202.96099853515625,1.4595377445220947,0.17931191623210907,4306.8896484375,0.03794859312371191,0.0048547451272863695,5
203.19000244140625,1.45953369140625,0.17891842126846313,4306.8896484375,0.03798321323627154,0.004793990753087903,5
203.41900634765625,1.459529995918274,0.17875222861766815,4306.8896484375,0.037896637449412275,0.004791008526281315,5
203.6479949951172,1.459538459777832,0.1783781200647354,4306.8896484375,0.03795668439858223,0.004711582882041396,5
203.8769989013672,1.459535002708435,0.17814821004867554,4306.8896484375,0.03798265642542922,0.004867621350625192,5
204.1060028076172,1.459537148475647,0.1778724640607834,4306.8896484375,0.0379910346198035,0.004740672383885182,5
204.3350067138672,1.459527611732483,0.17743538320064545,4306.8896484375,0.03796613341573825,0.004856947648469656,5
204.56399536132812,1.4595352411270142,0.1772308051586151,4306.8896484375,0.037989175137465345,0.0048545101863300515,5
204.79299926757812,1.4595365524291992,0.17707505822181702,4306.8896484375,0.03793633309869571,0.004891850995613067,5
205.02200317382812,1.459528923034668,0.1770433783531189,4306.8896484375,0.03802676035121439,0.0048266771171906735,5
205.25100708007812,1.4595363140106201,0.17740444839000702,4306.8896484375,0.03787390495121782,0.004975243451025535,5
205.47999572753906,1.45952570438385,0.17782217264175415,4306.8896484375,0.037931613308699486,0.004838883777042599,5
205.70899963378906,1.459532618522644,0.17871758341789246,4306.8896484375,0.037888904457580565,0.004922676240092016,5
205.93800354003906,1.4595369100570679,0.17947661876678467,4306.8896484375,0.038000640177178295,0.004903790811715599,5
206.16700744628906,1.459533929824829,0.17961038649082184,4306.8896484375,0.03792384874478653,0.004816217067296041,5
206.39599609375,1.4595311880111694,0.1792653352022171,4306.8896484375,0.03791109781199369,0.004866838951042805,5
206.625,1.459531545639038,0.17903244495391846,4306.8896484375,0.038006668603429494,0.004913601774076231,5
206.85400390625,1.4595316648483276,0.1784612089395523,4306.8896484375,0.03801446689448269,0.004996695371416557,5
207.0830078125,1.4595422744750977,0.1780502051115036,4306.8896484375,0.03792195620729327,0.0049128446705101955,5
207.31199645996094,1.4595316648483276,0.17773683369159698,4306.8896484375,0.03795380328475329,0.004884858691425877,5
207.54100036621094,1.4595311880111694,0.17758144438266754,4306.8896484375,0.03798089914191862,0.0049165378252439725,5
207.77000427246094,1.459527611732483,0.1773422211408615,4306.8896484375,0.03795030414805852,0.00494958996699777,5
207.99900817871094,1.45952308177948,0.1770385354757309,4306.8896484375,0.03801147483096513,0.004864111332261436,5
208.22799682617188,1.4595351219177246,0.17676876485347748,4306.8896484375,0.03800812336302802,0.004924649272521879,5
208.45700073242188,1.4595259428024292,0.176383838057518,4306.8896484375,0.03797923113734942,0.0050092625999589415,5
208.68600463867188,1.4595246315002441,0.17611704766750336,4306.8896484375,0.0380237643525975,0.004932125952206639,5
208.91500854492188,1.4595354795455933,0.17596650123596191,4306.8896484375,0.037981210452080125,0.004994175678905035,5
209.1439971923828,1.4595342874526978,0.1763320416212082,4306.8896484375,0.038016632874873196,0.00491324965522505,5
209.3730010986328,1.459519624710083,0.17686191201210022,4306.8896484375,0.0380070445291213,0.004851631788302939,5
209.6020050048828,1.4595311880111694,0.17760679125785828,4306.8896484375,0.0380467037788556,0.0048470931959835725,5
209.8310089111328,1.4595341682434082,0.17859461903572083,4306.8896484375,0.03794997764172298,0.004936366266352079,5
210.05999755859375,1.459532618522644,0.1789180487394333,4306.8896484375,0.03798191798985017,0.00488375020331783,5
210.28900146484375,1.4595286846160889,0.178833469748497,4306.8896484375,0.03809740341379207,0.004999966928179486,5
210.51800537109375,1.4595319032669067,0.17842954397201538,4306.8896484375,0.037903159387776164,0.0049176088694665955,5
210.74700927734375,1.4595357179641724,0.17814895510673523,4306.8896484375,0.037923144481208856,0.004926470902832651,5
210.9759979248047,1.459535837173462,0.17776329815387726,4306.8896484375,0.038078938354271855,0.004958218780030931,5
211.2050018310547,1.4595348834991455,0.17746257781982422,4306.8896484375,0.03808420790357787,0.0050026571104338,5
211.4340057373047,1.4595345258712769,0.17728818953037262,4306.8896484375,0.03793700481876792,0.004897547990955618,5
211.6630096435547,1.4595320224761963,0.1769215315580368,4306.8896484375,0.03801409053706952,0.00498857875343091,5
211.89199829101562,1.4595341682434082,0.17665287852287292,4306.8896484375,0.03807376001800215,0.005050700179983757,5
212.12100219726562,1.4595298767089844,0.17631378769874573,4306.8896484375,0.038083267975098097,0.004924090944217033,5
212.35000610351562,1.459537386894226,0.17595309019088745,4306.8896484375,0.0380360939096789,0.005010627162286624,5
212.57901000976562,1.459539771080017,0.1756982058286667,4306.8896484375,0.03791994412949968,0.004974104164955822,5
212.80799865722656,1.4595317840576172,0.17540308833122253,4306.8896484375,0.03802388717413315,0.004888837921543898,5
213.03700256347656,1.4595332145690918,0.1754448264837265,4306.8896484375,0.037967344643855844,0.005026057612474157,5
213.26600646972656,1.4595365524291992,0.1759106069803238,4306.8896484375,0.038006359879488874,0.004965720471880091,5
213.4949951171875,1.4595435857772827,0.1765686571598053,4306.8896484375,0.03801289127494617,0.005021048926707478,5
213.7239990234375,1.4595305919647217,0.17740818858146667,4306.8896484375,0.03797015387579588,0.004917013096887452,5
213.9530029296875,1.4595370292663574,0.17805877327919006,4306.8896484375,0.038048528220953164,0.005047736130650887,5
214.1820068359375,1.4595376253128052,0.17809194326400757,4306.8896484375,0.03799263419476157,0.005042470923591952,5
214.41099548339844,1.459538221359253,0.1777312457561493,4306.8896484375,0.038001075943366915,0.005011010034024696,5
214.63999938964844,1.4595301151275635,0.1775140017271042,4306.8896484375,0.038052587715228375,0.004927090724010852,5
214.86900329589844,1.4595348834991455,0.1770128309726715,4306.8896484375,0.03799602843722445,0.004999561560091627,5
215.09800720214844,1.4595348834991455,0.176674485206604,4306.8896484375,0.03797386708274387,0.004955236682900547,5
215.32699584960938,1.459529995918274,0.17637862265110016,4306.8896484375,0.037984098818173224,0.004973151336186859,5
215.55599975585938,1.4595214128494263,0.17604102194309235,4306.8896484375,0.03800806970899848,0.005044088458568593,5
215.78500366210938,1.4595164060592651,0.1758766919374466,4306.8896484375,0.03799730407006003,0.005029214715527888,5
216.01400756835938,1.4595164060592651,0.17556928098201752,4306.8896484375,0.03806763574778138,0.005005798323870089,5
216.2429962158203,1.4595390558242798,0.17544110119342804,4306.8896484375,0.03820206858185235,0.005078850448017053,5
216.4720001220703,1.4595263004302979,0.17497196793556213,4306.8896484375,0.038009966703128104,0.005114051382057691,5
216.7010040283203,1.4595341682434082,0.17472082376480103,4306.8896484375,0.038052267435960976,0.0050503930874401986,5
216.9300079345703,1.45952308177948,0.17468467354774475,4306.8896484375,0.03814152395863775,0.004976545565584743,5
217.15899658203125,1.4595361948013306,0.17495930194854736,4306.8896484375,0.03804468164708296,0.004972036261347923,5
217.38800048828125,1.4595168828964233,0.17537812888622284,4306.8896484375,0.03808711767732128,0.004991964149986409,5
217.61700439453125,1.459540843963623,0.17605966329574585,4306.8896484375,0.03806484412978948,0.00490916507697822,5
217.84600830078125,1.459530234336853,0.17686042189598083,4306.8896484375,0.03806138605152397,0.004951337643477516,5
218.0749969482422,1.4595263004302979,0.17719168961048126,4306.8896484375,0.038058288286986035,0.004949592086230112,5
218.3040008544922,1.4595279693603516,0.17702177166938782,4306.8896484375,0.03813950219940133,0.005040541349882878,5
218.5330047607422,1.459529995918274,0.17658990621566772,4306.8896484375,0.038084498221533494,0.005012837521245629,5
218.7620086669922,1.4595348834991455,0.1764170080423355,4306.8896484375,0.037977425163687996,0.005074147321060198,5
218.99099731445312,1.459524154663086,0.1759519726037979,4306.8896484375,0.03811322900966631,0.005096863462094592,5
219.22000122070312,1.4595310688018799,0.1755424588918686,4306.8896484375,0.03805748387151478,0.00496089027120115,5
219.44900512695312,1.459529161453247,0.1753811091184616,4306.8896484375,0.03802485208911067,0.0050888837423604255,5
219.67800903320312,1.459542155265808,0.17511653900146484,4306.8896484375,0.03807407264403396,0.005027326370441878,5
219.90699768066406,1.4595353603363037,0.17465822398662567,4306.8896484375,0.03804725231245369,0.005027915753822657,5
220.13600158691406,1.4595401287078857,0.17433291673660278,4306.8896484375,0.03812478572716727,0.005096560818517478,5
220.36500549316406,1.4595271348953247,0.1738373339176178,4306.8896484375,0.038112886417492074,0.005025642978905689,5
220.59400939941406,1.459529161453247,0.17358654737472534,4306.8896484375,0.038031572567444924,0.004922269944181271,5
220.822998046875,1.4595324993133545,0.1734207421541214,4306.8896484375,0.03800961471293094,0.004963763183504807,5
221.052001953125,1.459527611732483,0.17339912056922913,4306.8896484375,0.03809959722749683,0.004960414536370474,5
221.281005859375,1.4595297574996948,0.17398563027381897,4306.8896484375,0.03823844653858014,0.005075821664958045,5
221.510009765625,1.459528923034668,0.1743895560503006,4306.8896484375,0.03818928117878345,0.005067511798891759,5
221.73899841308594,1.459529161453247,0.17517168819904327,4306.8896484375,0.03810150246282944,0.004973728134213819,5
221.96800231933594,1.4595335721969604,0.17579211294651031,4306.8896484375,0.038121812917841745,0.005081489160095433,5
222.19700622558594,1.4595311880111694,0.17595793306827545,4306.8896484375,0.038177292391385696,0.005058119864338571,5
222.42601013183594,1.4595352411270142,0.17554394900798798,4306.8896484375,0.03814073308914577,0.005090563854411019,5
222.65499877929688,1.4595333337783813,0.17526522278785706,4306.8896484375,0.038094733113640505,0.004968655431862478,5
222.88400268554688,1.4595342874526978,0.17470069229602814,4306.8896484375,0.0381220484192372,0.004996070916023399,5
223.11300659179688,1.459532618522644,0.1744178682565689,4306.8896484375,0.03815962492656373,0.005018734588650764,5
223.34201049804688,1.459531307220459,0.17416448891162872,4306.8896484375,0.03818748330108896,0.005075871326802507,5
223.5709991455078,1.4595274925231934,0.1739986687898636,4306.8896484375,0.03803498403193668,0.005118751427326081,5
223.8000030517578,1.4595345258712769,0.17370839416980743,4306.8896484375,0.038125248413482325,0.005151297356696092,5
224.0290069580078,1.4595344066619873,0.17354221642017365,4306.8896484375,0.038153607460724694,0.005117023180032209,5
224.25799560546875,1.4595333337783813,0.17310959100723267,4306.8896484375,0.038216308620137,0.0051562252905594606,5
224.48699951171875,1.459530234336853,0.17277124524116516,4306.8896484375,0.03816012345102419,0.005120388508161358,5
224.71600341796875,1.4595413208007812,0.17259201407432556,4306.8896484375,0.03816980009559275,0.005036772528334341,5
224.94500732421875,1.4595379829406738,0.17244967818260193,4306.8896484375,0.03814358692914683,0.005007172918502888,5
225.1739959716797,1.459532380104065,0.17254842817783356,4306.8896484375,0.03812329938756562,0.005051254187409205,5
180.29000854492188,1.460099697113037,0.2224922776222229,2934.69482421875,0.0376052323508426,0.00601304048490431,6
180.5189971923828,1.4595880508422852,0.19629795849323273,2934.69482421875,0.037817272979893124,0.006320767356504658,6
180.7480010986328,1.4595783948898315,0.19154030084609985,2934.69482421875,0.037852808886068144,0.006539231331290483,6
180.9770050048828,1.4595792293548584,0.18919575214385986,2934.69482421875,0.03795508658539296,0.006634203804349351,6
181.20599365234375,1.4595850706100464,0.18806633353233337,2934.69482421875,0.03788239690786973,0.006750202143922179,6
181.43499755859375,1.459584355354309,0.18708334863185883,2934.69482421875,0.03802862415499751,0.006821894720211862,6
181.66400146484375,1.4595845937728882,0.18563906848430634,2934.69482421875,0.037813686128839334,0.006954621856911658,6
181.89300537109375,1.4595874547958374,0.1841694414615631,2934.69482421875,0.03799616964735035,0.006924695783435024,6
182.1219940185547,1.4595980644226074,0.18303069472312927,2934.69482421875,0.03803540331341602,0.006933710564721848,6
182.3509979248047,1.4595867395401,0.18184500932693481,2934.69482421875,0.03805752074959364,0.007008182340351282,6
182.5800018310547,1.4596004486083984,0.1808646321296692,2934.69482421875,0.03804395687412984,0.0070010238453175454,6
182.8090057373047,1.4595832824707031,0.18012237548828125,2934.69482421875,0.03812190592278476,0.007082317861583933,6
183.03799438476562,1.4595742225646973,0.1795559823513031,2934.69482421875,0.03804224362994249,0.007191489187863754,6
183.26699829101562,1.4595783948898315,0.17907679080963135,2934.69482421875,0.038198073906802715,0.007193957648971363,6
183.49600219726562,1.459586501121521,0.17863522469997406,2934.69482421875,0.03803906301579743,0.007235637918623166,6
183.72500610351562,1.4595836400985718,0.1782204955816269,2934.69482421875,0.038171453012219934,0.007142495468056723,6
183.95399475097656,1.4595857858657837,0.17771299183368683,2934.69482421875,0.03822500122370384,0.0072243621536265,6
184.18299865722656,1.4595826864242554,0.17748084664344788,2934.69482421875,0.038232064551992004,0.007247517113754159,6
184.41200256347656,1.459599256515503,0.1776086539030075,2934.69482421875,0.038144227775600774,0.007290280862358152,6
184.64100646972656,1.4595903158187866,0.1779782921075821,2934.69482421875,0.03812793444380697,0.007311317062552721,6
184.8699951171875,1.4595896005630493,0.17856591939926147,2934.69482421875,0.03814314390426982,0.007395217995928266,6
185.0989990234375,1.4595978260040283,0.1795317679643631,2934.69482421875,0.03811608333466463,0.007428845982698401,6
185.3280029296875,1.4595857858657837,0.18039512634277344,2934.69482421875,0.038190337303300625,0.007418164601595424,6
185.5570068359375,1.4595924615859985,0.18081732094287872,2934.69482421875,0.038236854739210804,0.007389949849444565,6
185.78599548339844,1.4595868587493896,0.18070217967033386,2934.69482421875,0.03821620478230718,0.007376361037497626,6
186.01499938964844,1.4595909118652344,0.1804167479276657,2934.69482421875,0.038241468359332474,0.007529197573799249,6
186.24400329589844,1.4595797061920166,0.18016745150089264,2934.69482421875,0.038162482332465636,0.007524775929559371,6
186.47300720214844,1.4595825672149658,0.18006610870361328,2934.69482421875,0.038306421764947786,0.007485475863126168,6
186.70199584960938,1.4595990180969238,0.1797456443309784,2934.69482421875,0.038238750510295905,0.007530968496346544,6
186.93099975585938,1.4595921039581299,0.17961522936820984,2934.69482421875,0.03821017698625642,0.0075437655620974944,6
187.16000366210938,1.4595783948898315,0.17922957241535187,2934.69482421875,0.03836630927026022,0.007436079483478917,6
187.38900756835938,1.4595822095870972,0.179009348154068,2934.69482421875,0.03822987328737874,0.007545014443427418,6
187.6179962158203,1.4595904350280762,0.17875483632087708,2934.69482421875,0.038261788304953664,0.0075933576623204635,6
187.8470001220703,1.4595919847488403,0.17820782959461212,2934.69482421875,0.0384494521739481,0.007524035252587719,6
188.0760040283203,1.4595887660980225,0.1782689392566681,2934.69482421875,0.038293060750325084,0.007640295203444868,6
188.3050079345703,1.4595879316329956,0.17838966846466064,2934.69482421875,0.0382838851623291,0.007622875029379512,6
188.53399658203125,1.4595834016799927,0.17858530580997467,2934.69482421875,0.03834070407049051,0.007619200141435135,6
188.76300048828125,1.4595794677734375,0.17897692322731018,2934.69482421875,0.03833145647989673,0.0077262971110719225,6
188.99200439453125,1.4595897197723389,0.17964541912078857,2934.69482421875,0.03825724872032842,0.0076039027140549775,6
189.22100830078125,1.4595777988433838,0.1805877834558487,2934.69482421875,0.03829933441830858,0.007625552481945625,6
189.4499969482422,1.459587812423706,0.1812305599451065,2934.69482421875,0.03839928766259879,0.007744232986004053,6
189.6790008544922,1.459588646888733,0.18126408755779266,2934.69482421875,0.03821974919976395,0.007744678485137181,6
189.9080047607422,1.4595916271209717,0.18097269535064697,2934.69482421875,0.03842625411062316,0.0076807252582590645,6
190.1370086669922,1.4595890045166016,0.1807565838098526,2934.69482421875,0.038360845986591056,0.00764091139091385,6
190.36599731445312,1.4595845937728882,0.18046146631240845,2934.69482421875,0.03836497256160297,0.007705191157606811,6
190.59500122070312,1.4595750570297241,0.18026433885097504,2934.69482421875,0.03836656083884336,0.007857568660341359,6
190.82400512695312,1.4595856666564941,0.18000388145446777,2934.69482421875,0.038370253778098225,0.007727881994056089,6
191.05300903320312,1.459579348564148,0.1796811819076538,2934.69482421875,0.038416931735774026,0.007745074840299159,6
191.28199768066406,1.4595876932144165,0.17943190038204193,2934.69482421875,0.0384543598862075,0.00777815166349085,6
191.51100158691406,1.459575891494751,0.1791539192199707,2934.69482421875,0.038360925163868485,0.007713103802473813,6
191.74000549316406,1.4595803022384644,0.17881520092487335,2934.69482421875,0.03842663840376393,0.00787767916938928,6
191.968994140625,1.459580659866333,0.17841315269470215,2934.69482421875,0.03846479464376453,0.00778483848170569,6
192.197998046875,1.4595842361450195,0.1782737821340561,2934.69482421875,0.03834336206668451,0.0078287740538447,6
192.427001953125,1.4595801830291748,0.17832297086715698,2934.69482421875,0.0383560291255293,0.007837771574433747,6
192.656005859375,1.459580421447754,0.17855548858642578,2934.69482421875,0.038340592079866787,0.007838700115903213,6
192.88499450683594,1.4595822095870972,0.17903505265712738,2934.69482421875,0.03840062746468152,0.007877438994278368,6
193.11399841308594,1.4595835208892822,0.17995283007621765,2934.69482421875,0.03837525415262223,0.00785589337249167,6
193.34300231933594,1.459585428237915,0.1807032972574234,2934.69482421875,0.03843375747237564,0.007894090220903939,6
193.57200622558594,1.4595783948898315,0.18088625371456146,2934.69482421875,0.03848949457640538,0.007800641930258901,6
193.80099487304688,1.4595855474472046,0.1806708723306656,2934.69482421875,0.03848660226578157,0.007914451567280174,6
194.02999877929688,1.459578275680542,0.18032507598400116,2934.69482421875,0.038408759324021685,0.007852190848368605,6
194.25900268554688,1.4595835208892822,0.17988352477550507,2934.69482421875,0.03839254194462404,0.007897920967387817,6
194.48800659179688,1.4595913887023926,0.17964132130146027,2934.69482421875,0.038431459909609146,0.00791641521697517,6
194.7169952392578,1.4595887660980225,0.17938904464244843,2934.69482421875,0.038438416169621605,0.007905630233107525,6
194.9459991455078,1.459591269493103,0.17924000322818756,2934.69482421875,0.038591630249222325,0.007967130027765213,6
195.1750030517578,1.4595845937728882,0.17903505265712738,2934.69482421875,0.038446288022108796,0.00794227111772692,6
195.4040069580078,1.4595867395401,0.1786590814590454,2934.69482421875,0.03850634625372479,0.007915388767287668,6
195.63299560546875,1.459587574005127,0.17827005684375763,2934.69482421875,0.03838453916337277,0.008041795846242957,6
195.86199951171875,1.459588646888733,0.17797531187534332,2934.69482421875,0.03858497533774889,0.007859568032326127,6
196.09100341796875,1.4595891237258911,0.17779198288917542,2934.69482421875,0.038515170606831926,0.007945040813363122,6
196.32000732421875,1.459595799446106,0.1776731163263321,2934.69482421875,0.03853165301538746,0.007982226856154483,6
196.5489959716797,1.4595896005630493,0.17779868841171265,2934.69482421875,0.03851827029513359,0.008000546622872882,6
196.7779998779297,1.4598950147628784,0.17967894673347473,2934.69482421875,0.038571124958862994,0.008078976388034412,6
197.0070037841797,1.459592342376709,0.17886662483215332,2934.69482421875,0.03840788034359432,0.007957803728430848,6
197.2360076904297,1.4595869779586792,0.1798119693994522,2934.69482421875,0.03848102222674969,0.007968944259729759,6
197.46499633789062,1.4595879316329956,0.1802978813648224,2934.69482421875,0.038385787906405004,0.007906081941706366,6
197.69400024414062,1.4595927000045776,0.18021515011787415,2934.69482421875,0.03847371997054805,0.007961979455016314,6
197.92300415039062,1.4595837593078613,0.18004709482192993,2934.69482421875,0.03839549859049347,0.007901512180186119,6
198.15200805664062,1.45958411693573,0.17965026199817657,2934.69482421875,0.03859043586123317,0.008001102234218455,6
198.38099670410156,1.459588885307312,0.1792813539505005,2934.69482421875,0.03854194052579638,0.008043189642823231,6
198.61000061035156,1.459594488143921,0.1789981722831726,2934.69482421875,0.03852986263610887,0.008093946571033768,6
198.83900451660156,1.4595789909362793,0.1786598265171051,2934.69482421875,0.03845168518078889,0.008168683636232434,6
199.06800842285156,1.4595940113067627,0.17865274846553802,2934.69482421875,0.0385940421341845,0.007994148580441356,6
199.2969970703125,1.459586262702942,0.1784612089395523,2934.69482421875,0.03851609948373478,0.007957746074938087,6
199.5260009765625,1.4596033096313477,0.17822496592998505,2934.69482421875,0.03860518867581268,0.008061561140948071,6
199.7550048828125,1.459592342376709,0.17771634459495544,2934.69482421875,0.038552705366924546,0.00807585709624291,6
199.9840087890625,1.459587574005127,0.17739923298358917,2934.69482421875,0.038478942038701794,0.008137154250144185,6
200.21299743652344,1.459592580795288,0.1772717982530594,2934.69482421875,0.038470877249747834,0.008136608856793076,6
200.44200134277344,1.4595941305160522,0.1774260699748993,2934.69482421875,0.038425548265920526,0.008088907409068882,6
200.67100524902344,1.4595973491668701,0.17784638702869415,2934.69482421875,0.03858485296622057,0.008070084126411215,6
200.90000915527344,1.459598422050476,0.17840009927749634,2934.69482421875,0.03859967695681944,0.008181600164322782,6
201.12899780273438,1.4595924615859985,0.17924559116363525,2934.69482421875,0.03858936680435602,0.008029391863682936,6
201.35800170898438,1.4596006870269775,0.1798838973045349,2934.69482421875,0.038584617665519745,0.008081773715748858,6
201.58700561523438,1.459591269493103,0.18012088537216187,2934.69482421875,0.03851958630834109,0.008156260042078763,6
201.81600952148438,1.4595879316329956,0.17981383204460144,2934.69482421875,0.038620319900233194,0.008147593662324986,6
202.0449981689453,1.4595935344696045,0.17956194281578064,2934.69482421875,0.0386146501052189,0.008065093376427777,6
202.2740020751953,1.459590196609497,0.17919006943702698,2934.69482421875,0.038589995364606326,0.008084724924815167,6
202.5030059814453,1.459588885307312,0.17893294990062714,2934.69482421875,0.038514843796145316,0.008161887580779776,6
202.73199462890625,1.4595903158187866,0.1786501407623291,2934.69482421875,0.038590978838996884,0.008226367841083588,6
202.96099853515625,1.4595955610275269,0.17846381664276123,2934.69482421875,0.03857512004099214,0.008201088142316335,6
203.19000244140625,1.4595848321914673,0.17828495800495148,2934.69482421875,0.03862358048258594,0.008224210747178037,6
203.41900634765625,1.4595763683319092,0.1778571903705597,2934.69482421875,0.03863492739233817,0.008094066208550224,6
203.6479949951172,1.4595911502838135,0.1776295155286789,2934.69482421875,0.03862240819289024,0.008123958256933612,6
203.8769989013672,1.4595783948898315,0.1772162765264511,2934.69482421875,0.03861688858002359,0.008277593579360072,6
204.1060028076172,1.4595961570739746,0.17715367674827576,2934.69482421875,0.03858446657003132,0.008199072437467824,6
204.3350067138672,1.4595891237258911,0.1768335998058319,2934.69482421875,0.03864072525371896,0.008214350975396788,6
204.56399536132812,1.459592580795288,0.17705455422401428,2934.69482421875,0.038609164020190725,0.008231887557542386,6
204.79299926757812,1.4595832824707031,0.17741750180721283,2934.69482421875,0.03863725800707419,0.00815822971965239,6
205.02200317382812,1.4595935344696045,0.17817503213882446,2934.69482421875,0.038557413077231345,0.008111899715816656,6
205.25100708007812,1.4595768451690674,0.17894116044044495,2934.69482421875,0.038694420175091816,0.00822212083844111,6
205.47999572753906,1.4595893621444702,0.17917291820049286,2934.69482421875,0.03862421911883773,0.00827719038556879,6
205.70899963378906,1.459587574005127,0.17909206449985504,2934.69482421875,0.03861591752342971,0.008176089969672713,6
205.93800354003906,1.4595752954483032,0.1787872612476349,2934.69482421875,0.03861911441430436,0.00811376158167733,6
206.16700744628906,1.4595812559127808,0.1784999668598175,2934.69482421875,0.038666389106129864,0.008125298954960074,6
206.39599609375,1.4595767259597778,0.17811056971549988,2934.69482421875,0.03861069999930437,0.008232968124156768,6
206.625,1.459584355354309,0.17782999575138092,2934.69482421875,0.038661354626285574,0.008189737262159954,6
206.85400390625,1.4595816135406494,0.1775769740343094,2934.69482421875,0.03865252231251837,0.008180341518185773,6
207.0830078125,1.4595816135406494,0.17730608582496643,2934.69482421875,0.0386473445609644,0.00827962121320985,6
207.31199645996094,1.4595880508422852,0.1770676076412201,2934.69482421875,0.038662877185561925,0.00819970631131764,6
207.54100036621094,1.4595825672149658,0.1766946017742157,2934.69482421875,0.03857994398970867,0.008154391372977339,6
207.77000427246094,1.459587574005127,0.17629067599773407,2934.69482421875,0.038701778542181146,0.008302847573632484,6
207.99900817871094,1.459585189819336,0.1760753095149994,2934.69482421875,0.03864487704375113,0.00831965184737149,6
208.22799682617188,1.4595857858657837,0.1759050190448761,2934.69482421875,0.03868591200490412,0.008204225330754095,6
208.45700073242188,1.4595824480056763,0.17597134411334991,2934.69482421875,0.038737832828852806,0.008217716709655248,6
208.68600463867188,1.4595807790756226,0.17622584104537964,2934.69482421875,0.03867968479956989,0.008287755289698237,6
208.91500854492188,1.4595919847488403,0.1766316294670105,2934.69482421875,0.038563797107808495,0.00825916089761145,6
209.1439971923828,1.4595822095870972,0.17736198008060455,2934.69482421875,0.03869995642911073,0.008189319977557662,6
209.3730010986328,1.459587574005127,0.17799916863441467,2934.69482421875,0.0386731829207666,0.008323430239364354,6
209.6020050048828,1.4595935344696045,0.1780606508255005,2934.69482421875,0.03866201295421928,0.008282937233901793,6
209.8310089111328,1.4595800638198853,0.17774800956249237,2934.69482421875,0.038619147631271375,0.00826984884198893,6
210.05999755859375,1.459578275680542,0.17745251953601837,2934.69482421875,0.038578363956327,0.00838760185984188,6
210.28900146484375,1.4595907926559448,0.1771153062582016,2934.69482421875,0.03862042030447807,0.008219851420745132,6
210.51800537109375,1.4595822095870972,0.17673484981060028,2934.69482421875,0.038659429559993685,0.0082957134638445,6
210.74700927734375,1.4595803022384644,0.17648519575595856,2934.69482421875,0.038731099582032955,0.00825194126776929,6
210.9759979248047,1.459594964981079,0.17614684998989105,2934.69482421875,0.03873955936912516,0.008316339189052063,6
211.2050018310547,1.4595838785171509,0.17585806548595428,2934.69482421875,0.03873257455729476,0.008289193144426481,6
211.4340057373047,1.459594488143921,0.17560133337974548,2934.69482421875,0.03861693619791913,0.008226121266912101,6
211.6630096435547,1.4595857858657837,0.17520932853221893,2934.69482421875,0.038789259838346454,0.008305991097730973,6
211.89199829101562,1.4595831632614136,0.17477969825267792,2934.69482421875,0.038661649004703515,0.00821979133282141,6
212.12100219726562,1.4595868587493896,0.17470590770244598,2934.69482421875,0.03880204100403268,0.008335809991897349,6
212.35000610351562,1.459581732749939,0.17453151941299438,2934.69482421875,0.038803708397170136,0.008404361543486772,6
212.57901000976562,1.4595774412155151,0.17458517849445343,2934.69482421875,0.03859031292210235,0.008212347077122555,6
212.80799865722656,1.4595835208892822,0.17493358254432678,2934.69482421875,0.038741677639188635,0.008284640491467814,6
213.03700256347656,1.459580659866333,0.17572616040706635,2934.69482421875,0.038656742394274086,0.008276405280266344,6
213.26600646972656,1.459587812423706,0.1765671670436859,2934.69482421875,0.03863174461749696,0.00837287812549894,6
213.4949951171875,1.4595763683319092,0.1767948418855667,2934.69482421875,0.0386731331804198,0.00829374850776325,6
213.7239990234375,1.4595760107040405,0.17660704255104065,2934.69482421875,0.038809197531512366,0.008360730220613451,6
213.9530029296875,1.4595803022384644,0.1763942688703537,2934.69482421875,0.03869184989543882,0.008356650180163195,6
214.1820068359375,1.4595831632614136,0.17608201503753662,2934.69482421875,0.03868606684600841,0.008433300567493621,6
214.41099548339844,1.4595814943313599,0.17573584616184235,2934.69482421875,0.03874609736433759,0.008267006000694464,6
214.63999938964844,1.459579348564148,0.1755465567111969,2934.69482421875,0.03870455527230893,0.008275901193934804,6
214.86900329589844,1.4595786333084106,0.17511765658855438,2934.69482421875,0.03871348364263173,0.008363286159166941,6
215.09800720214844,1.4595794677734375,0.17476031184196472,2934.69482421875,0.03867498807092025,0.008297878961510848,6
215.32699584960938,1.459585189819336,0.17451661825180054,2934.69482421875,0.03874872653283148,0.008407226219339191,6
215.55599975585938,1.4595847129821777,0.17425169050693512,2934.69482421875,0.038808805699016,0.008403780065277715,6
215.78500366210938,1.4595922231674194,0.1739383041858673,2934.69482421875,0.03870834604246321,0.00830684129715166,6
216.01400756835938,1.459583044052124,0.1735079288482666,2934.69482421875,0.038819396181137715,0.008225657475728867,6
216.2429962158203,1.4595826864242554,0.17338012158870697,2934.69482421875,0.03870376899059584,0.008458577465974117,6
216.4720001220703,1.4595837593078613,0.17339390516281128,2934.69482421875,0.03885984979389812,0.008524626456692575,6
216.7010040283203,1.459582805633545,0.1737709939479828,2934.69482421875,0.03876221256413441,0.008356633111894813,6
216.9300079345703,1.4595916271209717,0.1742580235004425,2934.69482421875,0.03870753255672841,0.008319147848331458,6
217.15899658203125,1.459589958190918,0.1750531941652298,2934.69482421875,0.038763001776552654,0.008327716299474722,6
217.38800048828125,1.459581732749939,0.1755845546722412,2934.69482421875,0.03866271178281259,0.00839702582088932,6
217.61700439453125,1.459578514099121,0.17580179870128632,2934.69482421875,0.03875283845246247,0.008466121376757785,6
217.84600830078125,1.459585189819336,0.17561213672161102,2934.69482421875,0.03871203089785812,0.008329333563928978,6
218.0749969482422,1.4595869779586792,0.17530100047588348,2934.69482421875,0.03873297846190355,0.008462576059242414,6
218.3040008544922,1.4595836400985718,0.1749909669160843,2934.69482421875,0.03873897569249188,0.00846000597525412,6
218.5330047607422,1.459590196609497,0.17483559250831604,2934.69482421875,0.0387144958028957,0.008500234737106377,6
218.7620086669922,1.459591031074524,0.1747245490550995,2934.69482421875,0.03873623300873595,0.008412645493489511,6
218.99099731445312,1.459592580795288,0.17460419237613678,2934.69482421875,0.03876707633842893,0.008362585701282385,6
219.22000122070312,1.4595869779586792,0.174229696393013,2934.69482421875,0.0388388675891393,0.00830238820919608,6
219.44900512695312,1.4595811367034912,0.1739971786737442,2934.69482421875,0.03868116208783511,0.008456337592978995,6
219.67800903320312,1.459577202796936,0.17369870841503143,2934.69482421875,0.038756043859223134,0.008439326362335919,6
219.90699768066406,1.459584355354309,0.17336073517799377,2934.69482421875,0.03886711037440747,0.008343267772886935,6
220.13600158691406,1.4595812559127808,0.17334136366844177,2934.69482421875,0.038772827798850044,0.008467638467845985,6
220.36500549316406,1.4595823287963867,0.17330223321914673,2934.69482421875,0.038806825069724875,0.008424430530948478,6
220.59400939941406,1.4595764875411987,0.1736055612564087,2934.69482421875,0.03872680196547638,0.008509541168227707,6
220.822998046875,1.459580421447754,0.1739584356546402,2934.69482421875,0.03886200195353793,0.008364519589189419,6
221.052001953125,1.4595867395401,0.17467238008975983,2934.69482421875,0.03877521023526452,0.008408497286164792,6
221.281005859375,1.459592342376709,0.17545562982559204,2934.69482421875,0.03893182886662899,0.008530877848439616,6
221.510009765625,1.4595872163772583,0.17578913271427155,2934.69482421875,0.03879505818740434,0.008363849715761155,6
221.73899841308594,1.4595811367034912,0.17573361098766327,2934.69482421875,0.03875522395623827,0.008368269929864194,6
221.96800231933594,1.4595876932144165,0.17552009224891663,2934.69482421875,0.03879904346800781,0.008415786709308357,6
222.19700622558594,1.4595938920974731,0.17517131567001343,2934.69482421875,0.038691793658257596,0.008491141948991103,6
222.42601013183594,1.4595857858657837,0.1748724728822708,2934.69482421875,0.03878720928796284,0.008373108196753505,6
222.65499877929688,1.4595866203308105,0.174486443400383,2934.69482421875,0.038654414405355046,0.008406481900503289,6
222.88400268554688,1.4595844745635986,0.1742595136165619,2934.69482421875,0.038861367025971,0.00831681185194937,6
223.11300659179688,1.4595892429351807,0.17402103543281555,2934.69482421875,0.03872700830567458,0.008301246211049135,6
223.34201049804688,1.459582805633545,0.17373746633529663,2934.69482421875,0.03874844774547297,0.008466767120149498,6
223.5709991455078,1.4595870971679688,0.17345836758613586,2934.69482421875,0.038893544818324625,0.008495403414222604,6
223.8000030517578,1.4595856666564941,0.17330597341060638,2934.69482421875,0.03880714464525029,0.008540663213393817,6
224.0290069580078,1.4595837593078613,0.17293445765972137,2934.69482421875,0.03882246041699193,0.008445747341694381,6
224.25799560546875,1.4595838785171509,0.1728208065032959,2934.69482421875,0.03874434391055112,0.008534677372013404,6
224.48699951171875,1.4595867395401,0.17292290925979614,2934.69482421875,0.0388987578694469,0.008439107541822895,6
224.71600341796875,1.4595924615859985,0.17341886460781097,2934.69482421875,0.03877904299369047,0.008478646598855048,6
224.94500732421875,1.4595921039581299,0.17392265796661377,2934.69482421875,0.03877717739566589,0.008498951539529261,6
180.29000854492188,1.4603955745697021,0.22510698437690735,1998.19677734375,0.038605104750954286,0.009435023459877888,7
180.5189971923828,1.459594964981079,0.19795091450214386,1998.19677734375,0.03879764315734569,0.009825126336252196,7
180.7480010986328,1.4595940113067627,0.1938006430864334,1998.19677734375,0.038944467146895416,0.010114596565614413,7
180.9770050048828,1.4595857858657837,0.19080214202404022,1998.19677734375,0.03874675115232522,0.01029157328173996,7
181.20599365234375,1.4595872163772583,0.18839983642101288,1998.19677734375,0.038969878859463875,0.010334490445014185,7
181.43499755859375,1.4595832824707031,0.1863459348678589,1998.19677734375,0.03906203873597621,0.010425006693589908,7
181.66400146484375,1.459590196609497,0.18475855886936188,1998.19677734375,0.03917010683511499,0.010618067009282833,7
181.89300537109375,1.4595974683761597,0.18311379849910736,1998.19677734375,0.03915156404992257,0.010628343134140166,7
182.1219940185547,1.4595943689346313,0.1818457543849945,1998.19677734375,0.03918372870837109,0.010617718145361716,7
182.3509979248047,1.4595904350280762,0.18110385537147522,1998.19677734375,0.03929014989075434,0.010730540087442583,7
182.5800018310547,1.459587574005127,0.1801857203245163,1998.19677734375,0.03925502650353709,0.01084898303288176,7
182.8090057373047,1.4595897197723389,0.1794743835926056,1998.19677734375,0.039273872745658064,0.010793028726607793,7
183.03799438476562,1.4595867395401,0.1786855310201645,1998.19677734375,0.03930163127975305,0.010840868468914069,7
183.26699829101562,1.4595979452133179,0.17817279696464539,1998.19677734375,0.0392610882709571,0.01106371307285435,7
183.49600219726562,1.4595861434936523,0.17785905301570892,1998.19677734375,0.03922062996302257,0.011009845537104398,7
183.72500610351562,1.4595896005630493,0.17745065689086914,1998.19677734375,0.03923969933528386,0.010930412030680497,7
183.95399475097656,1.4595857858657837,0.17733104526996613,1998.19677734375,0.039339995054435854,0.011068490443658137,7
184.18299865722656,1.4595916271209717,0.17786985635757446,1998.19677734375,0.039208877656340534,0.010971724250186603,7
184.41200256347656,1.459589958190918,0.1786542385816574,1998.19677734375,0.03944644873889739,0.011064024512867227,7
184.64100646972656,1.4595870971679688,0.17954517900943756,1998.19677734375,0.03924828004950211,0.011130962613193594,7
184.8699951171875,1.4595839977264404,0.18016745150089264,1998.19677734375,0.039209165494597936,0.011172681382850175,7
185.0989990234375,1.4595826864242554,0.18040741980075836,1998.19677734375,0.0393881955769227,0.011206137917662484,7
185.3280029296875,1.4595905542373657,0.1800452321767807,1998.19677734375,0.03934278272068459,0.011254399266119377,7
185.5570068359375,1.4595972299575806,0.17977024614810944,1998.19677734375,0.03944021457106367,0.011304565008789791,7
185.78599548339844,1.459580659866333,0.17949263751506805,1998.19677734375,0.03930888236194828,0.011299835879454283,7
186.01499938964844,1.4595861434936523,0.1792798638343811,1998.19677734375,0.03940071814327168,0.011224268313350022,7
186.24400329589844,1.4595868587493896,0.17897245287895203,1998.19677734375,0.03940597136677257,0.01129817257124182,7
186.47300720214844,1.4595950841903687,0.17889122664928436,1998.19677734375,0.03945340404657093,0.011378137529063956,7
186.70199584960938,1.4595932960510254,0.17896127700805664,1998.19677734375,0.03950864603743119,0.011366783451707396,7
186.93099975585938,1.4595913887023926,0.17859461903572083,1998.19677734375,0.0394207538105216,0.011505603298478733,7
187.16000366210938,1.459590196609497,0.1783933937549591,1998.19677734375,0.03941357031814927,0.011508801875945704,7
187.38900756835938,1.459594964981079,0.17820298671722412,1998.19677734375,0.039397107886122,0.011594746241817179,7
187.6179962158203,1.4595929384231567,0.1779913306236267,1998.19677734375,0.039525348204048336,0.011419706623658448,7
187.8470001220703,1.4595872163772583,0.17819367349147797,1998.19677734375,0.039463203432442584,0.011689504331489192,7
188.0760040283203,1.4595935344696045,0.17879657447338104,1998.19677734375,0.03949758454330482,0.01158340823717436,7
188.3050079345703,1.4595918655395508,0.1792452186346054,1998.19677734375,0.03951258507886369,0.011629939616039975,7
188.53399658203125,1.4595909118652344,0.18024832010269165,1998.19677734375,0.03944903496078015,0.011665467858703829,7
188.76300048828125,1.4595929384231567,0.18132221698760986,1998.19677734375,0.0393981044014379,0.01167980574462335,7
188.99200439453125,1.4595986604690552,0.18166950345039368,1998.19677734375,0.03949322827960571,0.011637851596253211,7
189.22100830078125,1.4595855474472046,0.18147946894168854,1998.19677734375,0.039480928038163464,0.011567678066646898,7
189.4499969482422,1.4595855474472046,0.1813565045595169,1998.19677734375,0.03947245851587135,0.011600143172929804,7
189.6790008544922,1.4595873355865479,0.18124918639659882,1998.19677734375,0.03955755577950069,0.011710466811601565,7
189.9080047607422,1.4595916271209717,0.18066714704036713,1998.19677734375,0.0395144832463911,0.011782247167467303,7
190.1370086669922,1.4595791101455688,0.1804092824459076,1998.19677734375,0.03937884230235681,0.011602273253921972,7
190.36599731445312,1.4595801830291748,0.1802956461906433,1998.19677734375,0.0394824803318274,0.01176702753226209,7
190.59500122070312,1.459600806236267,0.18037202954292297,1998.19677734375,0.0394577757780046,0.011741669974742767,7
190.82400512695312,1.4595857858657837,0.17980824410915375,1998.19677734375,0.039507915372149045,0.011813689108002361,7
191.05300903320312,1.4595906734466553,0.17968490719795227,1998.19677734375,0.03954797507115868,0.011690727956601836,7
191.28199768066406,1.4595879316329956,0.17944680154323578,1998.19677734375,0.03958424471310182,0.011837874192214264,7
191.51100158691406,1.4595898389816284,0.17921316623687744,1998.19677734375,0.039495981092684915,0.011901228003599692,7
191.74000549316406,1.459591031074524,0.1792321652173996,1998.19677734375,0.03950072177791362,0.011863024675576081,7
191.968994140625,1.4595947265625,0.1793137788772583,1998.19677734375,0.03948000846578144,0.011981459490466417,7
192.197998046875,1.4595929384231567,0.1798119693994522,1998.19677734375,0.039563420687434396,0.011835111124712326,7
192.427001953125,1.4595894813537598,0.18047301471233368,1998.19677734375,0.03954978689539735,0.011826553695293071,7
192.656005859375,1.4595863819122314,0.18149548768997192,1998.19677734375,0.03954782937254576,0.011841193140578545,7
192.88499450683594,1.4595863819122314,0.18200524151325226,1998.19677734375,0.039599434517665115,0.011915796981028235,7
193.11399841308594,1.4595812559127808,0.18205368518829346,1998.19677734375,0.03955222089116105,0.011814127898671362,7
193.34300231933594,1.4595829248428345,0.1819046288728714,1998.19677734375,0.03956349931638263,0.011946497752413446,7
193.57200622558594,1.4595847129821777,0.181517094373703,1998.19677734375,0.039649156059980525,0.011917002515379563,7
193.80099487304688,1.4595969915390015,0.18120111525058746,1998.19677734375,0.03962194161495166,0.012007874157507006,7
194.02999877929688,1.4595973491668701,0.1808784157037735,1998.19677734375,0.03974874145628454,0.011944864889858143,7
194.25900268554688,1.4596033096313477,0.18089407682418823,1998.19677734375,0.03970218669988049,0.011931377883031552,7
194.48800659179688,1.4595996141433716,0.18042978644371033,1998.19677734375,0.03964952987926785,0.01197668402006907,7
194.7169952392578,1.4595904350280762,0.18018199503421783,1998.19677734375,0.03958561792703868,0.012129684574495802,7
194.9459991455078,1.4595896005630493,0.1799401491880417,1998.19677734375,0.039663694999406994,0.012052945868947383,7
195.1750030517578,1.459593415260315,0.17977993190288544,1998.19677734375,0.039536631698346286,0.012034260986046692,7
195.4040069580078,1.4595789909362793,0.17906785011291504,1998.19677734375,0.03947741955708237,0.012112394670023636,7
195.63299560546875,1.4595842361450195,0.1788938343524933,1998.19677734375,0.03957469473646384,0.012228519563319747,7
195.86199951171875,1.4595890045166016,0.17911814153194427,1998.19677734375,0.03967001597330853,0.01212411070974629,7
196.09100341796875,1.4595880508422852,0.17918261885643005,1998.19677734375,0.03961776129649193,0.012004080587343126,7
196.32000732421875,1.4595931768417358,0.1795671582221985,1998.19677734375,0.03979321888375794,0.012017219501934092,7
196.5489959716797,1.4595907926559448,0.1804562360048294,1998.19677734375,0.039550412185492885,0.01206443204539806,7
196.7779998779297,1.459594488143921,0.1812886893749237,1998.19677734375,0.03977703785478334,0.012101328154700986,7
197.0070037841797,1.4595959186553955,0.18130917847156525,1998.19677734375,0.03955096676099424,0.012193312437758586,7
197.2360076904297,1.4595887660980225,0.18100959062576294,1998.19677734375,0.0395991221322284,0.012145462657306856,7
197.46499633789062,1.459590196609497,0.1807565689086914,1998.19677734375,0.03970004019951738,0.012145148165832858,7
197.69400024414062,1.4595916271209717,0.18041115999221802,1998.19677734375,0.03957335311743663,0.012075119483415322,7
197.92300415039062,1.4595927000045776,0.17987754940986633,1998.19677734375,0.039642682052380585,0.012238194720085957,7
198.15200805664062,1.4595849514007568,0.17953288555145264,1998.19677734375,0.03970248061797443,0.012194357275674498,7
198.38099670410156,1.4595863819122314,0.17943823337554932,1998.19677734375,0.03967669877918892,0.0122172944277893,7
198.61000061035156,1.459586501121521,0.17923851311206818,1998.19677734375,0.03966091962967176,0.012226195463440087,7
198.83900451660156,1.459589958190918,0.17872019112110138,1998.19677734375,0.039766328507815675,0.012165520587104574,7
199.06800842285156,1.4595966339111328,0.17843513190746307,1998.19677734375,0.039615555940199866,0.01235025584365125,7
199.2969970703125,1.4595948457717896,0.17820410430431366,1998.19677734375,0.03971259993726577,0.012156549547588122,7
199.5260009765625,1.4595913887023926,0.17768466472625732,1998.19677734375,0.03971558899644093,0.012274287205228072,7
199.7550048828125,1.4596006870269775,0.1776634305715561,1998.19677734375,0.03969784896741873,0.012317516859650273,7
199.9840087890625,1.4595965147018433,0.17803716659545898,1998.19677734375,0.039633804249825606,0.012286090245502881,7
200.21299743652344,1.459593415260315,0.17832781374454498,1998.19677734375,0.039805781100719397,0.012176593784671086,7
200.44200134277344,1.4595879316329956,0.1787663847208023,1998.19677734375,0.039812654053379096,0.01222226529336754,7
200.67100524902344,1.4595911502838135,0.17962118983268738,1998.19677734375,0.0397886135244259,0.012275823331072211,7
200.90000915527344,1.4595876932144165,0.1802397519350052,1998.19677734375,0.03984256796799716,0.012249358027826769,7
201.12899780273438,1.4595832824707031,0.18003666400909424,1998.19677734375,0.03966503281320368,0.01219619656805757,7
201.35800170898438,1.4595953226089478,0.17960144579410553,1998.19677734375,0.03979550351363705,0.012233135929376547,7
201.58700561523438,1.4595911502838135,0.17936371266841888,1998.19677734375,0.03974618649028276,0.012225557985288458,7
201.81600952148438,1.4595953226089478,0.1789228916168213,1998.19677734375,0.03972786298374125,0.012361878420807873,7
202.0449981689453,1.4595870971679688,0.17842581868171692,1998.19677734375,0.0397830003941618,0.01231882548847411,7
202.2740020751953,1.4595927000045776,0.17820857465267181,1998.19677734375,0.039753246023157635,0.01237688765344759,7
202.5030059814453,1.4595905542373657,0.17793692648410797,1998.19677734375,0.039679991591300326,0.01242261326196031,7
202.73199462890625,1.4595826864242554,0.17745214700698853,1998.19677734375,0.039855080935582696,0.012276336629016959,7
202.96099853515625,1.4595885276794434,0.17716410756111145,1998.19677734375,0.03978475595658946,0.012334147029466983,7
203.19000244140625,1.4595801830291748,0.176984503865242,1998.19677734375,0.03984989336096514,0.012377104805202715,7
203.41900634765625,1.459579348564148,0.17675794661045074,1998.19677734375,0.03980924752682181,0.012335045617123609,7
203.6479949951172,1.4595801830291748,0.17643414437770844,1998.19677734375,0.039763298032435807,0.012363915844555916,7
203.8769989013672,1.459584355354309,0.17646543681621552,1998.19677734375,0.039849177165845635,0.012465636602395469,7
204.1060028076172,1.4595884084701538,0.17706723511219025,1998.19677734375,0.03986198344856959,0.012301733409545918,7
204.3350067138672,1.4598947763442993,0.17851375043392181,1998.19677734375,0.039840363306513894,0.012370593409047309,7
204.56399536132812,1.4595857858657837,0.17786166071891785,1998.19677734375,0.03983178184646281,0.012382944875726604,7
204.79299926757812,1.459896445274353,0.18002139031887054,1998.19677734375,0.03989243582738583,0.012445575069050715,7
205.02200317382812,1.4595892429351807,0.17881929874420166,1998.19677734375,0.03984774399438808,0.012300359187578415,7
205.25100708007812,1.4595928192138672,0.17850331962108612,1998.19677734375,0.0398464103598209,0.012424263140259373,7
205.47999572753906,1.4595803022384644,0.1782253384590149,1998.19677734375,0.039913096436004464,0.012411803580686406,7
205.70899963378906,1.4595797061920166,0.17803046107292175,1998.19677734375,0.039802460661499874,0.01240233947121142,7
205.93800354003906,1.4595791101455688,0.1774778515100479,1998.19677734375,0.039803890392948134,0.012485542049974385,7
206.16700744628906,1.4595779180526733,0.1771637350320816,1998.19677734375,0.03983940658750673,0.012382401320970331,7
206.39599609375,1.4595824480056763,0.1770329475402832,1998.19677734375,0.039777270330787075,0.012318571158977132,7
206.625,1.459585189819336,0.17691780626773834,1998.19677734375,0.03975073741052652,0.012431060618480285,7
206.85400390625,1.4595816135406494,0.17646543681621552,1998.19677734375,0.03982200308091991,0.012524284475926984,7
207.0830078125,1.459577202796936,0.176088348031044,1998.19677734375,0.03982626215154724,0.012495625911001656,7
207.31199645996094,1.459574580192566,0.17585359513759613,1998.19677734375,0.03998325014433768,0.012557018563371382,7
207.54100036621094,1.4595746994018555,0.17556145787239075,1998.19677734375,0.0398782233587022,0.012430359307567146,7
207.77000427246094,1.4595885276794434,0.17542918026447296,1998.19677734375,0.03979444549764141,0.012455670393919191,7
207.99900817871094,1.4595820903778076,0.17552493512630463,1998.19677734375,0.039929592456699414,0.012461308000626243,7
208.22799682617188,1.4595787525177002,0.17609803378582,1998.19677734375,0.039874869492345054,0.012493094837917067,7
208.45700073242188,1.4595893621444702,0.17657685279846191,1998.19677734375,0.040008654248754195,0.012563592642405782,7
208.68600463867188,1.4595754146575928,0.1774066835641861,1998.19677734375,0.03979211697750351,0.012450458653045955,7
208.91500854492188,1.4595825672149658,0.17795221507549286,1998.19677734375,0.03990217903235658,0.012437638602054463,7
209.1439971923828,1.4595890045166016,0.1777692586183548,1998.19677734375,0.039818864503728894,0.012527008871461465,7
209.3730010986328,1.459580898284912,0.17750655114650726,1998.19677734375,0.03995161107984013,0.012501944121256572,7
209.6020050048828,1.4595844745635986,0.17725130915641785,1998.19677734375,0.039771749910498484,0.01245098603765665,7
209.8310089111328,1.45958411693573,0.17709703743457794,1998.19677734375,0.03992817714294211,0.012522692819977057,7
210.05999755859375,1.4595766067504883,0.17664392292499542,1998.19677734375,0.03984472073696564,0.012469431325810002,7
210.28900146484375,1.4595860242843628,0.17656046152114868,1998.19677734375,0.039849367736423835,0.012514063766878268,7
210.51800537109375,1.4595777988433838,0.17623813450336456,1998.19677734375,0.039880120592949785,0.012537474509777337,7
210.74700927734375,1.4595879316329956,0.17617441713809967,1998.19677734375,0.039881200428789114,0.012564725850898795,7
210.9759979248047,1.459593653678894,0.17558790743350983,1998.19677734375,0.03988949257487623,0.012669018932216511,7
211.2050018310547,1.459593653678894,0.17532819509506226,1998.19677734375,0.03996605178338765,0.012589533942942857,7
211.4340057373047,1.459582805633545,0.17527490854263306,1998.19677734375,0.03998114283069494,0.012668795538920271,7
211.6630096435547,1.459580898284912,0.17497345805168152,1998.19677734375,0.039914203649775486,0.012647186642983803,7
211.89199829101562,1.4595853090286255,0.17500177025794983,1998.19677734375,0.03980783015573272,0.01247153851831178,7
212.12100219726562,1.4595856666564941,0.1753963828086853,1998.19677734375,0.039889251726694344,0.01261970804871357,7
212.35000610351562,1.4595850706100464,0.175992950797081,1998.19677734375,0.03994998144171098,0.012585029220959856,7
212.57901000976562,1.459585189819336,0.17668156325817108,1998.19677734375,0.039933844785093556,0.012477772329227064,7
212.80799865722656,1.4595918655395508,0.1773776262998581,1998.19677734375,0.0399679930945664,0.012623625324274013,7
213.03700256347656,1.4595847129821777,0.17756319046020508,1998.19677734375,0.03974931724686868,0.01257466047187809,7
213.26600646972656,1.459585428237915,0.17727738618850708,1998.19677734375,0.03975191391286235,0.012506099856083825,7
213.4949951171875,1.4595801830291748,0.1770079880952835,1998.19677734375,0.039944222587342364,0.012565988619581766,7
213.7239990234375,1.4595916271209717,0.17670801281929016,1998.19677734375,0.04010763913680669,0.012627289635585745,7
213.9530029296875,1.4595909118652344,0.17635029554367065,1998.19677734375,0.03983719608091483,0.01257386935352548,7
214.1820068359375,1.4595801830291748,0.17585955560207367,1998.19677734375,0.04003127228649498,0.012631652129085081,7
214.41099548339844,1.4595870971679688,0.17563597857952118,1998.19677734375,0.04002149833679434,0.012644097809042468,7
214.63999938964844,1.4595839977264404,0.17557524144649506,1998.19677734375,0.039946910771398454,0.01268662865483635,7
214.86900329589844,1.4595835208892822,0.1751195192337036,1998.19677734375,0.03996555798885786,0.012630742159082437,7
215.09800720214844,1.4595863819122314,0.17476403713226318,1998.19677734375,0.03987289411541463,0.012601704934875394,7
215.32699584960938,1.4595832824707031,0.17440743744373322,1998.19677734375,0.040021674875945566,0.012717810239512723,7
215.55599975585938,1.4595868587493896,0.17423565685749054,1998.19677734375,0.039916289707210305,0.012563748664566965,7
215.78500366210938,1.4595907926559448,0.17412088811397552,1998.19677734375,0.03998518886836252,0.012673329705601035,7
216.01400756835938,1.459593415260315,0.17429937422275543,1998.19677734375,0.039884366357700735,0.01263673835676537,7
216.2429962158203,1.4595847129821777,0.1746455430984497,1998.19677734375,0.03993107507964096,0.012631112098194336,7
216.4720001220703,1.4595880508422852,0.17539042234420776,1998.19677734375,0.04003801530841472,0.012719026280058809,7
216.7010040283203,1.4595959186553955,0.17609356343746185,1998.19677734375,0.03988633718856418,0.012618013144539385,7
216.9300079345703,1.4595867395401,0.17647773027420044,1998.19677734375,0.03994667732277599,0.012607016486192923,7
217.15899658203125,1.4595916271209717,0.17645351588726044,1998.19677734375,0.03996972454239828,0.012581651434761948,7
217.38800048828125,1.4595905542373657,0.17609244585037231,1998.19677734375,0.03998000052715001,0.012494783743555674,7
217.61700439453125,1.459586262702942,0.17578354477882385,1998.19677734375,0.04003443260061254,0.012678439764441503,7
217.84600830078125,1.4595834016799927,0.17542582750320435,1998.19677734375,0.04005618697089889,0.012650947757988662,7
218.0749969482422,1.4595930576324463,0.17500437796115875,1998.19677734375,0.039993009939135175,0.012692497016013327,7
218.3040008544922,1.4595836400985718,0.17472976446151733,1998.19677734375,0.039957633156355636,0.012624452450320435,7
218.5330047607422,1.4595950841903687,0.17452742159366608,1998.19677734375,0.039960308416038606,0.012750461323072181,7
218.7620086669922,1.4595931768417358,0.1742498278617859,1998.19677734375,0.040017363969301493,0.01270188289181704,7
218.99099731445312,1.4595928192138672,0.17413990199565887,1998.19677734375,0.039925422016592715,0.012693302447697797,7
219.22000122070312,1.4595967531204224,0.1737065315246582,1998.19677734375,0.03990363587710904,0.012765085885134203,7
219.44900512695312,1.4595891237258911,0.17325231432914734,1998.19677734375,0.04008162527172972,0.012652542586468803,7
219.67800903320312,1.459582805633545,0.17304475605487823,1998.19677734375,0.039986478541836484,0.012734127392522925,7
219.90699768066406,1.4595870971679688,0.1731543093919754,1998.19677734375,0.039969161214835174,0.012767362188892068,7
220.13600158691406,1.459591269493103,0.1735232025384903,1998.19677734375,0.04004635175579188,0.01274254135585706,7
220.36500549316406,1.4595881700515747,0.17397966980934143,1998.19677734375,0.04015561917038027,0.01266729946944969,7
220.59400939941406,1.4595892429351807,0.17463958263397217,1998.19677734375,0.03991847515959662,0.012817589992895064,7
220.822998046875,1.4595829248428345,0.17529688775539398,1998.19677734375,0.04006539574086182,0.012774683774435006,7
221.052001953125,1.459583044052124,0.17542098462581635,1998.19677734375,0.0400369670729818,0.012722762959375293,7
221.281005859375,1.4595873355865479,0.17505356669425964,1998.19677734375,0.039951886810278454,0.012679918978351164,7
221.510009765625,1.4595927000045776,0.17489968240261078,1998.19677734375,0.040019123206915294,0.012698565947878548,7
221.73899841308594,1.4595904350280762,0.17445364594459534,1998.19677734375,0.04002354832570592,0.012597293576259546,7
221.96800231933594,1.4595898389816284,0.17407990992069244,1998.19677734375,0.03999566427349799,0.012766512742388077,7
222.19700622558594,1.4595942497253418,0.17395806312561035,1998.19677734375,0.03992789775772251,0.012807863215586074,7
222.42601013183594,1.4595824480056763,0.17354966700077057,1998.19677734375,0.04001623245372147,0.01278964802053873,7
222.65499877929688,1.4595853090286255,0.17325752973556519,1998.19677734375,0.03995560844236027,0.012654713903361734,7
222.88400268554688,1.4595836400985718,0.17306822538375854,1998.19677734375,0.04001969776796764,0.01279001945090938,7
223.11300659179688,1.459586501121521,0.17293259501457214,1998.19677734375,0.04012151081438877,0.012783013083457124,7
223.34201049804688,1.4595807790756226,0.1725398451089859,1998.19677734375,0.0400096781400682,0.012814436136047724,7
223.5709991455078,1.4595903158187866,0.1722872108221054,1998.19677734375,0.039979946716302374,0.012748853735665717,7
223.8000030517578,1.4595850706100464,0.17237478494644165,1998.19677734375,0.04015302752218581,0.012758034156486561,7
224.0290069580078,1.459593415260315,0.17238633334636688,1998.19677734375,0.04002806827342901,0.01285667757572737,7
224.25799560546875,1.4595853090286255,0.17265871167182922,1998.19677734375,0.039985186635729135,0.012680368746010535,7
224.48699951171875,1.4595880508422852,0.17336520552635193,1998.19677734375,0.040093460826477204,0.012812993101581278,7
224.71600341796875,1.459590196609497,0.17422150075435638,1998.19677734375,0.04006583058095701,0.01284430760327811,7
224.94500732421875,1.459576964378357,0.17448046803474426,1998.19677734375,0.03999961054961432,0.012856656434754506,7
225.1739959716797,1.4595792293548584,0.1743548959493637,1998.19677734375,0.04005430175776981,0.012871250923147524,7
180.29100036621094,1.4603933095932007,0.22617939114570618,1360.211669921875,0.04040558834330836,0.01365601565128951,8
180.52099609375,1.4595850706100464,0.19800980389118195,1360.211669921875,0.04064337587145473,0.014290218311862134,8
180.75100708007812,1.4595857858657837,0.19234703481197357,1360.211669921875,0.04080343457855809,0.014488207617190897,8
180.9810028076172,1.4595835208892822,0.18887753784656525,1360.211669921875,0.040853703980715785,0.014800250298603603,8
181.21099853515625,1.4595884084701538,0.18620134890079498,1360.211669921875,0.040928086736221767,0.015019770958505535,8
181.4409942626953,1.4595800638198853,0.18427562713623047,1360.211669921875,0.04114782528053009,0.015124521980479205,8
181.67100524902344,1.4595885276794434,0.18261224031448364,1360.211669921875,0.04110332836211815,0.015367011181179925,8
181.9010009765625,1.4595967531204224,0.18127861618995667,1360.211669921875,0.04118996373331712,0.015274984102687114,8
182.13099670410156,1.4595786333084106,0.18011902272701263,1360.211669921875,0.04115223358464605,0.01544366307361975,8
182.3610076904297,1.4595775604248047,0.1791539192199707,1360.211669921875,0.04122600158067443,0.01545521712280791,8
182.59100341796875,1.459892988204956,0.17966218292713165,1360.211669921875,0.04131136826520091,0.01567241793409246,8
182.8209991455078,1.4595831632614136,0.17751102149486542,1360.211669921875,0.041181033011218365,0.015443679632387325,8
183.05099487304688,1.4595986604690552,0.17722931504249573,1360.211669921875,0.04133439573340606,0.015618089489524992,8
183.281005859375,1.459587574005127,0.17727775871753693,1360.211669921875,0.041256070626553586,0.01567485344652663,8
183.51100158691406,1.459594964981079,0.17749202251434326,1360.211669921875,0.041228211946989966,0.01576095205238427,8
183.74099731445312,1.4598976373672485,0.17959660291671753,1360.211669921875,0.04143243913137342,0.015799428132164235,8
183.97100830078125,1.4595873355865479,0.17915652692317963,1360.211669921875,0.041318944428996474,0.01587156189003079,8
184.2010040283203,1.459592342376709,0.17997033894062042,1360.211669921875,0.04133843112790591,0.01587722204342679,8
184.43099975585938,1.4595836400985718,0.17999492585659027,1360.211669921875,0.04144688669414715,0.016069667424662003,8
184.66099548339844,1.4595938920974731,0.17967484891414642,1360.211669921875,0.04119953379540309,0.015996943799365185,8
184.89100646972656,1.4595972299575806,0.17947512865066528,1360.211669921875,0.04150587324107324,0.01595764725568756,8
185.12100219726562,1.4595834016799927,0.17903058230876923,1360.211669921875,0.041368796131942186,0.01619483717931736,8
185.3509979248047,1.4595928192138672,0.1789787858724594,1360.211669921875,0.04143821845471069,0.01616152647144772,8
185.58099365234375,1.4595872163772583,0.17877347767353058,1360.211669921875,0.041366864706604854,0.016269674780732536,8
185.81100463867188,1.4595834016799927,0.17859238386154175,1360.211669921875,0.04144710683226268,0.01629290520233084,8
186.04100036621094,1.4595800638198853,0.17849624156951904,1360.211669921875,0.0414987139488428,0.01632534728154702,8
186.27099609375,1.4595762491226196,0.178252175450325,1360.211669921875,0.041600329464350584,0.016514011898417367,8
186.50100708007812,1.4595849514007568,0.17806363105773926,1360.211669921875,0.04135630662515131,0.01645092007227872,8
186.7310028076172,1.4595866203308105,0.17778751254081726,1360.211669921875,0.041484761371816344,0.016485430327131362,8
186.96099853515625,1.4595832824707031,0.17759934067726135,1360.211669921875,0.04148452128630401,0.01639098351498599,8
187.1909942626953,1.459581732749939,0.17782627046108246,1360.211669921875,0.04135541631753685,0.016622586890699047,8
187.42100524902344,1.4595774412155151,0.17813405394554138,1360.211669921875,0.04152903542715134,0.016534596604326462,8
187.6510009765625,1.459587574005127,0.17864416539669037,1360.211669921875,0.041456271907261526,0.016562918548150736,8
187.88099670410156,1.4595897197723389,0.17965473234653473,1360.211669921875,0.041457312139229735,0.016556898619859185,8
188.1110076904297,1.4595876932144165,0.1807025521993637,1360.211669921875,0.04162598321991234,0.016716032842674304,8
188.34100341796875,1.4595813751220703,0.18099692463874817,1360.211669921875,0.041484921271212415,0.016595874029541362,8
188.5709991455078,1.4595857858657837,0.18073421716690063,1360.211669921875,0.04153661991519681,0.016662326943705206,8
188.80099487304688,1.4595805406570435,0.18055200576782227,1360.211669921875,0.04155658117713262,0.01667967777406811,8
189.031005859375,1.4595855474472046,0.18021626770496368,1360.211669921875,0.041647114943680424,0.01676566295174655,8
189.26100158691406,1.4595816135406494,0.17985296249389648,1360.211669921875,0.04162571692444529,0.01681889581280782,8
189.49099731445312,1.4595885276794434,0.17969198524951935,1360.211669921875,0.041533718503874086,0.01679734422435459,8
189.72100830078125,1.4595792293548584,0.17946244776248932,1360.211669921875,0.0415585197496146,0.016874615967539322,8
189.9510040283203,1.4595891237258911,0.17921167612075806,1360.211669921875,0.041506600999700986,0.016849419455679304,8
190.18099975585938,1.4595764875411987,0.17904213070869446,1360.211669921875,0.04143726397385791,0.016919028158622847,8
190.41099548339844,1.4595870971679688,0.17880551517009735,1360.211669921875,0.04153212106484728,0.016883141184464923,8
190.64100646972656,1.4595839977264404,0.1786177158355713,1360.211669921875,0.04154577566799591,0.01688347940813618,8
190.87100219726562,1.4595924615859985,0.17843103408813477,1360.211669921875,0.041524364145893625,0.01704428102601504,8
191.1009979248047,1.45958411693573,0.17832110822200775,1360.211669921875,0.04160872659746077,0.016931558844590903,8
191.3310089111328,1.459578037261963,0.17847126722335815,1360.211669921875,0.041811104568385056,0.017040179210694117,8
191.56100463867188,1.4595752954483032,0.17898325622081757,1360.211669921875,0.04165958356997272,0.01703068803060996,8
191.79100036621094,1.4595882892608643,0.17961671948432922,1360.211669921875,0.04162056717487822,0.017079432600793143,8
192.02099609375,1.4595729112625122,0.18054939806461334,1360.211669921875,0.0415589640359976,0.017124809028198074,8
192.25100708007812,1.4595756530761719,0.18118509650230408,1360.211669921875,0.04173442839802248,0.017002211970908128,8
192.4810028076172,1.4595739841461182,0.18098051846027374,1360.211669921875,0.04163491952887847,0.01705672815949132,8
192.71099853515625,1.459581732749939,0.18059895932674408,1360.211669921875,0.041485242665942224,0.017140614811275077,8
192.9409942626953,1.4595725536346436,0.18039177358150482,1360.211669921875,0.041583913845304556,0.01715335048762357,8
193.17100524902344,1.4595814943313599,0.18000537157058716,1360.211669921875,0.041660278152885616,0.017016175941885803,8
193.4010009765625,1.45957612991333,0.17962342500686646,1360.211669921875,0.041669151171206446,0.01717769173928338,8
193.63099670410156,1.459567666053772,0.17933389544487,1360.211669921875,0.04167163327721237,0.017296959286036532,8
193.8610076904297,1.4595810174942017,0.1790965348482132,1360.211669921875,0.041652417269860825,0.017228884636696723,8
194.09100341796875,1.4595715999603271,0.17870043218135834,1360.211669921875,0.04155011547050873,0.017343842816869386,8
194.3209991455078,1.459578037261963,0.1783054620027542,1360.211669921875,0.04173443325580333,0.017302330966823584,8
194.55099487304688,1.4595744609832764,0.17798015475273132,1360.211669921875,0.041628494381038904,0.01740349034688636,8
194.781005859375,1.4595723152160645,0.17759263515472412,1360.211669921875,0.04164629807213851,0.017337160005511165,8
195.01100158691406,1.459576964378357,0.17736682295799255,1360.211669921875,0.04164290380315037,0.017375370080661715,8
195.24099731445312,1.459580421447754,0.17735078930854797,1360.211669921875,0.04170756482817597,0.01747342950448433,8
195.47100830078125,1.459578275680542,0.1777830421924591,1360.211669921875,0.04167163085568529,0.01737208597273709,8
195.7010040283203,1.4595786333084106,0.1784094125032425,1360.211669921875,0.041797320835788625,0.017542643818358926,8
195.93099975585938,1.4595791101455688,0.1792467087507248,1360.211669921875,0.041909860189051934,0.017364721163014556,8
196.16099548339844,1.4595792293548584,0.17988090217113495,1360.211669921875,0.04177417177203815,0.017291675593354133,8
196.39100646972656,1.4595829248428345,0.1800146847963333,1360.211669921875,0.04179375968651815,0.017321451784466917,8
196.62100219726562,1.4595789909362793,0.17980004847049713,1360.211669921875,0.04186860131015476,0.01732000095118246,8
196.8509979248047,1.459572434425354,0.17947997152805328,1360.211669921875,0.04178885951840752,0.017443604613821887,8
197.0810089111328,1.4595744609832764,0.17912597954273224,1360.211669921875,0.041735665841915695,0.01739163618419075,8
197.31100463867188,1.4595807790756226,0.17894414067268372,1360.211669921875,0.041653741393737925,0.017426018071992268,8
197.54100036621094,1.4595847129821777,0.17858827114105225,1360.211669921875,0.04167777131100067,0.017468493797076174,8
197.77099609375,1.459572196006775,0.17858082056045532,1360.211669921875,0.04164452850390245,0.017536732537149817,8
198.00100708007812,1.4595746994018555,0.17826521396636963,1360.211669921875,0.04186181455806794,0.017480539015752836,8
198.2310028076172,1.4595783948898315,0.17817242443561554,1360.211669921875,0.04173134851229483,0.017539095480014553,8
198.46099853515625,1.4595860242843628,0.17771708965301514,1360.211669921875,0.04180111430330167,0.017361301590082225,8
198.6909942626953,1.4595762491226196,0.17744730412960052,1360.211669921875,0.041836334502097505,0.017655986927167234,8
198.92100524902344,1.4595770835876465,0.17723491787910461,1360.211669921875,0.04185926670785899,0.017657593914072633,8
199.1510009765625,1.4598852396011353,0.17848730087280273,1360.211669921875,0.04176200076864932,0.017638854024645847,8
199.38099670410156,1.459580659866333,0.17734557390213013,1360.211669921875,0.04176820272949695,0.017619491034158243,8
199.6110076904297,1.4595807790756226,0.17785495519638062,1360.211669921875,0.041854929682900006,0.017541825609605422,8
199.84100341796875,1.4595866203308105,0.1788245290517807,1360.211669921875,0.041772002726124025,0.01769359550131618,8
200.0709991455078,1.459585189819336,0.17962044477462769,1360.211669921875,0.04177799642732599,0.017633634564069228,8
200.30099487304688,1.4595863819122314,0.17992711067199707,1360.211669921875,0.04178807008801261,0.01769129231361011,8
200.531005859375,1.4595788717269897,0.1797117441892624,1360.211669921875,0.04184753122075011,0.017582868810763642,8
200.76100158691406,1.4595762491226196,0.1794930100440979,1360.211669921875,0.041754895208654136,0.01766884266371472,8
200.99099731445312,1.4595842361450195,0.17912374436855316,1360.211669921875,0.04178000342099815,0.017607445920097435,8
201.22100830078125,1.4595725536346436,0.1787075251340866,1360.211669921875,0.041752630103365974,0.01772157091028844,8
201.4510040283203,1.4595729112625122,0.17862404882907867,1360.211669921875,0.041758886316358455,0.01782276656899684,8
201.68099975585938,1.45957350730896,0.17837700247764587,1360.211669921875,0.041759338382460494,0.017510685173899254,8
201.91099548339844,1.459571361541748,0.1779622733592987,1360.211669921875,0.04174320537839586,0.01774869226203326,8
202.14100646972656,1.4598753452301025,0.17905069887638092,1360.211669921875,0.04194176703753351,0.017692707370257382,8
202.37100219726562,1.4595755338668823,0.17746444046497345,1360.211669921875,0.041842065055406774,0.017841273033791134,8
202.6009979248047,1.459575891494751,0.17725130915641785,1360.211669921875,0.04186194775356763,0.017850098890984056,8
202.8310089111328,1.4595791101455688,0.17691892385482788,1360.211669921875,0.04186047031758537,0.017738122367447855,8
203.06100463867188,1.459570288658142,0.17681942880153656,1360.211669921875,0.04180102481627019,0.01774491097696659,8
203.29100036621094,1.4595680236816406,0.17693084478378296,1360.211669921875,0.04197400346062993,0.017863754422520077,8
203.52099609375,1.4595820903778076,0.1772911697626114,1360.211669921875,0.041923139942231846,0.01767225594547224,8
203.75100708007812,1.4595751762390137,0.17781172692775726,1360.211669921875,0.041967720303327995,0.017761826786907207,8
203.9810028076172,1.4595816135406494,0.1786855310201645,1360.211669921875,0.041910197133919365,0.017839921395403305,8
204.21099853515625,1.4595807790756226,0.179319366812706,1360.211669921875,0.0419861274989915,0.017773245345503362,8
204.44100952148438,1.4595763683319092,0.17924372851848602,1360.211669921875,0.04200472409395473,0.017685724618784395,8
204.67100524902344,1.4595791101455688,0.17901009321212769,1360.211669921875,0.042106781939772006,0.01789446183097052,8
204.9010009765625,1.4595683813095093,0.17850667238235474,1360.211669921875,0.041869024819321594,0.017687526115102506,8
205.13099670410156,1.4595717191696167,0.17819590866565704,1360.211669921875,0.04193969928640761,0.017714243673513395,8
205.3610076904297,1.4595755338668823,0.17785532772541046,1360.211669921875,0.04183766923065053,0.017852075581947943,8
205.59100341796875,1.4595774412155151,0.17766045033931732,1360.211669921875,0.04201871085507856,0.017900692852741373,8
205.8209991455078,1.4595736265182495,0.17740705609321594,1360.211669921875,0.04181038665347804,0.0177582800752267,8
206.05099487304688,1.459578275680542,0.17712312936782837,1360.211669921875,0.04181225960606588,0.017938166045449365,8
206.281005859375,1.4595807790756226,0.17669683694839478,1360.211669921875,0.04181767451859414,0.01787364567153953,8
206.51100158691406,1.4595764875411987,0.17640544474124908,1360.211669921875,0.04191412103997088,0.01795367068881499,8
206.74099731445312,1.4595741033554077,0.176117405295372,1360.211669921875,0.04200987928040541,0.017898214424496916,8
206.97100830078125,1.459580659866333,0.1758890002965927,1360.211669921875,0.04191815686787388,0.017904206325305823,8
207.2010040283203,1.4595718383789062,0.17588041722774506,1360.211669921875,0.04199807896260123,0.01769078410931473,8
207.43099975585938,1.4595776796340942,0.1761285960674286,1360.211669921875,0.04185535459647044,0.017915485217132304,8
207.66099548339844,1.4595707654953003,0.17657238245010376,1360.211669921875,0.04203778231777961,0.017946219459740814,8
207.89100646972656,1.4595670700073242,0.1774439513683319,1360.211669921875,0.041877313974842484,0.017873246786323047,8
208.12100219726562,1.4595797061920166,0.17801593244075775,1360.211669921875,0.04195442431056946,0.01778345100198037,8
208.3509979248047,1.4595654010772705,0.17823243141174316,1360.211669921875,0.04206604759958391,0.01793160765727572,8
208.5810089111328,1.4595736265182495,0.17796003818511963,1360.211669921875,0.04203854088688884,0.017939517019727548,8
208.81100463867188,1.4595789909362793,0.1776280254125595,1360.211669921875,0.042038734430535594,0.01791994999392565,8
209.04100036621094,1.4595799446105957,0.17729265987873077,1360.211669921875,0.041958683742239565,0.01792507240987378,8
209.27099609375,1.4595792293548584,0.17694313824176788,1360.211669921875,0.04196984317666052,0.0178914497182364,8
209.50100708007812,1.459578275680542,0.17661747336387634,1360.211669921875,0.041974599759863514,0.018029021214926968,8
209.7310028076172,1.4595777988433838,0.17632421851158142,1360.211669921875,0.041915688057834466,0.017969160169809664,8
209.96099853515625,1.4595742225646973,0.1760149449110031,1360.211669921875,0.04198332735229027,0.017971765959827194,8
210.19100952148438,1.4595754146575928,0.1757563352584839,1360.211669921875,0.04203454209440318,0.01808421467773155,8
210.42100524902344,1.4595668315887451,0.17534272372722626,1360.211669921875,0.042063264572036366,0.01804293333443986,8
210.6510009765625,1.4595859050750732,0.17504648864269257,1360.211669921875,0.042047570685580314,0.017942472723252615,8
210.88099670410156,1.4595692157745361,0.17478230595588684,1360.211669921875,0.042002862414836604,0.018043011120192496,8
211.1110076904297,1.4595803022384644,0.17460940778255463,1360.211669921875,0.042035144156260765,0.018247536433098798,8
211.34100341796875,1.4595718383789062,0.17477336525917053,1360.211669921875,0.04211444734461101,0.017998299436016225,8
211.5709991455078,1.459568738937378,0.17507854104042053,1360.211669921875,0.042088825085708645,0.01820956468601316,8
211.80099487304688,1.4598792791366577,0.1770377904176712,1360.211669921875,0.04213802224699173,0.01805988684581276,8
212.031005859375,1.459572434425354,0.17639203369617462,1360.211669921875,0.04201175173736932,0.01807798282823574,8
212.26100158691406,1.459564208984375,0.17683248221874237,1360.211669921875,0.042087572069162804,0.01803341411938337,8
212.49099731445312,1.4595707654953003,0.17662306129932404,1360.211669921875,0.042067930505954365,0.018081617029491785,8
212.72100830078125,1.4595619440078735,0.176288440823555,1360.211669921875,0.04209023220288449,0.018042017877333925,8
212.9510040283203,1.4595694541931152,0.17601196467876434,1360.211669921875,0.04200770755169881,0.018202557864435535,8
213.18099975585938,1.4595738649368286,0.17566505074501038,1360.211669921875,0.04207286344162726,0.01802649597628895,8
213.41099548339844,1.459567666053772,0.175192192196846,1360.211669921875,0.04210142501609296,0.017959357763431275,8
213.64100646972656,1.459572672843933,0.17500028014183044,1360.211669921875,0.04210568868768447,0.01825035658665961,8
213.87100219726562,1.4595746994018555,0.1746649295091629,1360.211669921875,0.042080015098659246,0.018309429714486167,8
214.1009979248047,1.4595743417739868,0.17451848089694977,1360.211669921875,0.042109819269043676,0.018061736452578504,8
214.3310089111328,1.4595729112625122,0.17403444647789001,1360.211669921875,0.04216640399253754,0.018119461686527723,8
214.56100463867188,1.4595760107040405,0.1737218201160431,1360.211669921875,0.042011505675607214,0.01821710144535968,8
214.79100036621094,1.4595739841461182,0.17346134781837463,1360.211669921875,0.04207727938489493,0.01811603272373087,8
215.02099609375,1.4595731496810913,0.1733279526233673,1360.211669921875,0.04199320711876364,0.018196066506931566,8
215.25100708007812,1.4595708847045898,0.173319011926651,1360.211669921875,0.04199246220058762,0.018343966980436385,8
215.4810028076172,1.459583044052124,0.1736864149570465,1360.211669921875,0.04201635808837005,0.018174522570095192,8
215.71099853515625,1.4595836400985718,0.17417193949222565,1360.211669921875,0.04213051222567939,0.018122263953353496,8
215.94100952148438,1.4595770835876465,0.17498351633548737,1360.211669921875,0.0421331477464059,0.017977983678832046,8
216.17100524902344,1.459570050239563,0.1755700260400772,1360.211669921875,0.04228033556945377,0.018156962560025136,8
216.4010009765625,1.4595811367034912,0.1756717562675476,1360.211669921875,0.042002480589935005,0.018188833783731494,8
216.63099670410156,1.4595777988433838,0.17533564567565918,1360.211669921875,0.04219439089744593,0.01812192351111486,8
216.8610076904297,1.4595763683319092,0.1751784086227417,1360.211669921875,0.04220232568224914,0.018234883273978916,8
217.09100341796875,1.4595725536346436,0.1748885065317154,1360.211669921875,0.04207166650024893,0.018000810899744528,8
217.3209991455078,1.4595733880996704,0.1745680421590805,1360.211669921875,0.042074152220115624,0.018228329008199318,8
217.55101013183594,1.459578037261963,0.1742691993713379,1360.211669921875,0.04210232569782447,0.018150579772666958,8
217.781005859375,1.459881067276001,0.175401970744133,1360.211669921875,0.04220653215656533,0.01813816562499979,8
218.01100158691406,1.4595658779144287,0.17375870048999786,1360.211669921875,0.0422340744013707,0.01816658556574998,8
218.24099731445312,1.4595710039138794,0.17354072630405426,1360.211669921875,0.04194586272823466,0.018222573677972764,8
218.47100830078125,1.45957350730896,0.1731438785791397,1360.211669921875,0.04205203860467244,0.018193222152643844,8
218.7010040283203,1.4595729112625122,0.17280329763889313,1360.211669921875,0.04220522870660273,0.018265400785515477,8
218.93099975585938,1.459578037261963,0.17258307337760925,1360.211669921875,0.042119761614896216,0.01834668455879346,8
219.16099548339844,1.4595749378204346,0.17262816429138184,1360.211669921875,0.042134814690583215,0.018269765333075377,8
219.39100646972656,1.459567666053772,0.17287707328796387,1360.211669921875,0.04204998344428173,0.01828054378786146,8
219.62100219726562,1.4595699310302734,0.17322063446044922,1360.211669921875,0.04216803033833118,0.018471704138372538,8
219.8509979248047,1.4595708847045898,0.1740899682044983,1360.211669921875,0.04214048164438667,0.01828038139639763,8
220.0810089111328,1.4598833322525024,0.17624187469482422,1360.211669921875,0.042118478089238284,0.01821651694895931,8
220.31100463867188,1.459576964378357,0.175187349319458,1360.211669921875,0.0421323385658058,0.01828739187988568,8
220.54100036621094,1.4595659971237183,0.17507034540176392,1360.211669921875,0.04216887937779216,0.018167596182319605,8
220.77099609375,1.4595731496810913,0.1748020499944687,1360.211669921875,0.04210848532820467,0.018181786719901113,8
221.00100708007812,1.4595707654953003,0.17456506192684174,1360.211669921875,0.042085598745175055,0.018256618110680425,8
221.2310028076172,1.4595725536346436,0.17431019246578217,1360.211669921875,0.042136863543460454,0.018078098707492437,8
221.46099853515625,1.4595718383789062,0.1740732043981552,1360.211669921875,0.04223453031793955,0.018155601936050772,8
221.69100952148438,1.4598743915557861,0.17507071793079376,1360.211669921875,0.042261416309546614,0.018302585131984187,8
221.92100524902344,1.4595685005187988,0.1736864149570465,1360.211669921875,0.04220944721358085,0.018416799753347805,8
222.1510009765625,1.4598779678344727,0.17473609745502472,1360.211669921875,0.04219644081925088,0.018295467693549575,8
222.38099670410156,1.4595688581466675,0.17306861281394958,1360.211669921875,0.04230014667974937,0.018332845817597986,8
222.6110076904297,1.4595756530761719,0.17299072444438934,1360.211669921875,0.04210736177436122,0.018174042373689202,8
222.84100341796875,1.4595762491226196,0.17272989451885223,1360.211669921875,0.042174878930536154,0.018265361253078555,8
223.0709991455078,1.4595794677734375,0.1725480556488037,1360.211669921875,0.042146486833494826,0.01835949125854922,8
223.30101013183594,1.459574818611145,0.17243626713752747,1360.211669921875,0.042160567302086935,0.018326250452922313,8
223.531005859375,1.4595739841461182,0.17292290925979614,1360.211669921875,0.04217140987658974,0.018377962561764327,8
223.76100158691406,1.4595730304718018,0.17346060276031494,1360.211669921875,0.042151857459475466,0.018283857912279638,8
223.99099731445312,1.4595750570297241,0.17437763512134552,1360.211669921875,0.04224295719418443,0.018350682881006292,8
224.22100830078125,1.4595741033554077,0.17483484745025635,1360.211669921875,0.042230510467834804,0.01833185472265429,8
224.4510040283203,1.4595651626586914,0.17498016357421875,1360.211669921875,0.04216927689026831,0.01817086078856064,8
224.68099975585938,1.4595756530761719,0.1746228188276291,1360.211669921875,0.042171818083810805,0.01840915663897489,8
224.91099548339844,1.4595756530761719,0.17429155111312866,1360.211669921875,0.042216223764364784,0.018344525744582025,8
180.29100036621094,1.4603725671768188,0.226316899061203,926.7374267578125,0.043431052179359504,0.01889862780035463,9
180.52099609375,1.4595657587051392,0.19757457077503204,926.7374267578125,0.04384707164180595,0.019604153893029972,9
180.75100708007812,1.4595527648925781,0.1919129341840744,926.7374267578125,0.04409489652744293,0.01997190621932633,9
180.9810028076172,1.4598675966262817,0.19024617969989777,926.7374267578125,0.044318145656791146,0.020315473537514575,9
181.21099853515625,1.4595640897750854,0.18619725108146667,926.7374267578125,0.04441853467399219,0.020421711048826622,9
181.4409942626953,1.4595612287521362,0.18401405215263367,926.7374267578125,0.044284105389431186,0.020586555522663252,9
181.67100524902344,1.4595619440078735,0.18238233029842377,926.7374267578125,0.04443821965098269,0.020852501177304805,9
181.9010009765625,1.4595495462417603,0.18103119730949402,926.7374267578125,0.044431401804821816,0.021071660382587988,9
182.13099670410156,1.4595612287521362,0.17996810376644135,926.7374267578125,0.04463503668097569,0.021193502527952653,9
182.3610076904297,1.4595615863800049,0.17896388471126556,926.7374267578125,0.04469255349356569,0.021236105288435014,9
182.59100341796875,1.4595670700073242,0.1783255785703659,926.7374267578125,0.04466750996184874,0.02138589744091455,9
182.8209991455078,1.459557056427002,0.17807890474796295,926.7374267578125,0.04460644805112871,0.0214313995904186,9
183.05099487304688,1.459563136100769,0.1783781200647354,926.7374267578125,0.04465733711537605,0.021621864207066067,9
183.281005859375,1.45956289768219,0.17887595295906067,926.7374267578125,0.0446887582475159,0.02161442708813967,9
183.51100158691406,1.459566593170166,0.1795067936182022,926.7374267578125,0.04469001604603868,0.0217323329651187,9
183.74099731445312,1.4595603942871094,0.17994575202465057,926.7374267578125,0.04481307745394112,0.021757407905898793,9
183.97100830078125,1.4595625400543213,0.17996884882450104,926.7374267578125,0.044808393234649725,0.021991117803948523,9
184.2010040283203,1.4595599174499512,0.17959623038768768,926.7374267578125,0.04492414207950896,0.02193380368292968,9
184.43099975585938,1.4595587253570557,0.1792273372411728,926.7374267578125,0.04478692301167046,0.022030535334051842,9
184.66099548339844,1.4598667621612549,0.1802971363067627,926.7374267578125,0.044987625514210344,0.02210695833396348,9
184.89100646972656,1.4595656394958496,0.17871646583080292,926.7374267578125,0.04484645041001141,0.02206305027138355,9
185.12100219726562,1.459553837776184,0.17880812287330627,926.7374267578125,0.04494039109825745,0.02222539684750333,9
185.3509979248047,1.4598627090454102,0.17974266409873962,926.7374267578125,0.044973629094396776,0.022282071218692336,9
185.58099365234375,1.4595552682876587,0.17790153622627258,926.7374267578125,0.04485511889785254,0.02243636928448778,9
185.81100463867188,1.4595602750778198,0.17849065363407135,926.7374267578125,0.045051431355550405,0.02250569184192759,9
186.04100036621094,1.4598599672317505,0.1807476282119751,926.7374267578125,0.04508321950447327,0.022614788305092805,9
186.27099609375,1.4595541954040527,0.1791498214006424,926.7374267578125,0.04494216313973566,0.022619649411681358,9
186.50100708007812,1.4598538875579834,0.18029043078422546,926.7374267578125,0.045068850562627,0.02267843432682922,9
186.7310028076172,1.4595612287521362,0.17878800630569458,926.7374267578125,0.04497543919055789,0.022593178239525485,9
186.96099853515625,1.4595533609390259,0.17912299931049347,926.7374267578125,0.045028669239839184,0.02281842580035363,9
187.1909942626953,1.4595561027526855,0.17959585785865784,926.7374267578125,0.045031488114315954,0.022679671562313243,9
187.42100524902344,1.4595645666122437,0.18063323199748993,926.7374267578125,0.04507669350071818,0.022718315821238642,9
187.6510009765625,1.4595589637756348,0.18112622201442719,926.7374267578125,0.04498582797374337,0.02280639514324471,9
187.88099670410156,1.4595592021942139,0.18103715777397156,926.7374267578125,0.045178082117644916,0.022980349154727558,9
188.1110076904297,1.4595577716827393,0.18090040981769562,926.7374267578125,0.04505123452193027,0.023017980556657335,9
188.34100341796875,1.4595685005187988,0.18064703047275543,926.7374267578125,0.04494880452515052,0.023062954243364405,9
188.5709991455078,1.459559679031372,0.18049946427345276,926.7374267578125,0.045077199773851204,0.023089296752232244,9
188.80099487304688,1.459555983543396,0.18041600286960602,926.7374267578125,0.04511173582732796,0.023129390440600542,9
189.031005859375,1.4595569372177124,0.18031799793243408,926.7374267578125,0.045091258280389415,0.0231989936811874,9
189.26100158691406,1.4595627784729004,0.18029341101646423,926.7374267578125,0.044991747770376546,0.023264916094758503,9
189.49099731445312,1.459548830986023,0.17997033894062042,926.7374267578125,0.04502808213347373,0.02330110922468856,9
189.72100830078125,1.4595636129379272,0.1799185425043106,926.7374267578125,0.04505563921606099,0.023347668781171668,9
189.9510040283203,1.4598679542541504,0.18115974962711334,926.7374267578125,0.045295478177458166,0.02338170373045142,9
190.18099975585938,1.45955491065979,0.1792604923248291,926.7374267578125,0.04520640982533698,0.023376934007176903,9
190.41099548339844,1.4595556259155273,0.17930930852890015,926.7374267578125,0.04497034733617992,0.023637840717958367,9
190.64100646972656,1.459567666053772,0.17932868003845215,926.7374267578125,0.04502330496780761,0.023601183680971152,9
190.87100219726562,1.4595617055892944,0.17964020371437073,926.7374267578125,0.04503651354393,0.023429374812983697,9
191.1009979248047,1.4595533609390259,0.18012796342372894,926.7374267578125,0.04528788573816612,0.02354890932511449,9
191.3310089111328,1.4595580101013184,0.1809205263853073,926.7374267578125,0.04522978536562516,0.02338867334691883,9
191.56100463867188,1.459564447402954,0.1817406713962555,926.7374267578125,0.04516775037771183,0.023507834688488202,9
191.79100036621094,1.4598727226257324,0.1835508793592453,926.7374267578125,0.045227099812957305,0.02344701145011256,9
192.02099609375,1.4595638513565063,0.18181630969047546,926.7374267578125,0.045064280931654585,0.023715528864038358,9
192.25100708007812,1.4595586061477661,0.18138332664966583,926.7374267578125,0.04511162297138447,0.023859661916645247,9
192.4810028076172,1.459560513496399,0.18117950856685638,926.7374267578125,0.045143324085644955,0.02372004410348512,9
192.71099853515625,1.459566593170166,0.18113777041435242,926.7374267578125,0.04513107364756724,0.023799966470027085,9
192.9409942626953,1.459567904472351,0.18096300959587097,926.7374267578125,0.04516316937112105,0.023762793745725645,9
193.17100524902344,1.4595513343811035,0.1809566766023636,926.7374267578125,0.04520726179491287,0.023775629571730312,9
193.4010009765625,1.459558367729187,0.18053226172924042,926.7374267578125,0.04505214612256354,0.02375939754020849,9
193.63099670410156,1.459564447402954,0.1802971363067627,926.7374267578125,0.045223102398420534,0.023832955811059355,9
193.8610076904297,1.4595648050308228,0.18018534779548645,926.7374267578125,0.04532318482163261,0.023774124322758803,9
194.09100341796875,1.4595750570297241,0.17984402179718018,926.7374267578125,0.045287971529365686,0.023927493279884395,9
194.3209991455078,1.459555745124817,0.17959138751029968,926.7374267578125,0.04516356630807008,0.02402888771424472,9
194.55099487304688,1.4595731496810913,0.179448664188385,926.7374267578125,0.045100104088292486,0.023932475098560894,9
194.781005859375,1.4598617553710938,0.1809317171573639,926.7374267578125,0.045516926099568096,0.02408346544350168,9
195.01100158691406,1.4595680236816406,0.1802423596382141,926.7374267578125,0.04509079378435749,0.024123088742674825,9
195.24099731445312,1.459567904472351,0.18069808185100555,926.7374267578125,0.045154141907387244,0.024177815879308198,9
195.47100830078125,1.4595664739608765,0.18151411414146423,926.7374267578125,0.045240824441150594,0.023992616853066345,9
195.7010040283203,1.4595710039138794,0.18199816346168518,926.7374267578125,0.045149090618450814,0.023956476494920945,9
195.93099975585938,1.4598631858825684,0.183280348777771,926.7374267578125,0.04528784722867622,0.02402374568331288,9
196.16099548339844,1.459557056427002,0.18133488297462463,926.7374267578125,0.04527257683067905,0.02386009122291604,9
196.39100646972656,1.4595686197280884,0.18109416961669922,926.7374267578125,0.045436260662658934,0.024124006418621592,9
196.62100219726562,1.4595714807510376,0.18090860545635223,926.7374267578125,0.04536737902267588,0.024117898473181784,9
196.8509979248047,1.4595633745193481,0.1806451678276062,926.7374267578125,0.045200228051754165,0.024064511123126565,9
197.0810089111328,1.4595615863800049,0.1804908961057663,926.7374267578125,0.0451671316001155,0.024138636009452936,9
197.31100463867188,1.4595733880996704,0.1802091896533966,926.7374267578125,0.045343365188525706,0.024250627143736603,9
197.54100036621094,1.4595597982406616,0.17983508110046387,926.7374267578125,0.045337515049461014,0.024207673976616294,9
197.77099609375,1.4595686197280884,0.17941103875637054,926.7374267578125,0.04541992907246224,0.024120964585036153,9
198.00100708007812,1.4595741033554077,0.17914758622646332,926.7374267578125,0.04533007751312434,0.024308040822122855,9
198.2310028076172,1.4595545530319214,0.17896388471126556,926.7374267578125,0.045377687057177,0.02429845989963067,9
198.46099853515625,1.4595633745193481,0.1785935014486313,926.7374267578125,0.04535901453458408,0.024238071372885375,9
198.6909942626953,1.4595686197280884,0.17857076227664948,926.7374267578125,0.04546261715661406,0.02443268490082061,9
198.92100524902344,1.459570288658142,0.17891059815883636,926.7374267578125,0.045270365184470945,0.02423471158086219,9
199.1510009765625,1.4595694541931152,0.17946505546569824,926.7374267578125,0.045328806328985526,0.024176543667671524,9
199.38099670410156,1.4595677852630615,0.18032842874526978,926.7374267578125,0.04544167423935331,0.024128061228311,9
199.6110076904297,1.4595617055892944,0.18066751956939697,926.7374267578125,0.045309236321493265,0.024343530212921984,9
199.84100341796875,1.4595621824264526,0.18067646026611328,926.7374267578125,0.04551055579992892,0.024292014153044567,9
200.0709991455078,1.4595566987991333,0.18036234378814697,926.7374267578125,0.045541691349688225,0.024395882144150227,9
200.30099487304688,1.4595671892166138,0.1800687164068222,926.7374267578125,0.04546776157217336,0.024449157216303388,9
200.531005859375,1.4598755836486816,0.18115751445293427,926.7374267578125,0.04555761526381988,0.02454177276154617,9
200.76100158691406,1.4595658779144287,0.1794721484184265,926.7374267578125,0.04534786555835237,0.02429918809140896,9
200.99099731445312,1.4595601558685303,0.17942072451114655,926.7374267578125,0.04540045865963377,0.02427941325821845,9
201.22100830078125,1.4595682621002197,0.17911143600940704,926.7374267578125,0.04537537845591992,0.02448956540169221,9
201.4510040283203,1.4595686197280884,0.1790667325258255,926.7374267578125,0.04561344803313208,0.024486430948308612,9
201.68099975585938,1.4595626592636108,0.17853723466396332,926.7374267578125,0.04544962695609938,0.02461819138084374,9
201.91099548339844,1.459572196006775,0.17823541164398193,926.7374267578125,0.04547386220357608,0.024483209093722667,9
202.14100646972656,1.459575891494751,0.17785607278347015,926.7374267578125,0.045382076959292014,0.024449512392414996,9
202.37100219726562,1.4595756530761719,0.1776343584060669,926.7374267578125,0.04562284900060974,0.02461463081150739,9
202.6009979248047,1.45956289768219,0.1774141490459442,926.7374267578125,0.04554704891913544,0.024726259008190907,9
202.8310089111328,1.4595640897750854,0.1774689257144928,926.7374267578125,0.04553975535858394,0.02464098764221654,9
203.06100463867188,1.4595609903335571,0.17783930897712708,926.7374267578125,0.04531026509933033,0.024437442149632282,9
203.29100036621094,1.459548830986023,0.17831887304782867,926.7374267578125,0.04540328429066922,0.024503871656159863,9
203.52099609375,1.4595555067062378,0.17930521070957184,926.7374267578125,0.0455768628628647,0.02468480142919272,9
203.75100708007812,1.4595609903335571,0.179610013961792,926.7374267578125,0.04558370770525135,0.024542616459032572,9
203.9810028076172,1.4595669507980347,0.17922955751419067,926.7374267578125,0.04573586705899279,0.024625556440765084,9
204.21099853515625,1.4595586061477661,0.17862479388713837,926.7374267578125,0.04552911609687473,0.024545248120709226,9
204.44100952148438,1.4595587253570557,0.17863857746124268,926.7374267578125,0.04548668082759895,0.024635940569210032,9
204.67100524902344,1.459559679031372,0.17822684347629547,926.7374267578125,0.04558306595266116,0.024750938942128996,9
204.9010009765625,1.45956289768219,0.1779816448688507,926.7374267578125,0.04546811322524501,0.024783815070706792,9
205.13099670410156,1.4595645666122437,0.17776180803775787,926.7374267578125,0.04561787964125666,0.024635633265301753,9
205.3610076904297,1.4595701694488525,0.17751698195934296,926.7374267578125,0.045618358426780345,0.024809154189639825,9
205.59100341796875,1.459555745124817,0.17715777456760406,926.7374267578125,0.04557777922095688,0.024824956008069676,9
205.8209991455078,1.4595587253570557,0.1766316294670105,926.7374267578125,0.045538571663849524,0.024845209098423165,9
206.05099487304688,1.4595534801483154,0.1764509081840515,926.7374267578125,0.04571599759696094,0.02480405190542023,9
206.281005859375,1.459547996520996,0.17633762955665588,926.7374267578125,0.04578521130844913,0.02480738351250116,9
206.51100158691406,1.459564447402954,0.17609207332134247,926.7374267578125,0.0456138477180299,0.024878221113856767,9
206.74099731445312,1.459561824798584,0.17596687376499176,926.7374267578125,0.045612864580221395,0.02483735956165484,9
206.97100830078125,1.4595633745193481,0.17637713253498077,926.7374267578125,0.04558666548138079,0.02476253440552141,9
207.2010040283203,1.4598602056503296,0.17821602523326874,926.7374267578125,0.045744991514918384,0.02455614408182474,9
207.43099975585938,1.4595563411712646,0.1776813119649887,926.7374267578125,0.04562551134805562,0.02484914013771869,9
207.66099548339844,1.4595640897750854,0.17825664579868317,926.7374267578125,0.04562935440885825,0.0247737416580357,9
207.89100646972656,1.4595582485198975,0.17823652923107147,926.7374267578125,0.04560434665989212,0.02484796215128994,9
208.12100219726562,1.4595592021942139,0.1778903603553772,926.7374267578125,0.045687232170112904,0.024906830994128618,9
208.3509979248047,1.4595532417297363,0.17757548391819,926.7374267578125,0.04575765686928298,0.02498661563639086,9
208.5810089111328,1.4595558643341064,0.17734482884407043,926.7374267578125,0.04557750565566074,0.024777639181133848,9
208.81100463867188,1.4595675468444824,0.17723193764686584,926.7374267578125,0.0456358470979233,0.024854049828866243,9
209.04100036621094,1.4595495462417603,0.17691296339035034,926.7374267578125,0.04562244170477491,0.02481212889723684,9
209.27099609375,1.459559440612793,0.176850363612175,926.7374267578125,0.0454859955903885,0.024972845583302213,9
209.50100708007812,1.4595609903335571,0.17643675208091736,926.7374267578125,0.04567464242352073,0.02481233994713156,9
209.7310028076172,1.459564447402954,0.17615802586078644,926.7374267578125,0.04580340070478274,0.024876757055043767,9
209.96099853515625,1.459572434425354,0.17582081258296967,926.7374267578125,0.04567851018883594,0.025021784828383097,9
210.19100952148438,1.4595626592636108,0.1755562424659729,926.7374267578125,0.04580791932805471,0.02511041307592923,9
210.42100524902344,1.459549903869629,0.17543812096118927,926.7374267578125,0.0456497362182537,0.02528023523011272,9
210.6510009765625,1.4598642587661743,0.17657573521137238,926.7374267578125,0.045637517322529075,0.025044048840992653,9
210.88099670410156,1.4595669507980347,0.17555773258209229,926.7374267578125,0.04570805687089706,0.024887611761451253,9
211.1110076904297,1.4595657587051392,0.17612002789974213,926.7374267578125,0.04574809388160872,0.024998787904416547,9
211.34100341796875,1.4595619440078735,0.17695246636867523,926.7374267578125,0.045784099891985015,0.0248970423758844,9
211.5709991455078,1.459574580192566,0.17770777642726898,926.7374267578125,0.04573083532988207,0.02491173049201155,9
211.80099487304688,1.4595673084259033,0.1777685135602951,926.7374267578125,0.0458728664842119,0.024936152114177716,9
212.031005859375,1.4595640897750854,0.1774405986070633,926.7374267578125,0.04588828380794401,0.025074751013287096,9
212.26100158691406,1.4595662355422974,0.1771451085805893,926.7374267578125,0.045686865287077966,0.024884903592988998,9
212.49099731445312,1.4598711729049683,0.17844481766223907,926.7374267578125,0.04583932277326552,0.0249492240547038,9
212.72100830078125,1.4595696926116943,0.1770336925983429,926.7374267578125,0.04600835019383632,0.025043070018380117,9
212.9510040283203,1.459873914718628,0.1780170500278473,926.7374267578125,0.04580432158026809,0.024941881760285535,9
213.18099975585938,1.4595705270767212,0.1764225959777832,926.7374267578125,0.04579499011863202,0.025049090481769905,9
213.41099548339844,1.4595630168914795,0.17627987265586853,926.7374267578125,0.04565142718777304,0.024914790378244626,9
213.64100646972656,1.4595634937286377,0.17611144483089447,926.7374267578125,0.04567950520900926,0.025113075155515634,9
213.87100219726562,1.4598631858825684,0.1771637350320816,926.7374267578125,0.04571136352376681,0.02501487136932333,9
214.1009979248047,1.4595576524734497,0.17533564567565918,926.7374267578125,0.045877119975459256,0.025012453661277252,9
214.3310089111328,1.4595595598220825,0.17502190172672272,926.7374267578125,0.04575591550211023,0.0252331137526343,9
214.56100463867188,1.4595504999160767,0.17496973276138306,926.7374267578125,0.04587737485798253,0.02527704153177859,9
214.79100036621094,1.459550142288208,0.17505356669425964,926.7374267578125,0.045842715029260926,0.025004954879600635,9
215.02099609375,1.4595600366592407,0.17543216049671173,926.7374267578125,0.045831123965120284,0.024952949025901103,9
215.25100708007812,1.4598616361618042,0.17709144949913025,926.7374267578125,0.046001961704229315,0.025131441930609292,9
215.4810028076172,1.4595645666122437,0.1767333596944809,926.7374267578125,0.04580465133775103,0.025096753469832048,9
215.71099853515625,1.4595558643341064,0.17724385857582092,926.7374267578125,0.0458397531132696,0.02498117594312233,9
215.94100952148438,1.4595545530319214,0.17690066993236542,926.7374267578125,0.04570132044976616,0.025115984511745924,9
216.17100524902344,1.4595671892166138,0.17646655440330505,926.7374267578125,0.04569471552604447,0.02515402812036243,9
216.4010009765625,1.4595657587051392,0.17638234794139862,926.7374267578125,0.045848892470268174,0.025201519052898514,9
216.63099670410156,1.4595539569854736,0.17603729665279388,926.7374267578125,0.045852595003448134,0.025175760276488223,9
216.8610076904297,1.4595632553100586,0.17588117718696594,926.7374267578125,0.045845179698983246,0.02521433928901446,9
217.09100341796875,1.4595569372177124,0.17593370378017426,926.7374267578125,0.04573614498294363,0.025184830729563575,9
217.3209991455078,1.4595634937286377,0.17553389072418213,926.7374267578125,0.045785125452605234,0.02512764955118245,9
217.55101013183594,1.45955491065979,0.17509455978870392,926.7374267578125,0.0458221378883604,0.025253479490126567,9
217.781005859375,1.4595599174499512,0.17493358254432678,926.7374267578125,0.045924049522417444,0.02540187759765006,9
218.01100158691406,1.459556221961975,0.1747319996356964,926.7374267578125,0.045798920917931,0.025157638815925056,9
218.24099731445312,1.459559440612793,0.174296036362648,926.7374267578125,0.04580806175272468,0.02534490694318287,9
218.47100830078125,1.459558367729187,0.17404524981975555,926.7374267578125,0.045872254815998374,0.02532912295306363,9
218.7010040283203,1.459557056427002,0.17410822212696075,926.7374267578125,0.04590783684561126,0.0253861314082973,9
218.93099975585938,1.4595662355422974,0.1745244413614273,926.7374267578125,0.04587869560149809,0.025237916089814787,9
219.16099548339844,1.4595650434494019,0.17496488988399506,926.7374267578125,0.04587838547234543,0.025369331190784165,9
219.39100646972656,1.4595576524734497,0.17560803890228271,926.7374267578125,0.045868512520877126,0.02524831411955009,9
219.62100219726562,1.4595569372177124,0.1760987788438797,926.7374267578125,0.04589683563958488,0.025086429965930163,9
219.8509979248047,1.4595624208450317,0.17634806036949158,926.7374267578125,0.04571619372571432,0.025341854297929824,9
220.0810089111328,1.4595674276351929,0.17585508525371552,926.7374267578125,0.045922700980508546,0.025268762887440108,9
220.31100463867188,1.4595547914505005,0.17536211013793945,926.7374267578125,0.04591692760716579,0.025271694163172712,9
220.54100036621094,1.459559440612793,0.1751832515001297,926.7374267578125,0.04572736404492596,0.02528699547604448,9
220.77099609375,1.4595677852630615,0.17509567737579346,926.7374267578125,0.045843762432757215,0.02529526233180647,9
221.00100708007812,1.459558129310608,0.1748449057340622,926.7374267578125,0.045679648222688024,0.025174368491479887,9
221.2310028076172,1.4595592021942139,0.174496129155159,926.7374267578125,0.0458054560489425,0.02532898921031416,9
221.46099853515625,1.4595630168914795,0.1741369217634201,926.7374267578125,0.04605221920426813,0.025289181139412434,9
221.69100952148438,1.4595587253570557,0.17392563819885254,926.7374267578125,0.045876804689261766,0.025329672778588712,9
221.92100524902344,1.4595599174499512,0.17325715720653534,926.7374267578125,0.04594992254615289,0.02517436888637788,9
222.1510009765625,1.4595686197280884,0.1729404181241989,926.7374267578125,0.04576297431288784,0.02545953514786917,9
222.38099670410156,1.4595624208450317,0.17271125316619873,926.7374267578125,0.045911825261352596,0.025429338900400274,9
222.6110076904297,1.4595624208450317,0.1725447028875351,926.7374267578125,0.04584112106234582,0.025329826080722352,9
222.84100341796875,1.4595646858215332,0.17286626994609833,926.7374267578125,0.045858394367917464,0.025313462925378248,9
223.0709991455078,1.4595674276351929,0.17331603169441223,926.7374267578125,0.0459148939073536,0.025303842746322386,9
223.30101013183594,1.4595575332641602,0.17386750876903534,926.7374267578125,0.04585343906546642,0.02534965556030214,9
223.531005859375,1.4595651626586914,0.17455723881721497,926.7374267578125,0.04606187898698747,0.025355689934957126,9
223.76100158691406,1.4598671197891235,0.1762474626302719,926.7374267578125,0.046010010642632,0.025196885750619083,9
223.99099731445312,1.45955491065979,0.1745881587266922,926.7374267578125,0.04600658162020128,0.025363081662794454,9
224.22100830078125,1.4598684310913086,0.17539116740226746,926.7374267578125,0.04610111320242957,0.02540641863318574,9
224.4510040283203,1.4595637321472168,0.17391632497310638,926.7374267578125,0.04606948577273401,0.0253220992030971,9
224.68099975585938,1.4595615863800049,0.17396551370620728,926.7374267578125,0.04587467399764115,0.02539031307777961,9
224.91099548339844,1.4595683813095093,0.17375832796096802,926.7374267578125,0.046017762161269946,0.02555113165766554,9
225.14100646972656,1.4595593214035034,0.1734684258699417,926.7374267578125,0.04602677874304939,0.025267162959047254,9
180.29000854492188,1.460064172744751,0.2243032306432724,631.009521484375,0.04826476927226692,0.0252606094281884,10
180.5189971923828,1.4595866203308105,0.19739459455013275,631.009521484375,0.04912778607565532,0.025870563644422136,10
180.7480010986328,1.4595952033996582,0.19141361117362976,631.009521484375,0.049411571740405495,0.02628381063484866,10
180.9770050048828,1.4595999717712402,0.18803466856479645,631.009521484375,0.04973993392461821,0.02661914556177278,10
181.20599365234375,1.4595882892608643,0.18583804368972778,631.009521484375,0.04976863630966182,0.026884544496468488,10
181.43499755859375,1.459594488143921,0.18413254618644714,631.009521484375,0.0499135191133493,0.02709208110885414,10
181.66400146484375,1.4595927000045776,0.18297778069972992,631.009521484375,0.04986298347369263,0.027358059793662834,10
181.89300537109375,1.4595907926559448,0.18239499628543854,631.009521484375,0.050024067925917313,0.02736509481462386,10
182.1219940185547,1.459588646888733,0.18243300914764404,631.009521484375,0.05010407754799119,0.027729839922333202,10
182.3509979248047,1.4595963954925537,0.1828007847070694,631.009521484375,0.05026083210826778,0.027918367744551757,10
182.5800018310547,1.4595948457717896,0.18257944285869598,631.009521484375,0.0503858542597193,0.027890056283197077,10
182.8090057373047,1.4595917463302612,0.1819351762533188,631.009521484375,0.050396785713811745,0.02815233240180979,10
183.03799438476562,1.4595868587493896,0.181087464094162,631.009521484375,0.05051349594529484,0.02814616438515795,10
183.26699829101562,1.4595986604690552,0.18055684864521027,631.009521484375,0.050437560188821715,0.028585204053949518,10
183.49600219726562,1.4595907926559448,0.17998933792114258,631.009521484375,0.050486120539767754,0.028592086821726773,10
183.72500610351562,1.4595847129821777,0.17962826788425446,631.009521484375,0.050386449035783584,0.028693162747554075,10
183.95399475097656,1.4595857858657837,0.17934954166412354,631.009521484375,0.05055043234705788,0.028764994263243936,10
184.18299865722656,1.4595898389816284,0.1789553165435791,631.009521484375,0.05060667827092586,0.02899054476862266,10
184.41200256347656,1.4595959186553955,0.17871609330177307,631.009521484375,0.050403190929057116,0.029105528490881653,10
184.64100646972656,1.4595907926559448,0.1783844530582428,631.009521484375,0.050857925975373405,0.029111674732510456,10
184.8699951171875,1.459593415260315,0.1780736893415451,631.009521484375,0.05078011506391935,0.029250920362131984,10
185.0989990234375,1.459583044052124,0.17798984050750732,631.009521484375,0.050830249979241376,0.02956000955745115,10
185.3280029296875,1.459586501121521,0.17799954116344452,631.009521484375,0.05088521220231456,0.029545510318502142,10
185.5570068359375,1.459591269493103,0.17801593244075775,631.009521484375,0.05062248536545363,0.029525019068511994,10
185.78599548339844,1.4595921039581299,0.1784869283437729,631.009521484375,0.05090578795487373,0.02973674523212835,10
186.01499938964844,1.4595874547958374,0.17927800118923187,631.009521484375,0.050746151824399136,0.029792273217496865,10
186.24400329589844,1.4595893621444702,0.18033923208713531,631.009521484375,0.05077868284723806,0.02983557593934379,10
186.47300720214844,1.4595963954925537,0.18108336627483368,631.009521484375,0.05082040899594893,0.029803434620639262,10
186.70199584960938,1.4595859050750732,0.18121638894081116,631.009521484375,0.05078128906323528,0.029920217879144954,10
186.93099975585938,1.459588646888733,0.18102747201919556,631.009521484375,0.05086353730643197,0.02988366722313702,10
187.16000366210938,1.4595906734466553,0.1806943416595459,631.009521484375,0.05092896336763439,0.030214894560396333,10
187.38900756835938,1.459588646888733,0.18037724494934082,631.009521484375,0.05102260966497127,0.03025954963318225,10
187.6179962158203,1.4595847129821777,0.18005119264125824,631.009521484375,0.05086793645374541,0.030321934088245756,10
187.8470001220703,1.459588646888733,0.17971621453762054,631.009521484375,0.050815961881571364,0.03057453490147339,10
188.0760040283203,1.4595891237258911,0.17941848933696747,631.009521484375,0.05094499073994311,0.030539766661426992,10
188.3050079345703,1.4595816135406494,0.17917479574680328,631.009521484375,0.0509112446787449,0.030623416484095813,10
188.53399658203125,1.4595896005630493,0.17913752794265747,631.009521484375,0.05090615708771062,0.030669581877021977,10
188.76300048828125,1.4595882892608643,0.1787242889404297,631.009521484375,0.0510449322450428,0.03068896600996629,10
188.99200439453125,1.4595860242843628,0.17857374250888824,631.009521484375,0.05104757956610388,0.0308122092723707,10
189.22100830078125,1.4595880508422852,0.17849773168563843,631.009521484375,0.05087274424254335,0.031056058584747952,10
189.4499969482422,1.4595903158187866,0.17842097580432892,631.009521484375,0.051021050200024405,0.03101731656095602,10
189.6790008544922,1.4595787525177002,0.1787034124135971,631.009521484375,0.05091267064213226,0.031058125978291655,10
189.9080047607422,1.459587574005127,0.1793678104877472,631.009521484375,0.051020313405765655,0.031150035103047417,10
190.1370086669922,1.459591031074524,0.1802188754081726,631.009521484375,0.05113258690794216,0.031062353734538785,10
190.36599731445312,1.4595869779586792,0.1811627298593521,631.009521484375,0.05113366270089153,0.030959620424759044,10
190.59500122070312,1.4595777988433838,0.18141500651836395,631.009521484375,0.05115297230429853,0.031120688142392917,10
190.82400512695312,1.4595775604248047,0.1812063306570053,631.009521484375,0.05100944456228511,0.03117285671772445,10
191.05300903320312,1.459580659866333,0.18084637820720673,631.009521484375,0.05109049417611709,0.03135989806259733,10
191.28199768066406,1.4595849514007568,0.18061013519763947,631.009521484375,0.05130505839697124,0.031365592762052516,10
191.51100158691406,1.4595832824707031,0.1802390068769455,631.009521484375,0.05080812778636283,0.03143758660206569,10
191.74000549316406,1.459585428237915,0.17980451881885529,631.009521484375,0.051055191711859044,0.031416595894534605,10
191.968994140625,1.4595979452133179,0.17955709993839264,631.009521484375,0.051226441685644435,0.03163032711065827,10
192.197998046875,1.4595931768417358,0.17929589748382568,631.009521484375,0.05103456853344177,0.03156915431571258,10
192.427001953125,1.4595820903778076,0.1790272295475006,631.009521484375,0.05102058530237917,0.03151971235594556,10
192.656005859375,1.4595853090286255,0.1786937266588211,631.009521484375,0.05132349039666715,0.031667243808261865,10
192.88499450683594,1.4595826864242554,0.1784045696258545,631.009521484375,0.05114562306299949,0.03192860021845234,10
193.11399841308594,1.4595885276794434,0.1780058741569519,631.009521484375,0.051225052676053845,0.03179504899025422,10
193.34300231933594,1.4595798254013062,0.1778218001127243,631.009521484375,0.051119122632705113,0.03190693772124634,10
193.57200622558594,1.459576964378357,0.1779589205980301,631.009521484375,0.05143170115882872,0.03197707610610443,10
193.80099487304688,1.4595907926559448,0.17838408052921295,631.009521484375,0.05122055102167774,0.03185857295354292,10
194.02999877929688,1.45958411693573,0.17891357839107513,631.009521484375,0.05133187396083746,0.03191262129138304,10
194.25900268554688,1.4595868587493896,0.17992599308490753,631.009521484375,0.05112141016881075,0.031783099979948874,10
194.48800659179688,1.4595885276794434,0.1805143654346466,631.009521484375,0.05134281340840779,0.03178555300719648,10
194.7169952392578,1.4595867395401,0.180620938539505,631.009521484375,0.05140629529061302,0.03192306086383063,10
194.9459991455078,1.4595822095870972,0.18023079633712769,631.009521484375,0.051446618334470076,0.03194977540588513,10
195.1750030517578,1.4595896005630493,0.17977061867713928,631.009521484375,0.051356990084090115,0.03187286674162118,10
195.4040069580078,1.4595831632614136,0.17935514450073242,631.009521484375,0.05133077833872317,0.032185281548531515,10
195.63299560546875,1.4595829248428345,0.17906486988067627,631.009521484375,0.05118926632834691,0.03230703395714397,10
195.86199951171875,1.4595746994018555,0.1787220537662506,631.009521484375,0.05139040969741444,0.0321134374111196,10
196.09100341796875,1.4595731496810913,0.17850182950496674,631.009521484375,0.05117967995271067,0.032304217173454004,10
196.32000732421875,1.4595876932144165,0.17831291258335114,631.009521484375,0.0513007582055181,0.03221816327053498,10
196.5489959716797,1.4595845937728882,0.17796935141086578,631.009521484375,0.05140485382638825,0.03225708908458378,10
196.7779998779297,1.4595856666564941,0.17758628726005554,631.009521484375,0.051348454348355534,0.03223234619675256,10
197.0070037841797,1.4595900774002075,0.17747153341770172,631.009521484375,0.05136934477776277,0.03250304451784252,10
197.2360076904297,1.4595820903778076,0.1774454414844513,631.009521484375,0.051448639875280026,0.03261529472915246,10
197.46499633789062,1.4595894813537598,0.17738433182239532,631.009521484375,0.05140235380667423,0.03241142674151835,10
197.69400024414062,1.4595859050750732,0.17756244540214539,631.009521484375,0.0514052403754814,0.032414394487252994,10
197.92300415039062,1.4595823287963867,0.1780882179737091,631.009521484375,0.051442316868550164,0.03251580353405212,10
198.15200805664062,1.4595955610275269,0.17882078886032104,631.009521484375,0.05153377680315283,0.032386233108946325,10
198.38099670410156,1.459582805633545,0.17963609099388123,631.009521484375,0.05132699459237471,0.03238845711563057,10
198.61000061035156,1.459593653678894,0.17991556227207184,631.009521484375,0.05130004204244528,0.03239995556781183,10
198.83900451660156,1.4595807790756226,0.17984439432621002,631.009521484375,0.05134472514541422,0.03250149969903224,10
199.06800842285156,1.459588646888733,0.17947587370872498,631.009521484375,0.05146637298581912,0.03240297381299196,10
199.2969970703125,1.4595848321914673,0.17921167612075806,631.009521484375,0.05160909739395065,0.032592798503113835,10
199.5260009765625,1.4595811367034912,0.178742915391922,631.009521484375,0.051585112731293,0.032600175939262,10
199.7550048828125,1.4595905542373657,0.1784910261631012,631.009521484375,0.05149625259190077,0.03255780867082102,10
199.9840087890625,1.4595927000045776,0.17824584245681763,631.009521484375,0.0515909451769567,0.0326913395579068,10
200.21299743652344,1.4595822095870972,0.17790190875530243,631.009521484375,0.05149016532609893,0.03265485947429988,10
200.44200134277344,1.459582805633545,0.17765597999095917,631.009521484375,0.05164295204129338,0.032578584960119256,10
200.67100524902344,1.4595873355865479,0.1771887093782425,631.009521484375,0.051435006095321964,0.03252584976992676,10
200.90000915527344,1.459587812423706,0.1769125908613205,631.009521484375,0.0516764953560916,0.03286800554444035,10
201.12899780273438,1.4595823287963867,0.17665995657444,631.009521484375,0.05140733690157761,0.032867981341405283,10
201.35800170898438,1.4595756530761719,0.17657871544361115,631.009521484375,0.05146432675275298,0.032615194682386946,10
201.58700561523438,1.4595818519592285,0.17682838439941406,631.009521484375,0.05150230013523148,0.032771273404838375,10
201.81600952148438,1.4595847129821777,0.17740370333194733,631.009521484375,0.051491959708227314,0.03275363497208395,10
202.0449981689453,1.4595842361450195,0.17808076739311218,631.009521484375,0.0516199434099503,0.03288132697641423,10
202.2740020751953,1.4595863819122314,0.17902164161205292,631.009521484375,0.051635544121207966,0.03265136245032277,10
202.5030059814453,1.4595881700515747,0.17949412763118744,631.009521484375,0.051536489286089365,0.03272734891301902,10
202.73199462890625,1.4595848321914673,0.1794881671667099,631.009521484375,0.051663730306775936,0.03277808336045052,10
202.96099853515625,1.4595911502838135,0.179295152425766,631.009521484375,0.05155122002792374,0.032806856569793,10
203.19000244140625,1.4595835208892822,0.17894861102104187,631.009521484375,0.05177277291260754,0.032791045700091524,10
203.41900634765625,1.459592342376709,0.17864304780960083,631.009521484375,0.05146798523813841,0.03261121002692222,10
203.6479949951172,1.4595890045166016,0.17826521396636963,631.009521484375,0.051556514900922674,0.032793744114261725,10
203.8769989013672,1.4595870971679688,0.17808113992214203,631.009521484375,0.051607878830266914,0.032769860648026485,10
204.1060028076172,1.4595905542373657,0.17778155207633972,631.009521484375,0.05160942356742462,0.03289025622235288,10
204.3350067138672,1.459583044052124,0.1774107962846756,631.009521484375,0.051736197318546666,0.032948071157554604,10
204.56399536132812,1.4595872163772583,0.17716820538043976,631.009521484375,0.05154389751528269,0.0330344236635088,10
204.79299926757812,1.4595870971679688,0.17684850096702576,631.009521484375,0.0517566622099681,0.032964659894995564,10
205.02200317382812,1.4595807790756226,0.17645202577114105,631.009521484375,0.05170574988221585,0.03296273924810302,10
205.25100708007812,1.4595855474472046,0.17622025310993195,631.009521484375,0.0516807914137631,0.033109800975242534,10
205.47999572753906,1.4595941305160522,0.1761513203382492,631.009521484375,0.05155909760284937,0.03300256015281143,10
205.70899963378906,1.4595867395401,0.17636223137378693,631.009521484375,0.05164043450354868,0.03317804035198145,10
205.93800354003906,1.459580421447754,0.17686600983142853,631.009521484375,0.05171963726502673,0.03298760180894955,10
206.16700744628906,1.4595870971679688,0.17773012816905975,631.009521484375,0.05189454929493782,0.032954008156255,10
206.39599609375,1.4595940113067627,0.17841501533985138,631.009521484375,0.05176788762913709,0.033035447463410854,10
206.625,1.4595867395401,0.1785927563905716,631.009521484375,0.051708123992511776,0.03299391801811523,10
206.85400390625,1.4595831632614136,0.17829503118991852,631.009521484375,0.05186403726841492,0.03284832955026161,10
207.0830078125,1.4595868587493896,0.1779443919658661,631.009521484375,0.05202533203361111,0.033124012276589475,10
207.31199645996094,1.4595855474472046,0.17773497104644775,631.009521484375,0.05189865664959543,0.03313636018535285,10
207.54100036621094,1.4595756530761719,0.17746742069721222,631.009521484375,0.05201098366780542,0.033257481910057216,10
207.77000427246094,1.4595813751220703,0.1771790236234665,631.009521484375,0.0518370628626258,0.03311839264856554,10
207.99900817871094,1.4595829248428345,0.1767948418855667,631.009521484375,0.05173566521975809,0.033070526461022536,10
208.22799682617188,1.459583044052124,0.17648854851722717,631.009521484375,0.05202336662299951,0.03323336027036445,10
208.45700073242188,1.4595842361450195,0.17612524330615997,631.009521484375,0.05190535386059969,0.03310033603846183,10
208.68600463867188,1.459587812423706,0.1758890002965927,631.009521484375,0.051802845456305514,0.0333496613053985,10
208.91500854492188,1.4595848321914673,0.17541539669036865,631.009521484375,0.05199775525276818,0.03336604789750254,10
209.1439971923828,1.4595837593078613,0.17535726726055145,631.009521484375,0.05173181220022041,0.03335308832751415,10
209.3730010986328,1.4595788717269897,0.17523914575576782,631.009521484375,0.05183337994518345,0.03351894640781358,10
209.6020050048828,1.4595881700515747,0.17531627416610718,631.009521484375,0.05208539643379345,0.03350305266539643,10
209.8310089111328,1.4595849514007568,0.17560133337974548,631.009521484375,0.051848992154401065,0.033549667109851355,10
210.05999755859375,1.4595810174942017,0.17622174322605133,631.009521484375,0.05192053188620421,0.03317365110436226,10
210.28900146484375,1.4595800638198853,0.17698264122009277,631.009521484375,0.05183690829964407,0.03299002112509339,10
210.51800537109375,1.4595907926559448,0.17761126160621643,631.009521484375,0.05193488259026613,0.033423127988184635,10
210.74700927734375,1.4595786333084106,0.17758069932460785,631.009521484375,0.05205775687087212,0.033174849639678095,10
210.9759979248047,1.4595857858657837,0.17725801467895508,631.009521484375,0.052056176348227165,0.0332735682994437,10
211.2050018310547,1.459588646888733,0.1769278645515442,631.009521484375,0.0519746778671257,0.033469850105827446,10
211.4340057373047,1.4595855474472046,0.17649897933006287,631.009521484375,0.05201138092232297,0.03332319672979335,10
211.6630096435547,1.4595811367034912,0.17616882920265198,631.009521484375,0.05192991898330518,0.03363797681049519,10
211.89199829101562,1.4595919847488403,0.17565089464187622,631.009521484375,0.05201002028493507,0.03326730094672637,10
212.12100219726562,1.459580659866333,0.17538483440876007,631.009521484375,0.05215055634146181,0.03356969017766073,10
212.35000610351562,1.4595847129821777,0.17508487403392792,631.009521484375,0.05195438786331821,0.03340686359429917,10
212.57901000976562,1.459586262702942,0.17475509643554688,631.009521484375,0.05208943669571102,0.03344744733865231,10
212.80799865722656,1.4595803022384644,0.17434558272361755,631.009521484375,0.05210397457786297,0.03362753444693179,10
213.03700256347656,1.4595856666564941,0.1739543378353119,631.009521484375,0.052205692163612566,0.033647500137385745,10
213.26600646972656,1.4595842361450195,0.17349712550640106,631.009521484375,0.05190993957924115,0.03358174327043077,10
213.4949951171875,1.4595884084701538,0.17362791299819946,631.009521484375,0.052141096799960554,0.03365129916093004,10
213.7239990234375,1.4595909118652344,0.17401842772960663,631.009521484375,0.05183585642078455,0.03349261709530544,10
213.9530029296875,1.4595776796340942,0.17453338205814362,631.009521484375,0.051857399068012004,0.033371453209066725,10
214.1820068359375,1.459587574005127,0.1754343956708908,631.009521484375,0.05204408248000739,0.03375131820094793,10
214.41099548339844,1.459580659866333,0.1761423796415329,631.009521484375,0.0521743086646977,0.03340026240980966,10
214.63999938964844,1.4595861434936523,0.17622323334217072,631.009521484375,0.051989123013448164,0.033352713483482545,10
214.86900329589844,1.459578514099121,0.17593184113502502,631.009521484375,0.05208242441760625,0.03353666158641529,10
215.09800720214844,1.4595891237258911,0.17562144994735718,631.009521484375,0.05203857791167204,0.033474958999662824,10
215.32699584960938,1.4595928192138672,0.17544817924499512,631.009521484375,0.05208587053853037,0.03356116450229976,10
215.55599975585938,1.4595884084701538,0.1749361902475357,631.009521484375,0.05213320696676862,0.03365803130933959,10
215.78500366210938,1.4595896005630493,0.1747431755065918,631.009521484375,0.051965795043779836,0.03345582685074995,10
216.01400756835938,1.4595805406570435,0.1744469404220581,631.009521484375,0.05207462487742596,0.03357408821986211,10
216.2429962158203,1.4595942497253418,0.17398451268672943,631.009521484375,0.05207242500384466,0.03371498590250067,10
216.4720001220703,1.4595975875854492,0.17372964322566986,631.009521484375,0.05205655950852574,0.03382676047020072,10
216.7010040283203,1.4595897197723389,0.17345836758613586,631.009521484375,0.051992023489241035,0.03359548904392714,10
216.9300079345703,1.4595866203308105,0.17317703366279602,631.009521484375,0.05211333568510608,0.03375733748540062,10
217.15899658203125,1.4595948457717896,0.17290912568569183,631.009521484375,0.05215916542538144,0.033842607975703584,10
217.38800048828125,1.4595885276794434,0.1727176010608673,631.009521484375,0.05201050301075619,0.0339541363109258,10
217.61700439453125,1.4595868587493896,0.17298513650894165,631.009521484375,0.052221475344488164,0.03361597960333812,10
217.84600830078125,1.4595909118652344,0.17328621447086334,631.009521484375,0.05213163826112621,0.033944889049526604,10
218.0749969482422,1.459579348564148,0.1739819049835205,631.009521484375,0.0521147637925908,0.03366712973372382,10
218.3040008544922,1.4595906734466553,0.17487210035324097,631.009521484375,0.052100946427357304,0.033909296511517945,10
218.5330047607422,1.459592342376709,0.17543365061283112,631.009521484375,0.05217839330692547,0.03372610857581518,10
218.7620086669922,1.4595853090286255,0.175377756357193,631.009521484375,0.0521083992902438,0.03375116375018581,10
218.99099731445312,1.4595863819122314,0.17507481575012207,631.009521484375,0.05209280936726761,0.033723173939810634,10
219.22000122070312,1.4595941305160522,0.17483671009540558,631.009521484375,0.05228155249437049,0.03376350199152672,10
219.44900512695312,1.4595928192138672,0.17447003722190857,631.009521484375,0.05202817884091923,0.03373851108790132,10
219.67800903320312,1.459590196609497,0.17425094544887543,631.009521484375,0.052354036364297085,0.033823818543435656,10
219.90699768066406,1.4595943689346313,0.17406947910785675,631.009521484375,0.05197065413799373,0.033614307126944486,10
220.13600158691406,1.4595838785171509,0.17396439611911774,631.009521484375,0.05235655611851653,0.03388926515897475,10
220.36500549316406,1.4595870971679688,0.1735992282629013,631.009521484375,0.05229551051757101,0.03384412587606677,10
220.59400939941406,1.4595947265625,0.17347252368927002,631.009521484375,0.05202893347113179,0.03382152613307289,10
220.822998046875,1.4595898389816284,0.17311182618141174,631.009521484375,0.05209379471895155,0.0338384643311989,10
221.052001953125,1.459588885307312,0.17273138463497162,631.009521484375,0.05224662484738611,0.03397678952161692,10
221.281005859375,1.459587574005127,0.1726359874010086,631.009521484375,0.0521808110256357,0.034077008317771,10
221.510009765625,1.459587812423706,0.17270603775978088,631.009521484375,0.05231034169710344,0.0340425874086284,10
221.73899841308594,1.4595931768417358,0.1729840189218521,631.009521484375,0.05226284283955138,0.033940211479487496,10
221.96800231933594,1.4595935344696045,0.17356643080711365,631.009521484375,0.052340976005128485,0.03381186102471502,10
222.19700622558594,1.4595873355865479,0.1744339019060135,631.009521484375,0.05241652939256574,0.03378244217193273,10
222.42601013183594,1.4595891237258911,0.1751437485218048,631.009521484375,0.05209381251091317,0.033795426605109695,10
222.65499877929688,1.459582805633545,0.1753237247467041,631.009521484375,0.0520412831896526,0.03370580298008488,10
222.88400268554688,1.459587812423706,0.17508673667907715,631.009521484375,0.05224105211533456,0.03381881885787654,10
223.11300659179688,1.4595892429351807,0.17477895319461823,631.009521484375,0.0522605126917655,0.03379447000416223,10
223.34201049804688,1.4595866203308105,0.17453674972057343,631.009521484375,0.05248023252599651,0.03392825780286992,10
223.5709991455078,1.4595917463302612,0.17417901754379272,631.009521484375,0.05225655674483052,0.03402255589011726,10
223.8000030517578,1.4595916271209717,0.1739092469215393,631.009521484375,0.05209436805710584,0.03362316863973166,10
224.0290069580078,1.459585428237915,0.17359399795532227,631.009521484375,0.05208585204468742,0.033892392715347795,10
224.25799560546875,1.4595866203308105,0.17339874804019928,631.009521484375,0.052218931098531506,0.03401040306128112,10
224.48699951171875,1.459588885307312,0.1731244921684265,631.009521484375,0.05214610644892755,0.033907104537372,10
224.71600341796875,1.459590196609497,0.17267698049545288,631.009521484375,0.05228523306969715,0.03409136931740672,10
224.94500732421875,1.4595905542373657,0.17238521575927734,631.009521484375,0.05215678840358884,0.03427690510160937,10
225.1739959716797,1.4595873355865479,0.17223578691482544,631.009521484375,0.0523573353294118,0.03408364173330505,10
180.29000854492188,1.4604014158248901,0.22340558469295502,430.6890563964844,0.05558270205163426,0.03171897049614095,11
180.5189971923828,1.4595813751220703,0.1951681673526764,430.6890563964844,0.056828681854732915,0.0322251860230087,11
180.7480010986328,1.4595842361450195,0.18980014324188232,430.6890563964844,0.057204705238722536,0.03295267340534994,11
180.9770050048828,1.4598971605300903,0.1885816752910614,430.6890563964844,0.05800729039979629,0.032963947910269215,11
181.20599365234375,1.4595898389816284,0.18550267815589905,430.6890563964844,0.05797189396861322,0.03357739891172144,11
181.43499755859375,1.4595839977264404,0.18511329591274261,430.6890563964844,0.058124981495655266,0.033737149252400074,11
181.66400146484375,1.4595906734466553,0.1846020519733429,430.6890563964844,0.05832477959905084,0.03367867696757702,11
181.89300537109375,1.4595880508422852,0.18370552361011505,430.6890563964844,0.05832335155112645,0.034152900805474375,11
182.1219940185547,1.4598870277404785,0.18416795134544373,430.6890563964844,0.05882067634022454,0.034241058701940386,11
182.3509979248047,1.4595868587493896,0.18166838586330414,430.6890563964844,0.058601002195249566,0.03446564183287286,11
182.5800018310547,1.4595863819122314,0.18058480322360992,430.6890563964844,0.05870819914750681,0.03462166636823247,11
182.8090057373047,1.4598978757858276,0.18117615580558777,430.6890563964844,0.05876653942874773,0.03479883268284315,11
183.03799438476562,1.459883213043213,0.18039512634277344,430.6890563964844,0.058986484643784406,0.03495823739362009,11
183.26699829101562,1.459578275680542,0.17847388982772827,430.6890563964844,0.05914397461683889,0.035235407049384194,11
183.49600219726562,1.4595952033996582,0.1782495677471161,430.6890563964844,0.05910837591017194,0.03553865957795375,11
183.72500610351562,1.4595814943313599,0.17769695818424225,430.6890563964844,0.05918074775844623,0.0356967794107475,11
183.95399475097656,1.4598867893218994,0.17876975238323212,430.6890563964844,0.059234160157278386,0.03574327534516017,11
184.18299865722656,1.459585189819336,0.17711268365383148,430.6890563964844,0.0596315303964456,0.03640793355307323,11
184.41200256347656,1.4595917463302612,0.17684738337993622,430.6890563964844,0.05918956850802758,0.03628152708606607,11
184.64100646972656,1.4595866203308105,0.17653512954711914,430.6890563964844,0.05934209922894945,0.03642526079106404,11
184.8699951171875,1.4595909118652344,0.17680415511131287,430.6890563964844,0.05952648296044209,0.03660800141153707,11
185.0989990234375,1.4595814943313599,0.17752891778945923,430.6890563964844,0.05957667742545504,0.03678826789351728,11
185.3280029296875,1.4595929384231567,0.17825403809547424,430.6890563964844,0.059512858922083384,0.03666078581377955,11
185.5570068359375,1.4595857858657837,0.1792660802602768,430.6890563964844,0.059312080606820486,0.0367195422565302,11
185.78599548339844,1.4595822095870972,0.17997592687606812,430.6890563964844,0.059754610905606166,0.03712089754739101,11
186.01499938964844,1.459590196609497,0.18000201880931854,430.6890563964844,0.05966181013404936,0.037299786877303,11
186.24400329589844,1.4598945379257202,0.18136358261108398,430.6890563964844,0.05964109006121916,0.037122345742834635,11
186.47300720214844,1.4595811367034912,0.1795019507408142,430.6890563964844,0.05985591993658763,0.03741368409858172,11
186.70199584960938,1.4598922729492188,0.18065112829208374,430.6890563964844,0.05973709716331324,0.03754692744984823,11
186.93099975585938,1.4595775604248047,0.17909914255142212,430.6890563964844,0.05982709591636086,0.037954084545309935,11
187.16000366210938,1.4595848321914673,0.17902164161205292,430.6890563964844,0.059894110748450066,0.037587576073694284,11
187.38900756835938,1.4595810174942017,0.17884427309036255,430.6890563964844,0.06001332697797223,0.03803143054837748,11
187.6179962158203,1.459592580795288,0.1788293719291687,430.6890563964844,0.05971176959636651,0.03790151506518276,11
187.8470001220703,1.459592580795288,0.1786791980266571,430.6890563964844,0.05988695147033802,0.03824458697870543,11
188.0760040283203,1.4595898389816284,0.17864491045475006,430.6890563964844,0.06001906170449052,0.038394036184923944,11
188.3050079345703,1.4595825672149658,0.17841874063014984,430.6890563964844,0.05992899189254061,0.03871324478668732,11
188.53399658203125,1.45958411693573,0.17825068533420563,430.6890563964844,0.06038762627813304,0.038714547009258304,11
188.76300048828125,1.459585189819336,0.17839562892913818,430.6890563964844,0.06019873546686041,0.039014621210792376,11
188.99200439453125,1.4595836400985718,0.17884166538715363,430.6890563964844,0.059998785026388925,0.03885415484127358,11
189.22100830078125,1.4595756530761719,0.1795842945575714,430.6890563964844,0.05984638532639768,0.038762015386680844,11
189.4499969482422,1.4595781564712524,0.1804376095533371,430.6890563964844,0.06023590948589701,0.0387768295192632,11
189.6790008544922,1.4595820903778076,0.18138854205608368,430.6890563964844,0.06026035163909643,0.03873584673416361,11
189.9080047607422,1.4595739841461182,0.18181036412715912,430.6890563964844,0.060288861715622026,0.03876105982758576,11
190.1370086669922,1.4595832824707031,0.18177533149719238,430.6890563964844,0.06022728332002247,0.03891982284855185,11
190.36599731445312,1.459588646888733,0.18148431181907654,430.6890563964844,0.060436526571452105,0.03913469376589267,11
190.59500122070312,1.4598915576934814,0.1825585812330246,430.6890563964844,0.06045330828732037,0.03903712675036525,11
190.82400512695312,1.4595842361450195,0.18080538511276245,430.6890563964844,0.06023296687724168,0.03915432128203529,11
191.05300903320312,1.4595861434936523,0.1807371973991394,430.6890563964844,0.060448447600186535,0.03931522743078642,11
191.28199768066406,1.459591031074524,0.18032656610012054,430.6890563964844,0.06043988536610735,0.03966231523584782,11
191.51100158691406,1.4595927000045776,0.18028707802295685,430.6890563964844,0.06028986605619439,0.03981862366460778,11
191.74000549316406,1.4595791101455688,0.18006275594234467,430.6890563964844,0.06049149179210549,0.03956476071902329,11
191.968994140625,1.4595837593078613,0.17972254753112793,430.6890563964844,0.06044257618361785,0.03995065788965753,11
192.197998046875,1.459885597229004,0.18063434958457947,430.6890563964844,0.060771676253804856,0.0395922945004831,11
192.427001953125,1.459585189819336,0.17917963862419128,430.6890563964844,0.06050936156849301,0.039962346985086834,11
192.656005859375,1.4598944187164307,0.18050840497016907,430.6890563964844,0.06040291935175245,0.04006104644639427,11
192.88499450683594,1.459587812423706,0.17938271164894104,430.6890563964844,0.06069424401954594,0.04014805308455705,11
193.11399841308594,1.459580659866333,0.17974750697612762,430.6890563964844,0.060484573518390254,0.039948109369560135,11
193.34300231933594,1.459584355354309,0.1806153506040573,430.6890563964844,0.06039761993849239,0.039514857422257806,11
193.57200622558594,1.459585189819336,0.18161174654960632,430.6890563964844,0.06059902453335371,0.03979433622731149,11
193.80099487304688,1.4598933458328247,0.18361124396324158,430.6890563964844,0.06073557640518791,0.03975323278532842,11
194.02999877929688,1.4595892429351807,0.1821308135986328,430.6890563964844,0.06057229684498544,0.039688859445668266,11
194.25900268554688,1.4595822095870972,0.18176676332950592,430.6890563964844,0.06054969908144053,0.04003330812918418,11
194.48800659179688,1.459590196609497,0.18147052824497223,430.6890563964844,0.06058028409952028,0.04027181163248032,11
194.7169952392578,1.459586262702942,0.1811649650335312,430.6890563964844,0.06068160903950298,0.04045927699424827,11
194.9459991455078,1.4595882892608643,0.18090488016605377,430.6890563964844,0.06067888609890145,0.040305393401810934,11
195.1750030517578,1.4595900774002075,0.18044207990169525,430.6890563964844,0.0606808641817656,0.04053684256036878,11
195.4040069580078,1.4595969915390015,0.18020695447921753,430.6890563964844,0.06049190868664419,0.04033290424294644,11
195.63299560546875,1.4595874547958374,0.17997890710830688,430.6890563964844,0.06047849932734595,0.0410897856450057,11
195.86199951171875,1.4595853090286255,0.17966143786907196,430.6890563964844,0.060863073043225496,0.040854371816513926,11
196.09100341796875,1.4595794677734375,0.17938382923603058,430.6890563964844,0.06097552820398557,0.04083119174879618,11
196.32000732421875,1.4595739841461182,0.1789650022983551,430.6890563964844,0.0606369331643676,0.040606117009446344,11
196.5489959716797,1.4598795175552368,0.1800839900970459,430.6890563964844,0.06086103088021601,0.04050082523580449,11
196.7779998779297,1.4595752954483032,0.17878800630569458,430.6890563964844,0.060515636372687316,0.040836911886508,11
197.0070037841797,1.4595746994018555,0.17895643413066864,430.6890563964844,0.06094616347668655,0.04065301340265753,11
197.2360076904297,1.459578275680542,0.17946580052375793,430.6890563964844,0.060716553663441586,0.04076164843790318,11
197.46499633789062,1.459591269493103,0.18022260069847107,430.6890563964844,0.060898510365698016,0.04073150345953454,11
197.69400024414062,1.4595781564712524,0.1811787635087967,430.6890563964844,0.06102464886727224,0.040495669176028454,11
197.92300415039062,1.4595849514007568,0.1812603622674942,430.6890563964844,0.06076997576658566,0.04044022088294732,11
198.15200805664062,1.4595857858657837,0.18087059259414673,430.6890563964844,0.06097421688604851,0.04070355694652472,11
198.38099670410156,1.4595848321914673,0.1806008219718933,430.6890563964844,0.06109060946304331,0.0406471081415049,11
198.61000061035156,1.4595800638198853,0.18016000092029572,430.6890563964844,0.060852137375539246,0.04099634936351486,11
198.83900451660156,1.4595900774002075,0.17978253960609436,430.6890563964844,0.06108308872063807,0.040768845478619184,11
199.06800842285156,1.4595786333084106,0.1794251948595047,430.6890563964844,0.06130481158107669,0.04093863743282198,11
199.2969970703125,1.4595803022384644,0.17913603782653809,430.6890563964844,0.06077611418470958,0.04098392786673372,11
199.5260009765625,1.4595838785171509,0.1787317395210266,430.6890563964844,0.06101782158752521,0.04122887413202076,11
199.7550048828125,1.4598824977874756,0.180015429854393,430.6890563964844,0.06109083856402807,0.04101044466284987,11
199.9840087890625,1.4595849514007568,0.17833004891872406,430.6890563964844,0.06107500608559936,0.041278855614124976,11
200.21299743652344,1.4595798254013062,0.17794176936149597,430.6890563964844,0.061190762064239894,0.04128794851017995,11
200.44200134277344,1.4595952033996582,0.17746220529079437,430.6890563964844,0.06132624873401482,0.041620957550071586,11
200.67100524902344,1.459874153137207,0.17866168916225433,430.6890563964844,0.061400007692102625,0.04134176803973403,11
200.90000915527344,1.4595845937728882,0.17761163413524628,430.6890563964844,0.06110453215953425,0.0412663424049244,11
201.12899780273438,1.4598873853683472,0.17922769486904144,430.6890563964844,0.061091456692598856,0.04130226095251791,11
201.35800170898438,1.459885597229004,0.1797601729631424,430.6890563964844,0.06145182442909941,0.04115762658455868,11
201.58700561523438,1.4595768451690674,0.17940543591976166,430.6890563964844,0.061102997890624636,0.04126224113587506,11
201.81600952148438,1.4595896005630493,0.17992077767848969,430.6890563964844,0.06107879264496552,0.041187634369933696,11
202.0449981689453,1.4595842361450195,0.17979520559310913,430.6890563964844,0.060935492893278896,0.04137148485749401,11
202.2740020751953,1.4595786333084106,0.1794017106294632,430.6890563964844,0.06118499178807218,0.04135411094054799,11
202.5030059814453,1.4595859050750732,0.17907865345478058,430.6890563964844,0.06093971126499409,0.04141215885636449,11
202.73199462890625,1.4595857858657837,0.1786888837814331,430.6890563964844,0.0609808647567682,0.04133711792352025,11
202.96099853515625,1.4598870277404785,0.17969608306884766,430.6890563964844,0.061323837397623135,0.041424859188767,11
203.19000244140625,1.459893822669983,0.17926272749900818,430.6890563964844,0.061340777017951965,0.04149857557822312,11
203.41900634765625,1.4595800638198853,0.17752517759799957,430.6890563964844,0.06129238483027639,0.04172548027148633,11
203.6479949951172,1.4595773220062256,0.1773034632205963,430.6890563964844,0.061179446668723554,0.041728377903307697,11
203.8769989013672,1.4598954916000366,0.1784708946943283,430.6890563964844,0.06116129152551197,0.04168536360955301,11
204.1060028076172,1.4595775604248047,0.17653362452983856,430.6890563964844,0.061319194325533566,0.04202276535335586,11
204.3350067138672,1.4598894119262695,0.17753039300441742,430.6890563964844,0.06156688394500366,0.0416874563489744,11
204.56399536132812,1.4598877429962158,0.17736980319023132,430.6890563964844,0.06151229278368197,0.04193590827212805,11
204.79299926757812,1.459579586982727,0.17605406045913696,430.6890563964844,0.06113230319518323,0.042006392262693044,11
205.02200317382812,1.4598840475082397,0.17775918543338776,430.6890563964844,0.06133205155987938,0.04195889361690697,11
205.25100708007812,1.4595831632614136,0.17673037946224213,430.6890563964844,0.061499653080208425,0.04191135136029694,11
205.47999572753906,1.4595783948898315,0.17769919335842133,430.6890563964844,0.06142073193056367,0.04165381830070484,11
205.70899963378906,1.4595801830291748,0.1783829629421234,430.6890563964844,0.06138179757272333,0.04155931543714052,11
205.93800354003906,1.459576964378357,0.17850778996944427,430.6890563964844,0.06150739080049112,0.04184910372020701,11
206.16700744628906,1.4595814943313599,0.17817279696464539,430.6890563964844,0.06130239260956303,0.04160358206568093,11
206.39599609375,1.4595884084701538,0.17801518738269806,430.6890563964844,0.06149615888892827,0.04182762293449012,11
206.625,1.4595844745635986,0.17766305804252625,430.6890563964844,0.061386454144026464,0.042040946085473464,11
206.85400390625,1.459567666053772,0.17724162340164185,430.6890563964844,0.061504488628159895,0.04180745449824462,11
207.0830078125,1.459574580192566,0.1768045276403427,430.6890563964844,0.061478979253793115,0.04189396218041268,11
207.31199645996094,1.4595824480056763,0.17650680243968964,430.6890563964844,0.061482305448471275,0.04211784289761359,11
207.54100036621094,1.4595834016799927,0.17641401290893555,430.6890563964844,0.06131310854251019,0.041880851619845914,11
207.77000427246094,1.4598923921585083,0.17741899192333221,430.6890563964844,0.061673839705253544,0.04218823563338496,11
207.99900817871094,1.459580421447754,0.17579062283039093,430.6890563964844,0.061488336675751085,0.04204770478629196,11
208.22799682617188,1.4595816135406494,0.17557896673679352,430.6890563964844,0.061501331258745955,0.04229263413157672,11
208.45700073242188,1.4598925113677979,0.17657051980495453,430.6890563964844,0.06160576467240629,0.04188866705232313,11
208.68600463867188,1.459886074066162,0.17637638747692108,430.6890563964844,0.061650443676260235,0.041900800356513085,11
208.91500854492188,1.4595867395401,0.17535538971424103,430.6890563964844,0.061350076062429426,0.042208271470854694,11
209.1439971923828,1.4595813751220703,0.17573994398117065,430.6890563964844,0.06153561421764514,0.042099760850514506,11
209.3730010986328,1.4595861434936523,0.17640246450901031,430.6890563964844,0.0617617125809218,0.04211401715939249,11
209.6020050048828,1.4595834016799927,0.17743612825870514,430.6890563964844,0.06154228207194057,0.04191005335940223,11
209.8310089111328,1.4595838785171509,0.17783446609973907,430.6890563964844,0.06160511342175049,0.04179293946753951,11
210.05999755859375,1.4598939418792725,0.17885954678058624,430.6890563964844,0.06141961363477679,0.04200009725847551,11
210.28900146484375,1.4595855474472046,0.1773340255022049,430.6890563964844,0.06179523128116304,0.042075738958174375,11
210.51800537109375,1.4598915576934814,0.17849549651145935,430.6890563964844,0.061477674709577095,0.04199598575003171,11
210.74700927734375,1.4595850706100464,0.17678813636302948,430.6890563964844,0.061642813643993655,0.04187095369130593,11
210.9759979248047,1.4595818519592285,0.17640693485736847,430.6890563964844,0.06162784535282506,0.04229842022663823,11
211.2050018310547,1.459583044052124,0.17608872056007385,430.6890563964844,0.06172568972413907,0.042451308275941256,11
211.4340057373047,1.4598922729492188,0.1772662103176117,430.6890563964844,0.061603356767630534,0.04206806627220821,11
211.6630096435547,1.45958411693573,0.17575186491012573,430.6890563964844,0.06170751379332909,0.042432859536561965,11
211.89199829101562,1.4598878622055054,0.1767680048942566,430.6890563964844,0.061743785163878025,0.04204254661413652,11
212.12100219726562,1.4595773220062256,0.174940288066864,430.6890563964844,0.061714212507479854,0.04226590005221146,11
212.35000610351562,1.4595774412155151,0.1749313473701477,430.6890563964844,0.06166431469645609,0.042507792159722876,11
212.57901000976562,1.4595777988433838,0.17472603917121887,430.6890563964844,0.061763086393140376,0.042402795688969895,11
212.80799865722656,1.4595818519592285,0.17467238008975983,430.6890563964844,0.06185638454356336,0.042414146736319824,11
213.03700256347656,1.4595779180526733,0.17493022978305817,430.6890563964844,0.06181992164284984,0.04269581741315387,11
213.26600646972656,1.459579586982727,0.1756717562675476,430.6890563964844,0.06153087923224875,0.04241592853813343,11
213.4949951171875,1.459887146949768,0.1778937131166458,430.6890563964844,0.061606509069507216,0.04199069570795228,11
213.7239990234375,1.459886908531189,0.17847947776317596,430.6890563964844,0.06147942802930664,0.04219893098558992,11
213.9530029296875,1.4595831632614136,0.17718647420406342,430.6890563964844,0.061672473942302276,0.04208610551756945,11
214.1820068359375,1.459580421447754,0.17707841098308563,430.6890563964844,0.061817847869813716,0.04218919367940162,11
214.41099548339844,1.4595799446105957,0.17680154740810394,430.6890563964844,0.06185175653900019,0.042222095503595534,11
214.63999938964844,1.459895372390747,0.17777857184410095,430.6890563964844,0.06167297754309608,0.04193077751028236,11
214.86900329589844,1.4595654010772705,0.17585135996341705,430.6890563964844,0.06190587909202831,0.04251457086420432,11
215.09800720214844,1.4595776796340942,0.17552046477794647,430.6890563964844,0.06197307377942747,0.04209757214225808,11
215.32699584960938,1.459581732749939,0.1752503216266632,430.6890563964844,0.061680966564628535,0.042558955842773964,11
215.55599975585938,1.4595816135406494,0.17500288784503937,430.6890563964844,0.062072194342634474,0.04256542111226587,11
215.78500366210938,1.4598872661590576,0.17609430849552155,430.6890563964844,0.061919734918049286,0.04238306369854189,11
216.01400756835938,1.4595820903778076,0.1744096726179123,430.6890563964844,0.061860247785400405,0.04226212730231166,11
216.2429962158203,1.459885597229004,0.17556071281433105,430.6890563964844,0.06186904911161566,0.04249648482991243,11
216.4720001220703,1.4595824480056763,0.17405754327774048,430.6890563964844,0.06188213771697774,0.042746610394624004,11
216.7010040283203,1.4595706462860107,0.17409779131412506,430.6890563964844,0.06193100354555755,0.0426747857426181,11
216.9300079345703,1.4595868587493896,0.17413505911827087,430.6890563964844,0.06181698722246767,0.042444338481772606,11
217.15899658203125,1.4595818519592285,0.1745162457227707,430.6890563964844,0.06214125619530752,0.04276126232143753,11
217.38800048828125,1.4595872163772583,0.1754448264837265,430.6890563964844,0.06222843199732802,0.04234930985764129,11
217.61700439453125,1.459579586982727,0.17607828974723816,430.6890563964844,0.06206479596679429,0.04244171076054991,11
217.84600830078125,1.459580421447754,0.1764039546251297,430.6890563964844,0.06179135490307715,0.042019420564559706,11
218.0749969482422,1.4595816135406494,0.17633986473083496,430.6890563964844,0.06186295595049899,0.042328747093374204,11
218.3040008544922,1.4598917961120605,0.17747226357460022,430.6890563964844,0.06199597877222544,0.042247043243385234,11
218.5330047607422,1.459578037261963,0.1756337434053421,430.6890563964844,0.06193785183525783,0.04230431646675585,11
218.7620086669922,1.4595874547958374,0.1754988580942154,430.6890563964844,0.061743037141820126,0.042447628608564034,11
218.99099731445312,1.4595805406570435,0.17505095899105072,430.6890563964844,0.06218248649661769,0.04253116137448736,11
219.22000122070312,1.4595893621444702,0.17500661313533783,430.6890563964844,0.06213240217649199,0.04262040873622186,11
219.44900512695312,1.4595801830291748,0.17471224069595337,430.6890563964844,0.06193483414935008,0.04268795568120568,11
219.67800903320312,1.4595763683319092,0.1743161529302597,430.6890563964844,0.06204137786037186,0.04241434404512846,11
219.90699768066406,1.4595836400985718,0.1739681214094162,430.6890563964844,0.06191555638211008,0.04269067482575066,11
220.13600158691406,1.4598842859268188,0.17511579394340515,430.6890563964844,0.0618018862235564,0.04260531048659838,11
220.36500549316406,1.459588646888733,0.17346246540546417,430.6890563964844,0.06187272000406744,0.04296608351578268,11
220.59400939941406,1.4595822095870972,0.1731841117143631,430.6890563964844,0.061890386954078926,0.04296246965577842,11
220.822998046875,1.4595848321914673,0.17326200008392334,430.6890563964844,0.06213161689665274,0.04267001308426972,11
221.052001953125,1.4595911502838135,0.17359362542629242,430.6890563964844,0.06199511410431863,0.042762356513167926,11
221.281005859375,1.4595738649368286,0.17404823005199432,430.6890563964844,0.06213790118619555,0.042702187137940856,11
221.510009765625,1.4595820903778076,0.17484639585018158,430.6890563964844,0.062309049563988944,0.04269467356805772,11
221.73899841308594,1.459588646888733,0.17556294798851013,430.6890563964844,0.06243385128824178,0.042721017741782434,11
221.96800231933594,1.4598925113677979,0.17674453556537628,430.6890563964844,0.062209215162074345,0.04217915949600861,11
222.19700622558594,1.4595823287963867,0.1751679629087448,430.6890563964844,0.062071236854181026,0.04294069396600223,11
222.42601013183594,1.4595813751220703,0.17487098276615143,430.6890563964844,0.06228792946567235,0.04283569791360705,11
222.65499877929688,1.459585428237915,0.1744566261768341,430.6890563964844,0.06228468650893402,0.04274707116791191,11
222.88400268554688,1.4595849514007568,0.17410710453987122,430.6890563964844,0.06229431140221929,0.04294630396071151,11
223.11300659179688,1.459570288658142,0.1739155799150467,430.6890563964844,0.06266710260565321,0.042948226488299955,11
223.34201049804688,1.459583044052124,0.17361412942409515,430.6890563964844,0.06240433992739354,0.042926887618482686,11
223.5709991455078,1.459584355354309,0.17325082421302795,430.6890563964844,0.062057426487830455,0.04270043721183037,11
223.8000030517578,1.4595839977264404,0.1729661375284195,430.6890563964844,0.061908845107754,0.04293095060689376,11
224.0290069580078,1.45958411693573,0.17271758615970612,430.6890563964844,0.06218134189852445,0.04302192807818578,11
224.25799560546875,1.4595814943313599,0.1725841909646988,430.6890563964844,0.0621418651829479,0.04313680236135238,11
224.48699951171875,1.4595972299575806,0.1721951812505722,430.6890563964844,0.0621095159527964,0.04322073214401525,11
224.71600341796875,1.45958411693573,0.17208115756511688,430.6890563964844,0.06203895898979259,0.0428685191999519,11
224.94500732421875,1.4595831632614136,0.17235539853572845,430.6890563964844,0.06194039475924636,0.04279393205092665,11
180.29100036621094,1.460404872894287,0.2236015796661377,293.9651184082031,0.06592939088023693,0.03689080940728695,12
180.52099609375,1.4595378637313843,0.1961023360490799,293.9651184082031,0.06704701753181684,0.03721658848385153,12
180.75100708007812,1.459547519683838,0.19135808944702148,293.9651184082031,0.06778271895943719,0.03752436293724094,12
180.9810028076172,1.4595344066619873,0.18936753273010254,293.9651184082031,0.06839867544177114,0.03783811554064874,12
181.21099853515625,1.459540605545044,0.1881375014781952,293.9651184082031,0.06874673661856653,0.03803991094828818,12
181.4409942626953,1.4595348834991455,0.18662725389003754,293.9651184082031,0.0688528337232843,0.038373228307646876,12
181.67100524902344,1.4595381021499634,0.1845860332250595,293.9651184082031,0.06887573615526738,0.03870808303962141,12
181.9010009765625,1.4595332145690918,0.18330569565296173,293.9651184082031,0.06909285942824721,0.03903844682665308,12
182.13099670410156,1.4595357179641724,0.18218596279621124,293.9651184082031,0.06986477083521311,0.03943898004975767,12
182.3610076904297,1.4595327377319336,0.18137997388839722,293.9651184082031,0.06982556461455638,0.03978425380096857,12
182.59100341796875,1.459540605545044,0.1803876757621765,293.9651184082031,0.06983446660465069,0.03999140757366348,12
182.8209991455078,1.459532618522644,0.17929141223430634,293.9651184082031,0.07016931055165296,0.04034894285253642,12
183.05099487304688,1.4595335721969604,0.17891618609428406,293.9651184082031,0.07038136511263592,0.04076940728733671,12
183.281005859375,1.459526777267456,0.17859870195388794,293.9651184082031,0.07060127479530284,0.040767356016029155,12
183.51100158691406,1.4595448970794678,0.17805393040180206,293.9651184082031,0.07056211923163276,0.0413781833836907,12
183.74099731445312,1.4595445394515991,0.17737539112567902,293.9651184082031,0.07065261037292095,0.04148422001753622,12
183.97100830078125,1.4595385789871216,0.17682874202728271,293.9651184082031,0.07075645494331596,0.04127150637296857,12
184.2010040283203,1.4595420360565186,0.17718610167503357,293.9651184082031,0.07078024578608233,0.0415770463112806,12
184.43099975585938,1.4595316648483276,0.17778155207633972,293.9651184082031,0.07110429941154472,0.042101937192973525,12
184.66099548339844,1.4595328569412231,0.1780703365802765,293.9651184082031,0.07130838910322379,0.04189818025204667,12
184.89100646972656,1.4595428705215454,0.17936967313289642,293.9651184082031,0.07115402673280584,0.042112068824531224,12
185.12100219726562,1.4595400094985962,0.1801767647266388,293.9651184082031,0.07152920376184937,0.04244190892062652,12
185.3509979248047,1.4595422744750977,0.18042941391468048,293.9651184082031,0.07147358820330964,0.04234613218432887,12
185.58099365234375,1.4595274925231934,0.18055349588394165,293.9651184082031,0.07165356836206677,0.04270993241375654,12
185.81100463867188,1.4595431089401245,0.18023787438869476,293.9651184082031,0.07157599595838521,0.04278794085293201,12
186.04100036621094,1.459529995918274,0.17985780537128448,293.9651184082031,0.07192277188635281,0.04271400993878806,12
186.27099609375,1.4595277309417725,0.179710254073143,293.9651184082031,0.07193869258069495,0.04326380895275487,12
186.50100708007812,1.4595253467559814,0.1800653636455536,293.9651184082031,0.07183807648761223,0.04359170705420607,12
186.7310028076172,1.4595322608947754,0.17971397936344147,293.9651184082031,0.07185819959915721,0.043972993662774976,12
186.96099853515625,1.4595389366149902,0.17930930852890015,293.9651184082031,0.07240152610363389,0.04395019257411344,12
187.1909942626953,1.4595348834991455,0.17902015149593353,293.9651184082031,0.07199345770012434,0.04396755324942969,12
187.42100524902344,1.4595246315002441,0.17914199829101562,293.9651184082031,0.072014325048709,0.04431636096209693,12
187.6510009765625,1.4595367908477783,0.1790369153022766,293.9651184082031,0.07219335062461764,0.04428997004644381,12
187.88099670410156,1.4595333337783813,0.17849326133728027,293.9651184082031,0.07204909446387113,0.04429564819199511,12
188.1110076904297,1.4595272541046143,0.1784191131591797,293.9651184082031,0.07266884760914068,0.044538252440440185,12
188.34100341796875,1.4595346450805664,0.17895904183387756,293.9651184082031,0.07230679344959226,0.044916682054882015,12
188.5709991455078,1.4595398902893066,0.17969459295272827,293.9651184082031,0.07254507897353732,0.044898352770033886,12
188.80099487304688,1.4595383405685425,0.18013429641723633,293.9651184082031,0.07257583694729858,0.04495476637494028,12
189.031005859375,1.4595320224761963,0.18078750371932983,293.9651184082031,0.07252379089064563,0.044761205575912726,12
189.26100158691406,1.4595282077789307,0.18162962794303894,293.9651184082031,0.07255590545098542,0.044857510781872945,12
189.49099731445312,1.4595369100570679,0.1816680133342743,293.9651184082031,0.07253952792683588,0.04544788103545657,12
189.72100830078125,1.459534764289856,0.18131402134895325,293.9651184082031,0.07282482535942109,0.0450214659493219,12
189.9510040283203,1.4595378637313843,0.1808638870716095,293.9651184082031,0.07280344895921399,0.04540726798483462,12
190.18099975585938,1.4595298767089844,0.18076589703559875,293.9651184082031,0.07277690315624077,0.0455323321824295,12
190.41099548339844,1.4595379829406738,0.1808735728263855,293.9651184082031,0.073388569619205,0.04612590737155028,12
190.64100646972656,1.4595264196395874,0.1804942488670349,293.9651184082031,0.07281364598395342,0.04621456949391812,12
190.87100219726562,1.4595261812210083,0.17994052171707153,293.9651184082031,0.07311944689583132,0.0459379138286782,12
191.1009979248047,1.4595375061035156,0.17956827580928802,293.9651184082031,0.07290241347699407,0.04626786207722495,12
191.3310089111328,1.4595319032669067,0.17964354157447815,293.9651184082031,0.0733921334713049,0.04654203851464841,12
191.56100463867188,1.4595264196395874,0.17957162857055664,293.9651184082031,0.07299334779055358,0.04661594785766654,12
191.79100036621094,1.4595268964767456,0.17899443209171295,293.9651184082031,0.07322717278574148,0.046691191329578795,12
192.02099609375,1.4595396518707275,0.17862330377101898,293.9651184082031,0.07346463042904287,0.04667767268020483,12
192.25100708007812,1.4595305919647217,0.17860132455825806,293.9651184082031,0.07348168778644135,0.04659916151915368,12
192.4810028076172,1.4595340490341187,0.17935588955879211,293.9651184082031,0.0734166486515941,0.04700211221832326,12
192.71099853515625,1.459543228149414,0.17990736663341522,293.9651184082031,0.07343103878961281,0.0471715408327462,12
192.9409942626953,1.4595376253128052,0.18040667474269867,293.9651184082031,0.07345780871319171,0.046550971358616515,12
193.17100524902344,1.4595388174057007,0.1811005026102066,293.9651184082031,0.07347636994154269,0.04701256562211607,12
193.4010009765625,1.4595292806625366,0.1813330203294754,293.9651184082031,0.07347372680718994,0.04716705909013869,12
193.63099670410156,1.4595375061035156,0.18121229112148285,293.9651184082031,0.07344306366579499,0.04700242919874126,12
193.8610076904297,1.4595317840576172,0.18074464797973633,293.9651184082031,0.07351955535913679,0.04645238071847418,12
194.09100341796875,1.4595365524291992,0.18032433092594147,293.9651184082031,0.0738814043137811,0.0470148049710103,12
194.3209991455078,1.4595242738723755,0.18029750883579254,293.9651184082031,0.07386826905630571,0.047326374000321476,12
194.55099487304688,1.4595366716384888,0.18008622527122498,293.9651184082031,0.07375565591042138,0.04738559979525798,12
194.781005859375,1.4595381021499634,0.17971472442150116,293.9651184082031,0.07352117447337939,0.04767931469561742,12
195.01100158691406,1.4595359563827515,0.1789616495370865,293.9651184082031,0.07416479389540442,0.047588076195451315,12
195.24099731445312,1.4595377445220947,0.1788114756345749,293.9651184082031,0.07409665327026006,0.04743715946105426,12
195.47100830078125,1.4595283269882202,0.17868255078792572,293.9651184082031,0.07345957468492348,0.047851835999990336,12
195.7010040283203,1.4595210552215576,0.17831626534461975,293.9651184082031,0.07418019074856608,0.04813147031370845,12
195.93099975585938,1.4595327377319336,0.17767013609409332,293.9651184082031,0.07387748987170792,0.04782192395804958,12
196.16099548339844,1.4595353603363037,0.1776861548423767,293.9651184082031,0.07401843315768257,0.04803452712732987,12
196.39100646972656,1.459538459777832,0.1781124323606491,293.9651184082031,0.0741458770066333,0.04810722153934348,12
196.62100219726562,1.4595307111740112,0.1788923442363739,293.9651184082031,0.0740012626725752,0.048198285696554544,12
196.8509979248047,1.4595232009887695,0.17936743795871735,293.9651184082031,0.07417362031191374,0.048213950182811605,12
197.0810089111328,1.4595379829406738,0.18006573617458344,293.9651184082031,0.07393713080142127,0.047817235778260865,12
197.31100463867188,1.4595363140106201,0.18009963631629944,293.9651184082031,0.0739718847407473,0.047938128318807664,12
197.54100036621094,1.4595407247543335,0.18033438920974731,293.9651184082031,0.07422127312101778,0.04810283111441065,12
197.77099609375,1.459540605545044,0.1801041066646576,293.9651184082031,0.07405888922611803,0.04808380742950881,12
198.00100708007812,1.4595345258712769,0.17968453466892242,293.9651184082031,0.07407991217714738,0.04784733408060612,12
198.2310028076172,1.459533452987671,0.179324209690094,293.9651184082031,0.07418185773478245,0.04824424746802401,12
198.46099853515625,1.4595301151275635,0.17919155955314636,293.9651184082031,0.07419843968481642,0.04825443371142925,12
198.6909942626953,1.459539771080017,0.17924931645393372,293.9651184082031,0.07422422229838745,0.048456272629984955,12
198.92100524902344,1.4595340490341187,0.17875707149505615,293.9651184082031,0.07422807479273334,0.04854143361583893,12
199.1510009765625,1.4595327377319336,0.17829054594039917,293.9651184082031,0.07458005901875611,0.04846280818445743,12
199.38099670410156,1.4595369100570679,0.17836247384548187,293.9651184082031,0.07432384282166501,0.0485269887126064,12
199.6110076904297,1.4595427513122559,0.1783706694841385,293.9651184082031,0.07446195325577036,0.048750829159982974,12
199.84100341796875,1.4595332145690918,0.17809492349624634,293.9651184082031,0.07447631904242699,0.04890954672581345,12
200.0709991455078,1.4595361948013306,0.1775617003440857,293.9651184082031,0.07444616999551307,0.04885462114115145,12
200.30099487304688,1.459535002708435,0.17776291072368622,293.9651184082031,0.07456189183762017,0.04867914321299651,12
200.531005859375,1.4595386981964111,0.17825739085674286,293.9651184082031,0.07428434588850424,0.048967730988060294,12
200.76100158691406,1.4595359563827515,0.1791095733642578,293.9651184082031,0.07470817701831081,0.04864181784463831,12
200.99099731445312,1.4595366716384888,0.1796383261680603,293.9651184082031,0.07465500477050893,0.04839865065372337,12
201.22100830078125,1.4595319032669067,0.17996251583099365,293.9651184082031,0.0746187959675977,0.04836069948409355,12
201.4510040283203,1.4595388174057007,0.18002809584140778,293.9651184082031,0.07455295907302074,0.04856121613767611,12
201.68099975585938,1.459528923034668,0.18002437055110931,293.9651184082031,0.07486041939540894,0.04854918667606154,12
201.91099548339844,1.4595295190811157,0.17973707616329193,293.9651184082031,0.07455596044572155,0.04858819476134024,12
202.14100646972656,1.4595365524291992,0.1793130338191986,293.9651184082031,0.07458834730791167,0.04821694178719972,12
202.37100219726562,1.4595327377319336,0.1791304498910904,293.9651184082031,0.07460365584432464,0.0486916973228265,12
202.6009979248047,1.4595385789871216,0.17936259508132935,293.9651184082031,0.07449251711033196,0.0489313125518768,12
202.8310089111328,1.4595344066619873,0.17907530069351196,293.9651184082031,0.0750112324881578,0.04878391848519686,12
203.06100463867188,1.4595404863357544,0.17846791446208954,293.9651184082031,0.0748157133851983,0.04913150584476041,12
203.29100036621094,1.459529995918274,0.17823688685894012,293.9651184082031,0.07489548620175768,0.04932897552130585,12
203.52099609375,1.4595389366149902,0.17817316949367523,293.9651184082031,0.07462482116943286,0.04938128715877866,12
203.75100708007812,1.4595372676849365,0.178061380982399,293.9651184082031,0.07424713207863416,0.04947123386816588,12
203.9810028076172,1.4595383405685425,0.17754307389259338,293.9651184082031,0.07506491618533417,0.04925703197879597,12
204.21099853515625,1.4595305919647217,0.1775326281785965,293.9651184082031,0.07509064121635098,0.04920102171824148,12
204.44100952148438,1.4595304727554321,0.17791830003261566,293.9651184082031,0.07466125329996193,0.049196091705630794,12
204.67100524902344,1.4595297574996948,0.17859125137329102,293.9651184082031,0.074706446299192,0.049254064005441675,12
204.9010009765625,1.4595251083374023,0.17927874624729156,293.9651184082031,0.07521125650671714,0.04897504333606601,12
205.13099670410156,1.4595398902893066,0.17945387959480286,293.9651184082031,0.0751228017248365,0.048423969184704846,12
205.3610076904297,1.4595344066619873,0.17969347536563873,293.9651184082031,0.0745158549972851,0.048765981559555846,12
205.59100341796875,1.4595304727554321,0.179438978433609,293.9651184082031,0.07481463627529755,0.04868997809257848,12
205.8209991455078,1.4595341682434082,0.1792321652173996,293.9651184082031,0.07477828145989152,0.04890698098077634,12
206.05099487304688,1.4595446586608887,0.17889122664928436,293.9651184082031,0.07468232524957319,0.04930725228479595,12
206.281005859375,1.4595274925231934,0.17848916351795197,293.9651184082031,0.07487717013364623,0.04927892285109325,12
206.51100158691406,1.459533929824829,0.17844258248806,293.9651184082031,0.07499269568366361,0.049148365701434035,12
206.74099731445312,1.459535837173462,0.17828719317913055,293.9651184082031,0.07520510006633406,0.04940226243224927,12
206.97100830078125,1.4595417976379395,0.17787805199623108,293.9651184082031,0.0751655851848361,0.049437281819226124,12
207.2010040283203,1.459541916847229,0.17732806503772736,293.9651184082031,0.07489102438101823,0.04896140911866183,12
207.43099975585938,1.4595309495925903,0.17701171338558197,293.9651184082031,0.0750858268951137,0.04951339817988592,12
207.66099548339844,1.459532380104065,0.17711007595062256,293.9651184082031,0.07521635647680733,0.049517791784196734,12
207.89100646972656,1.459536075592041,0.17682725191116333,293.9651184082031,0.07474069806223807,0.049954496130667256,12
208.12100219726562,1.4595321416854858,0.1764628291130066,293.9651184082031,0.07519630267673236,0.04969185624091989,12
208.3509979248047,1.459527850151062,0.1764143854379654,293.9651184082031,0.0752078334924227,0.05001700135535588,12
208.5810089111328,1.4595310688018799,0.17686563730239868,293.9651184082031,0.0750696211599835,0.04959475205325182,12
208.81100463867188,1.459523320198059,0.17774763703346252,293.9651184082031,0.0749580932110469,0.04938295341209548,12
209.04100036621094,1.4595290422439575,0.17841799557209015,293.9651184082031,0.07522257948373587,0.04932144903975402,12
209.27099609375,1.4595235586166382,0.1783851981163025,293.9651184082031,0.07532491004378924,0.04947403752782996,12
209.50100708007812,1.4595330953598022,0.17820298671722412,293.9651184082031,0.07556377247159986,0.04934560009638473,12
209.7310028076172,1.4595431089401245,0.17798611521720886,293.9651184082031,0.07536691140908582,0.04947756628641496,12
209.96099853515625,1.4595316648483276,0.17795072495937347,293.9651184082031,0.07571516595938643,0.049825776549797765,12
210.19100952148438,1.4595297574996948,0.17760716378688812,293.9651184082031,0.07540194081559953,0.04941962023892165,12
210.42100524902344,1.459531307220459,0.17714473605155945,293.9651184082031,0.07529033264877232,0.04941159993710883,12
210.6510009765625,1.4595307111740112,0.1768641471862793,293.9651184082031,0.07525743260077847,0.049569180722936576,12
210.88099670410156,1.459530234336853,0.1767519861459732,293.9651184082031,0.07547311271301804,0.05022132302607535,12
211.1110076904297,1.4595321416854858,0.17642371356487274,293.9651184082031,0.07544092737869655,0.05003053952761021,12
211.34100341796875,1.4595329761505127,0.17583122849464417,293.9651184082031,0.07528768222789878,0.04997676317036159,12
211.5709991455078,1.4595317840576172,0.17549476027488708,293.9651184082031,0.07523784575158618,0.05000273956955593,12
211.80099487304688,1.4595308303833008,0.17537589371204376,293.9651184082031,0.07549998142893924,0.0502786939062253,12
212.031005859375,1.4595203399658203,0.17529092729091644,293.9651184082031,0.07565799758298106,0.05016150383982123,12
212.26100158691406,1.4595340490341187,0.1751888394355774,293.9651184082031,0.07535604363740699,0.049753619816388144,12
212.49099731445312,1.4595255851745605,0.17520783841609955,293.9651184082031,0.07533295402793981,0.050130695368705125,12
212.72100830078125,1.4595377445220947,0.17579583823680878,293.9651184082031,0.07519730303147006,0.049697746279690674,12
212.9510040283203,1.459531307220459,0.17672665417194366,293.9651184082031,0.07521409940255606,0.04967499222147168,12
213.18099975585938,1.4595383405685425,0.17725354433059692,293.9651184082031,0.07555476682047196,0.04986282991404113,12
213.41099548339844,1.4595435857772827,0.17676986753940582,293.9651184082031,0.07540475110491925,0.04972294350511579,12
213.64100646972656,1.4595335721969604,0.17637676000595093,293.9651184082031,0.07562695293525101,0.0499650189399719,12
213.87100219726562,1.4595279693603516,0.17642296850681305,293.9651184082031,0.07561944948070823,0.049646115375698685,12
214.1009979248047,1.4595359563827515,0.17624299228191376,293.9651184082031,0.07585148817395372,0.050209741094404396,12
214.3310089111328,1.4595309495925903,0.17586328089237213,293.9651184082031,0.07560343547192536,0.05008669398536246,12
214.56100463867188,1.4595274925231934,0.17522534728050232,293.9651184082031,0.07580705130239213,0.05011419978972059,12
214.79100036621094,1.4595255851745605,0.17510536313056946,293.9651184082031,0.07552241824221827,0.050437122415695854,12
215.02099609375,1.459532380104065,0.1750338226556778,293.9651184082031,0.07568549541422762,0.05012367658211757,12
215.25100708007812,1.4595333337783813,0.17473088204860687,293.9651184082031,0.07567291744101019,0.05041693682172942,12
215.4810028076172,1.4595377445220947,0.17404711246490479,293.9651184082031,0.07588167343645844,0.050409683074190616,12
215.71099853515625,1.4595363140106201,0.17387235164642334,293.9651184082031,0.0757513398404039,0.05066264668231775,12
215.94100952148438,1.459541916847229,0.17380453646183014,293.9651184082031,0.07545029536231934,0.050582884103121374,12
216.17100524902344,1.4595485925674438,0.1739632785320282,293.9651184082031,0.07596664541849686,0.050484080766320896,12
216.4010009765625,1.4595389366149902,0.173919677734375,293.9651184082031,0.07586217612183367,0.05066058163929695,12
216.63099670410156,1.4595441818237305,0.17407730221748352,293.9651184082031,0.07547001114736901,0.050184284664031034,12
216.8610076904297,1.4595381021499634,0.17493656277656555,293.9651184082031,0.07585860580796747,0.04989946363777478,12
217.09100341796875,1.45952570438385,0.17595458030700684,293.9651184082031,0.07571517191103382,0.05004293568240206,12
217.3209991455078,1.4595400094985962,0.17597469687461853,293.9651184082031,0.07579159348683748,0.050347497195677625,12
217.55101013183594,1.4595335721969604,0.17551934719085693,293.9651184082031,0.07571763845825012,0.05036342917428787,12
217.781005859375,1.459536075592041,0.1750856190919876,293.9651184082031,0.0760297865714885,0.05010665166838022,12
218.01100158691406,1.4595469236373901,0.17502078413963318,293.9651184082031,0.07573473372241049,0.05001308719708002,12
218.24099731445312,1.4595400094985962,0.1752905547618866,293.9651184082031,0.07571917927762961,0.05029199112352774,12
218.47100830078125,1.4595404863357544,0.17462989687919617,293.9651184082031,0.07570756934744878,0.049945705095900204,12
218.7010040283203,1.459537148475647,0.1743023693561554,293.9651184082031,0.07602165767978693,0.05012514382799151,12
218.93099975585938,1.4595388174057007,0.1743597388267517,293.9651184082031,0.07603067118405177,0.05023653136432646,12
219.16099548339844,1.4595352411270142,0.17442159354686737,293.9651184082031,0.07574772752493321,0.05048041783481567,12
219.39100646972656,1.4595445394515991,0.17484863102436066,293.9651184082031,0.07594225128699414,0.05044881050510104,12
219.62100219726562,1.4598392248153687,0.1758357137441635,293.9651184082031,0.0758858797210028,0.04994273317998854,12
219.8509979248047,1.459539771080017,0.17406536638736725,293.9651184082031,0.07582213525027136,0.050252418759222164,12
220.0810089111328,1.4595316648483276,0.17419728636741638,293.9651184082031,0.07582237315009853,0.05087175453126412,12
220.31100463867188,1.4595266580581665,0.17425280809402466,293.9651184082031,0.07613277082499978,0.05082082778237956,12
220.54100036621094,1.4595410823822021,0.17413057386875153,293.9651184082031,0.07625495283049388,0.0501787723084162,12
220.77099609375,1.459531307220459,0.17444321513175964,293.9651184082031,0.07596354688477489,0.05033920831335809,12
221.00100708007812,1.4595272541046143,0.1755852997303009,293.9651184082031,0.0760155381377565,0.04993326452016754,12
221.2310028076172,1.459541916847229,0.17577572166919708,293.9651184082031,0.07582921283689237,0.05035341577214268,12
221.46099853515625,1.4595301151275635,0.1753285676240921,293.9651184082031,0.0760909158730608,0.05016557139913924,12
221.69100952148438,1.459539532661438,0.1746228188276291,293.9651184082031,0.07613338426335889,0.049889458145720975,12
221.92100524902344,1.4595304727554321,0.1746608316898346,293.9651184082031,0.07590154358362394,0.05022331917546636,12
222.1510009765625,1.459527611732483,0.17473460733890533,293.9651184082031,0.07635216620787726,0.050485327222029204,12
222.38099670410156,1.4595298767089844,0.17443129420280457,293.9651184082031,0.07594191476748492,0.05044450953202778,12
222.6110076904297,1.4595359563827515,0.1738898605108261,293.9651184082031,0.07592337717587327,0.05028981718784324,12
222.84100341796875,1.4595314264297485,0.1737542301416397,293.9651184082031,0.07631246928587414,0.050849512954442636,12
223.0709991455078,1.4595394134521484,0.1736234426498413,293.9651184082031,0.07622394054164869,0.05073143414657843,12
223.30101013183594,1.4595398902893066,0.17370615899562836,293.9651184082031,0.07577421323590644,0.05078531477194718,12
223.531005859375,1.4595355987548828,0.17312486469745636,293.9651184082031,0.07594592198602915,0.05040021150364177,12
223.76100158691406,1.4595390558242798,0.1725972294807434,293.9651184082031,0.0760952080259783,0.050933033618985483,12
223.99099731445312,1.4595303535461426,0.17250967025756836,293.9651184082031,0.07602300836598203,0.05102100910807118,12
224.22100830078125,1.4595316648483276,0.17277908325195312,293.9651184082031,0.07603173059457227,0.0508781576909921,12
224.4510040283203,1.4595342874526978,0.17299705743789673,293.9651184082031,0.07606566919483514,0.051166149935356585,12
224.68099975585938,1.4595332145690918,0.17307382822036743,293.9651184082031,0.07634855955989413,0.051051452061966124,12
224.91099548339844,1.459535002708435,0.17383547127246857,293.9651184082031,0.07627369387708596,0.05087226290937236,12
225.14100646972656,1.4595379829406738,0.17475584149360657,293.9651184082031,0.07613609664598242,0.050458150760566985,12
180.29000854492188,1.4603947401046753,0.223881796002388,200.32049560546875,0.07748875409538875,0.039748310217871605,13
180.5189971923828,1.4595656394958496,0.19706034660339355,200.32049560546875,0.07872128076902486,0.03978636563280317,13
180.7480010986328,1.4595733880996704,0.19188237190246582,200.32049560546875,0.07939011479673705,0.04029416033734898,13
180.9770050048828,1.4595727920532227,0.18820680677890778,200.32049560546875,0.08013933642822839,0.040735891327422995,13
181.20599365234375,1.4595677852630615,0.18533574044704437,200.32049560546875,0.08044443999740235,0.04124798640021877,13
181.43499755859375,1.4595658779144287,0.18340779840946198,200.32049560546875,0.08094469346075892,0.041552529805274054,13
181.66400146484375,1.4595657587051392,0.18205143511295319,200.32049560546875,0.08154811240153513,0.04231935455745433,13
181.89300537109375,1.4595627784729004,0.18053710460662842,200.32049560546875,0.08170795915278342,0.04251870299414658,13
182.1219940185547,1.4595789909362793,0.17916658520698547,200.32049560546875,0.08205276256902626,0.042701476627303434,13
182.3509979248047,1.4595775604248047,0.1782965213060379,200.32049560546875,0.08243363982846676,0.042471631355514614,13
182.5800018310547,1.4595825672149658,0.1776295155286789,200.32049560546875,0.0829756263664012,0.043346425744587906,13
182.8090057373047,1.4595752954483032,0.1770184189081192,200.32049560546875,0.08323727671186804,0.04355338729139164,13
183.03799438476562,1.4595742225646973,0.17597097158432007,200.32049560546875,0.0834237191954234,0.0443612704268608,13
183.26699829101562,1.4595805406570435,0.17540346086025238,200.32049560546875,0.08325435551866925,0.04448924974612185,13
183.49600219726562,1.4595750570297241,0.17539191246032715,200.32049560546875,0.08353779038849182,0.044662457866306175,13
183.72500610351562,1.4595800638198853,0.17591097950935364,200.32049560546875,0.0840682483624082,0.044532303363284974,13
183.95399475097656,1.4595696926116943,0.17632608115673065,200.32049560546875,0.08415130866121785,0.044979510773403536,13
184.18299865722656,1.4595698118209839,0.1767568290233612,200.32049560546875,0.08412953124094444,0.04468375671996179,13
184.41200256347656,1.4595786333084106,0.177470400929451,200.32049560546875,0.08402751323479211,0.04485786226176409,13
184.64100646972656,1.4595688581466675,0.17832930386066437,200.32049560546875,0.08415851388203072,0.04502482060562746,13
184.8699951171875,1.4595798254013062,0.1786695122718811,200.32049560546875,0.08468550669813733,0.045923380706788045,13
185.0989990234375,1.4595664739608765,0.17825068533420563,200.32049560546875,0.08439959700713144,0.04591091173367523,13
185.3280029296875,1.4595741033554077,0.1776432991027832,200.32049560546875,0.08473896340953377,0.046622738753736556,13
185.5570068359375,1.4595637321472168,0.17718423902988434,200.32049560546875,0.08523672441149134,0.04629713819821513,13
185.78599548339844,1.4595723152160645,0.17732135951519012,200.32049560546875,0.08558509019293069,0.0468061247640994,13
186.01499938964844,1.4595680236816406,0.17719653248786926,200.32049560546875,0.0857671144501858,0.04747650390281263,13
186.24400329589844,1.4595658779144287,0.17695321142673492,200.32049560546875,0.08545905613938586,0.047223740745805515,13
186.47300720214844,1.4595686197280884,0.17638346552848816,200.32049560546875,0.08574405081749323,0.047573395656898845,13
186.70199584960938,1.459567666053772,0.17621280252933502,200.32049560546875,0.08616741473186203,0.047866557491920106,13
186.93099975585938,1.4595638513565063,0.17636297643184662,200.32049560546875,0.08640962802239058,0.04815158402949334,13
187.16000366210938,1.4595708847045898,0.17618747055530548,200.32049560546875,0.08647252382142431,0.04813169824503419,13
187.38900756835938,1.4595725536346436,0.17587147653102875,200.32049560546875,0.08681093670997858,0.04830078992307608,13
187.6179962158203,1.4595739841461182,0.17572727799415588,200.32049560546875,0.08675888654775704,0.04826125901051565,13
187.8470001220703,1.4592620134353638,0.17527900636196136,200.32049560546875,0.08699582339529009,0.049234785943972174,13
188.0760040283203,1.4595612287521362,0.17755089700222015,200.32049560546875,0.08668141146114963,0.04875469845763228,13
188.3050079345703,1.4595615863800049,0.17846418917179108,200.32049560546875,0.08727769170566756,0.048643655725154694,13
188.53399658203125,1.4595791101455688,0.1788964420557022,200.32049560546875,0.08685312061889097,0.048578929323135095,13
188.76300048828125,1.45957350730896,0.1791837364435196,200.32049560546875,0.08709438724375136,0.04848456026522952,13
188.99200439453125,1.45957350730896,0.17953026294708252,200.32049560546875,0.08751432226384717,0.04904337751516938,13
189.22100830078125,1.4595832824707031,0.179324209690094,200.32049560546875,0.08722880196532182,0.04939286467955427,13
189.4499969482422,1.459565281867981,0.17872577905654907,200.32049560546875,0.08762248841017131,0.04938201648343264,13
189.6790008544922,1.459579586982727,0.1783982366323471,200.32049560546875,0.08768427241438986,0.0497550895089004,13
189.9080047607422,1.4595755338668823,0.17843922972679138,200.32049560546875,0.08718252696271385,0.04987629675945613,13
190.1370086669922,1.4595683813095093,0.178552508354187,200.32049560546875,0.08792914422647494,0.05027466223609904,13
190.36599731445312,1.459574580192566,0.17822086811065674,200.32049560546875,0.08792971143202992,0.05021799046980936,13
190.59500122070312,1.4595705270767212,0.1777983158826828,200.32049560546875,0.08787022599770838,0.050130479416342015,13
190.82400512695312,1.4595749378204346,0.17749463021755219,200.32049560546875,0.08841341399240674,0.050636153746071,13
191.05300903320312,1.459571123123169,0.17754493653774261,200.32049560546875,0.08828428428231139,0.05098087840690931,13
191.28199768066406,1.4595783948898315,0.17764106392860413,200.32049560546875,0.0880273362152751,0.05112655351876375,13
191.51100158691406,1.4595683813095093,0.17713244259357452,200.32049560546875,0.08828430232928823,0.05094711511992274,13
191.74000549316406,1.459558367729187,0.17718908190727234,200.32049560546875,0.0886533791380309,0.05122908492234546,13
191.968994140625,1.459570050239563,0.17800289392471313,200.32049560546875,0.08877398773248524,0.050925767755237945,13
192.197998046875,1.459565281867981,0.1790473461151123,200.32049560546875,0.08812728788541174,0.05117876135313012,13
192.427001953125,1.4595634937286377,0.1799871027469635,200.32049560546875,0.08809687867625547,0.05090857822709152,13
192.656005859375,1.4595710039138794,0.18015329539775848,200.32049560546875,0.08831685611772151,0.05069724553906342,13
192.88499450683594,1.4595626592636108,0.17997518181800842,200.32049560546875,0.08909938500064855,0.05103480662185024,13
193.11399841308594,1.4595717191696167,0.17982390522956848,200.32049560546875,0.08894783393832588,0.05118565800944941,13
193.34300231933594,1.4595664739608765,0.17978402972221375,200.32049560546875,0.08851004827206946,0.051019105792650135,13
193.57200622558594,1.4595704078674316,0.1793040931224823,200.32049560546875,0.08873217548996004,0.05144521364414254,13
193.80099487304688,1.459573745727539,0.17858566343784332,200.32049560546875,0.08913431761554196,0.05163499693015712,13
194.02999877929688,1.4595801830291748,0.178571879863739,200.32049560546875,0.08901971933757567,0.0517161532136475,13
194.25900268554688,1.459572434425354,0.178752601146698,200.32049560546875,0.08911136845666913,0.05169811791492947,13
194.48800659179688,1.4595725536346436,0.17842023074626923,200.32049560546875,0.08913096024672101,0.05188919019399687,13
194.7169952392578,1.45956552028656,0.17765486240386963,200.32049560546875,0.08882621441152677,0.05192236269059729,13
194.9459991455078,1.4595704078674316,0.17720472812652588,200.32049560546875,0.08947037944922988,0.051970147794413495,13
195.1750030517578,1.4595602750778198,0.17739737033843994,200.32049560546875,0.08944126110964275,0.052667175342831316,13
195.4040069580078,1.4595688581466675,0.17752033472061157,200.32049560546875,0.08955707160504642,0.05273702341561398,13
195.63299560546875,1.4595637321472168,0.1774163842201233,200.32049560546875,0.08962404184836999,0.05238926844440577,13
195.86199951171875,1.4595756530761719,0.1775374710559845,200.32049560546875,0.08954831761406368,0.052399587674609366,13
196.09100341796875,1.4595649242401123,0.17809753119945526,200.32049560546875,0.08974150382983603,0.05242820851751958,13
196.32000732421875,1.4595706462860107,0.17941290140151978,200.32049560546875,0.08970878096069619,0.052439713368788936,13
196.5489959716797,1.459566354751587,0.18014658987522125,200.32049560546875,0.08962085023371733,0.052152311773347566,13
196.7779998779297,1.459567904472351,0.17991705238819122,200.32049560546875,0.08950420601459698,0.051808964920655745,13
197.0070037841797,1.459561824798584,0.17956753075122833,200.32049560546875,0.08928586717023466,0.052433045104720674,13
197.2360076904297,1.459572196006775,0.17949450016021729,200.32049560546875,0.0903029476567142,0.05238168853095763,13
197.46499633789062,1.459566593170166,0.1792813539505005,200.32049560546875,0.08963487310579758,0.052666656828500684,13
197.69400024414062,1.459564447402954,0.17862330377101898,200.32049560546875,0.0896659750380091,0.05267399650734917,13
197.92300415039062,1.4595651626586914,0.17798015475273132,200.32049560546875,0.08972676223886315,0.05289036992228858,13
198.15200805664062,1.4595683813095093,0.17783036828041077,200.32049560546875,0.09020262349065114,0.052852432671523494,13
198.38099670410156,1.4595602750778198,0.17786948382854462,200.32049560546875,0.09021554264855457,0.05287260069589381,13
198.61000061035156,1.4595650434494019,0.17765560746192932,200.32049560546875,0.08997567196861372,0.05339837503229714,13
198.83900451660156,1.459562063217163,0.1769561916589737,200.32049560546875,0.08979141019576271,0.05311565935593119,13
199.06800842285156,1.4595601558685303,0.17649823427200317,200.32049560546875,0.09004037277412591,0.05333480387364778,13
199.2969970703125,1.45956552028656,0.17639128863811493,200.32049560546875,0.09033525865053194,0.05346697920436619,13
199.5260009765625,1.4595648050308228,0.1766413152217865,200.32049560546875,0.09056446639914738,0.053360344718040624,13
199.7550048828125,1.4595707654953003,0.1766711324453354,200.32049560546875,0.090426921542857,0.05356476363597445,13
199.9840087890625,1.4595710039138794,0.176884263753891,200.32049560546875,0.09067079393891686,0.05345443483857801,13
200.21299743652344,1.459565281867981,0.1775117665529251,200.32049560546875,0.09052160121696919,0.053590669430521085,13
200.44200134277344,1.4595736265182495,0.17865796387195587,200.32049560546875,0.0901534974370326,0.053632217069855694,13
200.67100524902344,1.459549903869629,0.1788647621870041,200.32049560546875,0.0899997809492405,0.05293007629133249,13
200.90000915527344,1.4595654010772705,0.17856517434120178,200.32049560546875,0.09069237494368379,0.052998730354768354,13
201.12899780273438,1.4595736265182495,0.17793133854866028,200.32049560546875,0.09023671276149205,0.05298828908535254,13
201.35800170898438,1.4595640897750854,0.17774540185928345,200.32049560546875,0.09012505838109251,0.053387876797611956,13
201.58700561523438,1.4595621824264526,0.17774316668510437,200.32049560546875,0.09089847600248802,0.05341730304166317,13
201.81600952148438,1.4595601558685303,0.17734333872795105,200.32049560546875,0.09024187956419352,0.053789176645896566,13
202.0449981689453,1.4595669507980347,0.17681458592414856,200.32049560546875,0.09044687914091355,0.05355628347256836,13
202.2740020751953,1.4595656394958496,0.17628806829452515,200.32049560546875,0.090461983797197,0.05338210474796444,13
202.5030059814453,1.4595736265182495,0.1764822155237198,200.32049560546875,0.09110394381480943,0.05370064926290353,13
202.73199462890625,1.4595649242401123,0.1761665940284729,200.32049560546875,0.09098551757929052,0.05388006897300309,13
202.96099853515625,1.4595576524734497,0.1755610853433609,200.32049560546875,0.09063287786942126,0.05462775895325721,13
203.19000244140625,1.4595719575881958,0.17507146298885345,200.32049560546875,0.09099250729314473,0.05460007257162684,13
203.41900634765625,1.45956289768219,0.17497941851615906,200.32049560546875,0.09088671797892138,0.0547829585440171,13
203.6479949951172,1.4595623016357422,0.17516013979911804,200.32049560546875,0.0908869188753536,0.054188876909262405,13
203.8769989013672,1.4595643281936646,0.1755748689174652,200.32049560546875,0.09059070536788892,0.05464413110541293,13
204.1060028076172,1.4595674276351929,0.1757015585899353,200.32049560546875,0.09072188143143121,0.0541771511930025,13
204.3350067138672,1.4595720767974854,0.17647774517536163,200.32049560546875,0.09073108955285791,0.05377950725105736,13
204.56399536132812,1.4595646858215332,0.1773623526096344,200.32049560546875,0.09114471544499439,0.053605387147426076,13
204.79299926757812,1.4595681428909302,0.1775125116109848,200.32049560546875,0.09129935015268831,0.05435272635926609,13
205.02200317382812,1.4595670700073242,0.1770087331533432,200.32049560546875,0.0911675763268851,0.053743809805427395,13
205.25100708007812,1.459572434425354,0.1764170080423355,200.32049560546875,0.09108904667654394,0.05389993763982866,13
205.47999572753906,1.4595566987991333,0.17594675719738007,200.32049560546875,0.09118192738191795,0.05378126057688836,13
205.70899963378906,1.4595664739608765,0.17590613663196564,200.32049560546875,0.09106934007451091,0.05439189238814678,13
205.93800354003906,1.4595683813095093,0.17561548948287964,200.32049560546875,0.09120933660369715,0.05474971775254077,13
206.16700744628906,1.459572196006775,0.17514821887016296,200.32049560546875,0.09104165679490371,0.05458318213140057,13
206.39599609375,1.4595661163330078,0.17468467354774475,200.32049560546875,0.09136481645776118,0.05418299722463187,13
206.625,1.4595599174499512,0.17452630400657654,200.32049560546875,0.09139383389776039,0.05459889218189897,13
206.85400390625,1.4595633745193481,0.1744614690542221,200.32049560546875,0.09158142987000627,0.05523575612329432,13
207.0830078125,1.4595671892166138,0.17412759363651276,200.32049560546875,0.09172015057326582,0.05505736747482966,13
207.31199645996094,1.4595673084259033,0.17358841001987457,200.32049560546875,0.09151323765386571,0.05510992608249043,13
207.54100036621094,1.4595612287521362,0.17354518175125122,200.32049560546875,0.09188103156010034,0.054790260644412156,13
207.77000427246094,1.4595658779144287,0.1741287112236023,200.32049560546875,0.0913863648550737,0.05452646216555342,13
207.99900817871094,1.4595617055892944,0.17466232180595398,200.32049560546875,0.09135440366423996,0.05488027049875801,13
208.22799682617188,1.4595656394958496,0.17508375644683838,200.32049560546875,0.09187297397429783,0.05441268408384897,13
208.45700073242188,1.4595715999603271,0.1758234053850174,200.32049560546875,0.09125352105102845,0.05431770830312917,13
208.68600463867188,1.459574818611145,0.17636260390281677,200.32049560546875,0.09129127752322522,0.05355628946401853,13
208.91500854492188,1.4595664739608765,0.17632384598255157,200.32049560546875,0.09092257583819319,0.05369924250084258,13
209.1439971923828,1.4595636129379272,0.1760607808828354,200.32049560546875,0.09121564494186479,0.05452371114378658,13
209.3730010986328,1.4595664739608765,0.1754545122385025,200.32049560546875,0.09106091227193926,0.053804029889829685,13
209.6020050048828,1.4595669507980347,0.17505989968776703,200.32049560546875,0.09188529717743012,0.054428179811415164,13
209.8310089111328,1.4595699310302734,0.17517057061195374,200.32049560546875,0.09145834092336699,0.055119454600416666,13
210.05999755859375,1.459566354751587,0.17490191757678986,200.32049560546875,0.0918706051577129,0.05493597136259379,13
210.28900146484375,1.4595723152160645,0.1741991490125656,200.32049560546875,0.0916094382261131,0.05468331632774736,13
210.51800537109375,1.45957350730896,0.17398898303508759,200.32049560546875,0.0915328232919523,0.054693807096516216,13
210.74700927734375,1.459559440612793,0.1739155799150467,200.32049560546875,0.0918929748871888,0.05483397911151811,13
210.9759979248047,1.4595571756362915,0.17377062141895294,200.32049560546875,0.09162868635400022,0.055389963418731626,13
211.2050018310547,1.4595636129379272,0.17339353263378143,200.32049560546875,0.09221546341550027,0.055225105609791575,13
211.4340057373047,1.4595544338226318,0.17306450009346008,200.32049560546875,0.09163529050041147,0.05540627668167872,13
211.6630096435547,1.459564208984375,0.17319642007350922,200.32049560546875,0.09184712137810734,0.05501472926313722,13
211.89199829101562,1.4595600366592407,0.17393793165683746,200.32049560546875,0.0920007080266876,0.055001799115041064,13
212.12100219726562,1.4595569372177124,0.17464777827262878,200.32049560546875,0.09186419664337714,0.054695831118140234,13
212.35000610351562,1.4595670700073242,0.17529763281345367,200.32049560546875,0.0918115735537974,0.054702175799778936,13
212.57901000976562,1.4595717191696167,0.1755700260400772,200.32049560546875,0.09162434594160858,0.05414085132955424,13
212.80799865722656,1.459567666053772,0.17580440640449524,200.32049560546875,0.09189453176983828,0.05404691107179975,13
213.03700256347656,1.4595592021942139,0.1757459044456482,200.32049560546875,0.09088704079265551,0.055010301524368976,13
213.26600646972656,1.4595694541931152,0.17549289762973785,200.32049560546875,0.0916070617989942,0.054419665153902515,13
213.4949951171875,1.459566354751587,0.17480763792991638,200.32049560546875,0.09183798204556765,0.05454573653567327,13
213.7239990234375,1.4595699310302734,0.17448383569717407,200.32049560546875,0.09149104950302303,0.05474925974751049,13
213.9530029296875,1.4595587253570557,0.1746947318315506,200.32049560546875,0.0916664606607119,0.05514577885296225,13
214.1820068359375,1.4595600366592407,0.17434409260749817,200.32049560546875,0.0922518587533489,0.054834241951836865,13
214.41099548339844,1.459568738937378,0.17387458682060242,200.32049560546875,0.09179482609737434,0.05454481378663647,13
214.63999938964844,1.459566354751587,0.1734650731086731,200.32049560546875,0.09219927474340853,0.05499281157540043,13
214.86900329589844,1.4595654010772705,0.17353102564811707,200.32049560546875,0.09214045006579853,0.055370524034243834,13
215.09800720214844,1.4595637321472168,0.17321579158306122,200.32049560546875,0.0916399150869827,0.05497730304582006,13
215.32699584960938,1.459571123123169,0.1728249043226242,200.32049560546875,0.09165563894253335,0.05562965463701152,13
215.55599975585938,1.4595651626586914,0.17246122658252716,200.32049560546875,0.09226524211999719,0.055693427741857544,13
215.78500366210938,1.459566354751587,0.17279547452926636,200.32049560546875,0.09198603803753541,0.0556365030047635,13
216.01400756835938,1.459572196006775,0.17362530529499054,200.32049560546875,0.09199173490832123,0.05533114148721185,13
216.2429962158203,1.4595640897750854,0.17430981993675232,200.32049560546875,0.09199710888365685,0.055123041183809764,13
216.4720001220703,1.4595732688903809,0.17486390471458435,200.32049560546875,0.09219216447055621,0.05486310561223915,13
216.7010040283203,1.4595683813095093,0.17490564286708832,200.32049560546875,0.09215738162119051,0.05458836932096853,13
216.9300079345703,1.4595674276351929,0.1750040054321289,200.32049560546875,0.09193300808578239,0.05446978114875863,13
217.15899658203125,1.4595677852630615,0.1748490035533905,200.32049560546875,0.09177752190621585,0.054912501266820575,13
217.38800048828125,1.459567666053772,0.17439141869544983,200.32049560546875,0.09252792959335537,0.05447983251346592,13
217.61700439453125,1.4595717191696167,0.17376652359962463,200.32049560546875,0.09242074408984059,0.05469587640924381,13
217.84600830078125,1.4595566987991333,0.17362865805625916,200.32049560546875,0.09194491170150637,0.05474826850065765,13
218.0749969482422,1.4595725536346436,0.17357611656188965,200.32049560546875,0.09204591653420938,0.055229507178198425,13
218.3040008544922,1.4595608711242676,0.17331081628799438,200.32049560546875,0.0923523495653655,0.055363443408839634,13
218.5330047607422,1.4595698118209839,0.17292849719524384,200.32049560546875,0.09222062916689507,0.054958453077510225,13
218.7620086669922,1.459570050239563,0.17235167324543,200.32049560546875,0.09269636110154945,0.05545052873076114,13
218.99099731445312,1.459563136100769,0.17219704389572144,200.32049560546875,0.09243033625386775,0.05518780738365084,13
219.22000122070312,1.4595603942871094,0.17230099439620972,200.32049560546875,0.09242853503633155,0.05600983982710417,13
219.44900512695312,1.4595603942871094,0.17198650538921356,200.32049560546875,0.09244368127204106,0.05552161168902903,13
219.67800903320312,1.4595693349838257,0.17179647088050842,200.32049560546875,0.09243727349700047,0.0550832979904085,13
219.90699768066406,1.459563970565796,0.17217616736888885,200.32049560546875,0.09242419641108117,0.0553824483220384,13
220.13600158691406,1.4595677852630615,0.17304512858390808,200.32049560546875,0.09249632466041027,0.05551370153925123,13
220.36500549316406,1.4595705270767212,0.17395396530628204,200.32049560546875,0.0922439366016393,0.05572301927745683,13
220.59400939941406,1.4595645666122437,0.17412647604942322,200.32049560546875,0.09244892876882675,0.05452528514429943,13
220.822998046875,1.459573745727539,0.1739092469215393,200.32049560546875,0.09237655837480364,0.05518635513343202,13
221.052001953125,1.4595738649368286,0.17394575476646423,200.32049560546875,0.09241636931657955,0.05498428153241992,13
221.281005859375,1.459255576133728,0.1725689172744751,200.32049560546875,0.09211333752602051,0.055610634151733875,13
221.510009765625,1.4595723152160645,0.17321020364761353,200.32049560546875,0.09251032282197076,0.055648663270540855,13
221.73899841308594,1.4595671892166138,0.17248806357383728,200.32049560546875,0.09231533259070991,0.05520423617816963,13
221.96800231933594,1.459570050239563,0.17219853401184082,200.32049560546875,0.09263959648893118,0.05531155292565875,13
222.19700622558594,1.4595707654953003,0.17237143218517303,200.32049560546875,0.09274085972987836,0.05559618992046315,13
222.42601013183594,1.4595694541931152,0.17205506563186646,200.32049560546875,0.09253430397077386,0.05561355639178973,13
222.65499877929688,1.4595643281936646,0.17154718935489655,200.32049560546875,0.0929496246769335,0.05615094703490172,13
222.88400268554688,1.4595606327056885,0.1708943396806717,200.32049560546875,0.09251305352945675,0.055719235996537914,13
223.11300659179688,1.4595686197280884,0.1708798110485077,200.32049560546875,0.09229220610588201,0.05584858630613173,13
223.34201049804688,1.4595727920532227,0.17084740102291107,200.32049560546875,0.09289206474773234,0.05644566521627505,13
223.5709991455078,1.4595725536346436,0.17070579528808594,200.32049560546875,0.09308641286825783,0.05649298745734793,13
223.8000030517578,1.4595694541931152,0.17068195343017578,200.32049560546875,0.09241532047955427,0.0556960800054654,13
224.0290069580078,1.4595661163330078,0.1712278425693512,200.32049560546875,0.09296850980942649,0.05624922166669886,13
224.25799560546875,1.4595614671707153,0.17232336103916168,200.32049560546875,0.09237787136118389,0.05591861546752142,13
224.48699951171875,1.459566354751587,0.17316213250160217,200.32049560546875,0.09262509838798307,0.055196980821236245,13
224.71600341796875,1.4595603942871094,0.17288899421691895,200.32049560546875,0.09260761635648297,0.055444866438299795,13
224.94500732421875,1.4595588445663452,0.17263263463974,200.32049560546875,0.09253733777112418,0.05518290605108427,13
225.1739959716797,1.4595695734024048,0.17259089648723602,200.32049560546875,0.09287886876480922,0.055473534162463,13
180.28900146484375,1.4600921869277954,0.22173549234867096,135.91331481933594,0.08920094034346607,0.041780947112376544,14
180.51699829101562,1.4595388174057007,0.19530342519283295,135.91331481933594,0.09017806099496432,0.04129411039724756,14
180.7449951171875,1.459544062614441,0.18949012458324432,135.91331481933594,0.09104714050324991,0.041928931273155154,14
180.97300720214844,1.4595425128936768,0.18623638153076172,135.91331481933594,0.09154351856586006,0.04202236359418074,14
181.2010040283203,1.459536075592041,0.18381357192993164,135.91331481933594,0.09201935848235339,0.042779849848863113,14
181.4290008544922,1.4595415592193604,0.18185283243656158,135.91331481933594,0.09290901499735144,0.043211209005745,14
181.65699768066406,1.4595352411270142,0.18047860264778137,135.91331481933594,0.09376600841803397,0.043560144853093626,14
181.88499450683594,1.4595346450805664,0.17912188172340393,135.91331481933594,0.09383790658979087,0.04321253195215643,14
182.11300659179688,1.4595400094985962,0.1779984086751938,135.91331481933594,0.09443005808140541,0.043943401240700314,14
182.34100341796875,1.459537148475647,0.1771000176668167,135.91331481933594,0.09449795354927411,0.04467262508053406,14
182.56900024414062,1.4595491886138916,0.17610175907611847,135.91331481933594,0.09519312167420185,0.044885026334620985,14
182.7969970703125,1.4595409631729126,0.175678089261055,135.91331481933594,0.0952656127337991,0.045143505348233935,14
183.02499389648438,1.4595344066619873,0.17536211013793945,135.91331481933594,0.09571243016292702,0.04466660544034339,14
183.2530059814453,1.4595361948013306,0.1755610853433609,135.91331481933594,0.09639566055905989,0.04512669472375523,14
183.4810028076172,1.4595361948013306,0.17614386975765228,135.91331481933594,0.09628662406159678,0.045330154821228826,14
183.70899963378906,1.459535837173462,0.17695246636867523,135.91331481933594,0.09641937418347078,0.04543783137891071,14
183.93699645996094,1.4595324993133545,0.1778072565793991,135.91331481933594,0.09598985035333343,0.04526922153845418,14
184.16500854492188,1.4595391750335693,0.17783521115779877,135.91331481933594,0.09646365742981196,0.0461128148729919,14
184.39300537109375,1.4595288038253784,0.17761945724487305,135.91331481933594,0.09711547502024707,0.04591092935166158,14
184.62100219726562,1.4595354795455933,0.17743165791034698,135.91331481933594,0.0971671973856028,0.046508840104124725,14
184.8489990234375,1.459533929824829,0.1770135760307312,135.91331481933594,0.0975644430044883,0.046861193323900915,14
185.07699584960938,1.4595403671264648,0.17701208591461182,135.91331481933594,0.09802090153415627,0.04678421086620753,14
185.3050079345703,1.459537386894226,0.17678366601467133,135.91331481933594,0.09872449281801095,0.047204138293806396,14
185.5330047607422,1.4595441818237305,0.17655040323734283,135.91331481933594,0.09871855460425787,0.047750200740409435,14
185.76100158691406,1.4595389366149902,0.17654332518577576,135.91331481933594,0.09931810020581372,0.0482366862275707,14
185.98899841308594,1.4595491886138916,0.1763007491827011,135.91331481933594,0.09904448813842641,0.04811609312440837,14
186.2169952392578,1.459531545639038,0.1761714369058609,135.91331481933594,0.09930688168166875,0.048240645562552,14
186.44500732421875,1.459533929824829,0.17614051699638367,135.91331481933594,0.10001894953868402,0.04881843738856124,14
186.67300415039062,1.4595309495925903,0.17593593895435333,135.91331481933594,0.09998053052612643,0.049214433519761284,14
186.9010009765625,1.4595379829406738,0.17603766918182373,135.91331481933594,0.10026438158297749,0.04933991376397891,14
187.12899780273438,1.4595379829406738,0.17611517012119293,135.91331481933594,0.10068118089645718,0.04957185073651197,14
187.35699462890625,1.4595363140106201,0.1767624169588089,135.91331481933594,0.10065947244409466,0.04967403256622012,14
187.5850067138672,1.4595420360565186,0.17752182483673096,135.91331481933594,0.10062096021933019,0.04940428258584338,14
187.81300354003906,1.4595417976379395,0.17843513190746307,135.91331481933594,0.10005583215783356,0.04987727130724239,14
188.04100036621094,1.4595370292663574,0.179143488407135,135.91331481933594,0.10096360900661956,0.04912199931900756,14
188.2689971923828,1.4595415592193604,0.17902126908302307,135.91331481933594,0.1011229559767042,0.04946951687617689,14
188.4969940185547,1.4595372676849365,0.1788979321718216,135.91331481933594,0.1014999774458356,0.04965718795635107,14
188.72500610351562,1.4595333337783813,0.17878353595733643,135.91331481933594,0.10152803583888682,0.05056220746719637,14
188.9530029296875,1.4595437049865723,0.17833302915096283,135.91331481933594,0.10172942623816339,0.050394659180738044,14
189.18099975585938,1.459538459777832,0.17819367349147797,135.91331481933594,0.1015754531017669,0.05077019972648919,14
189.40899658203125,1.4595447778701782,0.17794251441955566,135.91331481933594,0.10244640697188248,0.05043286061477742,14
189.6370086669922,1.4595391750335693,0.17759673297405243,135.91331481933594,0.10279679181727888,0.05160207055316595,14
189.86500549316406,1.4595338106155396,0.17755424976348877,135.91331481933594,0.1026170651327333,0.050855703952787934,14
190.09300231933594,1.4595378637313843,0.17720137536525726,135.91331481933594,0.10271072573759588,0.05184177700037998,14
190.3209991455078,1.4595398902893066,0.17703518271446228,135.91331481933594,0.1028214551063832,0.051971603325230584,14
190.5489959716797,1.4595335721969604,0.1766994446516037,135.91331481933594,0.10319508887900297,0.051355977773545544,14
190.77700805664062,1.459544062614441,0.17668938636779785,135.91331481933594,0.10357458780061686,0.052439069273856255,14
191.0050048828125,1.4595364332199097,0.17674565315246582,135.91331481933594,0.10339532582200948,0.0523388646255885,14
191.23300170898438,1.459544062614441,0.17702177166938782,135.91331481933594,0.10347686472564176,0.05192019055563799,14
191.46099853515625,1.4595352411270142,0.17766864597797394,135.91331481933594,0.10359877368958285,0.05250493208412995,14
191.68899536132812,1.4595412015914917,0.17851971089839935,135.91331481933594,0.10355213004189431,0.051872123833331535,14
191.91700744628906,1.4595412015914917,0.1791144162416458,135.91331481933594,0.10335363554416176,0.05241587725497636,14
192.14500427246094,1.4595335721969604,0.17941848933696747,135.91331481933594,0.10400155779856465,0.05226925425775368,14
192.3730010986328,1.4595413208007812,0.17921242117881775,135.91331481933594,0.10429446958185065,0.052321955357354795,14
192.6009979248047,1.4595427513122559,0.1789456307888031,135.91331481933594,0.10414461947420432,0.05224615768318657,14
192.82899475097656,1.4595340490341187,0.17860542237758636,135.91331481933594,0.10397215386567282,0.053106365055759726,14
193.0570068359375,1.4595372676849365,0.1782391369342804,135.91331481933594,0.10454433226045926,0.05288553411705906,14
193.28500366210938,1.459535837173462,0.1781034916639328,135.91331481933594,0.10519020351326246,0.052499301721829386,14
193.51300048828125,1.4595376253128052,0.17770403623580933,135.91331481933594,0.10459313156740425,0.05326648942253727,14
193.74099731445312,1.4595403671264648,0.1776053011417389,135.91331481933594,0.104836997256205,0.05316417846695594,14
193.968994140625,1.4595311880111694,0.17735637724399567,135.91331481933594,0.10487563959312658,0.05367525501887611,14
194.19700622558594,1.4595420360565186,0.17693382501602173,135.91331481933594,0.10499439376541926,0.05374670312605046,14
194.4250030517578,1.4595298767089844,0.17664988338947296,135.91331481933594,0.10509744550879323,0.053977022923309595,14
194.6529998779297,1.4595460891723633,0.17616324126720428,135.91331481933594,0.10553325354001732,0.053612963690877674,14
194.88099670410156,1.4595375061035156,0.17609654366970062,135.91331481933594,0.10548793232657402,0.054545728575449454,14
195.1090087890625,1.4595353603363037,0.176364466547966,135.91331481933594,0.10562360710075851,0.054185082859804154,14
195.33700561523438,1.4595352411270142,0.17666330933570862,135.91331481933594,0.10529852583073275,0.05414888047598959,14
195.56500244140625,1.4595386981964111,0.1772136688232422,135.91331481933594,0.10490981188253397,0.05398336661530001,14
195.79299926757812,1.4595363140106201,0.17817465960979462,135.91331481933594,0.105471278606813,0.053611299705205076,14
196.02099609375,1.4595437049865723,0.17859722673892975,135.91331481933594,0.10518772561706513,0.05326523397762409,14
196.24900817871094,1.4595370292663574,0.17857150733470917,135.91331481933594,0.10559129260078798,0.05396463502977201,14
196.4770050048828,1.4595458507537842,0.178151935338974,135.91331481933594,0.10570353722234081,0.0541041164897945,14
196.7050018310547,1.4595386981964111,0.17796637117862701,135.91331481933594,0.10583040334154965,0.05413948234695246,14
196.93299865722656,1.4595366716384888,0.17758852243423462,135.91331481933594,0.1061126840184969,0.05420620177645251,14
197.16099548339844,1.4595355987548828,0.17727701365947723,135.91331481933594,0.10582167468325722,0.054292484283483634,14
197.38900756835938,1.4595431089401245,0.17688649892807007,135.91331481933594,0.10612478449859601,0.05400773011999833,14
197.61700439453125,1.4592205286026,0.1752953976392746,135.91331481933594,0.10574144878351957,0.055014703967995085,14
197.84500122070312,1.4595316648483276,0.17649637162685394,135.91331481933594,0.10641799838075507,0.055285791240649675,14
198.072998046875,1.4595385789871216,0.17628434300422668,135.91331481933594,0.10619166444803922,0.0547217500225537,14
198.30099487304688,1.4595327377319336,0.1758178174495697,135.91331481933594,0.10659914583322021,0.054572458917512015,14
198.5290069580078,1.4595295190811157,0.17569150030612946,135.91331481933594,0.10647683413357799,0.0552669302602438,14
198.7570037841797,1.4595303535461426,0.17546270787715912,135.91331481933594,0.10674731390985713,0.05492952445661283,14
198.98500061035156,1.459541916847229,0.17545264959335327,135.91331481933594,0.10669441134877439,0.05496123322110757,14
199.21299743652344,1.4595428705215454,0.17568255960941315,135.91331481933594,0.10713665188638491,0.05516328582949317,14
199.4409942626953,1.4595363140106201,0.17614275217056274,135.91331481933594,0.1065591662705585,0.055189301715843436,14
199.66900634765625,1.459551453590393,0.17697258293628693,135.91331481933594,0.10683422713579509,0.054996261101406006,14
199.89700317382812,1.459542989730835,0.17771001160144806,135.91331481933594,0.10667494616197333,0.054374995551816116,14
200.125,1.4595335721969604,0.1780170500278473,135.91331481933594,0.10656097898701507,0.05456161757083819,14
200.35299682617188,1.4595369100570679,0.17797419428825378,135.91331481933594,0.10672454210222843,0.05428264974022871,14
200.5810089111328,1.4595355987548828,0.17753078043460846,135.91331481933594,0.10643787927838974,0.05447367900187767,14
200.8090057373047,1.4595365524291992,0.17737539112567902,135.91331481933594,0.10659662976902766,0.05478958519458198,14
201.03700256347656,1.4595459699630737,0.1768295019865036,135.91331481933594,0.1065049256873839,0.05489799242663772,14
201.26499938964844,1.459539771080017,0.17675571143627167,135.91331481933594,0.10679287434725733,0.054727280933609145,14
201.4929962158203,1.4595361948013306,0.17634917795658112,135.91331481933594,0.10695568027999229,0.054593963601631,14
201.72100830078125,1.4595404863357544,0.1760495901107788,135.91331481933594,0.10698753669644896,0.05532829310869898,14
201.94900512695312,1.4595340490341187,0.17610622942447662,135.91331481933594,0.10667321216063722,0.05519502554084559,14
202.177001953125,1.4595465660095215,0.17580366134643555,135.91331481933594,0.1073853548434687,0.055205808917244636,14
202.40499877929688,1.4595381021499634,0.175401970744133,135.91331481933594,0.10737577810199991,0.05538135390096234,14
202.63299560546875,1.459534764289856,0.17528347671031952,135.91331481933594,0.1071269304919312,0.05567681473330799,14
202.8610076904297,1.4595309495925903,0.1749935746192932,135.91331481933594,0.10774316925625897,0.055406675520042886,14
203.08900451660156,1.4595304727554321,0.1752857118844986,135.91331481933594,0.10733067912317754,0.055518815449253786,14
203.31700134277344,1.459533929824829,0.17560133337974548,135.91331481933594,0.10691992419859186,0.05570358234497109,14
203.5449981689453,1.459530234336853,0.17607679963111877,135.91331481933594,0.10749393741074852,0.055239112798177274,14
203.7729949951172,1.4595330953598022,0.17709144949913025,135.91331481933594,0.10704452806671112,0.05513438670466498,14
204.00100708007812,1.4595227241516113,0.17748047411441803,135.91331481933594,0.10746540700568598,0.05482298287445698,14
204.22900390625,1.4595344066619873,0.17749276757240295,135.91331481933594,0.10671288592781913,0.05496423093997503,14
204.45700073242188,1.4595372676849365,0.17724870145320892,135.91331481933594,0.10699344854299309,0.054809777847402576,14
204.68499755859375,1.459537386894226,0.17697370052337646,135.91331481933594,0.10707252925324715,0.055475492828143354,14
204.9130096435547,1.4595364332199097,0.17673522233963013,135.91331481933594,0.10701240587531324,0.05521511186109026,14
205.14100646972656,1.4595305919647217,0.17628471553325653,135.91331481933594,0.10749310683889073,0.05561920397230623,14
205.36900329589844,1.4595354795455933,0.17617926001548767,135.91331481933594,0.10750442388787919,0.05554106330148786,14
205.5970001220703,1.4595381021499634,0.17581632733345032,135.91331481933594,0.10789071535345564,0.05610596001275481,14
205.8249969482422,1.4595365524291992,0.1755756139755249,135.91331481933594,0.10830319942862332,0.056046665547892525,14
206.05300903320312,1.4595327377319336,0.17536509037017822,135.91331481933594,0.10760052762069583,0.05585585125157256,14
206.281005859375,1.4595303535461426,0.1748199313879013,135.91331481933594,0.10829642151275612,0.05600762121937172,14
206.50900268554688,1.4595316648483276,0.17462728917598724,135.91331481933594,0.10830233627431259,0.05565660642782924,14
206.73699951171875,1.4595348834991455,0.1743154078722,135.91331481933594,0.10768489874307319,0.05661692621428094,14
206.96499633789062,1.4595328569412231,0.17425504326820374,135.91331481933594,0.10780602441720201,0.05568182237214642,14
207.19300842285156,1.4595328569412231,0.1746567338705063,135.91331481933594,0.10831799266997519,0.05604148714072382,14
207.42100524902344,1.4595320224761963,0.17487098276615143,135.91331481933594,0.10785404418110482,0.05576554018753989,14
207.6490020751953,1.4595353603363037,0.17573733627796173,135.91331481933594,0.10799672103871731,0.05580789807370251,14
207.8769989013672,1.459538459777832,0.17654481530189514,135.91331481933594,0.10798428810593985,0.0551965224316844,14
208.10499572753906,1.4595288038253784,0.1765686571598053,135.91331481933594,0.10711234356053903,0.05568916270263082,14
208.3330078125,1.4595338106155396,0.17656046152114868,135.91331481933594,0.10798275099169345,0.05558206102441681,14
208.56100463867188,1.4595396518707275,0.17602016031742096,135.91331481933594,0.10751042646625499,0.05561759289988501,14
208.78900146484375,1.4595327377319336,0.17562517523765564,135.91331481933594,0.10773107878517256,0.0555195864101751,14
209.01699829101562,1.4595283269882202,0.17548134922981262,135.91331481933594,0.10792089639039851,0.05610083398628595,14
209.2449951171875,1.4595330953598022,0.17502935230731964,135.91331481933594,0.10792232122200644,0.05604798821294042,14
209.47300720214844,1.4595297574996948,0.17476105690002441,135.91331481933594,0.10790867729944127,0.056048640504859575,14
209.7010040283203,1.4595329761505127,0.1743798702955246,135.91331481933594,0.10834446445432883,0.056282306534870916,14
209.9290008544922,1.4595314264297485,0.1743258386850357,135.91331481933594,0.10843401141148895,0.05646496256981188,14
210.15699768066406,1.4595286846160889,0.17398414015769958,135.91331481933594,0.10876833765473896,0.05638166582064942,14
210.385009765625,1.4595366716384888,0.1735846847295761,135.91331481933594,0.10893022605169464,0.0564046116878644,14
210.61300659179688,1.4595285654067993,0.1734393686056137,135.91331481933594,0.10896454588914611,0.05729119525709937,14
210.84100341796875,1.459528923034668,0.17318859696388245,135.91331481933594,0.10843148106732439,0.05698624061862183,14
211.06900024414062,1.4595333337783813,0.1733391284942627,135.91331481933594,0.10895168910583189,0.05701291775084386,14
211.2969970703125,1.4595328569412231,0.1738090068101883,135.91331481933594,0.10834497254376317,0.05651580272983964,14
211.52500915527344,1.459531545639038,0.1740732043981552,135.91331481933594,0.10877285223971149,0.056179714822535594,14
211.7530059814453,1.4595321416854858,0.17492128908634186,135.91331481933594,0.10887621244457224,0.056132528257799935,14
211.9810028076172,1.4595258235931396,0.17555661499500275,135.91331481933594,0.10813668719169332,0.05567603847246317,14
212.20899963378906,1.4595245122909546,0.17554059624671936,135.91331481933594,0.10870512865093435,0.05580056610750466,14
212.43699645996094,1.4595260620117188,0.1753084510564804,135.91331481933594,0.10825497657652634,0.056104915802788057,14
212.66500854492188,1.4595322608947754,0.17499692738056183,135.91331481933594,0.10823680071535104,0.055922625980865746,14
212.89300537109375,1.4595218896865845,0.1745591014623642,135.91331481933594,0.10865351334732645,0.05569714261831152,14
213.12100219726562,1.459531545639038,0.17425429821014404,135.91331481933594,0.10851231826446626,0.056269142109861316,14
213.3489990234375,1.4595271348953247,0.17384813725948334,135.91331481933594,0.10855581013465107,0.05654334077127965,14
213.57699584960938,1.4595258235931396,0.17353437840938568,135.91331481933594,0.10939101283532075,0.05665868462221192,14
213.8050079345703,1.4595353603363037,0.17313940823078156,135.91331481933594,0.10828080437981369,0.05695163678342736,14
214.0330047607422,1.4595249891281128,0.1728677600622177,135.91331481933594,0.10905618018411033,0.057186876831445944,14
214.26100158691406,1.4595273733139038,0.1725827008485794,135.91331481933594,0.10933016374751289,0.05732724159134779,14
214.48899841308594,1.4595292806625366,0.17215605080127716,135.91331481933594,0.10905002736010616,0.05689770672016162,14
214.7169952392578,1.4595222473144531,0.17210686206817627,135.91331481933594,0.1084224827207412,0.05696125736598401,14
214.94500732421875,1.459527850151062,0.1719399243593216,135.91331481933594,0.1092800465187144,0.05718158146252009,14
215.17300415039062,1.4595246315002441,0.17221269011497498,135.91331481933594,0.10973859376203075,0.05655114475697427,14
215.4010009765625,1.459529161453247,0.17241911590099335,135.91331481933594,0.10959940665925459,0.056938897141647155,14
215.62899780273438,1.4595295190811157,0.17327429354190826,135.91331481933594,0.10914464275925467,0.05650244281528105,14
215.8570098876953,1.4595309495925903,0.1741458624601364,135.91331481933594,0.1089898013222767,0.0567932715199785,14
216.0850067138672,1.4595286846160889,0.17428261041641235,135.91331481933594,0.10843750726717262,0.056258072267085305,14
216.31300354003906,1.4595236778259277,0.17417305707931519,135.91331481933594,0.10888874958340891,0.05687447322099403,14
216.54100036621094,1.4595293998718262,0.17394761741161346,135.91331481933594,0.10909587706480328,0.056735186644944494,14
216.7689971923828,1.459519863128662,0.1735183596611023,135.91331481933594,0.10932870744785038,0.05688183334392725,14
216.99700927734375,1.4595308303833008,0.17327727377414703,135.91331481933594,0.10966037199097597,0.05677843694418762,14
217.22500610351562,1.4595284461975098,0.1729169487953186,135.91331481933594,0.1082925904481913,0.056426663999471396,14
217.4530029296875,1.4595330953598022,0.17250706255435944,135.91331481933594,0.1095680422215075,0.05640886536338135,14
217.68099975585938,1.4595346450805664,0.1723840981721878,135.91331481933594,0.10911053269320255,0.05669228520902505,14
217.90899658203125,1.4595290422439575,0.17208898067474365,135.91331481933594,0.10929639432391983,0.057003137267637304,14
218.1370086669922,1.4595321416854858,0.17194215953350067,135.91331481933594,0.10965719181990623,0.057162052107052906,14
218.36500549316406,1.459531307220459,0.1715024709701538,135.91331481933594,0.10965044795578531,0.056933646733480205,14
218.59300231933594,1.4595320224761963,0.17115555703639984,135.91331481933594,0.10921668483142048,0.05815614038378175,14
218.8209991455078,1.4595372676849365,0.17125914990901947,135.91331481933594,0.11012686867097381,0.05722562753151601,14
219.0489959716797,1.4595410823822021,0.1711317002773285,135.91331481933594,0.10941141997956465,0.057374022192711024,14
219.27700805664062,1.4595293998718262,0.17156767845153809,135.91331481933594,0.10923057613312714,0.057014437123211706,14
219.5050048828125,1.4595218896865845,0.17206251621246338,135.91331481933594,0.10945977470987173,0.057272284707882634,14
219.73300170898438,1.4595271348953247,0.17282117903232574,135.91331481933594,0.10984883994786529,0.05694311407845005,14
219.96099853515625,1.4595394134521484,0.1735030859708786,135.91331481933594,0.10856461049311271,0.057077250596700255,14
220.18899536132812,1.4595383405685425,0.1734844595193863,135.91331481933594,0.10894991417378298,0.05663735981430413,14
220.41700744628906,1.4595229625701904,0.1733495593070984,135.91331481933594,0.10903039149775443,0.05612037685024802,14
220.64500427246094,1.4595271348953247,0.17312972247600555,135.91331481933594,0.10897529235290028,0.05699311159968974,14
220.8730010986328,1.4592169523239136,0.171470046043396,135.91331481933594,0.10938811903403892,0.05725788661436812,14
221.1009979248047,1.4595311880111694,0.17271237075328827,135.91331481933594,0.10908160220440281,0.0569354205700737,14
221.32901000976562,1.4595357179641724,0.17224586009979248,135.91331481933594,0.10860159100920488,0.056804379649426036,14
221.5570068359375,1.4595277309417725,0.17227715253829956,135.91331481933594,0.10949040292703775,0.056927392662958806,14
221.78500366210938,1.4595385789871216,0.1719682514667511,135.91331481933594,0.10985461082255038,0.05746686386166544,14
222.01300048828125,1.459536075592041,0.1715960055589676,135.91331481933594,0.10958999065474688,0.05705943584076531,14
222.24099731445312,1.4595311880111694,0.17153562605381012,135.91331481933594,0.10960013649392925,0.05732752041831335,14
222.46900939941406,1.459529995918274,0.17112499475479126,135.91331481933594,0.11010220227630547,0.05751249047408384,14
222.69700622558594,1.4595242738723755,0.1708783209323883,135.91331481933594,0.10983034118132744,0.05788065319147814,14
222.9250030517578,1.4595340490341187,0.170893594622612,135.91331481933594,0.10975046447163161,0.057673288942589364,14
223.1529998779297,1.4595314264297485,0.17099905014038086,135.91331481933594,0.11058095790699446,0.057714746488413966,14
223.38099670410156,1.4595338106155396,0.17156469821929932,135.91331481933594,0.10965668584997872,0.05714556411298431,14
223.6090087890625,1.4595351219177246,0.17219816148281097,135.91331481933594,0.10909300306672573,0.0570245172878979,14
223.83700561523438,1.4595288038253784,0.17297694087028503,135.91331481933594,0.10942081241364408,0.05656033331446858,14
224.06500244140625,1.4595253467559814,0.1735418438911438,135.91331481933594,0.10911931155697284,0.05648562637059558,14
224.29299926757812,1.4595284461975098,0.1732906848192215,135.91331481933594,0.1094355106183409,0.05682990856187912,14
224.52099609375,1.4595372676849365,0.17307494580745697,135.91331481933594,0.10970704896040773,0.056627424954657925,14
224.74900817871094,1.459531307220459,0.17278020083904266,135.91331481933594,0.10973585259154908,0.05669493570808196,14
224.9770050048828,1.4595232009887695,0.17244520783424377,135.91331481933594,0.10948731919861034,0.05697318808432699,14
180.29600524902344,1.4604005813598633,0.22269201278686523,92.7734146118164,0.0993043816958347,0.04218855140906204,15
180.531005859375,1.4595744609832764,0.1949065774679184,92.7734146118164,0.09970354210570878,0.04264587945901978,15
180.76600646972656,1.4595738649368286,0.1892397254705429,92.7734146118164,0.10139735004243325,0.042645557699453183,15
181.00100708007812,1.4595755338668823,0.18609067797660828,92.7734146118164,0.10222090054823518,0.04367239365054361,15
181.2360076904297,1.459884524345398,0.18513117730617523,92.7734146118164,0.10285998788001569,0.0435544555274768,15
181.47100830078125,1.4595739841461182,0.18174216151237488,92.7734146118164,0.10381747420885003,0.04393591058957701,15
181.70599365234375,1.4595776796340942,0.18003442883491516,92.7734146118164,0.1041937578730384,0.044542899122535944,15
181.9409942626953,1.4595670700073242,0.17876675724983215,92.7734146118164,0.10442423790690404,0.04491502792732691,15
182.17599487304688,1.4598697423934937,0.1791919320821762,92.7734146118164,0.1047825912162488,0.044553966770349375,15
182.41099548339844,1.4595674276351929,0.17713616788387299,92.7734146118164,0.10501387630401665,0.045444132916203146,15
182.64599609375,1.4595752954483032,0.17704375088214874,92.7734146118164,0.10605032582209271,0.04606472522275472,15
182.88099670410156,1.4598922729492188,0.17874403297901154,92.7734146118164,0.10601344715761074,0.04497546724254463,15
183.11599731445312,1.4595776796340942,0.17799319326877594,92.7734146118164,0.10616538877485261,0.04577720641006197,15
183.3509979248047,1.4595680236816406,0.17837215960025787,92.7734146118164,0.10647024511207269,0.04556755344584013,15
183.58599853515625,1.4595754146575928,0.17808672785758972,92.7734146118164,0.10698197160897463,0.04555976532644456,15
183.8209991455078,1.4595777988433838,0.17756058275699615,92.7734146118164,0.10779504857755007,0.04623946175854849,15
184.05599975585938,1.459572434425354,0.17727291584014893,92.7734146118164,0.10802087462030414,0.046307304893907796,15
184.29100036621094,1.4595668315887451,0.17698748409748077,92.7734146118164,0.10827326321121132,0.046730890652848814,15
184.5260009765625,1.459871530532837,0.17818324267864227,92.7734146118164,0.10832566484673445,0.04674520464002807,15
184.76100158691406,1.4595767259597778,0.17655375599861145,92.7734146118164,0.10929802875120866,0.04739960691751453,15
184.99600219726562,1.4595662355422974,0.17632794380187988,92.7734146118164,0.11020803936047648,0.0472244518969824,15
185.2310028076172,1.4598757028579712,0.1777442842721939,92.7734146118164,0.11028287281579041,0.04787117795835435,15
185.46600341796875,1.4598779678344727,0.17742718756198883,92.7734146118164,0.11049485176704762,0.048390538636922754,15
185.7010040283203,1.4595757722854614,0.17588376998901367,92.7734146118164,0.11089862384411307,0.04846744703204893,15
185.93600463867188,1.4595677852630615,0.17584502696990967,92.7734146118164,0.11170195340178443,0.048865249356078194,15
186.17100524902344,1.4598805904388428,0.17711566388607025,92.7734146118164,0.11142903685689003,0.04885284508980998,15
186.406005859375,1.4595727920532227,0.1756296455860138,92.7734146118164,0.11206935857134599,0.04941332253209742,15
186.64100646972656,1.4595683813095093,0.17613790929317474,92.7734146118164,0.11203663691469562,0.04934858981671733,15
186.87600708007812,1.4595657587051392,0.1770772933959961,92.7734146118164,0.11284787498013048,0.04994495833420136,15
187.1110076904297,1.4595637321472168,0.17809566855430603,92.7734146118164,0.11252978434398349,0.04902205294584481,15
187.34600830078125,1.4598740339279175,0.18020322918891907,92.7734146118164,0.1126755322787263,0.04873841281139343,15
187.58099365234375,1.4595682621002197,0.17858603596687317,92.7734146118164,0.11312002901942769,0.0490012618241515,15
187.8159942626953,1.4595646858215332,0.17825403809547424,92.7734146118164,0.11323210532667961,0.04979421257703108,15
188.05099487304688,1.4595657587051392,0.17789259552955627,92.7734146118164,0.11388900387451674,0.0496298233879884,15
188.28599548339844,1.459878921508789,0.1793420910835266,92.7734146118164,0.11340293220896318,0.04966645473769968,15
188.52099609375,1.4595714807510376,0.17790824174880981,92.7734146118164,0.11454638661036035,0.0502954795469058,15
188.75599670410156,1.4595699310302734,0.17780055105686188,92.7734146118164,0.1145307652784843,0.0504855947946441,15
188.99099731445312,1.45956552028656,0.17772416770458221,92.7734146118164,0.1150691971607018,0.05103594871237338,15
189.2259979248047,1.4598912000656128,0.17914199829101562,92.7734146118164,0.11522320305373515,0.04986201182052227,15
189.46099853515625,1.4598822593688965,0.1789996474981308,92.7734146118164,0.11528581361048533,0.05076060874929292,15
189.6959991455078,1.4595696926116943,0.17713132500648499,92.7734146118164,0.11618377935998409,0.0513129168840811,15
189.93099975585938,1.4598770141601562,0.17853125929832458,92.7734146118164,0.1154372121426034,0.051346092562754984,15
190.16600036621094,1.459572434425354,0.17695730924606323,92.7734146118164,0.11635822488460573,0.05232212391422601,15
190.4010009765625,1.4595692157745361,0.17713579535484314,92.7734146118164,0.11680689078290774,0.051874434606200136,15
190.63600158691406,1.4595633745193481,0.17769286036491394,92.7734146118164,0.11639110257716172,0.051864256819991204,15
190.87100219726562,1.4595720767974854,0.1784902811050415,92.7734146118164,0.11633186019098654,0.05180960427392486,15
191.1060028076172,1.4595770835876465,0.17934246361255646,92.7734146118164,0.11654973579283119,0.05179552412599465,15
191.34100341796875,1.459876537322998,0.1813240796327591,92.7734146118164,0.11570694259492895,0.05125455682439176,15
191.5760040283203,1.4595683813095093,0.17984700202941895,92.7734146118164,0.11620992336366655,0.051289452495754395,15
191.81100463867188,1.4598737955093384,0.1807122379541397,92.7734146118164,0.11678685784972437,0.05090845702747363,15
192.04600524902344,1.4595801830291748,0.17905256152153015,92.7734146118164,0.1173110232987033,0.05196433234673639,15
192.281005859375,1.4595720767974854,0.17907679080963135,92.7734146118164,0.11739661560232487,0.05222240227461279,15
192.51600646972656,1.4595627784729004,0.17898698151111603,92.7734146118164,0.11747531562084818,0.05225640446980053,15
192.75100708007812,1.4595744609832764,0.17874887585639954,92.7734146118164,0.1173105740903475,0.052219176384207075,15
192.9860076904297,1.459563136100769,0.17853984236717224,92.7734146118164,0.1183906922937503,0.05263258797551585,15
193.22100830078125,1.4595741033554077,0.17843550443649292,92.7734146118164,0.11792732255525469,0.05273266795443115,15
193.4560089111328,1.4595658779144287,0.17804089188575745,92.7734146118164,0.11845284365599666,0.05346855853515292,15
193.6909942626953,1.4595812559127808,0.17758405208587646,92.7734146118164,0.118665986550408,0.05325977354001282,15
193.92599487304688,1.45987868309021,0.17874030768871307,92.7734146118164,0.1185624975424286,0.05261412689531209,15
194.16099548339844,1.4595675468444824,0.17737948894500732,92.7734146118164,0.11868462692414845,0.05361528987882564,15
194.39599609375,1.4595701694488525,0.1776295155286789,92.7734146118164,0.11846629008946762,0.052796279565281504,15
194.63099670410156,1.4595690965652466,0.17802003026008606,92.7734146118164,0.11843234361104901,0.05357758269217523,15
194.86599731445312,1.4598737955093384,0.17995841801166534,92.7734146118164,0.11820617923455592,0.052169072443476995,15
195.1009979248047,1.4595768451690674,0.17938420176506042,92.7734146118164,0.11885669406852178,0.05320989191843699,15
195.33599853515625,1.4595744609832764,0.17986451089382172,92.7734146118164,0.1182368235105273,0.053003957638361014,15
195.5709991455078,1.4595668315887451,0.17964838445186615,92.7734146118164,0.11839090639563336,0.05232812614845371,15
195.80599975585938,1.4595719575881958,0.17918148636817932,92.7734146118164,0.11846119498028147,0.05282686654729588,15
196.04100036621094,1.4595725536346436,0.17902499437332153,92.7734146118164,0.11921748544423176,0.052678019452206196,15
196.2760009765625,1.4595729112625122,0.1790294647216797,92.7734146118164,0.11926204827295828,0.05342216935980283,15
196.51100158691406,1.4595632553100586,0.17876116931438446,92.7734146118164,0.11964926319468254,0.05367043864462232,15
196.74600219726562,1.4598687887191772,0.17970576882362366,92.7734146118164,0.11912062330291814,0.05319752683759183,15
196.9810028076172,1.459570050239563,0.17803455889225006,92.7734146118164,0.11942592577998982,0.05374794401218227,15
197.21600341796875,1.459572434425354,0.1779354363679886,92.7734146118164,0.11962374640348547,0.0535183649594252,15
197.4510040283203,1.459875464439392,0.17897915840148926,92.7734146118164,0.11953477753643484,0.05341895964529509,15
197.68600463867188,1.4595674276351929,0.1771741658449173,92.7734146118164,0.12011102946245003,0.053980335261616094,15
197.92100524902344,1.4595763683319092,0.17707766592502594,92.7734146118164,0.12094743591384244,0.05414454477629782,15
198.156005859375,1.4595805406570435,0.1769982874393463,92.7734146118164,0.12047526069662978,0.05414715272341395,15
198.39100646972656,1.4595715999603271,0.17697221040725708,92.7734146118164,0.12112225694678272,0.05391160386460967,15
198.62600708007812,1.4598722457885742,0.1783851981163025,92.7734146118164,0.11991111357519468,0.05409852264518957,15
198.8610076904297,1.459570288658142,0.17759151756763458,92.7734146118164,0.12032185637596457,0.053826663652390076,15
199.09600830078125,1.4595707654953003,0.17842097580432892,92.7734146118164,0.12018062937884783,0.05380134584609355,15
199.3310089111328,1.4595710039138794,0.17905107140541077,92.7734146118164,0.1202696264156369,0.05359962835017111,15
199.5659942626953,1.459578275680542,0.17888487875461578,92.7734146118164,0.12019254237864181,0.05404953898150116,15
199.80099487304688,1.4598764181137085,0.1797974407672882,92.7734146118164,0.12016494070321102,0.05358085160497109,15
200.03599548339844,1.459572672843933,0.178176149725914,92.7734146118164,0.12049644233175527,0.05442074688548284,15
200.27099609375,1.4595677852630615,0.17806026339530945,92.7734146118164,0.12071532547416725,0.05422132277285064,15
200.50599670410156,1.459873914718628,0.1790611296892166,92.7734146118164,0.1207493645103405,0.0536239338230267,15
200.74099731445312,1.4598848819732666,0.17871758341789246,92.7734146118164,0.1206005153925891,0.05371272722741329,15
200.9759979248047,1.4598792791366577,0.17849810421466827,92.7734146118164,0.12045486009203157,0.054126506289107625,15
201.21099853515625,1.4598807096481323,0.17829129099845886,92.7734146118164,0.12027871875315659,0.05452547022597294,15
201.4459991455078,1.4595705270767212,0.17672032117843628,92.7734146118164,0.12116645136928854,0.05483532937869403,15
201.68099975585938,1.4595705270767212,0.1764460653066635,92.7734146118164,0.12219069251384973,0.05507394359341638,15
201.91600036621094,1.4598816633224487,0.17740146815776825,92.7734146118164,0.12108236047504944,0.054126543992768464,15
202.1510009765625,1.4595792293548584,0.1757563352584839,92.7734146118164,0.12154944521875832,0.05513917051658854,15
202.38600158691406,1.4595799446105957,0.17583385109901428,92.7734146118164,0.1224155775073814,0.054625112252837976,15
202.62100219726562,1.459873914718628,0.17732582986354828,92.7734146118164,0.12113071952368094,0.055026930135429045,15
202.8560028076172,1.459565281867981,0.1765138804912567,92.7734146118164,0.121839921739066,0.054837085119522525,15
203.09100341796875,1.4598759412765503,0.17856480181217194,92.7734146118164,0.12158823762940009,0.053971519663655175,15
203.3260040283203,1.4595682621002197,0.17786575853824615,92.7734146118164,0.12107248076627532,0.05489294152633137,15
203.56100463867188,1.4595707654953003,0.1777886301279068,92.7734146118164,0.1216720932380146,0.054261124431608694,15
203.79600524902344,1.4595657587051392,0.17726732790470123,92.7734146118164,0.12155876049926875,0.054346529895890304,15
204.031005859375,1.459572434425354,0.1768771857023239,92.7734146118164,0.12165592659771292,0.055015511862407336,15
204.26600646972656,1.459877610206604,0.17792537808418274,92.7734146118164,0.12153640291435241,0.054688413867012696,15
204.50100708007812,1.4598822593688965,0.17778192460536957,92.7734146118164,0.12141767801616708,0.05444402425672925,15
204.7360076904297,1.4595824480056763,0.17609207332134247,92.7734146118164,0.12150952890956424,0.05508957514261659,15
204.97100830078125,1.4595750570297241,0.17596463859081268,92.7734146118164,0.12236943669856265,0.055281292638866254,15
205.2060089111328,1.4595599174499512,0.1756538599729538,92.7734146118164,0.12271198435044317,0.055370548289857255,15
205.44100952148438,1.4595695734024048,0.17537477612495422,92.7734146118164,0.12190238476554895,0.055237854791434664,15
205.67599487304688,1.4595779180526733,0.17489968240261078,92.7734146118164,0.12239949747252243,0.055354846801082595,15
205.91099548339844,1.45957350730896,0.17465636134147644,92.7734146118164,0.12272007089493361,0.055764335265659944,15
206.14599609375,1.4595731496810913,0.17430011928081512,92.7734146118164,0.12308676492071514,0.0559566906686863,15
206.38099670410156,1.4595693349838257,0.17430125176906586,92.7734146118164,0.12319919347415934,0.05585917058948695,15
206.61599731445312,1.4595681428909302,0.17461983859539032,92.7734146118164,0.1232841724145569,0.0555770188856762,15
206.8509979248047,1.459572434425354,0.17531999945640564,92.7734146118164,0.12218720671257623,0.05517261064469129,15
207.08599853515625,1.4595694541931152,0.1761479675769806,92.7734146118164,0.12284272462004914,0.05461514666744416,15
207.3209991455078,1.4595577716827393,0.17653325200080872,92.7734146118164,0.12262994095423276,0.05464616092284323,15
207.55599975585938,1.459574818611145,0.17627987265586853,92.7734146118164,0.1224833333137303,0.054540320981046136,15
207.79100036621094,1.459879755973816,0.17707319557666779,92.7734146118164,0.12243306120726377,0.05460466923889689,15
208.0260009765625,1.4595683813095093,0.17552493512630463,92.7734146118164,0.12265362419410929,0.05533945890394116,15
208.26100158691406,1.4595746994018555,0.17538781464099884,92.7734146118164,0.12268653846844998,0.055619077967539045,15
208.49600219726562,1.4595564603805542,0.1752614974975586,92.7734146118164,0.12275200912804826,0.05532408879642591,15
208.7310028076172,1.459578514099121,0.17515864968299866,92.7734146118164,0.12304572570071853,0.055612193063031765,15
208.96600341796875,1.4595707654953003,0.1749071329832077,92.7734146118164,0.12286445569035928,0.05583866490269288,15
209.2010040283203,1.4595757722854614,0.1747584491968155,92.7734146118164,0.1231561891138383,0.0555800668826666,15
209.43600463867188,1.4595670700073242,0.17445588111877441,92.7734146118164,0.12360949060721191,0.055747132130969476,15
209.67100524902344,1.4595613479614258,0.17397519946098328,92.7734146118164,0.12330956013726992,0.05593911039558733,15
209.906005859375,1.459568738937378,0.17375795543193817,92.7734146118164,0.12334103173999042,0.05603227963774062,15
210.14100646972656,1.4598740339279175,0.17507928609848022,92.7734146118164,0.1235196865400258,0.0548389836500954,15
210.37600708007812,1.4595634937286377,0.17371733486652374,92.7734146118164,0.12400395354586753,0.055841071479125634,15
210.6110076904297,1.4595714807510376,0.17398525774478912,92.7734146118164,0.12419905129973786,0.05562810133694119,15
210.84600830078125,1.4595695734024048,0.17439812421798706,92.7734146118164,0.12316459133300049,0.05595158032224335,15
211.0810089111328,1.4595799446105957,0.1752503216266632,92.7734146118164,0.12211124375513627,0.05572633081336488,15
211.31600952148438,1.459563970565796,0.17575447261333466,92.7734146118164,0.12291073766273349,0.05511420268003733,15
211.55099487304688,1.4595643281936646,0.17559127509593964,92.7734146118164,0.12291950578557861,0.055508315091666226,15
211.78599548339844,1.4595668315887451,0.17513145506381989,92.7734146118164,0.12276679497609264,0.05529288732108429,15
212.02099609375,1.459575891494751,0.17499655485153198,92.7734146118164,0.12321059365027981,0.055427762428600015,15
212.25599670410156,1.459859848022461,0.1762619912624359,92.7734146118164,0.12263342912189473,0.05517645003426044,15
212.49099731445312,1.4595601558685303,0.17480093240737915,92.7734146118164,0.12338765413131948,0.055809462961659916,15
212.7259979248047,1.4598697423934937,0.17583906650543213,92.7734146118164,0.12301910864532405,0.05467477379530872,15
212.96099853515625,1.4595732688903809,0.17420697212219238,92.7734146118164,0.12321880793598296,0.05633842236255083,15
213.1959991455078,1.4595588445663452,0.17392638325691223,92.7734146118164,0.12377345979744993,0.05575662165421143,15
213.43099975585938,1.459577202796936,0.17371250689029694,92.7734146118164,0.12361024484413935,0.0562684069838166,15
213.66600036621094,1.4595776796340942,0.1734076887369156,92.7734146118164,0.1246155978942784,0.055977935742350084,15
213.9010009765625,1.459879755973816,0.17452332377433777,92.7734146118164,0.12337570109627863,0.05569124136704453,15
214.13600158691406,1.4595733880996704,0.17308016121387482,92.7734146118164,0.12379303699151209,0.056226818418533206,15
214.37100219726562,1.4595648050308228,0.17324186861515045,92.7734146118164,0.12428990529308079,0.05600751841646895,15
214.6060028076172,1.4598686695098877,0.17485161125659943,92.7734146118164,0.12345631395455861,0.05576726483266867,15
214.84100341796875,1.4595720767974854,0.17396365106105804,92.7734146118164,0.12341463688419607,0.0556239905712282,15
215.0760040283203,1.4595662355422974,0.17467088997364044,92.7734146118164,0.12327090099737893,0.05575784035691592,15
215.31100463867188,1.4595743417739868,0.17521566152572632,92.7734146118164,0.12318857424351934,0.05561488287183828,15
215.54600524902344,1.459869623184204,0.1766033172607422,92.7734146118164,0.12274261650416426,0.05519481625412807,15
215.781005859375,1.4595688581466675,0.1748095005750656,92.7734146118164,0.12269937757082797,0.056053008614368,15
216.01600646972656,1.459574818611145,0.17464032769203186,92.7734146118164,0.12292221829832246,0.056228967003509905,15
216.25100708007812,1.4598833322525024,0.17579211294651031,92.7734146118164,0.12310944256927008,0.05521038968789018,15
216.4860076904297,1.4595736265182495,0.1740851253271103,92.7734146118164,0.12328700649394503,0.05632742520409986,15
216.72100830078125,1.459875464439392,0.17506101727485657,92.7734146118164,0.12361820616822114,0.055094401381754796,15
216.9560089111328,1.459570050239563,0.17344532907009125,92.7734146118164,0.12399776950686724,0.056107001785137826,15
217.19100952148438,1.4595613479614258,0.17322733998298645,92.7734146118164,0.12478221414206485,0.056456986420123714,15
217.42601013183594,1.4595688581466675,0.17292030155658722,92.7734146118164,0.12448756051602286,0.05659729173579824,15
217.66099548339844,1.4595723152160645,0.17261400818824768,92.7734146118164,0.1242948493960709,0.05616047879292098,15
217.89599609375,1.4595584869384766,0.17245414853096008,92.7734146118164,0.12457259938901827,0.05711181726531754,15
218.13099670410156,1.4598807096481323,0.17359064519405365,92.7734146118164,0.12455376158250554,0.05590167438244065,15
218.36599731445312,1.459572672843933,0.1721869856119156,92.7734146118164,0.1242343150110957,0.05713537034886802,15
218.6009979248047,1.4595825672149658,0.17239639163017273,92.7734146118164,0.12478448442542037,0.05632256693552355,15
218.83599853515625,1.4595664739608765,0.17294712364673615,92.7734146118164,0.12480255877645555,0.05631489005732027,15
219.0709991455078,1.4595732688903809,0.17366629838943481,92.7734146118164,0.12427020803341265,0.055458276079055735,15
219.30599975585938,1.4595762491226196,0.1743128001689911,92.7734146118164,0.12372987658840207,0.056679075319282464,15
219.54100036621094,1.459578514099121,0.17421181499958038,92.7734146118164,0.12386483312702949,0.05568652228126522,15
219.7760009765625,1.4595742225646973,0.17377547919750214,92.7734146118164,0.12420473474430396,0.05572983467107075,15
220.01100158691406,1.4595751762390137,0.17359811067581177,92.7734146118164,0.1241588215203191,0.05569244959655324,15
220.24600219726562,1.4595707654953003,0.17349712550640106,92.7734146118164,0.12360255297504247,0.056101397251933076,15
220.4810028076172,1.459871530532837,0.17452555894851685,92.7734146118164,0.12368233430275509,0.05564530351205225,15
220.71600341796875,1.4595690965652466,0.1729121059179306,92.7734146118164,0.12526754459384665,0.05686436614128863,15
220.9510040283203,1.4595649242401123,0.1727634221315384,92.7734146118164,0.12478494192712297,0.05610292504973356,15
221.18600463867188,1.4595685005187988,0.17252159118652344,92.7734146118164,0.12425589238636062,0.056535226839998357,15
221.42100524902344,1.45956552028656,0.17236359417438507,92.7734146118164,0.12434397174945042,0.05657442541306355,15
221.656005859375,1.4595760107040405,0.17186987400054932,92.7734146118164,0.1250842984949492,0.05601307005429117,15
221.89100646972656,1.459567904472351,0.17165561020374298,92.7734146118164,0.12508357566951364,0.05629024796567662,15
222.12600708007812,1.4598833322525024,0.17273622751235962,92.7734146118164,0.1250676199748654,0.05683490839646712,15
222.3610076904297,1.4598817825317383,0.17257040739059448,92.7734146118164,0.12425820734318818,0.05642543501054957,15
222.59600830078125,1.4595701694488525,0.17155277729034424,92.7734146118164,0.12418492579280854,0.05724801961106939,15
222.8310089111328,1.4595742225646973,0.1721225082874298,92.7734146118164,0.12439593916731347,0.05652944158901452,15
223.06600952148438,1.4598745107650757,0.17415554821491241,92.7734146118164,0.12363965700346977,0.05583391770023644,15
223.30101013183594,1.4595715999603271,0.17339465022087097,92.7734146118164,0.12338243827521476,0.055490550093507125,15
223.53599548339844,1.4595661163330078,0.17333614826202393,92.7734146118164,0.12439809703992383,0.05631995187555211,15
223.77099609375,1.4595650434494019,0.17282192409038544,92.7734146118164,0.12483812670600408,0.05603681149376399,15
224.00599670410156,1.4595781564712524,0.17245526611804962,92.7734146118164,0.12491301827903895,0.05679026456495405,15
224.24099731445312,1.4598777294158936,0.17368902266025543,92.7734146118164,0.12434525635979722,0.05553402515295892,15
224.4759979248047,1.4595704078674316,0.1721191555261612,92.7734146118164,0.1247087524835887,0.05707694375213057,15
224.71099853515625,1.459574818611145,0.17190155386924744,92.7734146118164,0.12456697103927529,0.05676629950943284,15
224.9459991455078,1.459557056427002,0.1717018187046051,92.7734146118164,0.12533528363599675,0.05713153002078723,15
180.2969970703125,1.4603571891784668,0.22085945308208466,63.16074752807617,0.11042136560072499,0.04307584600468103,16
180.5330047607422,1.4595654010772705,0.19312357902526855,63.16074752807617,0.11072430181435626,0.04419509683194795,16
180.7689971923828,1.4595733880996704,0.1877484917640686,63.16074752807617,0.11244403929114115,0.04498436276877081,16
181.0050048828125,1.459567904472351,0.18471458554267883,63.16074752807617,0.11329780235426291,0.045338207141352053,16
181.24099731445312,1.4595762491226196,0.1821364015340805,63.16074752807617,0.11380042786022583,0.04610350958534833,16
181.4770050048828,1.4595768451690674,0.1799517124891281,63.16074752807617,0.11445947092659398,0.04601433231716283,16
181.71299743652344,1.4595707654953003,0.17875073850154877,63.16074752807617,0.11534290387906197,0.046198327363235786,16
181.94900512695312,1.4595763683319092,0.17828495800495148,63.16074752807617,0.11567742003606148,0.046009109159516275,16
182.18499755859375,1.4595767259597778,0.1779864877462387,63.16074752807617,0.11604144382451471,0.04717588643869869,16
182.42100524902344,1.459585189819336,0.17822124063968658,63.16074752807617,0.11574880973630788,0.0473776202255354,16
182.65699768066406,1.4595774412155151,0.17887891829013824,63.16074752807617,0.11611251062277954,0.046809737234095705,16
182.89300537109375,1.4595727920532227,0.178757444024086,63.16074752807617,0.11641459986620939,0.04639536883835549,16
183.12899780273438,1.4595844745635986,0.1781269758939743,63.16074752807617,0.11709673545903374,0.04680541644493604,16
183.36500549316406,1.4595736265182495,0.17759524285793304,63.16074752807617,0.1179808941374933,0.0476207592425625,16
183.6009979248047,1.4595746994018555,0.17722707986831665,63.16074752807617,0.1183185444492778,0.047655076490402154,16
183.83700561523438,1.4595719575881958,0.17647065222263336,63.16074752807617,0.11917845602683173,0.047430593819015064,16
184.072998046875,1.459572672843933,0.1761367917060852,63.16074752807617,0.11937181005989034,0.0479213157329363,16
184.3090057373047,1.4598819017410278,0.17747412621974945,63.16074752807617,0.11888758432119641,0.04827773276046475,16
184.5449981689453,1.459580898284912,0.17566058039665222,63.16074752807617,0.1202973728594811,0.048925040726442194,16
184.781005859375,1.4595720767974854,0.17533117532730103,63.16074752807617,0.1214876399695769,0.049105399624854426,16
185.01699829101562,1.459564208984375,0.17516572773456573,63.16074752807617,0.12153263810965237,0.048994746580749725,16
185.2530059814453,1.4595777988433838,0.17494215071201324,63.16074752807617,0.12217634108258572,0.05004245684010136,16
185.48899841308594,1.4595701694488525,0.1748497486114502,63.16074752807617,0.12274102904741142,0.0500262361821032,16
185.72500610351562,1.4595701694488525,0.17477335035800934,63.16074752807617,0.12248078879051463,0.05054732058401276,16
185.96099853515625,1.4595743417739868,0.17549066245555878,63.16074752807617,0.12336756323451348,0.05026923175157629,16
186.19700622558594,1.4595685005187988,0.17625826597213745,63.16074752807617,0.12355635131101336,0.0507622571496987,16
186.43299865722656,1.459576964378357,0.17713728547096252,63.16074752807617,0.12382774019274452,0.049821264266176356,16
186.66900634765625,1.4595699310302734,0.17805802822113037,63.16074752807617,0.12343056820015826,0.05011827448718971,16
186.90499877929688,1.459577202796936,0.1786016970872879,63.16074752807617,0.12436484309547119,0.050016505296374685,16
187.14100646972656,1.459583044052124,0.17823874950408936,63.16074752807617,0.12412373621665877,0.05058158070055609,16
187.3769989013672,1.4595725536346436,0.1779678612947464,63.16074752807617,0.12483140936430291,0.05043560038342946,16
187.61300659179688,1.4595791101455688,0.17778117954730988,63.16074752807617,0.1254923246788455,0.050168830958077504,16
187.8489990234375,1.4595829248428345,0.1776239275932312,63.16074752807617,0.12613134101267626,0.05048587351459407,16
188.0850067138672,1.4595768451690674,0.177255779504776,63.16074752807617,0.12605109058501213,0.05094888358691606,16
188.3209991455078,1.459578514099121,0.17722447216510773,63.16074752807617,0.12660694872943856,0.05114617245760409,16
188.5570068359375,1.4595786333084106,0.17695395648479462,63.16074752807617,0.12669711479152423,0.05162268364604144,16
188.79299926757812,1.4595781564712524,0.17685483396053314,63.16074752807617,0.1272560181030764,0.05124786993627264,16
189.0290069580078,1.4595825672149658,0.17645947635173798,63.16074752807617,0.12819195474071482,0.0527490400252921,16
189.26499938964844,1.4595741033554077,0.1761457324028015,63.16074752807617,0.12760080136477556,0.05188902261385514,16
189.50100708007812,1.459572196006775,0.17620348930358887,63.16074752807617,0.12898419286740612,0.05172130657921538,16
189.73699951171875,1.4595766067504883,0.17608760297298431,63.16074752807617,0.12875423079548212,0.05240681419335588,16
189.97300720214844,1.459568977355957,0.1763830929994583,63.16074752807617,0.128756185437773,0.05262541066135365,16
190.20899963378906,1.4595750570297241,0.17712946236133575,63.16074752807617,0.12940883648065712,0.05228210097759334,16
190.44500732421875,1.459575891494751,0.17815305292606354,63.16074752807617,0.12910676300794655,0.05171790318246301,16
190.68099975585938,1.4595705270767212,0.1787857711315155,63.16074752807617,0.12871260896784237,0.05146070826481703,16
190.91700744628906,1.459581732749939,0.17901046574115753,63.16074752807617,0.12877864648893092,0.05235378153725979,16
191.1529998779297,1.4595739841461182,0.17883272469043732,63.16074752807617,0.1293671594150649,0.05186459697891599,16
191.38900756835938,1.4595773220062256,0.17828644812107086,63.16074752807617,0.1297018195392933,0.05289936561777834,16
191.625,1.459584355354309,0.17789557576179504,63.16074752807617,0.12995891094992984,0.05254155657804478,16
191.8610076904297,1.4595799446105957,0.1775352507829666,63.16074752807617,0.13014181408824754,0.05258777596948366,16
192.0970001220703,1.4595690965652466,0.17731986939907074,63.16074752807617,0.13013649824452836,0.05248672292620061,16
192.3330078125,1.4595829248428345,0.1770247519016266,63.16074752807617,0.13008406858794871,0.05320019884741687,16
192.56900024414062,1.4595859050750732,0.17686563730239868,63.16074752807617,0.13164491230785827,0.05370844256210482,16
192.8050079345703,1.459579586982727,0.17664317786693573,63.16074752807617,0.13094177953186745,0.053971114530865755,16
193.04100036621094,1.459580898284912,0.17617516219615936,63.16074752807617,0.13223788649390641,0.05430568039155873,16
193.27700805664062,1.4595714807510376,0.17571759223937988,63.16074752807617,0.13163236938013934,0.05421953403178968,16
193.51300048828125,1.4595762491226196,0.17564715445041656,63.16074752807617,0.13178467386088086,0.054293542050544874,16
193.74900817871094,1.4595683813095093,0.17558380961418152,63.16074752807617,0.13297370422944024,0.05413823560582312,16
193.98500061035156,1.4595749378204346,0.1760205328464508,63.16074752807617,0.13204401163162013,0.05375196338752412,16
194.22100830078125,1.459575891494751,0.1765679121017456,63.16074752807617,0.13242760210894305,0.05425414603708189,16
194.45700073242188,1.4595834016799927,0.17760343849658966,63.16074752807617,0.13268877121554667,0.05417770256149461,16
194.69300842285156,1.4595766067504883,0.1783885508775711,63.16074752807617,0.13209361703433825,0.05311937812596419,16
194.9290008544922,1.4595857858657837,0.1784120351076126,63.16074752807617,0.13238930087373138,0.053329196058128824,16
195.16500854492188,1.4595768451690674,0.1780897080898285,63.16074752807617,0.13198351570970157,0.05376318763514778,16
195.4010009765625,1.4595701694488525,0.17772863805294037,63.16074752807617,0.13248271687580138,0.05335027891038902,16
195.6370086669922,1.4595733880996704,0.17724162340164185,63.16074752807617,0.1330084858468992,0.054368524256431974,16
195.8730010986328,1.4595799446105957,0.17682725191116333,63.16074752807617,0.13298962691233332,0.05406201317202656,16
196.1090087890625,1.459585428237915,0.1766405701637268,63.16074752807617,0.13356224929047023,0.054833587763898024,16
196.34500122070312,1.4595791101455688,0.17616622149944305,63.16074752807617,0.13343056175356152,0.054801234840929705,16
196.5810089111328,1.4595751762390137,0.17581632733345032,63.16074752807617,0.13361976024888791,0.05463169968759036,16
196.81700134277344,1.4595892429351807,0.17559164762496948,63.16074752807617,0.13440123745142796,0.054783341031989945,16
197.05300903320312,1.4595699310302734,0.17525330185890198,63.16074752807617,0.13431667132959588,0.05466122550476628,16
197.28900146484375,1.459572672843933,0.1748005598783493,63.16074752807617,0.13506929881871918,0.05520052897719645,16
197.52500915527344,1.4595777988433838,0.17440780997276306,63.16074752807617,0.13490749461624463,0.054496438377203575,16
197.76100158691406,1.4595909118652344,0.1745583564043045,63.16074752807617,0.13483573905944482,0.05543851395253446,16
197.99700927734375,1.4595799446105957,0.17508375644683838,63.16074752807617,0.1344745712581058,0.055092256845460236,16
198.23300170898438,1.4595798254013062,0.17554990947246552,63.16074752807617,0.13486493722863663,0.054083099796757225,16
198.46900939941406,1.4595770835876465,0.17645016312599182,63.16074752807617,0.13444698721610815,0.05451195801510707,16
198.7050018310547,1.4595754146575928,0.17728930711746216,63.16074752807617,0.13400605132283416,0.054481829842477035,16
198.9409942626953,1.4595777988433838,0.17732061445713043,63.16074752807617,0.13415023105968593,0.054044901902341944,16
199.177001953125,1.4595756530761719,0.1768883764743805,63.16074752807617,0.13464506695152975,0.05503578348718652,16
199.41299438476562,1.4595766067504883,0.17672814428806305,63.16074752807617,0.13467082764207652,0.054956442370174594,16
199.6490020751953,1.4595719575881958,0.17636819183826447,63.16074752807617,0.13436956368984332,0.05466225087392804,16
199.88499450683594,1.459570050239563,0.17586290836334229,63.16074752807617,0.13495638005008806,0.05527202420725182,16
200.12100219726562,1.459869384765625,0.1768917292356491,63.16074752807617,0.1348255625426652,0.05438947241277521,16
200.35699462890625,1.4595751762390137,0.1755901575088501,63.16074752807617,0.13532963067945447,0.05595689102404583,16
200.59300231933594,1.4595775604248047,0.17536397278308868,63.16074752807617,0.13502028496146223,0.05511356328601741,16
200.82899475097656,1.4595739841461182,0.17500102519989014,63.16074752807617,0.1346134348328218,0.055232195251142334,16
201.06500244140625,1.459570050239563,0.17488215863704681,63.16074752807617,0.13548138143071034,0.05553599748109342,16
201.30099487304688,1.4595662355422974,0.1745550036430359,63.16074752807617,0.13568144290065234,0.05540834879781103,16
201.53700256347656,1.4595774412155151,0.17423602938652039,63.16074752807617,0.1364602017788039,0.05585709357081071,16
201.7729949951172,1.4595750570297241,0.17423789203166962,63.16074752807617,0.13596777866667528,0.05517758286095723,16
202.00900268554688,1.4595757722854614,0.1748691201210022,63.16074752807617,0.13556176492151387,0.055018759933609315,16
202.2449951171875,1.4595831632614136,0.17543737590312958,63.16074752807617,0.13608069503747158,0.05535441562706322,16
202.4810028076172,1.4595640897750854,0.1762482076883316,63.16074752807617,0.1353343582629313,0.05553812340858936,16
202.7169952392578,1.4595744609832764,0.17698785662651062,63.16074752807617,0.13511586884720447,0.0551449505084718,16
202.9530029296875,1.4595706462860107,0.17715591192245483,63.16074752807617,0.1353313103054593,0.055125785044418354,16
203.18899536132812,1.4595788717269897,0.17668417096138,63.16074752807617,0.135736969737889,0.05444140236890053,16
203.4250030517578,1.4595801830291748,0.17637899518013,63.16074752807617,0.1346032810919029,0.055107995175823044,16
203.66099548339844,1.4595704078674316,0.17601345479488373,63.16074752807617,0.1344012460403624,0.055542457633100825,16
203.89700317382812,1.4595787525177002,0.17582973837852478,63.16074752807617,0.1357516816417065,0.054702640965582444,16
204.13299560546875,1.4595694541931152,0.175401970744133,63.16074752807617,0.13547535200840866,0.055730874211925026,16
204.36900329589844,1.4595730304718018,0.17509791254997253,63.16074752807617,0.13571059794663515,0.05508347527308033,16
204.60499572753906,1.459578514099121,0.17516684532165527,63.16074752807617,0.13531408598603925,0.05591032950377773,16
204.84100341796875,1.4595800638198853,0.1746600866317749,63.16074752807617,0.1367489342810521,0.05589585210974914,16
205.07699584960938,1.4595775604248047,0.17438024282455444,63.16074752807617,0.1364290417158965,0.05564590491461338,16
205.31300354003906,1.4595799446105957,0.17416001856327057,63.16074752807617,0.13693501931029955,0.05582555993660859,16
205.5489959716797,1.4595690965652466,0.1739964336156845,63.16074752807617,0.13766025429940365,0.05585095278825095,16
205.78500366210938,1.4595712423324585,0.17395880818367004,63.16074752807617,0.1375047702579655,0.05620900730439661,16
206.02099609375,1.459578514099121,0.17426174879074097,63.16074752807617,0.1363432013457638,0.05593212395858848,16
206.2570037841797,1.4595723152160645,0.17497606575489044,63.16074752807617,0.13547958427082632,0.05533153114130878,16
206.4929962158203,1.4595727920532227,0.17588041722774506,63.16074752807617,0.13552900542985757,0.055650473653575006,16
206.72900390625,1.459568738937378,0.17641887068748474,63.16074752807617,0.13627541841927793,0.055070989604900984,16
206.96499633789062,1.4595680236816406,0.17656083405017853,63.16074752807617,0.13520581745188132,0.054579187874371944,16
207.2010040283203,1.4595705270767212,0.17637713253498077,63.16074752807617,0.13639264950947644,0.05533507479409253,16
207.43699645996094,1.4595710039138794,0.17592774331569672,63.16074752807617,0.1360620419131433,0.055186590339176014,16
207.67300415039062,1.4595698118209839,0.17554357647895813,63.16074752807617,0.1364353543865179,0.05440315464643058,16
207.90899658203125,1.459571123123169,0.17528869211673737,63.16074752807617,0.13685153525933882,0.055853824283737974,16
208.14500427246094,1.4595648050308228,0.1749071329832077,63.16074752807617,0.13572786418050833,0.05560658175356003,16
208.38099670410156,1.4595650434494019,0.17440780997276306,63.16074752807617,0.13687658525476395,0.0558146015310291,16
208.61700439453125,1.4595736265182495,0.17418013513088226,63.16074752807617,0.1371496687343219,0.056241731825307936,16
208.85299682617188,1.459564447402954,0.1739971786737442,63.16074752807617,0.13668805097118092,0.0558704146902814,16
209.08900451660156,1.4595731496810913,0.17349377274513245,63.16074752807617,0.13640680232187316,0.05585236129342225,16
209.3249969482422,1.4595651626586914,0.17308835685253143,63.16074752807617,0.13817848520049839,0.05685051591926775,16
209.56100463867188,1.4595681428909302,0.17298327386379242,63.16074752807617,0.137669731887831,0.056424095325530964,16
209.7969970703125,1.4595693349838257,0.17299407720565796,63.16074752807617,0.13776451180597804,0.05624621393281377,16
210.0330047607422,1.459571123123169,0.1733495593070984,63.16074752807617,0.13731112182955363,0.056558638260962635,16
210.2689971923828,1.4595681428909302,0.1739826500415802,63.16074752807617,0.13676524520566907,0.05587170635980592,16
210.5050048828125,1.4595719575881958,0.17488886415958405,63.16074752807617,0.1368313130551071,0.05564872349220625,16
210.74099731445312,1.459567904472351,0.17525367438793182,63.16074752807617,0.13623666613018423,0.05534363958797925,16
210.9770050048828,1.4595738649368286,0.17519517242908478,63.16074752807617,0.13617171406445894,0.05525826295618712,16
211.21299743652344,1.4595741033554077,0.17503754794597626,63.16074752807617,0.1373261514776453,0.055637383399077894,16
211.44900512695312,1.4595770835876465,0.17476925253868103,63.16074752807617,0.13634098583519272,0.056066791660411695,16
211.68499755859375,1.4595682621002197,0.17419393360614777,63.16074752807617,0.13715880543829753,0.05619826868790841,16
211.92100524902344,1.4595762491226196,0.1739964336156845,63.16074752807617,0.13698774335065136,0.05549264069027771,16
212.15699768066406,1.4595625400543213,0.17372554540634155,63.16074752807617,0.13730177374305721,0.05612065889397253,16
212.39300537109375,1.4595749378204346,0.17331938445568085,63.16074752807617,0.1376069245012269,0.05668459547708628,16
212.62899780273438,1.459578514099121,0.17291247844696045,63.16074752807617,0.13759445701847786,0.05570486513888424,16
212.86500549316406,1.459571361541748,0.1728070229291916,63.16074752807617,0.13798252322098445,0.056475825763451414,16
213.1009979248047,1.4595799446105957,0.17227864265441895,63.16074752807617,0.13827692628660698,0.056084330350535526,16
213.33700561523438,1.4595805406570435,0.17185012996196747,63.16074752807617,0.13885726856343816,0.05638643984785718,16
213.572998046875,1.4595752954483032,0.17160829901695251,63.16074752807617,0.1388312586885264,0.056354011872600314,16
213.8090057373047,1.4595839977264404,0.17178380489349365,63.16074752807617,0.13902941496316149,0.05710447683962471,16
214.0449981689453,1.4595752954483032,0.17210052907466888,63.16074752807617,0.1385903061441471,0.056713710786557105,16
214.281005859375,1.4595822095870972,0.17259052395820618,63.16074752807617,0.13818995617687072,0.056404288646803837,16
214.51699829101562,1.4595764875411987,0.17363201081752777,63.16074752807617,0.1380723926828187,0.056526301559447004,16
214.7530059814453,1.4595739841461182,0.17423230409622192,63.16074752807617,0.13693490132972075,0.05599993024160156,16
214.98899841308594,1.4595671892166138,0.17401321232318878,63.16074752807617,0.13721794225874875,0.05553897391854947,16
215.22500610351562,1.4595776796340942,0.1736975908279419,63.16074752807617,0.1371500472425102,0.05594783658804587,16
215.46099853515625,1.4595668315887451,0.17348594963550568,63.16074752807617,0.1379837692687101,0.0559317177684467,16
215.69700622558594,1.4595723152160645,0.1729985475540161,63.16074752807617,0.13723407080980657,0.05657881195007361,16
215.93299865722656,1.4595760107040405,0.1725495308637619,63.16074752807617,0.13856846281395963,0.05666034477555187,16
216.16900634765625,1.4595752954483032,0.17245079576969147,63.16074752807617,0.13849946687475906,0.056890609045222376,16
216.40499877929688,1.4595739841461182,0.1721862256526947,63.16074752807617,0.13830248513266655,0.05640827489309793,16
216.64100646972656,1.4595750570297241,0.1718188226222992,63.16074752807617,0.1378869793901278,0.05657363834904678,16
216.8769989013672,1.4595794677734375,0.17143912613391876,63.16074752807617,0.13840384386900226,0.05681381932149103,16
217.11300659179688,1.4595659971237183,0.1712431162595749,63.16074752807617,0.1393460736653411,0.056637242547675444,16
217.3489990234375,1.4595694541931152,0.17106351256370544,63.16074752807617,0.13839456046828133,0.05758619390508085,16
217.5850067138672,1.4595736265182495,0.17082913219928741,63.16074752807617,0.13922241808717925,0.05702495635049279,16
217.8209991455078,1.4595742225646973,0.17091335356235504,63.16074752807617,0.13913976962254532,0.05711075628207806,16
218.0570068359375,1.4595762491226196,0.1713884472846985,63.16074752807617,0.13878480675613178,0.05690470547042527,16
218.29299926757812,1.459572196006775,0.171885147690773,63.16074752807617,0.13843471960197823,0.056214199742758104,16
218.5290069580078,1.4595694541931152,0.17274926602840424,63.16074752807617,0.13819248922102276,0.05643480568850016,16
218.76499938964844,1.4595730304718018,0.1734401136636734,63.16074752807617,0.13807958631915362,0.05614856453048622,16
219.00100708007812,1.459568738937378,0.17327429354190826,63.16074752807617,0.13808522812553592,0.05622722164497021,16
219.23699951171875,1.4595693349838257,0.17291434109210968,63.16074752807617,0.1377504096722083,0.05614951335528919,16
219.47300720214844,1.4595690965652466,0.17264530062675476,63.16074752807617,0.13815499004707812,0.055794882590046224,16
219.70899963378906,1.4595774412155151,0.17246495187282562,63.16074752807617,0.13819688235557742,0.056184627755929514,16
219.94500732421875,1.459572196006775,0.1720207929611206,63.16074752807617,0.13869611446050625,0.05561050325285227,16
220.18099975585938,1.4595662355422974,0.1715337634086609,63.16074752807617,0.13897989948316053,0.056660495100937014,16
220.41700744628906,1.4595712423324585,0.1715240776538849,63.16074752807617,0.13896921749415567,0.05659115374524789,16
220.6529998779297,1.4595756530761719,0.1714126616716385,63.16074752807617,0.13900993731807,0.05679734812767917,16
220.88900756835938,1.4595696926116943,0.1710955649614334,63.16074752807617,0.13855016483350685,0.05642686116667282,16
221.125,1.459573745727539,0.170683816075325,63.16074752807617,0.13934525297198397,0.05700766845989441,16
221.3610076904297,1.459587812423706,0.17066220939159393,63.16074752807617,0.13903318153370992,0.057172319723675036,16
221.5970001220703,1.4595681428909302,0.17056718468666077,63.16074752807617,0.14009482525882444,0.05710716424071582,16
221.8330078125,1.4595729112625122,0.17042595148086548,63.16074752807617,0.13913274579465512,0.0576691795616919,16
222.06900024414062,1.4595715999603271,0.17108401656150818,63.16074752807617,0.1386491359210891,0.05604931026496718,16
222.3050079345703,1.4595706462860107,0.1718132346868515,63.16074752807617,0.13816144775196634,0.0562736958573728,16
222.54100036621094,1.4595757722854614,0.17254433035850525,63.16074752807617,0.13821181027096593,0.056368082892289714,16
222.77700805664062,1.459584355354309,0.172918438911438,63.16074752807617,0.13806239910359364,0.0556990072076222,16
223.01300048828125,1.4595750570297241,0.1730768084526062,63.16074752807617,0.1382672442489674,0.056232729920054667,16
223.24900817871094,1.459578037261963,0.1728263944387436,63.16074752807617,0.1379468038671115,0.055978012186040524,16
223.48500061035156,1.4595667123794556,0.17244595289230347,63.16074752807617,0.1388553470056818,0.056210893413161975,16
223.72100830078125,1.4595742225646973,0.17219331860542297,63.16074752807617,0.13907253701637456,0.056499252524146316,16
223.95700073242188,1.4595760107040405,0.17197123169898987,63.16074752807617,0.13964099547473968,0.05677492039465558,16
224.19300842285156,1.4595712423324585,0.17177186906337738,63.16074752807617,0.13902943000894574,0.05588444088111934,16
224.4290008544922,1.4595718383789062,0.1713593751192093,63.16074752807617,0.13822183782695618,0.05629252019174189,16
224.66500854492188,1.4595749378204346,0.17130722105503082,63.16074752807617,0.13839883245816356,0.05717985317381178,16
224.9010009765625,1.4595887660980225,0.17092490196228027,63.16074752807617,0.13959133528837073,0.056845851050966026,16
225.1370086669922,1.4595743417739868,0.1705399751663208,63.16074752807617,0.13947001647440455,0.05681260299796148,16
180.30099487304688,1.4604086875915527,0.2211407721042633,43.08363723754883,0.12200220423526967,0.04478349507722155,17
180.54100036621094,1.45954167842865,0.1939273327589035,43.08363723754883,0.1230304169596741,0.04721428727547904,17
180.781005859375,1.459548830986023,0.18838903307914734,43.08363723754883,0.12375797251924822,0.04797467122402019,17
181.02099609375,1.4595564603805542,0.18531785905361176,43.08363723754883,0.12482885157665209,0.0480579440405849,17
181.26100158691406,1.459550380706787,0.18338580429553986,43.08363723754883,0.12613192086992028,0.04814154633558061,17
181.50100708007812,1.4595586061477661,0.18259920179843903,43.08363723754883,0.1258821372749651,0.048572869098980086,17
181.74099731445312,1.4595568180084229,0.18201716244220734,43.08363723754883,0.12640714689536423,0.04869305986872479,17
181.9810028076172,1.4595518112182617,0.1818901002407074,43.08363723754883,0.12676164741381618,0.0482572627037552,17
182.22100830078125,1.459549069404602,0.1813967376947403,43.08363723754883,0.12766196157314694,0.04851987196468082,17
182.46099853515625,1.459543228149414,0.1804167479276657,43.08363723754883,0.12863076654350214,0.04873806033136193,17
182.7010040283203,1.4595465660095215,0.17946244776248932,43.08363723754883,0.1290029182881166,0.049202605605445725,17
182.9409942626953,1.4595550298690796,0.17900152504444122,43.08363723754883,0.12908280568280425,0.05010541593079054,17
183.18099975585938,1.4595515727996826,0.17852529883384705,43.08363723754883,0.12962363722953177,0.04979513331546598,17
183.42100524902344,1.4595552682876587,0.1780204027891159,43.08363723754883,0.13009449539296683,0.04962421679628624,17
183.66099548339844,1.4595445394515991,0.17752443253993988,43.08363723754883,0.13150199457269668,0.0503560445775323,17
183.9010009765625,1.4595407247543335,0.17708660662174225,43.08363723754883,0.13139132363419673,0.050012825656017126,17
184.14100646972656,1.4595410823822021,0.17671920359134674,43.08363723754883,0.13226602909870336,0.05066301699218108,17
184.38099670410156,1.4595465660095215,0.17622658610343933,43.08363723754883,0.13316985080054808,0.05042494923032257,17
184.62100219726562,1.4595462083816528,0.1761464774608612,43.08363723754883,0.1334625082278574,0.05153707868994463,17
184.8610076904297,1.4595545530319214,0.1760220229625702,43.08363723754883,0.13447213526239377,0.051470765376120775,17
185.1009979248047,1.4595510959625244,0.17612001299858093,43.08363723754883,0.1350554531115131,0.05129686519322931,17
185.34100341796875,1.45954167842865,0.17662976682186127,43.08363723754883,0.13495446393195673,0.0520742554955753,17
185.58099365234375,1.4595483541488647,0.17727366089820862,43.08363723754883,0.13574368747365648,0.05165098487928384,17
185.8209991455078,1.4595516920089722,0.17832818627357483,43.08363723754883,0.1351636992510807,0.05172649162325221,17
186.06100463867188,1.4595448970794678,0.17917180061340332,43.08363723754883,0.13506237048628755,0.051509572994393446,17
186.30099487304688,1.45954430103302,0.17927688360214233,43.08363723754883,0.13542289102948546,0.051212014475260435,17
186.54100036621094,1.4595496654510498,0.17895419895648956,43.08363723754883,0.13638498782190056,0.0517744205347947,17
186.781005859375,1.4595497846603394,0.1786218136548996,43.08363723754883,0.1367105109619975,0.05205998837817454,17
187.02099609375,1.459548830986023,0.17851151525974274,43.08363723754883,0.13704102116489703,0.052291145322106485,17
187.26100158691406,1.459555745124817,0.17832744121551514,43.08363723754883,0.1376800186935163,0.051696803766650305,17
187.50100708007812,1.459545612335205,0.17820186913013458,43.08363723754883,0.13832300947409154,0.05243495596596669,17
187.74099731445312,1.4595447778701782,0.1780412644147873,43.08363723754883,0.13815442369174338,0.05296772225555825,17
187.9810028076172,1.4595494270324707,0.17787879705429077,43.08363723754883,0.13937330076658885,0.053028756949917384,17
188.22100830078125,1.4595474004745483,0.17746594548225403,43.08363723754883,0.139119775505842,0.0527669618036566,17
188.46099853515625,1.459547519683838,0.17726583778858185,43.08363723754883,0.1409934248345568,0.05333908736784311,17
188.7010040283203,1.4595540761947632,0.17718945443630219,43.08363723754883,0.14070032552839462,0.05340597748185169,17
188.9409942626953,1.4595519304275513,0.1772032380104065,43.08363723754883,0.14141830298514269,0.052456441773863646,17
189.18099975585938,1.459550380706787,0.1773809790611267,43.08363723754883,0.14170445768376413,0.0535979592688277,17
189.42100524902344,1.4595444202423096,0.17789259552955627,43.08363723754883,0.14111965314924776,0.05343080593321657,17
189.66099548339844,1.4595441818237305,0.17860877513885498,43.08363723754883,0.14153849496100046,0.05325057991167741,17
189.9010009765625,1.4595506191253662,0.1794985979795456,43.08363723754883,0.1417021536716055,0.053193680136778616,17
190.14100646972656,1.4595506191253662,0.18013355135917664,43.08363723754883,0.1414341781580627,0.05260960181522247,17
190.38099670410156,1.4595524072647095,0.17993269860744476,43.08363723754883,0.1418077260979785,0.05275560909539678,17
190.62100219726562,1.459543228149414,0.1795373558998108,43.08363723754883,0.1415543441936103,0.05405788553713376,17
190.8610076904297,1.4595496654510498,0.17946693301200867,43.08363723754883,0.14210466366656638,0.05307467339057211,17
191.1009979248047,1.4595441818237305,0.17949263751506805,43.08363723754883,0.14308652657797324,0.05366767150394428,17
191.34100341796875,1.459549069404602,0.17938606441020966,43.08363723754883,0.14250582996234265,0.053977357370321784,17
191.5810089111328,1.4595439434051514,0.17910845577716827,43.08363723754883,0.14361117058804804,0.05365782294743744,17
191.8209991455078,1.4595493078231812,0.17898698151111603,43.08363723754883,0.14371095954380667,0.053593102390192694,17
192.06100463867188,1.4595532417297363,0.17883943021297455,43.08363723754883,0.14377666081523377,0.05391455646893442,17
192.30099487304688,1.4595502614974976,0.1785975992679596,43.08363723754883,0.14371947861406367,0.05349492041487191,17
192.54100036621094,1.4595435857772827,0.1781892031431198,43.08363723754883,0.1443620091080564,0.05408263271642636,17
192.781005859375,1.459530234336853,0.1779048889875412,43.08363723754883,0.1448347909140271,0.05483525223359222,17
193.02099609375,1.4595521688461304,0.17781321704387665,43.08363723754883,0.14541068296148088,0.05402202055306639,17
193.26100158691406,1.4595489501953125,0.17818845808506012,43.08363723754883,0.1446852685700229,0.053586549661691775,17
193.50100708007812,1.4595422744750977,0.1786516308784485,43.08363723754883,0.14472350541221396,0.05441134675471755,17
193.74099731445312,1.4595534801483154,0.17939500510692596,43.08363723754883,0.14426862130882506,0.053792526166571625,17
193.9810028076172,1.459550142288208,0.1803366243839264,43.08363723754883,0.14451585443805187,0.053749668738879486,17
194.22100830078125,1.459545373916626,0.18044878542423248,43.08363723754883,0.1441555851089988,0.05382821836735186,17
194.46099853515625,1.4595458507537842,0.1801559031009674,43.08363723754883,0.14386190200702673,0.05330432843328644,17
194.7010040283203,1.459545612335205,0.17988687753677368,43.08363723754883,0.14477755344752524,0.053609056469668445,17
194.9409942626953,1.459548830986023,0.17989395558834076,43.08363723754883,0.1462027779140168,0.05426045800156562,17
195.18099975585938,1.4595391750335693,0.1796237975358963,43.08363723754883,0.1455678005249271,0.054359736550994665,17
195.42100524902344,1.45954430103302,0.17933911085128784,43.08363723754883,0.14564705984854437,0.054847087427264934,17
195.66099548339844,1.459559440612793,0.1789109706878662,43.08363723754883,0.1460406873506633,0.05409506953358318,17
195.9010009765625,1.4595521688461304,0.1786266565322876,43.08363723754883,0.14573034822953967,0.05418966764067104,17
196.14100646972656,1.459553599357605,0.17838408052921295,43.08363723754883,0.14672400027175683,0.05423626908176733,17
196.38099670410156,1.4595528841018677,0.1780218929052353,43.08363723754883,0.1472635718951136,0.05467845079644124,17
196.62100219726562,1.4595450162887573,0.17771895229816437,43.08363723754883,0.14677397743009987,0.05503171963137508,17
196.8610076904297,1.4595470428466797,0.17772118747234344,43.08363723754883,0.1470211769619318,0.054012528374241676,17
197.1009979248047,1.4595454931259155,0.17755872011184692,43.08363723754883,0.14701334349674186,0.05530349288632164,17
197.34100341796875,1.4595491886138916,0.17778751254081726,43.08363723754883,0.1475598128740469,0.05496053317560068,17
197.5810089111328,1.4595484733581543,0.17833079397678375,43.08363723754883,0.14681371014756425,0.05557956952481799,17
197.8209991455078,1.4595530033111572,0.17924968898296356,43.08363723754883,0.14654853642446347,0.05425950229427594,17
198.06100463867188,1.4595403671264648,0.18010149896144867,43.08363723754883,0.14624048128648032,0.05479440021403243,17
198.30099487304688,1.4595587253570557,0.1799483597278595,43.08363723754883,0.14735669249937944,0.054303992076100205,17
198.54100036621094,1.4595465660095215,0.17953623831272125,43.08363723754883,0.14739074671944674,0.053958484186275565,17
198.781005859375,1.4595563411712646,0.17920944094657898,43.08363723754883,0.14689503311531027,0.055720298176076044,17
199.02099609375,1.459554672241211,0.17908014357089996,43.08363723754883,0.1471059504269053,0.05465202476163264,17
199.26100158691406,1.45954167842865,0.17887260019779205,43.08363723754883,0.14751826024102818,0.054872056434694706,17
199.50100708007812,1.4595531225204468,0.17846344411373138,43.08363723754883,0.14614637941391312,0.055249346460338786,17
199.74099731445312,1.4595510959625244,0.1780785322189331,43.08363723754883,0.1478439015616094,0.05457104869666837,17
199.9810028076172,1.4595446586608887,0.17779719829559326,43.08363723754883,0.14759388211376062,0.05561033906102214,17
200.22100830078125,1.4595345258712769,0.17752107977867126,43.08363723754883,0.14847665757981673,0.05510031874949652,17
200.46099853515625,1.4595521688461304,0.1771920621395111,43.08363723754883,0.14903298991306305,0.0557371494474242,17
200.7010040283203,1.4595437049865723,0.17672143876552582,43.08363723754883,0.14843678490204856,0.0562087489691059,17
200.94100952148438,1.45955491065979,0.17661896347999573,43.08363723754883,0.1481945614410807,0.05588642762395727,17
201.18099975585938,1.4595398902893066,0.17668305337429047,43.08363723754883,0.14889822879713394,0.055249192785736846,17
201.42100524902344,1.459535002708435,0.17721888422966003,43.08363723754883,0.14812380177735157,0.055940271957526065,17
201.66099548339844,1.4595468044281006,0.17776814103126526,43.08363723754883,0.14863105284366865,0.05605945435466195,17
201.9010009765625,1.459545373916626,0.17858567833900452,43.08363723754883,0.14831303815118665,0.054540946150940926,17
202.14100646972656,1.4595502614974976,0.17894041538238525,43.08363723754883,0.14818600443325444,0.05570026602666806,17
202.38099670410156,1.4595444202423096,0.17851077020168304,43.08363723754883,0.14842867400849524,0.05552616648482825,17
202.62100219726562,1.4595452547073364,0.17822161316871643,43.08363723754883,0.1489861097316216,0.05569641739936914,17
202.8610076904297,1.459534764289856,0.17802263796329498,43.08363723754883,0.14838555203531606,0.055357235051579794,17
203.1009979248047,1.4595452547073364,0.17774353921413422,43.08363723754883,0.1491633773766161,0.0554206184926237,17
203.34100341796875,1.4595494270324707,0.1773761361837387,43.08363723754883,0.14953123688237663,0.05534573549886401,17
203.5810089111328,1.4595352411270142,0.17702437937259674,43.08363723754883,0.148874448028697,0.05482796301694143,17
203.8209991455078,1.45954167842865,0.17673000693321228,43.08363723754883,0.15004478081403527,0.05589236462967146,17
204.06100463867188,1.4595482349395752,0.1763611137866974,43.08363723754883,0.14927802868259554,0.05663268542716609,17
204.30099487304688,1.459558129310608,0.1761520653963089,43.08363723754883,0.14966460863647663,0.0562924146066857,17
204.54100036621094,1.4595521688461304,0.17586030066013336,43.08363723754883,0.14986086090489356,0.05548731029413256,17
204.781005859375,1.4595524072647095,0.17547352612018585,43.08363723754883,0.15004682948172335,0.05648101803867957,17
205.02099609375,1.4595447778701782,0.1753445863723755,43.08363723754883,0.15048733955875174,0.05642341121462794,17
205.26100158691406,1.459549069404602,0.1754940152168274,43.08363723754883,0.15023718042852144,0.056978250808442175,17
205.50100708007812,1.4595513343811035,0.17574813961982727,43.08363723754883,0.14952434765978445,0.0567587190495399,17
205.74099731445312,1.459550142288208,0.1764751374721527,43.08363723754883,0.15038794205810768,0.056176653536539736,17
205.9810028076172,1.4595491886138916,0.1772218644618988,43.08363723754883,0.14970122169667036,0.05613958117908823,17
206.22100830078125,1.459549069404602,0.17728930711746216,43.08363723754883,0.14974015654276154,0.055627557958960995,17
206.46099853515625,1.4595513343811035,0.17686563730239868,43.08363723754883,0.1494239974450907,0.05660376061944233,17
206.7010040283203,1.459545612335205,0.17651723325252533,43.08363723754883,0.15046834669867742,0.05587517936616962,17
206.94100952148438,1.4595521688461304,0.17646543681621552,43.08363723754883,0.1499733428220401,0.056248517217250896,17
207.18099975585938,1.4595483541488647,0.17628508806228638,43.08363723754883,0.14966612015783243,0.05606174726037205,17
207.42100524902344,1.459546446800232,0.1760939359664917,43.08363723754883,0.15016264888987402,0.05663017733857745,17
207.66099548339844,1.459542155265808,0.175687775015831,43.08363723754883,0.1505558631969965,0.056155577510761015,17
207.9010009765625,1.4595378637313843,0.17547129094600677,43.08363723754883,0.15079899382333234,0.05540624496641002,17
208.14100646972656,1.4595388174057007,0.1751977801322937,43.08363723754883,0.15083800897174715,0.056858379574464026,17
208.38099670410156,1.4595445394515991,0.17472827434539795,43.08363723754883,0.15076635544186504,0.056600788525544954,17
208.62100219726562,1.4595330953598022,0.17439626157283783,43.08363723754883,0.15155021869998977,0.05579868432380695,17
208.8610076904297,1.4595434665679932,0.17420995235443115,43.08363723754883,0.15101637375347798,0.05659069624498519,17
209.1009979248047,1.4595484733581543,0.17416821420192719,43.08363723754883,0.15217618891929685,0.05716037742562732,17
209.34100341796875,1.4595504999160767,0.1744178682565689,43.08363723754883,0.1513440162465795,0.056354502516386414,17
209.5810089111328,1.459549903869629,0.17490117251873016,43.08363723754883,0.15089944714127443,0.05579179992766933,17
209.8209991455078,1.4595335721969604,0.17570753395557404,43.08363723754883,0.15011558899594604,0.05620815289881967,17
210.06100463867188,1.4595539569854736,0.1763353943824768,43.08363723754883,0.1510562016982281,0.05552872932918663,17
210.30099487304688,1.4595428705215454,0.1763555109500885,43.08363723754883,0.15042103423548842,0.055375797382748906,17
210.54100036621094,1.4595434665679932,0.17592476308345795,43.08363723754883,0.14981787876641528,0.055874662289561214,17
210.781005859375,1.4595445394515991,0.17561735212802887,43.08363723754883,0.15115316585076424,0.05637774865157919,17
211.02099609375,1.4595452547073364,0.17561884224414825,43.08363723754883,0.15077927615068074,0.05651872400069038,17
211.26100158691406,1.4595417976379395,0.1755223274230957,43.08363723754883,0.15078491864505467,0.05648191173658538,17
211.50100708007812,1.459537148475647,0.175221249461174,43.08363723754883,0.15100362972339273,0.05646830522209546,17
211.74099731445312,1.4595415592193604,0.17492464184761047,43.08363723754883,0.1509437974347867,0.055767304013332256,17
211.9810028076172,1.4595444202423096,0.17452481389045715,43.08363723754883,0.1511414275319392,0.05602157979777581,17
212.22100830078125,1.4595435857772827,0.17421367764472961,43.08363723754883,0.1522928000555128,0.057032433047350055,17
212.46099853515625,1.4595438241958618,0.17390738427639008,43.08363723754883,0.15205430371291873,0.05623192891965133,17
212.7010040283203,1.4595298767089844,0.17343080043792725,43.08363723754883,0.15203504135211157,0.05654966788983035,17
212.94100952148438,1.4595438241958618,0.17345501482486725,43.08363723754883,0.15298599943591698,0.05637732753005879,17
213.18099975585938,1.4595417976379395,0.17355413734912872,43.08363723754883,0.1516650639191143,0.05691140847385278,17
213.42100524902344,1.459538459777832,0.17402178049087524,43.08363723754883,0.15187623582708457,0.0566223651913794,17
213.66099548339844,1.4595392942428589,0.1746664196252823,43.08363723754883,0.15150088178494894,0.05611586012562804,17
213.9010009765625,1.4595428705215454,0.17557933926582336,43.08363723754883,0.15091073824350193,0.05655011105714876,17
214.14100646972656,1.4595415592193604,0.17603804171085358,43.08363723754883,0.15119249509096672,0.05607994293206642,17
214.38099670410156,1.4595427513122559,0.17577870190143585,43.08363723754883,0.15110750642978607,0.056677858621600484,17
214.62100219726562,1.4595482349395752,0.17543849349021912,43.08363723754883,0.1508378186878443,0.05628307097902893,17
214.8610076904297,1.4595431089401245,0.17538148164749146,43.08363723754883,0.1508032441200436,0.056404169423751566,17
215.1009979248047,1.4595417976379395,0.17514635622501373,43.08363723754883,0.152430451515031,0.056757020204088314,17
215.34100341796875,1.4598370790481567,0.17617367208003998,43.08363723754883,0.15081719495528637,0.05592073091418297,17
215.5810089111328,1.459547996520996,0.17447824776172638,43.08363723754883,0.15131899488511705,0.056724223259525995,17
215.8209991455078,1.459545373916626,0.1743217408657074,43.08363723754883,0.15162468430597179,0.05666852594007659,17
216.06100463867188,1.4595435857772827,0.17399457097053528,43.08363723754883,0.152736515969104,0.05681235458525279,17
216.30101013183594,1.459538459777832,0.17369870841503143,43.08363723754883,0.15127837589716253,0.05644936954175872,17
216.54100036621094,1.4595474004745483,0.17339986562728882,43.08363723754883,0.15257754507237242,0.05718507776231877,17
216.781005859375,1.4595388174057007,0.17318560183048248,43.08363723754883,0.15342434031991514,0.05745331310140716,17
217.02099609375,1.459547758102417,0.17305369675159454,43.08363723754883,0.15269414822363112,0.057373393905047865,17
217.26100158691406,1.4595319032669067,0.1733495593070984,43.08363723754883,0.151956912698002,0.05705979781252016,17
217.50100708007812,1.459545373916626,0.1739301085472107,43.08363723754883,0.1523605206256871,0.0574662292273046,17
217.74099731445312,1.4595494270324707,0.17449575662612915,43.08363723754883,0.15168802773075526,0.05621660202343104,17
217.9810028076172,1.4595425128936768,0.17510797083377838,43.08363723754883,0.15179925391069973,0.05530510048882987,17
218.22100830078125,1.4595407247543335,0.17538371682167053,43.08363723754883,0.15191013112747623,0.05683518791100604,17
218.46099853515625,1.459538221359253,0.17489707469940186,43.08363723754883,0.15207727514179056,0.05695709535086574,17
218.7010040283203,1.4595410823822021,0.17452071607112885,43.08363723754883,0.15043396722043995,0.05651909219267838,17
218.94100952148438,1.459533929824829,0.1743355244398117,43.08363723754883,0.15158803465970985,0.05716429012107498,17
219.18099975585938,1.4595391750335693,0.17414362728595734,43.08363723754883,0.15182461529646632,0.05682268652607494,17
219.42100524902344,1.4595372676849365,0.1739778071641922,43.08363723754883,0.15236788693274803,0.056768901901360254,17
219.66099548339844,1.459535002708435,0.17371398210525513,43.08363723754883,0.15182588623648974,0.05648385328929214,17
219.9010009765625,1.4595437049865723,0.17346805334091187,43.08363723754883,0.15184501947182344,0.05659476988351705,17
220.14100646972656,1.4595386981964111,0.17321914434432983,43.08363723754883,0.15160177769936098,0.05674756902602577,17
220.38099670410156,1.4595423936843872,0.172923281788826,43.08363723754883,0.15275877389406708,0.05730384742727208,17
220.62100219726562,1.4595378637313843,0.17267325520515442,43.08363723754883,0.1529198541132534,0.05764848172001356,17
220.8610076904297,1.459543228149414,0.17245489358901978,43.08363723754883,0.15262150950725717,0.05707999448393299,17
221.1009979248047,1.4595441818237305,0.17240943014621735,43.08363723754883,0.15311078725801147,0.057253163054834,17
221.34100341796875,1.4595441818237305,0.1725745052099228,43.08363723754883,0.15358418211084565,0.05686159871738741,17
221.5810089111328,1.4595428705215454,0.17293669283390045,43.08363723754883,0.15268689888396075,0.05598238575305488,17
221.8209991455078,1.459543228149414,0.17364877462387085,43.08363723754883,0.15244915611491994,0.05686938232188068,17
222.06100463867188,1.4595301151275635,0.17426510155200958,43.08363723754883,0.15222283537672937,0.05713711542462442,17
222.30101013183594,1.4595439434051514,0.1740843802690506,43.08363723754883,0.15133048917216005,0.0561938714056031,17
222.54100036621094,1.4595457315444946,0.17362381517887115,43.08363723754883,0.15182410222974171,0.05749107699562298,17
222.781005859375,1.45954167842865,0.1733812391757965,43.08363723754883,0.15230940774055543,0.055619398206340265,17
223.02099609375,1.4595400094985962,0.1732456088066101,43.08363723754883,0.1523235154123418,0.056909604410535976,17
223.26100158691406,1.4595381021499634,0.1730816513299942,43.08363723754883,0.15167424852486952,0.05706537753417517,17
223.50100708007812,1.4595489501953125,0.17275597155094147,43.08363723754883,0.15216895139543696,0.05738129392854714,17
223.74099731445312,1.4595428705215454,0.17253239452838898,43.08363723754883,0.15223307626215654,0.057523033153970345,17
223.9810028076172,1.4595366716384888,0.17243850231170654,43.08363723754883,0.15461474379032294,0.058244279112317,17
224.22100830078125,1.4595564603805542,0.17196117341518402,43.08363723754883,0.153394495730988,0.05667729436028902,17
224.46099853515625,1.4595531225204468,0.1722782701253891,43.08363723754883,0.1535836472237299,0.0576723180418149,17
224.7010040283203,1.4595348834991455,0.17270641028881073,43.08363723754883,0.15228537523209262,0.05728753963413179,17
224.94100952148438,1.4595434665679932,0.17319269478321075,43.08363723754883,0.15241372478963766,0.056574967769272615,17
225.18099975585938,1.4595434665679932,0.1730421483516693,43.08363723754883,0.15210710789668885,0.05722089720704914,17
180.29800415039062,1.460412859916687,0.21667487919330597,29.29686737060547,0.13772871609428913,0.04512000257596256,18
180.53500366210938,1.4595844745635986,0.19053980708122253,29.29686737060547,0.1384782974480667,0.04841233788119294,18
180.77200317382812,1.459588885307312,0.18610261380672455,29.29686737060547,0.139181122386325,0.0487483888316646,18
181.00900268554688,1.459588646888733,0.1842581182718277,29.29686737060547,0.1405283136084533,0.049649029128059956,18
181.24600219726562,1.4595979452133179,0.18315961956977844,29.29686737060547,0.1409854414873913,0.04944406817114141,18
181.48300170898438,1.459589958190918,0.18213342130184174,29.29686737060547,0.14068850727975804,0.05014536361928665,18
181.72000122070312,1.4595885276794434,0.1809704601764679,29.29686737060547,0.14209394889776836,0.04946896766944775,18
181.95700073242188,1.459590196609497,0.1794501543045044,29.29686737060547,0.14293945946770067,0.05024705272363205,18
182.19400024414062,1.4595952033996582,0.17835986614227295,29.29686737060547,0.14347569069775534,0.051271417185930646,18
182.43099975585938,1.4595860242843628,0.17755313217639923,29.29686737060547,0.14441591800292658,0.05220220353038359,18
182.66799926757812,1.4595930576324463,0.17664243280887604,29.29686737060547,0.14387144990600775,0.051682379396596936,18
182.90499877929688,1.4595965147018433,0.17603766918182373,29.29686737060547,0.14387530109179553,0.05163741374745928,18
183.14199829101562,1.4595857858657837,0.1756303906440735,29.29686737060547,0.1460735210686062,0.05159126287763945,18
183.37899780273438,1.4595860242843628,0.17507407069206238,29.29686737060547,0.1463000865016109,0.052145307369822626,18
183.61599731445312,1.4595890045166016,0.17480838298797607,29.29686737060547,0.14725998778951224,0.0517399627171821,18
183.85299682617188,1.4595836400985718,0.17460083961486816,29.29686737060547,0.1486090113053279,0.052919223853804875,18
184.08999633789062,1.459586262702942,0.17421367764472961,29.29686737060547,0.1481248730700252,0.052744575331649377,18
184.32699584960938,1.4595916271209717,0.1741998940706253,29.29686737060547,0.14866730724085087,0.052654587260292804,18
184.56399536132812,1.459596872329712,0.17471225559711456,29.29686737060547,0.15002374896568427,0.05324037956209244,18
184.80099487304688,1.4595863819122314,0.17492836713790894,29.29686737060547,0.15012809174814332,0.053153892580767345,18
185.03799438476562,1.4595789909362793,0.17561958730220795,29.29686737060547,0.15028047974799563,0.052586121009577734,18
185.27499389648438,1.4595836400985718,0.1769278645515442,29.29686737060547,0.1493116762327711,0.05305374370663279,18
185.5120086669922,1.459579586982727,0.1773243397474289,29.29686737060547,0.15018526244881325,0.052984925736544536,18
185.74900817871094,1.4595916271209717,0.1773437112569809,29.29686737060547,0.14919045648077348,0.053417717691522676,18
185.9860076904297,1.4595896005630493,0.1773873120546341,29.29686737060547,0.15170708810533565,0.05279764568222111,18
186.22300720214844,1.4595832824707031,0.17701506614685059,29.29686737060547,0.1520620659023069,0.052233719444723714,18
186.4600067138672,1.4595972299575806,0.176650270819664,29.29686737060547,0.1518710617334195,0.05370527051208815,18
186.69700622558594,1.4595876932144165,0.17679297924041748,29.29686737060547,0.1527256403434466,0.05331185672108046,18
186.9340057373047,1.4595820903778076,0.1766211986541748,29.29686737060547,0.15335780375714436,0.05313976234213088,18
187.17100524902344,1.4595928192138672,0.17620423436164856,29.29686737060547,0.1541644316078934,0.05379498343817081,18
187.4080047607422,1.4595834016799927,0.17623665928840637,29.29686737060547,0.15434102220876975,0.05334709065076491,18
187.64500427246094,1.4595829248428345,0.17598140239715576,29.29686737060547,0.15466903990724457,0.05436315217275118,18
187.8820037841797,1.4595903158187866,0.175678089261055,29.29686737060547,0.15625663366700154,0.05327033084185864,18
188.11900329589844,1.4595847129821777,0.17576640844345093,29.29686737060547,0.1557101684150425,0.05299025258219701,18
188.3560028076172,1.4595906734466553,0.1757611781358719,29.29686737060547,0.15659572067413893,0.05369833172537041,18
188.59300231933594,1.4595839977264404,0.17598028481006622,29.29686737060547,0.15728181857867937,0.053441331598987785,18
188.8300018310547,1.4595943689346313,0.17676131427288055,29.29686737060547,0.1560421402291022,0.05445103606493599,18
189.06700134277344,1.4595832824707031,0.1775374859571457,29.29686737060547,0.1566213529511027,0.05498899731526969,18
189.3040008544922,1.4595966339111328,0.1785338819026947,29.29686737060547,0.15606283233616283,0.05431838641583654,18
189.54100036621094,1.4595820903778076,0.17908833920955658,29.29686737060547,0.15691945854513076,0.05304398858596511,18
189.7779998779297,1.4595972299575806,0.1789512187242508,29.29686737060547,0.15623755113151397,0.05275424810170244,18
190.01499938964844,1.459581971168518,0.17855176329612732,29.29686737060547,0.15840217687314886,0.054393171848304625,18
190.2519989013672,1.4595853090286255,0.1782287061214447,29.29686737060547,0.1584098111948044,0.053869577474312355,18
190.48899841308594,1.4595928192138672,0.17790153622627258,29.29686737060547,0.158323647773057,0.05421533340230953,18
190.7259979248047,1.4595915079116821,0.17749202251434326,29.29686737060547,0.15870785636851006,0.054332414944972235,18
190.96299743652344,1.4595882892608643,0.1774834543466568,29.29686737060547,0.15928053000886527,0.05393809657795345,18
191.1999969482422,1.4595863819122314,0.17724497616291046,29.29686737060547,0.15942580628336245,0.0545036792394331,18
191.43699645996094,1.4595887660980225,0.17675645649433136,29.29686737060547,0.16042328029076286,0.0543226000263503,18
191.6739959716797,1.4595822095870972,0.1764773726463318,29.29686737060547,0.16094554056678506,0.055192670315805756,18
191.91099548339844,1.4595794677734375,0.17606040835380554,29.29686737060547,0.1617785581274277,0.0552226138830442,18
192.1479949951172,1.4595847129821777,0.175788015127182,29.29686737060547,0.16140380548421063,0.05545209124556788,18
192.38499450683594,1.4595845937728882,0.17615951597690582,29.29686737060547,0.1611251719245031,0.055869275794242015,18
192.6219940185547,1.459583044052124,0.17637601494789124,29.29686737060547,0.16201205100546973,0.05489153837494302,18
192.8590087890625,1.4595892429351807,0.17662306129932404,29.29686737060547,0.16167012551835874,0.05522765598960003,18
193.09600830078125,1.4595879316329956,0.17766156792640686,29.29686737060547,0.1606082990150122,0.0551377541943829,18
193.3330078125,1.4595847129821777,0.17847277224063873,29.29686737060547,0.16161997136131764,0.05461162249891038,18
193.57000732421875,1.4595918655395508,0.17853984236717224,29.29686737060547,0.16043552193218744,0.05398242159210891,18
193.8070068359375,1.459586262702942,0.1783587485551834,29.29686737060547,0.1607472514630137,0.05501774146615155,18
194.04400634765625,1.4595881700515747,0.17812660336494446,29.29686737060547,0.16036884470816196,0.05513982610165769,18
194.281005859375,1.45958411693573,0.17760641872882843,29.29686737060547,0.16086493148220993,0.055125820781214065,18
194.51800537109375,1.4595807790756226,0.1772695630788803,29.29686737060547,0.16201099412225684,0.05501338167121501,18
194.7550048828125,1.4595811367034912,0.17703816294670105,29.29686737060547,0.16255253523029872,0.055003955134821515,18
194.99200439453125,1.4595825672149658,0.17676353454589844,29.29686737060547,0.16220643361289758,0.055310916679362186,18
195.22900390625,1.4595792293548584,0.17663870751857758,29.29686737060547,0.16265808509916438,0.05538955780016503,18
195.46600341796875,1.4595869779586792,0.17623479664325714,29.29686737060547,0.1628016260699444,0.055335333106357534,18
195.7030029296875,1.4595868587493896,0.17577311396598816,29.29686737060547,0.16361287970029517,0.05599221956419821,18
195.94000244140625,1.4595969915390015,0.17556071281433105,29.29686737060547,0.16294046587498567,0.05508734054684054,18
196.177001953125,1.459590196609497,0.1753300577402115,29.29686737060547,0.16416105457473246,0.055551271888743224,18
196.41400146484375,1.4595940113067627,0.17521975934505463,29.29686737060547,0.16474098224015454,0.054541503168810235,18
196.6510009765625,1.4595826864242554,0.17559462785720825,29.29686737060547,0.16489755933247907,0.05606368202967464,18
196.88800048828125,1.4595856666564941,0.17584949731826782,29.29686737060547,0.1640238467891802,0.055928619058881454,18
197.125,1.4595950841903687,0.17656977474689484,29.29686737060547,0.16313332502841385,0.05520468546761231,18
197.36199951171875,1.4595879316329956,0.17729677259922028,29.29686737060547,0.16332051290762578,0.055531236318883244,18
197.5989990234375,1.4595954418182373,0.17755983769893646,29.29686737060547,0.1632090812688251,0.05631718636523581,18
197.83599853515625,1.4595909118652344,0.17709405720233917,29.29686737060547,0.16413800214715188,0.05563549210421941,18
198.072998046875,1.4595856666564941,0.17686787247657776,29.29686737060547,0.1639882621354494,0.056666766664936176,18
198.30999755859375,1.4595866203308105,0.17659549415111542,29.29686737060547,0.16490509510491047,0.055064351598618874,18
198.5469970703125,1.4595983028411865,0.1761188954114914,29.29686737060547,0.16459205248549835,0.055127832503708306,18
198.78399658203125,1.4595872163772583,0.17585210502147675,29.29686737060547,0.16445608736288275,0.05556261102086986,18
199.02099609375,1.4595907926559448,0.1758476346731186,29.29686737060547,0.1645208963878676,0.05568204629386001,18
199.25799560546875,1.4595845937728882,0.17538706958293915,29.29686737060547,0.16543050359213787,0.05597758864217948,18
199.4949951171875,1.4595918655395508,0.17516610026359558,29.29686737060547,0.16594750074840467,0.05559201914958336,18
199.73199462890625,1.4595978260040283,0.1750274896621704,29.29686737060547,0.16467513856040175,0.05590588274272228,18
199.96900939941406,1.4595882892608643,0.1745591014623642,29.29686737060547,0.16423381217037789,0.05670263970894253,18
200.2060089111328,1.4595959186553955,0.17435303330421448,29.29686737060547,0.16577844716064835,0.05683905282938968,18
200.44300842285156,1.4595884084701538,0.17461872100830078,29.29686737060547,0.16658219867610413,0.05604310395909024,18
200.6800079345703,1.4595940113067627,0.17458629608154297,29.29686737060547,0.16617903166031917,0.05654702283957662,18
200.91700744628906,1.4595916271209717,0.1752648502588272,29.29686737060547,0.16686917891278316,0.05654212311170896,18
201.1540069580078,1.4595903158187866,0.17633651196956635,29.29686737060547,0.16450793332975389,0.05615200603574278,18
201.39100646972656,1.459593415260315,0.1768488734960556,29.29686737060547,0.1643876423384947,0.056350105248910265,18
201.6280059814453,1.4595873355865479,0.1769312173128128,29.29686737060547,0.16496045395763795,0.055782666182365895,18
201.86500549316406,1.4595839977264404,0.17695172131061554,29.29686737060547,0.16476644322607092,0.055743129478275796,18
202.1020050048828,1.4596017599105835,0.17656269669532776,29.29686737060547,0.16531679794657023,0.05473680967623269,18
202.33900451660156,1.4595868587493896,0.176244854927063,29.29686737060547,0.16554307507855287,0.05572154497147794,18
202.5760040283203,1.4595857858657837,0.1760939359664917,29.29686737060547,0.1651507053704753,0.05623084986617509,18
202.81300354003906,1.4595911502838135,0.17554618418216705,29.29686737060547,0.16515992035338142,0.056171981195578355,18
203.0500030517578,1.4595903158187866,0.17536360025405884,29.29686737060547,0.16541079099081202,0.056223174048989244,18
203.28700256347656,1.4595756530761719,0.1751653552055359,29.29686737060547,0.16688245992826314,0.05604689625832019,18
203.5240020751953,1.459578514099121,0.17487172782421112,29.29686737060547,0.16551677680851354,0.05662244264059838,18
203.76100158691406,1.4595764875411987,0.1745341271162033,29.29686737060547,0.16642827768050056,0.05676880974434784,18
203.9980010986328,1.4595844745635986,0.17446893453598022,29.29686737060547,0.1679105515663883,0.05593381680661674,18
204.23500061035156,1.4595835208892822,0.17418313026428223,29.29686737060547,0.16613981572671666,0.05658374211415759,18
204.4720001220703,1.4595887660980225,0.1740318387746811,29.29686737060547,0.16745457449993345,0.0568554008380638,18
204.70899963378906,1.4595788717269897,0.17455239593982697,29.29686737060547,0.16656601590418588,0.05631725782469051,18
204.9459991455078,1.4595779180526733,0.17504313588142395,29.29686737060547,0.16600039215207585,0.05584941045498581,18
205.18299865722656,1.4595822095870972,0.17592699825763702,29.29686737060547,0.16625463513616695,0.055864495315564255,18
205.4199981689453,1.4595791101455688,0.1766025722026825,29.29686737060547,0.16663687847744424,0.05500990022781757,18
205.65699768066406,1.4595749378204346,0.17646469175815582,29.29686737060547,0.16611827019333766,0.05663190254861155,18
205.8939971923828,1.4595947265625,0.17611853778362274,29.29686737060547,0.16544848759866007,0.05624575603948874,18
206.13099670410156,1.4595900774002075,0.17602872848510742,29.29686737060547,0.16623822616535044,0.05528833430128721,18
206.3679962158203,1.4595857858657837,0.17555102705955505,29.29686737060547,0.1657739877581437,0.05652564436200827,18
206.60499572753906,1.4595867395401,0.17521417140960693,29.29686737060547,0.1668120955676278,0.05666915542129891,18
206.8419952392578,1.4595844745635986,0.17518697679042816,29.29686737060547,0.167128997949094,0.056964725507976766,18
207.07899475097656,1.4595859050750732,0.17486688494682312,29.29686737060547,0.1665044970993586,0.05619282718769327,18
207.31600952148438,1.4595839977264404,0.1743500530719757,29.29686737060547,0.1673809198456529,0.056050130392853954,18
207.55300903320312,1.45958411693573,0.1741965413093567,29.29686737060547,0.1669744404755029,0.05600831166533791,18
207.79000854492188,1.459582805633545,0.17391930520534515,29.29686737060547,0.16758150363253804,0.05759003232856405,18
208.02700805664062,1.4595893621444702,0.1734408587217331,29.29686737060547,0.16796174340724285,0.05700540262799913,18
208.26400756835938,1.4595856666564941,0.1734006106853485,29.29686737060547,0.16799823490368007,0.05670415293941193,18
208.50100708007812,1.4595876932144165,0.17346060276031494,29.29686737060547,0.16723071707965753,0.05756749790490045,18
208.73800659179688,1.4595879316329956,0.17364728450775146,29.29686737060547,0.16743267735198136,0.05676374554250967,18
208.97500610351562,1.459592342376709,0.1741708219051361,29.29686737060547,0.1678911729316069,0.05609813465070688,18
209.21200561523438,1.4595893621444702,0.17509977519512177,29.29686737060547,0.166717472978964,0.05604322554144429,18
209.44900512695312,1.45958411693573,0.17542731761932373,29.29686737060547,0.16792391340589022,0.0559870654281772,18
209.68600463867188,1.4595810174942017,0.17545562982559204,29.29686737060547,0.1671697314445684,0.056293968841557684,18
209.92300415039062,1.4595876932144165,0.1751210242509842,29.29686737060547,0.16733876168124062,0.056044155172447645,18
210.16000366210938,1.4595872163772583,0.1746503859758377,29.29686737060547,0.1669543222616492,0.05616098606587371,18
210.39700317382812,1.4595867395401,0.17448271811008453,29.29686737060547,0.16737907308369818,0.05590457864113571,18
210.63400268554688,1.4595903158187866,0.1741626262664795,29.29686737060547,0.166567130533787,0.05768175029357059,18
210.87100219726562,1.4595922231674194,0.17373262345790863,29.29686737060547,0.1681257749633461,0.05643020436360872,18
211.10800170898438,1.4595900774002075,0.17355674505233765,29.29686737060547,0.16773170654204977,0.05714136559496101,18
211.34500122070312,1.459591031074524,0.17321020364761353,29.29686737060547,0.1684428114422528,0.05715188059598322,18
211.58200073242188,1.4595834016799927,0.17277124524116516,29.29686737060547,0.1685111493912315,0.05746107006586242,18
211.81900024414062,1.4595892429351807,0.1725107878446579,29.29686737060547,0.16930926506438254,0.05777495049579423,18
212.05599975585938,1.4595915079116821,0.1723855882883072,29.29686737060547,0.16913819819206957,0.058193448648060114,18
212.29299926757812,1.4595800638198853,0.17214711010456085,29.29686737060547,0.16911065313340187,0.05777244314502373,18
212.52999877929688,1.4595863819122314,0.17235055565834045,29.29686737060547,0.16762323935093273,0.05682632331245514,18
212.76699829101562,1.4595868587493896,0.1727369725704193,29.29686737060547,0.16835490289466887,0.056554666176093456,18
213.00399780273438,1.4595906734466553,0.17316697537899017,29.29686737060547,0.16847799200378544,0.05646962880019528,18
213.24099731445312,1.4595929384231567,0.17396551370620728,29.29686737060547,0.16713725913051034,0.05607210290489451,18
213.47799682617188,1.459591031074524,0.17446184158325195,29.29686737060547,0.1681089178158744,0.0559118113713446,18
213.71499633789062,1.4595980644226074,0.17430981993675232,29.29686737060547,0.16701302527934234,0.05758804285134095,18
213.95199584960938,1.459596037864685,0.174015074968338,29.29686737060547,0.16810362958233216,0.05648478652913891,18
214.18899536132812,1.4595866203308105,0.17378181219100952,29.29686737060547,0.16816309285594877,0.05604498097026166,18
214.42601013183594,1.4595956802368164,0.17328248918056488,29.29686737060547,0.16907932646189158,0.056567282840662855,18
214.6630096435547,1.4595940113067627,0.1730395406484604,29.29686737060547,0.1674955522089235,0.056755254461109204,18
214.90000915527344,1.4595948457717896,0.1728055328130722,29.29686737060547,0.16815086963902448,0.05711233555461692,18
215.1370086669922,1.4595835208892822,0.1724042147397995,29.29686737060547,0.16895884959864227,0.057158401352464264,18
215.37400817871094,1.4595820903778076,0.1722644865512848,29.29686737060547,0.16908222585773497,0.058103507681333516,18
215.6110076904297,1.4595855474472046,0.1717688888311386,29.29686737060547,0.16914385607592122,0.05794420827598408,18
215.84800720214844,1.4595810174942017,0.17125505208969116,29.29686737060547,0.17016908082656085,0.057513070232408425,18
216.0850067138672,1.4595849514007568,0.17103520035743713,29.29686737060547,0.1693428279561912,0.05747411352564646,18
216.32200622558594,1.459585189819336,0.1710299849510193,29.29686737060547,0.16963216842628842,0.05796942839476601,18
216.5590057373047,1.4595931768417358,0.17093980312347412,29.29686737060547,0.17082416860194868,0.05722530627895807,18
216.79600524902344,1.459587574005127,0.17147600650787354,29.29686737060547,0.16902047789652738,0.057081869617908114,18
217.0330047607422,1.4595866203308105,0.17233118414878845,29.29686737060547,0.17006963013151652,0.058069819681326344,18
217.27000427246094,1.4595834016799927,0.17285695672035217,29.29686737060547,0.16836375585779031,0.05701148557255252,18
217.5070037841797,1.4595798254013062,0.17308425903320312,29.29686737060547,0.167736473228736,0.056468877630470836,18
217.74400329589844,1.459580659866333,0.17304959893226624,29.29686737060547,0.16745503163994396,0.05666702725223149,18
217.9810028076172,1.459581971168518,0.17276901006698608,29.29686737060547,0.1684517834867141,0.05636986952606393,18
218.21800231933594,1.4595855474472046,0.17254246771335602,29.29686737060547,0.16894041313926167,0.05687441104627713,18
218.4550018310547,1.45957612991333,0.17232745885849,29.29686737060547,0.16956264277201466,0.05878169923059733,18
218.69200134277344,1.4595797061920166,0.17182515561580658,29.29686737060547,0.16967137595509255,0.05691293469512704,18
218.9290008544922,1.459587574005127,0.17167983949184418,29.29686737060547,0.16960416776995788,0.05754472858787606,18
219.16600036621094,1.4595823287963867,0.1716984659433365,29.29686737060547,0.1696554175286045,0.05774952516292372,18
219.4029998779297,1.459585428237915,0.17112983763217926,29.29686737060547,0.16985472998029716,0.05866712860243487,18
219.63999938964844,1.459581732749939,0.17099905014038086,29.29686737060547,0.16913964549539223,0.05842770751887544,18
219.8769989013672,1.4595850706100464,0.17092862725257874,29.29686737060547,0.16973767793971864,0.05873580047837816,18
220.11399841308594,1.4595848321914673,0.1705399751663208,29.29686737060547,0.17026091988760977,0.057955633958192164,18
220.3509979248047,1.4595980644226074,0.1703760325908661,29.29686737060547,0.16992598596278813,0.05808415679704581,18
220.58799743652344,1.4595805406570435,0.17079709470272064,29.29686737060547,0.16999242831430655,0.05881494569062826,18
220.8249969482422,1.4595850706100464,0.1710769385099411,29.29686737060547,0.16905723685487983,0.057065030773269784,18
221.06199645996094,1.459581971168518,0.1716436892747879,29.29686737060547,0.16988428919152931,0.05759731753433975,18
221.2989959716797,1.4595855474472046,0.17257413268089294,29.29686737060547,0.16956336761146934,0.0567765737115456,18
221.53599548339844,1.4595913887023926,0.17279286682605743,29.29686737060547,0.16982964282532628,0.05708621444303039,18
221.77301025390625,1.4596003293991089,0.17260991036891937,29.29686737060547,0.1688509564593522,0.05685872746950802,18
222.010009765625,1.4595800638198853,0.17243589460849762,29.29686737060547,0.16871116370627262,0.057371065389662364,18
222.24700927734375,1.4595911502838135,0.17207184433937073,29.29686737060547,0.16875651600774916,0.057755741698568355,18
222.4840087890625,1.4595870971679688,0.17173312604427338,29.29686737060547,0.169964656432377,0.05733499373760181,18
222.72100830078125,1.4595954418182373,0.1716872900724411,29.29686737060547,0.16919155264342642,0.05833535429331976,18
222.9580078125,1.4595845937728882,0.17130982875823975,29.29686737060547,0.16903684792846385,0.05702866630974288,18
223.19500732421875,1.4595919847488403,0.17092080414295197,29.29686737060547,0.1689455395630026,0.05782406728427397,18
223.4320068359375,1.4595867395401,0.17087422311306,29.29686737060547,0.16967033520295866,0.0571321221640523,18
223.66900634765625,1.4595927000045776,0.1706085503101349,29.29686737060547,0.1700958192731627,0.057957992592313136,18
223.906005859375,1.4595898389816284,0.17030373215675354,29.29686737060547,0.16944215597648796,0.05853152865155029,18
224.14300537109375,1.4595946073532104,0.17036820948123932,29.29686737060547,0.17045738622403162,0.05882455150668266,18
224.3800048828125,1.4595911502838135,0.17017816007137299,29.29686737060547,0.17151382959152703,0.05812366549824528,18
224.61700439453125,1.4595929384231567,0.1702008992433548,29.29686737060547,0.17121181765635524,0.057383680167983155,18
224.85400390625,1.459594964981079,0.17074157297611237,29.29686737060547,0.16992337932181156,0.05712086228764336,18
180.29400634765625,1.4604412317276,0.21841280162334442,20.03204917907715,0.15071094776203076,0.041991593091582874,19
180.52700805664062,1.4595710039138794,0.19324952363967896,20.03204917907715,0.1516834436496351,0.04483275658693152,19
180.75999450683594,1.4595756530761719,0.18906831741333008,20.03204917907715,0.15384945099796446,0.046160316904224466,19
180.9929962158203,1.4595707654953003,0.18681283295154572,20.03204917907715,0.1548380049699243,0.046025016548065414,19
181.2259979248047,1.4595718383789062,0.18441611528396606,20.03204917907715,0.15522282418117592,0.047519058482499384,19
181.45899963378906,1.4595698118209839,0.18255746364593506,20.03204917907715,0.15633128207761857,0.04803338496060132,19
181.69200134277344,1.459570288658142,0.1808009147644043,20.03204917907715,0.15779152802197122,0.04805246610135917,19
181.9250030517578,1.4595634937286377,0.1793830841779709,20.03204917907715,0.15787246830668444,0.048644703854791416,19
182.1580047607422,1.4595706462860107,0.1781415045261383,20.03204917907715,0.1594945569373083,0.049602659079229644,19
182.39100646972656,1.459571123123169,0.1772565245628357,20.03204917907715,0.15975606430165107,0.04922717510798652,19
182.62400817871094,1.4595671892166138,0.17631155252456665,20.03204917907715,0.16090016958655165,0.049740997262961634,19
182.85699462890625,1.4595730304718018,0.17590315639972687,20.03204917907715,0.1615005634925171,0.0492978778967216,19
183.08999633789062,1.4595686197280884,0.17507444322109222,20.03204917907715,0.16212962072049897,0.050128176338089164,19
183.322998046875,1.4595744609832764,0.17450134456157684,20.03204917907715,0.162373106823583,0.049483951057605204,19
183.55599975585938,1.459572672843933,0.1738034188747406,20.03204917907715,0.16385233050010894,0.05126794671716506,19
183.78900146484375,1.4595766067504883,0.17376317083835602,20.03204917907715,0.16423630651532353,0.05217368655304273,19
184.02200317382812,1.4595680236816406,0.17358282208442688,20.03204917907715,0.16441937191332404,0.05078890659871276,19
184.2550048828125,1.4595657587051392,0.17437726259231567,20.03204917907715,0.16592872293388006,0.05011558436467468,19
184.48800659179688,1.4595746994018555,0.174930602312088,20.03204917907715,0.1650234776097332,0.051791374719947395,19
184.72100830078125,1.4595757722854614,0.17621131241321564,20.03204917907715,0.16584886636089158,0.05001262166131738,19
184.95399475097656,1.4595705270767212,0.17670652270317078,20.03204917907715,0.16539599378851952,0.050922274938750484,19
185.18699645996094,1.4595715999603271,0.1769900918006897,20.03204917907715,0.16711580337582677,0.05075729489126497,19
185.4199981689453,1.4595741033554077,0.17654891312122345,20.03204917907715,0.1666011592308824,0.05025709495894821,19
185.6529998779297,1.4595701694488525,0.17650307714939117,20.03204917907715,0.16712144885908153,0.05011207529301208,19
185.88600158691406,1.4595725536346436,0.17598065733909607,20.03204917907715,0.16810535802936835,0.05049658069864065,19
186.11900329589844,1.4595798254013062,0.17592960596084595,20.03204917907715,0.16949380547835216,0.051410242935207254,19
186.3520050048828,1.4595710039138794,0.17557524144649506,20.03204917907715,0.16952075727205745,0.05127959980302997,19
186.5850067138672,1.4595781564712524,0.17556369304656982,20.03204917907715,0.16944501892270414,0.05099048998557714,19
186.81800842285156,1.4595624208450317,0.17531441152095795,20.03204917907715,0.17105845256869193,0.052232177419708974,19
187.05099487304688,1.4595750570297241,0.17522460222244263,20.03204917907715,0.17021091600222996,0.05148870328270887,19
187.28399658203125,1.4595754146575928,0.17474205791950226,20.03204917907715,0.17207627945279513,0.0512531725218722,19
187.51699829101562,1.4595814943313599,0.1745743751525879,20.03204917907715,0.17236870445081784,0.05190972372855921,19
187.75,1.4595633745193481,0.17429378628730774,20.03204917907715,0.17264015921845044,0.05247715224389798,19
187.98300170898438,1.4595743417739868,0.17462468147277832,20.03204917907715,0.17304497136513877,0.0529622512139409,19
188.21600341796875,1.4595727920532227,0.17485272884368896,20.03204917907715,0.17218120163616224,0.052297645206018234,19
188.44900512695312,1.459572434425354,0.1758405566215515,20.03204917907715,0.1737302596318746,0.051065669923917374,19
188.6820068359375,1.4595707654953003,0.17660927772521973,20.03204917907715,0.1730606408256549,0.05219205259579367,19
188.91500854492188,1.4595715999603271,0.17761200666427612,20.03204917907715,0.17280772376420775,0.05095607237376941,19
189.1479949951172,1.4595719575881958,0.17751958966255188,20.03204917907715,0.17234703218515324,0.051467650803316306,19
189.38099670410156,1.4595794677734375,0.17741861939430237,20.03204917907715,0.17344090470156234,0.05051976742353805,19
189.61399841308594,1.4595682621002197,0.17698152363300323,20.03204917907715,0.17468687629439728,0.0514835972386002,19
189.8470001220703,1.4595725536346436,0.17679744958877563,20.03204917907715,0.17360620586966385,0.050230507898161456,19
190.0800018310547,1.4595730304718018,0.17656679451465607,20.03204917907715,0.17389321190355375,0.0521317950415871,19
190.31300354003906,1.4595712423324585,0.17655599117279053,20.03204917907715,0.17466181878945014,0.050648685662339696,19
190.54600524902344,1.4595649242401123,0.17625565826892853,20.03204917907715,0.1758375793037598,0.051783001965740136,19
190.7790069580078,1.4595680236816406,0.17617256939411163,20.03204917907715,0.17610283117161038,0.05185724997597857,19
191.0120086669922,1.4595648050308228,0.17579211294651031,20.03204917907715,0.17554600074178425,0.051460662001242836,19
191.2449951171875,1.459559679031372,0.1757049262523651,20.03204917907715,0.17693826278546365,0.05183299948243106,19
191.47799682617188,1.4595712423324585,0.17544929683208466,20.03204917907715,0.17743457514219732,0.05220343024572628,19
191.71099853515625,1.459578275680542,0.17542843520641327,20.03204917907715,0.1776635582370395,0.052401386919814885,19
191.94400024414062,1.4595811367034912,0.17539265751838684,20.03204917907715,0.17710506018003985,0.05136031025439919,19
192.177001953125,1.4595824480056763,0.17570678889751434,20.03204917907715,0.17860743986256675,0.052193459073618026,19
192.41000366210938,1.4595773220062256,0.17633278667926788,20.03204917907715,0.17777601711479127,0.052409827960830074,19
192.64300537109375,1.4595757722854614,0.1773276925086975,20.03204917907715,0.17716521676902924,0.05141830673200676,19
192.87600708007812,1.4595674276351929,0.17827899754047394,20.03204917907715,0.17656237079063,0.051207768262540025,19
193.1090087890625,1.4595746994018555,0.17845748364925385,20.03204917907715,0.17601627979544274,0.0508787609323109,19
193.3419952392578,1.4595731496810913,0.17830397188663483,20.03204917907715,0.17667352479725248,0.05084500784474612,19
193.5749969482422,1.4595699310302734,0.17809492349624634,20.03204917907715,0.17665098944169363,0.05192479109685371,19
193.80799865722656,1.4595650434494019,0.1777830421924591,20.03204917907715,0.17714825123399203,0.05055132587585162,19
194.04100036621094,1.4595673084259033,0.1773187518119812,20.03204917907715,0.17913063704796228,0.052624284222466816,19
194.2740020751953,1.4595741033554077,0.17724758386611938,20.03204917907715,0.17871491241898174,0.05213827792963256,19
194.5070037841797,1.4595682621002197,0.17699456214904785,20.03204917907715,0.17835921112325956,0.05272119322911411,19
194.74000549316406,1.459571123123169,0.17686377465724945,20.03204917907715,0.179604674223234,0.052467655744320676,19
194.97300720214844,1.459566354751587,0.17638495564460754,20.03204917907715,0.17873161297680507,0.05254638674323502,19
195.2060089111328,1.459572672843933,0.17616063356399536,20.03204917907715,0.17932396381989404,0.05323349281518169,19
195.43899536132812,1.4595725536346436,0.1757500022649765,20.03204917907715,0.17876167968010812,0.051667137231927784,19
195.6719970703125,1.4595730304718018,0.17558306455612183,20.03204917907715,0.1806707071219502,0.051553937819873,19
195.90499877929688,1.459572196006775,0.17537589371204376,20.03204917907715,0.18062162540440843,0.052890965776525745,19
196.13800048828125,1.4595699310302734,0.17573323845863342,20.03204917907715,0.18094117952277788,0.051012573274523944,19
196.37100219726562,1.459567666053772,0.17615094780921936,20.03204917907715,0.17956790281471324,0.052993655895965025,19
196.60400390625,1.4595685005187988,0.1771887093782425,20.03204917907715,0.17980115339983907,0.05266971110692162,19
196.83700561523438,1.4595600366592407,0.17777521908283234,20.03204917907715,0.17926755890245114,0.05144949518116042,19
197.07000732421875,1.4595640897750854,0.17824062705039978,20.03204917907715,0.17983947122960703,0.05103214111306438,19
197.30300903320312,1.4595634937286377,0.17798611521720886,20.03204917907715,0.17940271340546107,0.051864209232901304,19
197.53599548339844,1.4595625400543213,0.177851602435112,20.03204917907715,0.1794077974697098,0.05226447106950679,19
197.7689971923828,1.4595835208892822,0.17733663320541382,20.03204917907715,0.18040597186478483,0.05283791560556282,19
198.0019989013672,1.4595714807510376,0.17715851962566376,20.03204917907715,0.1808476585825308,0.05220223725716049,19
198.23500061035156,1.4595755338668823,0.1767825484275818,20.03204917907715,0.18022885181768014,0.05210948948990221,19
198.46800231933594,1.459561824798584,0.1766495257616043,20.03204917907715,0.18055342626985785,0.05178249921648813,19
198.7010040283203,1.4595661163330078,0.17618151009082794,20.03204917907715,0.1807587904934999,0.05271903341826883,19
198.9340057373047,1.459572196006775,0.17614945769309998,20.03204917907715,0.1806516591118164,0.05241639410165407,19
199.16700744628906,1.4595775604248047,0.17573212087154388,20.03204917907715,0.18226274671440224,0.05266207006961974,19
199.40000915527344,1.4595749378204346,0.17567510902881622,20.03204917907715,0.1808608434268123,0.05290454581341827,19
199.63299560546875,1.4595640897750854,0.17517392337322235,20.03204917907715,0.1817402474767302,0.05409277739497739,19
199.86599731445312,1.4595743417739868,0.17518623173236847,20.03204917907715,0.18268748031641485,0.05276879261827385,19
200.0989990234375,1.459568738937378,0.17509381473064423,20.03204917907715,0.18123673791501446,0.05366226201530083,19
200.33200073242188,1.4595810174942017,0.1757306307554245,20.03204917907715,0.18150514247986663,0.05307246128639277,19
200.56500244140625,1.459566593170166,0.17627912759780884,20.03204917907715,0.18168759773722595,0.05254317874735185,19
200.79800415039062,1.4595794677734375,0.1772065907716751,20.03204917907715,0.18047801951472484,0.05167799058125397,19
201.031005859375,1.4595754146575928,0.17733626067638397,20.03204917907715,0.18072767920787483,0.0512498948208257,19
201.26400756835938,1.4595743417739868,0.1770758032798767,20.03204917907715,0.18062616469640325,0.052332958817374556,19
201.49700927734375,1.4595683813095093,0.17671994864940643,20.03204917907715,0.18087236684706384,0.05257131107383061,19
201.72999572753906,1.4595755338668823,0.1765015870332718,20.03204917907715,0.18219212765370682,0.052726039007846254,19
201.96299743652344,1.459572434425354,0.17598065733909607,20.03204917907715,0.18234772510097844,0.05374248416452248,19
202.1959991455078,1.4595818519592285,0.17581073939800262,20.03204917907715,0.18213717228162896,0.05211963143107111,19
202.4290008544922,1.4595762491226196,0.17547576129436493,20.03204917907715,0.1820540071033498,0.052996439354328344,19
202.66200256347656,1.4595695734024048,0.1753513067960739,20.03204917907715,0.18209614324408196,0.05237567207219437,19
202.89500427246094,1.4595723152160645,0.17496563494205475,20.03204917907715,0.18454207774689443,0.05240872380753515,19
203.1280059814453,1.4595681428909302,0.17465263605117798,20.03204917907715,0.18367304193524672,0.053576411115130305,19
203.3610076904297,1.4595859050750732,0.17418983578681946,20.03204917907715,0.18356949009042484,0.05432645100413101,19
203.59400939941406,1.459571361541748,0.17410598695278168,20.03204917907715,0.18442953117177818,0.05363094341259811,19
203.82699584960938,1.459579348564148,0.17388203740119934,20.03204917907715,0.18439855325334925,0.05352308146275159,19
204.05999755859375,1.459572434425354,0.17394688725471497,20.03204917907715,0.1831751807528638,0.054642606146173285,19
204.29299926757812,1.4595764875411987,0.174329936504364,20.03204917907715,0.18327493643110893,0.05409925756048664,19
204.5260009765625,1.459578514099121,0.1748553365468979,20.03204917907715,0.18426137783326307,0.05265433462499592,19
204.75900268554688,1.459573745727539,0.17564044892787933,20.03204917907715,0.1829487822970429,0.05333683477363434,19
204.99200439453125,1.459572196006775,0.1761617511510849,20.03204917907715,0.182735226472802,0.05152339362016745,19
205.22500610351562,1.459568738937378,0.17597618699073792,20.03204917907715,0.18239359740525815,0.05323697932124083,19
205.4580078125,1.459566354751587,0.17575260996818542,20.03204917907715,0.18189059773597738,0.052747530110583925,19
205.69100952148438,1.4595658779144287,0.17529018223285675,20.03204917907715,0.18227795311129938,0.051770376870847866,19
205.9239959716797,1.4595701694488525,0.17497941851615906,20.03204917907715,0.18313407445277766,0.05377747199475424,19
206.15699768066406,1.4595662355422974,0.17465075850486755,20.03204917907715,0.18375416601381653,0.05506520756137858,19
206.38999938964844,1.4595674276351929,0.17439179122447968,20.03204917907715,0.1831734273848076,0.05322536529648854,19
206.6230010986328,1.4595754146575928,0.1740512102842331,20.03204917907715,0.18407064985679772,0.053597438283368895,19
206.8560028076172,1.459566593170166,0.173599973320961,20.03204917907715,0.18504168897422602,0.05258807908632848,19
207.08900451660156,1.459572434425354,0.17347028851509094,20.03204917907715,0.18449618334702064,0.0545796044014627,19
207.32200622558594,1.4595692157745361,0.17301718890666962,20.03204917907715,0.18428791092329688,0.05527308235162898,19
207.5550079345703,1.4595696926116943,0.17265500128269196,20.03204917907715,0.1849776971156009,0.05284278662136525,19
207.7880096435547,1.4595621824264526,0.1724194884300232,20.03204917907715,0.18473780639557127,0.054246752644069675,19
208.02099609375,1.4595668315887451,0.17250296473503113,20.03204917907715,0.18618373989938672,0.05348108349715716,19
208.25399780273438,1.4595704078674316,0.1727634221315384,20.03204917907715,0.1850107613071572,0.05388449312381836,19
208.48699951171875,1.459565281867981,0.17348334193229675,20.03204917907715,0.1841661984338583,0.05376046466409623,19
208.72000122070312,1.4595717191696167,0.17424573004245758,20.03204917907715,0.1852006344117844,0.052654922945601014,19
208.9530029296875,1.4595681428909302,0.17485980689525604,20.03204917907715,0.18372955509913771,0.05403224063297719,19
209.18600463867188,1.459576964378357,0.1747148633003235,20.03204917907715,0.18213075779458598,0.053213915295550536,19
209.41900634765625,1.4595746994018555,0.17454718053340912,20.03204917907715,0.1831155125539096,0.054421039239110354,19
209.65200805664062,1.4595736265182495,0.17401358485221863,20.03204917907715,0.18379042256269865,0.05467441548097046,19
209.885009765625,1.4595683813095093,0.17393308877944946,20.03204917907715,0.18375009522767394,0.054163678441639405,19
210.1179962158203,1.4595729112625122,0.17348259687423706,20.03204917907715,0.1849957196449221,0.05376590642428571,19
210.3509979248047,1.459573745727539,0.17352543771266937,20.03204917907715,0.1847933617534978,0.0544165423630507,19
210.58399963378906,1.4595682621002197,0.1731244921684265,20.03204917907715,0.18371474601390164,0.055007143249332875,19
210.81700134277344,1.459572672843933,0.1729411631822586,20.03204917907715,0.18440600154021972,0.05363833499613662,19
211.0500030517578,1.4595723152160645,0.1725044548511505,20.03204917907715,0.1846638839346436,0.05447184506060886,19
211.2830047607422,1.4595720767974854,0.17229168117046356,20.03204917907715,0.18493901832998894,0.054120857159014484,19
211.51600646972656,1.459563136100769,0.1720077395439148,20.03204917907715,0.18583421293155478,0.053975943911184855,19
211.74900817871094,1.4595577716827393,0.17193172872066498,20.03204917907715,0.18626903390076016,0.054542861647064345,19
211.9820098876953,1.4595725536346436,0.17173275351524353,20.03204917907715,0.1863612265184989,0.055007735473637256,19
212.21499633789062,1.4595699310302734,0.17235279083251953,20.03204917907715,0.18598156874650223,0.05450423343516221,19
212.447998046875,1.4595648050308228,0.1725577414035797,20.03204917907715,0.18541024295773803,0.0542496149520991,19
212.68099975585938,1.4595730304718018,0.17369721829891205,20.03204917907715,0.1851930244634095,0.05339261852914979,19
212.91400146484375,1.4595736265182495,0.1742539256811142,20.03204917907715,0.18444509244097274,0.05256093049581148,19
213.14700317382812,1.4595671892166138,0.17439812421798706,20.03204917907715,0.18521922184949038,0.053903771493719305,19
213.3800048828125,1.4595673084259033,0.17385037243366241,20.03204917907715,0.18415948158940498,0.05284871663796891,19
213.61300659179688,1.4595694541931152,0.17389769852161407,20.03204917907715,0.1849973197650477,0.05335133968892791,19
213.84600830078125,1.4595677852630615,0.17339986562728882,20.03204917907715,0.18465663527537515,0.05404144635689557,19
214.07901000976562,1.4595671892166138,0.17312002182006836,20.03204917907715,0.18511425606944656,0.05469579966130171,19
214.31199645996094,1.4595674276351929,0.17285732924938202,20.03204917907715,0.18572006461614338,0.053623758775179726,19
214.5449981689453,1.4595613479614258,0.1727272868156433,20.03204917907715,0.1852624634371257,0.05372397472069811,19
214.7779998779297,1.4595749378204346,0.17241241037845612,20.03204917907715,0.1855161230696016,0.05482347269424546,19
215.01100158691406,1.4595715999603271,0.17228162288665771,20.03204917907715,0.18572028961811554,0.055181998610908466,19
215.24400329589844,1.4595659971237183,0.17172865569591522,20.03204917907715,0.1860479202680189,0.05358562253148501,19
215.4770050048828,1.4595699310302734,0.17162804305553436,20.03204917907715,0.18657379100463434,0.05528203107676879,19
215.7100067138672,1.4595739841461182,0.17133218050003052,20.03204917907715,0.1860725756229634,0.05353003283496787,19
215.94300842285156,1.459570050239563,0.1714707911014557,20.03204917907715,0.1862219232222983,0.05485006074154573,19
216.17601013183594,1.4595779180526733,0.17167015373706818,20.03204917907715,0.18677811919979065,0.0543158057214884,19
216.40899658203125,1.4595636129379272,0.1722782701253891,20.03204917907715,0.18419358201384203,0.05349861557236566,19
216.64199829101562,1.4595767259597778,0.17299146950244904,20.03204917907715,0.1854533128223624,0.054667967440027325,19
216.875,1.4595750570297241,0.17372480034828186,20.03204917907715,0.1841467143748754,0.05348011131104235,19
217.10800170898438,1.4595690965652466,0.17384329438209534,20.03204917907715,0.18500451512343374,0.05312688241368147,19
217.34100341796875,1.4595746994018555,0.17368380725383759,20.03204917907715,0.1848117736352337,0.05341923348634523,19
217.57400512695312,1.459577202796936,0.17334508895874023,20.03204917907715,0.18478013778014588,0.054027565736323925,19
217.8070068359375,1.459581971168518,0.17294079065322876,20.03204917907715,0.1860669842107708,0.054167840503301444,19
218.04000854492188,1.4595704078674316,0.17259648442268372,20.03204917907715,0.1852148796702084,0.05363924873227549,19
218.27301025390625,1.4595688581466675,0.17234720289707184,20.03204917907715,0.1853794950473259,0.05455282130077604,19
218.50599670410156,1.4595680236816406,0.1719771921634674,20.03204917907715,0.18757434763725828,0.05413425177958266,19
218.73899841308594,1.4595736265182495,0.17175808548927307,20.03204917907715,0.18684462618983672,0.054801953686851985,19
218.9720001220703,1.4595693349838257,0.17148756980895996,20.03204917907715,0.1861920073916821,0.05492991897052032,19
219.2050018310547,1.4595823287963867,0.1711052507162094,20.03204917907715,0.18587038131390368,0.0555880385455013,19
219.43800354003906,1.459574818611145,0.17076914012432098,20.03204917907715,0.18742044358576118,0.05494447403595753,19
219.67100524902344,1.4595732688903809,0.17045874893665314,20.03204917907715,0.1861738287763701,0.05425291849936856,19
219.9040069580078,1.459572434425354,0.17050719261169434,20.03204917907715,0.18811988287051315,0.05535931384376504,19
220.1370086669922,1.459566354751587,0.17052730917930603,20.03204917907715,0.18671182883556348,0.055109842580052915,19
220.37001037597656,1.4595729112625122,0.17095844447612762,20.03204917907715,0.18696404664414815,0.05450652485040906,19
220.60299682617188,1.459577202796936,0.17173238098621368,20.03204917907715,0.18631941198450186,0.05410692414039857,19
220.83599853515625,1.4595701694488525,0.1725577414035797,20.03204917907715,0.1854554961408504,0.054098202314477706,19
221.06900024414062,1.459571123123169,0.17263151705265045,20.03204917907715,0.1844315368721243,0.05253043279952132,19
221.302001953125,1.4595732688903809,0.17258158326148987,20.03204917907715,0.18575074412512702,0.053533699414301125,19
221.53500366210938,1.4595621824264526,0.1721329540014267,20.03204917907715,0.18567373353045327,0.05338788857824779,19
221.76800537109375,1.4595767259597778,0.17198911309242249,20.03204917907715,0.18593381585320867,0.05489528880951933,19
222.00100708007812,1.459572434425354,0.1716235727071762,20.03204917907715,0.18616922360554916,0.05352768072110269,19
222.2340087890625,1.4595750570297241,0.1714491844177246,20.03204917907715,0.18706110395697334,0.05489199684130563,19
222.46701049804688,1.4595766067504883,0.17101320624351501,20.03204917907715,0.18662593392012702,0.054556895100933395,19
222.6999969482422,1.4595732688903809,0.1708604395389557,20.03204917907715,0.1866783214782996,0.053898318841552426,19
222.93299865722656,1.459583044052124,0.17047812044620514,20.03204917907715,0.18809360476837306,0.055097237808292655,19
223.16600036621094,1.459579586982727,0.1702437400817871,20.03204917907715,0.18640174966589562,0.054541024862417145,19
223.3990020751953,1.4595792293548584,0.1698610633611679,20.03204917907715,0.18679867417116566,0.05517445312631935,19
223.6320037841797,1.4595757722854614,0.16986516118049622,20.03204917907715,0.18841272992719885,0.0540589747779984,19
223.86500549316406,1.4595699310302734,0.16934609413146973,20.03204917907715,0.1886393717221548,0.05566234815117194,19
224.09800720214844,1.4595732688903809,0.1696341335773468,20.03204917907715,0.18806521815138624,0.05634370241212655,19
224.3310089111328,1.4595648050308228,0.16977162659168243,20.03204917907715,0.18701792421090804,0.05486905940172094,19
224.5640106201172,1.4595764875411987,0.1707192063331604,20.03204917907715,0.18666932670761396,0.0543474308758624,19
224.7969970703125,1.4595688581466675,0.17124609649181366,20.03204917907715,0.18719248250632675,0.05495401096132263,19
225.02999877929688,1.459574580192566,0.17174653708934784,20.03204917907715,0.18553172107079,0.05402080765504318,19
180.31700134277344,1.4604015350341797,0.21767276525497437,13.626452445983887,0.16173951630020444,0.03749382450060579,20
180.572998046875,1.4595969915390015,0.1923682689666748,13.626452445983887,0.16491135885122124,0.039074209731232656,20
180.82899475097656,1.4595911502838135,0.18689554929733276,13.626452445983887,0.16780784286394965,0.040507301477792614,20
181.0850067138672,1.4595807790756226,0.18435873091220856,13.626452445983887,0.16886956493741245,0.04118404921523286,20
181.34100341796875,1.4595849514007568,0.1825190931558609,13.626452445983887,0.1702210258114505,0.04128623513640479,20
181.5970001220703,1.459598183631897,0.17995283007621765,13.626452445983887,0.17142466813533938,0.04286377796779249,20
181.85299682617188,1.4595870971679688,0.17859648168087006,13.626452445983887,0.17225400524778992,0.04322684363350154,20
182.10899353027344,1.459588885307312,0.17778602242469788,13.626452445983887,0.17416515235727037,0.04381559300609319,20
182.36500549316406,1.459595799446106,0.17673857510089874,13.626452445983887,0.1747610580012891,0.04448956576115071,20
182.62100219726562,1.4595909118652344,0.17537365853786469,13.626452445983887,0.1750000804488863,0.0440608222900195,20
182.8769989013672,1.4595820903778076,0.17461872100830078,13.626452445983887,0.1764759285634041,0.04480036944759182,20
183.13299560546875,1.4595863819122314,0.17454755306243896,13.626452445983887,0.17753441705884493,0.044114470015272585,20
183.38900756835938,1.4595818519592285,0.17482441663742065,13.626452445983887,0.1773473271495412,0.04453181497015305,20
183.64500427246094,1.4596037864685059,0.17487917840480804,13.626452445983887,0.1779123394420646,0.04531348249761667,20
183.9010009765625,1.4595966339111328,0.17542992532253265,13.626452445983887,0.178565995342606,0.04480933319593948,20
184.15699768066406,1.4595891237258911,0.1768447756767273,13.626452445983887,0.17781594242311966,0.042265729536250636,20
184.41299438476562,1.4595799446105957,0.17711231112480164,13.626452445983887,0.17841924560109468,0.042906255574066146,20
184.66900634765625,1.4595894813537598,0.17667895555496216,13.626452445983887,0.17897807942827224,0.044535475847689944,20
184.9250030517578,1.459591031074524,0.1763368844985962,13.626452445983887,0.17784158668195216,0.044205383118417485,20
185.18099975585938,1.4595791101455688,0.1769319623708725,13.626452445983887,0.18211179115353693,0.04428724040642319,20
185.43699645996094,1.4596028327941895,0.1766074150800705,13.626452445983887,0.18066506065017324,0.04438614916724902,20
185.69300842285156,1.4595891237258911,0.17598363757133484,13.626452445983887,0.18154528403595702,0.043559984634913805,20
185.94900512695312,1.4595967531204224,0.17615951597690582,13.626452445983887,0.18337813799692537,0.04458268552870666,20
186.2050018310547,1.4595896005630493,0.1762198805809021,13.626452445983887,0.18435084372825886,0.04411995699786994,20
186.46099853515625,1.4595897197723389,0.1760108470916748,13.626452445983887,0.18227747911371955,0.044911320446818656,20
186.7169952392578,1.4595880508422852,0.1752760261297226,13.626452445983887,0.18228871011854011,0.04593442430161276,20
186.97300720214844,1.4595898389816284,0.17521938681602478,13.626452445983887,0.18413960724994233,0.044686149001997806,20
187.22900390625,1.459596872329712,0.17581111192703247,13.626452445983887,0.18538569491469908,0.04572111696307597,20
187.48500061035156,1.4595870971679688,0.17589980363845825,13.626452445983887,0.1867329258180949,0.04540308371297197,20
187.74099731445312,1.459601640701294,0.17673112452030182,13.626452445983887,0.18513209110188225,0.04567505369143832,20
187.9969940185547,1.4595887660980225,0.17756840586662292,13.626452445983887,0.18581197775311525,0.04463925812491344,20
188.2530059814453,1.4595962762832642,0.17862442135810852,13.626452445983887,0.18553341967285847,0.04439180075660023,20
188.50900268554688,1.459594488143921,0.17848841845989227,13.626452445983887,0.18568259253523617,0.04388235240927234,20
188.76499938964844,1.4595967531204224,0.17810088396072388,13.626452445983887,0.18630786789024778,0.044379530246076875,20
189.02099609375,1.4595969915390015,0.1779388040304184,13.626452445983887,0.18642142856075364,0.0447154191587501,20
189.27700805664062,1.459591031074524,0.1785305291414261,13.626452445983887,0.1867246053549225,0.044397631690938355,20
189.5330047607422,1.4595947265625,0.17789185047149658,13.626452445983887,0.1873411258007217,0.043622115774194344,20
189.78900146484375,1.459603190422058,0.1774834543466568,13.626452445983887,0.18697938257796304,0.046034953004717785,20
190.0449981689453,1.4595987796783447,0.17729341983795166,13.626452445983887,0.18834660122016358,0.046295221475402125,20
190.30099487304688,1.45960533618927,0.17728781700134277,13.626452445983887,0.18860262517881105,0.04554353503592415,20
190.5570068359375,1.4596024751663208,0.17688055336475372,13.626452445983887,0.1892952014184794,0.04355700915249982,20
190.81300354003906,1.45960533618927,0.17629218101501465,13.626452445983887,0.18942401605923473,0.043138844144421644,20
191.06900024414062,1.4596073627471924,0.17632794380187988,13.626452445983887,0.19016552051299834,0.0454029758607598,20
191.3249969482422,1.459589958190918,0.1766010820865631,13.626452445983887,0.19051016942181,0.042955893676804996,20
191.5810089111328,1.4595921039581299,0.1765153706073761,13.626452445983887,0.190210744940576,0.04498217259973152,20
191.83700561523438,1.4595963954925537,0.17713765799999237,13.626452445983887,0.1906630332207295,0.04506771003664073,20
192.09300231933594,1.4596015214920044,0.1782011240720749,13.626452445983887,0.18950588333723514,0.045270055993057785,20
192.3489990234375,1.4595898389816284,0.17897729575634003,13.626452445983887,0.19129467439049247,0.043517250866139216,20
192.60499572753906,1.4595884084701538,0.17855511605739594,13.626452445983887,0.18929306062164042,0.04319389646042468,20
192.8610076904297,1.459587812423706,0.17782403528690338,13.626452445983887,0.19136835136087715,0.04272978195894722,20
193.11700439453125,1.4595935344696045,0.177837073802948,13.626452445983887,0.19088160054851644,0.04457671603367699,20
193.3730010986328,1.4595915079116821,0.17788738012313843,13.626452445983887,0.19206532174867877,0.044625695928805824,20
193.62899780273438,1.459598183631897,0.1772356629371643,13.626452445983887,0.19134266035436207,0.04563023776820117,20
193.88499450683594,1.4595987796783447,0.17685632407665253,13.626452445983887,0.1936459825128619,0.04677795088277598,20
194.14100646972656,1.4595918655395508,0.17713207006454468,13.626452445983887,0.19382423726254946,0.04468324589410321,20
194.39700317382812,1.4595826864242554,0.1766275316476822,13.626452445983887,0.1932091093169676,0.046082737284824475,20
194.6529998779297,1.4595974683761597,0.176093190908432,13.626452445983887,0.192487687262949,0.046150282795638785,20
194.90899658203125,1.4595930576324463,0.17565052211284637,13.626452445983887,0.19335230412962065,0.0461433474577685,20
195.16500854492188,1.459592342376709,0.17576901614665985,13.626452445983887,0.19462658422228707,0.045961257854934635,20
195.42100524902344,1.459592580795288,0.17611853778362274,13.626452445983887,0.19474252802051117,0.04582032529930704,20
195.677001953125,1.4595927000045776,0.1762101948261261,13.626452445983887,0.19433376556094337,0.04577084879083397,20
195.93299865722656,1.4595961570739746,0.1766267865896225,13.626452445983887,0.1934155497219636,0.04518688647704468,20
196.18899536132812,1.4595891237258911,0.17766603827476501,13.626452445983887,0.1929383257036368,0.04550006269953358,20
196.44500732421875,1.4599031209945679,0.17929068207740784,13.626452445983887,0.1925299803834505,0.04472175620466771,20
196.7010040283203,1.4596034288406372,0.17741712927818298,13.626452445983887,0.19347676093957536,0.0452486104990522,20
196.95700073242188,1.4596014022827148,0.1767818033695221,13.626452445983887,0.1937051372124908,0.045210117048827166,20
197.21299743652344,1.4596012830734253,0.17695879936218262,13.626452445983887,0.1950511309700627,0.04454682920627397,20
197.468994140625,1.4595898389816284,0.17737352848052979,13.626452445983887,0.19394493207336552,0.046187652254073064,20
197.72500610351562,1.459584355354309,0.17655599117279053,13.626452445983887,0.1950960653580253,0.04626613584405964,20
197.9810028076172,1.459593415260315,0.17591805756092072,13.626452445983887,0.19375442008591068,0.04527249811828464,20
198.23699951171875,1.4595857858657837,0.17590948939323425,13.626452445983887,0.19601029679056625,0.04473199333231652,20
198.4929962158203,1.4595839977264404,0.17568069696426392,13.626452445983887,0.19603890128869386,0.04701422877410371,20
198.74900817871094,1.459587574005127,0.17500364780426025,13.626452445983887,0.19581715860652102,0.04755409060157529,20
199.0050048828125,1.4595915079116821,0.17445439100265503,13.626452445983887,0.19734983905228493,0.046466813793627916,20
199.26100158691406,1.4595969915390015,0.17460083961486816,13.626452445983887,0.19670308458652705,0.0474514090797888,20
199.51699829101562,1.4595921039581299,0.17519144713878632,13.626452445983887,0.19751167536380704,0.046790717879106256,20
199.7729949951172,1.4595932960510254,0.17537067830562592,13.626452445983887,0.19536777041061962,0.04515665950086877,20
200.0290069580078,1.4595993757247925,0.17609281837940216,13.626452445983887,0.19640966379221367,0.045973019567191055,20
200.28500366210938,1.4595831632614136,0.17683881521224976,13.626452445983887,0.19618100347930645,0.04628654828269061,20
200.54100036621094,1.459595799446106,0.1773146539926529,13.626452445983887,0.19501064367358092,0.04608530977143095,20
200.7969970703125,1.4595961570739746,0.17682652175426483,13.626452445983887,0.19555830675788408,0.045093934861766466,20
201.05300903320312,1.4595987796783447,0.17613641917705536,13.626452445983887,0.19507499418273305,0.04566742426357671,20
201.3090057373047,1.4595972299575806,0.17626161873340607,13.626452445983887,0.19649216617638596,0.04534396657023484,20
201.56500244140625,1.4595948457717896,0.17651164531707764,13.626452445983887,0.1972931931314418,0.04605941177020626,20
201.8209991455078,1.4596079587936401,0.17574851214885712,13.626452445983887,0.19657266753339978,0.045134763133788516,20
202.07699584960938,1.4595991373062134,0.17581520974636078,13.626452445983887,0.19749639625275342,0.04572741370664735,20
202.3330078125,1.4596006870269775,0.17513182759284973,13.626452445983887,0.19741798096165897,0.045315277942725385,20
202.58900451660156,1.4596083164215088,0.17519889771938324,13.626452445983887,0.19639270945198722,0.04657639863287471,20
202.84500122070312,1.4596021175384521,0.17478714883327484,13.626452445983887,0.19669853323101386,0.045358737359641736,20
203.1009979248047,1.4596023559570312,0.17406873404979706,13.626452445983887,0.19683065893415091,0.04642650050271514,20
203.35699462890625,1.4596045017242432,0.17427068948745728,13.626452445983887,0.19796740707896973,0.04652510345466121,20
203.61300659179688,1.4596072435379028,0.17507034540176392,13.626452445983887,0.1973262925580072,0.047068763429819596,20
203.86900329589844,1.4596089124679565,0.17513257265090942,13.626452445983887,0.1967047318434784,0.04736737397314262,20
204.125,1.459596037864685,0.17632198333740234,13.626452445983887,0.19692413227843242,0.044133982972034344,20
204.38099670410156,1.4595954418182373,0.17670504748821259,13.626452445983887,0.19733729227665311,0.046370513912888926,20
204.6370086669922,1.4596019983291626,0.17650605738162994,13.626452445983887,0.19697162070443602,0.04635658454437258,20
204.89300537109375,1.4596011638641357,0.1761520653963089,13.626452445983887,0.19638068470058725,0.04721160255700064,20
205.1490020751953,1.459600806236267,0.1757008135318756,13.626452445983887,0.19676109248155296,0.04519244766754303,20
205.40499877929688,1.4595979452133179,0.17574143409729004,13.626452445983887,0.19755647700693638,0.04534316366262354,20
205.66099548339844,1.4596037864685059,0.17564605176448822,13.626452445983887,0.19595766848218318,0.04821039924367844,20
205.91700744628906,1.4595954418182373,0.17515268921852112,13.626452445983887,0.1987892658442701,0.046505198169823354,20
206.17300415039062,1.4595998525619507,0.1748337298631668,13.626452445983887,0.19908412959184635,0.044511695316251175,20
206.4290008544922,1.459603190422058,0.17473162710666656,13.626452445983887,0.19847580834548734,0.04613435198751596,20
206.68499755859375,1.4595911502838135,0.17460381984710693,13.626452445983887,0.19809110972287824,0.0461840517287737,20
206.94100952148438,1.4596019983291626,0.17396067082881927,13.626452445983887,0.1978450311463443,0.04658320962514076,20
207.19700622558594,1.459601640701294,0.17384552955627441,13.626452445983887,0.19928497695474692,0.04600171143420619,20
207.4530029296875,1.4595863819122314,0.1738719791173935,13.626452445983887,0.19853434556815097,0.04609918579609402,20
207.70899963378906,1.4595974683761597,0.17488254606723785,13.626452445983887,0.19781495733961102,0.04561054748410114,20
207.96499633789062,1.4595913887023926,0.17489036917686462,13.626452445983887,0.1979558781168924,0.04543824990164187,20
208.22100830078125,1.459609031677246,0.17561399936676025,13.626452445983887,0.19707079017383436,0.046603013472072616,20
208.4770050048828,1.4595856666564941,0.1758364588022232,13.626452445983887,0.1976732931442591,0.046317351414825875,20
208.73300170898438,1.459593653678894,0.17580030858516693,13.626452445983887,0.19775752840643596,0.045696376825498125,20
208.98899841308594,1.4595927000045776,0.17538222670555115,13.626452445983887,0.19846658059759648,0.045370339679508716,20
209.2449951171875,1.4596033096313477,0.17484863102436066,13.626452445983887,0.19819614978306185,0.0474719452923985,20
209.50100708007812,1.4596080780029297,0.17459599673748016,13.626452445983887,0.19775821542375563,0.046400638952308365,20
209.7570037841797,1.459598422050476,0.175082266330719,13.626452445983887,0.198560463098366,0.04655778836289058,20
210.01300048828125,1.4595990180969238,0.17398898303508759,13.626452445983887,0.19773444844273713,0.04663981443496298,20
210.2689971923828,1.45960533618927,0.17340321838855743,13.626452445983887,0.19865333847622335,0.04578205721770104,20
210.52500915527344,1.459596037864685,0.1737106293439865,13.626452445983887,0.19916296216732066,0.048270307761699036,20
210.781005859375,1.4595916271209717,0.17315244674682617,13.626452445983887,0.20039759355945327,0.04661301556769537,20
211.03700256347656,1.4595942497253418,0.17284689843654633,13.626452445983887,0.1992888950976779,0.047351142029816384,20
211.29299926757812,1.4595863819122314,0.17249290645122528,13.626452445983887,0.19973734172828583,0.04866359983498531,20
211.5489959716797,1.4595972299575806,0.172752246260643,13.626452445983887,0.20076893428700682,0.04650466547556146,20
211.8050079345703,1.4595849514007568,0.1736718863248825,13.626452445983887,0.2002171967171038,0.0469980770642072,20
212.06100463867188,1.4595866203308105,0.1742628663778305,13.626452445983887,0.19836694857088477,0.04616293899945766,20
212.31700134277344,1.4595954418182373,0.17472678422927856,13.626452445983887,0.19719254456623644,0.047015220977176454,20
212.572998046875,1.4595965147018433,0.17473796010017395,13.626452445983887,0.19745878666233627,0.04676483888735871,20
212.82901000976562,1.459580421447754,0.1743750274181366,13.626452445983887,0.19993116564113672,0.04650210195102669,20
213.0850067138672,1.4595955610275269,0.17414847016334534,13.626452445983887,0.1998524905582407,0.045003453744132345,20
213.34100341796875,1.4595900774002075,0.17354035377502441,13.626452445983887,0.1974105628081368,0.04681746909738929,20
213.5970001220703,1.4595879316329956,0.17354296147823334,13.626452445983887,0.1992411197214113,0.04769375814972682,20
213.85299682617188,1.4595867395401,0.17353549599647522,13.626452445983887,0.1999808128854862,0.04697116428055129,20
214.1090087890625,1.4595961570739746,0.17295047640800476,13.626452445983887,0.20049883192346202,0.04718334017221753,20
214.36500549316406,1.4596002101898193,0.17252755165100098,13.626452445983887,0.2001525930389989,0.046159064127600694,20
214.62100219726562,1.4595810174942017,0.1720949411392212,13.626452445983887,0.19984926109017803,0.04809255575348567,20
214.8769989013672,1.459592580795288,0.1720740795135498,13.626452445983887,0.20220253966695395,0.04816944817904555,20
215.13299560546875,1.4595872163772583,0.17185907065868378,13.626452445983887,0.20201809168598422,0.048199975436725606,20
215.38900756835938,1.4596009254455566,0.17113207280635834,13.626452445983887,0.2018171330278357,0.04777191321348811,20
215.64500427246094,1.4595980644226074,0.17170777916908264,13.626452445983887,0.20207392716611355,0.04745956344012827,20
215.9010009765625,1.4595825672149658,0.17269709706306458,13.626452445983887,0.2006961607239713,0.04678463470952595,20
216.15699768066406,1.459594964981079,0.1737445443868637,13.626452445983887,0.19866228269457822,0.048299602955683744,20
216.4130096435547,1.4595860242843628,0.17347028851509094,13.626452445983887,0.19843943278501655,0.0462237980583322,20
216.66900634765625,1.4595932960510254,0.17306189239025116,13.626452445983887,0.2003965094839201,0.0473108046963825,20
216.9250030517578,1.4595998525619507,0.173023521900177,13.626452445983887,0.20104803871742014,0.045763639809886125,20
217.18099975585938,1.459589958190918,0.17265090346336365,13.626452445983887,0.19929591093949056,0.04670085951076632,20
217.43699645996094,1.459595799446106,0.17237664759159088,13.626452445983887,0.20156174354009948,0.046743285737630584,20
217.69300842285156,1.459579586982727,0.17206065356731415,13.626452445983887,0.19998646946830043,0.04671115326019405,20
217.94900512695312,1.4595859050750732,0.17204798758029938,13.626452445983887,0.2017681398273332,0.04795154505655458,20
218.2050018310547,1.459585428237915,0.17177186906337738,13.626452445983887,0.20199748731060405,0.04722926324416625,20
218.46099853515625,1.4596015214920044,0.17100128531455994,13.626452445983887,0.2022515424436165,0.0476761118246409,20
218.7169952392578,1.4595893621444702,0.1707959771156311,13.626452445983887,0.20164346315051185,0.04781295619766784,20
218.97300720214844,1.4595937728881836,0.17075274884700775,13.626452445983887,0.20358271199087602,0.0491842173274723,20
219.22900390625,1.459581732749939,0.17059326171875,13.626452445983887,0.2021582080488569,0.0478491112513667,20
219.48500061035156,1.4595973491668701,0.1706078052520752,13.626452445983887,0.2009949910585306,0.0475126350753729,20
219.74099731445312,1.4595881700515747,0.17143912613391876,13.626452445983887,0.20120043090650322,0.04976830641746358,20
219.99700927734375,1.4596015214920044,0.17242956161499023,13.626452445983887,0.19996436440802498,0.048524156221397136,20
220.2530059814453,1.4595959186553955,0.1728159636259079,13.626452445983887,0.2006022113850377,0.04864409729154005,20
220.50900268554688,1.459585428237915,0.17265239357948303,13.626452445983887,0.19983303957222653,0.04862428419187962,20
220.76499938964844,1.4595898389816284,0.17229428887367249,13.626452445983887,0.1981538648289685,0.04702049662167191,20
221.02099609375,1.4595950841903687,0.17227678000926971,13.626452445983887,0.20081732735909302,0.04689005848225794,20
221.27700805664062,1.4595903158187866,0.17211580276489258,13.626452445983887,0.20180117965212685,0.047459501743434454,20
221.5330047607422,1.4595903158187866,0.17173238098621368,13.626452445983887,0.20203131213623637,0.04713741864698771,20
221.78900146484375,1.4595896005630493,0.17152146995067596,13.626452445983887,0.20230038533800954,0.04755158271452771,20
222.0449981689453,1.4595948457717896,0.17136645317077637,13.626452445983887,0.20271202543202255,0.048432975485456914,20
222.30101013183594,1.4595891237258911,0.17100687325000763,13.626452445983887,0.20200770060773351,0.04922344205066412,20
222.5570068359375,1.4595861434936523,0.1706659346818924,13.626452445983887,0.2014407398701405,0.04889233632646961,20
222.81300354003906,1.459585428237915,0.17050831019878387,13.626452445983887,0.20223898919045394,0.04811953497289745,20
223.06900024414062,1.4595826864242554,0.1706458032131195,13.626452445983887,0.20347322741506627,0.04607559749146335,20
223.3249969482422,1.4595928192138672,0.1700790524482727,13.626452445983887,0.20198581047345823,0.04749433450948691,20
223.5810089111328,1.4595937728881836,0.17039912939071655,13.626452445983887,0.20144192899151536,0.04850426943237955,20
223.83700561523438,1.4595911502838135,0.171245738863945,13.626452445983887,0.20035511229271982,0.04802363468735413,20
224.09300231933594,1.4595882892608643,0.17254135012626648,13.626452445983887,0.20205551339463146,0.047958542845692495,20
224.3489990234375,1.4595873355865479,0.1724243313074112,13.626452445983887,0.20060678551792405,0.047464938857469406,20
224.60499572753906,1.459579348564148,0.1723945289850235,13.626452445983887,0.20119102703368816,0.0483594497993552,20
224.8610076904297,1.459583044052124,0.17207445204257965,13.626452445983887,0.20080418193338276,0.04659395137814956,20
180.31500244140625,1.4600988626480103,0.21586553752422333,9.300594329833984,0.16165470414415717,0.037164541138607156,21
180.56900024414062,1.459574818611145,0.1927904635667801,9.300594329833984,0.17361135889166252,0.030350676815434945,21
180.822998046875,1.459576964378357,0.18771271407604218,9.300594329833984,0.17712395000608533,0.03415207291291661,21
181.07699584960938,1.4595909118652344,0.1842517852783203,9.300594329833984,0.17847875003284022,0.033585698500297544,21
181.33099365234375,1.4595879316329956,0.1817578226327896,9.300594329833984,0.1800283155344192,0.034193742618491764,21
181.5850067138672,1.4595863819122314,0.17984290421009064,9.300594329833984,0.1836149363672785,0.03578515437951573,21
181.83900451660156,1.4595916271209717,0.1783732771873474,9.300594329833984,0.183870140964713,0.035927050081711126,21
182.09300231933594,1.4595849514007568,0.17728932201862335,9.300594329833984,0.1848510054407315,0.03668072741061264,21
182.3470001220703,1.4595937728881836,0.1758357137441635,9.300594329833984,0.1859643042201375,0.03513890616981124,21
182.6009979248047,1.4595768451690674,0.17501406371593475,9.300594329833984,0.18705420840951056,0.036731668864703214,21
182.85499572753906,1.4595872163772583,0.17497532069683075,9.300594329833984,0.1886741000631285,0.03613540340716178,21
183.10899353027344,1.459587574005127,0.17522983253002167,9.300594329833984,0.18793295554226067,0.036571686815393696,21
183.36300659179688,1.4595856666564941,0.17561139166355133,9.300594329833984,0.18665746076872436,0.036430966788110176,21
183.61700439453125,1.459579348564148,0.17664505541324615,9.300594329833984,0.1881968942206534,0.035799975841545345,21
183.87100219726562,1.459589958190918,0.1772405058145523,9.300594329833984,0.18833607793921067,0.03669648335916702,21
184.125,1.4595845937728882,0.17680825293064117,9.300594329833984,0.18933756886666483,0.035438525087535706,21
184.37899780273438,1.4595779180526733,0.17612747848033905,9.300594329833984,0.18948280466990183,0.035776876820884276,21
184.63299560546875,1.4595805406570435,0.17591768503189087,9.300594329833984,0.19070559782067023,0.03568806274386142,21
184.8870086669922,1.4595869779586792,0.17564605176448822,9.300594329833984,0.19147081426992132,0.0371458876754823,21
185.14100646972656,1.4595856666564941,0.1755867898464203,9.300594329833984,0.19176997567245188,0.03656953764156584,21
185.39500427246094,1.459579348564148,0.17523877322673798,9.300594329833984,0.1933950090107565,0.037370591722787186,21
185.6490020751953,1.4595820903778076,0.17487584054470062,9.300594329833984,0.19325856780773756,0.03702529196867319,21
185.9029998779297,1.4595835208892822,0.17476888000965118,9.300594329833984,0.19367092271857217,0.03721291998086319,21
186.15699768066406,1.4595943689346313,0.1748456507921219,9.300594329833984,0.19496214994955385,0.038280549584058784,21
186.41099548339844,1.4595866203308105,0.1743701845407486,9.300594329833984,0.1955564341846645,0.03730290254313848,21
186.66500854492188,1.459594488143921,0.17436683177947998,9.300594329833984,0.19605223814240758,0.03791951804717089,21
186.91900634765625,1.4595845937728882,0.17490899562835693,9.300594329833984,0.19754443396423943,0.03816982666683124,21
187.17300415039062,1.4595754146575928,0.1755409687757492,9.300594329833984,0.1970957822133397,0.03812374423676529,21
187.427001953125,1.459593415260315,0.17635813355445862,9.300594329833984,0.19635688618881614,0.036322758742574415,21
187.68099975585938,1.4595810174942017,0.17728185653686523,9.300594329833984,0.1955704692367729,0.036542890749717956,21
187.93499755859375,1.459579586982727,0.17783483862876892,9.300594329833984,0.1970233372243488,0.036121915970857274,21
188.18899536132812,1.4595757722854614,0.17775510251522064,9.300594329833984,0.19699849291782473,0.035496537458192645,21
188.44300842285156,1.4595850706100464,0.17716969549655914,9.300594329833984,0.19643055395821488,0.03763403832293067,21
188.69700622558594,1.4595892429351807,0.17689917981624603,9.300594329833984,0.1958743490057551,0.03655845618855793,21
188.9510040283203,1.4595777988433838,0.17664840817451477,9.300594329833984,0.19756287474228235,0.03733368637295394,21
189.2050018310547,1.4595867395401,0.17636670172214508,9.300594329833984,0.19920657435420136,0.03753604045269195,21
189.45899963378906,1.459583044052124,0.17598438262939453,9.300594329833984,0.1994039699230453,0.03879911900980906,21
189.71299743652344,1.4595799446105957,0.17589794099330902,9.300594329833984,0.19867256583612333,0.037102427954008636,21
189.9669952392578,1.4595836400985718,0.175477996468544,9.300594329833984,0.1996198029070252,0.037883251992936136,21
190.22100830078125,1.459574818611145,0.17528757452964783,9.300594329833984,0.20181434981107077,0.03789198581786398,21
190.47500610351562,1.4595825672149658,0.17497271299362183,9.300594329833984,0.2006931892602811,0.03705878049936721,21
190.72900390625,1.4595832824707031,0.1749354600906372,9.300594329833984,0.20175812254768496,0.036979678949402975,21
190.98300170898438,1.4595801830291748,0.17538297176361084,9.300594329833984,0.2015132603654468,0.037584009873216605,21
191.23699951171875,1.4595887660980225,0.17640097439289093,9.300594329833984,0.20107283428539702,0.037170558201618846,21
191.49099731445312,1.4595839977264404,0.1773534119129181,9.300594329833984,0.20130417093444966,0.036561503562076554,21
191.7449951171875,1.4595811367034912,0.17782403528690338,9.300594329833984,0.19964998948471974,0.036775795220940655,21
191.99900817871094,1.4595781564712524,0.17813628911972046,9.300594329833984,0.20099055201219465,0.0369112120280366,21
192.2530059814453,1.459577202796936,0.17820075154304504,9.300594329833984,0.2017532750899817,0.037527043937737314,21
192.5070037841797,1.45958411693573,0.1775933802127838,9.300594329833984,0.20228177236894587,0.03800723348796967,21
192.76100158691406,1.459585428237915,0.17701804637908936,9.300594329833984,0.2004617675288851,0.03792829826389567,21
193.01499938964844,1.459578514099121,0.17710673809051514,9.300594329833984,0.20230920692074997,0.03833077857776379,21
193.2689971923828,1.459574818611145,0.17704302072525024,9.300594329833984,0.20265347518411722,0.03692259635735356,21
193.5229949951172,1.459584355354309,0.1764475554227829,9.300594329833984,0.2017375269889932,0.03787683981628482,21
193.77700805664062,1.4595847129821777,0.1761416345834732,9.300594329833984,0.20390845354359022,0.03730590615449286,21
194.031005859375,1.4595894813537598,0.17599743604660034,9.300594329833984,0.2028246592351723,0.03635232630026753,21
194.28500366210938,1.4595805406570435,0.17568852007389069,9.300594329833984,0.2045900817442759,0.03843928106942777,21
194.53900146484375,1.4595813751220703,0.1754697859287262,9.300594329833984,0.20466998570071215,0.03692942470727495,21
194.79299926757812,1.459579348564148,0.17547985911369324,9.300594329833984,0.2046357668421819,0.03786237571054793,21
195.0469970703125,1.4595891237258911,0.17591917514801025,9.300594329833984,0.20518270959258075,0.03797051691492786,21
195.30099487304688,1.4595836400985718,0.1767721176147461,9.300594329833984,0.20373755470878194,0.03680815566420098,21
195.5550079345703,1.4595844745635986,0.1777942180633545,9.300594329833984,0.20355042137129145,0.03711931081754314,21
195.8090057373047,1.4595870971679688,0.17825068533420563,9.300594329833984,0.20340779430804845,0.03704564982038286,21
196.06300354003906,1.4595867395401,0.17807666957378387,9.300594329833984,0.20408295613413446,0.0374202753712966,21
196.31700134277344,1.4595881700515747,0.17789557576179504,9.300594329833984,0.20524093142187722,0.036777327366323505,21
196.5709991455078,1.4595894813537598,0.17762431502342224,9.300594329833984,0.2052920782642963,0.03677104703217839,21
196.8249969482422,1.4595894813537598,0.17684030532836914,9.300594329833984,0.2050958610566338,0.037049034224507664,21
197.07899475097656,1.4595913887023926,0.17633762955665588,9.300594329833984,0.20540552298816547,0.03741583615208274,21
197.3330078125,1.4595792293548584,0.1763175129890442,9.300594329833984,0.20450900889706825,0.03698356308100789,21
197.58700561523438,1.459585428237915,0.17592626810073853,9.300594329833984,0.2059477011408824,0.03809182184985098,21
197.84100341796875,1.4595824480056763,0.17549550533294678,9.300594329833984,0.20713429544594303,0.038472990472448156,21
198.09500122070312,1.4595791101455688,0.17532595992088318,9.300594329833984,0.2072206922575402,0.03738298889384121,21
198.3489990234375,1.459580421447754,0.1752946674823761,9.300594329833984,0.20695166504881332,0.03786190318967831,21
198.60299682617188,1.4595822095870972,0.17497345805168152,9.300594329833984,0.20608120035000776,0.039483485072013956,21
198.85699462890625,1.4595867395401,0.17497718334197998,9.300594329833984,0.2075193458137671,0.037780204613483546,21
199.1110076904297,1.4595732688903809,0.17561176419258118,9.300594329833984,0.20632289737036189,0.03771612657188653,21
199.36500549316406,1.459579586982727,0.17656120657920837,9.300594329833984,0.20442581153714945,0.038357405097228764,21
199.61900329589844,1.4595749378204346,0.1771451085805893,9.300594329833984,0.20494448786677572,0.037540038215279306,21
199.8730010986328,1.4595775604248047,0.17762541770935059,9.300594329833984,0.2054384740940995,0.037549871878004654,21
200.1269989013672,1.4595825672149658,0.17749015986919403,9.300594329833984,0.20593656136024593,0.038130284334636104,21
200.38099670410156,1.4595797061920166,0.17709703743457794,9.300594329833984,0.20546732328124964,0.037679072556196826,21
200.63499450683594,1.459577202796936,0.17652805149555206,9.300594329833984,0.2052029436847523,0.03733598394310517,21
200.88900756835938,1.459574580192566,0.17611704766750336,9.300594329833984,0.20596276794845125,0.03750095455196149,21
201.14300537109375,1.459584355354309,0.17569932341575623,9.300594329833984,0.2069735875040572,0.037569460957672676,21
201.39700317382812,1.4595725536346436,0.1756199598312378,9.300594329833984,0.20857981106328527,0.03865072499829297,21
201.6510009765625,1.459578514099121,0.1752212643623352,9.300594329833984,0.20709176690692774,0.038688396062773286,21
201.90499877929688,1.4595879316329956,0.17479422688484192,9.300594329833984,0.20873497991182832,0.03737211085856554,21
202.15899658203125,1.459579348564148,0.1743411123752594,9.300594329833984,0.2082177516487805,0.03691206297373492,21
202.41299438476562,1.4595869779586792,0.17436236143112183,9.300594329833984,0.2091301875712973,0.037694201639592376,21
202.66700744628906,1.4595870971679688,0.1740504801273346,9.300594329833984,0.20767329741028373,0.03799487281876096,21
202.92100524902344,1.4595823287963867,0.17386750876903534,9.300594329833984,0.20965852219536868,0.03868584783510593,21
203.1750030517578,1.4595893621444702,0.17467200756072998,9.300594329833984,0.20866079893718817,0.03710522104134939,21
203.4290008544922,1.4595915079116821,0.17579323053359985,9.300594329833984,0.20777799339095002,0.0383724089187908,21
203.68299865722656,1.459583044052124,0.17618486285209656,9.300594329833984,0.20666193217950043,0.037245952529904945,21
203.93699645996094,1.4595789909362793,0.17628657817840576,9.300594329833984,0.20717635696849673,0.03764785184634308,21
204.19100952148438,1.4595825672149658,0.17625044286251068,9.300594329833984,0.2076748972076735,0.03637410888483795,21
204.44500732421875,1.459586501121521,0.17589905858039856,9.300594329833984,0.20733370350041713,0.03788845180134662,21
204.69900512695312,1.4595812559127808,0.17518062889575958,9.300594329833984,0.20770592601482196,0.038342379719646574,21
204.9530029296875,1.459587574005127,0.17486949265003204,9.300594329833984,0.20868418572954495,0.03753948764684818,21
205.20700073242188,1.459592580795288,0.1747286468744278,9.300594329833984,0.20798872671652413,0.03671338820469395,21
205.46099853515625,1.4595869779586792,0.1743418574333191,9.300594329833984,0.2090173025034689,0.03704234232380708,21
205.71499633789062,1.4595905542373657,0.17380863428115845,9.300594329833984,0.20938140003572253,0.038708205917284834,21
205.96900939941406,1.459580898284912,0.17339614033699036,9.300594329833984,0.2093854344503978,0.03785139058704901,21
206.22300720214844,1.4595685005187988,0.1731002777814865,9.300594329833984,0.20898987737929847,0.03809029252293957,21
206.4770050048828,1.4595787525177002,0.17283645272254944,9.300594329833984,0.20938929129720527,0.038539231670323415,21
206.7310028076172,1.4595855474472046,0.17274852097034454,9.300594329833984,0.20912807661170038,0.038855745048191996,21
206.98500061035156,1.459584355354309,0.17289645969867706,9.300594329833984,0.2124268972856223,0.036860817638439514,21
207.23899841308594,1.4595801830291748,0.1732996255159378,9.300594329833984,0.2105090079145463,0.03670819719864221,21
207.4929962158203,1.459585428237915,0.17452967166900635,9.300594329833984,0.20928778568554063,0.03773986350479708,21
207.74700927734375,1.4595805406570435,0.17501556873321533,9.300594329833984,0.20856880209886305,0.03742239818592075,21
208.00100708007812,1.4595894813537598,0.1748933494091034,9.300594329833984,0.20933824985026764,0.03705448860764273,21
208.2550048828125,1.4595803022384644,0.17464330792427063,9.300594329833984,0.21106925766454102,0.038329286599559045,21
208.50900268554688,1.4595921039581299,0.17429529130458832,9.300594329833984,0.20893427894826264,0.03868048518847389,21
208.76300048828125,1.4595798254013062,0.17365139722824097,9.300594329833984,0.20980894505459952,0.0367281140759342,21
209.01699829101562,1.4595816135406494,0.17324671149253845,9.300594329833984,0.21097609874137338,0.03860165815532701,21
209.27099609375,1.4595812559127808,0.17320536077022552,9.300594329833984,0.2109987662073948,0.03942499545717977,21
209.52500915527344,1.4595847129821777,0.1729564517736435,9.300594329833984,0.2107788033454592,0.03873902491762287,21
209.7790069580078,1.4595813751220703,0.1722670942544937,9.300594329833984,0.21221990167027105,0.03963375039760457,21
210.0330047607422,1.459586262702942,0.17194998264312744,9.300594329833984,0.21057955266891887,0.038261226463817036,21
210.28700256347656,1.459582805633545,0.17179907858371735,9.300594329833984,0.2116445509145577,0.039816557404716686,21
210.54100036621094,1.4595842361450195,0.17156469821929932,9.300594329833984,0.21332569872857637,0.03964294562951198,21
210.7949981689453,1.459587812423706,0.1715184897184372,9.300594329833984,0.21369658976610356,0.038532669283749384,21
211.0489959716797,1.4595839977264404,0.1719239056110382,9.300594329833984,0.2114650266097311,0.03925641113066648,21
211.30300903320312,1.4595836400985718,0.1726851761341095,9.300594329833984,0.2119958140677889,0.0383903535967749,21
211.5570068359375,1.4595937728881836,0.17378181219100952,9.300594329833984,0.20927708932778513,0.037761243814441584,21
211.81100463867188,1.4595849514007568,0.17414213716983795,9.300594329833984,0.21023518971738606,0.037248164799407776,21
212.06500244140625,1.4595898389816284,0.17410898208618164,9.300594329833984,0.2103984516722091,0.03785800156743067,21
212.31900024414062,1.4595863819122314,0.17389695346355438,9.300594329833984,0.20869990489204812,0.037800845681857,21
212.572998046875,1.4595891237258911,0.1735571175813675,9.300594329833984,0.2095282492784336,0.03844334468409539,21
212.82699584960938,1.4595919847488403,0.17310847342014313,9.300594329833984,0.21018699251930215,0.03782499688776681,21
213.0810089111328,1.4595932960510254,0.17256370186805725,9.300594329833984,0.21237852877867283,0.038645075405742135,21
213.3350067138672,1.459586262702942,0.17254692316055298,9.300594329833984,0.21137879453617872,0.037916033508950245,21
213.58900451660156,1.4595822095870972,0.17246532440185547,9.300594329833984,0.21041120530781515,0.03951896948324555,21
213.84300231933594,1.4595807790756226,0.17170144617557526,9.300594329833984,0.21244226742011313,0.039253238793862166,21
214.0970001220703,1.4595873355865479,0.17141899466514587,9.300594329833984,0.21330638512966918,0.03897890948503184,21
214.3509979248047,1.459581732749939,0.17159859836101532,9.300594329833984,0.21291296819055683,0.03891407006010041,21
214.60499572753906,1.4595803022384644,0.1713765263557434,9.300594329833984,0.212447468432964,0.037623310891229875,21
214.8590087890625,1.4595876932144165,0.17120809853076935,9.300594329833984,0.2118040992991958,0.039544154870542636,21
215.11300659179688,1.4595868587493896,0.17181174457073212,9.300594329833984,0.21255532164924068,0.038081939515486614,21
215.36700439453125,1.4595867395401,0.17286701500415802,9.300594329833984,0.21215720268700206,0.03817323489855392,21
215.62100219726562,1.4595881700515747,0.17359064519405365,9.300594329833984,0.21050862997571043,0.03789311183624555,21
215.875,1.4595781564712524,0.17367933690547943,9.300594329833984,0.21198355478058067,0.037262734269117574,21
216.12899780273438,1.4595803022384644,0.17359773814678192,9.300594329833984,0.2098173510668568,0.03955949262916246,21
216.38299560546875,1.4595775604248047,0.17343974113464355,9.300594329833984,0.21160798133584158,0.03997160834125722,21
216.6370086669922,1.4595777988433838,0.17293781042099,9.300594329833984,0.21201162393197553,0.038654089916978246,21
216.89100646972656,1.459580421447754,0.1724850833415985,9.300594329833984,0.21090178849055533,0.039785812149159064,21
217.14500427246094,1.459571123123169,0.17219704389572144,9.300594329833984,0.2129251467537792,0.03849077963047887,21
217.3990020751953,1.4595673084259033,0.17202414572238922,9.300594329833984,0.2117869660291719,0.04032968896788144,21
217.6529998779297,1.4595770835876465,0.17174243927001953,9.300594329833984,0.2126713768170251,0.03870264535067923,21
217.90699768066406,1.4595813751220703,0.17142347991466522,9.300594329833984,0.21281412987770817,0.03878724465298657,21
218.16099548339844,1.4595849514007568,0.17106574773788452,9.300594329833984,0.2138837135325392,0.039035666124742845,21
218.41500854492188,1.4595855474472046,0.17077845335006714,9.300594329833984,0.21333964548646425,0.039732788884127374,21
218.66900634765625,1.4595837593078613,0.1708533614873886,9.300594329833984,0.21336718764539017,0.039054631606532844,21
218.92300415039062,1.459593415260315,0.17083212733268738,9.300594329833984,0.21518234501071531,0.039283598479434086,21
219.177001953125,1.459588646888733,0.17117753624916077,9.300594329833984,0.21304401105525772,0.04092275002098957,21
219.43099975585938,1.459588885307312,0.17226150631904602,9.300594329833984,0.21225335970459022,0.03822444654922371,21
219.68499755859375,1.4595853090286255,0.17309953272342682,9.300594329833984,0.2132700742017658,0.0388021032977756,21
219.93899536132812,1.4595823287963867,0.17292439937591553,9.300594329833984,0.21265979306541763,0.03977427988371746,21
220.19300842285156,1.4595708847045898,0.17259573936462402,9.300594329833984,0.21166309217186563,0.038665425824971046,21
220.44700622558594,1.4595731496810913,0.1724195033311844,9.300594329833984,0.21123155041995967,0.03921077629475797,21
220.7010040283203,1.4595898389816284,0.17202042043209076,9.300594329833984,0.21212182664052567,0.03860087298906101,21
220.9550018310547,1.4595770835876465,0.17154046893119812,9.300594329833984,0.21154607157232885,0.04000496934858967,21
221.20899963378906,1.4595867395401,0.17135006189346313,9.300594329833984,0.21345104692589004,0.0393034330823442,21
221.46299743652344,1.4595770835876465,0.1709815412759781,9.300594329833984,0.21345118824307646,0.03866636428104275,21
221.71701049804688,1.4595803022384644,0.1708824187517166,9.300594329833984,0.21347573555990154,0.03989802130728213,21
221.97100830078125,1.459573745727539,0.17022064328193665,9.300594329833984,0.21275250105141766,0.039281071754658864,21
222.22500610351562,1.4595779180526733,0.16993707418441772,9.300594329833984,0.21336110781355008,0.04018942513652228,21
222.47900390625,1.4595742225646973,0.16977833211421967,9.300594329833984,0.21403093811168358,0.04017270956375445,21
222.73300170898438,1.4595751762390137,0.170016810297966,9.300594329833984,0.21502999496042385,0.04004683368709684,21
222.98699951171875,1.4595919847488403,0.1701364368200302,9.300594329833984,0.21418450104399678,0.04015148525139438,21
223.24099731445312,1.4595822095870972,0.17050756514072418,9.300594329833984,0.2144670024665836,0.0396850979974739,21
223.49501037597656,1.4595849514007568,0.17137838900089264,9.300594329833984,0.21167051194426673,0.039228808479415754,21
223.74900817871094,1.459581732749939,0.172180637717247,9.300594329833984,0.21339956275487637,0.03744966814831115,21
224.0030059814453,1.4595779180526733,0.17192167043685913,9.300594329833984,0.21090008548907574,0.03959339034497894,21
224.2570037841797,1.4595756530761719,0.17154009640216827,9.300594329833984,0.21253739469910457,0.03956513060921449,21
224.51100158691406,1.459581971168518,0.17141303420066833,9.300594329833984,0.21276358143252808,0.03880112616703968,21
224.76499938964844,1.4595829248428345,0.1710922122001648,9.300594329833984,0.2133724766263868,0.03885568496336822,21
225.0189971923828,1.4595853090286255,0.1703551560640335,9.300594329833984,0.21331339755748419,0.03995706071701335,21
180.42100524902344,1.4604153633117676,0.20886282622814178,6.320792198181152,0.1864358333349884,0.026427093008029028,22
180.781005859375,1.4595916271209717,0.18764489889144897,6.320792198181152,0.1815481738532259,0.02769991793589016,22
181.14100646972656,1.459596037864685,0.18293456733226776,6.320792198181152,0.18476292553942464,0.02646714963961053,22
181.50100708007812,1.4595924615859985,0.17944717407226562,6.320792198181152,0.18899758249765777,0.02850973345132445,22
181.8610076904297,1.4595835208892822,0.17727366089820862,6.320792198181152,0.1904078776358896,0.028660108574202474,22
182.22100830078125,1.459596872329712,0.1757347285747528,6.320792198181152,0.19366798014053774,0.02921519379353644,22
182.58099365234375,1.4595922231674194,0.17582081258296967,6.320792198181152,0.1943523814214619,0.02924725860047513,22
182.9409942626953,1.4595983028411865,0.17638346552848816,6.320792198181152,0.1939375798729039,0.02871371056689482,22
183.30099487304688,1.4595882892608643,0.1766688972711563,6.320792198181152,0.1933799236786588,0.028947605386114197,22
183.66099548339844,1.4595928192138672,0.1763201206922531,6.320792198181152,0.19562272109308226,0.029234377292351725,22
184.02099609375,1.4595959186553955,0.17581261694431305,6.320792198181152,0.19527662034986834,0.029695321638600065,22
184.38099670410156,1.4595892429351807,0.17564791440963745,6.320792198181152,0.19654974661725366,0.030919444411383844,22
184.74099731445312,1.4595946073532104,0.1752994954586029,6.320792198181152,0.1988562970050123,0.028392470313955566,22
185.1009979248047,1.4595986604690552,0.17505468428134918,6.320792198181152,0.19856569290657944,0.02991213609993404,22
185.46099853515625,1.459599256515503,0.17474578320980072,6.320792198181152,0.20009742627926647,0.02949814150431857,22
185.8209991455078,1.4595998525619507,0.17458780109882355,6.320792198181152,0.20020354212649974,0.028771613322830836,22
186.18099975585938,1.4595922231674194,0.17468541860580444,6.320792198181152,0.20126035257557026,0.03043413623403878,22
186.54100036621094,1.459589958190918,0.17541463673114777,6.320792198181152,0.2020665708566507,0.030335622307626337,22
186.9010009765625,1.4595990180969238,0.17689545452594757,6.320792198181152,0.20227932481902045,0.02871789567366194,22
187.26100158691406,1.4595905542373657,0.17777521908283234,6.320792198181152,0.20162567509989737,0.02864508022226434,22
187.62100219726562,1.4595950841903687,0.1775553673505783,6.320792198181152,0.202928149099116,0.029125716948706398,22
187.9810028076172,1.4596081972122192,0.17738842964172363,6.320792198181152,0.20219814776002404,0.028630994925945476,22
188.34100341796875,1.4595974683761597,0.1773776262998581,6.320792198181152,0.20433182600144809,0.030081209116377065,22
188.7010040283203,1.459602952003479,0.1769740730524063,6.320792198181152,0.20437393699910797,0.02894088560914001,22
189.06100463867188,1.4595892429351807,0.17663349211215973,6.320792198181152,0.20583563945776592,0.030074151343369143,22
189.42100524902344,1.4595915079116821,0.17639873921871185,6.320792198181152,0.2053589534664105,0.029365901940157108,22
189.781005859375,1.4596047401428223,0.176088348031044,6.320792198181152,0.20680694000700087,0.030398477177959186,22
190.14100646972656,1.459600567817688,0.1763313114643097,6.320792198181152,0.20822271284447993,0.028661480981014988,22
190.50100708007812,1.4595997333526611,0.1765243262052536,6.320792198181152,0.20734055274418814,0.030319023160520635,22
190.8610076904297,1.4596027135849,0.17760679125785828,6.320792198181152,0.20669163695818915,0.029511819566943296,22
191.22100830078125,1.4595943689346313,0.17882676422595978,6.320792198181152,0.2052717137877762,0.029471148075845263,22
191.5810089111328,1.459598183631897,0.17843475937843323,6.320792198181152,0.20562111373011072,0.02877552630669784,22
191.9409942626953,1.459596872329712,0.1780897080898285,6.320792198181152,0.20746269882546023,0.030330872426780554,22
192.30099487304688,1.4595937728881836,0.17776179313659668,6.320792198181152,0.20739505726462046,0.029609631587851577,22
192.66099548339844,1.4595985412597656,0.17761945724487305,6.320792198181152,0.20884968318471364,0.02998500097694634,22
193.02099609375,1.459598183631897,0.17688800394535065,6.320792198181152,0.20886381296081225,0.03053189954342129,22
193.38099670410156,1.4595959186553955,0.17640657722949982,6.320792198181152,0.20965388716053796,0.03034613723835443,22
193.74099731445312,1.459598183631897,0.17591768503189087,6.320792198181152,0.21228778416394795,0.030254143660726842,22
194.1009979248047,1.459598422050476,0.1756248027086258,6.320792198181152,0.21265963102700702,0.030581206849917518,22
194.46099853515625,1.4596070051193237,0.17631490528583527,6.320792198181152,0.2129503924791038,0.031015359923179383,22
194.8209991455078,1.4596024751663208,0.1770079880952835,6.320792198181152,0.211967032501351,0.03160338522451166,22
195.18099975585938,1.4595983028411865,0.17795519530773163,6.320792198181152,0.20916895397252838,0.029482026091258558,22
195.54100036621094,1.4595979452133179,0.17774465680122375,6.320792198181152,0.21019682225071495,0.030764664044583622,22
195.9010009765625,1.459604263305664,0.1773083209991455,6.320792198181152,0.20920584758597535,0.03122441339249239,22
196.26100158691406,1.4595999717712402,0.1770523339509964,6.320792198181152,0.21375448323446403,0.028909458758662958,22
196.62100219726562,1.459610104560852,0.1765638142824173,6.320792198181152,0.21151232197115027,0.029994687930868628,22
196.9810028076172,1.459604024887085,0.17628061771392822,6.320792198181152,0.21180584407115938,0.029606658368426932,22
197.34100341796875,1.4596002101898193,0.1757887601852417,6.320792198181152,0.2136378161604483,0.029072083075708733,22
197.7010040283203,1.4596037864685059,0.17531254887580872,6.320792198181152,0.21287880877281068,0.03091682671323915,22
198.06100463867188,1.4596000909805298,0.1748165786266327,6.320792198181152,0.21390236596357776,0.030920624169039,22
198.42100524902344,1.4596061706542969,0.17499208450317383,6.320792198181152,0.2135633680844189,0.030022613380768375,22
198.781005859375,1.459607481956482,0.17585694789886475,6.320792198181152,0.21481539258720073,0.03027481378085922,22
199.14100646972656,1.459611177444458,0.17680007219314575,6.320792198181152,0.212959866762707,0.030065103683398785,22
199.50100708007812,1.459612488746643,0.1767076551914215,6.320792198181152,0.21469333223569892,0.02914616113607626,22
199.8610076904297,1.4596078395843506,0.17602165043354034,6.320792198181152,0.21276203601546123,0.031513532203459295,22
200.22100830078125,1.4595991373062134,0.17591246962547302,6.320792198181152,0.2133623621312941,0.029601302384075722,22
200.5810089111328,1.4595988988876343,0.17548954486846924,6.320792198181152,0.21397536852273158,0.030360627529914953,22
200.94100952148438,1.4596023559570312,0.17502450942993164,6.320792198181152,0.21529190511267757,0.029396289561066,22
201.30099487304688,1.4596030712127686,0.17472752928733826,6.320792198181152,0.2155220177520768,0.029778716322340328,22
201.66099548339844,1.4596000909805298,0.17420175671577454,6.320792198181152,0.21558696008260406,0.031179426901405852,22
202.02099609375,1.459600806236267,0.1740635186433792,6.320792198181152,0.21592373383384683,0.0315458114127969,22
202.38099670410156,1.4596022367477417,0.1741361767053604,6.320792198181152,0.2174632435229738,0.03176794909587697,22
202.74099731445312,1.459608793258667,0.1749071329832077,6.320792198181152,0.21584164502502648,0.03168767453953166,22
203.1009979248047,1.459609866142273,0.17610809206962585,6.320792198181152,0.21406661130258153,0.030393446625082615,22
203.46099853515625,1.4595980644226074,0.17607419192790985,6.320792198181152,0.2140822535044053,0.030259740735425766,22
203.8209991455078,1.4595972299575806,0.17579509317874908,6.320792198181152,0.2147413479581985,0.029281219700545015,22
204.18099975585938,1.4596034288406372,0.17543178796768188,6.320792198181152,0.2141214329978758,0.03088232715075544,22
204.54100036621094,1.4595996141433716,0.17506660521030426,6.320792198181152,0.21664218976782026,0.030733976699026975,22
204.9010009765625,1.4596058130264282,0.17478565871715546,6.320792198181152,0.214905437299886,0.030703762980045648,22
205.26100158691406,1.4596054553985596,0.17407357692718506,6.320792198181152,0.21530639947418861,0.029487637364350686,22
205.62100219726562,1.4596019983291626,0.17367710173130035,6.320792198181152,0.21751039744541956,0.03075336777298694,22
205.9810028076172,1.4596009254455566,0.1733447164297104,6.320792198181152,0.2170852296594972,0.02878303739523477,22
206.34100341796875,1.459599494934082,0.17371250689029694,6.320792198181152,0.21598565637641107,0.030224922960681692,22
206.7010040283203,1.4595988988876343,0.17430981993675232,6.320792198181152,0.21721971540706345,0.030506623503946867,22
207.06100463867188,1.4596019983291626,0.17539824545383453,6.320792198181152,0.21453995402160023,0.02991269647008348,22
207.42100524902344,1.4595924615859985,0.17552605271339417,6.320792198181152,0.21584135149662778,0.03140372959670968,22
207.781005859375,1.459586501121521,0.1750047653913498,6.320792198181152,0.21547190229724686,0.03135526213263095,22
208.14100646972656,1.4595969915390015,0.17496898770332336,6.320792198181152,0.21523951268508515,0.03052926322814436,22
208.50100708007812,1.4596078395843506,0.17434632778167725,6.320792198181152,0.21712353695808692,0.03173656404333778,22
208.8610076904297,1.4595961570739746,0.17408549785614014,6.320792198181152,0.21695110105069262,0.03199700069756746,22
209.22100830078125,1.4595955610275269,0.17366555333137512,6.320792198181152,0.21707487616888121,0.03191698377017346,22
209.5810089111328,1.4595983028411865,0.17299258708953857,6.320792198181152,0.21839166400331844,0.03052720470278035,22
209.94100952148438,1.4595974683761597,0.17272914946079254,6.320792198181152,0.2181969751509525,0.031032704800142266,22
210.30099487304688,1.4595983028411865,0.17248395085334778,6.320792198181152,0.21887242619207736,0.030701032223344273,22
210.66099548339844,1.4595974683761597,0.173319011926651,6.320792198181152,0.21811047746613133,0.031138356166341197,22
211.02099609375,1.459600806236267,0.17437949776649475,6.320792198181152,0.2166648683431158,0.030032624684390646,22
211.38099670410156,1.459610939025879,0.17462579905986786,6.320792198181152,0.21690370459777011,0.032751924718172815,22
211.74099731445312,1.4596014022827148,0.17398115992546082,6.320792198181152,0.21624461675228265,0.030586496719445487,22
212.1009979248047,1.4595963954925537,0.1738671362400055,6.320792198181152,0.21743389886133246,0.030574494886239575,22
212.46099853515625,1.4596000909805298,0.173599973320961,6.320792198181152,0.2186209576936868,0.0304510931421866,22
212.8209991455078,1.4596052169799805,0.1731308400630951,6.320792198181152,0.21762512949711094,0.03169452082022782,22
213.18099975585938,1.4595932960510254,0.1727183312177658,6.320792198181152,0.21929400182882863,0.030723861282056203,22
213.54100036621094,1.4596058130264282,0.17217542231082916,6.320792198181152,0.21890941673337733,0.03187557257290652,22
213.9010009765625,1.459604263305664,0.17194850742816925,6.320792198181152,0.2183836763167519,0.0313621002408714,22
214.26100158691406,1.459591031074524,0.17172865569591522,6.320792198181152,0.2182693233917079,0.03212061080668666,22
214.62100219726562,1.4596179723739624,0.17221306264400482,6.320792198181152,0.21815144073323822,0.030243454311908165,22
214.9810028076172,1.4595969915390015,0.17338161170482635,6.320792198181152,0.21793845952815072,0.030682052662499636,22
215.34100341796875,1.4595977067947388,0.1736677885055542,6.320792198181152,0.21810357432904534,0.03046289259755659,22
215.7010040283203,1.4596002101898193,0.17314760386943817,6.320792198181152,0.21767998721953147,0.031329270865817306,22
216.06100463867188,1.4596035480499268,0.17275001108646393,6.320792198181152,0.21853456307374058,0.031729285700633075,22
216.42100524902344,1.4595962762832642,0.17251376807689667,6.320792198181152,0.21970776140511156,0.031068015901570878,22
216.781005859375,1.459606409072876,0.17198017239570618,6.320792198181152,0.21799137964318044,0.03097723089584681,22
217.14100646972656,1.4596061706542969,0.1715822070837021,6.320792198181152,0.21946551904971795,0.0304898440001517,22
217.50100708007812,1.4596027135849,0.17094725370407104,6.320792198181152,0.2194057451335135,0.03118530095174339,22
217.8610076904297,1.4595965147018433,0.17125579714775085,6.320792198181152,0.21992797761783955,0.02989730770115026,22
218.22100830078125,1.459595799446106,0.17221827805042267,6.320792198181152,0.21912139498433672,0.031148928757759382,22
218.5810089111328,1.4596043825149536,0.17275598645210266,6.320792198181152,0.21882734437960874,0.0312875679880985,22
218.94100952148438,1.459608554840088,0.17313531041145325,6.320792198181152,0.21777105322937382,0.031516383401010706,22
219.30101013183594,1.4595956802368164,0.17335961759090424,6.320792198181152,0.21855544782614264,0.03219636298852873,22
219.66099548339844,1.4596000909805298,0.17278243601322174,6.320792198181152,0.21686692340565708,0.02994886640304293,22
220.02099609375,1.4596022367477417,0.17205730080604553,6.320792198181152,0.21801708431467828,0.03156767140551478,22
220.38099670410156,1.459596872329712,0.17150284349918365,6.320792198181152,0.22040334863263933,0.03167467133602492,22
220.74099731445312,1.459607720375061,0.17097371816635132,6.320792198181152,0.22094196720338943,0.030834283033371917,22
221.1009979248047,1.4596002101898193,0.1706812083721161,6.320792198181152,0.22089509444551572,0.03270586627744407,22
221.46099853515625,1.4596039056777954,0.17022474110126495,6.320792198181152,0.22178100002054688,0.03246732175978501,22
221.8209991455078,1.4596049785614014,0.1696527600288391,6.320792198181152,0.22152203122797665,0.03277369519793644,22
222.18099975585938,1.4595974683761597,0.16959500312805176,6.320792198181152,0.2216894199833089,0.029658415145255534,22
222.54100036621094,1.4595987796783447,0.17011034488677979,6.320792198181152,0.22106763156085354,0.03137517749406233,22
222.9010009765625,1.4595974683761597,0.17140111327171326,6.320792198181152,0.22201965577646465,0.03158974542778447,22
223.26100158691406,1.4596132040023804,0.17191943526268005,6.320792198181152,0.21903705481850694,0.03230076546082115,22
223.62100219726562,1.4596022367477417,0.17168356478214264,6.320792198181152,0.21867601957217792,0.031059082267188613,22
223.9810028076172,1.4595978260040283,0.1713400036096573,6.320792198181152,0.2208589216505254,0.031429991221082025,22
224.34100341796875,1.459602952003479,0.1708049178123474,6.320792198181152,0.2192910082070085,0.031924282294104704,22
224.7010040283203,1.4596003293991089,0.17054148018360138,6.320792198181152,0.22164831353887263,0.031328313136536556,22
225.06100463867188,1.459610939025879,0.17001643776893616,6.320792198181152,0.22113293891410754,0.031276011323811824,22
180.5760040283203,1.4604496955871582,0.2021891474723816,4.311533451080322,0.1723584054543517,0.02551745168348929,23
181.09100341796875,1.4596047401428223,0.18341189622879028,4.311533451080322,0.18956910599477264,0.020771137735095833,23
181.6060028076172,1.4596061706542969,0.17938271164894104,4.311533451080322,0.19431644426835198,0.02260057705193276,23
182.12100219726562,1.45960533618927,0.17838110029697418,4.311533451080322,0.1948856036071431,0.022203388662685442,23
182.63600158691406,1.4596095085144043,0.178232803940773,4.311533451080322,0.19555601644017245,0.023008567182318602,23
183.1510009765625,1.4596198797225952,0.17670504748821259,4.311533451080322,0.1981085408314919,0.02377608068935193,23
183.66600036621094,1.4596002101898193,0.17535912990570068,4.311533451080322,0.19972137444940963,0.024718003214667588,23
184.18099975585938,1.4596060514450073,0.17449985444545746,4.311533451080322,0.20202346364988483,0.023902832812408993,23
184.6959991455078,1.4596061706542969,0.17396998405456543,4.311533451080322,0.20531544636922489,0.02414577315658588,23
185.21099853515625,1.459606647491455,0.17350345849990845,4.311533451080322,0.2048294195274542,0.02546220312309239,23
185.7259979248047,1.4595999717712402,0.17409443855285645,4.311533451080322,0.2060400677747644,0.025151905596482005,23
186.24099731445312,1.4596006870269775,0.1760149449110031,4.311533451080322,0.20638931230159244,0.026386505722746114,23
186.75599670410156,1.4595990180969238,0.17663200199604034,4.311533451080322,0.20688919428411717,0.024708613961983466,23
187.27099609375,1.4596019983291626,0.17632310092449188,4.311533451080322,0.20730437033644067,0.02419960427891421,23
187.78599548339844,1.4596048593521118,0.17598214745521545,4.311533451080322,0.20782422981588028,0.024230375505733186,23
188.30099487304688,1.4596047401428223,0.1753624826669693,4.311533451080322,0.20823234325399165,0.023693511860945458,23
188.8159942626953,1.4596024751663208,0.1751389056444168,4.311533451080322,0.2113183082207874,0.024106092887792228,23
189.3310089111328,1.4595946073532104,0.17450357973575592,4.311533451080322,0.21360723390073308,0.02543124501476719,23
189.84600830078125,1.4596065282821655,0.17543402314186096,4.311533451080322,0.21246808951875867,0.024319610967393254,23
190.3610076904297,1.4596046209335327,0.1774204820394516,4.311533451080322,0.21160615925267567,0.023645565466857688,23
190.87600708007812,1.4596017599105835,0.1776854246854782,4.311533451080322,0.21192528754970094,0.023709721244479277,23
191.39100646972656,1.4596072435379028,0.17715293169021606,4.311533451080322,0.2119729551763063,0.024209134588669128,23
191.906005859375,1.459605097770691,0.17660033702850342,4.311533451080322,0.21267266880627636,0.02409944750357667,23
192.42100524902344,1.459597110748291,0.17633502185344696,4.311533451080322,0.21457090402025095,0.025415370149223366,23
192.93600463867188,1.4596002101898193,0.17571423947811127,4.311533451080322,0.2160076800806939,0.02412066796596732,23
193.4510040283203,1.4596012830734253,0.17563562095165253,4.311533451080322,0.21624023387967642,0.02549043339611882,23
193.96600341796875,1.459607481956482,0.17654965817928314,4.311533451080322,0.2160479221354766,0.024679227228457466,23
194.4810028076172,1.459595799446106,0.17809157073497772,4.311533451080322,0.21324879348512127,0.024488190947533114,23
194.99600219726562,1.4595986604690552,0.1778281331062317,4.311533451080322,0.21492382241740934,0.025458682533480787,23
195.51100158691406,1.4596043825149536,0.1771112084388733,4.311533451080322,0.2158587331924526,0.02345893407783394,23
196.0260009765625,1.4596003293991089,0.17646992206573486,4.311533451080322,0.21588156168521072,0.023940778583101823,23
196.54100036621094,1.459604024887085,0.17585694789886475,4.311533451080322,0.21773116312674265,0.025373751083589444,23
197.05599975585938,1.4596004486083984,0.17510946094989777,4.311533451080322,0.21823003835260438,0.025933165525258074,23
197.5709991455078,1.459604263305664,0.17515045404434204,4.311533451080322,0.21841828965290844,0.02676017546316801,23
198.08599853515625,1.459601879119873,0.1763007491827011,4.311533451080322,0.21717377389739836,0.02495064999424696,23
198.6009979248047,1.4596043825149536,0.17773573100566864,4.311533451080322,0.21765582839135578,0.024933240564877408,23
199.11599731445312,1.4596000909805298,0.176879420876503,4.311533451080322,0.21648868097595309,0.025215510767926073,23
199.63099670410156,1.4596086740493774,0.1764274388551712,4.311533451080322,0.2176888124287051,0.024657348846825567,23
200.14599609375,1.4596023559570312,0.1753293126821518,4.311533451080322,0.21879375656119407,0.027299769761745498,23
200.66099548339844,1.459606647491455,0.17509157955646515,4.311533451080322,0.21813584374078507,0.02328430602925406,23
201.17599487304688,1.459602952003479,0.17404524981975555,4.311533451080322,0.21987129709650968,0.024162871871432234,23
201.69100952148438,1.4596022367477417,0.17459002137184143,4.311533451080322,0.21891456875779364,0.024914503187269826,23
202.2060089111328,1.4596107006072998,0.17551301419734955,4.311533451080322,0.2192086830842304,0.022125994043912835,23
202.72100830078125,1.4595991373062134,0.1764702945947647,4.311533451080322,0.21759352676721797,0.024569555871059738,23
203.2360076904297,1.4596103429794312,0.17542172968387604,4.311533451080322,0.21963372237977075,0.024391447052927086,23
203.75100708007812,1.4596021175384521,0.1749570667743683,4.311533451080322,0.2197286149884075,0.024443352339131405,23
204.26600646972656,1.459601879119873,0.17386937141418457,4.311533451080322,0.22032969688772133,0.02646771446728933,23
204.781005859375,1.4595915079116821,0.17363238334655762,4.311533451080322,0.2214135484940437,0.02553860185407049,23
205.29600524902344,1.4596076011657715,0.17280590534210205,4.311533451080322,0.22128461356328144,0.025865535158630156,23
205.81100463867188,1.4596092700958252,0.17370319366455078,4.311533451080322,0.2211396700600118,0.023936112425554094,23
206.3260040283203,1.4596107006072998,0.17465300858020782,4.311533451080322,0.219046259465493,0.025404633096518966,23
206.84100341796875,1.459612250328064,0.17520597577095032,4.311533451080322,0.22105841728537995,0.024830083500244272,23
207.3560028076172,1.4596028327941895,0.17402178049087524,4.311533451080322,0.22162467469727104,0.026420750758384324,23
207.87100219726562,1.459601879119873,0.1734982430934906,4.311533451080322,0.22251183907131755,0.0256362005043635,23
208.38600158691406,1.4596027135849,0.1723114401102066,4.311533451080322,0.22311335764601478,0.024938742307483712,23
208.9010009765625,1.459608793258667,0.171770378947258,4.311533451080322,0.22469102622511342,0.025749730605014228,23
209.41600036621094,1.4596070051193237,0.17113542556762695,4.311533451080322,0.22419522177264686,0.02550393053796282,23
209.93099975585938,1.4596132040023804,0.17231889069080353,4.311533451080322,0.22470900926657095,0.025470869014362678,23
210.4459991455078,1.4596015214920044,0.1734449565410614,4.311533451080322,0.22139646281002323,0.024860490712612367,23
210.96099853515625,1.4596015214920044,0.1735168695449829,4.311533451080322,0.22285598913912602,0.02514353387211153,23
211.4759979248047,1.459599256515503,0.1725495457649231,4.311533451080322,0.2235731997273999,0.025624813241665607,23
211.99099731445312,1.459599256515503,0.1723785102367401,4.311533451080322,0.22365344552548094,0.02503174831591658,23
212.50599670410156,1.4596014022827148,0.17146259546279907,4.311533451080322,0.22370691575883755,0.025025960009795786,23
213.02099609375,1.4596022367477417,0.1711220145225525,4.311533451080322,0.2234479779476616,0.026125048954790005,23
213.53599548339844,1.4596021175384521,0.17057016491889954,4.311533451080322,0.22549489146790253,0.025403535001517596,23
214.05101013183594,1.459603190422058,0.17212064564228058,4.311533451080322,0.22435385171685635,0.025218113257161143,23
214.56600952148438,1.459604263305664,0.1730734407901764,4.311533451080322,0.22168454877462068,0.027107992987144884,23
215.0810089111328,1.4596041440963745,0.1730048805475235,4.311533451080322,0.22075103032128757,0.025964517046287893,23
215.59600830078125,1.459601879119873,0.17196638882160187,4.311533451080322,0.22300787317385648,0.026329282610670555,23
216.1110076904297,1.4596129655838013,0.1717979609966278,4.311533451080322,0.2263865368459434,0.0272216186163771,23
216.62600708007812,1.4596093893051147,0.17082130908966064,4.311533451080322,0.2247700787543671,0.025573314737909192,23
217.14100646972656,1.4596002101898193,0.17067748308181763,4.311533451080322,0.22655719919817757,0.025826163144157737,23
217.656005859375,1.4595991373062134,0.17048782110214233,4.311533451080322,0.22582522916494058,0.026846407629977566,23
218.17100524902344,1.4595973491668701,0.1721765547990799,4.311533451080322,0.22410910527304168,0.025878320968315067,23
218.68600463867188,1.4596022367477417,0.17251339554786682,4.311533451080322,0.2227012507187603,0.024321214616810825,23
219.2010040283203,1.4595987796783447,0.1723129153251648,4.311533451080322,0.2244880656729876,0.02743853538335927,23
219.71600341796875,1.4595947265625,0.17138472199440002,4.311533451080322,0.22699626031028042,0.02731585232330151,23
220.2310028076172,1.4595990180969238,0.17109444737434387,4.311533451080322,0.2240549437284323,0.02552576948421048,23
220.74600219726562,1.459597110748291,0.17011407017707825,4.311533451080322,0.22422958489805853,0.024127406081855367,23
221.26100158691406,1.4595906734466553,0.16997657716274261,4.311533451080322,0.22706030346456163,0.025694474700165677,23
221.7760009765625,1.4596006870269775,0.17011667788028717,4.311533451080322,0.22534437367673155,0.025830510504602323,23
222.29100036621094,1.4595897197723389,0.17190676927566528,4.311533451080322,0.22440836120934712,0.025003911045435437,23
222.80599975585938,1.4595988988876343,0.1718818098306656,4.311533451080322,0.22221699981436435,0.026237036754058557,23
223.3209991455078,1.459606647491455,0.17153041064739227,4.311533451080322,0.22540140366121378,0.0252576102456462,23
223.83599853515625,1.4596011638641357,0.17051278054714203,4.311533451080322,0.2264267625931671,0.026087140200761905,23
224.3509979248047,1.459600806236267,0.1703503131866455,4.311533451080322,0.22714221687357075,0.025303566281005867,23
224.86599731445312,1.4596015214920044,0.1692425012588501,4.311533451080322,0.22719875880105797,0.026889221698719927,23
180.8040008544922,1.4604285955429077,0.19558975100517273,2.9370291233062744,0.19105352523505872,0.011429661819388282,24
181.5469970703125,1.4596102237701416,0.18169887363910675,2.9370291233062744,0.19587732083130502,0.020321909166407904,24
182.29000854492188,1.4596107006072998,0.17802099883556366,2.9370291233062744,0.1994689505834505,0.021193956067394097,24
183.0330047607422,1.459611177444458,0.17561639845371246,2.9370291233062744,0.20212254171194785,0.020634440876455096,24
183.7760009765625,1.4596149921417236,0.17423909902572632,2.9370291233062744,0.20496469012108676,0.020356424324916775,24
184.5189971923828,1.459611415863037,0.173558309674263,2.9370291233062744,0.2074002882723487,0.020590729768501424,24
185.2620086669922,1.4596099853515625,0.17498180270195007,2.9370291233062744,0.2070415020994316,0.019688336513479204,24
186.0050048828125,1.4596110582351685,0.1765345335006714,2.9370291233062744,0.20837772918467307,0.021427705974729983,24
186.7480010986328,1.459612488746643,0.17622928321361542,2.9370291233062744,0.20977490515326483,0.020921288303632175,24
187.49099731445312,1.4599140882492065,0.1770145446062088,2.9370291233062744,0.21047710484960405,0.021795221564738315,24
188.2340087890625,1.4596036672592163,0.17528297007083893,2.9370291233062744,0.21298734350984688,0.020144460175865325,24
188.9770050048828,1.4596070051193237,0.1771988421678543,2.9370291233062744,0.21239814907164672,0.0213841522880749,24
189.72000122070312,1.459603190422058,0.17879784107208252,2.9370291233062744,0.21240239289027688,0.0214463881560608,24
190.46299743652344,1.4596084356307983,0.178367018699646,2.9370291233062744,0.2140711894387259,0.020901006507246394,24
191.2060089111328,1.4596079587936401,0.17733769118785858,2.9370291233062744,0.21614488400708096,0.02102521860774541,24
191.94900512695312,1.4596079587936401,0.1763249635696411,2.9370291233062744,0.2178370938462318,0.020663362549995828,24
192.69200134277344,1.459606409072876,0.1757308542728424,2.9370291233062744,0.21923402040859646,0.0213053964445172,24
193.43499755859375,1.4596065282821655,0.17725041508674622,2.9370291233062744,0.2165182495738453,0.02141732575906071,24
194.17800903320312,1.4596068859100342,0.1775743067264557,2.9370291233062744,0.2186229270801033,0.022514551398097233,24
194.92100524902344,1.4596041440963745,0.1762402355670929,2.9370291233062744,0.22017350338334576,0.021929522065672197,24
195.66400146484375,1.4596037864685059,0.17516887187957764,2.9370291233062744,0.22079438924909678,0.021041990351184585,24
196.40699768066406,1.4596052169799805,0.1741134524345398,2.9370291233062744,0.22255705598818695,0.02112221996934721,24
197.15000915527344,1.4596084356307983,0.17478930950164795,2.9370291233062744,0.22279004912857517,0.021674648118698816,24
197.89300537109375,1.4596041440963745,0.17647185921669006,2.9370291233062744,0.22063918623129902,0.021422975046015518,24
198.63600158691406,1.459604024887085,0.17551399767398834,2.9370291233062744,0.22211028375621075,0.021908993415276513,24
199.37899780273438,1.4596045017242432,0.1744016408920288,2.9370291233062744,0.22368932233928154,0.022529292884105254,24
200.12200927734375,1.459601640701294,0.1732519418001175,2.9370291233062744,0.22582115161981192,0.021996955640475754,24
200.86500549316406,1.4596036672592163,0.1730484813451767,2.9370291233062744,0.2251801174458642,0.022228133019997768,24
201.60800170898438,1.4596000909805298,0.1749851554632187,2.9370291233062744,0.22192975746213542,0.02224939098812737,24
202.3509979248047,1.4596043825149536,0.17507235705852509,2.9370291233062744,0.2240745496004582,0.022591771056645022,24
203.09400939941406,1.459600567817688,0.17402096092700958,2.9370291233062744,0.224995464452534,0.02272240185101287,24
203.83700561523438,1.4596012830734253,0.17328578233718872,2.9370291233062744,0.2266108160712872,0.022241655609260887,24
204.5800018310547,1.4596030712127686,0.17245854437351227,2.9370291233062744,0.22796392865802287,0.02319314857817706,24
205.322998046875,1.4596034288406372,0.1736648827791214,2.9370291233062744,0.22445603093951494,0.02135590370772572,24
206.06600952148438,1.4599100351333618,0.17615392804145813,2.9370291233062744,0.22410685843467631,0.022851259051298034,24
206.8090057373047,1.4596022367477417,0.17395687103271484,2.9370291233062744,0.22581774381774009,0.021738924277955776,24
207.552001953125,1.459599256515503,0.17287880182266235,2.9370291233062744,0.22732693408357407,0.02204840749257755,24
208.2949981689453,1.4596019983291626,0.1719326376914978,2.9370291233062744,0.22831045515493886,0.02239731732976435,24
209.0380096435547,1.4595974683761597,0.17213168740272522,2.9370291233062744,0.22737448538438748,0.023057623690537023,24
209.781005859375,1.4595990180969238,0.17397572100162506,2.9370291233062744,0.22456762277489195,0.022840831534291145,24
210.5240020751953,1.4596002101898193,0.17347276210784912,2.9370291233062744,0.22625775401269604,0.022387284942899537,24
211.26699829101562,1.4596030712127686,0.17237702012062073,2.9370291233062744,0.22827591290522392,0.021861208254852663,24
212.010009765625,1.4596011638641357,0.1713162362575531,2.9370291233062744,0.22871677088272313,0.022985434374895048,24
212.7530059814453,1.459599494934082,0.17071177065372467,2.9370291233062744,0.2302519395601659,0.02244955645833788,24
213.49600219726562,1.4596054553985596,0.17235198616981506,2.9370291233062744,0.227203836856789,0.02226010008156661,24
214.23899841308594,1.4596004486083984,0.17271104454994202,2.9370291233062744,0.22768694373378523,0.0228771004457313,24
214.9820098876953,1.4595988988876343,0.17159980535507202,2.9370291233062744,0.22949832966884978,0.022382390341914853,24
215.72500610351562,1.4596004486083984,0.17056286334991455,2.9370291233062744,0.23002329977520564,0.022419070366211578,24
216.46800231933594,1.4596037864685059,0.16963443160057068,2.9370291233062744,0.23092700976237088,0.02246635462738047,24
217.21099853515625,1.4596054553985596,0.1703256517648697,2.9370291233062744,0.23026188080865306,0.023086093775216626,24
217.95401000976562,1.4596078395843506,0.1716173142194748,2.9370291233062744,0.22823383581799975,0.02302501257708414,24
218.69700622558594,1.4596034288406372,0.17082348465919495,2.9370291233062744,0.2300740355391252,0.023239306702969767,24
219.44000244140625,1.45960533618927,0.1698279082775116,2.9370291233062744,0.2303201350662965,0.022366044526097396,24
220.18299865722656,1.459603190422058,0.16878724098205566,2.9370291233062744,0.23238214231495735,0.0226333688961958,24
220.92601013183594,1.4596056938171387,0.1687869429588318,2.9370291233062744,0.23209844138720992,0.02381363317195324,24
221.66900634765625,1.4596028327941895,0.17064529657363892,2.9370291233062744,0.22919918784550433,0.023073355120685715,24
222.41200256347656,1.4596054553985596,0.1706698089838028,2.9370291233062744,0.2309932558518276,0.022970358301033056,24
223.15499877929688,1.459606409072876,0.16986344754695892,2.9370291233062744,0.2306471898060987,0.02291801092137469,24
223.89801025390625,1.459606647491455,0.1690298169851303,2.9370291233062744,0.23214130814587716,0.022458118110732568,24
224.64100646972656,1.459601879119873,0.1685287207365036,2.9370291233062744,0.2331681168534822,0.022891928158002627,24
181.14300537109375,1.4604145288467407,0.19324496388435364,1.992984652519226,0.18710446128114352,0.021412391027840455,25
182.22500610351562,1.459603190422058,0.1772204488515854,1.992984652519226,0.20116215535267234,0.016373766206016504,25
183.3070068359375,1.4595986604690552,0.17322824895381927,1.992984652519226,0.20849257232502877,0.017542842978161884,25
184.38900756835938,1.4596024751663208,0.17412686347961426,1.992984652519226,0.20815541142905777,0.01868953267313669,25
185.47100830078125,1.4596035480499268,0.174272820353508,1.992984652519226,0.2133595752995788,0.019212729848671405,25
186.55299377441406,1.4595972299575806,0.1737964004278183,1.992984652519226,0.21540109276861144,0.020129313761061304,25
187.63499450683594,1.459598422050476,0.17348712682724,1.992984652519226,0.21772017736598875,0.02150825297750112,25
188.7169952392578,1.4595991373062134,0.17563572525978088,1.992984652519226,0.21852383102601225,0.019664410017466043,25
189.7989959716797,1.459598422050476,0.17526064813137054,1.992984652519226,0.21848520385738324,0.019385745527413744,25
190.88099670410156,1.4595988988876343,0.17437812685966492,1.992984652519226,0.2207347244758626,0.019972684176004177,25
191.96299743652344,1.4595959186553955,0.1745624542236328,1.992984652519226,0.22259068378406296,0.017982663352612064,25
193.0449981689453,1.459593415260315,0.17622479796409607,1.992984652519226,0.2207641632671127,0.01925018437978008,25
194.1269989013672,1.4595942497253418,0.17561203241348267,1.992984652519226,0.2239511780821672,0.019283882949333548,25
195.20899963378906,1.4595927000045776,0.17455895245075226,1.992984652519226,0.2261151755757722,0.0194845301332643,25
196.29100036621094,1.4595962762832642,0.17572052776813507,1.992984652519226,0.2249467039684349,0.021491235776845155,25
197.3730010986328,1.4595931768417358,0.17595160007476807,1.992984652519226,0.22683765252975557,0.019939456025382038,25
198.4550018310547,1.4595927000045776,0.1749967783689499,1.992984652519226,0.22754160119361083,0.022118006926892166,25
199.53700256347656,1.4595979452133179,0.17411047220230103,1.992984652519226,0.22875296816618,0.02146120026602198,25
200.61900329589844,1.4596022367477417,0.1756276935338974,1.992984652519226,0.22651521234892089,0.019274140758263416,25
201.7010040283203,1.459596037864685,0.17491666972637177,1.992984652519226,0.22655762146366512,0.02004575853054045,25
202.7830047607422,1.4596000909805298,0.17352338135242462,1.992984652519226,0.22883494618508193,0.01916546980374515,25
203.86500549316406,1.4596021175384521,0.1729697585105896,1.992984652519226,0.22959073952659673,0.019583060807885397,25
204.94700622558594,1.4596017599105835,0.1743512898683548,1.992984652519226,0.22906594308748066,0.02119102414976725,25
206.0290069580078,1.4596033096313477,0.1732690930366516,1.992984652519226,0.23107365908424293,0.020827921807004116,25
207.1110076904297,1.4596073627471924,0.171891450881958,1.992984652519226,0.23280228000225062,0.021697136003663582,25
208.19300842285156,1.459599494934082,0.17215830087661743,1.992984652519226,0.23266073006702886,0.023263124518616413,25
209.27500915527344,1.4596023559570312,0.17265181243419647,1.992984652519226,0.23082249785243236,0.020655525103239574,25
210.3570098876953,1.4596009254455566,0.17166003584861755,1.992984652519226,0.2328613867241723,0.02269716786961797,25
211.43899536132812,1.459600567817688,0.17068515717983246,1.992984652519226,0.23321081343670044,0.021229511411878697,25
212.52099609375,1.4596028327941895,0.17226199805736542,1.992984652519226,0.2302076187486628,0.0181769293008744,25
213.60299682617188,1.4596037864685059,0.17201068997383118,1.992984652519226,0.23157270037299976,0.019960872245568917,25
214.68499755859375,1.4596015214920044,0.17092692852020264,1.992984652519226,0.23182171275974317,0.02030109359140438,25
215.76699829101562,1.4596061706542969,0.17031162977218628,1.992984652519226,0.23294177500994606,0.020964811873155027,25
216.8489990234375,1.4596037864685059,0.17199337482452393,1.992984652519226,0.23367272722965132,0.021340486910954515,25
217.93099975585938,1.4596070051193237,0.1711307018995285,1.992984652519226,0.2339547499412674,0.02085786494419484,25
219.01300048828125,1.459604263305664,0.16988039016723633,1.992984652519226,0.23524806751501304,0.02222661252179887,25
220.09500122070312,1.4596054553985596,0.1701546460390091,1.992984652519226,0.2365436835818472,0.021989603377066028,25
221.177001953125,1.4596021175384521,0.1709464192390442,1.992984652519226,0.23235580156803076,0.020629576380434344,25
222.25900268554688,1.4596003293991089,0.16987474262714386,1.992984652519226,0.2354000442272725,0.021397450365842476,25
223.34100341796875,1.4595963954925537,0.16865424811840057,1.992984652519226,0.2374161777028684,0.020568294814648166,25
224.42300415039062,1.4596006870269775,0.16981874406337738,1.992984652519226,0.2331498986517575,0.01841723291949895,25
