time_s,dc_potential_V,filtered_dc_current_mA
2.0,1.399919729771781,4.734157724900314
2.001,1.400000700664115,4.791989304007984
2.002,1.4000817330514654,4.851636936244091
2.003,1.4001628314189558,4.913084480597149
2.004,1.4002440002272447,4.976315370401096
2.005,1.4003252439115048,5.041312618297013
2.006,1.4004065668804095,5.108058821296083
2.007,1.4004879735151328,5.176536165935715
2.008,1.4005694681683496,5.246726433532558
2.009,1.4006510551632516,5.318611005532375
2.01,1.4007327387925674,5.392170868948142
2.011,1.4008145233175928,5.46738662189307
2.012,1.4008964129672332,5.5442384792018515
2.013,1.40097841193705,5.6227062781387644
2.014,1.4010605243883207,5.702769484195528
2.015,1.4011427544471076,5.784407196971074
2.016,1.4012251062033374,5.867598156135841
2.017,1.4013075837098887,5.9523207474793765
2.018,1.4013901909816917,6.038553009034445
2.019,1.401472931994839,6.126272637285439
2.02,1.4015558106857058,6.215456993446537
2.021,1.4016388309500827,6.30608310982069
2.022,1.4017219966423158,6.398127696231512
2.023,1.401805311574465,6.491567146521959
2.024,1.401888779515468,6.586377545129295
2.025,1.4019724041903168,6.682534673725115
2.026,1.4020561892792482,6.780014017922525
2.027,1.4021401384169463,6.878790774047786
2.028,1.402224255191756,6.978839855975679
2.029,1.4023085431449074,7.080135902025376
2.03,1.4023930057697567,7.182653281915918
2.031,1.4024776465110358,7.286366103779244
2.032,1.4025624687641198,7.391248221229375
2.033,1.4026474758742997,7.497273240483793
2.0340000000000003,1.4027326711360775,7.604414527539461
2.035,1.4028180577924676,7.712645215397089
2.036,1.4029036390343141,7.82193821133427
2.037,1.4029894179996227,7.932266204223026
2.0380000000000003,1.4030753977729054,8.043601671898159
2.039,1.403161581384537,8.155916888558295
2.04,1.403247971810131,8.269183932217288
2.041,1.4033345719699235,8.383374692186607
2.0420000000000003,1.403421384728175,8.498460876601229
2.043,1.4035084128925854,8.614414019974902
2.044,1.4035956592137253,8.731205490791325
2.045,1.4036831263844771,8.848806499125402
2.0460000000000003,1.4037708170394967,8.967188104294962
2.047,1.4038587337546868,9.08632122253536
2.048,1.4039468790466838,9.206176634706793
2.049,1.4040352553723636,9.32672499401491
2.05,1.4041238651283592,9.4479368337619
2.051,1.4042127106505953,9.569782575111077
2.052,1.4043017942138363,9.692232534871493
2.053,1.4043911180312516,9.815256933294506
2.054,1.4044806842539959,9.938825901888833
2.055,1.4045704949708027,10.062909491242493
2.056,1.4046605522075972,10.187477678855316
2.057,1.4047508579271228,10.312500376980779
2.058,1.404841414028581,10.437947440469543
2.059,1.4049322223472922,10.563788674621037
2.06,1.4050232846543675,10.689993843032028
2.061,1.4051146026563999,10.81653267544715
2.062,1.4052061779951677,10.94337487560884
2.063,1.405298012247358,11.070490129096584
2.064,1.4053901069243018,11.19784811116665
2.065,1.4054824634717313,11.325418494580305
2.066,1.4055750832695444,11.453170957421207
2.067,1.4056679676315937,11.581075190902226
2.068,1.4057611178054874,11.709100907156937
2.069,1.405854534972406,11.8372178470145
2.07,1.4059482202469373,11.965395787760258
2.071,1.406042174676926,12.09360455087014
2.072,1.4061363992433393,12.221814009728718
2.073,1.4062308948601503,12.349994097320774
2.074,1.4063256623742364,12.478114813897974
2.075,1.4064207025652928,12.606146234617796
2.076,1.4065160161457635,12.73405851715333
2.077,1.4066116037607903,12.861821909271043
2.078,1.406707465988173,12.989406756376923
2.079,1.4068036033383504,13.116783509025936
2.08,1.406900016254395,13.24392273039524
2.081,1.4069967051120231,13.370795103719587
2.082,1.4070936702196264,13.497371439684343
2.083,1.4071909118183092,13.623622683779786
2.084,1.4072884300819524,13.749519923606272
2.085,1.4073862251172868,13.87503439613738
2.086,1.4074842969639851,14.00013749493695
2.087,1.4075826455947689,14.124800777319251
2.088,1.407681270915529,14.24899597146782
2.089,1.4077801727654673,14.372694983494284
2.09,1.4078793509172498,14.495869904445215
2.091,1.4079788050771755,14.61849301725465
2.092,1.4080785348853613,14.740536803635592
2.093,1.4081785399159452,14.86197395091284
2.094,1.4082788196773002,14.982777358797307
2.095,1.408379373612267,15.1029201460928
2.096,1.4084802010983988,15.222375657344827
2.097,1.4085813014482271,15.341117469415678
2.098,1.4086826739095337,15.459119397998506
2.099,1.4087843176656474,15.57635550406178
2.1,1.4088862318357465,15.692800100217056
2.101,1.4089884154751842,15.808427757021974
2.102,1.409090867575823,15.923213309207313
2.103,1.409193587066384,16.037131861826566
2.104,1.4092965728128173,16.150158796332192
2.105,1.4093998236186769,16.262269776570605
2.106,1.409503338225516,16.37344075470486
2.107,1.4096071153132967,16.483647977045337
2.108,1.409711153500811,16.592867989809918
2.109,1.4098154513461167,16.701077644792292
2.11,1.4099200073469882,16.808254104952027
2.111,1.4100248199413794,16.91437484991198
2.112,1.4101298875079,17.01941768137516
2.113,1.4102352083663081,17.1233607284467
2.114,1.4103407807780117,17.22618245287265
2.115,1.410446602946587,17.32786165418159
2.116,1.4105526730183056,17.428377474738454
2.117,1.4106589890826822,17.527709404701938
2.118,1.4107655491730227,17.62583728689188
2.119,1.4108723512669987,17.72274132155485
2.12,1.4109793932872228,17.81840207104017
2.121,1.4110866731018434,17.912800464371003
2.122,1.4111941885251484,18.005917801723996
2.123,1.4113019373181803,18.09773575880382
2.124,1.411409917189366,18.188236391118863
2.125,1.4115181257951546,18.27740213815659
2.126,1.4116265607406688,18.365215827455017
2.127,1.4117352195803674,18.451660678569937
2.128,1.4118440998187176,18.536720306940254
2.129,1.4119531989108798,18.62037872764637
2.13,1.4120625142634002,18.70262035906302
2.131,1.412172043234918,18.78343002640588
2.132,1.4122817831368804,18.862792965170314
2.133,1.4123917312342655,18.940694824460593
2.134,1.4125018847463227,19.01712167021435
2.135,1.412612240847312,19.092059988311775
2.136,1.412722796667263,19.165496687578923
2.137,1.412833549292737,19.237419102678444
2.138,1.4129444957676012,19.30781499688851
2.139,1.4130556330938082,19.376672564770757
2.14,1.4131669582321909,19.443980434725773
2.141,1.4132784681032586,19.509727671432955
2.142,1.4133901595880065,19.57390377818166
2.143,1.4135020295287322,19.636498699082892
2.144,1.4136140747298556,19.69750282117073
2.145,1.4137262919587563,19.75690697638771
2.146,1.4138386779466086,19.814702443453
2.147,1.4139512293892285,19.870880949619902
2.148,1.4140639429479285,19.925434672311326
2.149,1.4141768152503784,19.978356240644672
2.15,1.414289842891468,20.02963873683811
2.151,1.414403022434188,20.079275697499668
2.152,1.4145163504105018,20.12726111480083
2.153,1.4146298233222383,20.1735894375324
2.154,1.4147434376419774,20.218255572043915
2.155,1.414857189813952,20.261254883068403
2.156,1.4149710762549463,20.302583194423647
2.157,1.4150850933552084,20.34223678960197
2.158,1.4151992374793567,20.380212412242003
2.1590000000000003,1.4153135049673016,20.416507266480693
2.16,1.415427892135166,20.451119017190706
2.161,1.4155423952762105,20.484045790099856
2.162,1.4156570106617632,20.515286171793235
2.1630000000000003,1.4157717345421548,20.54483920959953
2.164,1.4158865631476527,20.572704411359865
2.165,1.4160014926894056,20.598881745079495
2.166,1.4161165193603835,20.62337163846729
2.1670000000000003,1.416231639336326,20.646174978352917
2.168,1.4163468487766904,20.667293109993977
2.169,1.4164621438256035,20.686727836263316
2.17,1.4165775206128162,20.704481416726622
2.1710000000000003,1.416692975254656,20.720556566600266
2.172,1.4168085038549885,20.734956455596915
2.173,1.4169241025061723,20.74768470665677
2.174,1.4170397672900212,20.758745394569075
2.1750000000000003,1.4171554942787636,20.768143044473078
2.176,1.4172712795360065,20.77588263025538
2.177,1.417387119117695,20.781969572828046
2.178,1.417503009073077,20.786409738299795
2.179,1.4176189454456647,20.78920943603586
2.18,1.4177349242741981,20.79037541660648
2.181,1.4178509415936056,20.78991486962576
2.182,1.417966993435968,20.787835421484772
2.183,1.4180830758314775,20.784145132971673
2.184,1.4181991848093973,20.778852496790137
2.185,1.4183153163990216,20.771966434966032
2.186,1.4184314666306301,20.763496296151004
2.187,1.4185476315364458,20.75345185282177
2.188,1.4186638071515867,20.741843298372146
2.189,1.4187799895150164,20.72868124410394
2.19,1.4188961746704942,20.713976716116775
2.191,1.419012358667521,20.697741152091737
2.192,1.4191285375622809,20.679986397979576
2.193,1.4192447074185817,20.66072470458485
2.194,1.4193608643087943,20.639968724054853
2.195,1.4194770043147813,20.617731506268512
2.196,1.4195931235288324,20.594026495129015
2.197,1.4197092180545838,20.568867524761203
2.198,1.4198252840079444,20.542268815615415
2.199,1.4199413175180107,20.514244970474948
2.2,1.4200573147279798,20.48481097037333
2.201,1.4201732717960573,20.4539821704208
2.202,1.4202891848963595,20.421774295538142
2.203,1.4204050502198111,20.38820343610405
2.204,1.4205208639750386,20.353286043514174
2.205,1.4206366223892537,20.31703892565173
2.206,1.4207523217091376,20.27947924227732
2.207,1.4208679582017116,20.24062450032818
2.208,1.4209835281552103,20.2004925491415
2.209,1.4210990278799387,20.159101575591166
2.21,1.421214453709131,20.116470099147136
2.211,1.4213298019997969,20.072616966855435
2.212,1.4214450691335656,20.02756134824037
2.213,1.4215602515175159,19.981322730130046
2.214,1.4216753455850086,19.933920911409587
2.215,1.4217903477965017,19.88537599769819
2.216,1.4219052546403628,19.83570839595643
2.217,1.422020062633674,19.784938809021725
2.218,1.422134768323027,19.73308823007571
2.219,1.4222493682853083,19.680177937045244
2.22,1.422363859128482,19.626229486934335
2.221,1.4224782374923552,19.5712647100936
2.222,1.4225925000493431,19.515305704428442
2.223,1.4227066435052194,19.45837482954167
2.224,1.4228206645998596,19.400494700819763
2.225,1.4229345601079753,19.34168818345927
2.226,1.4230483268398382,19.281978386436066
2.227,1.423161961641995,19.221388656421624
2.228,1.4232754613979721,19.159942571642887
2.229,1.4233888230289704,19.09766393569106
2.23,1.4235020434945511,19.0345767712829
2.231,1.4236151197933087,18.970705313967727
2.232,1.4237280489635362,18.9060740057935
2.233,1.4238408280838806,18.840707488921595
2.234,1.4239534542739807,18.774630599203135
2.235,1.4240659246951046,18.707868359709778
2.236,1.4241782365507694,18.640445974225685
2.237,1.4242903870873485,18.57238882069879
2.238,1.424402373594675,18.503722444659104
2.239,1.4245141934066259,18.434472552596333
2.24,1.4246258439016992,18.364665005309377
2.241,1.4247373225035802,18.29432581121884
2.242,1.4248486266816895,18.22348111965252
2.243,1.4249597539517311,18.152157214104363
2.244,1.425070701876214,18.08038050545977
2.245,1.4251814680649748,18.008177525202825
2.246,1.4252920501756805,17.93557491859849
2.247,1.4254024459143197,17.86259943785049
2.248,1.4255126530356859,17.789277935243888
2.249,1.4256226693438419,17.715637356265347
2.25,1.4257324926925783,17.641704732711446
2.251,1.425842120985855,17.567507175779383
2.252,1.4259515521782289,17.493071869146036
2.253,1.426060784275275,17.41842606203616
2.254,1.426169815333987,17.343597062283493
2.255,1.4262786434631711,17.2686122293793
2.256,1.4263872668238229,17.193498967520753
2.257,1.4264956836294933,17.118284718653314
2.258,1.4266038921466389,17.042996955510546
2.259,1.4267118906949627,16.96766317465338
2.26,1.4268196776477386,16.89231088951354
2.261,1.4269272514321232,16.816967623436142
2.262,1.4270346105294545,16.7416609027311
2.263,1.4271417534755373,16.666418249729134
2.264,1.4272486788609142,16.59126717584556
2.265,1.4273553853311245,16.516235174658334
2.266,1.4274618715869487,16.441349714991844
2.267,1.427568136384638,16.366638234020172
2.268,1.4276741785361324,16.29212813038302
2.269,1.427779996909264,16.21784675731908
2.27,1.4278855904279464,16.143821415818877
2.271,1.4279909580723509,16.070079347797616
2.272,1.4280960988790685,15.996647729291396
2.273,1.4282010119412578,15.923553663675136
2.274,1.428305696408779,15.850824174910542
2.275,1.428410151488317,15.778486200816758
2.276,1.428514376443484,15.70656658637327
2.277,1.4286183705949171,15.635092077051866
2.278,1.4287221333203532,15.564089312183029
2.279,1.4288256640546961,15.493584818353355
2.28,1.428928962290069,15.423605002843061
2.281,1.4290320275758492,15.354176147095018
2.282,1.429134859518693,15.285324400229143
2.283,1.4292374577825477,15.217075772592892
2.2840000000000003,1.4293398220886437,15.149456129355656
2.285,1.4294419522154793,15.082491184145908
2.286,1.429543847998788,15.016206492736302
2.287,1.4296455093314953,14.950627446772074
2.2880000000000003,1.4297469361636561,14.8857792675511
2.289,1.4298481285023867,14.82168699985138
2.29,1.429949086411774,14.758375505811244
2.291,1.4300498100127785,14.695869458863854
2.2920000000000003,1.43015029948312,14.634193337724042
2.293,1.4302505550571518,14.573371420430561
2.294,1.4303505770257172,14.513427778450449
2.295,1.4304503657360004,14.454386270836324
2.2960000000000003,1.4305499215913557,14.396270538447311
2.297,1.430649245051128,14.339103998231991
2.298,1.4307483366304607,14.282909837572163
2.299,1.4308471969000873,14.22771100869403
2.3000000000000003,1.430945826486112,14.173530223142848
2.301,1.431044226069777,14.120389946324877
2.302,1.4311423963872172,14.068312392120959
2.303,1.4312403382291994,14.017319517564943
2.3040000000000003,1.4313380524408545,13.967433017598466
2.305,1.4314355399213892,13.918674319892602
2.306,1.431532801623793,13.871064579748634
2.307,1.4316298385545256,13.824624675070368
2.308,1.4317266517731981,13.779375201412563
2.309,1.4318232423922372,13.735336467107373
2.31,1.4319196115765371,13.692528488472078
2.311,1.4320157605431063,13.650970985088463
2.312,1.4321116905606914,13.610683375172385
2.313,1.4322074029493979,13.571684771018113
2.314,1.432302899080295,13.533993974529949
2.315,1.43239818037501,13.49762947283466
2.316,1.43249324830531,13.462609433981129
2.317,1.4325881043926727,13.428951702724078
2.318,1.4326827502078476,13.39667379639809
2.319,1.432777187370402,13.365792900874965
2.32,1.432871417548259,13.336325866614288
2.321,1.4329654424572245,13.3082892048009
2.322,1.4330592638605022,13.281699083574807
2.323,1.433152883568197,13.256571324352649
2.324,1.4332463034368097,13.232921398240421
2.325,1.4333395253687218,13.210764422539626
2.326,1.4334325513116661,13.1901151573515
2.327,1.4335253832581911,13.170988002269326
2.328,1.4336180232451152,13.153396993171498
2.329,1.4337104733529673,13.13735579911014
2.33,1.4338027357054204,13.122877719294848
2.331,1.4338948124687176,13.109975680177541
2.332,1.4339867058510845,13.09866223263137
2.333,1.4340784181021329,13.088949549234258
2.334,1.4341699515122606,13.08084942164686
2.335,1.4342613084120333,13.07437325809326
2.336,1.4343524911715664,13.069532080943787
2.337,1.4344435021998927,13.066336524396661
2.338,1.4345343439443234,13.06479683226209
2.339,1.4346250188898007,13.064922855850966
2.34,1.4347155295582417,13.06672405196315
2.341,1.4348058785078752,13.070209480981333
2.342,1.4348960683325709,13.075387805067209
2.343,1.4349861016611587,13.082267286462951
2.344,1.4350759811567426,13.090855785895656
2.345,1.435165709516008,13.10116076108676
2.346,1.4352552894685189,13.113189265367225
2.347,1.4353447237760104,13.12694794639819
2.348,1.4354340152316751,13.14244304499536
2.349,1.4355231666594395,13.159680394059535
2.35,1.4356121809132383,13.178665417616628
2.351,1.435701060876279,13.19940312995675
2.352,1.4357898094603023,13.22189813488626
2.353,1.435878429604837,13.246154625082255
2.354,1.4359669242764477,13.272176381554175
2.355,1.4360552964679762,13.299966773213526
2.356,1.4361435491977819,13.329528756546296
2.357,1.4362316855089725,13.36086487539606
2.358,1.4363197084686332,13.393977260850932
2.359,1.4364076211670482,13.428867631236756
2.36,1.436495426716919,13.465537292219125
2.361,1.4365831282525794,13.50398713700713
2.362,1.4366707289292058,13.54421764666776
2.363,1.4367582319220218,13.58622889054405
2.364,1.4368456404255012,13.63002052677794
2.365,1.4369329576525673,13.67559180293972
2.366,1.4370201868337873,13.72294155676417
2.367,1.437107331216565,13.772068216988032
2.368,1.4371943940643297,13.822969804296065
2.369,1.4372813786557233,13.875643932368263
2.37,1.4373682882837848,13.930087809032159
2.371,1.4374551262551296,13.986298237521424
2.372,1.437541895889132,14.044271617832322
2.373,1.4376286005170997,14.104003948186573
2.374,1.4377152434814526,14.165490826597875
2.375,1.437801828134894,14.22872745253531
2.376,1.4378883578395871,14.293708628693821
2.377,1.4379748359663216,14.360428762860721
2.378,1.43806126589369,14.428881869885544
2.379,1.4381476510072537,14.499061573748946
2.38,1.4382339946987148,14.570961109729751
2.381,1.4383203003650826,14.64457332667152
2.382,1.4384065714078458,14.719890689347466
2.383,1.4384928112321393,14.79690528091976
2.384,1.438579023245914,14.87560880549907
2.385,1.4386652108591065,14.955992590797024
2.386,1.4387513774828105,15.038047590875664
2.387,1.4388375265284457,15.12176438898905
2.388,1.4389236614069327,15.207133200520389
2.389,1.4390097855278652,15.294143876009372
2.39,1.4390959022986844,15.382785904275579
2.391,1.4391820151238572,15.473048415627517
2.392,1.4392681274040526,15.56492018516471
2.393,1.4393542425353252,15.658389636169233
2.394,1.4394403639082947,15.753444843584077
2.395,1.439526494907332,15.850073537579846
2.396,1.4396126389097492,15.948263107206373
2.397,1.439698799284986,16.04800060413217
2.398,1.4397849793938078,16.149272746465357
2.399,1.4398711825874981,16.252065922659597
2.4,1.4399574122070617,16.35636619550141
2.401,1.4400436715824276,16.462159306179416
2.402,1.4401299640316554,16.569430678432838
2.403,1.4402162928601476,16.678165422779983
2.404,1.4403026613598655,16.788348340823177
2.405,1.4403890728085473,16.89996392963107
2.406,1.4404755304689343,17.01299638619753
2.407,1.4405620375879984,17.12742961197179
2.408,1.440648597396177,17.243247217466347
2.4090000000000003,1.4407352131066098,17.360432526930794
2.41,1.4408218879143868,17.4789685831023
2.411,1.4409086249957932,17.598838152021784
2.412,1.4409954275075658,17.720023727918743
2.4130000000000003,1.4410822985861562,17.842507538164
2.414,1.4411692413469939,17.966271548287324
2.415,1.4412562588837603,18.09129746705844
2.416,1.441343354267668,18.217566751632575
2.4170000000000003,1.4414305305467459,18.345060612756356
2.418,1.44151779074513,18.473760020033268
2.419,1.4416051378623636,18.60364570725099
2.42,1.4416925748726996,18.734698177761658
2.4210000000000003,1.441780104724418,18.86689770992075
2.422,1.4418677303391412,19.00022436258149
2.423,1.4419554546111621,19.134657980639076
2.424,1.442043280406779,19.27017820063
2.4250000000000003,1.4421312105636392,19.406764456378653
2.426,1.4422192478900857,19.544395984694944
2.427,1.4423073951645173,19.683051831118377
2.428,1.442395655134755,19.822710855707555
2.4290000000000003,1.442484030517414,19.96335173887323
2.43,1.4425725239972895,20.104952987257178
2.431,1.442661138226744,20.247492939647316
2.432,1.4427498758251112,20.390949772939564
2.433,1.4428387393781006,20.5353015081283
2.434,1.4429277314372182,20.680526016343265
2.435,1.443016854519191,20.82660102491488
2.436,1.4431061111054038,20.97350412347612
2.437,1.443195503641343,21.121212770094388
2.438,1.4432850345360535,21.269704297435624
2.439,1.4433747061615985,21.418955918955817
2.44,1.4434645208525367,21.568944735120283
2.441,1.4435544809054048,21.7196477396476
2.442,1.4436445885782094,21.871041825778832
2.443,1.4437348460899322,22.02310379256889
2.444,1.443825255620042,22.1758103511969
2.445,1.443915819308017,22.3291381312971
2.446,1.4440065392528822,22.483063687308487
2.447,1.4440974175127506,22.637563504836635
2.448,1.4441884561043787,22.792614007033677
2.449,1.4442796570027328,22.948191560988022
2.45,1.4443710221405621,23.10427248412674
2.451,1.4444625534079905,23.26083305062636
2.452,1.4445542526521078,23.417849497832293
2.453,1.4446461216765851,23.575298032681758
2.454,1.4447381622412878,23.73315483813593
2.455,1.4448303760619114,23.891396079609223
2.456,1.4449227648096201,24.04999791140378
2.457,1.4450153301107023,24.208936483141912
2.458,1.4451080735462327,24.36818794619583
2.459,1.4452009966517498,24.52772846011601
2.46,1.4452941009169427,24.687534199050447
2.461,1.4453873877853478,24.84758135815943
2.462,1.4454808586540637,25.007846160022893
2.463,1.4455745148734687,25.168304861032766
2.464,1.4456683577469565,25.3289337577788
2.465,1.4457623885306798,25.489709193416473
2.466,1.4458566084333102,25.65060756402221
2.467,1.445951018615805,25.811605324933026
2.468,1.4460456201911882,25.972678997062758
2.469,1.4461404142243428,26.13380517320445
2.47,1.4462354017318166,26.294960524307413
2.471,1.4463305836816378,26.45612180573133
2.472,1.446425960993143,26.61726586347828
2.473,1.446521534536819,26.778369640394686
2.474,1.446617305134154,26.939410182348155
2.475,1.4467132735575037,27.100364644375105
2.476,1.446809440529967,27.261210296794758
2.477,1.4469058067252731,27.421924531293257
2.478,1.4470023727676862,27.58248486697397
2.479,1.4470991392319146,27.742868956368426
2.48,1.447196106643039,27.90305459141561
2.481,1.4472932754764474,28.063019709399214
2.482,1.447390646157784,28.222742398844275
2.483,1.447488219062914,28.382200905376806
2.484,1.4475859945178926,28.541373637533383
2.485,1.447683972798954,28.70023917253394
2.486,1.4477821541325084,28.858776262003147
2.487,1.4478805386951503,29.01696383764687
2.488,1.447979126613681,29.17478101687854
2.489,1.4480779179651444,29.332207108397824
2.49,1.4481769127768696,29.48922161771489
2.491,1.4482761110265308,29.645804252623407
2.492,1.4483755126422175,29.80193492861963
2.493,1.4484751175025143,29.957593774263614
2.494,1.4485749254365958,30.112761136487308
2.495,1.4486749362243325,30.267417585839695
2.496,1.4487751495964079,30.42154392167754
2.497,1.4488755652344445,30.57512117728956
2.498,1.44897618277115,30.72813062496354
2.499,1.4490770017904662,30.880553780987412
2.5,1.4491780218277324,31.03237241058622
2.501,1.4492792423698644,31.18356853279272
2.502,1.4493806628555372,31.33412442525335
2.503,1.4494822826753893,31.484022628961412
2.504,1.4495841011722261,31.633245952926075
2.505,1.4496861176412463,31.781777478766372
2.506,1.4497883313302726,31.929600565236512
2.507,1.4498907414399955,32.076698852677794
2.508,1.4499933471242274,32.2230562673943
2.509,1.4500961474901704,32.36865702595642
2.51,1.4501991415986908,32.513485639429575
2.511,1.4503023284646095,32.65752691751925
2.512,1.4504057070569982,32.800765972645934
2.513,1.4505092762994898,32.94318822393615
2.514,1.4506130350705977,33.084779401134256
2.515,1.4507169822040475,33.2255255484354
2.516,1.4508211164891167,33.36541302823318
2.517,1.4509254366709854,33.50442852478557
2.518,1.4510299414510988,33.64255904780043
2.519,1.4511346294875382,33.77979193593117
2.52,1.4512394993954045,33.916114860189765
2.521,1.4513445497472057,34.051515827273874
2.522,1.4514497790732628,34.18598318280556
2.523,1.4515551858621172,34.31950561448295
2.524,1.4516607685609555,34.45207215514279
2.525,1.4517665255760346,34.58367218573392
2.526,1.4518724552731261,34.71429543820133
2.527,1.4519785559779619,34.8439319982773
2.528,1.4520848259766956,34.972572308183715
2.529,1.4521912635163656,35.10020716924109
2.53,1.4522978668053736,35.226827744383456
2.531,1.452404634013969,35.35242556058449
2.532,1.4525115632747416,35.47699251118348
2.533,1.4526186526831248,35.60052085812191
2.5340000000000003,1.4527259002979043,35.72300323408359
2.535,1.4528333041417374,35.844432644538415
2.536,1.4529408622016797,35.96480246969156
2.537,1.4530485724297204,36.084106466334305
2.5380000000000003,1.4531564327433233,36.20233876960131
2.539,1.4532644410259774,36.31949389462875
2.54,1.4533725951277563,36.43556673811304
2.541,1.453480892865881,36.55055257977622
2.5420000000000003,1.453589332025293,36.66444708372933
2.543,1.4536979103592356,36.777246299738295
2.544,1.4538066255898376,36.88894666439205
2.545,1.453915475408708,36.999545002169526
2.5460000000000003,1.4540244574775378,37.109038526409336
2.547,1.4541335694287014,37.217424840180826
2.548,1.4542428088658763,37.32470193705004
2.549,1.454352173364656,37.430868201753384
2.5500000000000003,1.4544616604731788,37.53592241076598
2.551,1.454571267712758,37.63986373277186
2.552,1.4546809925785167,37.742691729034675
2.553,1.4547908325400345,37.84440635366542
2.5540000000000003,1.4549007850419904,37.945007953795255
2.555,1.4550108475048185,38.044497269642164
2.556,1.4551210173253646,38.14287543448151
2.557,1.455231291877551,38.24014397451461
2.5580000000000003,1.4553416685130423,38.33630480863917
2.559,1.4554521445619195,38.43136024811682
2.56,1.4555627173333545,38.52531299614478
2.561,1.455673384116292,38.618166147322825
2.562,1.4557841421801359,38.70992318702639
2.563,1.4558949887754358,38.80058799067672
2.564,1.4560059211345808,38.89016482291265
2.565,1.456116936472497,38.97865833666475
2.566,1.4562280319873437,39.06607357212974
2.567,1.45633920486122,39.15241595564768
2.568,1.4564504522608677,39.237691298479945
2.569,1.4565617713383814,39.32190579549217
2.57,1.4566731592319195,39.40506602373682
2.571,1.4567846130664188,39.48717894094324
2.572,1.456896129954309,39.56825188390519
2.573,1.457007706996233,39.6482925667795
2.574,1.4571193412817656,39.72730907928616
2.575,1.4572310298901376,39.805309884810754
2.576,1.4573427698909576,39.88230381841794
2.577,1.4574545583449385,39.95830008476838
2.578,1.457566392304624,40.03330825594054
2.579,1.4576782688151162,40.107338269164586
2.58,1.457790184914802,40.18040042445995
2.581,1.457902137636087,40.25250538218313
2.582,1.4580141240061208,40.32366416048646
2.583,1.4581261410475297,40.39388813268306
2.584,1.4582381857791469,40.46318902452569
2.585,1.458350255216742,40.53157891139685
2.586,1.4584623463737534,40.599070215407664
2.587,1.4585744562620155,40.665675702415
2.588,1.4586865818924912,40.7314084789474
2.589,1.4587987202759987,40.79628198904845
2.59,1.4589108684239394,40.86031001103538
2.591,1.4590230233490271,40.92350665417129
2.592,1.4591351820660114,40.98588635525911
2.593,1.4592473415924045,41.04746387514851
2.594,1.4593594989492016,41.10825429516527
2.595,1.4594716511616033,41.16827301346069
2.596,1.4595837952597357,41.227535741277336
2.597,1.4596959282793665,41.28605849914305
2.598,1.4598080472626187,41.343857612983584
2.599,1.4599201492586875,41.40094971015952
2.6,1.4600322313245462,41.457351715430065
2.601,1.4601442905256543,41.5130808468389
2.602,1.4602563239366635,41.568154611532265
2.603,1.4603683286421172,41.622590801501644
2.604,1.46048030173715,41.676407489256064
2.605,1.4605922403281808,41.729623023424494
2.606,1.4607041415336048,41.78225602429245
2.607,1.4608160024844814,41.83432537926711
2.608,1.460927820325216,41.885850238280455
2.609,1.4610395922142398,41.93685000912342
2.61,1.4611513153246873,41.987344352718594
2.611,1.4612629868450635,42.03735317833272
2.612,1.4613746039799123,42.08689663872079
2.613,1.4614861639504768,42.1359951252181
2.614,1.4615976639953578,42.184669262769205
2.615,1.4617091013711638,42.23293990489918
2.616,1.4618204733531575,42.28082812863167
2.617,1.4619317772358986,42.32835522934735
2.618,1.462043010333878,42.375542715595344
2.619,1.4621541699821492,42.42241230384596
2.62,1.4622652535369505,42.46898591319683
2.621,1.4623762583763273,42.515285660027814
2.622,1.4624871819007401,42.56133385260887
2.623,1.4625980215336756,42.60715298565955
2.624,1.462708774722242,42.65276573486622
2.625,1.4628194389377664,42.69819495135039
2.626,1.462930011676379,42.74346365610043
2.627,1.4630404904595955,42.78859503435973
2.628,1.463150872834889,42.83361242997188
2.629,1.4632611563762572,42.87853933969399
2.63,1.463371338684781,42.92339940746996
2.631,1.4634814173891773,42.968216418666856
2.632,1.4635913901463433,43.01301429428196
2.633,1.4637012546418937,43.05781708511401
2.634,1.4638110085906895,43.10264896590442
2.635,1.463920649737362,43.14753422945222
2.636,1.4640301758568244,43.192497280695534
2.637,1.4641395847547782,43.23756263077166
2.638,1.4642488742682138,43.28275489105343
2.639,1.464358042265896,43.3280987671545
2.64,1.4644670866488487,43.37361905292417
2.641,1.4645760053508257,43.41934062441274
2.642,1.4646847963387781,43.465288433822366
2.643,1.4647934576133075,43.51148750344322
2.644,1.464901987209113,43.557962919568865
2.645,1.4650103831954329,43.604739826399424
2.646,1.4651186436764694,43.65184341993822
2.647,1.4652267667918142,43.69929894186831
2.648,1.4653347507168553,43.74713167342526
2.649,1.4654425936631814,43.79536692926291
2.65,1.4655502938789757,43.84403005130949
2.651,1.465657849649397,43.893146402623074
2.652,1.4657652592969554,43.94274136124068
2.653,1.4658725211818766,43.99284031402715
2.654,1.4659796337024564,44.04346865052767
2.655,1.4660865952954067,44.09465175681433
2.656,1.466193404436192,44.14641500934445
2.657,1.4663000596393516,44.19878376881775
2.658,1.466406559458819,44.25178337404185
2.6590000000000003,1.4665129024882273,44.30543913580834
2.66,1.4666190873612037,44.35977633077334
2.661,1.466725112751655,44.4148201953534
2.662,1.466830977374047,44.47059591963239
2.6630000000000003,1.466936679983665,44.52712864128236
2.664,1.4670422193768733,44.58444343950106
2.665,1.467147594391357,44.64256532896479
2.666,1.4672528039063584,44.70151925380321
2.6670000000000003,1.4673578468429018,44.76133008159243
2.668,1.4674627221640062,44.822022597369454
2.669,1.4675674288748883,44.88362149767093
2.67,1.4676719660231572,44.94615138459784
2.6710000000000003,1.4677763326989952,45.00963675990431
2.672,1.4678805280353302,45.07410201911645
2.673,1.467984551207997,45.139571445678
2.674,1.4680884014358877,45.20606920512995
2.6750000000000003,1.4681920779810915,45.273619339321726
2.676,1.4682955801490243,45.34224576065202
2.677,1.468398907288547,45.411972246352235
2.678,1.4685020587920743,45.48282243280042
2.6790000000000003,1.4686050340956698,45.55481980987631
2.68,1.4687078326791345,45.627987715355744
2.681,1.4688104540660811,45.70234932934363
2.682,1.4689128978240007,45.77792766875379
2.6830000000000003,1.469015163564315,45.85474558182932
2.684,1.4691172509424197,45.93282574270734
2.685,1.4692191596577202,46.01219064603305
2.686,1.4693208894536491,46.09286260162122
2.6870000000000003,1.4694224401176814,46.174863729164315
2.688,1.4695238114813323,46.25821595299493
2.689,1.4696250034201486,46.342940996895265
2.69,1.469726015853687,46.42906037896648
2.691,1.4698268487454813,46.516595406545775
2.692,1.4699275021030043,46.60556717118487
2.693,1.4700279759776094,46.6959965436796
2.694,1.4701282704644703,46.787904169164534
2.695,1.470228385702507,46.881310462261126
2.696,1.4703283218742995,46.97623560229097
2.697,1.470428079205994,47.072699528548284
2.698,1.470527657967196,47.17072193563561
2.699,1.4706270584708554,47.27032226886749
2.7,1.4707262810731387,47.3715197197329
2.701,1.4708253261732933,47.47433322143124
2.702,1.4709241942134985,47.578781444471446
2.703,1.47102288567871,47.68488279234157
2.704,1.4711214010964904,47.79265539724835
2.705,1.4712197410368322,47.90211711592765
2.706,1.4713179061119694,48.013285525525305
2.707,1.4714158969761795,48.126177919554706
2.708,1.4715137143255745,48.24081130392396
2.709,1.471611358897884,48.35720239304172
2.71,1.4717088314722275,48.47536760599732
2.711,1.4718061328688739,48.59532306281804
2.712,1.4719032639489975,48.7170845808036
2.713,1.4720002256144182,48.84066767094245
2.714,1.4720970188073357,48.96608753440259
2.715,1.4721936445100543,49.093359059109105
2.716,1.472290103744693,49.22249681639755
2.717,1.4723863975728961,49.35351505775317
2.718,1.4724825270955242,49.4864277116333
2.719,1.4725784934523423,49.621248380369195
2.72,1.472674297821697,49.757990337159626
2.721,1.472769941420185,49.89666652314298
2.722,1.4728654255023113,50.03728954455917
2.723,1.4729607513601404,50.17987166999973
2.724,1.4730559203229374,50.324424827739904
2.725,1.4731509337568032,50.47096060316511
2.726,1.4732457930642946,50.619490236281976
2.727,1.4733404996840456,50.770024619320765
2.728,1.4734350550903699,50.92257429442762
2.729,1.4735294607928648,51.07714945144522
2.73,1.4736237183359995,51.23375992578718
2.731,1.4737178292986994,51.39241519640518
2.732,1.4738117952939214,51.5531243838425
2.733,1.4739056179682215,51.71589624838663
2.734,1.473999299001315,51.88073918831114
2.735,1.4740928401056284,52.047661238211674
2.736,1.474186243025843,52.21667006743664
2.737,1.4742795095384336,52.387772978612134
2.738,1.4743726414511997,52.560976906258546
2.739,1.4744656406027874,52.73628841550834
2.74,1.4745585088622035,52.91371370091187
2.741,1.4746512481283305,53.09325858534393
2.742,1.474743860329423,53.27492851900405
2.743,1.474836347422607,53.45872857851168
2.744,1.4749287113933687,53.644663466101775
2.745,1.4750209542550379,53.83273750890977
2.746,1.4751130780482653,54.022954658361726
2.747,1.4752050848404927,54.21531848965367
2.748,1.475296976725417,54.40983220133164
2.749,1.475388755822452,54.60649861496901
2.75,1.4754804242761799,54.805320174938004
2.751,1.4755719842558008,55.00629894828002
2.752,1.4756634379545734,55.2094366246743
2.753,1.4757547875892534,55.41473451649962
2.754,1.4758460353995266,55.62219355899646
2.755,1.4759371836474358,55.83181431052725
2.756,1.4760282346168019,56.04359695292706
2.757,1.4761191906126434,56.257541291957395
2.758,1.4762100539605896,56.473646757854766
2.759,1.476300827006289,56.69191240597445
2.76,1.4763915121148143,56.91233691753075
2.761,1.4764821116700637,57.13491860043453
2.762,1.4765726280741567,57.35965539022516
2.763,1.4766630637468268,57.58654485110037
2.764,1.476753421124814,57.815584177036584
2.765,1.476843702661246,58.046770193008996
2.766,1.4769339108250241,58.28009935630614
2.767,1.4770240481002026,58.515567757932956
2.768,1.4771141169853645,58.75317112411565
2.769,1.4772041199929933,58.99290481789457
2.77,1.4772940596488482,59.23476384081205
2.771,1.4773839384913288,59.47874283469275
2.772,1.4774737590708424,59.72483608351578
2.773,1.477563523949168,59.97303751537987
2.774,1.4776532356988186,60.223340704556705
2.775,1.4777428969023991,60.47573887363836
2.776,1.477832510151966,60.73022489577268
2.777,1.4779220780483837,60.98679129698837
2.778,1.478011603200679,61.24543025860865
2.779,1.478101088225395,61.50613361975434
2.78,1.4781905357459444,61.76889287993387
2.781,1.4782799483919602,62.03369920171903
2.782,1.478369328798647,62.30054341350893
2.783,1.4784586796061323,62.569416012377644
2.7840000000000003,1.4785480034588137,62.840307167008206
2.785,1.4786373030047115,63.11320672070781
2.786,1.478726580894815,63.38810419451066
2.787,1.4788158397824351,63.66498879035851
2.7880000000000003,1.47890508232255,63.943849394365174
2.789,1.4789943111711572,64.22467458016243
2.79,1.4790835289846247,64.50745261232319
2.791,1.4791727384190383,64.7921714498658
2.7920000000000003,1.4792619421295574,65.07881874983684
2.793,1.479351142769763,65.36738187096705
2.794,1.479440342991016,65.65784787740846
2.795,1.4795295454418098,65.95020354254412
2.7960000000000003,1.4796187527671252,66.24443535287227
2.797,1.4797079676077913,66.54052951196255
2.798,1.4797971925998428,66.83847194448842
2.799,1.4798864303738821,67.13824830032553
2.8000000000000003,1.4799756835544444,67.43984395872423
2.801,1.48006495475936,67.74324403254847
2.802,1.480154246599125,68.04843337258387
2.803,1.4802435616762721,68.35539657191359
2.8040000000000003,1.4803329025847403,68.66411797035676
2.805,1.4804222719092548,68.97458165897515
2.806,1.4805116722247038,69.28677148464087
2.807,1.4806011060955202,69.60067105466622
2.8080000000000003,1.4806905760750673,69.9162637414966
2.809,1.4807800847050272,70.23353268746082
2.81,1.4808696345147934,70.55246080958074
2.811,1.480959228020865,70.87303080444035
2.8120000000000003,1.481048867726247,71.19522515310743
2.813,1.4811385561198551,71.5190261261123
2.814,1.48122829567592,71.84441578848023
2.815,1.4813180888534017,72.17137600481473
2.816,1.4814079380954053,72.49988844443408
2.817,1.4814978458286006,72.82993458655298
2.818,1.4815878144626482,73.1614957255185
2.819,1.4816778463896294,73.49455297609019
2.82,1.48176794398348,73.8290872787627
2.821,1.4818581095994319,74.16507940513873
2.822,1.481948345573458,74.50250996334097
2.823,1.4820386542217205,74.84135940346513
2.824,1.48212903784003,75.18160802307568
2.825,1.482219498703305,75.52323597273806
2.826,1.4823100390650383,75.86622326158957
2.827,1.482400661156772,76.21054976294539
2.828,1.4824913671875748,76.5561952199382
2.829,1.4825821593435269,76.90313925119247
2.83,1.4826730397872119,77.25136135652998
2.831,1.482764010657214,77.6008409227039
2.832,1.4828550740676203,77.95155722916216
2.833,1.482946232107533,78.30348945383994
2.834,1.4830374868405851,78.656616678973
2.835,1.4831288403044631,79.01091789694173
2.836,1.4832202945104407,79.36637201613067
2.837,1.4833118514429127,79.72295786681484
2.838,1.48340351305894,80.08065420706356
2.839,1.4834952812878044,80.43943972866236
2.84,1.4835871580305624,80.79929306304967
2.841,1.4836791451596163,81.1601927872724
2.842,1.483771244518284,81.5221174299532
2.843,1.4838634579203827,81.88504547726818
2.844,1.4839557871498168,82.2489553789371
2.845,1.484048233960175,82.61382555422348
2.846,1.4841408000743344,82.97963439793917
2.847,1.4842334871840726,83.3463602864561
2.848,1.484326296949689,83.7139815837233
2.849,1.4844192309996322,84.082476647287
2.85,1.4845122909301376,84.45182383430847
2.851,1.4846054783048717,84.82200150758729
2.852,1.4846987946545862,85.19298804157671
2.853,1.4847922414767774,85.56476182840139
2.854,1.4848858202353588,85.93730128386547
2.855,1.4849795323603392,86.31058485345781
2.856,1.4850733792475097,86.6845910183473
2.857,1.4851673622581378,87.05929830136768
2.858,1.4852614827186759,87.4346852729949
2.859,1.4853557419204724,87.81073055730992
2.86,1.4854501411194936,88.18741283794563
2.861,1.4855446815360565,88.56471086402044
2.862,1.4856393643545687,88.94260345605599
2.863,1.4857341907232777,89.32106951187248
2.864,1.4858291617540285,89.70008801246638
2.865,1.4859242785220335,90.07963802786742
2.866,1.4860195420656461,90.45969872296783
2.867,1.4861149533861495,90.84024936333506
2.868,1.48621051344755,91.22126932098874
2.869,1.4863062231763844,91.60273808015778
2.87,1.4864020834615295,91.9846352430047
2.871,1.48649809515403,92.36694053531943
2.872,1.4865942590669283,92.7496338121841
2.873,1.4866905759751088,93.13269506359936
2.874,1.4867870466151476,93.51610442008032
2.875,1.4868836716851754,93.89984215821605
2.876,1.4869804518447471,94.28388870618625
2.877,1.4870773877147236,94.66822464924567
2.878,1.4871744798771587,95.0528307351632
2.879,1.487271728875203,95.43768787962173
2.88,1.4873691352130096,95.82277717157271
2.881,1.4874666993556533,96.20807987854639
2.882,1.48756442172906,96.59357745191757
2.883,1.4876623027199443,96.97925153212363
2.884,1.4877603426757562,97.36508395383146
2.885,1.4878585419046393,97.75105675105634
2.886,1.487956900675398,98.13715216223093
2.887,1.4880554192174733,98.52335263521775
2.888,1.4881540977209282,98.90964083227124
2.889,1.4882529363364454,99.29599963494215
2.89,1.4883519351753314,99.68241214892734
2.891,1.4884510943095315,100.0688617088615
2.892,1.4885504137716563,100.45533188304839
2.893,1.4886498935550119,100.84180647813251
2.894,1.4887495336136478,101.22826954371382
2.895,1.488849333862408,101.61470537689112
2.896,1.4889492941769948,102.00109852674947
2.897,1.4890494143940396,102.38743379878059
2.898,1.489149694311187,102.77369625923478
2.899,1.4892501336871835,103.15987123940931
2.9,1.4893507322419801,103.5459443398662
2.901,1.4894514896568407,103.93190143458165
2.902,1.4895524055744627,104.31772867502627
2.903,1.4896534795991045,104.7034124941709
2.904,1.489754711296725,105.0889396104229
2.905,1.4898561001951285,105.47429703148737
2.906,1.4899576457841222,105.85947205815566
2.907,1.490059347515681,106.2444522880166
2.908,1.4901612048041224,106.6292256190913
2.9090000000000003,1.490263217026291,107.01378025339355
2.91,1.490365383521747,107.39810470040898
2.911,1.4904677035929716,107.78218778049582
2.912,1.4905701765055759,108.16601862820649
2.9130000000000003,1.490672801488518,108.54958669552784
2.914,1.4907755777343337,108.9328817550399
2.915,1.4908785043993693,109.31589390299277
2.916,1.4909815806040299,109.69861356229879
2.9170000000000003,1.4910848054330308,110.08103148544069
2.918,1.4911881779356593,110.46313875729837
2.919,1.4912916971260453,110.84492679788463
2.92,1.4913953619834406,111.22638736500006
2.9210000000000003,1.491499171452504,111.60751255679645
2.922,1.4916031244435983,111.988294814256
2.923,1.4917072198330914,112.36872692358159
2.924,1.4918114564636669,112.74880201849584
2.9250000000000003,1.4919158331446458,113.1285135824544
2.926,1.4920203486523111,113.50785545076727
2.927,1.4921250017302417,113.88682181262749
2.928,1.4922297910896558,114.26540721305537
2.9290000000000003,1.4923347154097595,114.6436065547419
2.93,1.4924397733381052,115.02141509980807
2.931,1.4925449634909533,115.39882847146782
2.932,1.492650284453648,115.77584265559918
2.9330000000000003,1.4927557347809917,116.15245400221957
2.934,1.4928613129976345,116.5286592268728
2.935,1.4929670175984646,116.90445541191471
2.936,1.4930728470490087,117.27984000771244
2.9370000000000003,1.493178799785841,117.65481083374013
2.938,1.4932848742169904,118.02936607958685
2.939,1.493391068722367,118.40350430586633
2.94,1.4934973816541839,118.7772244450303
2.9410000000000003,1.4936038113373906,119.15052580208622
2.942,1.4937103560701122,119.52340805522195
2.943,1.4938170141240932,119.89587125632902
2.944,1.4939237837451496,120.26791583143577
2.945,1.494030663153624,120.63954258103726
2.946,1.4941376505448485,121.01075268033476
2.947,1.4942447440896138,121.3815476793751
2.948,1.49435194193464,121.75192950309368
2.949,1.4944592422030591,122.1219004512626
2.95,1.4945666429948954,122.49146319833952
2.951,1.4946741423875574,122.86062079322237
2.952,1.4947817384363307,123.22937665890524
2.953,1.4948894291748782,123.59773459203947
2.954,1.4949972126157431,123.96569876239653
2.955,1.4951050867508582,124.3332737122372
2.956,1.495213049552058,124.70046435558106
2.957,1.4953210989715977,125.06727597738372
2.958,1.4954292329426733,125.43371423261453
2.959,1.49553744937995,125.79978514524203
2.96,1.495645746180088,126.16549510712196
2.961,1.4957541212222796,126.53085087679017
2.962,1.495862572368785,126.89585957816249
2.963,1.4959710974654743,127.26052869913849
2.964,1.4960796943423704,127.62486609011086
2.965,1.496188360814198,127.98887996238278
2.966,1.4962970946809349,128.35257888649087
2.967,1.4964058937283635,128.715971790435
2.968,1.4965147557286311,129.07906795781406
2.969,1.4966236784408062,129.4418770258747
2.97,1.4967326596114428,129.80440898346183
2.971,1.4968416969751441,130.16667416888401
2.972,1.49695078825513,130.52868326768353
2.973,1.4970599311638066,130.8904473103194
2.974,1.4971691234033362,131.251977669761
2.975,1.4972783626662112,131.6132860589896
2.976,1.4973876466358302,131.97438452841703
2.977,1.4974969729870728,132.33528546321077
2.978,1.4976063393868784,132.69600158053697
2.979,1.497715743494825,133.0565459267164
2.98,1.497825182963712,133.4169318742904
2.981,1.4979346554401385,133.77717311900918
2.982,1.498044158565088,134.13728367673116
2.983,1.498153689974513,134.49727788023932
2.984,1.4982632472999153,134.85717037597894
2.985,1.498372828168934,135.21697612070727
2.986,1.4984824302059274,135.57671037806915
2.987,1.4985920510325608,135.93638871508836
2.988,1.49870168826839,136.29602699858088
2.989,1.4988113395314457,136.65564139149112
2.99,1.49892100243882,137.01524834914972
2.991,1.4990306746072493,137.37486461545456
2.992,1.499140353653699,137.7345072189787
2.993,1.4992500371959459,138.09419346900154
2.994,1.4993597228531617,138.45394095146673
2.995,1.499469408246493,138.81376752487168
2.996,1.499579090999644,139.17369131607788
2.997,1.4996887687394524,139.53373071606015
2.998,1.4997984390964707,139.8939043755794
2.999,1.4999080997055394,140.25423120079108
3.0,1.500017748206364,140.61473034878563
3.001,1.500127382244086,140.97542122306245
3.002,1.5002369994698561,141.33632346893975
3.003,1.5003465975414,141.6974569689022
3.004,1.5004561741235891,142.05884183788191
3.005,1.5005657268890007,142.4204984184833
3.006,1.5006752535184829,142.78244727614455
3.007,1.5007847517017117,143.14470919424113
3.008,1.5008942191377508,143.50730516913333
3.009,1.5010036535356013,143.87025640515307
3.01,1.5011130526147556,144.23358430954113
3.011,1.5012224141057429,144.59731048732772
3.012,1.5013317357506752,144.96145673615914
3.013,1.501441015303787,145.32604504107687
3.014,1.5015502505319727,145.69109756924416
3.015,1.501659439215321,146.05663666462428
3.016,1.5017685791476463,146.42268484261265
3.017,1.50187766813701,146.78926478462284
3.018,1.5019867040062487,147.15639933262645
3.019,1.5020956845934874,147.52411148365346
3.02,1.5022046077526552,147.892424384246
3.021,1.5023134713539943,148.2613613248761
3.022,1.5024222732845656,148.6309457343238
3.023,1.502531011448746,149.001201174014
3.024,1.5026396837687266,149.3721513323228
3.025,1.5027482881850034,149.74382001884595
3.026,1.502856822656859,150.11623115863324
3.027,1.5029652851628483,150.48940878639607
3.028,1.503073673701269,150.86337704067824
3.029,1.5031819862906355,151.23816015800261
3.03,1.5032902209701393,151.61378246698965
3.031,1.5033983758001122,151.99026838244916
3.032,1.5035064488624759,152.3676423994482
3.033,1.5036144382611916,152.74592908735627
3.0340000000000003,1.503722342122701,153.12515308386958
3.035,1.5038301585963634,153.50533908901596
3.036,1.5039378858548835,153.88651185913935
3.037,1.5040455220947346,154.26869620086995
3.0380000000000003,1.5041530655365791,154.65191696507958
3.039,1.504260514425676,155.03619904081972
3.04,1.5043678670322869,155.42156734925166
3.041,1.5044751216520742,155.80804683756486
3.0420000000000003,1.504582276606492,156.19566247288293
3.043,1.5046893302431705,156.5844392361705
3.044,1.5047962809362951,156.97440211612184
3.045,1.5049031270869753,157.36557610305783
3.0460000000000003,1.5050098671236105,157.75798618281175
3.047,1.505116499502247,158.15165733061667
3.048,1.5052230227069257,158.54661450499276
3.049,1.505329435250027,158.94288264163714
3.0500000000000003,1.5054357356726058,159.34048664731577
3.051,1.505541922544717,159.73945139376295
3.052,1.5056479944657404,160.13980171158255
3.053,1.5057539500646897,160.5415623841639
3.0540000000000003,1.5058597880005196,160.94475814160046
3.055,1.5059655069624245,161.34941365462495
3.056,1.5060711056701273,161.75555352855503
3.057,1.5061765828741611,162.16320229725216
3.0580000000000003,1.5062819373561467,162.5723844170983
3.059,1.5063871679290552,162.98312426099065
3.06,1.5064922734374704,163.39544611235104
3.061,1.5065972527578366,163.80937415916023
3.0620000000000003,1.5067021047987035,164.22493248801288
3.063,1.5068068285009582,164.64214507819332
3.064,1.5069114228380551,165.06103579578138
3.065,1.50701588681623,165.48162838777904
3.0660000000000003,1.507120219474713,165.90394647626928
3.067,1.5072244198859288,166.32801355260358
3.068,1.5073284871556905,166.75385297161736
3.069,1.5074324204233847,167.18148794588285
3.0700000000000003,1.5075362188621462,167.61094153999156
3.071,1.5076398816790284,168.04223666487377
3.072,1.5077434081151628,168.47539607215697
3.073,1.507846797445908,168.91044234855647
3.074,1.5079500489809938,169.3473979103137
3.075,1.508053162064655,169.78628499766964
3.076,1.5081561360757567,170.22712566938304
3.077,1.5082589704279112,170.66994179729284
3.078,1.5083616645695868,171.1147550609248
3.079,1.5084642179842043,171.56158694214625
3.08,1.508566630190232,172.0104587198672
3.081,1.5086689007412664,172.46139146479436
3.082,1.5087710292261038,172.9144060342295
3.083,1.5088730152688081,173.36952306692888
3.084,1.5089748585287643,173.826762978008
3.085,1.509076558700728,174.28614595390485
3.086,1.5091781155148625,174.74769194740134
3.087,1.5092795287367693,175.2114206726965
3.088,1.5093807981675098,175.67735160054357
3.089,1.5094819236436183,176.14550395344463
3.09,1.5095829050371035,176.61589670090558
3.091,1.5096837422554465,177.08854855475647
3.092,1.509784435241585,177.56347796453184
3.093,1.5098849839738935,178.0407031129184
3.094,1.50998538846615,178.52024191126804
3.095,1.510085648767498,179.00211199517702
3.096,1.510185764962398,179.48633072013405
3.097,1.5102857371705707,179.97291515723907
3.098,1.5103855655469316,180.46188208898977
3.099,1.5104852502815178,180.95324800514192
3.1,1.510584791599405,181.4470290986422
3.101,1.510684189760616,181.9432412616331
3.102,1.5107834450600237,182.44190008153436
3.103,1.5108825578272398,182.94302083719973
3.104,1.5109815284265025,183.44661849515012
3.105,1.511080357256548,183.95270770588445
3.106,1.5111790447504814,184.46130280026964
3.107,1.5112775913756322,184.97241778601125
3.108,1.5113759976334071,185.48606634420182
3.109,1.5114742640591323,186.00226182595367
3.11,1.5115723912218857,186.5210172491132
3.111,1.5116703797243256,187.04234529505703
3.112,1.5117682302025073,187.56625830557556
3.113,1.5118659433256931,188.092768279836
3.114,1.5119635197961554,188.62188687143703
3.115,1.5120609603489703,189.15362538554774
3.116,1.5121582657518033,189.68799477613092
3.117,1.51225543680469,190.2250056432589
3.118,1.512352474339805,190.7646682305155
3.119,1.5124493792212257,191.3069924224872
3.12,1.5125461523446888,191.851987742347
3.121,1.5126427946373382,192.39966334952442
3.122,1.512739307057464,192.95002803747064
3.123,1.5128356905942395,193.50309023151715
3.124,1.512931946267443,194.0588579868184
3.125,1.513028075127181,194.61733898639812
3.126,1.5131240782535955,195.17854053928315
3.127,1.513219956756572,195.7424695787313
3.128,1.5133157117754363,196.30913266055748
3.129,1.5134113444786443,196.87853596154918
3.13,1.5135068560634657,197.4506852779846
3.131,1.5136022477556637,198.02558602423943
3.132,1.513697520809162,198.60324323149624
3.133,1.513792676505712,199.18366154654447
3.134,1.5138877161545468,199.76684523068369
3.135,1.5139826410920356,200.35279815871854
3.136,1.5140774526813268,200.94152381805566
3.137,1.5141721523119855,201.533025307894
3.138,1.5142667413996285,202.12730533851834
3.139,1.5143612213855486,202.72436623068745
3.14,1.514455593736336,203.32420991512134
3.141,1.5145498599434921,203.9268379320882
3.142,1.5146440215230395,204.53225143108983
3.143,1.514738080015125,205.14045117064512
3.144,1.5148320369836177,205.7514375181745
3.145,1.5149258940156998,206.36521044998008
3.146,1.5150196527214561,206.98176955132863
3.147,1.515113314733454,207.60111401663312
3.148,1.5152068817063205,208.2232426497292
3.149,1.5153003553163154,208.84815386425666
3.15,1.5153937372608972,209.4758456841368
3.151,1.5154870292582843,210.10631574414793
3.152,1.5155802330470145,210.7395612906035
3.153,1.5156733503854967,211.3755791821239
3.154,1.5157663830515602,212.01436589051002
3.155,1.5158593328419983,212.65591750171646
3.156,1.5159522015721072,213.3002297169188
3.157,1.5160449910752263,213.94729785368202
3.158,1.516137703202265,214.59711684722555
3.1590000000000003,1.516230339821233,215.2496812517859
3.16,1.5163229028167662,215.90498524207604
3.161,1.5164153940896459,216.56302261484237
3.162,1.5165078155563156,217.223786790516
3.1630000000000003,1.5166001691483972,217.88727081496364
3.164,1.516692456812199,218.5534673613312
3.165,1.5167846805082263,219.2223687319817
3.166,1.5168768422106838,219.8939668605331
3.1670000000000003,1.516968943906978,220.56825331398414
3.168,1.5170609875972176,221.24521929493733
3.169,1.5171529752937079,221.92485564391558
3.17,1.5172449090204458,222.6071528417683
3.1710000000000003,1.5173367908126116,223.29210101217524
3.172,1.517428622716058,223.97968992423404
3.173,1.517520406786798,224.66990899514684
3.174,1.517612145090488,225.36274729299095
3.1750000000000003,1.5177038397019154,226.0581935395826
3.176,1.5177954927044754,226.7562361134282
3.177,1.5178871061896546,227.4568630527629
3.178,1.5179786822565091,228.16006205867862
3.1790000000000003,1.5180702230111403,228.86582049833942
3.18,1.5181617305661725,229.5741254082777
3.181,1.5182532070402268,230.2849634977813
3.182,1.518344654557397,230.99832115236234
3.1830000000000003,1.5184360752467205,231.7141844373093
3.184,1.5185274712416528,232.43253910132177
3.185,1.5186188446795381,233.15337058022817
3.186,1.5187101977010822,233.87666400078163
3.1870000000000003,1.5188015324498234,234.60240418454006
3.188,1.5188928510716024,235.3305756518185
3.189,1.5189841557140353,236.0611626257271
3.19,1.5190754485259839,236.79414903627963
3.1910000000000003,1.5191667316570265,237.5295185245815
3.192,1.519258007256931,238.26725444709191
3.193,1.5193492774751256,239.0073398799582
3.194,1.5194405444601737,239.7497576234259
3.1950000000000003,1.5195318103592454,240.4944902063187
3.196,1.5196230773175925,241.24151989058808
3.197,1.5197143474780253,241.99082867593404
3.198,1.5198056229803878,242.7423983044948
3.1990000000000003,1.5198969059610359,243.49621026560075
3.2,1.5199881985523165,244.25224580059748
3.201,1.5200795028820482,245.0104859077307
3.202,1.5201708210730047,245.7709113470977
3.203,1.5202621552423972,246.53350264565967
3.204,1.5203535075013608,247.298240102314
3.205,1.5204448799544432,248.0651037930282
3.206,1.5205362746990958,248.83407357603255
3.207,1.520627693825162,249.60512909706736
3.208,1.5207191394143766,250.37824979469013
3.209,1.5208106135398614,251.15341490563435
3.21,1.5209021182656224,251.93060347022154
3.211,1.5209936556460573,252.70979433782884
3.212,1.5210852277254565,253.4909661724022
3.213,1.521176836537514,254.27409745802163
3.214,1.5212684841048387,255.05916650451553
3.215,1.5213601724384673,255.84615145311813
3.216,1.521451903537385,256.6350302821739
3.217,1.5215436793880448,257.425780812886
3.218,1.5216355019638932,258.218380715105
3.219,1.5217273732249,259.0128075131611
3.22,1.5218192951170888,259.8090385917316
3.221,1.5219112695720751,260.60705120175123
3.222,1.5220032985066052,261.4068224663539
3.223,1.5220953838221016,262.2083293868523
3.224,1.5221875274042123,263.01154884874967
3.225,1.5222797311223615,263.8164576277841
3.226,1.5223719968293095,264.62303239600135
3.227,1.522464326360713,265.43124972785927
3.228,1.5225567215346927,266.24108610635653
3.229,1.522649184151405,267.05251792918887
3.23,1.5227417159926162,267.8655215149287
3.231,1.5228343188212854,268.68007310922826
3.232,1.5229269943811503,269.4961488910416
3.233,1.5230197443963183,270.3137249788682
3.234,1.5231125705708628,271.132777437014
3.235,1.5232054745884254,271.953282281868
3.236,1.5232984581118227,272.77521548819317
3.237,1.52339152278266,273.5985529954329
3.238,1.5234846702209484,274.4232707140254
3.239,1.5235779020247293,275.24934453173177
3.24,1.523671219769705,276.07675031996956
3.241,1.5237646250088737,276.90546394015325
3.242,1.5238581192721696,277.7354612500417
3.243,1.523951704066114,278.5667181100888
3.244,1.5240453808734653,279.3992103897931
3.245,1.5241391511528815,280.2329139740518
3.246,1.5242330163385855,281.0678047695102
3.247,1.5243269778400363,281.90385871091047
3.248,1.5244210370416116,282.74105176743456
3.249,1.5245151953022882,283.5793599490411
3.25,1.5246094539553374,284.4187593127944
3.251,1.5247038143080227,285.2592259691866
3.252,1.5247982776413047,286.10073608844345
3.253,1.5248928452095527,286.9432659068233
3.254,1.524987518240266,287.78679173289845
3.255,1.525082297933795,288.63128995382107
3.256,1.5251771854630787,289.47673704157387
3.257,1.5252721819733819,290.3231095591978
3.258,1.5253672885820408,291.1703841670035
3.259,1.5254625063782192,292.0185376287588
3.26,1.5255578364226687,292.86754681785106
3.261,1.5256532797474955,293.71738872342615
3.262,1.5257488373559382,294.56804045650017
3.263,1.525844510222148,295.41947925604256
3.264,1.525940299290982,296.2716824950287
3.265,1.5260362054777974,297.12462768646117
3.266,1.5261322296682576,297.978292489359
3.267,1.5262283727181476,298.8326547147118
3.268,1.5263246354531885,299.6876923313954
3.269,1.5264210186688694,300.54338347205453
3.27,1.5265175231302825,301.39970643894145
3.271,1.526614149571962,302.25663970971686
3.272,1.5267108986977391,303.11416194320884
3.273,1.5268077711805983,303.97225198512547
3.274,1.5269047676625418,304.8308888737247
3.275,1.5270018887544665,305.69005184543863
3.276,1.5270991350360419,306.54972034044437
3.277,1.5271965070556013,307.4098740081929
3.278,1.52729400533004,308.2704927128816
3.279,1.5273916303447157,309.13155653887554
3.28,1.527489382553366,309.9930457960776
3.281,1.5275872623780267,310.8549410252399
3.282,1.5276852702089603,311.7172230032205
3.283,1.5277834064045914,312.5798727481833
3.2840000000000003,1.5278816712914538,313.4428715247368
3.285,1.527980065164139,314.306200849013
3.286,1.5280785882852594,315.1698424936854
3.287,1.5281772408854133,316.03377849292224
3.2880000000000003,1.5282760231631625,316.8979911472767
3.289,1.5283749352850151,317.762463028511
3.29,1.528473977385418,318.62717698435176
3.291,1.5285731495667554,319.4921161431819
3.2920000000000003,1.5286724518993564,320.3572639186557
3.293,1.5287718844215101,321.22260401425183
3.294,1.5288714471394893,322.0881204277469
3.295,1.5289711400275812,322.95379745562144
3.2960000000000003,1.5290709630281245,323.81961969738757
3.297,1.529170916051559,324.6855720598448
3.298,1.5292709989764768,325.5516397612574
3.299,1.5293712116496874,326.4178083354555
3.3000000000000003,1.5294715538862844,327.2840636358552
3.301,1.5295720254697263,328.15039183940286
3.302,1.5296726261519198,329.0167794504345
3.303,1.5297733556533126,329.8832133044569
3.3040000000000003,1.529874213662995,330.74968057184384
3.305,1.529975199838809,331.61616876144933
3.306,1.5300763138074605,332.4826657241363
3.307,1.5301775551646473,333.3491596562195
3.3080000000000003,1.5302789234751863,334.2156391028216
3.309,1.530380418273154,335.0820929611421
3.31,1.5304820390620304,335.94851048363836
3.311,1.5305837853148545,336.81488128111664
3.3120000000000003,1.5306856564743812,337.6811953257335
3.313,1.5307876519532537,338.5474429539063
3.314,1.5308897711341738,339.4136148691315
3.315,1.530992013370087,340.27970214471316
3.3160000000000003,1.5310943779843706,341.1456962263942
3.317,1.531196864271031,342.01158893489674
3.318,1.5312994714949053,342.8773724683682
3.319,1.531402198891874,343.743039404729
3.3200000000000003,1.5315050456690764,344.6085827039287
3.321,1.5316080110051349,345.47399571010203
3.322,1.5317110940503864,346.33927215362905
3.323,1.531814293927122,347.2044061530997
3.3240000000000003,1.5319176097298257,348.0693922171758
3.325,1.5320210405254318,348.9342252463586
3.326,1.5321245853535774,349.7989005346542
3.327,1.5322282432268688,350.6634137711413
3.3280000000000003,1.5323320131311506,351.5277610414363
3.329,1.5324358940257836,352.39193882905977
3.33,1.5325398848439256,353.2559440167015
3.331,1.5326439844928228,354.1197738873843
3.332,1.5327481918541024,354.98342612552403
3.333,1.5328525057840747,355.84689881789103
3.334,1.5329569251140405,356.71019045446667
3.335,1.5330614486506042,357.57329992919654
3.336,1.5331660751759906,358.4362265406434
3.337,1.5332708034483706,359.2989699925358
3.338,1.5333756322021912,360.16153039421147
3.339,1.5334805601485093,361.0239082609607
3.34,1.5335855859753353,361.8861045142622
3.341,1.5336907083479758,362.7481204819184
3.342,1.5337959259093872,363.6099578980856
3.343,1.5339012372805305,364.4716189031991
3.344,1.5340066410607371,365.3331060437963
3.345,1.5341121358280676,366.19442227223414
3.346,1.5342177201396914,367.05557094630234
3.347,1.5343233925322566,367.91655582873585
3.348,1.5344291515222748,368.77738108661845
3.349,1.5345349956065042,369.6380512906863
3.35,1.5346409232623404,370.4985714145257
3.351,1.5347469329482102,371.3589468336696
3.352,1.5348530231039703,372.21918332458654
3.353,1.5349591921513104,373.07928706357114
3.354,1.5350654384941587,373.93926462552815
3.355,1.5351717605190944,374.7991229826557
3.356,1.5352781565957596,375.65886950302365
3.357,1.5353846250772807,376.51851194905436
3.358,1.535491164300688,377.3780584758953
3.359,1.5355977725873424,378.2375176296948
3.36,1.5357044482433633,379.0968983457757
3.361,1.5358111895600621,379.9562099467074
3.362,1.5359179948143757,380.81546214027634
3.363,1.536024862269308,381.6746650173613
3.364,1.5361317901743687,382.53382904970294
3.365,1.5362387767660175,383.39296508757985
3.366,1.5363458202681146,384.25208435738216
3.367,1.5364529188923668,385.1111984590913
3.368,1.5365600708387819,385.97031936365903
3.369,1.5366672742961223,386.8294594102903
3.37,1.5367745274423639,387.68863130363223
3.371,1.5368818284451524,388.54784811086665
3.372,1.5369891754622678,389.40712325870595
3.373,1.537096566642086,390.26647053029836
3.374,1.5372040001240437,391.125904062037
3.375,1.537311474039106,391.9854383402787
3.376,1.5374189865102355,392.8450881979687
3.377,1.5375265356528605,393.70486881117716
3.378,1.5376341195753482,394.56479569554176
3.379,1.5377417363794756,395.42488470262634
3.38,1.5378493841609053,396.2851520161845
3.381,1.5379570610096582,397.14561414834253
3.382,1.5380647650105916,398.0062879356898
3.383,1.538172494243873,398.86719053528657
3.384,1.5382802467854597,399.72833942058696
3.385,1.5383880207075746,400.58975237727765
3.386,1.5384958140791853,401.4514474990319
3.387,1.5386036249664836,402.31344318318673
3.388,1.5387114514333624,403.17575812633333
3.389,1.5388192915418943,404.03841131983245
3.39,1.538927143352813,404.90142204524864
3.391,1.5390350049259887,405.7648098697088
3.392,1.5391428743209088,406.6285946411831
3.393,1.5392507495971532,407.4927964836901
3.394,1.5393586288148753,408.3574357924294
3.395,1.5394665100352753,409.2225332288424
3.396,1.5395743913210789,410.0881097155973
3.397,1.5396822707370097,410.95418643150686
3.398,1.5397901463502666,411.82078480637824
3.399,1.539898016230994,412.6879265157901
3.4,1.5400058784527562,413.5556334758075
3.401,1.5401137310930055,414.4239278376299
3.402,1.5402215722335533,415.2928319821731
3.403,1.5403293999610372,416.16236851459405
3.404,1.5404372123673862,417.03256025874634
3.405,1.5405450075502853,417.90343025158245
3.406,1.5406527836136388,418.7750017374948
3.407,1.5407605386680283,419.64729816259785
3.408,1.5408682708311732,420.520343168958
3.4090000000000003,1.5409759782283847,421.39416058876526
3.41,1.5410836589930204,422.268774438455
3.411,1.5411913112669355,423.14420891277706
3.412,1.5412989332009315,424.02048837881296
3.4130000000000003,1.5414065229552003,424.8976373699479
3.414,1.5415140786997708,425.7756805797933
3.415,1.5416215986149453,426.6546428560649
3.416,1.5417290808917394,427.5345491944146
3.4170000000000003,1.5418365237323166,428.41542473222376
3.418,1.5419439253504157,429.2972947423511
3.419,1.5420512839717833,430.18018462684466
3.42,1.5421585978345944,431.064119910613
3.4210000000000003,1.5422658651898755,431.94912623506366
3.422,1.54237308430192,432.8352293517018
3.423,1.5424802534487043,433.7224551157014
3.424,1.542587370922294,434.61082947944
3.4250000000000003,1.542694435029253,435.50037848600687
3.426,1.542801444091043,436.3911282626815
3.427,1.5429083964444241,437.28310501438557
3.428,1.5430152904418446,438.1763350171095
3.4290000000000003,1.5431221244518332,439.07084461131683
3.43,1.543228896859383,439.9666601953255
3.431,1.5433356060663328,440.86380821866965
3.432,1.5434422504917407,441.76231517544363
3.4330000000000003,1.5435488285722585,442.6622075976284
3.434,1.5436553387624963,443.5635120484022
3.435,1.543761779535385,444.46625511544056
3.436,1.543868149382533,445.37046340420136
3.4370000000000003,1.5439744468145782,446.2761635312025
3.438,1.5440806703615353,447.18338211728934
3.439,1.5441868185731364,448.0921457808968
3.44,1.5442928900191695,449.0024811313061
3.4410000000000003,1.5443988832898081,449.91441476189857
3.442,1.5445047969959367,450.82797324340635
3.443,1.5446106297694733,451.7431831171669
3.444,1.5447163802636823,452.660070888376
3.4450000000000003,1.5448220471534857,453.57866301934496
3.446,1.544927629135765,454.4989859227652
3.447,1.5450331249296596,455.42106595497773
3.448,1.5451385332768597,456.3449294092517
3.4490000000000003,1.5452438529418933,457.2706025090753
3.45,1.5453490827124023,458.19811140145504
3.451,1.5454542213994233,459.1274821502343
3.452,1.5455592678376509,460.05874072942146
3.4530000000000003,1.545664220885701,460.9919130165404
3.454,1.5457690794263697,461.9270247859963
3.455,1.5458738423668774,462.8641017024644
3.456,1.5459785086391193,463.8031693143011
3.457,1.546083077199897,464.7442530469757
3.458,1.5461875470311508,465.68737819653387
3.459,1.5462919171401863,466.63256992308277
3.46,1.5463961865598885,467.57985324430797
3.461,1.5465003543489375,468.52925302902247
3.462,1.5466044195920086,469.48079399074294
3.463,1.5467083813999738,470.43450068130704
3.464,1.5468122389100916,471.39039748452024
3.465,1.5469159912861925,472.34850860984415
3.466,1.5470196377188565,473.3088580861195
3.467,1.5471231774255856,474.2714697553369
3.468,1.547226609650965,475.23636726643974
3.469,1.5473299336668245,476.20357406918004
3.47,1.547433148772386,477.1731134080145
3.471,1.5475362542944096,478.1450083160489
3.472,1.5476392495873288,479.11928160903096
3.473,1.5477421340333815,480.09595587939316
3.474,1.5478449070427307,481.0750534903468
3.475,1.5479475680535835,482.0565965700313
3.476,1.548050116532296,483.04060700571364
3.477,1.5481525519734791,484.0271064380498
3.478,1.548254873900089,485.01611625539874
3.479,1.5483570818635188,486.0076575881985
3.48,1.5484591754436747,487.0017513034014
3.481,1.548561154249053,487.99841799897365
3.482,1.5486630179168044,488.9976779984539
3.483,1.5487647661127917,489.9995513455835
3.484,1.548866398531645,491.00405779899495
3.485,1.5489679148968034,492.0112168269755
3.486,1.5490693149605537,493.0210476022959
3.487,1.5491705985040616,494.03356899711014
3.488,1.5492717653373926,495.04879957792787
3.489,1.5493728152995307,496.0667576006589
3.49,1.5494737482583854,497.0874610057325
3.491,1.5495745641107934,498.1109274132959
3.492,1.5496752627825152,499.13717411848074
3.493,1.54977584422822,500.1662180867602
3.494,1.549876308431468,501.1980759493749
3.495,1.5499766554046819,502.23276399884537
3.496,1.5500768851891145,503.2702981845664
3.497,1.5501769978548074,504.31069410848016
3.498,1.5502769935005418,505.35396702083926
3.499,1.5503768722537854,506.40013181605275
3.5,1.5504766342706275,507.4492030286158
3.501,1.5505762797357128,508.5011948291339
3.502,1.550675808862164,509.5561210204288
3.503,1.5507752218914976,510.61399503373826
3.504,1.5508745190935362,511.6748299250066
3.505,1.5509737007663102,512.7386383712641
3.506,1.5510727672359546,513.8054326671034
3.507,1.5511717188565968,514.8752247212473
3.508,1.5512705560102416,515.9480260532098
3.509,1.5513692791066456,517.0238477900581
3.51,1.5514678885831872,518.1027006632647
3.511,1.5515663849047279,519.1845950056623
3.512,1.551664768563469,520.2695407484936
3.513,1.5517630400788005,521.3575474185623
3.514,1.551861199997143,522.4486241354817
3.515,1.551959248891786,523.5427796090289
3.516,1.5520571873627145,524.6400221365934
3.517,1.5521550160364346,525.7403596007339
3.518,1.5522527355657902,526.8437994668359
3.519,1.552350346629771,527.9503487808721
3.52,1.5524478499333207,529.0600141672685
3.521,1.5525452462071316,530.1728018268736
3.522,1.552642536207439,531.288717535036
3.523,1.5527397207158058,532.407766639785
3.524,1.5528368005389013,533.529954060119
3.525,1.552933776508278,534.6552842844033
3.526,1.553030649480137,535.7837613688705
3.527,1.5531274203350909,536.9153889362342
3.528,1.5532240899779195,538.0501701744078
3.529,1.553320659337322,539.1881078353347
3.53,1.5534171293656593,540.3292042339249
3.531,1.5535135010386967,541.4734612471062
3.532,1.5536097753553344,542.620880312979
3.533,1.553705953337338,543.7714624300868
3.5340000000000003,1.553802036029061,544.9252081567962
3.535,1.553898024497162,546.0821176107854
3.536,1.5539939198303185,547.2421904686468
3.537,1.5540897231389326,548.4054259655995
3.5380000000000003,1.554185435554835,549.5718228953126
3.539,1.5542810582309814,550.7413796098436
3.54,1.5543765923411446,551.9140940196831
3.541,1.5544720390796032,553.0899635939171
3.5420000000000003,1.554567399660824,554.2689853604962
3.543,1.5546626753191404,555.4511559066217
3.544,1.5547578673084246,556.6364713792382
3.545,1.55485297690176,557.8249274856437
3.5460000000000003,1.554948005391102,559.0165194942065
3.547,1.5550429540869424,560.2112422351993
3.548,1.5551378243179625,561.4090901017381
3.549,1.5552326174306876,562.6100570508411
3.5500000000000003,1.555327334789133,563.81413660459
3.551,1.5554219777744491,565.0213218514109
3.552,1.5555165477845634,566.23160544746
3.553,1.5556110462338133,567.4449796181234
3.5540000000000003,1.555705474552582,568.6614361596241
3.555,1.5557998341869266,569.8809664407465
3.556,1.5558941265982047,571.103561404659
3.557,1.5559883532626955,572.3292115708575
3.5580000000000003,1.5560825156712195,573.5579070372115
3.559,1.5561766153287548,574.78963748212
3.56,1.5562706537540505,576.024392166777
3.561,1.5563646324792346,577.2621599375435
3.5620000000000003,1.556458553049422,578.5029292284263
3.563,1.556552417022321,579.7466880636665
3.564,1.5566462259678302,580.9934240604289
3.565,1.5567399814676408,582.2431244316027
3.5660000000000003,1.5568336851148328,583.4957759887036
3.567,1.5569273385134668,584.7513651448807
3.568,1.5570209432781787,586.0098779180285
3.569,1.5571145010337668,587.2712999339994
3.5700000000000003,1.5572080134147814,588.535616429922
3.571,1.5573014820651094,589.8028122576186
3.572,1.5573949086375563,591.0728718871214
3.573,1.5574882947934312,592.3457794102953
3.5740000000000003,1.5575816422021265,593.6215185445521
3.575,1.5576749525406939,594.9000726366685
3.576,1.5577682274934241,596.1814246666988
3.577,1.557861468751424,597.4655572519861
3.5780000000000003,1.5579546780121878,598.7524526512664
3.579,1.558047856979173,600.0420927688713
3.58,1.5581410073613733,601.3344591590196
3.581,1.5582341308728895,602.6295330302064
3.5820000000000003,1.5583272292324997,603.9272952496808
3.583,1.5584203041632316,605.2277263480148
3.584,1.5585133573919299,606.5308065237638
3.585,1.5586063906488277,607.8365156482113
3.586,1.5586994056671122,609.1448332702064
3.587,1.5587924041824972,610.4557386210843
3.588,1.5588853879327875,611.7692106196707
3.589,1.5589783586574515,613.0852278773748
3.59,1.5590713180971856,614.4037687033599
3.591,1.559164267993485,615.7248111097992
3.592,1.5592572100882118,617.0483328172091
3.593,1.5593501461231651,618.3743112598656
3.594,1.5594430778396497,619.7027235912913
3.595,1.5595360069780473,621.0335466898281
3.596,1.5596289352773862,622.3667571642764
3.597,1.559721864474915,623.702331359613
3.598,1.5598147963056737,625.0402453627809
3.599,1.5599077325020687,626.380475008548
3.6,1.560000674793447,627.7229958854372
3.601,1.5600936249056727,629.0677833417237
3.602,1.560186584560703,630.4148124914991
3.603,1.5602795554761704,631.7640582208033
3.604,1.5603725393649597,633.1154951938134
3.605,1.5604655379347914,634.4690978591043
3.606,1.560558552887806,635.8248404559608
3.607,1.5606515859201495,637.1826970207565
3.608,1.5607446387215602,638.5426413933842
3.609,1.5608377129749593,639.9046472237483
3.61,1.5609308103560418,641.2686879783049
3.611,1.5610239325328708,642.6347369466625
3.612,1.5611170811654758,644.0027672482277
3.613,1.5612102579054483,645.3727518389032
3.614,1.5613034643955443,646.7446635178346
3.615,1.561396702269291,648.118474934203
3.616,1.5614899731505887,649.4941585940605
3.617,1.5615832786533248,650.8716868672116
3.618,1.5616766203809844,652.2510319941337
3.619,1.5617699999262642,653.6321660929409
3.62,1.5618634188706946,655.0150611663796
3.621,1.5619568787842584,656.3996891088666
3.622,1.5620503812250184,657.7860217135584
3.623,1.5621439277387434,659.1740306794535
3.624,1.5622375198585416,660.563687618527
3.625,1.5623311591044968,661.9549640628929
3.626,1.562424846983305,663.3478314719946
3.627,1.5625185849879206,664.7422612398229
3.628,1.5626123745972003,666.1382247021535
3.629,1.5627062172755541,667.535693143811
3.63,1.562800114472602,668.9346378059518
3.631,1.56289406762283,670.3350298933633
3.632,1.562988078145254,671.7368405817843
3.633,1.5630821474430865,673.1400410252352
3.634,1.563176276903408,674.5446023633647
3.635,1.5632704678968432,675.9504957288083
3.636,1.5633647217772402,677.3576922545511
3.637,1.5634590398813548,678.7661630813047
3.638,1.5635534235285422,680.1758793648852
3.639,1.5636478740204467,681.5868122835966
3.64,1.5637423926407035,682.9989330456156
3.641,1.563836980654643,684.4122128963785
3.642,1.563931639308995,685.826623125963
3.643,1.564026369831606,687.2421350764694
3.644,1.5641211734311555,688.658720149394
3.645,1.5642160512968797,690.0763498129978
3.646,1.5643110045982993,691.4949956096634
3.647,1.5644060344849557,692.9146291632424
3.648,1.5645011420861479,694.335222186389
3.649,1.5645963285106765,695.75674648788
3.65,1.564691594846594,697.1791739799176
3.651,1.5647869421609608,698.602476685413
3.652,1.564882371499605,700.0266267452502
3.653,1.5649778838868884,701.4515964255293
3.654,1.5650734803254778,702.8773581247825
3.655,1.5651691617961252,704.3038843811671
3.656,1.5652649292574474,705.7311478796289
3.657,1.5653607836457157,707.1591214590387
3.658,1.565456725874653,708.5877781192925
3.659,1.5655527568352317,710.0170910283862
3.66,1.5656488773954806,711.4470335294466
3.661,1.5657450884002975,712.8775791477319
3.662,1.5658413906712685,714.3087015975929
3.663,1.5659377850064908,715.74037478939
3.664,1.5660342721804033,717.1725728363726
3.665,1.5661308529436226,718.6052700615124
3.666,1.5662275280227878,720.0384410042898
3.667,1.5663242981204064,721.4720604274365
3.668,1.56642116391471,722.9061033236258
3.669,1.5665181260595165,724.3405449221132
3.67,1.5666151851840948,725.775360695323
3.671,1.5667123418930422,727.2105263653845
3.672,1.5668095967661597,728.6460179106065
3.673,1.5669069503583415,730.0818115718992
3.674,1.5670044031994657,731.517883859132
3.675,1.5671019557942945,732.9542115574366
3.676,1.5671996086223765,734.3907717334388
3.677,1.5672973621379624,735.8275417414347
3.678,1.5673952167699194,737.2644992294956
3.679,1.5674931729216568,738.7016221455054
3.68,1.5675912309710573,740.1388887431312
3.681,1.5676893912704124,741.5762775877237
3.682,1.5677876541463687,743.0137675621397
3.683,1.567886019899875,744.4513378725001
3.684,1.5679844888061414,745.8889680538612
3.685,1.5680830611146004,747.3266379758209
3.686,1.568181737048877,748.7643278480374
3.687,1.5682805168067646,750.2020182256721
3.688,1.5683794005602076,751.6396900147517
3.689,1.5684783884552902,753.0773244774457
3.69,1.5685774806122303,754.5149032372597
3.691,1.568676677125382,755.9524082841467
3.692,1.568775978063246,757.3898219795271
3.693,1.5688753834684792,758.8271270612217
3.694,1.5689748933579204,760.2643066482972
3.695,1.5690745077226154,761.7013442458192
3.696,1.56917422652785,763.1382237495113
3.697,1.5692740497131923,764.5749294503252
3.698,1.569373977192537,766.0114460389102
3.699,1.5694740088541603,767.447758609994
3.7,1.5695741445607772,768.8838526666583
3.701,1.5696743841496075,770.319714124523
3.702,1.5697747274324476,771.7553293158263
3.703,1.569875174195749,773.1906849934076
3.704,1.5699757242007017,774.6257683345846
3.705,1.5700763771833235,776.0605669449324
3.706,1.5701771328545597,777.4950688619542
3.707,1.570277990900381,778.9292625586519
3.708,1.5703789509818977,780.3631369469844
3.709,1.5704800127354703,781.7966813812255
3.71,1.5705811757728314,783.2298856612103
3.711,1.5706824396812133,784.6627400354731
3.712,1.570783804023481,786.0952352042763
3.713,1.5708852683382675,787.5273623225281
3.714,1.5709868321401241,788.9591130025897
3.715,1.5710884949196655,790.3904793169692
3.716,1.5711902561437296,791.8214538009028
3.717,1.571292115255536,793.2520294548219
3.718,1.5713940716748565,794.6821997467066
3.719,1.5714961247981873,796.1119586143221
3.72,1.5715982739989267,797.5413004673397
3.721,1.571700518627562,798.970220189344
3.722,1.5718028580118568,800.398713139716
3.723,1.5719052914570468,801.8267751554073
3.724,1.5720078182460415,803.2544025525867
3.725,1.5721104376396298,804.6815921281747
3.726,1.5722131488766906,806.1083411612547
3.727,1.5723159511744096,807.5346474143662
3.728,1.5724188437285012,808.9605091346747
3.729,1.5725218257134341,810.385925055024
3.73,1.5726248962826646,811.8108943948639
3.731,1.5727280545688718,813.2354168610605
3.732,1.5728312996842004,814.659492648578
3.733,1.5729346307205057,816.0831224410458
3.734,1.5730380467496066,817.5063074111953
3.735,1.5731415468235384,818.929049221181
3.736,1.5732451299748167,820.3513500227705
3.737,1.5733487952166996,821.7732124574211
3.738,1.5734525415434597,823.1946396562212
3.739,1.5735563679306552,824.6156352397196
3.74,1.5736602733354106,826.0362033176228
3.741,1.5737642566966974,827.4563484883718
3.742,1.5738683169356216,828.8760758385947
3.743,1.5739724529557144,830.2953909424368
3.744,1.574076663643226,831.7142998607636
3.745,1.5741809478674276,833.1328091402427
3.746,1.5742853044809078,834.5509258123013
3.747,1.5743897323198868,835.9686573919616
3.748,1.5744942302045184,837.3860118765481
3.749,1.5745987969392108,838.8029977442775
3.75,1.5747034313129395,840.2196239527227
3.751,1.57480813209957,841.6358999371536
3.752,1.5749128980581792,843.051835608756
3.753,1.5750177279333881,844.4674413527293
3.754,1.5751226204556859,845.8827280262599
3.755,1.5752275743417687,847.2977069563769
3.756,1.5753325882948723,848.7123899376821
3.757,1.575437661005117,850.1267892299629
3.758,1.5755427911498445,851.5409175556832
3.759,1.575647977393967,852.9547880973555
3.76,1.5757532183903127,854.3684144947922
3.761,1.5758585127799778,855.7818108422409
3.762,1.5759638591926801,857.1949916853978
3.763,1.5760692562471132,858.6079720183093
3.764,1.5761747025513022,860.0207672801484
3.765,1.5762801967029698,861.4333933518849
3.766,1.5763857372898924,862.8458665528303
3.767,1.5764913228902653,864.2582036370759
3.768,1.5765969520730712,865.6704217898122
3.769,1.5767026233984465,867.0825386235356
3.77,1.5768083354180504,868.4945721741449
3.771,1.5769140866754376,869.9065408969248
3.772,1.5770198757064284,871.3184636624171
3.773,1.577125701039487,872.7303597521858
3.774,1.5772315611960923,874.142248854469
3.775,1.5773374546911207,875.5541510597272
3.776,1.577443380033218,876.9660868560816
3.777,1.5775493357251824,878.3780771246468
3.778,1.5776553202643446,879.7901431347595
3.779,1.5777613321429458,881.2023065391054
3.78,1.5778673698485233,882.614589368737
3.781,1.5779734318642897,884.0270140279983
3.782,1.578079516669519,885.4396032893408
3.783,1.5781856227399271,886.8523802880468
3.784,1.578291748548058,888.2653685168506
3.785,1.5783978925636677,889.6785918204649
3.786,1.5785040532541068,891.0920743900098
3.787,1.5786102290847073,892.5058407573506
3.788,1.5787164185191667,893.9199157893382
3.789,1.5788226200199313,895.3343246819607
3.79,1.5789288320485813,896.7490929544064
3.791,1.5790350530662156,898.164246443032
3.792,1.5791412815338342,899.5798112952501
3.793,1.5792475159127206,900.9958139633246
3.794,1.5793537546648277,902.4122811980855
3.795,1.5794599962531555,903.8292400425587
3.796,1.5795662391421357,905.2467178255149
3.797,1.579672481798009,906.6647421549372
3.798,1.5797787226892077,908.0833409114105
3.799,1.5798849602867315,909.5025422414348
3.8,1.5799911930645254,910.9223745506602
3.801,1.5800974194998558,912.3428664970528
3.802,1.580203638073685,913.7640469839812
3.803,1.5803098472710442,915.1859451532408
3.804,1.5804160455814051,916.6085903780008
3.805,1.580522231499051,918.0320122556907
3.806,1.5806284035234435,919.4562406008156
3.807,1.5807345601595906,920.8813054377118
3.808,1.5808406999184097,922.3072369932376
3.809,1.580946821317092,923.7340656894053
3.81,1.5810529228794625,925.1618221359523
3.811,1.5811590031363396,926.5905371228589
3.812,1.5812650606258882,928.0202416128063
3.813,1.581371093893977,929.4509667335856
3.814,1.581477101494529,930.8827437704529
3.815,1.5815830819898715,932.3156041584355
3.816,1.58168903395108,933.7495794745901
3.817,1.5817949559583238,935.1847014302164
3.818,1.5819008466012086,936.6210018630236
3.819,1.5820067044791117,938.0585127292585
3.82,1.58211252820152,939.4972660957917
3.821,1.5822183163883607,940.9372941321651
3.822,1.5823240676703312,942.3786291026038
3.823,1.582429780689226,943.8213033579939
3.824,1.582535454098258,945.265349327827
3.825,1.5826410865623801,946.7107995121155
3.826,1.5827466767586,948.1576864732779
3.827,1.5828522233762934,949.6060428280002
3.828,1.5829577251175142,951.0559012390696
3.829,1.5830631806972986,952.5072944071885
3.83,1.5831685888439682,953.9602550627666
3.831,1.5832739482994276,955.4148159576955
3.832,1.58337925781946,956.8710098571063
3.833,1.5834845161740163,958.3288695311137
3.834,1.5835897221475022,959.788427746545
3.835,1.5836948745390615,961.2497172586662
3.836,1.5837999721628535,962.7127708028893
3.837,1.583905013848328,964.1776210864837
3.838,1.5840099984404947,965.6443007802757
3.839,1.5841149248001902,967.1128425103528
3.84,1.584219791804339,968.5832788497617
3.841,1.5843245983462086,970.0556423102139
3.842,1.5844293433356658,971.5299653337911
3.843,1.5845340256994216,973.0062802846629
3.844,1.5846386443812763,974.4846194408044
3.845,1.5847431983423583,975.9650149857331
3.846,1.5848476865613566,977.4474990002526
3.847,1.5849521080347533,978.9321034542131
3.848,1.5850564617770455,980.4188601982883
3.849,1.585160746820966,981.9078009557718
3.85,1.5852649622176986,983.3989573143936
3.851,1.5853691070370868,984.8923607181603
3.852,1.5854731803678408,986.3880424592184
3.853,1.5855771813177357,987.8860336697486
3.854,1.585681109013807,989.3863653138849
3.855,1.5857849626025402,990.889068179669
3.856,1.5858887412500546,992.3941728710345
3.857,1.5859924441422848,993.9017097998286
3.858,1.5860960704851517,995.4117091778706
3.859,1.5861996195047343,996.9242010090503
3.86,1.5863030904474313,998.4392150814665
3.861,1.5864064825801207,999.956780959611
3.862,1.58650979519031,1001.4769279765961
3.863,1.5866130275862869,1002.9996852264311
3.864,1.5867161790972593,1004.5250815563479
3.865,1.5868192490734911,1006.053145559177
3.866,1.5869222368864346,1007.583905565779
3.867,1.5870251419288555,1009.1173896375296
3.868,1.5871279636149522,1010.6536255588626
3.869,1.5872307013804716,1012.1926408298738
3.87,1.5873333546828146,1013.7344626589833
3.871,1.5874359230011434,1015.279117955663
3.872,1.5875384058364748,1016.8266333232284
3.873,1.5876408027117748,1018.3770350516977
3.874,1.5877431131720445,1019.9303491107195
3.875,1.5878453367843983,1021.4866011425719
3.876,1.587947473138141,1023.0458164552317
3.877,1.5880495218448354,1024.6080200155227
3.878,1.5881514825383674,1026.1732364423344
3.879,1.588253354875,1027.7414899999235
3.88,1.5883551385334302,1029.3128045912931
3.881,1.5884568332148299,1030.8872037516521
3.882,1.5885584386428897,1032.4647106419611
3.883,1.5886599545638527,1034.0453480425613
3.884,1.5887613807465422,1035.6291383468895
3.885,1.588862716982387,1037.2161035552838
3.886,1.5889639630854364,1038.8062652688761
3.887,1.589065118892374,1040.3996446835818
3.888,1.5891661842625204,1041.996262584174
3.889,1.5892671590778384,1043.5961393384641
3.89,1.589368043242922,1045.1992948915677
3.891,1.5894688366849894,1046.8057487602773
3.892,1.5895695393538631,1048.4155200275288
3.893,1.589670151221949,1050.0286273369743
3.894,1.5897706722842069,1051.6450888876516
3.895,1.5898711025581176,1053.2649224287643
3.896,1.5899714420836428,1054.8881452545618
3.897,1.5900716909231787,1056.514774199332
3.898,1.5901718491615076,1058.1448256324938
3.899,1.5902719169057387,1059.778315453814
3.9,1.5903718942852472,1061.415259088717
3.901,1.590471781451608,1063.0556714837232
3.902,1.5905715785785208,1064.69956710199
3.903,1.5906712858617313,1066.3469599189764
3.904,1.5907709035189497,1067.9978634182166
3.905,1.590870431789758,1069.6522905872162
3.906,1.5909698709355162,1071.3102539134636
3.907,1.5910692212392643,1072.9717653805665
3.908,1.5911684830056134,1074.6368364645027
3.909,1.5912676565606363,1076.3054781299984
3.91,1.591366742251751,1077.977700827027
3.911,1.591465740447601,1079.6535144874335
3.912,1.5915646515379238,1081.3329285216828
3.913,1.5916634759334267,1083.0159518157373
3.914,1.5917622140656424,1084.702592728056
3.915,1.591860866386792,1086.3928590867322
3.916,1.5919594333696359,1088.0867581867442
3.917,1.5920579155073218,1089.7842967873548
3.918,1.5921563133132293,1091.4854811096266
3.919,1.5922546273208065,1093.1903168340755
3.92,1.5923528580834034,1094.898809098458
3.921,1.5924510061741024,1096.6109624956875
3.922,1.5925490721855393,1098.3267810718858
3.923,1.5926470567297253,1100.0462683245726
3.924,1.5927449604378585,1101.7694272009826
3.925,1.5928427839601365,1103.49626009653
3.926,1.59294052796556,1105.2267688533952
3.927,1.593038193141735,1106.960954759262
3.928,1.5931357801946682,1108.6988185461823
3.929,1.59323328984856,1110.440360389585
3.93,1.5933307228455906,1112.1855799074187
3.931,1.5934280799457068,1113.9344761594386
3.932,1.5935253619263985,1115.6870476466265
3.933,1.5936225695824753,1117.4432923107556
3.934,1.5937197037258368,1119.2032075340912
3.935,1.5938167651852417,1120.9667901392368
3.936,1.5939137548060698,1122.7340363891124
3.937,1.5940106734500803,1124.5049419870832
3.938,1.5941075219951713,1126.2795020772205
3.939,1.594204301335128,1128.0577112447104
3.94,1.5943010123793715,1129.8395635163974
3.941,1.5943976560527076,1131.6250523614758
3.942,1.5944942332950613,1133.4141706923156
3.943,1.5945907450612213,1135.2069108654355
3.944,1.59468719232057,1137.003264682612
3.945,1.5947835760568163,1138.803223392135
3.946,1.5948798972677234,1140.6067776901978
3.947,1.5949761569648344,1142.4139177224347
3.948,1.5950723561731914,1144.224633085595
3.949,1.5951684959310573,1146.03891282936
3.95,1.5952645772896301,1147.8567454582962
3.951,1.5953606013127566,1149.6781189339558
3.952,1.595456569076641,1151.5030206771085
3.953,1.5955524816695543,1153.3314375701189
3.954,1.5956483401915387,1155.1633559594602
3.955,1.5957441457541093,1156.998761658367
3.956,1.5958398994799547,1158.8376399496265
3.957,1.5959356025026352,1160.6799755885058
3.958,1.5960312559662757,1162.52575280582
3.959,1.5961268610252626,1164.3749553111313
3.96,1.5962224188439316,1166.2275662960894
3.961,1.5963179305962578,1168.083568437906
3.962,1.5964133974655428,1169.9429439029595
3.963,1.5965088206441,1171.8056743505413
3.964,1.5966042013329382,1173.6717409367288
3.965,1.596699540741442,1175.5411243183955
3.966,1.5967948400870524,1177.4138046573491
3.967,1.5968901005949476,1179.2897616246046
3.968,1.5969853234977154,1181.1689744047826
3.969,1.5970805100350338,1183.0514217006428
3.97,1.597175661453342,1184.9370817377387
3.971,1.5972707790055156,1186.8259322692072
3.972,1.5973658639505375,1188.7179505806769
3.973,1.5974609175531704,1190.613113495309
3.974,1.5975559410836258,1192.5113973789557
3.975,1.5976509358172337,1194.4127781454474
3.976,1.597745903034112,1196.3172312619977
3.977,1.5978408440188328,1198.2247317547328
3.978,1.5979357600600912,1200.1352542143359
3.979,1.5980306524503725,1202.048772801817
3.98,1.5981255224856166,1203.9652612543925
3.981,1.5982203714648866,1205.8846928914857
3.982,1.5983152006900327,1207.8070406208403
3.983,1.5984100114653594,1209.7322769447478
3.984,1.59850480509729,1211.6603739663847
3.985,1.598599582894034,1213.591303396264
3.986,1.5986943461652512,1215.5250365587922
3.987,1.5987890962217175,1217.461544398937
3.988,1.5988838343749945,1219.4007974889973
3.989,1.5989785619370913,1221.3427660354835
3.99,1.5990732802201362,1223.287419886095
3.991,1.599167990536041,1225.2347285368032
3.992,1.599262694196171,1227.1846611390329
3.993,1.599357392511015,1229.1371865069427
3.994,1.5994520867898518,1231.0922731248008
3.995,1.599546778340425,1233.0498891544585
3.996,1.599641468468611,1235.0100024429125
3.997,1.5997361584780943,1236.9725805299647
3.998,1.5998308496700404,1238.9375906559671
3.999,1.5999255433427702,1240.9049997696557
4.0,1.6000202407914383,1242.8747745360722
4.001,1.6001149433077089,1244.8468813445702
4.002,1.6002096521794351,1246.8212863168997
4.003,1.6003043686903413,1248.7979553153796
4.004,1.6003990941197042,1250.7768539511417
4.005,1.6004938297420368,1252.7579475924572
4.006,1.600588576826775,1254.7412013731346
4.007,1.6006833366379642,1256.726580200991
4.008,1.6007781104339518,1258.7140487663983
4.009,1.6008728994670747,1260.703571550891
4.01,1.6009677049833564,1262.695112835848
4.011,1.6010625282222013,1264.688636711237
4.0120000000000005,1.6011573704160946,1266.6841070844184
4.013,1.6012522327903,1268.6814876890173
4.014,1.601347116562565,1270.6807420938446
4.015,1.6014420229428261,1272.6818337118843
4.016,1.6015369531329156,1274.684725809328
4.017,1.6016319083262727,1276.6893815146666
4.018,1.6017268897076575,1278.6957638278272
4.019,1.6018218984528656,1280.7038356293638
4.0200000000000005,1.6019169357284486,1282.7135596896874
4.021,1.602012002691433,1284.724898678346
4.022,1.6021071004890493,1286.7378151733406
4.023,1.602202230258455,1288.752271670483
4.024,1.6022973931264701,1290.7682305927879
4.025,1.6023925902093057,1292.7856542999066
4.026,1.6024878226123054,1294.8045050975797
4.027,1.6025830914296852,1296.824745247135
4.0280000000000005,1.6026783977442758,1298.8463369750016
4.029,1.6027737426272715,1300.869242482255
4.03,1.6028691271379794,1302.8934239541823
4.031,1.6029645523235747,1304.9188435698711
4.032,1.6030600192188584,1306.9454635118145
4.033,1.6031555288460184,1308.973245975531
4.034,1.6032510822143968,1311.0021531792022
4.035,1.6033466803202547,1313.0321473733175
4.0360000000000005,1.6034423241465496,1315.0631908503296
4.037,1.6035380146627083,1317.095245954317
4.038,1.6036337528244111,1319.1282750906487
4.039,1.6037295395733733,1321.162240735653
4.04,1.603825375837135,1323.1971054462824
4.041,1.6039212625288546,1325.2328318697814
4.042,1.6040172005471043,1327.2693827533394
4.043,1.6041131907756716,1329.306720953747
4.0440000000000005,1.6042092340833654,1331.344809447031
4.045,1.6043053313238222,1333.3836113380862
4.046,1.604401483335326,1335.423089870286
4.047,1.6044976909406197,1337.4632084350767
4.048,1.6045939549467307,1339.5039305815542
4.049,1.6046902761447992,1341.545220026017
4.05,1.6047866553099068,1343.5870406614906
4.051,1.604883093200914,1345.629356567235
4.0520000000000005,1.604979590560299,1347.6721320182091
4.053,1.6050761481140066,1349.7153314945167
4.054,1.6051727665712914,1351.7589196908066
4.055,1.6052694466245776,1353.8028615256449
4.056,1.6053661889493163,1355.8471221508416
4.057,1.6054629942038474,1357.8916669607408
4.058,1.6055598630292698,1359.936461601464
4.059,1.6056567960493133,1361.9814719801084
4.0600000000000005,1.605753793870217,1364.0266642738961
4.061,1.6058508570806125,1366.0720049392726
4.062,1.605947986251409,1368.1174607209527
4.063,1.6060451819356878,1370.162998660911
4.064,1.6061424446686,1372.2085861073103
4.065,1.6062397749672659,1374.2541907233783
4.066,1.606337173330683,1376.2997804962124
4.067,1.6064346402396397,1378.345323745527
4.0680000000000005,1.6065321761566291,1380.3907891323283
4.069,1.6066297815257735,1382.4361456675256
4.07,1.6067274567727476,1384.4813627204635
4.071,1.6068252023047143,1386.5264100273885
4.072,1.6069230185102588,1388.5712576998308
4.073,1.6070209057593297,1390.6158762329176
4.074,1.607118864403188,1392.660236513597
4.075,1.6072168947743557,1394.7043098287845
4.0760000000000005,1.6073149971865748,1396.7480678734228
4.077,1.6074131719347688,1398.791482758456
4.078,1.607511419295007,1400.8345270187122
4.079,1.6076097395244788,1402.8771736206977
4.08,1.6077081328614695,1404.9193959702973
4.081,1.60780659952534,1406.961167920376
4.082,1.6079051397165172,1409.0024637782885
4.083,1.6080037536164826,1411.043258313286
4.0840000000000005,1.6081024413877694,1413.083526763822
4.085,1.6082012031739659,1415.1232448447554
4.086,1.6083000390997193,1417.1623887544463
4.087,1.6083989492707496,1419.200935181748
4.088,1.6084979337738647,1421.2388613128855
4.089,1.6085969926769828,1423.276144838227
4.09,1.608696126029158,1425.312763958937
4.091,1.6087953338606127,1427.348697393522
4.0920000000000005,1.6088946161827715,1429.3839243842506
4.093,1.608993972988304,1431.418424703464
4.094,1.609093404251171,1433.4521786597593
4.095,1.6091929099266744,1435.485167104053
4.096,1.6092924899515122,1437.5173714355228
4.097,1.60939214424384,1439.54877360742
4.098,1.6094918727033347,1441.5793561327591
4.099,1.6095916752112667,1443.609102089875
4.1,1.6096915516305712,1445.6379951278518
4.101,1.6097915018059303,1447.666019471818
4.102,1.6098915255638548,1449.6931599281106
4.103,1.609991622712774,1451.7194018893028
4.104,1.6100917930431278,1453.7447313390928
4.105,1.6101920363274653,1455.769134857061
4.106,1.6102923523205457,1457.7925996232789
4.107,1.610392740759447,1459.8151134227855
4.108,1.6104932013636732,1461.836664649917
4.109,1.6105937338352752,1463.8572423124936
4.11,1.6106943378589658,1465.876836035861
4.111,1.6107950131022473,1467.8954360667894
4.112,1.6108957592155366,1469.913033277218
4.113,1.6109965758323024,1471.9296191678595
4.114,1.6110974625691983,1473.9451858716475
4.115,1.6111984190262043,1475.9597261570398
4.116,1.611299444786775,1477.9732334311605
4.117,1.6114005394179856,1479.9857017428017
4.118,1.6115017024706872,1481.9971257852585
4.119,1.6116029334796629,1484.0075008990189
4.12,1.6117042319637893,1486.0168230742888
4.121,1.6118055974262029,1488.0250889533709
4.122,1.611907029354467,1490.0322958328734
4.123,1.6120085272207458,1492.0384416657716
4.124,1.6121100904819798,1494.0435250633013
4.125,1.612211718580067,1496.0475452966984
4.126,1.6123134109420456,1498.0505022987713
4.127,1.6124151669802815,1500.0523966653182
4.128,1.6125169860926591,1502.0532296563767
4.129,1.6126188676627762,1504.0530031973144
4.13,1.6127208110601396,1506.051719879752
4.131,1.6128228156403677,1508.0493829623279
4.132,1.612924880745394,1510.0459963712915
4.133,1.6130270057036746,1512.0415647009374
4.134,1.6131291898303979,1514.0360932138701
4.135,1.6132314324276986,1516.0295878411057
4.136,1.613333732784875,1518.0220551820048
4.1370000000000005,1.6134360901786067,1520.0135025040418
4.138,1.6135385038731784,1522.003937742404
4.139,1.6136409731207049,1523.9933694994295
4.14,1.6137434971613573,1525.9818070438678
4.141,1.613846075223596,1527.9692603099852
4.142,1.613948706524402,1529.955739896494
4.143,1.614051390269514,1531.9412570653185
4.144,1.6141541256536647,1533.92582374019
4.1450000000000005,1.6142569118608245,1535.9094525050796
4.146,1.6143597480644398,1537.8921566024578
4.147,1.6144626334276835,1539.8739499313906
4.148,1.6145655671036976,1541.8548470454666
4.149,1.614668548235846,1543.83486315056
4.15,1.6147715759579644,1545.8140141024196
4.151,1.6148746493946138,1547.7923164041017
4.152,1.6149777676613364,1549.769787203227
4.1530000000000005,1.6150809298649145,1551.7464442890791
4.154,1.615184135103625,1553.722306089531
4.155,1.6152873824675045,1555.6973916678128
4.156,1.6153906710386083,1557.67172071911
4.157,1.6154939998912787,1559.6453135670001
4.158,1.6155973680924043,1561.618191159725
4.159,1.6157007747016912,1563.5903750662997
4.16,1.6158042187719286,1565.561887472461
4.1610000000000005,1.6159076993492594,1567.5327511764517
4.162,1.6160112154734498,1569.5029895846453
4.163,1.6161147661781607,1571.4726267070116
4.164,1.6162183504912193,1573.4416871524193
4.165,1.616321967434895,1575.410196123785
4.166,1.6164256160261696,1577.3781794130603
4.167,1.6165292952770172,1579.3456633960636
4.168,1.6166330041946746,1581.3126750271567
4.1690000000000005,1.6167367417819212,1583.2792418337674
4.17,1.6168405070373537,1585.2453919107534
4.171,1.6169442989556653,1587.211153914621
4.172,1.6170481165279207,1589.176557057585
4.173,1.6171519587418375,1591.1416311014832
4.174,1.61725582458206,1593.1064063515396
4.175,1.617359713030441,1595.0709136499786
4.176,1.617463623066318,1597.0351843694943
4.1770000000000005,1.6175675536667944,1598.999250406574
4.178,1.6176715038070124,1600.9631441746749
4.179,1.6177754724604374,1602.9268985972635
4.18,1.6178794585991316,1604.8905471007065
4.181,1.6179834611940325,1606.8541236070294
4.182,1.6180874792152309,1608.8176625265303
4.183,1.618191511632247,1610.78119875026
4.184,1.6182955574143063,1612.7447676423662
4.1850000000000005,1.6183996155306146,1614.708405032306
4.186,1.6185036849506353,1616.6721472069198
4.187,1.6186077646443606,1618.636030902384
4.188,1.618711853582585,1620.600093296028
4.189,1.6188159507371795,1622.564371998026
4.19,1.6189200550813616,1624.528905042965
4.191,1.619024165589965,1626.4937308812896
4.192,1.6191282812397099,1628.4588883706208
4.1930000000000005,1.6192324010094699,1630.4244167669626
4.194,1.6193365238805393,1632.390355715782
4.195,1.6194406488368966,1634.3567452429838
4.196,1.6195447748654717,1636.3236257457602
4.197,1.6196489009564048,1638.2910379833352
4.198,1.6197530261033077,1640.259023067601
4.199,1.6198571493035256,1642.2276224536397
4.2,1.61996126955839,1644.196877930145
4.2010000000000005,1.6200653858734784,1646.1668316097382
4.202,1.620169497258865,1648.137525919183
4.203,1.6202736027293743,1650.109003589502
4.204,1.620377701304831,1652.0813076459938
4.205,1.6204817920103065,1654.0544813981587
4.206,1.6205858738763639,1656.0285684295286
4.207,1.6206899459393043,1658.0036125874103
4.208,1.6207940072414067,1659.9796579725366
4.2090000000000005,1.6208980568311653,1661.956748928636
4.21,1.6210020937635274,1663.9349300319154
4.211,1.6211061171001286,1665.9142460804665
4.212,1.621210125909522,1667.8947420835896
4.213,1.6213141192674099,1669.8764632510438
4.214,1.621418096256867,1671.8594549822233
4.215,1.6215220559685666,1673.8437628552629
4.216,1.6216259975010021,1675.8294326160735
4.2170000000000005,1.6217299199607018,1677.8165101673176
4.218,1.621833822462449,1679.8050415573082
4.219,1.6219377041294893,1681.7950729688662
4.22,1.6220415640937456,1683.7866507081003
4.221,1.6221454014960188,1685.779821193147
4.222,1.6222492154861972,1687.7746309428449
4.223,1.6223530052234512,1689.7711265653695
4.224,1.6224567698764345,1691.7693547468127
4.225,1.6225605086234764,1693.7693622397219
4.226,1.6226642206527722,1695.771195851594
4.227,1.6227679051625707,1697.7749024333327
4.228,1.6228715613613596,1699.7805288676664
4.229,1.6229751884680432,1701.788122057534
4.23,1.623078785712123,1703.7977289144383
4.231,1.623182352333867,1705.8093963467727
4.232,1.623285887584486,1707.8231712481177
4.233,1.6233893907262926,1709.839100485523
4.234,1.62349286103287,1711.8572308877592
4.235,1.6235962977892282,1713.877609233561
4.236,1.623699700291961,1715.900282239851
4.237,1.6238030678493964,1717.9252965499536
4.238,1.6239063997817456,1719.9526987218
4.239,1.6240096954212473,1721.982535216128
4.24,1.6241129541123067,1724.0148523846779
4.241,1.6242161752116338,1726.049696458388
4.242,1.6243193580883744,1728.0871135355947
4.243,1.6244225021242396,1730.1271495702367
4.244,1.6245256067136307,1732.1698503600678
4.245,1.6246286712637588,1734.215261534884
4.246,1.624731695194761,1736.2634285447575
4.247,1.6248346779398164,1738.3143966483003
4.248,1.6249376189452498,1740.3682109009335
4.249,1.6250405176706397,1742.4249161431924
4.25,1.6251433735889174,1744.4845569890483
4.251,1.625246186186462,1746.5471778142667
4.252,1.6253489549631952,1748.6128227447905
4.253,1.6254516794326652,1750.6815356451627
4.254,1.6255543591221349,1752.7533601069842
4.255,1.625656993572657,1754.8283394374153
4.256,1.6257595823391515,1756.9065166477144
4.257,1.625862124990477,1758.9879344418305
4.258,1.625964621109496,1761.0726352050388
4.259,1.6260670702931375,1763.160660992634
4.26,1.6261694721524562,1765.2520535186702
4.261,1.626271826312685,1767.3468541447705
4.2620000000000005,1.6263741324132865,1769.4451038689845
4.263,1.6264763901079953,1771.5468433147196
4.264,1.6265785990648622,1773.6521127197325
4.265,1.6266807589662877,1775.760951925193
4.266,1.6267828695090585,1777.8734003648171
4.267,1.6268849304043704,1779.9894970540795
4.268,1.6269869413778566,1782.1092805794974
4.269,1.6270889021696044,1784.232789088002
4.2700000000000005,1.6271908125341716,1786.3600602763843
4.271,1.6272926722405965,1788.4911313808393
4.272,1.6273944810724055,1790.626039166583
4.273,1.627496238827614,1792.7648199175774
4.274,1.6275979453187261,1794.9075094263355
4.275,1.627699600372727,1797.0541429838343
4.276,1.6278012038310725,1799.2047553695181
4.277,1.6279027555496746,1801.359380841413
4.2780000000000005,1.6280042553988823,1803.5180531263375
4.279,1.6281057032634594,1805.680805410227
4.28,1.6282070990425548,1807.847670328565
4.281,1.6283084426496732,1810.0186799569296
4.282,1.6284097340126376,1812.1938658016525
4.283,1.62851097307355,1814.3732587905981
4.284,1.6286121597887477,1816.5568892640592
4.285,1.6287132941287543,1818.7447869657838
4.2860000000000005,1.6288143760782279,1820.9369810341145
4.287,1.6289154056359045,1823.1334999932687
4.288,1.6290163828145379,1825.3343717447408
4.289,1.6291173076408356,1827.5396235588375
4.29,1.6292181801553878,1829.7492820663524
4.291,1.6293190004125997,1831.9633732503737
4.292,1.6294197684806104,1834.1819224382339
4.293,1.629520484441217,1836.404954293601
4.2940000000000005,1.6296211483897878,1838.6324928087106
4.295,1.629721760435173,1840.8645612967505
4.296,1.6298223206996185,1843.1011823843885
4.297,1.6299228293186647,1845.3423780044554
4.298,1.6300232864410504,1847.5881693887743
4.299,1.6301236922286098,1849.8385770611544
4.3,1.6302240468561635,1852.0936208305332
4.301,1.6303243505114127,1854.3533197842826
4.3020000000000005,1.6304246033948209,1856.6176922816742
4.303,1.6305248057195003,1858.8867559475104
4.304,1.6306249577110883,1861.160527665916
4.305,1.630725059607626,1863.4390235743017
4.306,1.630825111659428,1865.7222590574922
4.307,1.630925114128953,1868.0102487420295
4.308,1.6310250672906697,1870.303006490644
4.309,1.6311249714309182,1872.6005453969044
4.3100000000000005,1.631224826847771,1874.9028777800381
4.311,1.6313246338508869,1877.2100151799366
4.312,1.6314243927613656,1879.5219683523324
4.313,1.6315241039115977,1881.8387472641634
4.314,1.6316237676451117,1884.1603610891161
4.315,1.6317233843164152,1886.4868182033533
4.316,1.631822954290841,1888.8181261814284
4.317,1.6319224779443806,1891.1542917923873
4.3180000000000005,1.6320219556635234,1893.4953209960559
4.319,1.632121387845086,1895.8412189395199
4.32,1.6322207748960456,1898.1919899537957
4.321,1.6323201172333641,1900.547637550692
4.322,1.6324194152838163,1902.9081644198657
4.323,1.632518669483809,1905.2735724260754
4.324,1.632617880279203,1907.643862606626
4.325,1.6327170481251305,1910.0190351690144
4.3260000000000005,1.6328161734858093,1912.3990894887702
4.327,1.6329152568343561,1914.7840241074998
4.328,1.6330142986525982,1917.1738367311277
4.329,1.6331132994308803,1919.5685242283384
4.33,1.6332122596678729,1921.9680826292217
4.331,1.633311179870376,1924.372507124121
4.332,1.6334100605531208,1926.7817920626867
4.333,1.633508902238572,1929.1959309531283
4.3340000000000005,1.633607705456726,1931.6149164616781
4.335,1.6337064707449072,1934.0387404122598
4.336,1.6338051986475646,1936.4673937863572
4.337,1.633903889716067,1938.900866723099
4.338,1.6340025445084914,1941.339148519543
4.339,1.6341011635894178,1943.7822276311745
4.34,1.6341997475297163,1946.23009167261
4.341,1.6342982969063369,1948.6827274185075
4.3420000000000005,1.634396812302094,1951.1401208046907
4.343,1.6344952943054547,1953.6022569294812
4.344,1.6345937435103224,1956.069120055235
4.345,1.6346921605158191,1958.540693610098
4.346,1.6347905459260703,1961.0169601899613
4.347,1.634888900349984,1963.4979015606355
4.348,1.6349872244010344,1965.9834986602286
4.349,1.6350855186970383,1968.4737316017377
4.3500000000000005,1.6351837838599375,1970.9685796758463
4.351,1.635282020515577,1973.468021353938
4.352,1.6353802292934811,1975.9720342913115
4.353,1.6354784108266338,1978.4805953306122
4.354,1.6355765657512547,1980.9936805054692
4.355,1.6356746947065752,1983.5112650443411
4.356,1.6357727983346166,1986.0333233745707
4.357,1.6358708772799675,1988.559829126651
4.358,1.635968932189555,1991.0907551386897
4.359,1.6360669637124292,1993.6260734610926
4.36,1.6361649724995326,1996.1657553614423
4.361,1.6362629592034788,1998.7097713295923
4.362,1.6363609244783308,2001.258091082957
4.363,1.6364588689793766,2003.8106835720148
4.364,1.6365567933629055,2006.3675169860073
4.365,1.6366546982859878,2008.9285587588486
4.366,1.6367525844062514,2011.4937755752273
4.367,1.63685045238166,2014.0631333769209
4.368,1.6369483028702945,2016.6365973692991
4.369,1.6370461365301305,2019.2141320280352
4.37,1.637143954018822,2021.795701106008
4.371,1.6372417559934789,2024.3812676404066
4.372,1.6373395431104527,2026.970793960026
4.373,1.6374373160251192,2029.5642416927628
4.374,1.6375350753916615,2032.1615717732968
4.375,1.6376328218628575,2034.7627444509708
4.376,1.6377305560898656,2037.3677192978562
4.377,1.6378282787220126,2039.9764552170145
4.378,1.6379259904065833,2042.5889104509356
4.379,1.6380236917886108,2045.2050425901734
4.38,1.6381213835106698,2047.824808582158
4.381,1.6382190662126683,2050.448164740197
4.382,1.6383167405316448,2053.0750667526518
4.383,1.6384144071015643,2055.705469692298
4.384,1.6385120665531168,2058.3393280258633
4.385,1.6386097195135185,2060.97659562374
4.386,1.6387073666063123,2063.6172257698727
4.3870000000000005,1.6388050084511747,2066.2611711718164
4.388,1.6389026456637195,2068.908383970969
4.389,1.6390002788553077,2071.55881575297
4.39,1.6390979086328574,2074.212417558262
4.391,1.639195535598655,2076.869139892826
4.392,1.6392931603501721,2079.5289327390683
4.393,1.6393907834798813,2082.191745566877
4.394,1.6394884055750762,2084.8575273448273
4.3950000000000005,1.6395860272176919,2087.5262265515507
4.396,1.639683648984131,2090.1977911872536
4.397,1.6397812714450886,2092.872168785388
4.398,1.6398788951653849,2095.549306424468
4.399,1.6399765207037924,2098.2291507400396
4.4,1.640074148612875,2100.9116479367885
4.401,1.6401717794388229,2103.596743800789
4.402,1.6402694137212954,2106.284383711899
4.4030000000000005,1.6403670519932594,2108.974512656279
4.404,1.640464694780842,2111.6670752390605
4.405,1.6405623426031726,2114.3620156971333
4.406,1.6406599959722417,2117.0592779120643
4.407,1.64075765539275,2119.7588054231464
4.408,1.640855321361971,2122.4605414405646
4.409,1.640952994369609,2125.1644288586867
4.41,1.641050674897667,2127.8704102694687
4.4110000000000005,1.6411483634203115,2130.5784279759773
4.412,1.6412460604037453,2133.2884240060207
4.413,1.6413437663060817,2136.000340125893
4.414,1.6414414815772218,2138.714117854219
4.415,1.6415392066587369,2141.4296984759058
4.416,1.6416369419837513,2144.1470230561927
4.417,1.6417346879768318,2146.866032454799
4.418,1.6418324450538797,2149.5866673401624
4.4190000000000005,1.6419302136220253,2152.308868203774
4.42,1.6420279940795264,2155.0325753745924
4.421,1.6421257868156727,2157.757729033551
4.422,1.6422235922106898,2160.48426922814
4.423,1.6423214106356507,2163.212135887069
4.424,1.642419242452388,2165.941268835002
4.425,1.6425170880134141,2168.671607807368
4.426,1.6426149476618381,2171.403092465236
4.4270000000000005,1.6427128217312945,2174.1356624102555
4.428,1.6428107105458718,2176.869257199658
4.429,1.6429086144200427,2179.603816361319
4.43,1.6430065336586024,2182.3392794088704
4.431,1.6431044685566107,2185.075585856869
4.432,1.643202419399334,2187.8126752360076
4.433,1.643300386462194,2190.550487108376
4.434,1.6433983700107222,2193.288961082754
4.4350000000000005,1.6434963703005145,2196.028036829957
4.436,1.6435943875771926,2198.767654098194
4.437,1.6436924220763678,2201.5077527284793
4.438,1.6437904740236102,2204.248272670048
4.439,1.6438885436344213,2206.989153995818
4.44,1.6439866311142093,2209.730336917847
4.441,1.6440847366582718,2212.4717618028285
4.442,1.6441828604517803,2215.213369187581
4.4430000000000005,1.6442810026697672,2217.9550997945603
4.444,1.6443791634771217,2220.6968945473686
4.445,1.6444773430285835,2223.438694586267
4.446,1.6445755414687477,2226.1804412836873
4.447,1.6446737589320677,2228.9220762597347
4.448,1.6447719955428644,2231.6635413976865
4.449,1.6448702514153426,2234.4047788594694
4.45,1.644968526653604,2237.1457311011286
4.4510000000000005,1.6450668213516741,2239.8863408882685
4.452,1.6451651355935235,2242.626551311475
4.453,1.645263469453101,2245.3663058017073
4.454,1.6453618229943654,2248.1055481456547
4.455,1.645460196271326,2250.8442225010645
4.456,1.645558589328081,2253.5822734120247
4.457,1.6456570021988686,2256.319645824211
4.458,1.6457554349081116,2259.0562851000736
4.4590000000000005,1.6458538874704773,2261.792137033991
4.46,1.6459523598909307,2264.5271478673553
4.461,1.6460508521648003,2267.2612643036096
4.462,1.6461493642778429,2269.994433523215
4.463,1.6462478962063132,2272.726603198561
4.464,1.6463464479170382,2275.4577215088
4.465,1.6464450193674967,2278.1877371546143
4.466,1.6465436105058988,2280.9165993729007
4.4670000000000005,1.6466422212712732,2283.644257951382
4.468,1.6467408515935553,2286.3706632431295
4.469,1.6468395013936825,2289.095766181001
4.47,1.64693817058369,2291.819518291986
4.471,1.6470368590668119,2294.5418717114558
4.472,1.6471355667375849,2297.2627791973155
4.473,1.6472342934819586,2299.9821941440587
4.474,1.6473330391774055,2302.7000705967066
4.4750000000000005,1.6474318036930375,2305.416363264647
4.476,1.6475305868897245,2308.1310275353535
4.477,1.647629388620218,2310.844019487999
4.478,1.647728208729275,2313.5552959069314
4.479,1.64782704705379,2316.2648142950447
4.48,1.6479259034229259,2318.972532887008
4.481,1.6480247776582528,2321.678410662377
4.482,1.6481236695738848,2324.3824073585565
4.483,1.6482225789766256,2327.0844834836416
4.484,1.6483215056661122,2329.784600329103
4.485,1.6484204494349666,2332.4827199823385
4.486,1.6485194100689466,2335.178805339072
4.487,1.6486183873471023,2337.8728201156005
4.488,1.6487173810419335,2340.5647288608884
4.489,1.6488163909195541,2343.254496968506
4.49,1.6489154167398532,2345.942090688399
4.491,1.6490144582566653,2348.6274771385024
4.492,1.649113515217938,2351.310624316182
4.493,1.6492125873659076,2353.991501109506
4.494,1.6493116744372731,2356.6700773083385
4.495,1.6494107761633747,2359.3463236152656
4.496,1.6495098922703755,2362.0202116563287
4.497,1.649609022479445,2364.691713991582
4.498,1.6497081665069437,2367.3608041254624
4.499,1.6498073240646134,2370.0274565169657
4.5,1.649906494859765,2372.6916465896365
4.501,1.6500056785954758,2375.3533507413563
4.502,1.6501048749707803,2378.0125463539343
4.503,1.6502040836808702,2380.669211802502
4.504,1.6503033044172923,2383.3233264646938
4.505,1.650402536868152,2385.97487072963
4.506,1.6505017807183129,2388.623826006681
4.507,1.6506010356496068,2391.270174734029
4.508,1.6507003013410355,2393.913900387
4.509,1.6507995774689848,2396.554987486194
4.51,1.6508988637074298,2399.19342160538
4.511,1.6509981597281511,2401.8291893791775
4.5120000000000005,1.6510974652009458,2404.4622785105057
4.513,1.6511967797938427,2407.0926777778077
4.514,1.6512961031733184,2409.720377042043
4.515,1.651395435004517,2412.345367253447
4.516,1.6514947749514652,2414.9676404580496
4.517,1.6515941226772952,2417.5871898039695
4.518,1.6516934778444632,2420.2040095474467
4.519,1.6517928401149728,2422.8180950586557
4.5200000000000005,1.6518922091505983,2425.4294428272547
4.521,1.651991584613106,2428.0380504677005
4.522,1.6520909661644794,2430.643916724308
4.523,1.6521903534671463,2433.24704147606
4.524,1.6522897461842008,2435.8474257411635
4.525,1.6523891439796317,2438.4450716813553
4.526,1.6524885465185464,2441.0399826059406
4.527,1.652587953467402,2443.6321629755876
4.5280000000000005,1.652687364494226,2446.221618405844
4.529,1.65278677926885,2448.808355670407
4.53,1.6528861974631313,2451.3923827041194
4.531,1.6529856187511829,2453.973708605705
4.532,1.6530850428096,2456.552343640231
4.533,1.653184469317687,2459.128299241312
4.534,1.6532838979576832,2461.7015880130302
4.535,1.6533833284149893,2464.2722237315975
4.5360000000000005,1.6534827603783933,2466.84022134673
4.537,1.6535821935402968,2469.4055969827664
4.538,1.6536816275969368,2471.9683679394902
4.539,1.653781062248613,2474.5285526926928
4.54,1.653880497199908,2477.0861708944467
4.541,1.6539799321599107,2479.6412433731084
4.542,1.654079366842438,2482.1937921330295
4.543,1.6541788009662546,2484.743840354005
4.5440000000000005,1.6542782342552917,2487.2914123904184
4.545,1.6543776664388647,2489.8365337701216
4.546,1.6544770972518914,2492.379231193019
4.547,1.6545765264351044,2494.9195325293767
4.548,1.6546759537352678,2497.457466817838
4.549,1.6547753789053865,2499.9930642631616
4.55,1.6548748017049177,2502.5263562336654
4.551,1.6549742218999821,2505.057375258392
4.5520000000000005,1.655073639263565,2507.586155023977
4.553,1.655173053575727,2510.112730371243
4.554,1.6552724646238044,2512.637137291492
4.555,1.6553718722026092,2515.1594129225186
4.556,1.6554712761146293,2517.679595544335
4.557,1.6555706761702258,2520.1977245745993
4.558,1.6556700721878237,2522.713840563765
4.559,1.6557694639941067,2525.2279851899402
4.5600000000000005,1.6558688514242064,2527.740201253451
4.561,1.6559682343218853,2530.250532671126
4.562,1.6560676125397253,2532.759024470288
4.563,1.6561669859393062,2535.265722782457
4.564,1.6562663543913843,2537.77067483677
4.565,1.6563657177760682,2540.27392895311
4.566,1.6564650759829918,2542.7755345349465
4.567,1.6565644289114814,2545.275542061898
4.5680000000000005,1.6566637764707248,2547.774003081997
4.569,1.6567631185799323,2550.2709702036823
4.57,1.656862455168496,2552.7664970874966
4.571,1.656961786176148,2555.2606384375067
4.572,1.6570611115531113,2557.7534499924386
4.573,1.6571604312602495,2560.2449885165324
4.574,1.657259745269212,2562.7353117901102
4.575,1.6573590535625768,2565.224478599878
4.5760000000000005,1.6574583561339893,2567.7125487289286
4.577,1.657557652988293,2570.199582946485
4.578,1.6576569441416633,2572.6856429973564
4.579,1.6577562296217323,2575.1707915911247
4.58,1.657855509467712,2577.6550923910504
4.581,1.6579547837305109,2580.138610002715
4.582,1.6580540524728495,2582.6214099623803
4.583,1.6581533157693689,2585.1035587250926
4.5840000000000005,1.6582525737067355,2587.585123652503
4.585,1.6583518263837453,2590.066173000436
4.586,1.658451073911416,2592.546775906179
4.587,1.6585503164130802,2595.027002375523
4.588,1.6586495540244748,2597.506923269527
4.589,1.6587487868938213,2599.986610291039
4.59,1.658848015181905,2602.4661359709444
4.591,1.6589472390621463,2604.945573654168
4.5920000000000005,1.659046458720672,2607.424997485423
4.593,1.6591456743563748,2609.9044823946997
4.594,1.6592448861809768,2612.384104082515
4.595,1.659344094419077,2614.8639390049107
4.596,1.6594432993082047,2617.3440643582067
4.597,1.6595425010988594,2619.824558063511
4.598,1.6596417000545516,2622.3054987509936
4.599,1.6597408964518328,2624.786965743917
4.6000000000000005,1.6598400905803241,2627.269039042437
4.601,1.6599392827427413,2629.75179930717
4.602,1.660038473254906,2632.235327842527
4.603,1.6601376624457627,2634.719706579823
4.604,1.6602368506573817,2637.2050180601636
4.605,1.6603360382449595,2639.6913454171086
4.606,1.6604352255768156,2642.178772359112
4.607,1.6605344130343822,2644.667383151757
4.6080000000000005,1.6606336010121838,2647.1572625997655
4.609,1.660732789917821,2649.6484960288076
4.61,1.660831980171939,2652.141169267099
4.611,1.6609311722081952,2654.635368626797
4.612,1.6610303664732213,2657.1311808851915
4.613,1.6611295634265775,2659.6286932657085
4.614,1.6612287635407021,2662.127993418704
4.615,1.661327967300855,2664.6291694020874
4.616,1.6614271752050547,2667.1323096617334
4.617,1.661526387764012,2669.6375030117338
4.618,1.6616256055010539,2672.1448386144493
4.619,1.6617248289520437,2674.6544059603966
4.62,1.661824058665296,2677.166294847957
4.621,1.6619232952014835,2679.6805953629155
4.622,1.66202253913354,2682.1973978578326
4.623,1.6621217910465553,2684.716792931258
4.624,1.6622210515376674,2687.2388714067783
4.625,1.6623203212159416,2689.763724311915
4.626,1.6624196007022538,2692.291442856872
4.627,1.66251889062916,2694.82211841313
4.628,1.6626181916407596,2697.3558424919006
4.629,1.6627175043925597,2699.8927067224445
4.63,1.6628168295513253,2702.432802830247
4.631,1.662916167794928,2704.9762226150674
4.632,1.6630155198121865,2707.523057928857
4.633,1.6631148863027045,2710.073400653559
4.634,1.6632142679766964,2712.62734267878
4.635,1.6633136655548129,2715.184975879358
4.636,1.6634130797679576,2717.746392092808
4.6370000000000005,1.663512511357099,2720.311683096673
4.638,1.6636119610730722,2722.8809405857587
4.639,1.6637114296763824,2725.4542561492817
4.64,1.6638109179369955,2728.031721247918
4.641,1.663910426634125,2730.613427190765
4.642,1.6640099565560131,2733.199465112214
4.643,1.6641095084997075,2735.7899259487504
4.644,1.6642090832708278,2738.3849004156664
4.6450000000000005,1.6643086816833317,2740.9844789837116
4.646,1.6644083045592681,2743.588751855674
4.647,1.6645079527285338,2746.197808942895
4.648,1.6646076270286143,2748.8117398417276
4.649,1.664707328304327,2751.430633809948
4.65,1.6648070574075529,2754.0545797431055
4.651,1.6649068151969668,2756.683666150841
4.652,1.665006602537757,2759.3179811331547
4.6530000000000005,1.6651064203013455,2761.9576123566517
4.654,1.6652062693650966,2764.602647030741
4.655,1.6653061506120233,2767.253171883827
4.656,1.6654060649304883,2769.909273139463
4.657,1.6655060132138961,2772.5710364925035
4.658,1.6656059963603849,2775.2385470852364
4.659,1.6657060152725085,2777.9118894835083
4.66,1.665806070856914,2780.5911476528545
4.6610000000000005,1.665906164024016,2783.2764049346265
4.662,1.6660062956876638,2785.967744022129
4.663,1.666106466764803,2788.665246936772
4.664,1.6662066781751335,2791.3689950042335
4.665,1.6663069308407619,2794.079068830656
4.666,1.6664072256858478,2796.795548278859
4.667,1.6665075636362454,2799.518512444588
4.668,1.6666079456191425,2802.2480396328046
4.6690000000000005,1.6667083725626906,2804.9842073340133
4.67,1.666808845395633,2807.7270922006314
4.671,1.6669093650469287,2810.476770023424
4.672,1.6670099324453687,2813.233315707981
4.673,1.6671105485191904,2815.9968032512643
4.674,1.6672112141956865,2818.767305718217
4.675,1.6673119304008095,2821.5448952184443
4.676,1.66741269805877,2824.3296428829763
4.6770000000000005,1.667513518091636,2827.1216188411004
4.678,1.6676143914189214,2829.9208921972904
4.679,1.667715318957174,2832.7275310082205
4.68,1.6678163016195602,2835.541602259874
4.681,1.667917340315443,2838.363171844757
4.682,1.6680184359499572,2841.192304539215
4.683,1.6681195894235836,2844.0290639808577
4.684,1.6682208016317124,2846.873512646098
4.6850000000000005,1.6683220734642124,2849.7257118278208
4.686,1.6684234058049883,2852.585721613158
4.687,1.6685247995315386,2855.453600861415
4.688,1.6686262555145115,2858.3294071821074
4.689,1.6687277746172522,2861.213196913158
4.69,1.668829357695354,2864.105025099224
4.691,1.6689310055961997,2867.0049454701784
4.692,1.6690327191585044,2869.9130104197425
4.6930000000000005,1.6691344992118546,2872.8292709842754
4.694,1.6692363465762412,2875.7537768217267
4.695,1.6693382620615975,2878.68657619076
4.696,1.6694402464673235,2881.62771593004
4.697,1.6695423005818188,2884.577241437706
4.698,1.6696444251820064,2887.5351966510143
4.699,1.6697466210328566,2890.501624026179
4.7,1.6698488888869074,2893.4765645183934
4.7010000000000005,1.6699512294837828,2896.46005756205
4.702,1.6700536435497135,2899.452141051159
4.703,1.6701561317970497,2902.4528513199684
4.704,1.6702586949237748,2905.4622231237954
4.705,1.6703613336130176,2908.480289620068
4.706,1.6704640485325648,2911.507082349582
4.707,1.6705668403343674,2914.542631217984
4.708,1.6706697096540517,2917.586964477471
4.7090000000000005,1.6707726571104224,2920.6401087087306
4.71,1.670875683304973,2923.7020888031047
4.711,1.6709787888213863,2926.772927944999
4.712,1.6710819742250425,2929.8526475945264
4.713,1.67118524006252,2932.94126747041
4.714,1.671288586861099,2936.038805533119
4.715,1.6713920151282644,2939.145277968274
4.716,1.6714955253512085,2942.260699170302
4.7170000000000005,1.6715991179963328,2945.3850817263587
4.718,1.6717027935087485,2948.51843640051
4.719,1.6718065523117809,2951.6607721181963
4.72,1.67191039480647,2954.8120959509542
4.721,1.6720143213710743,2957.972413101431
4.722,1.6721183323605735,2961.1417268886726
4.723,1.6722224281061715,2964.3200387336956
4.724,1.6723266089148023,2967.5073481453537
4.7250000000000005,1.6724308750686339,2970.7036527064956
4.726,1.6725352268245746,2973.9089480604093
4.727,1.6726396644137806,2977.123227897584
4.728,1.6727441880411653,2980.3464839427534
4.729,1.6728487978849071,2983.5787059422682
4.73,1.6729534940959638,2986.8198816517533
4.731,1.673058276797582,2990.0699968241015
4.732,1.6731631460848135,2993.3290351977676
4.7330000000000005,1.673268102024034,2996.5969784853896
4.734,1.6733731446524578,2999.873806362726
4.735,1.673478273977661,3003.159496457927
4.736,1.6735834899771032,3006.4540243411275
4.737,1.6736887925976545,3009.7573635143735
4.738,1.6737941817551214,3013.069485401884
4.739,1.6738996573337797,3016.390359340648
4.74,1.6740052191859056,3019.7199525713663
4.741,1.6741108671313136,3023.058230229729
4.742,1.6742166009568948,3026.4051553380436
4.743,1.6743224204161602,3029.7606887972106
4.744,1.6744283252287864,3033.124789379046
4.745,1.674534315080165,3036.4974137189633
4.746,1.6746403896209554,3039.878516309003
4.747,1.6747465484666406,3043.268049491228
4.748,1.6748527911970892,3046.6659634514717
4.749,1.6749591173561194,3050.0722062134546
4.75,1.675065526451067,3053.486723633259
4.751,1.6751720179523577,3056.9094593941795
4.752,1.6752785912930865,3060.34035500193
4.753,1.675385245868597,3063.779349780232
4.754,1.6754919810360687,3067.2263808667694
4.755,1.675598796114108,3070.6813832095168
4.756,1.6757056903823437,3074.14428956345
4.757,1.6758126630810288,3077.615030487629
4.758,1.6759197134106452,3081.093534342658
4.759,1.6760268405315166,3084.5797272885357
4.76,1.6761340435634238,3088.0735332828745
4.761,1.6762413215852279,3091.5748740795166
4.7620000000000005,1.6763486736344964,3095.083669227525
4.763,1.6764560987071402,3098.5998360705703
4.764,1.6765635957570488,3102.1232897466934
4.765,1.676671163695739,3105.6539431884667
4.766,1.6767788013920049,3109.1917071235384
4.767,1.6768865076715764,3112.736490075577
4.768,1.6769942813167829,3116.2881983655916
4.769,1.6771021210662245,3119.846736113658
4.7700000000000005,1.6772100256144482,3123.412005241034
4.771,1.6773179936116331,3126.9839054726676
4.772,1.6774260236632808,3130.5623343400966
4.773,1.6775341143299127,3134.14718718475
4.774,1.6776422641267748,3137.738357161638
4.775,1.6777504715235507,3141.335735243445
4.776,1.6778587349440792,3144.9392102250085
4.777,1.6779670527660813,3148.5486687282046
4.7780000000000005,1.678075423320897,3152.1639952072237
4.779,1.6781838448932214,3155.7850719542444
4.78,1.6782923157208605,3159.411779105504
4.781,1.678400833994483,3163.0439946477672
4.782,1.6785093978573893,3166.6815944251853
4.783,1.6786180054052826,3170.324452146558
4.784,1.678726654686051,3173.972439392989
4.785,1.6788353436995558,3177.6254256259344
4.7860000000000005,1.6789440703974314,3181.2832781956486
4.787,1.6790528326828902,3184.945862350025
4.788,1.6791616284105362,3188.6130412438274
4.789,1.6792704553861912,3192.28467594832
4.79,1.6793793113667244,3195.9606254612813
4.791,1.6794881940598947,3199.6407467174204
4.792,1.6795971011241988,3203.3248945991727
4.793,1.6797060301687314,3207.012921947896
4.7940000000000005,1.6798149787530527,3210.704679575446
4.795,1.6799239443870637,3214.400016276142
4.796,1.680032924530894,3218.0987788391267
4.797,1.6801419165947966,3221.8008120610975
4.798,1.6802509179390517,3225.5059587594296
4.799,1.6803599258738828,3229.214059785684
4.8,1.680468937659378,3232.9249540394867
4.801,1.6805779505054248,3236.638478482795
4.8020000000000005,1.6806869615716522,3240.3544681545372
4.803,1.6807959679673847,3244.072756185633
4.804,1.6809049667516034,3247.7931738143775
4.805,1.6810139549329177,3251.5155504022114
4.806,1.6811229294695502,3255.239713449845
4.807,1.681231887269327,3258.9654886137696
4.808,1.6813408251896798,3262.6926997231126
4.809,1.681449740037659,3266.4211687968764
4.8100000000000005,1.6815586285699569,3270.1507160615256
4.811,1.6816674874929387,3273.881159968941
4.812,1.681776313462688,3277.6123172147236
4.813,1.6818851030850592,3281.3440027568604
4.814,1.6819938529157386,3285.076029834735
4.815,1.6821025594603238,3288.808209988495
4.816,1.682211219174404,3292.540353078756
4.817,1.6823198284636574,3296.27226730666
4.8180000000000005,1.682428383683956,3300.003759234266
4.819,1.682536881141483,3303.734633805285
4.82,1.6826453170928577,3307.4646943661446
4.821,1.6827536877452745,3311.1937426873938
4.822,1.6828619892566516,3314.9215789854243
4.823,1.6829702177357886,3318.648001944534
4.824,1.6830783692425364,3322.3728087392938
4.825,1.6831864397879785,3326.095795057255
4.8260000000000005,1.6832944253346216,3329.8167551219535
4.827,1.6834023217965968,3333.53548171624
4.828,1.6835101250398739,3337.251766205912
4.829,1.683617830882484,3340.965398563656
4.83,1.6837254350947537,3344.6761673932865
4.831,1.6838329333995519,3348.3838599542914
4.832,1.6839403214725432,3352.0882621866613
4.833,1.6840475949424576,3355.789158736019
4.8340000000000005,1.6841547493913673,3359.4863329790314
4.835,1.6842617803549755,3363.1795670491065
4.836,1.6843686833229148,3366.8686418623683
4.837,1.6844754537390592,3370.553337143904
4.838,1.6845820870018444,3374.2334314542904
4.839,1.6846885784646017,3377.9087022163785
4.84,1.684794923435897,3381.578925742344
4.841,1.6849011171798889,3385.2438772610003
4.8420000000000005,1.6850071549166896,3388.9033309453584
4.843,1.6851130318227436,3392.5570599404396
4.844,1.6852187430312104,3396.2048363913377
4.845,1.6853242836323636,3399.846431471517
4.846,1.6854296486739968,3403.4816154113446
4.847,1.6855348331618427,3407.110157526866
4.848,1.6856398320600021,3410.73182624879
4.849,1.6857446402913818,3414.346389151716
4.8500000000000005,1.6858492527381463,3417.9536129835624
4.851,1.6859536642421766,3421.5532636952194
4.852,1.686057869605542,3425.145106470403
4.853,1.686161863590982,3428.728905755717
4.854,1.686265640922397,3432.3044252909103
4.855,1.6863691962853515,3435.8714281393322
4.856,1.686472524327586,3439.4296767185683
4.857,1.6865756196595383,3442.978932831273
4.8580000000000005,1.6866784768548793,3446.5189576961643
4.859,1.6867810904510532,3450.049511979206
4.86,1.6868834549498333,3453.5703558249497
4.861,1.6869855648178824,3457.081248888048
4.862,1.6870874144873267,3460.5819503649127
4.863,1.6871889983563402,3464.072219025541
4.864,1.6872903107897355,3467.5518132454763
4.865,1.6873913461195666,3471.020491037922
4.866,1.687492098645742,3474.47801008598
4.867,1.6875925626366457,3477.9241277750307
4.868,1.6876927323297677,3481.3586012252354
4.869,1.6877926019323455,3484.7811873241585
4.87,1.6878921656220138,3488.191642759504
4.871,1.687991417547464,3491.589724051964
4.872,1.688090351829111,3494.975187588167
4.873,1.6881889625597732,3498.347789653734
4.874,1.6882872438053562,3501.7072864664106
4.875,1.6883851896055488,3505.053434209306
4.876,1.6884827939745295,3508.3859890641984
4.877,1.688580050901675,3511.704707244926
4.878,1.6886769543522842,3515.0093450308373
4.879,1.6887734982683076,3518.2996588003216
4.88,1.6888696765690845,3521.5754050643836
4.881,1.6889654831520906,3524.836340500279
4.882,1.689060911893691,3528.082221985196
4.883,1.6891559566499037,3531.312806629976
4.884,1.6892506112571706,3534.5278518128744
4.885,1.6893448695331337,3537.7271152133508
4.886,1.6894387252774232,3540.9103548458743
4.8870000000000005,1.6895321722724501,3544.077329093766
4.888,1.6896252042842064,3547.2277967430314
4.889,1.6897178150630743,3550.36151701622
4.89,1.689809998344641,3553.4782496062735
4.891,1.6899017478505214,3556.577754710371
4.892,1.6899930572891861,3559.659793063768
4.893,1.6900839203568017,3562.7241259736156
4.894,1.6901743307380672,3565.770515352753
4.8950000000000005,1.6902642821070686,3568.798723753484
4.896,1.6903537681281322,3571.8085144013057
4.897,1.6904427824566857,3574.7996512286045
4.898,1.6905313187401292,3577.771898908306
4.899,1.6906193706187056,3580.725022887471
4.9,1.690706931726382,3583.6587894208346
4.901,1.6907939956917353,3586.5729656042845
4.902,1.6908805561388418,3589.467319408263
4.9030000000000005,1.6909666066881748,3592.341619711104
4.904,1.6910521409575052,3595.1956363322797
4.905,1.6911371525628058,3598.0291400655688
4.906,1.691221635119168,3600.8419027121213
4.907,1.691305582241712,3603.6336971134397
4.908,1.6913889875465105,3606.4042971842405
4.909,1.6914718446515122,3609.1534779452195
4.91,1.6915541471774724,3611.881015555689
4.9110000000000005,1.691635888748885,3614.5866873461073
4.912,1.6917170629949199,3617.270271850465
4.913,1.6917976635503649,3619.9315488385564
4.914,1.6918776840565675,3622.5702993480954
4.915,1.691957118162387,3625.1863057166975
4.916,1.692035959525141,3627.7793516137117
4.917,1.6921142018115634,3630.349222071893
4.918,1.6921918386987582,3632.895703518914
4.9190000000000005,1.692268863875162,3635.418583808715
4.92,1.692345271041505,3637.917652252675
4.921,1.6924210539117743,3640.3926996506134
4.922,1.6924962062141844,3642.8435183215956
4.923,1.6925707216921417,3645.2699021345675
4.924,1.692644594105219,3647.6716465387804
4.925,1.692717817230125,3650.0485485940244
4.926,1.6927903848616792,3652.400407000655
4.9270000000000005,1.6928622908137871,3654.7270221294116
4.928,1.6929335289204168,3657.028196051014
4.929,1.6930040930365746,3659.303732565549
4.93,1.6930739770392835,3661.5534372316197
4.931,1.6931431748285621,3663.7771173952724
4.932,1.6932116803284032,3665.974582218682
4.933,1.6932794874877508,3668.145642708597
4.934,1.693346590281483,3670.290111744541
4.9350000000000005,1.693412982711386,3672.4078041067587
4.936,1.6934786588071344,3674.4985365039065
4.937,1.6935436126272707,3676.562127600485
4.938,1.6936078382601787,3678.5983980439973
4.939,1.6936713298250619,3680.607170491847
4.94,1.6937340814729183,3682.5882696379476
4.941,1.6937960873875113,3684.5415222390648
4.942,1.693857341786345,3686.4667571408595
4.9430000000000005,1.6939178389216327,3688.363805303653
4.944,1.6939775730812636,3690.2324998278864
4.945,1.6940365385897729,3692.0726759792906
4.946,1.694094729809302,3693.884171213741
4.947,1.6941521411405622,3695.6668252018185
4.948,1.6942087670237913,3697.4204798530427
4.949,1.694264601939711,3699.1449793397996
4.95,1.6943196404104806,3700.840170120938
4.9510000000000005,1.6943738770006427,3702.505900965052
4.952,1.6944273063180737,3704.142022973419
4.953,1.6944799230149235,3705.748389602618
4.954,1.6945317217885543,3707.3248566867987
4.955,1.6945826973824762,3708.871282459617
4.956,1.6946328445872758,3710.3875275758155
4.957,1.6946821582415459,3711.8734551324633
4.958,1.6947306332328003,3713.3289306898355
4.9590000000000005,1.694778264498397,3714.753822291938
4.96,1.6948250470264465,3716.148000486669
4.961,1.694870975856718,3717.5113383456182
4.962,1.6949160460815413,3718.843711483495
4.963,1.694960252846703,3720.144998077185
4.964,1.6950035913523331,3721.4150788844336
4.965,1.6950460568537946,3722.653837262149
4.966,1.6950876446625551,3723.861159184318
4.9670000000000005,1.695128350147062,3725.036933259548
4.968,1.695168168733607,3726.181050748207
4.969,1.695207095907183,3727.293405579184
4.97,1.6952451272123379,3728.3738943662456
4.971,1.695282258254017,3729.422416423997
4.972,1.6953184846984009,3730.438873783448
4.973,1.6953538022737369,3731.423171207167
4.974,1.6953882067711596,3732.375216204032
4.9750000000000005,1.6954216940455067,3733.294919043579
4.976,1.6954542600161242,3734.1821927699284
4.977,1.6954859006676675,3735.0369532153018
4.978,1.695516612050889,3735.8591190131265
4.979,1.6955463902834227,3736.648611610714
4.98,1.6955752315505555,3737.405355281521
4.981,1.6956031321059928,3738.129277136988
4.982,1.6956300882726147,3738.8203071379476
4.9830000000000005,1.6956560964432208,3739.4783781056094
4.984,1.695681153081269,3740.103425732114
4.985,1.6957052547216034,3740.6953885906564
4.986,1.6957283979711697,3741.25420814517
4.987,1.695750579509729,3741.779828759585
4.988,1.69577179609055,3742.27219770664
4.989,1.6957920445411028,3742.731265176263
4.99,1.6958113217637332,3743.1569842835042
4.9910000000000005,1.6958296247363327,3743.549311076038
4.992,1.6958469505129963,3743.908204541208
4.993,1.6958632962246658,3744.2336266126413
4.994,1.6958786590797672,3744.525542176407
4.995,1.6958930363648383,3744.783919076733
4.996,1.6959064254451366,3745.008728121276
4.997,1.6959188237652458,3745.1999430859387
4.998,1.6959302288496643,3745.357540719239
4.999,1.6959406383033864,3745.4815007462294
5.0,1.695950049812467,3745.5718058719667
5.001,1.6959584611445795,3745.6284417845245
5.002,1.6959658701495588,3745.6513971575596
5.003,1.6959722747599317,3745.6406636524207
5.004,1.6959776729914384,3745.596235919806
5.005,1.695982062943537,3745.5181116009676
5.006,1.6959854427998977,3745.406291328457
5.007,1.6959878108288888,3745.260778726426
5.008,1.6959891653840398,3745.0815804104623
5.009,1.6959895049045006,3744.8687059869803
5.01,1.6959888279154847,3744.6221680521508
5.011,1.695987133028698,3744.341982190381
5.0120000000000005,1.695984418942757,3744.0281669723386
5.013,1.6959806844435905,3743.6807439525264
5.014,1.6959759284048308,3743.2997376663934
5.015,1.6959701497881903,3742.88517562701
5.016,1.6959633476438236,3742.4370883212723
5.017,1.695955521110676,3741.9555092056744
5.018,1.6959466694168213,3741.44047470161
5.019,1.6959367918797796,3740.892024190245
5.0200000000000005,1.695925887906828,3740.310200006922
5.021,1.6959139569952908,3739.695047435131
5.022,1.6959009987328204,3739.0466147000257
5.023,1.6958870127976617,3738.3649529614977
5.024,1.6958719989589008,3737.6501163068033
5.025,1.6958559570767031,3736.90216174275
5.026,1.6958388871025325,3736.1211491874383
5.027,1.695820789079361,3735.307141461566
5.0280000000000005,1.6958016631418567,3734.4602042792912
5.029,1.6957815095165645,3733.580406238662
5.03,1.6957603285220673,3732.6678188116016
5.031,1.695738120569133,3731.7225163334733
5.032,1.6957148861608489,3730.7445759921998
5.033,1.695690625892738,3729.734077816965
5.034,1.6956653404528614,3728.6911046664763
5.035,1.6956390306219078,3727.615742216809
5.0360000000000005,1.695611697273263,3726.5080789488243
5.037,1.6955833413730703,3725.368206135167
5.038,1.6955539639802708,3724.196217826838
5.039,1.69552356624663,3722.992210839363
5.04,1.6954921494167494,3721.756284738531
5.041,1.6954597148280643,3720.488541825734
5.042,1.6954262639108222,3719.189087122889
5.043,1.6953917981880484,3717.858028356959
5.0440000000000005,1.6953563192754992,3716.4954759440657
5.045,1.6953198288815914,3715.101542973207
5.046,1.6952823288073255,3713.676345189569
5.047,1.6952438209461873,3712.2200009774506
5.048,1.695204307284036,3710.7326313427875
5.049,1.6951637898989778,3709.2143598953
5.05,1.6951222709612221,3707.665312830237
5.051,1.6950797527329242,3706.0856189097567
5.0520000000000005,1.69503623756801,3704.4754094439154
5.053,1.6949917279119873,3702.8348182712843
5.054,1.6949462263017412,3701.1639817391915
5.055,1.694899735365313,3699.4630386836043
5.056,1.694852257821666,3697.7321304086317
5.057,1.6948037964804314,3695.9714006656786
5.058,1.6947543542416441,3694.180995632234
5.059,1.694703934095459,3692.3610638903083
5.0600000000000005,1.6946525391218559,3690.511756404519
5.061,1.6946001724903226,3688.6332264998337
5.062,1.6945468374595296,3686.725629838961
5.063,1.6944925373769864,3684.7891243994195
5.064,1.6944372756786812,3682.8238704502514
5.065,1.6943810558887087,3680.8300305284265
5.066,1.6943238816188793,3678.807769414905
5.067,1.6942657565683161,3676.757254110388
5.0680000000000005,1.6942066845230346,3674.6786538107426
5.069,1.694146669355508,3672.572139882123
5.07,1.6940857150242197,3670.4378858357736
5.071,1.694023825573196,3668.2760673025377
5.072,1.6939610051315297,3666.086862007055
5.073,1.6938972579128848,3663.870449741677
5.074,1.6938325882149876,3661.6270123400773
5.075,1.6937670004191037,3659.356733650591
5.0760000000000005,1.6937004989895004,3657.0597995092653
5.077,1.6936330884728947,3654.7363977126283
5.078,1.6935647734978847,3652.386717990201
5.079,1.6934955587743694,3650.010951976727
5.08,1.6934254490929548,3647.6092931841536
5.081,1.6933544493243424,3645.181936973347
5.082,1.693282564418705,3642.72908052556
5.083,1.6932097994050517,3640.2509228136523
5.0840000000000005,1.6931361593905738,3637.74766457307
5.085,1.693061649559982,3635.2195082725857
5.086,1.6929862751748246,3632.6666580848096
5.087,1.692910041572797,3630.089319856478
5.088,1.6928329541670353,3627.487701078513
5.089,1.6927550184453974,3624.8620108558725
5.09,1.6926762399697297,3622.212459877187
5.091,1.6925966243751207,3619.539260384197
5.0920000000000005,1.6925161773691446,3616.842626140981
5.093,1.6924349047310878,3614.1227724029986
5.094,1.692352812311166,3611.3799158859406
5.095,1.692269906029726,3608.614274734399
5.096,1.6921861918764376,3605.8260684903507
5.097,1.6921016759094714,3603.0155180614865
5.098,1.692016364254664,3600.18284568935
5.099,1.691930263104673,3597.3282749173377
5.1000000000000005,1.6918433787181195,3594.4520305585283
5.101,1.691755717418717,3591.5543386633735
5.102,1.6916672855943913,3588.6354264872325
5.103,1.691578089696387,3585.695522457783
5.104,1.6914881362383625,3582.734856142284
5.105,1.6913974317954765,3579.753658214724
5.106,1.6913059830034598,3576.752160422843
5.107,1.6912137965576801,3573.7305955550355
5.1080000000000005,1.6911208792121912,3570.6891974071514
5.109,1.6910272377787758,3567.628200749189
5.11,1.690932879125978,3564.5478412918874
5.111,1.6908378101781214,3561.4483556532314
5.112,1.6907420379143225,3558.3299813248686
5.113,1.69064556936749,3555.1929566384447
5.114,1.690548411623316,3552.0375207318625
5.115,1.6904505718192584,3548.863913515477
5.1160000000000005,1.6903520571435142,3545.672375638224
5.117,1.6902528748339805,3542.463148453692
5.118,1.6901530321772094,3539.236473986143
5.119,1.6900525365073555,3535.9925948964883
5.12,1.6899513952051102,3532.7317544482235
5.121,1.6898496156966314,3529.4541964733335
5.122,1.6897472054524632,3526.160165338164
5.123,1.689644171986449,3522.8499059092774
5.124,1.689540522854634,3519.5236635192878
5.125,1.6894362656541646,3516.1816839326893
5.126,1.6893314080221753,3512.8242133116764
5.127,1.6892259576346718,3509.451498181972
5.128,1.6891199222054054,3506.063785398656
5.129,1.689013309484743,3502.6613221120133
5.13,1.6889061272585257,3499.2443557333963
5.131,1.6887983833469258,3495.813133901117
5.132,1.6886900856032954,3492.367904446365
5.133,1.6885812419130088,3488.9089153591694
5.134,1.6884718601923003,3485.4364147543924
5.135,1.6883619483870957,3481.9506508377845
5.136,1.6882515144718364,3478.451871872082
5.1370000000000005,1.6881405664483033,3474.9403261431735
5.138,1.688029112344431,3471.4162619263248
5.139,1.6879171602131189,3467.879927452481
5.14,1.6878047181310392,3464.33157087464
5.141,1.687691794197438,3460.771440234318
5.142,1.6875783965329358,3457.199783428089
5.143,1.6874645332783187,3453.6168481742343
5.144,1.687350212593332,3450.0228819794784
5.1450000000000005,1.6872354426554677,3446.4181321058422
5.146,1.6871202316587464,3442.802845537594
5.147,1.6870045878125017,3439.177268948329
5.148,1.6868885193401573,3435.5416486681634
5.149,1.6867720344780024,3431.896230651058
5.15,1.6866551414739672,3428.2412604422734
5.151,1.686537848586394,3424.57698314597
5.152,1.6864201640828071,3420.9036433929414
5.1530000000000005,1.6863020962386805,3417.2214853085015
5.154,1.6861836533362071,3413.5307524805316
5.155,1.6860648436630619,3409.8316879276763
5.156,1.6859456755111684,3406.1245340677146
5.157,1.6858261571754642,3402.4095326860943
5.158,1.6857062969526615,3398.6869249046435
5.159,1.6855861031400148,3394.9569511504665
5.16,1.6854655840340806,3391.2198511250153
5.1610000000000005,1.6853447479294843,3387.475863773368
5.162,1.685223603117684,3383.7252272536844
5.163,1.6851021578857344,3379.968178906875
5.164,1.6849804205150545,3376.2049552264725
5.165,1.6848583992801938,3372.4357918287114
5.166,1.6847361024476004,3368.6609234228226
5.167,1.684613538274395,3364.880583781557
5.168,1.684490715007137,3361.095005711918
5.1690000000000005,1.6843676408806048,3357.304421026138
5.17,1.6842443241165679,3353.5090605128835
5.171,1.684120772922569,3349.7091539086964
5.172,1.6839969954907055,3345.9049298696855
5.173,1.683872999996413,3342.09661594346
5.174,1.6837487945972551,3338.2844385413146
5.175,1.6836243874317152,3334.4686229106783
5.176,1.6834997866179897,3330.6493931078185
5.1770000000000005,1.6833750002527927,3326.826971970814
5.178,1.6832500364101526,3323.0015810927907
5.179,1.6831249031402256,3319.17344079544
5.18,1.682999608468106,3315.342770102813
5.181,1.6828741603926443,3311.509786715391
5.182,1.682748566885269,3307.6747069844464
5.183,1.6826228358888156,3303.837745886699
5.184,1.6824969753163586,3299.999116999251
5.1850000000000005,1.6823709930500512,3296.1590324748386
5.186,1.6822448969399728,3292.3177030173692
5.187,1.6821186948029743,3288.4753378577725
5.188,1.681992394421541,3284.632144730158
5.189,1.6818660035426563,3280.7883298482866
5.19,1.6817395298766695,3276.9440978823523
5.191,1.6816129810961775,3273.0996519360924
5.192,1.6814863648349085,3269.2551935242122
5.1930000000000005,1.6813596886866142,3265.4109225501415
5.194,1.6812329602039726,3261.5670372841187
5.195,1.6811061868974937,3257.7237343416036
5.196,1.6809793762344374,3253.881208662032
5.197,1.6808525356377395,3250.039653487908
5.198,1.6807256724849422,3246.1992603442304
5.199,1.6805987941071379,3242.3602190182783
5.2,1.6804719077879202,3238.522717539729
5.2010000000000005,1.6803450207623447,3234.686942161136
5.202,1.6802181402158956,3230.8530773387556
5.203,1.6800912732834665,3227.0213057137325
5.204,1.6799644270483487,3223.1918080936393
5.205,1.6798376085412314,3219.3647634343833
5.206,1.6797108247392065,3215.5403488224665
5.207,1.6795840825647899,3211.718739457622
5.208,1.6794573888849504,3207.900108635813
5.2090000000000005,1.6793307505101502,3204.0846277325995
5.21,1.6792041741933943,3200.2724661868806
5.211,1.6790776666292928,3196.463791485014
5.212,1.6789512344531334,3192.658769145304
5.213,1.6788248842399678,3188.857562702873
5.214,1.6786986225037053,3185.0603336949134
5.215,1.6785724556962198,3181.267241646319
5.216,1.6784463902064715,3177.4784440556987
5.2170000000000005,1.6783204323596372,3173.6940963817833
5.218,1.678194588416254,3169.9143520302064
5.219,1.6780688645713746,3166.1393623406834
5.22,1.6779432669537366,3162.369276574579
5.221,1.6778178016249448,3158.60424190286
5.222,1.6776924745786628,3154.8444033944443
5.223,1.6775672917398226,3151.0899040049453
5.224,1.677442258963842,3147.3408845658064
5.2250000000000005,1.6773173820358618,3143.5974837738313
5.226,1.6771926666699892,3139.859838181116
5.227,1.67706811850856,3136.1280821853693
5.228,1.6769437431214131,3132.4023480206397
5.229,1.6768195460051778,3128.6827657484373
5.23,1.6766955325825763,3124.9694632492515
5.231,1.6765717082017393,3121.262566214481
5.232,1.6764480781355378,3117.562198138744
5.2330000000000005,1.6763246475809255,3113.8684803126116
5.234,1.6762014216583003,3110.181531815726
5.235,1.676078405410879,3106.5014695103264
5.236,1.6759556038040822,3102.8284080351796
5.237,1.6758330217249404,3099.1624597999044
5.238,1.675710663981513,3095.503734979704
5.239,1.6755885353023199,3091.8523415104987
5.24,1.675466640335791,3088.2083850844588
5.2410000000000005,1.6753449836497307,3084.5719691459435
5.242,1.6752235697307962,3080.9431948878287
5.243,1.6751024029839925,3077.3221612482525
5.244,1.674981487732183,3073.7089649077498
5.245,1.6748608282156152,3070.1037002867897
5.246,1.6747404285914624,3066.506459543708
5.247,1.6746202929333818,3062.9173325730508
5.248,1.6745004252310856,3059.336407004299
5.249,1.674380829389933,3055.7637682010027
5.25,1.674261509230535,3052.1994992603077
5.251,1.6741424684883746,3048.643681012874
5.252,1.6740237108134446,3045.0963920231943
5.253,1.6739052397699024,3041.557708590303
5.254,1.673787058835741,3038.027704748872
5.255,1.6736691714024723,3034.5064522707116
5.256,1.6735515807748338,3030.9940206666397
5.257,1.6734342901705055,3027.4904771887614
5.258,1.6733173027198458,3023.9958868331196
5.259,1.673200621465646,3020.5103123427334
5.26,1.6730842493628972,3017.0338142110277
5.261,1.6729681892785766,3013.5664506856356
5.2620000000000005,1.6728524439914516,3010.1082777725824
5.263,1.672737016191894,3006.6593492408565
5.264,1.6726219084817215,3003.2197166273418
5.265,1.672507123374047,2999.789429242138
5.266,1.672392663293148,2996.3685341742475
5.267,1.6722785305743522,2992.9570762976305
5.268,1.6721647274639428,2989.555098277634
5.269,1.672051256119075,2986.1626405777815
5.2700000000000005,1.6719381186077134,2982.77974146693
5.271,1.6718253169085862,2979.406437026787
5.272,1.671712852911154,2976.042761159785
5.273,1.6716007284155965,2972.6887455973174
5.274,1.6714889451328176,2969.3444199083206
5.275,1.6713775046844634,2966.0098115082164
5.276,1.6712664086029618,2962.6849456681957
5.277,1.6711556583315734,2959.3698455248514
5.2780000000000005,1.6710452552244661,2956.064532090156
5.279,1.6709352005467983,2952.769024261777
5.28,1.6708254954748254,2949.48333883373
5.281,1.6707161410960192,2946.2074905073687
5.282,1.6706071384092063,2942.941491902702
5.283,1.6704984883247207,2939.6853535700475
5.284,1.6703901916645747,2936.4390840019987
5.285,1.6702822491626452,2933.2026896457255
5.2860000000000005,1.6701746614648778,2929.9761749155878
5.287,1.6700674291295063,2926.759542206064
5.288,1.6699605526272867,2923.5527919049964
5.289,1.6698540323417523,2920.355922407142
5.29,1.6697478685694804,2917.1689301280267
5.291,1.669642061520377,2913.9918095181065
5.292,1.669536611317978,2910.8245530772256
5.293,1.6694315179997645,2907.6671513693655
5.2940000000000005,1.6693267815174972,2904.5195930376885
5.295,1.669222401737563,2901.3818648198694
5.296,1.6691183784413413,2898.2539515637086
5.297,1.6690147113255813,2895.1358362430246
5.298,1.6689114000027994,2892.027499973826
5.299,1.6688084440016893,2888.92892203075
5.3,1.6687058427675476,2885.840079863777
5.301,1.6686035956627177,2882.7609491152007
5.3020000000000005,1.668501701967044,2879.6915036368614
5.303,1.6684001608783459,2876.631715507643
5.304,1.6682989715129035,2873.5815550512057
5.305,1.6681981329059605,2870.540990853986
5.306,1.66809764401224,2867.509989783424
5.307,1.6679975037064745,2864.488517006437
5.308,1.6678977107839565,2861.476536008133
5.309,1.6677982639610929,2858.474008610745
5.3100000000000005,1.6676991618759824,2855.4808949927974
5.311,1.667600403089005,2852.4971537084994
5.312,1.6675019860834228,2849.5227417073443
5.313,1.6674039092659978,2846.5576143539347
5.314,1.6673061709676218,2843.601725448006
5.315,1.667208769443962,2840.6550272446634
5.316,1.6671117028761149,2837.717470474813
5.317,1.6670149693712808,2834.7890043657917
5.3180000000000005,1.6669185669634472,2831.8695766621813
5.319,1.6668224936140836,2828.959133646821
5.32,1.6667267472128535,2826.057620161989
5.321,1.666631325578338,2823.164979630769
5.322,1.666536226458768,2820.281154078585
5.323,1.666441447532775,2817.406084154907
5.324,1.6663469864101494,2814.539709155115
5.325,1.6662528406326125,2811.681967042527
5.3260000000000005,1.6661590076746016,2808.8327944705725
5.327,1.6660654849440641,2805.992126805125
5.328,1.6659722697832668,2803.159898146967
5.329,1.6658793594696135,2800.336041354404
5.33,1.6657867512164743,2797.5204880660067
5.331,1.6656944421740272,2794.7131687234805
5.332,1.6656024294301108,2791.9140125946687
5.333,1.665510710011085,2789.1229477966663
5.3340000000000005,1.6654192808827066,2786.3399013190524
5.335,1.665328138951009,2783.5647990472307
5.336,1.6652372810631995,2780.797565785877
5.337,1.6651467040085595,2778.0381252824873
5.338,1.665056404519359,2775.286400251015
5.339,1.6649663792717806,2772.5423123956075
5.34,1.6648766248868483,2769.8057824344196
5.341,1.6647871379313706,2767.0767301235132
5.3420000000000005,1.6646979149188905,2764.3550742808275
5.343,1.664608952310644,2761.6407328102255
5.344,1.664520246516527,2758.933622725598
5.345,1.6644317938960709,2756.2336601750367
5.346,1.6643435907594264,2753.5407604650572
5.347,1.664255633368356,2750.8548380848742
5.348,1.6641679179372317,2748.175806730723
5.349,1.6640804406340428,2745.5035793302213
5.3500000000000005,1.6639931975814095,2742.838068066765
5.351,1.6639061848576036,2740.1791844039617
5.352,1.663819398497577,2737.5268391100794
5.353,1.6637328344939963,2734.880942282527
5.354,1.6636464887982831,2732.2414033723426
5.355,1.6635603573216604,2729.6081312086985
5.356,1.6634744359362073,2726.9810340234117
5.357,1.6633887204759157,2724.3600194754526
5.3580000000000005,1.663303206737756,2721.744994675454
5.359,1.6632178904827464,2719.1358662102134
5.36,1.6631327674370247,2716.5325401671735
5.361,1.6630478332929324,2713.9349221588973
5.362,1.6629630837100935,2711.3429173475106
5.363,1.6628785143165064,2708.7564304691223
5.364,1.6627941207096344,2706.175365858211
5.365,1.6627098984575035,2703.5996274719746
5.3660000000000005,1.662625843099798,2701.0291189146365
5.367,1.6625419501489702,2698.4637434617116
5.368,1.6624582150913416,2695.9034040842116
5.369,1.662374633388215,2693.348003472806
5.37,1.6622912004769859,2690.7974440619123
5.371,1.6622079117722572,2688.2516280537247
5.372,1.662124762666956,2685.710457442181
5.373,1.662041748533452,2683.17383403684
5.3740000000000006,1.6619588647246808,2680.641659486695
5.375,1.6618761065752616,2678.1138353038973
5.376,1.6617934694026257,2675.590262887389
5.377,1.6617109485081378,2673.070843546452
5.378,1.6616285391782224,2670.555478524154
5.379,1.6615462366854907,2668.0440690206938
5.38,1.6614640362898663,2665.5365162166486
5.381,1.6613819332397117,2663.0327212961
5.382,1.6612999227729548,2660.532585469657
5.383,1.661218000118216,2658.036009997354
5.384,1.6611361604959334,2655.5428962114293
5.385,1.6610543991194855,2653.053145538977
5.386,1.6609727111963193,2650.5666595244684
5.3870000000000005,1.660891091929068,2648.0833398521354
5.388,1.6608095365166755,2645.6030883682206
5.389,1.6607280401555136,2643.125807103082
5.39,1.6606465980405,2640.6513982931456
5.391,1.6605652053662137,2638.17976440272
5.392,1.660483857328006,2635.7108081456404
5.393,1.6604025491231118,2633.2444325067677
5.394,1.6603212759517572,2630.780540763316
5.3950000000000005,1.66024003301826,2628.3190365060195
5.396,1.6601588155321352,2625.8598236601265
5.397,1.6600776187091875,2623.4028065062216
5.398,1.6599964377726057,2620.9478897008676
5.399,1.6599152679540534,2618.4949782970716
5.4,1.6598341044947515,2616.0439777645615
5.401,1.6597529426465596,2613.594794009878
5.402,1.6596717776730503,2611.147333396274
5.4030000000000005,1.6595906048505824,2608.7015027634197
5.404,1.6595094194693627,2606.2572094469087
5.405,1.6594282168345091,2603.814361297563
5.406,1.6593469922671034,2601.3728667005353
5.407,1.6592657411052403,2598.9326345941995
5.408,1.6591844587050704,2596.4935744888353
5.409,1.6591031404418355,2594.055596485092
5.41,1.6590217817108992,2591.618611292242
5.4110000000000005,1.6589403779287708,2589.18253024621
5.412,1.6588589245341199,2586.7472653273803
5.413,1.6587774169887868,2584.312729178178
5.414,1.6586958507787846,2581.8788351204203
5.415,1.6586142214152915,2579.4454971724385
5.416,1.6585325244356413,2577.012630065964
5.417,1.658450755404299,2574.580149262779
5.418,1.6583689099138332,2572.147970971122
5.4190000000000005,1.6582869835858776,2569.7160121618626
5.42,1.6582049720720853,2567.2841905844166
5.421,1.658122871055074,2564.852424782429
5.422,1.6580406762493631,2562.420634109196
5.423,1.6579583834022997,2559.9887387428416
5.424,1.6578759882949774,2557.556659701239
5.425,1.657793486743145,2555.124318856673
5.426,1.6577108745981055,2552.6916389502494
5.4270000000000005,1.6576281477476047,2550.2585436060353
5.428,1.6575453021167106,2547.824957344952
5.429,1.657462333668683,2545.390805598383
5.43,1.6573792384058315,2542.9560147215334
5.431,1.6572960123703655,2540.520512006514
5.432,1.6572126516452286,2538.084225695151
5.433,1.6571291523549272,2535.6470849915368
5.434,1.6570455106663473,2533.2090200742923
5.4350000000000005,1.656961722789557,2530.769962108565
5.436,1.6568777849786003,2528.3298432577467
5.437,1.656793693532279,2525.888596694916
5.438,1.6567094447949242,2523.4461566139935
5.439,1.6566250351571516,2521.002458240632
5.44,1.6565404610566112,2518.5574378428046
5.441,1.6564557189787188,2516.1110327411275
5.442,1.6563708054573798,2513.6631813188883
5.4430000000000005,1.656285717075699,2511.2138230317923
5.444,1.6562004504666779,2508.762898417423
5.445,1.6561150023138964,2506.310349104413
5.446,1.6560293693521897,2503.856117821327
5.447,1.6559435483683032,2501.400148405262
5.448,1.65585753620154,2498.942385810143
5.449,1.6557713297443946,2496.482776114747
5.45,1.65568492594317,2494.02126653042
5.4510000000000005,1.655598321798586,2491.55780540851
5.452,1.655511514366372,2489.0923422475066
5.453,1.6554245007578425,2486.6248276998895
5.454,1.655337278140469,2484.155213578675
5.455,1.655249843738424,2481.6834528636846
5.456,1.6551621948331254,2479.2094997075033
5.457,1.655074328763755,2476.7333094411556
5.458,1.6549862429277709,2474.254838579482
5.4590000000000005,1.6548979347814012,2471.774044826225
5.46,1.6548094018401271,2469.2908870788133
5.461,1.6547206416791465,2466.8053254328643
5.462,1.6546316519338289,2464.317321186378
5.463,1.6545424303001501,2461.826836843653
5.464,1.654452974535119,2459.333836118891
5.465,1.6543632824571834,2456.838283939525
5.466,1.6542733519466226,2454.3401464492426
5.4670000000000005,1.6541831809459284,2451.8393910107216
5.468,1.654092767460168,2449.3359862080765
5.469,1.6540021095573318,2446.8299018490043
5.47,1.6539112053686695,2444.3211089666474
5.471,1.6538200530890068,2441.8095798211684
5.472,1.6537286509770495,2439.2952879010227
5.473,1.6536369973556737,2436.778207923956
5.474,1.6535450906121953,2434.2583158377083
5.4750000000000005,1.6534529291986335,2431.735588820426
5.476,1.653360511631948,2429.2100052808014
5.477,1.6532678364942708,2426.6815448579105
5.478,1.653174902433116,2424.150188420779
5.479,1.6530817081615765,2421.615918067663
5.48,1.6529882524585067,2419.0787171250417
5.481,1.652894534168688,2416.5385701463406
5.482,1.652800552202979,2413.995462910365
5.4830000000000005,1.6527063055384494,2411.4493824194633
5.484,1.6526117932185036,2408.9003168974104
5.485,1.6525170143529802,2406.348255787015
5.486,1.652421968118243,2403.793189747461
5.487,1.6523266537572554,2401.235110651367
5.488,1.6522310705796357,2398.674011581583
5.489,1.6521352179617015,2396.109886827715
5.49,1.6520390953464956,2393.542731882387
5.4910000000000005,1.6519427022437982,2390.9725434372335
5.492,1.6518460382301232,2388.399319378633
5.493,1.651749102948697,2385.823058783174
5.494,1.6516518961094273,2383.243761912874
5.495,1.6515544174888506,2380.6614302101266
5.496,1.6514566669300672,2378.076066292405
5.497,1.651358644342663,2375.4876739467077
5.498,1.651260349702611,2372.896258123753
5.4990000000000006,1.6511617830521619,2370.301824931925
5.5,1.6510629444997185,2367.704381630977
5.501,1.650963834219693,2365.103936625488
5.502,1.6508644524523537,2362.5004994580713
5.503,1.650764799503651,2359.8940808023585
5.504,1.6506648757450333,2357.2846924557307
5.505,1.6505646816132449,2354.6723473318266
5.506,1.6504642176101116,2352.057059452813
5.507,1.650363484302311,2349.438843941428
5.508,1.6502624823211234,2346.8177170127956
5.509,1.6501612123621783,2344.1936959660197
5.51,1.650059675185175,2341.5667991755495
5.511,1.6499578716135979,2338.9370460823393
5.5120000000000005,1.6498558025344106,2336.304457184774
5.513,1.6497534688977415,2333.669054029401
5.514,1.6496508717165506,2331.030859201436
5.515,1.649548012066286,2328.3898963150696
5.516,1.6494448910845216,2325.7461900035673
5.517,1.6493415099705881,2323.0997659091695
5.518,1.649237869985183,2320.4506506727903
5.519,1.6491339724499703,2317.798871923522
5.5200000000000005,1.649029818747168,2315.1444582679474
5.521,1.648925410319119,2312.4874392792626
5.522,1.6488207486678514,2309.827845486215
5.523,1.6487158353546234,2307.165708361853
5.524,1.648610671999455,2304.501060312102
5.525,1.6485052602806518,2301.8339346641624
5.526,1.6483996019343077,2299.1643656547285
5.527,1.648293698753801,2296.492388418049
5.5280000000000005,1.648187552589276,2293.8180389738027
5.529,1.6480811653471132,2291.141354214832
5.53,1.6479745389893832,2288.4623718946996
5.531,1.6478676755332948,2285.781130615094
5.532,1.6477605770506254,2283.0976698130853
5.533,1.647653245667144,2280.412029748224
5.534,1.647545683562017,2277.7242514895
5.535,1.6474378929672087,2275.0343769021547
5.5360000000000005,1.6473298761668667,2272.3424486343515
5.537,1.6472216354966946,2269.6485101037188
5.538,1.6471131733433182,2266.952605483749
5.539,1.647004492143636,2264.254779690079
5.54,1.6468955943841632,2261.555078366639
5.541,1.6467864826003606,2258.8535478716835
5.542,1.646677159375957,2256.1502352636962
5.543,1.6465676273422583,2253.445188287195
5.5440000000000005,1.6464578891774482,2250.7384553584106
5.545,1.646347947605879,2248.0300855508685
5.546,1.646237805397351,2245.320128580863
5.547,1.6461274653663838,2242.608634792831
5.548,1.646016930371478,2239.895655144631
5.549,1.6459062033143668,2237.1812411927312
5.55,1.6457952871392592,2234.465445077305
5.551,1.6456841848320731,2231.7483195072464
5.5520000000000005,1.6455728994196632,2229.029917745095
5.553,1.6454614339690357,2226.310293591898
5.554,1.6453497915865567,2223.589501371983
5.555,1.6452379754171549,2220.8675959176717
5.556,1.645125988643511,2218.1446325539237
5.557,1.645013834485245,2215.4206670829135
5.558,1.6449015161980913,2212.6957557685564
5.559,1.6447890370730711,2209.9699553209757
5.5600000000000005,1.644676400435651,2207.243322880913
5.561,1.6445636096449032,2204.5159160041057
5.562,1.6444506680926503,2201.787792645603
5.563,1.644337579202611,2199.0590111440542
5.564,1.6442243464295339,2196.329630205958
5.565,1.6441109732583281,2193.5997088898775
5.566,1.6439974632031873,2190.8693065906236
5.567,1.643883819806707,2188.1384830234256
5.5680000000000005,1.6437700466389986,2185.407298208063
5.569,1.6436561472967963,2182.6758124529956
5.57,1.6435421254025584,2179.9440863394702
5.571,1.643427984603565,2177.2121807056214
5.572,1.643313728571012,2174.480156630565
5.573,1.643199360999098,2171.748075418489
5.574,1.643084885604108,2169.015998582745
5.575,1.642970306123496,2166.2839878299446
5.5760000000000005,1.6428556263149563,2163.552105044067
5.577,1.6427408499555016,2160.8204122705743
5.578,1.6426259808405281,2158.0889717005457
5.579,1.642511022782884,2155.3578456548275
5.58,1.6423959796119303,2152.6270965682133
5.581,1.642280855172604,2149.896786973643
5.582,1.6421656533244746,2147.1669794864347
5.583,1.642050377940798,2144.4377367885554
5.5840000000000005,1.6419350329075737,2141.7091216129165
5.585,1.6418196221225931,2138.9811967277296
5.586,1.6417041494944926,2136.2540249208832
5.587,1.6415886189417999,2133.5276689843886
5.588,1.641473034391983,2130.8021916988623
5.589,1.6413573997804969,2128.077655818075
5.59,1.6412417190498272,2125.3541240535446
5.591,1.6411259961485405,2122.6316590592073
5.5920000000000005,1.6410102350303235,2119.9103234161385
5.593,1.640894439653033,2117.1901796173543
5.594,1.6407786139777378,2114.4712900526765
5.595,1.6406627619677665,2111.753716993677
5.596,1.640546887587752,2109.0375225786966
5.597,1.6404309948026807,2106.322768797953
5.598,1.6403150875769388,2103.6095174787224
5.599,1.6401991698733616,2100.897830270619
5.6000000000000005,1.6400832456522856,2098.1877686309613
5.601,1.6399673188706008,2095.4793938102316
5.602,1.639851393480804,2092.772766837638
5.603,1.6397354734300569,2090.0679485067676
5.604,1.6396195626592442,2087.3649993613553
5.605,1.6395036651020358,2084.6639796811496
5.606,1.6393877846839497,2081.96494946789
5.607,1.6392719253214214,2079.2679684314026
5.6080000000000005,1.6391560909208733,2076.573095975801
5.609,1.6390402853777888,2073.880391185816
5.61,1.638924512575789,2071.1899128132386
5.611,1.6388087763857173,2068.5017192634896
5.612,1.6386930806647215,2065.8158685823173
5.613,1.6385774292553446,2063.132418442625
5.614,1.6384618259846204,2060.4514261314225
5.615,1.638346274663172,2057.772948536928
5.6160000000000005,1.638230779084314,2055.097042135792
5.617,1.6381153430231636,2052.4237629804684
5.618,1.6379999702357544,2049.753166686728
5.619,1.6378846644581546,2047.085308421318
5.62,1.6377694294055962,2044.4202428897631
5.621,1.6376542687716,2041.7580243243256
5.622,1.6375391862271218,2039.098706472108
5.623,1.637424185419688,2036.4423425833197
5.6240000000000006,1.6373092699725498,2033.7889853996908
5.625,1.6371944434838412,2031.138687143057
5.626,1.6370797095257392,2028.4914995040933
5.627,1.6369650716436377,2025.8474736312196
5.628,1.6368505333553247,2023.2066601196702
5.629,1.6367360981501669,2020.5691090007304
5.63,1.6366217694883038,2017.9348697311416
5.631,1.6365075507998488,2015.3039911826806
5.632,1.6363934454840974,2012.6765216319134
5.633,1.6362794569087447,2010.0525087501192
5.634,1.63616558840911,2007.4319995933993
5.635,1.6360518432873714,2004.8150405929591
5.636,1.635938224811809,2002.2016775455763
5.6370000000000005,1.635824736216054,1999.5919556042472
5.638,1.6357113806983525,1996.9859192690205
5.639,1.6355981614208301,1994.383612378018
5.64,1.6354850815087763,1991.7850780986378
5.641,1.6353721440499283,1989.190358918954
5.642,1.6352593520937728,1986.5994966393014
5.643,1.6351467086508502,1984.0125323640539
5.644,1.6350342166920744,1981.4295064935989
5.6450000000000005,1.634921879148061,1978.850458716502
5.646,1.6348096989084635,1976.2754280018712
5.647,1.6346976788213248,1973.70445259192
5.648,1.6345858216924325,1971.1375699947198
5.649,1.6344741302846926,1968.574816977167
5.65,1.6343626073175057,1966.0162295581367
5.651,1.6342512554661635,1963.4618430018465
5.652,1.6341400773612478,1960.9116918114196
5.6530000000000005,1.6340290755880442,1958.3658097226546
5.654,1.63391825268597,1955.8242296979954
5.655,1.6338076111480095,1953.2869839207117
5.656,1.6336971534201605,1950.7541037892815
5.657,1.6335868819008974,1948.2256199119834
5.658,1.6334767989406407,1945.7015621016951
5.659,1.6333669068412415,1943.1819593709008
5.66,1.6332572078554777,1940.6668399269072
5.6610000000000005,1.6331477041865614,1938.15623116727
5.662,1.6330383979876588,1935.6501596754285
5.663,1.6329292913614235,1933.1486512165523
5.664,1.6328203863595414,1930.651730733597
5.665,1.632711684982289,1928.1594223435739
5.666,1.632603189178102,1925.671749334028
5.667,1.6324949008431602,1923.188734159728
5.668,1.632386821820981,1920.7103984395721
5.6690000000000005,1.6322789539020315,1918.2367629536998
5.67,1.6321712988233466,1915.7678476408194
5.671,1.6320638582681672,1913.3036715957476
5.672,1.6319566338655855,1910.8442530671596
5.673,1.6318496271902094,1908.3896094555535
5.674,1.631742839761833,1905.9397573114225
5.675,1.6316362730451273,1903.494712333644
5.676,1.6315299284493414,1901.054489368077
5.6770000000000005,1.631423807328016,1898.6191024063708
5.678,1.6313179109787133,1896.188564584987
5.679,1.631212240642757,1893.7628881844284
5.68,1.631106797504989,1891.342084628682
5.681,1.6310015826935405,1888.9261644848698
5.682,1.630896597279609,1886.5151374631087
5.683,1.6307918422772631,1884.109012416578
5.684,1.6306873186432471,1881.7077973418016
5.6850000000000005,1.630583027276807,1879.3114993791264
5.686,1.6304789690195294,1876.9201248134173
5.687,1.6303751446551935,1874.533679074955
5.688,1.6302715549096352,1872.1521667405364
5.689,1.630168200450631,1869.7755915347846
5.69,1.6300650818877878,1867.4039563316576
5.691,1.6299621997724538,1865.0372631561631
5.692,1.6298595545976386,1862.6755131862733
5.6930000000000005,1.6297571467979495,1860.3187067550411
5.694,1.6296549767495414,1857.966843352914
5.695,1.6295530447700812,1855.6199216302512
5.696,1.6294513511187252,1853.277939400032
5.697,1.6293498959961106,1850.9408936407654
5.698,1.629248679544361,1848.6087804995927
5.699,1.629147701847108,1846.2815952955814
5.7,1.6290469629295221,1843.959332523218
5.7010000000000005,1.6289464627583632,1841.6419858560853
5.702,1.6288462012420393,1839.3295481507312
5.703,1.628746178230684,1837.0220114507276
5.704,1.6286463935162452,1834.7193669909152
5.705,1.6285468468325874,1832.4216052018314
5.706,1.6284475378556098,1830.128715714326
5.707,1.628348466203376,1827.8406873643532
5.708,1.6282496314362576,1825.55750819795
5.7090000000000005,1.6281510330570939,1823.2791654763898
5.71,1.6280526705113627,1821.005645681512
5.711,1.6279545431873643,1818.7369345212337
5.712,1.627856650416423,1816.4730169352229
5.713,1.6277589914730952,1814.2138771007562
5.714,1.6276615655753974,1811.9594984387377
5.715,1.6275643718850459,1809.7098636198882
5.716,1.6274674095077064,1807.4649545711031
5.7170000000000005,1.6273706774932601,1805.224752481969
5.718,1.6272741748360824,1802.989237811447
5.719,1.6271779004753346,1800.7583902947147
5.72,1.627081853295267,1798.5321889501624
5.721,1.626986032125538,1796.3106120865532
5.722,1.626890435741542,1794.0936373103275
5.723,1.6267950628647534,1791.8812415330651
5.724,1.6266999121630819,1789.6734009790969
5.7250000000000005,1.6266049822512398,1787.4700911932568
5.726,1.6265102716911237,1785.2712870487892
5.727,1.626415778992205,1783.076962755389
5.728,1.626321502611936,1780.8870918673877
5.729,1.6262274409561674,1778.7016472920768
5.73,1.6261335923795763,1776.5206012981641
5.731,1.626039955186107,1774.343925524366
5.732,1.6259465276294254,1772.1715909881302
5.7330000000000005,1.6258533079133801,1770.0035680944839
5.734,1.625760294192483,1767.8398266450122
5.735,1.625667484572391,1765.680335846957
5.736,1.6255748771104106,1763.525064322437
5.737,1.6254824698160029,1761.3739801177878
5.738,1.6253902606513073,1759.227050713016
5.739,1.6252982475316713,1757.0842430313658
5.74,1.625206428326197,1754.9455234489994
5.7410000000000005,1.6251148008582894,1752.810857804783
5.742,1.625023362906223,1750.680211410178
5.743,1.624932112203717,1748.5535490592363
5.744,1.624841046440516,1746.4308350386946
5.745,1.6247501632629893,1744.312033138166
5.746,1.624659460274731,1742.1971066604283
5.747,1.624568935037177,1740.0860184318003
5.748,1.6244785850702281,1737.978730812611
5.7490000000000006,1.6243884078528834,1735.8752057077536
5.75,1.624298400823882,1733.7754045773224
5.751,1.624208561382357,1731.6792884473336
5.752,1.6241188868884942,1729.586817920519
5.753,1.6240293746642032,1727.4979531872023
5.754,1.6239400219937963,1725.412654036239
5.755,1.6238508261246716,1723.3308798660344
5.756,1.6237617842680145,1721.2525896956226
5.757000000000001,1.623672893599496,1719.1777421758138
5.758,1.623584151259986,1717.1062956003962
5.759,1.6234955543562726,1715.038207917405
5.76,1.6234070999617887,1712.9734367404405
5.761,1.6233187851173465,1710.91193936004
5.7620000000000005,1.6232306068318794,1708.8536727550986
5.763,1.6231425620831896,1706.7985936043412
5.764,1.6230546478187067,1704.7466582978323
5.765,1.622966860956246,1702.6978229485314
5.766,1.6228791983847806,1700.6520434038816
5.767,1.6227916569652163,1698.6092752574414
5.768,1.6227042335311719,1696.5694738605375
5.769,1.6226169248897675,1694.5325943339599
5.7700000000000005,1.6225297278224193,1692.4985915796708
5.771,1.6224426390856352,1690.4674202925469
5.772,1.6223556554118232,1688.4390349721375
5.773,1.6222687735100976,1686.413389934441
5.774,1.6221819900670957,1684.3904393236958
5.775,1.6220953017477957,1682.3701371241877
5.776,1.6220087051963437,1680.3524371720587
5.777,1.6219221970368778,1678.3372931671274
5.7780000000000005,1.6218357738743645,1676.3246586847126
5.779,1.621749432295435,1674.3144871874547
5.78,1.6216631688692236,1672.3067320371372
5.781,1.6215769801482145,1670.3013465065014
5.782,1.6214908626690885,1668.2982837910529
5.783,1.6214048129535727,1666.2974970208602
5.784,1.621318827509297,1664.298939272333
5.785,1.621232902830648,1662.3025635799922
5.7860000000000005,1.6211470353996316,1660.3083229482131
5.787,1.6210612216867306,1658.3161703629512
5.788,1.6209754581517724,1656.3260588034414
5.789,1.6208897412447931,1654.3379412538673
5.79,1.620804067406905,1652.3517707150038
5.791,1.6207184330711675,1650.3675002158247
5.792,1.620632834663454,1648.3850828250727
5.793,1.6205472686033295,1646.404471662793
5.7940000000000005,1.6204617313049172,1644.4256199118236
5.795,1.6203762191777766,1642.4484808292436
5.796,1.6202907286277748,1640.473007757772
5.797,1.6202052560579623,1638.4991541371185
5.798,1.6201197978694462,1636.5268735152836
5.799,1.620034350462265,1634.5561195597995
5.8,1.6199489102362636,1632.586846068919
5.801,1.6198634735919653,1630.6190069827408
5.8020000000000005,1.6197780369314454,1628.6525563942741
5.803,1.6196925966592026,1626.6874485604358
5.804,1.61960714918303,1624.7236379129845
5.805,1.6195216909148848,1622.7610790693805
5.806,1.6194362182717554,1620.7997268435727
5.807,1.6193507276765289,1618.8395362567167
5.808,1.619265215558852,1616.880462547807
5.809,1.6191796783559966,1614.9224611842355
5.8100000000000005,1.619094112513719,1612.9654878722667
5.811,1.6190085144871127,1611.0094985674255
5.812,1.6189228807414682,1609.0544494848018
5.813,1.6188372077531208,1607.100297109263
5.814,1.6187514920102999,1605.1469982055783
5.815,1.6186657300139724,1603.1945098284446
5.816,1.618579918278685,1601.2427893324214
5.817,1.6184940533334027,1599.2917943817645
5.8180000000000005,1.6184081317223395,1597.341482960161
5.819,1.618322150005789,1595.3918133803602
5.82,1.6182361047609477,1593.4427442937013
5.821,1.6181499925827387,1591.4942346995344
5.822,1.618063810084623,1589.546243954532
5.823,1.6179775538994134,1587.5987317818924
5.824,1.6178912206800777,1585.6516582804254
5.825,1.6178048071005395,1583.7049839335284
5.8260000000000005,1.6177183098564731,1581.7586696180445
5.827,1.617631725666091,1579.812676613
5.828,1.6175450512709295,1577.866966608224
5.829,1.617458283436622,1575.9215017128479
5.83,1.6173714189536728,1573.9762444636724
5.831,1.6172844546382183,1572.0311578334217
5.832,1.6171973873327887,1570.0862052388582
5.833,1.6171102139070537,1568.1413505487753
5.8340000000000005,1.6170229312585707,1566.196558091859
5.835,1.616935536313518,1564.2517926644132
5.836,1.616848026027427,1562.3070195379555
5.837,1.6167603973859022,1560.3622044666743
5.838,1.6166726474053346,1558.4173136947513
5.839,1.6165847731336123,1556.4723139635448
5.84,1.6164967716508136,1554.5271725186321
5.841,1.6164086400699003,1552.5818571167106
5.8420000000000005,1.6163203755373994,1550.6363360323598
5.843,1.616231975234075,1548.6905780646534
5.844,1.6161434363755947,1546.7445525436317
5.845,1.6160547562131853,1544.7982293366242
5.846,1.6159659320342796,1542.8515788544248
5.847,1.615876961163155,1540.90457205732
5.848,1.6157878409615603,1538.957180460963
5.849,1.615698568829339,1537.009376142104
5.8500000000000005,1.6156091422050352,1535.0611317441594
5.851,1.6155195585664959,1533.1124204826333
5.852,1.615429815431461,1531.1632161503858
5.853,1.6153399103581445,1529.2134931227397
5.854,1.6152498409458032,1527.2632263624396
5.855,1.6151596048353003,1525.3123914244466
5.856,1.615069199709649,1523.3609644605808
5.857,1.6149786232945598,1521.4089222240027
5.8580000000000005,1.6148878733589636,1519.4562420735328
5.859,1.6147969477155333,1517.5029019778203
5.86,1.6147058442211872,1515.548880519338
5.861,1.6146145607775906,1513.5941568982275
5.862,1.614523095331636,1511.6387109359766
5.863,1.6144314458759221,1509.682523078936
5.864,1.6143396104492118,1507.7255744016725
5.865,1.6142475871368878,1505.7678466101606
5.8660000000000005,1.6141553740713914,1503.809322044808
5.867,1.6140629694326494,1501.8499836833164
5.868,1.613970371448493,1499.8898151433837
5.869,1.613877578395062,1497.9288006852335
5.87,1.613784588597198,1495.9669252139843
5.871,1.613691400428826,1494.0041742818535
5.872,1.6135980123133224,1492.0405340901934
5.873,1.6135044227238737,1490.0759914913642
5.8740000000000006,1.6134106301838207,1488.1105339904398
5.875,1.6133166332669904,1486.1441497467492
5.876,1.6132224305980174,1484.1768275752506
5.877,1.6131280208526515,1482.2085569477413
5.878,1.613033402758052,1480.2393279938992
5.879,1.6129385750930718,1478.2691315021652
5.88,1.6128435366885272,1476.2979589204513
5.881,1.6127482864274545,1474.325802356691
5.882000000000001,1.6126528232453567,1472.35265457922
5.883,1.6125571461304342,1470.3785090169958
5.884,1.6124612541238026,1468.4033597596501
5.885,1.6123651463197022,1466.4272015573783
5.886,1.6122688218656898,1464.450029820664
5.8870000000000005,1.6121722799628166,1462.471840619845
5.888,1.6120755198658014,1460.4926306845068
5.889,1.6119785408831788,1458.5123974027279
5.89,1.6118813423774447,1456.531138820148
5.891,1.6117839237651814,1454.5488536388866
5.892,1.6116862845171767,1452.5655412162955
5.893,1.6115884241585217,1450.5812015635522
5.894,1.6114903422687012,1448.595835344096
5.8950000000000005,1.6113920384816702,1446.6094438719033
5.896,1.611293512485916,1444.6220291096042
5.897,1.6111947640245055,1442.6335936664466
5.898,1.611095792895123,1440.6441407961013
5.899,1.6109965989500936,1438.6536743943095
5.9,1.6108971820963913,1436.6621989963812
5.901,1.6107975422956353,1434.669719774536
5.902,1.6106976795640748,1432.6762425350926
5.9030000000000005,1.6105975939725576,1430.6817737155102
5.904,1.6104972856464876,1428.6863203812718
5.905,1.6103967547657674,1426.689890222628
5.906,1.6102960015647314,1424.692491551184
5.907,1.6101950263320592,1422.6941332963445
5.908,1.6100938294106841,1420.694825001613
5.909,1.6099924111976822,1418.6945768207427
5.91,1.6098907721441498,1416.6933995137474
5.9110000000000005,1.609788912755071,1414.6913044427702
5.912,1.609686833589168,1412.6883035678097
5.913,1.609584535258742,1410.6844094423063
5.914,1.6094820184294971,1408.6796352085955
5.915,1.6093792838203576,1406.6739945932168
5.916,1.6092763322032653,1404.6675019020947
5.917,1.6091731644029714,1402.660172015581
5.918,1.6090697812968073,1400.652020383367
5.9190000000000005,1.6089661838144527,1398.6430630192654
5.92,1.60886237293768,1396.6333164958614
5.921,1.6087583497000988,1394.6227979390383
5.922,1.6086541151868752,1392.6115250223752
5.923,1.608549670534449,1390.5995159614215
5.924,1.6084450169302325,1388.5867895078488
5.925,1.6083401556122996,1386.573364943482
5.926,1.6082350878690623,1384.5592620742093
5.9270000000000005,1.6081298150389352,1382.5445012237778
5.928,1.6080243385099884,1380.5291032274718
5.929,1.6079186597195865,1378.5130894256763
5.93,1.60781278015402,1376.4964816573302
5.931,1.6077067013481203,1374.4793022532672
5.932,1.607600424884866,1372.461574029452
5.933,1.6074939523949785,1370.4433202801056
5.934,1.6073872855565017,1368.424564770727
5.9350000000000005,1.6072804260943763,1366.4053317310181
5.936,1.6071733757799993,1364.3856458476962
5.937,1.607066136430772,1362.365532257221
5.938,1.6069587099096403,1360.3450165384156
5.939,1.6068510981246207,1358.3241247049946
5.94,1.6067433030283185,1356.3028831980048
5.941,1.6066353266174316,1354.2813188781677
5.942,1.6065271709322482,1352.2594590181377
5.9430000000000005,1.606418838056133,1350.2373312946754
5.944,1.6063103301150001,1348.2149637807315
5.945,1.606201649276778,1346.1923849374534
5.946,1.606092797750868,1344.1696236061089
5.947,1.6059837777875856,1342.1467089999317
5.948,1.6058745916775983,1340.1236706958953
5.949,1.6057652417513504,1338.1005386264085
5.95,1.6056557303784824,1336.077343070939
5.9510000000000005,1.6055460599672338,1334.0541146475755
5.952,1.6054362329638465,1332.0308843045127
5.953,1.6053262518519498,1330.0076833114795
5.954,1.6052161191519438,1327.9845432510997
5.955,1.6051058374203697,1325.9614960101962
5.956,1.604995409249275,1323.9385737710352
5.957,1.6048848372655649,1321.9158090025144
5.958,1.6047741241303537,1319.8932344512996
5.9590000000000005,1.6046632725382999,1317.8708831329093
5.96,1.6045522852169383,1315.848788322749
5.961,1.6044411649260053,1313.826983547104
5.962,1.60432991445675,1311.8055025740807
5.963,1.604218536631247,1309.7843794045134
5.964,1.6041070343016943,1307.7636482628268
5.965,1.6039954103497096,1305.7433435878625
5.966,1.6038836676856154,1303.7235000236733
5.9670000000000005,1.6037718092477218,1301.7041524102801
5.968,1.6036598380015972,1299.6853357744044
5.969,1.60354775693934,1297.6670853201683
5.97,1.603435569078836,1295.6494364197713
5.971,1.6033232774630173,1293.6324246041454
5.972,1.6032108851591094,1291.6160855535857
5.973,1.6030983952578768,1289.6004550883667
5.974,1.602985810872861,1287.5855691593406
5.9750000000000005,1.6028731351396142,1285.5714638385216
5.976,1.6027603712149265,1283.5581753096608
5.977,1.6026475222760523,1281.54573985881
5.978,1.6025345915199238,1279.5341938648812
5.979,1.6024215821623717,1277.5235737902003
5.98,1.6023084974373303,1275.5139161710601
5.981,1.6021953405960447,1273.505257608272
5.982,1.6020821149062738,1271.4976347577226
5.9830000000000005,1.601968823651487,1269.491084320936
5.984,1.60185547013006,1267.4856430356394
5.985,1.6017420576544648,1265.4813476663444
5.986,1.6016285895504594,1263.4782349949353
5.987,1.6015150691562727,1261.4763418112755
5.988,1.6014014998217847,1259.475704903828
5.989,1.6012878849077106,1257.4763610502987
5.99,1.6011742277847743,1255.4783470082943
5.9910000000000005,1.601060531832886,1253.4816995060128
5.992,1.6009468004403158,1251.4864552329504
5.993,1.600833037002864,1249.4926508306462
5.994,1.6007192449230323,1247.5003228834485
5.995,1.600605427609193,1245.5095079093185
5.996,1.6004915884747548,1243.5202423506685
5.997,1.600377730937331,1241.5325625652363
5.998,1.6002638584179054,1239.546504816998
5.9990000000000006,1.6001499743399972,1237.5621052671258
6.0,1.6000360821288262,1235.5793999649816
6.001,1.5999221852104761,1233.598424839168
6.002,1.599808287011064,1231.6192156886154
6.003,1.5996943909558987,1229.641808173726
6.004,1.599580500468654,1227.6662378075698
6.005,1.599466618970528,1225.6925399471297
6.006,1.599352749879415,1223.7207497846089
6.007000000000001,1.5992388966090707,1221.750902338793
6.008,1.5991250625682847,1219.7830324464724
6.009,1.5990112511600483,1217.8171747539304
6.01,1.5988974657807282,1215.8533637084897
6.011,1.5987837098192432,1213.8916335501322
6.0120000000000005,1.5986699866562362,1211.9320183031796
6.013,1.598556299663256,1209.9745517680524
6.014,1.5984426522019386,1208.0192675130925
6.015000000000001,1.5983290476231895,1206.0661988664683
6.016,1.5982154892663707,1204.1153789081468
6.017,1.5981019804584924,1202.1668404619527
6.018,1.5979885245134011,1200.2206160876972
6.019,1.5978751247309826,1198.276738073399
6.0200000000000005,1.5977617843963563,1196.3352384275781
6.021,1.5976485067790818,1194.3961488716427
6.022,1.5975352951323645,1192.4595008323558
6.023,1.597422152692272,1190.5253254343972
6.024,1.5973090826769447,1188.5936534930092
6.025,1.5971960882858207,1186.6645155067388
6.026,1.5970831726988597,1184.7379416502695
6.027,1.5969703390757743,1182.813961767351
6.0280000000000005,1.596857590555266,1180.8926053638236
6.029,1.5967449302542647,1178.9739016007416
6.03,1.5966323612671764,1177.0578792875958
6.031,1.5965198866651371,1175.1445668756373
6.032,1.5964075094952654,1173.233992451305
6.033,1.5962952327799333,1171.3261837297541
6.034,1.5961830595160318,1169.4211680484937
6.035,1.5960709926742485,1167.5189723611284
6.0360000000000005,1.5959590351983528,1165.6196232312118
6.037,1.5958471900044824,1163.723146826204
6.038,1.595735459980443,1161.829568911544
6.039,1.5956238479850104,1159.9389148448354
6.04,1.5955123568472427,1158.0512095701401
6.041,1.5954009893657979,1156.166477612393
6.042,1.5952897483082604,1154.2847430719262
6.043,1.595178636410474,1152.406029619116
6.0440000000000005,1.595067656375885,1150.5303604891442
6.045,1.5949568108748897,1148.6577584768793
6.046,1.5948461025441931,1146.788245931878
6.047,1.5947355339861766,1144.9218447535086
6.048,1.5946251077682703,1143.0585763861968
6.049,1.5945148264223363,1141.1984618147922
6.05,1.5944046924440638,1139.3415215600626
6.051,1.5942947082923649,1137.4877756743103
6.0520000000000005,1.5941848763887894,1135.637243737116
6.053,1.5940751991169426,1133.789944851209
6.054,1.593965678821911,1131.9458976384637
6.055,1.5938563178097052,1130.1051202360284
6.056,1.5937471183467038,1128.267630292576
6.057,1.593638082659112,1126.4334449646933
6.058,1.5935292129324299,1124.6025809133928
6.059,1.5934205113109279,1122.77505430076
6.0600000000000005,1.5933119798971362,1120.9508807867328
6.061,1.59320362075134,1119.130075526009
6.062,1.5930954358910903,1117.31265316509
6.063,1.5929874272907207,1115.4986278394588
6.064,1.5928795968808758,1113.6880131708876
6.065,1.5927719465480534,1111.8808222648831
6.066,1.592664478134153,1110.0770677082646
6.067,1.592557193436039,1108.2767615668774
6.0680000000000005,1.5924500942051119,1106.4799153834433
6.069,1.592343182146892,1104.6865401755426
6.07,1.5922364589206164,1102.896646433736
6.071,1.5921299261388429,1101.1102441198213
6.072,1.592023585367069,1099.3273426652238
6.073,1.5919174381233598,1097.5479509695294
6.074,1.5918114858779915,1095.7720773991462
6.075,1.5917057300531,1093.9997297861082
6.0760000000000005,1.5916001720223485,1092.230915427016
6.077,1.5914948131106021,1090.465641082111
6.078,1.5913896545936155,1088.7039129744871
6.079,1.5912846976977335,1086.9457367894431
6.08,1.5911799435996028,1085.1911176739654
6.081,1.591075393425896,1083.4400602363519
6.082,1.5909710482530488,1081.6925685459714
6.083,1.5908669091070071,1079.948646133157
6.0840000000000005,1.590762976962989,1078.2082959892386
6.085,1.5906592527452572,1076.4715205667098
6.086,1.590555737326906,1074.7383217795293
6.087,1.5904524315296578,1073.0087010035586
6.088,1.5903493361236747,1071.2826590771344
6.089,1.5902464518273807,1069.5601963017766
6.09,1.5901437793073003,1067.8413124430272
6.091,1.5900413191779021,1066.1260067314265
6.0920000000000005,1.5899390720014646,1064.4142778636199
6.093,1.589837038287946,1062.7061240035982
6.094,1.5897352184948754,1061.0015427840708
6.095,1.5896336130272466,1059.3005313079693
6.096,1.589532222237434,1057.6030861500815
6.097,1.5894310464251158,1055.9092033588195
6.098,1.5893300858372121,1054.21887845811
6.099,1.5892293406678355,1052.5321064494242
6.1000000000000005,1.5891288110582535,1050.848881813924
6.101,1.5890284970968664,1049.1691985147468
6.102,1.5889283988191927,1047.4930499994075
6.103,1.5888285162078748,1045.8204292023347
6.104,1.588728849192692,1044.151328547525
6.105,1.588629397650588,1042.4857399513262
6.106,1.5885301614057104,1040.823654825342
6.107,1.5884311402294644,1039.1650640794583
6.1080000000000005,1.5883323338405793,1037.5099581249922
6.109,1.5882337419051868,1035.8583268779619
6.11,1.588135364036912,1034.2101597624728
6.111,1.5880371997969764,1032.5654457142264
6.112,1.5879392486943191,1030.9241731841435
6.113,1.5878415101857206,1029.2863301421028
6.114,1.5877439836759488,1027.6519040807984
6.115,1.5876466685179123,1026.0208820197074
6.1160000000000005,1.5875495640128288,1024.3932505091716
6.117,1.5874526694104036,1022.7689956345909
6.118,1.5873559839090225,1021.1481030207265
6.119,1.5872595066559572,1019.5305578361142
6.12,1.5871632367475823,1017.9163447975825
6.121,1.5870671732296033,1016.3054481748819
6.122,1.5869713150973002,1014.6978517954146
6.123,1.58687566129578,1013.09353904907
6.1240000000000006,1.5867802107202444,1011.4924928931628
6.125,1.5866849622162662,1009.894695857472
6.126,1.586589914580082,1008.3001300493779
6.127,1.586495066558889,1006.7087771590994
6.128,1.5864004168511674,1005.1206184650263
6.129,1.586305964106997,1003.5356348391465
6.13,1.5862117069284016,1001.9538067525696
6.131,1.5861176438696951,1000.375114281137
6.132000000000001,1.5860237734378422,998.79953711113
6.133,1.5859300940928296,997.227054545059
6.134,1.585836604248053,995.6576455075466
6.135,1.5857433022707066,994.0912885512918
6.136,1.5856501864821948,992.5279618631205
6.1370000000000005,1.585557255158543,990.9676432701192
6.138,1.5854645065308297,989.4103102458458
6.139,1.5853719387856242,987.8559399166251
6.140000000000001,1.5852795500654355,986.3045090679152
6.141,1.5851873384691724,984.7559941507559
6.142,1.5850953020526144,983.2103712882863
6.143,1.5850034388288936,981.667616282336
6.144,1.5849117467689833,980.1277046200883
6.1450000000000005,1.584820223802203,978.5906114808098
6.146,1.584728867816728,977.0563117426478
6.147,1.5846376766601102,975.5247799894933
6.148,1.5845466481398114,973.9959905179052
6.149,1.5844557800237424,972.469917344098
6.15,1.584365070040815,970.9465342109895
6.151,1.5842745158814993,969.4258145953022
6.152,1.584184115198396,967.9077317147244
6.1530000000000005,1.584093865606814,966.3922585351249
6.154,1.5840037646853546,964.8793677778169
6.155,1.5839138099765118,963.3690319268752
6.156,1.5838239989872738,961.8612232364998
6.157,1.5837343291897383,960.3559137384248
6.158,1.5836447980217334,958.8530752493755
6.159,1.5835554028874488,957.352679378564
6.16,1.5834661411580695,955.8546975352251
6.1610000000000005,1.5833770101724294,954.3591009361963
6.162,1.583288007237658,952.8658606135253
6.163,1.583199129629845,951.374947422121
6.164,1.5831103745947095,949.8863320474301
6.165,1.5830217393482744,948.3999850131502
6.166,1.5829332210775524,946.915876688966
6.167,1.5828448169412321,945.4339772983168
6.168,1.5827565240703798,943.9542569261843
6.1690000000000005,1.5826683395691399,942.4766855269087
6.17,1.5825802605154462,941.001232932019
6.171,1.582492283961739,939.527868858087
6.172,1.5824044069356857,938.0565629145957
6.173,1.582316626440912,936.5872846118224
6.174,1.582228939457734,935.1200033687351
6.175,1.5821413429438982,933.6546885208999
6.176,1.582053833835329,932.1913093283955
6.1770000000000005,1.581966409046875,930.729834983736
6.178,1.5818790654730703,929.2702346197974
6.179,1.5817917999888882,927.812477317748
6.18,1.5817046094505125,926.356532114977
6.181,1.5816174906961027,924.9023680130249
6.182,1.5815304405465695,923.4499539855079
6.183,1.5814434558063537,921.9992589860394
6.184,1.5813565332642048,920.5502519561414
6.1850000000000005,1.5812696696939705,919.10290183315
6.186,1.581182861855384,917.6571775581065
6.187,1.5810961064948563,916.2130480836379
6.188,1.5810094003462718,914.7704823818204
6.189,1.5809227401317878,913.3294494520266
6.19,1.5808361225626357,911.8899183287534
6.191,1.5807495443399247,910.4518580894305
6.192,1.5806630021554475,909.0152378622022
6.1930000000000005,1.5805764926924906,907.5800268336892
6.194,1.5804900126266421,906.1461942567197
6.195,1.5804035586266088,904.7137094580333
6.196,1.580317127355024,903.2825418459562
6.197,1.5802307154692683,901.8526609180402
6.198,1.5801443196222826,900.4240362686705
6.199,1.5800579364633864,898.9966375966357
6.2,1.5799715626390989,897.5704347126612
6.2010000000000005,1.5798851947939543,896.1453975469016
6.202,1.5797988295713228,894.7214961563919
6.203,1.57971246361423,893.2987007324541
6.204,1.5796260935661777,891.8769816080617
6.205,1.5795397160719615,890.4563092651522
6.206,1.579453327778491,889.0366543418972
6.207,1.579366925335608,887.6179876399148
6.208,1.579280505396904,886.2002801314343
6.2090000000000005,1.5791940646205378,884.7835029664072
6.21,1.57910759967005,883.3676274795599
6.211,1.5790211072151785,881.9526251973889
6.212,1.5789345839326683,880.5384678451005
6.213,1.5788480265070874,879.1251273534854
6.214,1.5787614316316296,877.7125758657337
6.215,1.5786747960089271,876.3007857441843
6.216,1.5785881163518498,874.8897295770093
6.2170000000000005,1.578501389384312,873.4793801848323
6.218,1.5784146118420672,872.069710627275
6.219,1.5783277804735063,870.6606942094372
6.22,1.5782408920404514,869.2523044883005
6.221,1.5781539433189444,867.8445152790634
6.222,1.5780669311000328,866.4373006613984
6.223,1.577979852190554,865.030634985633
6.224,1.5778927034139114,863.6244928788541
6.2250000000000005,1.577805481610853,862.2188492509333
6.226,1.5777181836402363,860.8136793004686
6.227,1.5776308063797986,859.4089585206494
6.228,1.5775433467269164,858.0046627050336
6.229,1.577455801599362,856.600767953241
6.23,1.5773681679360552,855.1972506765635
6.231,1.5772804426978084,853.7940876034838
6.232,1.5771926228680697,852.3912557851078
6.2330000000000005,1.577104705453655,850.9887326005098
6.234,1.5770166874854818,849.5864957619802
6.235,1.576928566019288,848.1845233201868
6.236,1.5768403381363536,846.782793669242
6.237,1.576752000944209,845.3812855516701
6.238,1.5766635515773433,843.979978063288
6.239,1.5765749871978996,842.5788506579814
6.24,1.5764863049963667,841.1778831523869
6.2410000000000005,1.576397502192267,839.7770557304748
6.242,1.5763085760348305,838.3763489480314
6.243,1.5762195238036663,836.9757437370413
6.244,1.5761303428094258,835.5752214099679
6.245,1.576041030394459,834.1747636639288
6.246,1.5759515839334592,832.7743525847732
6.247,1.5758620008341055,831.3739706510473
6.248,1.5757722785376929,829.9736007378621
6.2490000000000006,1.575682414519757,828.5732261206476
6.25,1.575592406290687,827.1728304788063
6.251,1.5755022513963348,825.7723978992548
6.252,1.5754119474186108,824.3719128798595
6.253,1.5753214919760747,822.9713603327609
6.254,1.5752308827245145,821.5707255875898
6.255,1.5751401173575172,820.1699943945722
6.256,1.5750491936070339,818.7691529275226
6.257000000000001,1.5749581092439282,817.3681877867274
6.258,1.5748668620785207,815.9670860017122
6.259,1.574775449961125,814.5658350339012
6.26,1.574683870782567,813.1644227791587
6.261,1.5745921224747033,811.7628375702203
6.2620000000000005,1.5745002030109212,810.3610681790053
6.263,1.5744081104066348,808.9591038188211
6.264,1.5743158427197677,807.5569341464445
6.265000000000001,1.5742233980512255,806.1545492640947
6.266,1.574130774545361,804.7519397212842
6.267,1.5740379703904221,803.3490965165591
6.268,1.573944983818998,801.9460110991187
6.269,1.5738518131084458,800.5426753703204
6.2700000000000005,1.5737584565813123,799.1390816850676
6.271,1.573664912605743,797.73522285308
6.272,1.573571179595878,796.3310921400466
6.273,1.5734772560122399,794.926683268662
6.274,1.5733831403621084,793.5219904195442
6.275,1.573288831199884,792.1170082320357
6.276,1.5731943271274405,790.711731804886
6.277,1.5730996267944646,789.3061566968184
6.2780000000000005,1.5730047288987876,787.9002789269762
6.279,1.5729096321867,786.4940949752538
6.28,1.5728143354532587,785.0876017825092
6.281,1.5727188375425798,783.6807967506604
6.282,1.57262313734812,782.2736777426617
6.283,1.572527233812949,780.8662430823667
6.284,1.572431125930004,779.4584915542707
6.285,1.5723348127423353,778.050422403139
6.2860000000000005,1.5722382933433436,776.6420353335184
6.287,1.5721415668769965,775.233330509131
6.288,1.572044632538039,773.8243085521535
6.289,1.5719474895721905,772.414970542382
6.29,1.5718501372763292,771.0053180162778
6.291,1.5717525749986603,769.5953529659035
6.292,1.5716548021388814,768.1850778377412
6.293,1.5715568181483215,766.7744955313979
6.2940000000000005,1.571458622530081,765.3636093981975
6.295,1.5713602148391503,763.9524232396606
6.296,1.5712615946825195,762.5409413058695
6.297,1.571162761719273,761.1291682937263
6.298,1.5710637156606753,759.7171093450931
6.299,1.5709644562702394,758.3047700448274
6.3,1.5708649833637873,756.8921564187051
6.301,1.5707652968094925,755.4792749312337
6.3020000000000005,1.5706653965279151,754.0661324833575
6.303,1.5705652824920198,752.6527364100561
6.304,1.5704649547271834,751.2390944778342
6.305,1.5703644133111896,749.8252148821052
6.306,1.5702636583742113,748.4111062444697
6.307,1.5701626900987766,746.9967776098907
6.308,1.5700615087197272,745.5822384437612
6.309,1.5699601145241615,744.1674986288724
6.3100000000000005,1.569858507851364,742.7525684622785
6.311,1.5697566890927257,741.3374586520598
6.312,1.5696546586916449,739.9221803139862
6.313,1.5695524171434245,738.5067449680812
6.314,1.5694499649951494,737.091164535089
6.315,1.5693473028455533,735.6754513328408
6.316,1.569244431344876,734.2596180725295
6.317,1.5691413511947019,732.8436778548855
6.3180000000000005,1.569038063147794,731.4276441662607
6.319,1.568934568007907,730.0115308746199
6.32,1.5688308666295951,728.5953522254356
6.321,1.568726959918003,727.1791228375016
6.322,1.5686228488286458,725.7628576986464
6.323,1.568518534367178,724.3465721613659
6.324,1.568414017589149,722.930281938367
6.325,1.5683092995997456,721.5140030980223
6.3260000000000005,1.5682043815535232,720.0977520597464
6.327,1.5680992646541272,718.6815455892827
6.328,1.5679939501539983,717.2654007939119
6.329,1.56788843935407,715.8493351175789
6.33,1.5677827336034489,714.4333663359407
6.331,1.567676834299091,713.0175125513355
6.332,1.56757074288546,711.6017921876751
6.333,1.567464460854174,710.186223985264
6.3340000000000005,1.5673579897436472,708.7708269955423
6.335,1.5672513311387115,707.3556205757575
6.336,1.567144486670234,705.9406243835653
6.337,1.567037458014719,704.5258583715602
6.338,1.5669302468938984,703.1113427817386
6.339,1.5668228550743177,701.6970981398968
6.34,1.5667152843669012,700.28314524996
6.341,1.5666075366265146,698.8695051882521
6.3420000000000005,1.566499613751512,697.4561992977007
6.343,1.5663915176832743,696.0432491819835
6.344,1.566283250405738,694.630676699613
6.345,1.5661748139449103,693.218503957969
6.346,1.5660662103683776,691.8067533072685
6.347,1.5659574417848023,690.395447334488
6.348,1.5658485103434083,688.9846088572285
6.349,1.5657394182334596,687.5742609175315
6.3500000000000005,1.565630167683725,686.1644267756474
6.351,1.5655207609619384,684.755129903752
6.352,1.5654112003742449,683.3463939796209
6.353,1.5653014882646397,681.9382428802572
6.354,1.5651916270143964,680.5307006754781
6.355,1.5650816190414896,679.1237916214594
6.356,1.5649714668000048,677.7175401542412
6.357,1.5648611727795394,676.311970883195
6.3580000000000005,1.564750739504599,674.9071085844568
6.359,1.5646401695339809,673.5029781943236
6.36,1.5645294654601507,672.0996048026188
6.361,1.5644186299086122,670.6970136460284
6.362,1.5643076655372674,669.2952301014025
6.363,1.5641965750357678,667.8942796790374
6.364,1.5640853611248609,666.4941880159249
6.365,1.563974026555726,665.0949808689822
6.3660000000000005,1.5638625741093048,663.6966841082581
6.367,1.563751006595624,662.2993237101175
6.368,1.5636393268531088,660.9029257504111
6.369,1.5635275377478943,659.507516397624
6.37,1.5634156421731233,658.113121906012
6.371,1.5633036430482452,656.719768608722
6.372,1.5631915433183,655.3274829109046
6.373,1.5630793459532053,653.9362912828128
6.3740000000000006,1.5629670539470284,652.5462202528943
6.375,1.562854670317258,651.157296400879
6.376,1.56274219810407,649.7695463508592
6.377,1.562629640369582,648.3829967643686
6.378,1.5625170001971123,646.9976743334602
6.379,1.562404280690424,645.6136057737833
6.38,1.5622914849729692,644.2308178176662
6.381,1.5621786161871278,642.8493372071991
6.382000000000001,1.5620656774934412,641.4691906873269
6.383,1.5619526720698402,640.090404998946
6.384,1.561839603110871,638.7130068720129
6.385,1.5617264738269159,637.337023018664
6.386,1.5616132874434092,635.9624801263467
6.3870000000000005,1.561500047200051,634.5894048509663
6.388,1.5613867563500166,633.2178238100496
6.389,1.5612734181591634,631.8477635759244
6.390000000000001,1.5611600359052311,630.4792506689216
6.391,1.5610466128770466,629.1123115505982
6.392,1.5609331523737162,627.7469726169794
6.393,1.5608196577038234,626.3832601918327
6.394,1.5607061321846216,625.0212005199619
6.3950000000000005,1.5605925791412212,623.660819760534
6.396,1.5604790019057813,622.3021439804317
6.397,1.5603654038166934,620.9451991476416
6.398000000000001,1.5602517882177684,619.5900111246725
6.399,1.560138158457417,618.2366056620104
6.4,1.5600245178878358,616.8850083916075
6.401,1.559910869864185,615.5352448204121
6.402,1.5597972177437716,614.187340323936
6.4030000000000005,1.5596835648852263,612.8413201398646
6.404,1.5595699146476854,611.4972093617062
6.405,1.5594562703899693,610.1550329324922
6.406,1.5593426354697593,608.8148156385164
6.407,1.5592290132427817,607.4765821031253
6.408,1.5591154070619841,606.1403567805556
6.409,1.5590018202767155,604.8061639498255
6.41,1.5588882562319095,603.4740277086725
6.4110000000000005,1.558774718267265,602.1439719675493
6.412,1.5586612097164312,600.816020443672
6.413,1.5585477339061897,599.4901966551255
6.414,1.5584342941556435,598.166523915026
6.415,1.5583208937754023,596.8450253257442
6.416,1.5582075360667758,595.5257237731863
6.417,1.558094224320963,594.2086419211402
6.418,1.557980961818249,592.8938022056815
6.4190000000000005,1.557867751827201,591.5812268296474
6.42,1.5577545976038687,590.2709377571747
6.421,1.5576415023909869,588.9629567083047
6.422,1.5575284694171814,587.6573051536576
6.423,1.5574155018961802,586.3540043091779
6.424,1.5573026030260233,585.053075130947
6.425,1.5571897759882827,583.7545383100735
6.426,1.5570770239472806,582.4584142676521
6.4270000000000005,1.5569643500493149,581.1647231497994
6.428,1.5568517574218894,579.8734848227668
6.429,1.5567392491729444,578.584718868128
6.43,1.556626828390099,577.2984445780467
6.431,1.55651449813989,576.0146809506217
6.432,1.5564022614670228,574.7334466853151
6.433,1.556290121393624,573.454760178459
6.434,1.5561780809184984,572.1786395188468
6.4350000000000005,1.556066143016397,570.9051024834074
6.436,1.5559543106372833,569.6341665329638
6.437,1.5558425867056112,568.3658488080773
6.438,1.5557309741196073,567.1001661249784
6.439,1.5556194757505588,565.837134971585
6.44,1.5555080944421082,564.5767715036096
6.441,1.555396833009556,563.3190915407547
6.442,1.555285694239168,562.0641105629977
6.4430000000000005,1.5551746808874893,560.8118437069704
6.444,1.5550637956806717,559.5623057624252
6.445,1.554953041313797,558.3155111687981
6.446,1.5548424204502205,557.0714740118626
6.447,1.5547319357209108,555.8302080204787
6.448,1.5546215897238058,554.5917265634356
6.449,1.5545113850231724,553.3560426463935
6.45,1.5544013241489758,552.1231689089153
6.4510000000000005,1.5542914095962548,550.8931176216012
6.452,1.5541816438245095,549.6659006833181
6.453,1.5540720292570942,548.4415296185259
6.454,1.5539625682806222,547.2200155747054
6.455,1.5538532632443731,546.0013693198832
6.456,1.5537441164597183,544.7856012402561
6.457,1.5536351301995472,543.5727213379182
6.458,1.5535263066977096,542.3627392286859
6.4590000000000005,1.5534176481484614,541.1556641400249
6.46,1.5533091567059245,539.9515049090791
6.461,1.553200834483553,538.7502699808024
6.462,1.5530926835536134,537.5519674061895
6.463,1.55298470594667,536.3566048406143
6.464,1.552876903651083,535.1641895422651
6.465,1.5527692786125167,533.9747283706894
6.466,1.5526618327334587,532.7882277854364
6.4670000000000005,1.5525545678727468,531.6046938448094
6.468,1.5524474858451098,530.4241322047145
6.469,1.5523405884207158,529.2465481176214
6.47,1.552233877324735,528.0719464316223
6.471,1.5521273542369087,526.9003315895987
6.472,1.5520210207911347,525.7317076284908
6.473,1.551914878575059,524.5660781786733
6.474,1.5518089291296817,523.4034464634335
6.4750000000000005,1.5517031739489728,522.2438152985565
6.476,1.5515976144795,521.087187092013
6.477,1.5514922521200676,519.9335638437525
6.478,1.5513870882213674,518.7829471456029
6.479,1.5512821240856407,517.6353381812693
6.48,1.5511773609663537,516.4907377264439
6.481,1.551072800067881,515.3491461490157
6.482,1.550968442545206,514.2105634093843
6.4830000000000005,1.5508642895036284,513.0749890608812
6.484,1.5507603419984892,511.94242225028927
6.485,1.5506566010349008,510.81286171847034
6.486,1.550553067567496,509.6863058010943
6.487,1.5504497425001857,508.5627524294701
6.488,1.5503466266859296,507.4421991314804
6.489,1.5502437209265192,506.32464303261827
6.49,1.5501410259723736,505.2100808571255
6.4910000000000005,1.550038542522347,504.09850892923254
6.492,1.5499362712235514,502.9899231744985
6.493,1.5498342126711857,501.8843191212536
6.494,1.5497323674083865,500.7816919021401
6.495,1.5496307359260821,499.68203625575325
6.496,1.5495293186628658,498.5853465283816
6.497,1.5494281160048806,497.49161667584474
6.498,1.5493271282857133,496.4008402654324
6.4990000000000006,1.5492263557863062,495.313010477935
6.5,1.5491257987348783,494.2281201097769
6.501,1.5490254573068598,493.1461615752422
6.502,1.5489253316248415,492.06712690879687
6.503,1.5488254217585344,490.9910077675064
6.504,1.548725727724744,489.917795433546
6.505,1.5486262494873555,488.84748081680607
6.506,1.5485269869573357,487.78005445758777
6.507000000000001,1.5484279399927425,486.7155065293928
6.508,1.548329108398752,485.65382684180247
6.509,1.5482304919276961,484.5950048434472
6.51,1.548132090279113,483.539029625067
6.511,1.5480339030998118,482.4858899226568
6.5120000000000005,1.5479359299839484,481.43557412070254
6.513,1.547838170473116,480.388070255504
6.514,1.5477406240564462,479.3433660185797
6.515000000000001,1.5476432901707258,478.30144876016055
6.516,1.547546168200523,477.262305492766
6.517,1.5474492574783287,476.2259228948606
6.518,1.5473525572847115,475.1922873145968
6.519,1.5472560668484814,474.1613847736338
6.5200000000000005,1.5471597853468684,473.1332009710396
6.521,1.5470637119057178,472.10772128727024
6.522,1.5469678455996878,471.0849307882249
6.523000000000001,1.5468721854524723,470.0648142293818
6.524,1.5467767304370246,469.0473560600044
6.525,1.5466814794758017,468.03254042742435
6.526,1.5465864314410172,467.02035118139736
6.527,1.5464915851549057,466.01077187853
6.5280000000000005,1.5463969393900043,465.0037857867778
6.529,1.5463024928694384,463.9993758900123
6.53,1.5462082442672287,462.99752489265535
6.531,1.5461141922086017,461.9982152243829
6.532,1.546020335270318,461.0014290448904
6.533,1.545926671981011,460.00714824872716
6.534,1.545833200821536,459.01535447018904
6.535,1.5457399202253315,458.02602908827726
6.5360000000000005,1.545646828578793,457.0391532317134
6.537,1.5455539242216587,456.0547077840175
6.538,1.5454612054474055,455.07267338864017
6.539,1.5453686705036556,454.09303045415413
6.54,1.5452763175925968,453.115759159498
6.541,1.5451841448714112,452.1408394592759
6.542,1.545092150452718,451.168251089108
6.543,1.545000332405025,450.1979735710318
6.5440000000000005,1.54490868875319,449.2299862189529
6.545,1.5448172174788977,448.2642681441447
6.546,1.5447259165211409,447.30079826079157
6.547,1.5446347837767171,446.3395552915815
6.548,1.5445438171007326,445.3805177733375
6.549,1.5444530143071193,444.42366406269423
6.55,1.5443623731691585,443.46897234181347
6.551,1.5442718914200186,442.5164206241411
6.5520000000000005,1.5441815667532977,441.56598676019667
6.553,1.5440913968235837,440.61764844340496
6.554,1.5440013792470129,439.6713832159573
6.555,1.543911511601849,438.72716847470906
6.556,1.5438217914290668,437.78498147710553
6.557,1.543732216232941,436.84479934714085
6.558,1.5436427834816528,435.906599081343
6.559,1.5435534906078994,434.9703575547859
6.5600000000000005,1.5434643350095119,434.03605152712817
6.561,1.5433753140500859,433.10365764867333
6.562,1.543286425059617,432.1731524664534
6.563,1.5431976653351474,431.24451243033417
6.564,1.5431090321414178,430.3177138991353
6.565,1.543020522711529,429.3927331467732
6.566,1.5429321342476114,428.4695463684149
6.567,1.5428438639215023,427.54812968664896
6.5680000000000005,1.5427557088754291,426.6284591576681
6.569,1.542667666222703,425.7105107774622
6.57,1.542579733048415,424.79426048802213
6.571,1.5424919064101466,423.8796841835497
6.572,1.5424041833386777,422.966757716675
6.573,1.5423165608387093,422.05545690467676
6.574,1.5422290358895878,421.1457575357096
6.575,1.54214160544604,420.2376353750268
6.5760000000000005,1.5420542664389092,419.33106617120796
6.577,1.5419670157759007,418.4260256623824
6.578,1.5418798503423328,417.5224895824505
6.579,1.5417927670018914,416.6204336672975
6.58,1.5417057625973936,415.7198336610048
6.581,1.5416188339515535,414.82066532204936
6.582,1.5415319778677523,413.92290442949553
6.583,1.5414451911308182,413.0265267891759
6.5840000000000005,1.5413584705078054,412.1315082398561
6.585,1.541271812748782,411.23782465939104
6.586,1.5411852145876184,410.3454519708581
6.587,1.5410986727427833,409.4543661486788
6.588,1.54101218391814,408.5645432247176
6.589,1.540925744803752,407.6759592943626
6.59,1.5408393520766854,406.78859052258167
6.591,1.540753002401819,405.9024131499575
6.5920000000000005,1.5406666924326573,405.01740349869397
6.593,1.5405804188121446,404.13353797860054
6.594,1.5404941781734836,403.25079309304317
6.595,1.5404079671409563,402.36914544487036
6.596,1.5403217823307451,401.48857174230346
6.597,1.540235620351761,400.6090488047981
6.598,1.5401494778064664,399.73055356886925
6.599,1.5400633512917088,398.85306309388113
6.6000000000000005,1.5399772373995466,397.976554567799
6.601,1.5398911327180849,397.1010053129067
6.602,1.5398050338323055,396.2263927914768
6.603,1.539718937324902,395.352694611407
6.604,1.539632839777115,394.4798885318081
6.605,1.5395467377695664,393.6079524685508
6.606,1.5394606278830956,392.73686449976697
6.607,1.5393745066995945,391.8666028713014
6.6080000000000005,1.5392883708028446,390.9971460021178
6.609,1.5392022167793518,390.12847248965534
6.61,1.5391160412191802,389.26056111513014
6.611,1.5390298407167888,388.3933908487918
6.612,1.5389436118718642,387.52694085511865
6.613,1.538857351290152,386.66119049796276
6.614,1.5387710555842882,385.7961193456376
6.615,1.5386847213746309,384.93170717594825
6.6160000000000005,1.5385983452900867,384.0679339811627
6.617,1.5385119239689369,383.20477997292426
6.618,1.5384254540596622,382.34222558710076
6.619,1.5383389322217647,381.48025148857516
6.62,1.5382523551265868,380.61883857596774
6.621,1.538165719458127,379.75796798629835
6.622,1.5380790219138576,378.89762109958076
6.623,1.5379922592055306,378.03777954334925
6.6240000000000006,1.5379054280599884,377.17842519711905
6.625,1.5378185252199672,376.3195401967768
6.626,1.5377315474448972,375.46110693890193
6.627,1.5376444915116985,374.6031080850141
6.628,1.5375573542155756,373.74552656575196
6.629,1.5374701323708033,372.88834558497575
6.63,1.5373828228115125,372.0315486237979
6.631,1.5372954223924686,371.1751194445368
6.632000000000001,1.537207927989845,370.3190420945957
6.633,1.5371203365019956,369.46330091026294
6.634,1.537032644850215,368.6078805204358
6.635,1.5369448499794993,367.7527658502655
6.636,1.536856948859301,366.89794212471935
6.6370000000000005,1.536768938484273,366.0433948720675
6.638,1.5366808158750136,365.1891099272839
6.639,1.5365925780787995,364.3350734353663
6.640000000000001,1.5365042221703158,363.48127185457463
6.641,1.5364157452523788,362.6276919595824
6.642,1.5363271444566533,361.77432084454813
6.643,1.5362384169443586,360.92114592609664
6.644,1.5361495599069743,360.06815494621827
6.6450000000000005,1.5360605705669328,359.2153359750784
6.646,1.5359714461783085,358.3626774137423
6.647,1.5358821840274972,357.5101679968101
6.648000000000001,1.5357927814338879,356.65779679496444
6.649,1.5357032357505305,355.80555321742816
6.65,1.5356135443647885,354.9534270143332
6.651,1.5355237046989894,354.10140827899824
6.652,1.5354337142110648,353.2494874501162
6.6530000000000005,1.535343570395183,352.39765531385063
6.654,1.5352532707823692,351.54590300584033
6.655,1.535162812941123,350.6942220131109
6.656000000000001,1.535072194478021,349.8426041758963
6.657,1.5349814130383141,348.99104168936293
6.658,1.5348904663065148,348.1395271052455
6.659,1.5347993520069734,347.28805333338585
6.66,1.5347080679044471,346.436613643179
6.6610000000000005,1.534616611804658,345.585201664924
6.662,1.5345249815548412,344.73381139108164
6.663,1.5344331750442834,343.882437177436
6.664,1.5343411902048516,343.0310737441609
6.665,1.5342490250115113,342.17971617679393
6.666,1.5341566774828337,341.32835992710875
6.667,1.534064145681494,340.4770008139
6.668,1.5339714277147576,339.62563502366504
6.6690000000000005,1.5338785217349553,338.7742591111935
6.67,1.533785425939951,337.922870000063
6.671,1.5336921385735933,337.0714649830328
6.672,1.5335986579261602,336.2200417223465
6.673,1.5335049823347908,335.3685982499381
6.674,1.533411110183906,334.5171329675387
6.675,1.5333170399056173,333.6656446466925
6.676,1.5332227699801255,332.814132428672
6.6770000000000005,1.533128298936106,331.9625958242993
6.678,1.5330336253510843,331.1110347136739
6.679,1.5329387478517984,330.25944934580036
6.68,1.532843665114549,329.4078403381247
6.681,1.5327483758655396,328.5562086759739
6.682,1.5326528788812026,327.7045557118994
6.683,1.5325571729885135,326.8528831649279
6.684,1.5324612570652951,326.0011931197165
6.6850000000000005,1.5323651300405057,325.14948802561315
6.686,1.532268790894518,324.2977706956252
6.687,1.5321722386593843,323.4460443052911
6.688,1.5320754724190895,322.59431239146244
6.689,1.5319784913097916,321.74257885099024
6.69,1.531881294520048,320.8908479393209
6.691,1.5317838812910323,320.0391242689993
6.692,1.5316862509167355,319.18741280807876
6.6930000000000005,1.5315884027441562,318.335718878443
6.694,1.5314903361734744,317.48404815403524
6.695,1.5313920506582206,316.63240665899775
6.696,1.5312935457054198,315.7808007657226
6.697,1.5311948208757347,314.9292371928111
6.698,1.5310958757835873,314.0777230029479
6.699,1.5309967100972721,313.22626560068596
6.7,1.5308973235390533,312.3748727301436
6.7010000000000005,1.5307977158852513,311.52355247261414
6.702,1.5306978869663144,310.6723132440948
6.703,1.530597836666878,309.8211637927232
6.704,1.5304975649258108,308.97011319613506
6.705,1.5303970717362465,308.11917085873523
6.706,1.5302963571456052,307.26834650888674
6.707,1.530195421255598,306.4176501960182
6.708,1.5300942642222208,305.5670922876485
6.7090000000000005,1.529992886255733,304.71668346633146
6.71,1.529891287620626,303.8664347265211
6.711,1.5297894686355757,303.01635737135797
6.712,1.5296874296733811,302.1664630093775
6.713,1.529585171160894,301.3167635511399
6.714,1.5294826935789312,300.4672712057871
6.715,1.5293799974621751,299.6179984775196
6.716,1.5292770833990603,298.7689581620044
6.7170000000000005,1.5291739520316505,297.92016334270494
6.718,1.5290706040554962,297.0716273871418
6.719,1.5289670402194868,296.22336394308115
6.72,1.528863261325681,295.3753869346512
6.721,1.5287592682291322,294.5277105583923
6.722,1.5286550618376975,293.68034927923696
6.723,1.5285506431118305,292.833317826423
6.724,1.5284460130643691,291.98663118934087
6.7250000000000005,1.5283411727603031,291.1403046133155
6.726,1.5282361233165316,290.2943535953259
6.727,1.5281308659016088,289.4487938796597
6.728,1.5280254017354773,288.6036414535074
6.729,1.5279197320891849,287.75891254249825
6.73,1.527813858284593,286.9146236061718
6.731,1.5277077816940734,286.07079133339795
6.732,1.5276015037401858,285.2274326377338
6.7330000000000005,1.5274950258953517,284.38456465273003
6.734,1.5273883496815104,283.5422047271814
6.735,1.5272814766697629,282.70037042032243
6.736,1.527174408480008,281.85907949697287
6.737,1.5270671467805612,281.01834992263423
6.738,1.5269596932877654,280.17819985853237
6.739,1.526852049765588,279.3386476566183
6.74,1.526744218025205,278.49971185451807
6.7410000000000005,1.5266361999245792,277.66141117043713
6.742,1.526527997368017,276.82376449802496
6.743,1.526419612305725,275.98679090119197
6.744,1.5263110467333458,275.1505096088882
6.745,1.5262023026914875,274.3149400098433
6.746,1.526093382265243,273.48010164726355
6.747,1.5259842875836938,272.64601421349573
6.748,1.5258750208194065,271.8126975446544
6.7490000000000006,1.5257655841879179,270.980171615213
6.75,1.525655979947208,270.14845653256555
6.751,1.5255462103971644,269.3175725315522
6.752,1.5254362778790356,268.4875399689599
6.753,1.525326184774872,267.65837931799007
6.754,1.5252159335069604,266.83011116270103
6.755,1.5251055265372473,266.00275619242564
6.756,1.524994966366749,265.1763351961621
6.757000000000001,1.524884255534956,264.3508690569427
6.758,1.5247733966192285,263.5263787461842
6.759,1.5246623922341764,262.7028853180131
6.76,1.524551245031038,261.8804099035776
6.761,1.524439957697042,261.0589737053365
6.7620000000000005,1.5243285329547667,260.23859799134004
6.763,1.5242169735614874,259.41930408949054
6.764,1.5241052823085135,258.60111338179377
6.765000000000001,1.5239934620205218,257.78404729859653
6.766,1.5238815155548753,256.96812731281875
6.767,1.5237694458009408,256.1533749341729
6.768,1.523657255679391,255.33981170338
6.769,1.523544948141506,254.52745918637953
6.7700000000000005,1.5234325261684607,253.7163389685344
6.771,1.5233199927706083,252.90647264883722
6.772,1.5232073509867572,252.09788183411052
6.773000000000001,1.523094603883436,251.2905881332137
6.774,1.5229817545541586,250.4846131512476
6.775,1.522868806118674,249.67997848376632
6.776,1.5227557617222172,248.87670571099153
6.777,1.5226426245347486,248.07481639203516
6.7780000000000005,1.5225293977501897,247.2743320591303
6.779,1.522416084585651,246.47527421187135
6.78,1.522302688280654,245.6776643114652
6.781000000000001,1.5221892120963505,244.88152377499506
6.782,1.5220756593147309,244.0868739697005
6.783,1.5219620332378332,243.29373620726864
6.784,1.521848337186941,242.50213173814763
6.785,1.5217345745017807,241.712081745874
6.7860000000000005,1.5216207485397137,240.92360734142332
6.787,1.5215068626749193,240.13672955758054
6.788,1.52139292029758,239.3514693433341
6.789,1.5212789248130583,238.56784755829187
6.79,1.5211648796410684,237.78588496712752
6.791,1.5210507882148498,237.00560223404858
6.792,1.5209366539803308,236.22701991729627
6.793,1.5208224803952917,235.45015846367565
6.7940000000000005,1.5207082709285253,234.67503820311342
6.795,1.5205940290589939,233.9016793432536
6.796,1.520479758274981,233.1301019640817
6.797,1.5203654620732459,232.36032601258836
6.798,1.5202511439581683,231.59237129746913
6.799,1.5201368074408992,230.82625748385976
6.8,1.520022456038503,230.06200408811344
6.801,1.5199080932731004,229.2996304726189
6.8020000000000005,1.5197937226710114,228.53915584065794
6.803,1.5196793477618935,227.78059923130988
6.804,1.5195649720778814,227.02397951439724
6.805,1.519450599152724,226.2693153854798
6.806,1.5193362325209239,225.51662536089415
6.807,1.5192218757168703,224.7659277728437
6.808,1.519107532273978,224.0172407645346
6.809,1.518993205723823,223.27058228536845
6.8100000000000005,1.5188788995952784,222.52597008618
6.811,1.518764617413651,221.7834217145339
6.812,1.518650362699818,221.0429545100735
6.813,1.518536138969367,220.30458559992445
6.814,1.5184219497317313,219.56833189415727
6.815,1.5183077984893325,218.83421008130605
6.816,1.5181936887367196,218.10223662394733
6.817,1.5180796239597159,217.3724277543378
6.8180000000000005,1.5179656076345585,216.64479947011438
6.819,1.5178516432270477,215.91936753005763
6.82,1.517737734191696,215.19614744991404
6.821,1.5176238839708784,214.475154498289
6.822,1.5175100959939862,213.75640369259983
6.823,1.517396373676585,213.03990979509894
6.824,1.5172827204195716,212.32568730896256
6.825,1.51716913960834,211.61375047444682
6.8260000000000005,1.517055634611946,210.90411326511628
6.827,1.5169422087822768,210.19678938414057
6.828,1.5168288654532258,209.49179226066212
6.829,1.5167156079398705,208.78913504623694
6.83,1.516602439537654,208.0888306113482
6.831,1.516489363521571,207.39089154199323
6.832,1.51637638314536,206.6953301363443
6.833,1.516263501640699,206.00215840148846
6.8340000000000005,1.516150722216406,205.3113880502387
6.835,1.5160380480576474,204.62303049802588
6.836,1.515925482325145,203.9370968598676
6.837,1.5158130281543993,203.25359794741428
6.838,1.5157006886549078,202.5725442660766
6.839,1.5155884669093966,201.8939460122308
6.84,1.515476365973056,201.21781307050833
6.841,1.5153643888727788,200.54415501116023
6.8420000000000005,1.5152525386064148,199.8729810875124
6.843,1.5151408181420196,199.2043002334944
6.844,1.51502923041712,198.53812106125827
6.845,1.5149177783379826,197.87445185887776
6.846,1.514806464778889,197.21330058813336
6.847,1.5146952925814228,196.55467488237974
6.848,1.5145842645537564,195.89858204450226
6.849,1.5144733834699546,195.24502904495574
6.8500000000000005,1.5143626520692803,194.59402251989215
6.851,1.5142520730555105,193.94556876937463
6.852,1.5141416490962594,193.29967375567617
6.853,1.5140313828223109,192.65634310166865
6.854,1.513921276826961,192.01558208929964
6.855,1.5138113336653678,191.37739565815644
6.856,1.5137015558539084,190.7417884041178
6.857,1.5135919458695488,190.10876457809755
6.8580000000000005,1.5134825061492219,189.47832808487436
6.859,1.5133732390892112,188.85048248201417
6.86,1.5132641470445527,188.22523097887796
6.861,1.5131552323284365,187.6025764357227
6.862,1.513046497211625,186.98252136289386
6.863,1.5129379439218802,186.3650679201029
6.864,1.5128295746433988,185.75021791579962
6.865,1.5127213915162592,185.13797280663374
6.8660000000000005,1.5126133966358806,184.52833369700653
6.867,1.5125055920524897,183.92130133871456
6.868,1.5123979797705993,183.31687613068252
6.869,1.5122905617484994,182.7150581187875
6.87,1.5121833398977584,182.11584699577497
6.871,1.512076316082732,181.51924210126373
6.872,1.5119694921200897,180.92524242184322
6.873,1.5118628697783492,180.33384659126196
6.8740000000000006,1.5117564507774197,179.74505289070305
6.875,1.5116502367881646,179.15885924915452
6.876,1.5115442294319656,178.57526324386785
6.877,1.5114384302803088,177.994262100906
6.878,1.511332840854375,177.41585269578346
6.879,1.5112274626246471,176.84003155419435
6.88,1.5111222970105267,176.26679485283083
6.881,1.5110173453799638,175.69613842029153
6.882000000000001,1.5109126090491014,175.1280577380765
6.883,1.510808089281927,174.56254794167478
6.884,1.5107037872899416,173.99960382173674
6.885,1.5105997042318393,173.43921982533652
6.886,1.5104958412132015,172.8813900573221
6.8870000000000005,1.5103921992861993,172.32610828175214
6.888,1.510288779449314,171.77336792342012
6.889,1.510185582647068,171.22316206946488
6.890000000000001,1.5100826097697688,170.67548347106688
6.891,1.509979861653267,170.1303245452313
6.892,1.5098773390787246,169.58767737665482
6.893,1.5097750427724028,169.0475337196769
6.894,1.5096729734054553,168.50988500031735
6.8950000000000005,1.5095711315937406,167.97472231839433
6.896,1.509469517897644,167.4420364497277
6.897,1.509368132821918,166.91181784842337
6.898000000000001,1.5092669768155287,166.38405664923934
6.899,1.5091660502715243,165.85874267003416
6.9,1.5090653535269083,165.3358654142933
6.901,1.508964886862535,164.815414073738
6.902,1.5088646505030119,164.297377531011
6.9030000000000005,1.5087646446166185,163.781744362442
6.904,1.5086648693152396,163.26850284088957
6.905,1.50856532465431,162.75764093866042
6.906000000000001,1.5084660106327765,162.24914633050392
6.907,1.5083669271930673,161.74300639668397
6.908,1.5082680742210832,161.23920822612206
6.909,1.508169451546197,160.73773861961598
6.91,1.5080710589412676,160.23858409313118
6.9110000000000005,1.5079728961226682,159.74173088116325
6.912,1.5078749627503312,159.24716494017102
6.913,1.5077772584278009,158.7548719520804
6.914,1.507679782702306,158.26483732785715
6.915,1.5075825350648413,157.77704621114873
6.916,1.5074855149502657,157.2914834819892
6.917,1.5073887217374125,156.80813376057608
6.918,1.5072921547492155,156.32698141111
6.9190000000000005,1.5071958132528467,155.84801054569527
6.92,1.5070996964598666,155.3712050283087
6.921,1.507003803526394,154.89654847882747
6.922,1.5069081335532797,154.4240242771197
6.923,1.5068126855863042,153.95361556719308
6.924,1.5067174586163812,153.48530526140334
6.925,1.5066224515797777,153.01907604472103
6.926,1.5065276633583478,152.5549103790549
6.9270000000000005,1.506433092779779,152.09279050762893
6.928,1.5063387386178517,151.63269845941636
6.929,1.5062445995927125,151.17461605362539
6.93,1.5061506743711601,150.71852490423586
6.931,1.5060569615669452,150.2644064245903
6.932,1.5059634597410831,149.81224183203025
6.933,1.505870167402179,149.36201215258401
6.934,1.5057770830067645,148.91369822570135
6.9350000000000005,1.5056842049596528,148.4672807090323
6.936,1.5055915316142992,148.02274008325207
6.937,1.505499061273179,147.58005665692986
6.938,1.505406792188177,147.1392105714389
6.939,1.5053147225609897,146.70018180590688
6.94,1.5052228505435374,146.26295018220733
6.941,1.5051311742383942,145.8274953699895
6.942,1.5050396916992232,145.39379689174362
6.9430000000000005,1.5049484009312302,144.96183412790248
6.944,1.5048572998916245,144.53158632197784
6.945,1.5047663864900955,144.1030325857302
6.946,1.5046756585892982,143.67615190436908
6.947,1.5045851140053519,143.25092314178403
6.948,1.5044947505083501,142.82732504580517
6.949,1.5044045658228828,142.4053362534902
6.95,1.504314557628567,141.9849352964394
6.9510000000000005,1.504224723560593,141.56610060613392
6.952,1.5041350612102786,141.1488105192977
6.953,1.5040455681256344,140.73304328328226
6.954,1.5039562418119412,140.31877706147097
6.955,1.5038670797323397,139.90598993870486
6.956,1.503778079308423,139.49465992672327
6.957,1.503689237920852,139.0847649696223
6.958,1.5036005529099687,138.6762829493304
6.9590000000000005,1.5035120215764284,138.2691916910935
6.96,1.503423641181837,137.86346896897518
6.961,1.5033354089494002,137.4590925113682
6.962,1.503247322064583,137.0560400065121
6.963,1.5031593776757755,136.65428910802208
6.964,1.5030715728949713,136.25381744042363
6.965,1.502983904798456,135.8546026046894
6.966,1.502896370427498,135.45662218378456
6.9670000000000005,1.502808966789059,135.05985374821054
6.968,1.5027216908565018,134.6642748615513
6.969,1.5026345395703151,134.26986308601852
6.97,1.5025475098388434,133.87659598799425
6.971,1.5024605985390238,133.484451143571
6.972,1.5023738025171345,133.0934061440867
6.973,1.502287118589547,132.70343860165192
6.974,1.5022005435434882,132.31452615467185
6.9750000000000005,1.5021140741378116,131.9266464733574
6.976,1.5020277071037726,131.5397772652246
6.977,1.5019414391458121,131.1538962805849
6.978,1.5018552669423477,130.76898131801917
6.979,1.5017691871465708,130.38501022983968
6.98,1.5016831963872512,130.0019609275327
6.981,1.5015972912695477,129.619811387185
6.982,1.5015114683758237,129.23853965489263
6.9830000000000005,1.5014257242664706,128.85812385214717
6.984,1.5013400554807355,128.47854218119946
6.985,1.5012544585375558,128.09977293040427
6.986,1.5011689299363993,127.72179447953484
6.987,1.5010834661581056,127.34458530507625
6.988,1.5009980636657398,126.96812398548903
6.989,1.5009127189054428,126.59238920644243
6.99,1.5008274283072929,126.21735976602487
6.9910000000000005,1.5007421882861685,125.84301457991197
6.992,1.500656995242615,125.46933268651125
6.993,1.500571845563715,125.0962932520706
6.994,1.500486735623966,124.72387557574683
6.995,1.5004016617861566,124.3520590946447
6.996,1.500316620402251,123.98082338881224
6.997,1.5002316078142701,123.61014818619962
6.998,1.5001466203551839,123.24001336757847
6.9990000000000006,1.5000616543497984,122.8703989714167
7.0,1.4999767061156521,122.50128519871288
7.001,1.4998917719639075,122.13265241778379
7.002,1.4998068482002516,121.76448116901122
7.003,1.4997219311257932,121.39675216953609
7.004,1.499637017037966,121.02944631790915
7.005,1.4995521022314278,120.66254469869153
7.006,1.499467182998965,120.29602858700466
7.007000000000001,1.499382255632398,119.92987945302858
7.008,1.499297316423485,119.56407896644902
7.009,1.4992123616648279,119.19860900084927
7.01,1.4991273876507778,118.83345163804914
7.011,1.499042390678341,118.46858917238555
7.0120000000000005,1.4989573670480854,118.1040041149393
7.013,1.4988723130650452,117.73967919770055
7.014,1.4987872250396248,117.37559737767808
7.015000000000001,1.498702099288505,117.0117418409458
7.016,1.4986169321355438,116.64809600663108
7.017,1.4985317199126784,116.28464353083729
7.018,1.498446458960828,115.92136831050622
7.019,1.4983611456307875,115.55825448721532
7.0200000000000005,1.4982757762841283,115.19528645090908
7.021,1.498190347294091,114.83244884356415
7.022,1.4981048550464782,114.46972656279078
7.023000000000001,1.4980192959405432,114.1071047653599
7.024,1.4979336663898775,113.74456887066864
7.025,1.4978479628232946,113.38210456413087
7.026,1.4977621816857094,113.01969780049873
7.027,1.4976763194390172,112.65733480711401
7.0280000000000005,1.4975903725629671,112.29500208708635
7.029,1.4975043375560284,111.93268642239559
7.03,1.497418210936262,111.5703748769271
7.031000000000001,1.497331989242175,111.20805479942516
7.032,1.4972456690335831,110.8457138263758
7.033,1.4971592468924606,110.48333988481052
7.034,1.4970727194237858,110.12092119503652
7.035,1.4969860832563868,109.75844627328564
7.0360000000000005,1.496899335043775,109.39590393428871
7.037,1.4968124714649775,109.03328329376788
7.038,1.4967254892253625,108.67057377085256
7.039000000000001,1.4966383850574605,108.30776509041215
7.04,1.4965511557217743,107.94484728531197
7.041,1.4964637980075886,107.58181069858378
7.042,1.496376308733769,107.21864598551747
7.043,1.4962886847495578,106.8553441156703
7.0440000000000005,1.4962009229353583,106.49189637479134
7.045,1.4961130202035169,106.12829436666503
7.046,1.4960249734990931,105.76453001486917
7.047,1.4959367798006258,105.40059556445053
7.048,1.49584843612089,105.03648358351401
7.049,1.495759939507646,104.6721869647287
7.05,1.4956712870443813,104.30769892674608
7.051,1.4955824758510412,103.94301301553645
7.0520000000000005,1.4954935030847565,103.57812310563443
7.053,1.4954043659405565,103.21302340130228
7.054,1.4953150616520774,102.84770843760458
7.055,1.49522558749226,102.48217308139617
7.056,1.495135940774038,102.11641253222328
7.057,1.4950461188510187,101.75042232313767
7.058,1.494956119118151,101.3841983214216
7.059,1.4948659390123886,101.01773672922845
7.0600000000000005,1.494775576013338,100.65103408413077
7.061,1.4946850276438985,100.28408725958458
7.062,1.4945942914708965,99.91689346530316
7.063,1.494503365105701,99.54945024754403
7.064,1.4944122462048353,99.18175548930515
7.065,1.4943209324705753,98.81380741043779
7.066,1.4942294216515384,98.44560456766476
7.067,1.4941377115432597,98.07714585451538
7.0680000000000005,1.494045799988759,97.70843050117085
7.069,1.4939536848790949,97.33945807421884
7.07,1.4938613641539082,96.97022847632438
7.071,1.4937688358019547,96.60074194580852
7.072,1.4936760978616253,96.23099905614302
7.073,1.4935831484214541,95.86100071535232
7.074,1.4934899856206165,95.49074816533329
7.075,1.4933966076494112,95.12024298108497
7.0760000000000005,1.4933030127497358,94.74948706984904
7.077,1.493209199215545,94.37848267016669
7.078,1.4931151653932988,94.00723235084891
7.079,1.4930209096823992,93.63573900985669
7.08,1.4929264305356114,93.26400587309917
7.081,1.4928317264594735,92.89203649314251
7.082,1.4927367960146949,92.51983474783627
7.083,1.4926416378165404,92.14740483885322
7.0840000000000005,1.4925462505352014,91.7747512901436
7.085,1.4924506328961518,91.40187894630714
7.086,1.492354783680496,91.02879297087934
7.087,1.4922587017252984,90.65549884453524
7.088,1.492162385923902,90.28200236321062
7.089,1.4920658352262322,89.90830963614012
7.09,1.4919690486390897,89.53442708381178
7.091,1.4918720252264244,89.1603614358451
7.0920000000000005,1.4917747641096042,88.78611972878198
7.093,1.4916772644676584,88.4117093038023
7.094,1.491579525537519,88.0371378043568
7.095,1.491481546614239,87.66241317372433
7.096,1.4913833270512027,87.28754365248561
7.097,1.4912848662603175,86.91253777592406
7.098,1.4911861637121964,86.53740437134708
7.099,1.4910872189363196,86.16215255533191
7.1000000000000005,1.4909880315211903,85.78679173089441
7.101,1.4908886011144686,85.41133158458544
7.102,1.4907889274230952,85.03578208351091
7.103,1.4906890102133996,84.660153472279
7.104,1.490588849311195,84.28445626987636
7.105,1.4904884446018571,83.908701266469
7.106,1.4903877960303897,83.53289952013654
7.107,1.490286903601474,83.15706235353387
7.1080000000000005,1.4901857673795083,82.78120135048331
7.109,1.4900843874886254,82.40532835249986
7.11,1.4899827641127026,82.02945545524904
7.111,1.489880897495354,81.65359500493638
7.112,1.489778787939907,81.27775959463341
7.113,1.4896764358093688,80.90196206053929
7.114,1.4895738415263726,80.52621547817506
7.115,1.489471005573114,80.15053315852143
7.1160000000000005,1.4893679284912693,79.77492864408906
7.117,1.4892646108819032,79.39941570493113
7.118,1.4891610534053576,79.0240083345985
7.119,1.489057256781129,78.64872074603
7.12,1.4889532217877308,78.27356736739196
7.121,1.4888489492625407,77.89856283785753
7.122,1.4887444401016323,77.5237220033307
7.123,1.4886396952595968,77.14905991212117
7.1240000000000006,1.4885347157493456,76.77459181055713
7.125,1.4884295026418992,76.4003331385541
7.126,1.488324057066166,76.02629952513098
7.127,1.488218380208701,75.65250678387329
7.128,1.4881124733134554,75.27897090835255
7.129,1.4880063376815096,74.90570806749552
7.13,1.4878999746707897,74.53273460090836
7.131,1.4877933856957775,74.16006701415625
7.132000000000001,1.487686572227197,73.78772197399942
7.133,1.4875795357916957,73.41571630358516
7.134,1.4874722779715057,73.04406697760228
7.135,1.4873648004040938,72.67279111739172
7.136,1.4872571047818,72.30190598602167
7.1370000000000005,1.487149192851456,71.93142898332479
7.138,1.4870410664139992,71.56137764089584
7.139,1.486932727324064,71.19176961706356
7.140000000000001,1.4868241774895674,70.82262269181669
7.141,1.486715418871276,70.45395476170802
7.142,1.4866064534823635,70.08578383472567
7.143,1.486497283387953,69.71812802512946
7.144,1.486387910704647,69.3510055482666
7.1450000000000005,1.4862783376000448,68.98443471535545
7.146,1.4861685662922481,68.6184339282463
7.147,1.48605859904935,68.25302167415819
7.148000000000001,1.4859484381889179,67.88821652039084
7.149,1.4858380860774583,67.52403710901865
7.15,1.4857275451298717,67.16050215156176
7.151,1.4856168178088978,66.79763042364016
7.152,1.4855059066245422,66.43544075961084
7.1530000000000005,1.4853948141334983,66.07395204718787
7.154,1.4852835429385534,65.71318322204934
7.155,1.4851720956879835,65.35315326243143
7.156000000000001,1.485060475074939,64.99388118370969
7.157,1.4849486838368149,64.63538603297052
7.158,1.4848367247546155,64.27768688357622
7.159,1.4847246006523014,63.92080282971796
7.16,1.4846123143961327,63.56475298096889
7.1610000000000005,1.4844998688939954,63.209556456826235
7.162,1.4843872670947205,62.85523238125606
7.163,1.4842745119873908,62.50179987723294
7.164000000000001,1.4841616066006424,62.149278061279944
7.165,1.4840485540019477,61.79768603801061
7.166,1.483935357296894,61.44704289467356
7.167,1.4838220196284557,61.09736769569869
7.168,1.4837085441762465,60.74867947725366
7.1690000000000005,1.4835949341557721,60.40099724180034
7.17,1.4834811928176703,60.05433995266711
7.171,1.4833673234469382,59.70872652862437
7.172,1.4832533293621584,59.36417583847552
7.173,1.4831392139147086,59.02070669565674
7.174,1.4830249804879685,58.6783378528545
7.175,1.4829106324965144,58.33708799663512
7.176,1.482796173385308,57.99697574209169
7.1770000000000005,1.482681606628878,57.65801962751229
7.178,1.4825669357304907,57.320238109060355
7.179,1.4824521642213149,56.98364955548483
7.18,1.482337295659582,56.648272242845835
7.181,1.4822223336297327,56.3141243492648
7.182,1.4821072817415635,55.98122394970471
7.183,1.4819921436293635,55.64958901076861
7.184,1.4818769229510407,55.319237385532006
7.1850000000000005,1.4817616233872521,54.99018680840203
7.186,1.4816462486405158,54.66245489000579
7.187,1.4815308024343259,54.336059112112935
7.188,1.4814152885122576,54.0110168225888
7.189,1.481299710637069,53.687345230382476
7.19,1.4811840725897947,53.36506140055231
7.191,1.4810683781688376,53.04418224932485
7.192,1.4809526311890524,52.72472453919434
7.1930000000000005,1.4808368354808297,52.406704874062584
7.194,1.48072099488917,52.09013969441597
7.195,1.4806051132727551,51.775045272546876
7.196,1.4804891945030194,51.461437707819655
7.197,1.4803732424632114,51.14933292197668
7.198,1.4802572610474576,50.83874665449474
7.199,1.4801412541598167,50.5296944579851
7.2,1.4800252257133382,50.22219169364334
7.2010000000000005,1.4799091796291106,49.91625352674731
7.202,1.4797931198353138,49.61189492220656
7.203,1.4796770502662624,49.30913064016268
7.204,1.4795609748614542,49.007975231642604
7.205,1.4794448975646104,48.70844303426483
7.206,1.4793288223227166,48.41054816800377
7.207,1.4792127530850645,48.11430453100512
7.208,1.4790966938022871,47.81972579546425
7.209,1.4789806484254,47.526825403556956
7.21,1.4788646209048335,47.23561656343455
7.211,1.4787486151894729,46.94611224527722
7.212,1.4786326352256909,46.65832517740779
7.213,1.4785166849563856,46.37226784246907
7.214,1.4784007683200144,46.08795247366652
7.215,1.4782848892496332,45.80539105107054
7.216,1.47816905167193,45.52459529798969
7.217,1.4780532595062643,45.24557667740572
7.218,1.4779375166637054,44.96834638847818
7.219,1.4778218270460748,44.692915363118715
7.22,1.4777061945449836,44.41929426262955
7.221,1.4775906230408806,44.14749347441605
7.222,1.477475116402095,43.877523108771086
7.223,1.4773596784838852,43.60939299572607
7.224,1.4772443131274893,43.343112681980614
7.225,1.477129024159179,43.078691427898605
7.226,1.477013815389313,42.816138204587446
7.227,1.4768986906113994,42.555461691041245
7.228,1.4767836536011572,42.29667027137086
7.229,1.4766687081155812,42.039772032100245
7.23,1.4765538578920143,41.784774759549066
7.231,1.4764391066472218,41.531685937285204
7.232,1.4763244580764683,41.280512743661006
7.233,1.4762099158526012,41.03126204942612
7.234,1.4760954836251419,40.78394041542157
7.235,1.4759811650193748,40.538554090353074
7.236,1.475866963635447,40.29510900864662
7.237,1.4757528830474733,40.05361078838254
7.238,1.475638926802644,39.81406472931701
7.239,1.4755250984203405,39.576475810981265
7.24,1.475411401391258,39.340848690866295
7.241,1.4752978391765312,39.10718770269065
7.242,1.475184415206871,38.87549685475247
7.243,1.475071132881703,38.64577982836701
7.244,1.474957995568317,38.41803997638635
7.245,1.4748450066010237,38.19228032180749
7.246,1.4747321692803135,37.968503556465635
7.247,1.4746194868720308,37.746712039811655
7.248,1.4745069626065492,37.52690779777879
7.249,1.47439459967796,37.30909252173373
7.25,1.4742824012432634,37.09326756751585
7.251,1.4741703704215743,36.87943395456455
7.252,1.4740585102933321,36.667592365133544
7.253,1.473946823899521,36.45774314359019
7.254,1.4738353142408998,36.249886295809745
7.255,1.473723984277239,36.044021488649804
7.256,1.4736128369265697,35.84014804951806
7.257000000000001,1.4735018750644417,35.638264966029226
7.258,1.4733911015231882,35.438370885745286
7.259,1.4732805190912053,35.24046411600986
7.26,1.4731701305122369,35.04454262387054
7.261,1.4730599384846763,34.850604036084405
7.262,1.4729499456608688,34.65864563922253
7.263,1.4728401546464345,34.468664379853124
7.264,1.472730567999597,34.28065686481955
7.265000000000001,1.4726211882305231,34.094619361606306
7.266,1.4725120178006754,33.91054779879079
7.267,1.4724030591221746,33.72843776658817
7.268,1.4722943145571756,33.5482845174804
7.269,1.472185786417252,33.37008296693537
7.27,1.4720774769627956,33.19382769421668
7.271,1.4719693884024263,33.01951294327665
7.272,1.4718615228924135,32.847132623740976
7.273000000000001,1.4717538825361116,32.67668031197809
7.274,1.471646469383407,32.508149252258505
7.275,1.471539285430177,32.34153235800085
7.276,1.4714323326177623,32.17682221310142
7.277,1.4713256128324521,32.0140110733532
7.278,1.4712191279049824,31.853090867952005
7.279,1.4711128796100474,31.694053201084586
7.28,1.4710068696658227,31.536889353604494
7.281000000000001,1.4709010997335055,31.38159028479373
7.282,1.470795571416862,31.228146634205586
7.283,1.4706902862617977,31.076548723595664
7.284,1.470585245755931,30.926786558932378
7.285,1.4704804513281888,30.778849832493933
7.286,1.4703759043484115,30.632727925046055
7.287,1.4702716061269738,30.48840990810166
7.288,1.4701675579144198,30.34588454626393
7.289000000000001,1.470063760901111,30.20514029964596
7.29,1.4699602162168897,30.06616532637713
7.291,1.4698569249307587,29.92894748518316
7.292,1.4697538880505696,29.79347433804827
7.293,1.4696511065227336,29.65973315295389
7.294,1.4695485812319395,29.52771090669944
7.295,1.4694463130008932,29.39739428779251
7.296,1.4693443025900663,29.26876969942316
7.297,1.4692425506974638,29.141823262507586
7.298,1.4691410579584043,29.01654081881088
7.299,1.4690398249453165,28.892907934141135
7.3,1.4689388521675495,28.77090990161838
7.301,1.4688381400712012,28.650531745012614
7.302,1.468737689038958,28.53175822215988
7.303,1.468637499389952,28.41457382844024
7.304,1.4685375713796336,28.29896280033421
7.305,1.4684379051996608,28.184909119041407
7.306,1.4683385009777978,28.072396514170464
7.307,1.4682393587778377,27.96140846749597
7.308,1.468140478599534,27.851928216780067
7.309,1.4680418603785517,27.74393875965896
7.31,1.4679435039864304,27.6374228575973
7.311,1.4678454092305655,27.532363039900247
7.312,1.4677475758542056,27.428741607791352
7.313,1.4676500035364612,27.32654063855051
7.314,1.4675526918923345,27.225741989712304
7.315,1.4674556404727601,27.126327303322
7.316,1.4673588487646667,27.028278010251682
7.317,1.4672623161910463,26.93157533457051
7.318,1.4671660421110473,26.836200297973846
7.319,1.4670700258200784,26.742133724263795
7.32,1.4669742665499295,26.64935624388474
7.321,1.4668787634689062,26.557848298512738
7.322,1.4667835156819857,26.46759014569244
7.323,1.4666885222309787,26.378561863526386
7.324,1.4665937820947161,26.290743355413355
7.325,1.466499294189246,26.204114354831972
7.326,1.4664050573680454,26.118654430174132
7.327,1.4663110704222515,26.034342989620114
7.328,1.4662173320809055,25.95115928605884
7.329,1.4661238410112107,25.869082422051576
7.33,1.4660305958188087,25.788091354836467
7.331,1.4659375950480673,25.7081649013721
7.332,1.465844837182388,25.62928174342113
7.333,1.4657523206445238,25.55142043267074
7.334,1.4656600437969156,25.474559395889656
7.335,1.465568004942041,25.3986769401198
7.336,1.4654762023227805,25.323751257902217
7.337,1.465384634122795,25.2497604325321
7.338,1.465293298466921,25.176682443349932
7.339,1.46520219342158,25.104495171057522
7.34,1.4651113169952013,25.033176403064374
7.341,1.4650206671386574,24.96270383885954
7.342,1.4649302417457213,24.893055095411484
7.343,1.4648400386535267,24.824207712587764
7.344,1.4647500556430528,24.756139158601513
7.345,1.4646602904396167,24.688826835476334
7.346,1.4645707407133812,24.622248084532288
7.347,1.4644814040798793,24.55638019188956
7.348,1.464392278100547,24.49120039399105
7.349,1.4643033602832745,24.42668588313569
7.35,1.4642146480829685,24.362813813033426
7.351,1.4641261389021283,24.29956130436517
7.352,1.4640378300914358,24.236905450361007
7.353,1.4639497189503563,24.17482332238066
7.354,1.4638618027277548,24.113291975510776
7.355,1.4637740786225237,24.052288454162436
7.356,1.4636865437842252,23.991789797678308
7.357,1.463599195313741,23.93177304594019
7.358,1.4635120302639406,23.87221524498483
7.359,1.4634250456403588,23.813093452614225
7.36,1.4633382384018843,23.75438474401102
7.361,1.463251605461463,23.6960662173492
7.362,1.4631651436868094,23.638114999402802
7.363,1.463078849901134,23.58050825115103
7.364,1.4629927208838767,23.52322317337473
7.365,1.462906753371457,23.466237012246637
7.366,1.4628209440580338,23.409527064914585
7.367,1.462735289596268,23.35307068507123
7.368,1.4626497865981125,23.296845288514078
7.369,1.462564431635596,23.24082835869143
7.37,1.4624792212416264,23.184997452233347
7.371,1.4623941519108028,23.129330204468005
7.372,1.4623092201002348,23.073804334918293
7.373,1.4622244222303755,23.018397652781175
7.374,1.4621397546858623,22.96308806238656
7.375,1.462055213816364,22.907853568632618
7.376,1.461970795937444,22.852672282400135
7.377,1.4618864973314256,22.797522425941366
7.378,1.4618023142482708,22.742382338241697
7.379,1.4617182429064637,22.68723048035548
7.38,1.4616342794939081,22.632045440714023
7.381,1.4615504201688256,22.57680594039789
7.382000000000001,1.46146666106067,22.521490838386285
7.383,1.4613829982710398,22.46607913676533
7.384,1.4612994278746096,22.41054998590687
7.385,1.4612159459200575,22.354882689611088
7.386,1.4611325484310103,22.299056710209697
7.387,1.461049231406985,22.24305167363346
7.388,1.4609659908243444,22.18684737443823
7.389,1.4608828226372583,22.130423780792057
7.390000000000001,1.4607997227786675,22.073761039418088
7.391,1.4607166871612565,22.016839480494525
7.392,1.4606337116784307,21.959639622509798
7.393,1.4605507922053003,21.90214217707242
7.394,1.4604679245996688,21.844328053672086
7.395,1.460385104703026,21.786178364392498
7.396,1.4603023283415468,21.727674428575767
7.397,1.4602195913270937,21.66879777743324
7.398000000000001,1.4601368894582238,21.609530158606248
7.399,1.4600542185212027,21.54985354067182
7.4,1.4599715742910144,21.489750117595293
7.401,1.4598889525323866,21.42920231312459
7.402,1.4598063490008075,21.36819278513076
7.403,1.459723759443554,21.306704429886793
7.404,1.4596411796007194,21.244720386290936
7.405,1.4595586052062428,21.18222404002438
7.406000000000001,1.4594760319889448,21.11919902765493
7.407,1.4593934556735608,21.05562924066959
7.408,1.4593108719817778,20.991498829450535
7.409,1.4592282766332771,20.926792207181933
7.41,1.4591456653467691,20.861494053692326
7.411,1.4590630338410384,20.795589319231624
7.412,1.4589803778359853,20.729063228178404
7.413,1.458897693053668,20.66190128267732
7.414000000000001,1.4588149752193467,20.594089266212052
7.415,1.4587322200625268,20.52561324710078
7.416,1.4586494233180018,20.45645958192503
7.417,1.4585665807268973,20.38661491888263
7.418,1.4584836880377117,20.31606620106976
7.419,1.4584007410073596,20.244800669687294
7.42,1.4583177354022108,20.17280586717183
7.421,1.4582346669991293,20.100069640250723
7.422000000000001,1.4581515315865121,20.026580142921375
7.423,1.458068324965322,19.95232583935106
7.424,1.4579850429501238,19.87729550669974
7.425,1.4579016813701138,19.801478237861403
7.426,1.457818236070147,19.724863444129312
7.427,1.4577347029117658,19.647440857776672
7.428,1.4576510777742184,19.569200534557382
7.429,1.4575673565554805,19.49013285612432
7.43,1.4574835351732693,19.410228532367427
7.431,1.4573996095660553,19.329478603662125
7.432,1.457315575694069,19.247874443041212
7.433,1.457231429540305,19.16540775827599
7.434,1.4571471671115193,19.082070593876722
7.435,1.457062784439222,18.997855333002974
7.436,1.4569782775806674,18.91275469929161
7.437,1.4568936426198362,18.82676175859433
7.438,1.4568088756684108,18.739869920632287
7.439,1.4567239728667498,18.65207294055682
7.44,1.4566389303848528,18.563364920428285
7.441,1.456553744423317,18.473740310601414
7.442,1.4564684112142934,18.383193911023852
7.443,1.4563829270224287,18.291720872444643
7.444,1.4562972881458078,18.199316697533447
7.445,1.4562114909168824,18.105977241907112
7.446,1.4561255317033968,18.011698715070196
7.447,1.4560394069093021,17.91647768126043
7.448,1.4559531129756673,17.82031106020446
7.449,1.4558666463815766,17.723196127784178
7.45,1.4557800036450235,17.625130516608806
7.451,1.4556931813237926,17.526112216496017
7.452,1.4556061760163326,17.426139574862276
7.453,1.4555189843626255,17.32521129702036
7.454,1.4554316030450394,17.22332644638459
7.455,1.4553440287891748,17.120484444582274
7.456,1.4552562583647024,17.016685071476616
7.457,1.4551682885861907,16.91192846509452
7.458,1.4550801163139202,16.806215121460156
7.459,1.4549917384546933,16.6995458943407
7.46,1.454903151962627,16.591921994896353
7.461,1.4548143538399385,16.48334499123723
7.462,1.4547253411377228,16.3738168078915
7.463,1.454636110956709,16.26333972517773
7.464,1.4545466604480197,16.15191637848733
7.465,1.4544569868139061,16.039549757472514
7.466,1.454367087308478,15.926243205145397
7.467,1.45427695923842,15.812000416882938
7.468,1.4541865999636976,15.696825439342064
7.469,1.4540960068982474,15.580722669281442
7.47,1.4540051775106584,15.463696852295357
7.471,1.4539141093248378,15.34575308145341
7.472,1.4538227999206677,15.226896795851701
7.473,1.4537312469346446,15.107133779074843
7.474,1.4536394480605093,14.98647015756464
7.475,1.4535474010498586,14.864912398903414
7.476,1.4534551037127525,14.742467310005594
7.477,1.453362553918298,14.619142035221074
7.478,1.453269749595225,14.494944054352061
7.479,1.4531766887324458,14.369881180579739
7.48,1.4530833693796037,14.243961558305614
7.481,1.452989789647601,14.117193660905002
7.482,1.4528959477091214,13.989586288394833
7.483,1.4528018417991306,13.86114856501564
7.484,1.452707470215366,13.73188993672855
7.485,1.4526128313188091,13.601820168626176
7.486,1.452517923534148,13.470949342263907
7.487,1.4524227453502179,13.33928785290226
7.488,1.4523272953204318,13.206846406671474
7.489,1.4522315720631942,13.07363601765121
7.49,1.4521355742622997,12.939668004869048
7.491,1.452039300667315,12.804953989222042
7.492,1.4519427500939481,12.669505890313843
7.493,1.4518459214243966,12.533335923214082
7.494,1.4517488136076888,12.396456595143889
7.495,1.4516514256599986,12.258880702076453
7.496,1.4515537566649526,12.120621325267763
7.497,1.451455805773918,11.981691827708033
7.498,1.4513575722062733,11.842105850497916
7.499,1.4512590552496654,11.70187730915427
7.5,1.4511602542602486,11.561020389838916
7.501,1.4510611686629067,11.419549545516645
7.502,1.4509617979514617,11.277479492044364
7.503,1.4508621416888627,11.13482520418475
7.504,1.4507621995073585,10.991601911556046
7.505,1.4506619711086572,10.84782509451054
7.506,1.4505614562640652,10.703510479946914
7.507000000000001,1.450460654814609,10.558674037055539
7.508,1.4503595666711464,10.41333197299997
7.509,1.4502581918144528,10.267500728531076
7.51,1.4501565302952957,10.121196973544784
7.511,1.4500545822344908,9.974437602570049
7.512,1.4499523478229428,9.827239730200745
7.513,1.4498498273216665,9.679620686468354
7.514,1.4497470210617922,9.531598012152728
7.515000000000001,1.4496439294445551,9.383189454038472
7.516,1.4495405529412677,9.2344129601141
7.517,1.4494368920932719,9.085286674716798
7.518,1.4493329475118792,8.935828933622787
7.519,1.4492287198782912,8.78605825908474
7.52,1.4491242099435002,8.63599335482013
7.521,1.4490194185281804,8.485653100946394
7.522,1.4489143465225538,8.33505654887145
7.523000000000001,1.4488089948862457,8.184222916131773
7.524,1.4487033646481178,8.033171581189208
7.525,1.44859745690609,7.8819220781790875
7.526,1.4484912728269397,7.7304940916179135
7.527,1.4483848136460895,7.578907451065987
7.528,1.448278080667373,7.427182125752466
7.529,1.4481710752627879,7.275338219156936
7.53,1.4480637988722305,7.123395963556817
7.531000000000001,1.4479562530032135,6.971375714535043
7.532,1.4478484392305684,6.819297945455389
7.533,1.4477403591961284,6.667183241899551
7.534,1.4476320146083985,6.515052296076732
7.535,1.4475234072422063,6.362925901197627
7.536,1.4474145389383395,6.210824945822225
7.537,1.4473054116031616,6.0587704081768265
7.538,1.4471960272082187,5.906783350445494
7.539000000000001,1.4470863877898223,5.754884913036079
7.54,1.4469764954486237,5.603096308822472
7.541,1.4468663523491665,5.451438817362259
7.542,1.4467559607194258,5.299933779098382
7.543,1.4466453228503307,5.1486025895352725
7.544,1.4465344410952732,4.997466693401265
7.545,1.4464233178695982,4.8465475787930075
7.546,1.4463119556500794,4.695866771304651
7.547000000000001,1.4462003569743827,4.54544582814367
7.548,1.4460885244405086,4.395306332236174
7.549,1.445976460706224,4.245469886317693
7.55,1.4458641684884785,4.0959581070204365
7.551,1.4457516505628016,3.9467926189483364
7.552,1.445638909762693,3.797995048749982
7.553,1.4455259489789887,3.64958701918232
7.554,1.4454127711592213,3.5015901431777365
7.555,1.4452993793069608,3.354026017903635
7.556,1.4451857764811413,3.206916218826649
7.557,1.4450719657953772,3.060282293775316
7.558,1.4449579504172612,2.914145757008953
7.559,1.4448437335676514,2.768528083288288
7.56,1.4447293185199428,2.623450701955221
7.561,1.4446147085993286,2.478934991017468
7.562,1.444499907182044,2.335002271244747
7.563,1.4443849176945995,2.1916738002753675
7.564,1.4442697436130008,2.048970766734442
7.565,1.4441543884619554,1.9069142843657119
7.566,1.4440388558140682,1.7655253861815936
7.567,1.4439231492890217,1.6248250186256143
7.568,1.443807272552748,1.4848340357574727
7.569,1.4436912293165838,1.3455731934558344
7.57,1.4435750233364195,1.2070631436428414
7.571,1.443458658411831,1.0693244285320702
7.572,1.4433421383852023,0.9323774749009033
7.573,1.4432254671408404,0.7962425883879973
7.574,1.4431086486040714,0.6609399478203386
7.575,1.4429916867403343,0.5264895995659913
7.576,1.4428745855542557,0.3929114519200425
7.577,1.4427573490887227,0.2602252695221807
7.578,1.4426399814239383,0.12845066780505476
7.579,1.4425224866764708,-0.002392892519395673
7.58,1.4424048689982931,-0.13228611093907716
7.581,1.4422871325758104,-0.2612098525839315
7.582,1.4421692816288803,-0.3891451536253214
7.583,1.4420513204098249,-0.516073226640458
7.584,1.4419332532024307,-0.6419754659301304
7.585,1.4418150843209419,-0.766833452795737
7.586,1.4416968181090464,-0.8906289607708118
7.587,1.4415784589388505,-1.0133439608048604
7.588,1.4414600112098501,-1.1349606264040517
7.589,1.4413414793478874,-1.2554613387178506
7.59,1.4412228678041092,-1.3748286915783297
7.591,1.4411041810539091,-1.4930454964890885
7.592,1.4409854235958692,-1.610094787556477
7.593,1.440866599950692,-1.7259598263736962
7.594,1.4407477146601253,-1.8406241068427107
7.595,1.440628772285884,-1.9540713599431
7.596,1.4405097774085616,-2.066285558442871
7.597,1.4403907346265412,-2.1772509215488753
7.598,1.440271648554896,-2.286951919495067
7.599,1.4401525238242874,-2.3953732780746577
7.6,1.4400333650798578,-2.502499983101842
7.601,1.4399141769801185,-2.6083172848154277
7.602,1.4397949641958334,-2.7128107022136874
7.603,1.4396757314088984,-2.8159660273238956
7.604,1.4395564833112149,-2.9177693294042797
7.605,1.4394372246035654,-3.018206959076849
7.606,1.4393179599944783,-3.117265552389739
7.607,1.439198694199097,-3.2149320348092374
7.608,1.4390794319380387,-3.311193625139367
7.609,1.4389601779362573,-3.4060378393695885
7.61,1.4388409369219,-3.4994524944446255
7.611,1.438721713625163,-3.5914257119637796
7.612,1.4386025127771473,-3.6819459217997803
7.613,1.438483339108709,-3.7710018656437967
7.614,1.4383641973493126,-3.858582600467912
7.615,1.43824509222588,-3.9446775019136453
7.616,1.4381260284616426,-4.029276267595634
7.617,1.4380070107749892,-4.112368920327015
7.618,1.4378880438783161,-4.193945811261926
7.619,1.4377691324768764,-4.273997622954511
7.62,1.437650281267632,-4.352515372334835
7.621,1.4375314949381024,-4.429490413601627
7.622,1.437412778165218,-4.504914441025505
7.623,1.4372941356141733,-4.578779491671355
7.624,1.4371755719372805,-4.6510779480295525
7.625,1.4370570917728305,-4.721802540561043
7.626,1.4369386997439455,-4.790946350154684
7.627,1.4368204004574463,-4.8585028104940875
7.628,1.436702198502713,-4.924465710334573
7.629,1.436584098450553,-4.988829195692915
7.63,1.4364661048520715,-5.051587771938472
7.631,1.4363482222375448,-5.112736305802457
7.632000000000001,1.4362304551152991,-5.172270027286061
7.633,1.43611280797059,-5.2301845314809725
7.634,1.4359952852644908,-5.2864757802943245
7.635,1.4358778914327834,-5.341140104079443
7.636,1.4357606308848507,-5.3941742031730655
7.637,1.435643508002581,-5.445575149337941
7.638,1.4355265271392712,-5.495340387106552
7.639,1.4354096926185416,-5.543467735034625
7.640000000000001,1.4352930087332503,-5.589955386852864
7.641,1.435176479744421,-5.6348019125252335
7.642,1.4350601098801696,-5.678006259209269
7.643,1.4349439033346452,-5.719567752118763
7.644,1.434827864266972,-5.759486095289191
7.645,1.4347119968002013,-5.797761372244793
7.646,1.434596305020272,-5.834394046567041
7.647,1.4344807929749748,-5.869384962366723
7.648000000000001,1.434365464672931,-5.902735344653706
7.649,1.4342503240825724,-5.934446799611237
7.65,1.4341353751311359,-5.964521314769314
7.651,1.4340206217036608,-5.992961259078612
7.652,1.4339060676420032,-6.019769382887631
7.653,1.433791716743851,-6.044948817817669
7.654,1.433677572761755,-6.0685030765377235
7.655,1.4335636394021656,-6.090436052445227
7.656000000000001,1.4334499203244826,-6.110752019239328
7.657,1.433336419140115,-6.129455630402617
7.658,1.433223139411547,-6.146551918577444
7.659,1.433110084651422,-6.162046294845965
7.66,1.4329972583216297,-6.175944547910035
7.661,1.432884663832412,-6.188252843172052
7.662,1.432772304541475,-6.198977721715806
7.663,1.4326601837531143,-6.208126099191446
7.664000000000001,1.432548304717353,-6.2157052645968065
7.665,1.4324366706290903,-6.2217228789660055
7.666,1.4323252846272643,-6.22618697395481
7.667,1.4322141497940262,-6.229105950330734
7.668,1.4321032691539257,-6.2304885763661275
7.669,1.4319926456731134,-6.230343986131743
7.67,1.431882282258553,-6.2286816776931175
7.671,1.4317721817572482,-6.225511511215046
7.672000000000001,1.4316623469554812,-6.220843706961659
7.673,1.43155278057807,-6.214688843210183
7.674,1.4314434852876332,-6.207057854059542
7.675,1.4313344636838738,-6.197962027153579
7.676,1.431225718302876,-6.187413001301678
7.677,1.4311172516164146,-6.175422764012012
7.678,1.4310090660312815,-6.162003648924781
7.679,1.4309011638886282,-6.147168333161204
7.68,1.430793547463317,-6.130929834570367
7.681,1.4306862189632978,-6.113301508893727
7.682,1.4305791805289891,-6.094297046832139
7.683,1.4304724342326833,-6.073930471025108
7.684,1.430365982077963,-6.052216132941169
7.685,1.4302598259991353,-6.029168709678856
7.686,1.4301539678606803,-6.004803200676321
7.687,1.4300484094567187,-5.979134924340002
7.688,1.4299431525104922,-5.952179514580308
7.689,1.4298381986738624,-5.923952917264984
7.69,1.4297335495268282,-5.894471386587128
7.691,1.4296292065770544,-5.863751481346924
7.692,1.4295251712594235,-5.831810061153476
7.693,1.4294214449356002,-5.798664282541864
7.694,1.429318028893615,-5.76433159500678
7.695,1.4292149243474643,-5.72882973696278
7.696,1.429112132436729,-5.69217673161549
7.697,1.4290096542262078,-5.654390882761106
7.698,1.4289074907055723,-5.615490770506256
7.699,1.4288056427890368,-5.57549524690927
7.7,1.4287041113150447,-5.534423431548873
7.701,1.428602897045978,-5.492294707016697
7.702,1.4285020006678795,-5.449128714335529
7.703,1.4284014227901942,-5.404945348308473
7.704,1.4283011639455336,-5.359764752792557
7.705,1.4282012245894493,-5.31360731590442
7.706,1.4281016051002338,-5.266493665159004
7.707,1.4280023057787337,-5.218444662535717
7.708,1.4279033268481856,-5.169481399482493
7.709,1.4278046684540664,-5.119625191852435
7.71,1.4277063306639641,-5.068897574775093
7.711,1.4276083134674695,-5.017320297468615
7.712,1.4275106167760823,-4.964915317985316
7.713,1.4274132404231386,-4.91170479790236
7.714,1.4273161841637574,-4.85771109694781
7.715,1.4272194476748017,-4.802956767572596
7.716,1.4271230305548663,-4.747464549465803
7.717,1.4270269323242772,-4.691257364013666
7.718,1.426931152425112,-4.634358308703895
7.719,1.4268356902212407,-4.576790651481957
7.72,1.426740544998384,-4.518577825049704
7.721,1.4266457159641919,-4.459743421122482
7.722,1.426551202248337,-4.400311184630596
7.723,1.4264570029026344,-4.3403050078781575
7.724,1.4263631169011721,-4.279748924656559
7.725,1.4262695431404646,-4.218667104313738
7.726,1.4261762804396272,-4.157083845778573
7.727,1.4260833275405647,-4.095023571549831
7.728,1.4259906831081808,-4.032510821639136
7.729,1.4258983457306078,-3.9695702474825794
7.73,1.4258063139194537,-3.9062266058116393
7.731,1.4257145861100666,-3.8425047524899014
7.732,1.4256231606618213,-3.7784296363183785
7.733,1.425532035858421,-3.7140262928086827
7.734,1.4254412099082194,-3.6493198379226612
7.735,1.4253506809445613,-3.5843354617890384
7.736,1.4252604470261412,-3.5190984223873443
7.737,1.4251705061373816,-3.453634039212943
7.738,1.425080856188826,-3.3879676869096045
7.739,1.4249914950175553,-3.322124788889681
7.74,1.4249024203876195,-3.2561308109248728
7.741,1.4248136299904854,-3.190011254724652
7.742,1.4247251214455072,-3.1237916514915014
7.743,1.424636892300412,-3.057497555466881
7.744,1.4245489400318034,-2.991154537456282
7.745,1.424461262045684,-2.9247881783481944
7.746,1.4243738556779912,-2.858424062616308
7.747,1.4242867181951597,-2.792087771816682
7.748,1.4241998467946915,-2.725804878075877
7.749,1.424113238605748,-2.6596009375748224
7.75,1.4240268906897595,-2.593501484023591
7.751,1.4239408000410516,-2.527532022140832
7.752,1.4238549635874858,-2.46171802112616
7.753,1.4237693781911192,-2.3960849081363733
7.754,1.4236840406488838,-2.3306580617634154
7.755,1.4235989476932744,-2.265462805516904
7.756,1.4235140959930608,-2.20052440131127
7.757000000000001,1.423429482154011,-2.1358680429626418
7.758,1.4233451027196347,-2.071518849690392
7.759,1.4232609541719377,-2.007501859635994
7.76,1.4231770329321967,-1.9438420233882994
7.761,1.4230933353617468,-1.8805641975264393
7.762,1.4230098577627852,-1.8176931381777024
7.763,1.4229265963791915,-1.7552534945924663
7.764,1.4228435473973604,-1.6932698027369781
7.765000000000001,1.422760706947051,-1.6317664789136188
7.766,1.42267807110225,-1.5707678133906313
7.767,1.4225956358820522,-1.5102979640714977
7.768,1.4225133972515493,-1.4503809501778449
7.769,1.422431351122739,-1.3910406459648357
7.77,1.4223494933554455,-1.3323007744670008
7.771,1.4222678197582517,-1.2741849012708144
7.772,1.4221863260894487,-1.2167164283222576
7.773000000000001,1.4221050080579964,-1.1599185877690275
7.774,1.422023861324497,-1.1038144358327031
7.775,1.421942881502182,-1.048426846728006
7.776,1.4218620641579116,-0.9937785066099991
7.777,1.4217814048131876,-0.9398919075688923
7.778,1.4217008989451767,-0.8867893416648656
7.779,1.421620541987746,-0.8344928950042743
7.78,1.4215403293325122,-0.783024441863887
7.781000000000001,1.4214602563299001,-0.7324056388613371
7.782,1.4213803182902132,-0.6826579191692019
7.783,1.4213005104847147,-0.6338024867872605
7.784,1.4212208281467213,-0.5858603108567308
7.785,1.4211412664727048,-0.5388521200352159
7.786,1.4210618206234051,-0.49279839691968164
7.787,1.4209824857249538,-0.4477193725287236
7.788,1.4209032568700077,-0.40363502084025527
7.789000000000001,1.4208241291188897,-0.3605650533916105
7.79,1.4207450975007412,-0.3185289139316865
7.791,1.4206661570146832,-0.2775457731442543
7.792,1.4205873026309843,-0.23763452342723212
7.793,1.4205085292922388,-0.19881377373954479
7.794,1.420429831914554,-0.16110184451332543
7.795,1.4203512053887417,-0.12451676263160039
7.796,1.4202726445815217,-0.08907625647771056
7.797000000000001,1.4201941443367285,-0.05479775105223439
7.798,1.4201156994765285,-0.021698363159174505
7.799,1.4200373048026427,0.01020510332901381
7.8,1.4199589550975749,0.04089616213963154
7.801,1.4198806451258466,0.07035864918719881
7.802,1.4198023696352406,0.09857672708989185
7.803,1.4197241233580444,0.12553488960270442
7.804,1.4196459010123055,0.15121796597736648
7.805000000000001,1.4195676973030869,0.17561112523546285
7.806,1.4194895069237288,0.19869988036990094
7.807,1.4194113245571167,0.22047009245312665
7.808,1.4193331448769513,0.24090797467033553
7.809,1.419254962549021,0.2600000962621323
7.81,1.4191767722324842,0.2777333863871263
7.811,1.4190985685811457,0.2940951378905936
7.812,1.4190203462447464,0.3090730109929041
7.813,1.418942099870244,0.322655036880775
7.814,1.4188638241031075,0.33482962121681226
7.815,1.4187855135886072,0.34558554754997317
7.816,1.4187071629731058,0.35491198064113405
7.817,1.4186287669053559,0.36279846969028995
7.818,1.4185503200377934,0.3692349514723503
7.819,1.4184718170278354,0.3742117533773808
7.82,1.418393252539177,0.37771959635500707
7.821,1.418314621243088,0.37974959776309447
7.822,1.4182359178197106,0.38029327411757663
7.823,1.418157136959356,0.37934254374431475
7.824,1.4180782733638007,0.37688972933193554
7.825,1.417999321747581,0.3729275603856763
7.826,1.4179202768392876,0.3674491755787983
7.827,1.4178411333828553,0.36044812500350076
7.828,1.417761886138857,0.3519183723207675
7.829,1.417682529885788,0.3418542968039162
7.83,1.4176030594213536,0.3302506952844908
7.831,1.4175234695637482,0.31710278398742275
7.832,1.417443755152939,0.30240620026597753
7.833,1.4173639110519378,0.2861570042321091
7.834,1.417283932148076,0.2683516802749182
7.835,1.417203813354268,0.24898713848065768
7.836,1.4171235496102788,0.22806071594058608
7.837,1.417043135883981,0.2055701779519552
7.838,1.4169625671726065,0.18151371911488923
7.839,1.4168818385039985,0.15588996431600322
7.84,1.416800944937849,0.12869796960706026
7.841,1.41671988156694,0.09993722297241447
7.842,1.416638643518371,0.06960764498930416
7.843,1.416557225954784,0.03770958937710134
7.844,1.4164756240755785,0.004243843436114503
7.845,1.416393833118124,-0.03078837162314585
7.846,1.4163118483589594,-0.06738540045904529
7.847,1.4162296651149902,-0.10554515349309668
7.848,1.4161472787446718,-0.14526510691027283
7.849,1.4160646846491902,-0.1865423027739439
7.85,1.4159818782736306,-0.22937334924958463
7.851,1.4158988551081368,-0.2737544209409464
7.852,1.4158156106890643,-0.3196812593356242
7.853,1.415732140600121,-0.367149173366073
7.854,1.415648440473499,-0.41615304007493137
7.855,1.4155645059909983,-0.46668730540034176
7.856,1.4154803328851349,-0.5187459850640437
7.857,1.4153959169402457,-0.5723226655765927
7.858,1.4153112539935764,-0.6274105053512073
7.859,1.41522633993636,-0.6840022359289151
7.86,1.4151411707148858,-0.7420901633125254
7.861,1.4150557423315542,-0.8016661694175866
7.862,1.4149700508459204,-0.862721713623614
7.863,1.414884092375726,-0.9252478344456563
7.864,1.414797863097918,-0.989235151306957
7.865,1.4147113592496547,-1.0546738664303916
7.866,1.4146245771292996,-1.1215537668288107
7.867,1.4145375130974014,-1.1898642264130217
7.868,1.4144501635776578,-1.2595942082025147
7.869,1.4143625250578724,-1.3307322666493633
7.87,1.4142745940908885,-1.4032665500629093
7.871,1.4141863672955188,-1.4771848031503225
7.872,1.4140978413574492,-1.5524743696541918
7.873,1.4140090130301386,-1.6291221951060493
7.874,1.4139198791356966,-1.7071148296780052
7.875,1.4138304365657484,-1.7864384311423578
7.876,1.4137406822822856,-1.8670787679355385
7.877,1.4136506133184976,-1.949021222328298
7.878,1.4135602267795926,-2.03225079369264
7.879,1.4134695198435963,-2.116752101878376
7.88,1.4133784897621395,-2.2025093906865436
7.881,1.4132871338612258,-2.289506531447188
7.882000000000001,1.4131954495419852,-2.3777270266939468
7.883,1.4131034342814073,-2.4671540139420074
7.884,1.4130110856330618,-2.5577702695612743
7.885,1.4129184012277978,-2.64955821275106
7.886,1.4128253787744274,-2.7424999096059537
7.887,1.4127320160603931,-2.8365770772857104
7.888,1.4126383109524134,-2.9317710882734787
7.889,1.4125442613971126,-3.0280629747308865
7.890000000000001,1.4124498654216355,-3.1254334329470908
7.891,1.4123551211342353,-3.2238628278800263
7.892,1.4122600267248537,-3.3233311977853077
7.893,1.4121645804656717,-3.423818258942589
7.894,1.4120687807116519,-3.525303410462783
7.895,1.4119726259010517,-3.627765739189755
7.896,1.4118761145559238,-3.731184024685831
7.897,1.4117792452825975,-3.835536744302999
7.898000000000001,1.4116820167721351,-3.940802078340795
7.899,1.411584427800775,-4.046957915286356
7.9,1.4114864772303515,-4.153981857135761
7.901,1.4113881640086947,-4.261851224799642
7.902,1.4112894871700128,-4.370543063582858
7.903,1.4111904458352522,-4.480034148750832
7.904,1.4110910392124367,-4.590300991164867
7.905,1.4109912665969886,-4.701319842999482
7.906000000000001,1.4108911273720286,-4.813066703530183
7.907,1.410790621008656,-4.925517324998253
7.908,1.4106897470662032,-5.038647218543446
7.909,1.410588505192478,-5.152431660211249
7.91,1.4104868951239782,-5.266845697024593
7.911,1.4103849166860878,-5.381864153128362
7.912,1.4102825697932535,-5.497461635994711
7.913,1.4101798544491353,-5.613612542698803
7.914000000000001,1.4100767707467448,-5.730291066251539
7.915,1.4099733188685528,-5.847471202000463
7.916,1.4098694990865805,-5.965126754083997
7.917,1.4097653117624716,-6.083231341952228
7.918,1.4096607573475362,-6.201758406935625
7.919,1.4095558363827805,-6.320681218878377
7.92,1.4094505494989111,-6.439972882818495
7.921,1.4093448974163192,-6.559606345724774
7.922000000000001,1.4092388809450422,-6.679554403281742
7.923,1.4091325009847047,-6.799789706725875
7.924,1.4090257585244392,-6.920284769725384
7.925,1.408918654642783,-7.041011975313268
7.926,1.4088111905075542,-7.16194358285361
7.927,1.408703367375708,-7.283051735060468
7.928,1.4085951865931676,-7.404308465051372
7.929,1.4084866495946402,-7.5256857034416385
7.930000000000001,1.4083777579034034,-7.647155285476174
7.931,1.4082685131310766,-7.768688958195412
7.932,1.4081589169773667,-7.890258387636493
7.933,1.4080489712297966,-8.011835166066106
7.934,1.4079386777634078,-8.133390819241527
7.935,1.407828038540445,-8.254896813703539
7.936,1.407717055610017,-8.376324564091988
7.937,1.4076057311077392,-8.497645440490487
7.938,1.4074940672553526,-8.618830775789178
7.939,1.4073820663603214,-8.739851873072553
7.94,1.407269730815412,-8.860680013025359
7.941,1.4071570630982486,-8.981286461355978
7.942,1.4070440657708492,-9.1016424762322
7.943,1.4069307414791392,-9.221719315738909
7.944,1.4068170929524484,-9.341488245337985
7.945,1.4067031230029803,-9.460920545345942
7.946,1.4065888345252666,-9.579987518413986
7.947,1.406474230495601,-9.698660497019915
7.948,1.4063593139714499,-9.816910850958692
7.949,1.4062440880908422,-9.934709994840944
7.95,1.4061285560717445,-10.052029395587454
7.951,1.4060127212114095,-10.168840579925984
7.952,1.4058965868857083,-10.285115141882386
7.953,1.4057801565484442,-10.400824750269834
7.954,1.4056634337306424,-10.515941156166122
7.955,1.405546422039823,-10.630436200388687
7.956,1.4054291251592568,-10.744281820951898
7.957,1.4053115468471955,-10.857450060519483
7.958,1.4051936909360907,-10.969913073832856
7.959,1.4050755613317876,-11.081643135133788
7.96,1.4049571620127033,-11.192612645560445
7.961,1.4048384970289847,-11.302794140526487
7.962,1.404719570501652,-11.412160297078657
7.963,1.4046003866217165,-11.52068394122972
7.964,1.4044809496492887,-11.628338055264862
7.965,1.4043612639126632,-11.735095785021173
7.966,1.4042413338073874,-11.840930447136401
7.967,1.4041211637953126,-11.945815536269663
7.968,1.4040007584036287,-12.049724732283977
7.969,1.4038801222238808,-12.152631907396483
7.97,1.4037592599109692,-12.254511133291885
7.971,1.403638176182133,-12.355336688195166
7.972,1.4035168758159176,-12.45508306390451
7.973,1.4033953636511234,-12.553724972783186
7.974,1.4032736445857446,-12.651237354703227
7.975,1.403151723575884,-12.747595383946674
7.976,1.40302960563466,-12.842774476056633
7.977,1.4029072958310922,-12.936750294639666
7.978,1.4027847992889757,-13.029498758114812
7.979,1.4026621211857406,-13.120996046412586
7.98,1.4025392667512941,-13.211218607612722
7.981,1.402416241266851,-13.300143164533466
7.982,1.4022930500637485,-13.387746721252938
7.983,1.4021696985222492,-13.474006569578364
7.984,1.4020461920703269,-13.558900295446932
7.985,1.4019225361824446,-13.642405785265993
7.986,1.4017987363783142,-13.724501232187151
7.987,1.4016747982216458,-13.80516514231249
7.988,1.4015507273188859,-13.884376340831636
7.989,1.4014265293179393,-13.962113978091054
7.99,1.4013022099068853,-14.038357535585533
7.991,1.4011777748126766,-14.113086831882356
7.992,1.4010532297998284,-14.18628202846429
7.993,1.4009285806690992,-14.257923635499594
7.994,1.4008038332561572,-14.327992517531868
7.995,1.400678993430239,-14.396469899087663
7.996,1.4005540670927963,-14.463337370206801
7.997,1.4004290601761344,-14.528576891886587
7.998,1.4003039786420397,-14.592170801439977
7.999,1.4001788284803978,-14.654101817770737
8.0,1.4000536157078065,-14.714353046557875
