dataset_number,proposed_filename,section,source_relative_path,source_extension,technique,content_label
1,VZ2_062_021_UK_D_0001_v2.mpt,conventional_PEIS,"conventional_PEIS__1,46V_OCV180s_open_cell_CA.mpt",.mpt,CA,Electrochemical data from technique CA in conventional PEIS approach for PEM-WE in open cathode configuration with OCV time gap 180 s.
2,VZ2_062_021_UK_D_0002_v2.mpt,conventional_PEIS,"conventional_PEIS__1,46V_OCV180s_open_cell_OCV.mpt",.mpt,OCV,Electrochemical data from technique OCV in conventional PEIS approach for PEM-WE in open cathode configuration with OCV time gap 180 s.
3,VZ2_062_021_UK_D_0003_v2.mpt,conventional_PEIS,"conventional_PEIS__1,46V_OCV180s_open_cell_PEIS.mpt",.mpt,PEIS,Electrochemical data from technique PEIS in conventional PEIS approach for PEM-WE in open cathode configuration with OCV time gap 180 s.
4,VZ2_062_021_UK_D_0004_v2.csv,TRPEIS_open_cell,"TRPEIS__1,46V_OCV180s_open_cell_CA.csv",.csv,CA,Electrochemical data from technique CA in TR-PEIS procedure for PEM-WE in open cathode configuration with OCV time gap 180 s.
5,VZ2_062_021_UK_D_0005_v2.csv,TRPEIS_open_cell,"TRPEIS__1,46V_OCV180s_open_cell_OCV.csv",.csv,OCV,Electrochemical data from technique OCV in TR-PEIS procedure for PEM-WE in open cathode configuration with OCV time gap 180 s.
6,VZ2_062_021_UK_D_0006_v2.csv,TRPEIS_open_cell,"TRPEIS__1,46V_OCV180s_open_cell_PEIS.csv",.csv,PEIS,Electrochemical data from technique PEIS in TR-PEIS procedure for PEM-WE in open cathode configuration with OCV time gap 180 s.
7,VZ2_062_021_UK_D_0007_v2.csv,TRPEIS_N2,"TRPEIS__1,46V_OCV180s_N2_3_CA.csv",.csv,CA,Electrochemical data from technique CA in TR-PEIS procedure for PEM-WE in N2 flow with OCV time gap 180 s.
8,VZ2_062_021_UK_D_0008_v2.csv,TRPEIS_N2,"TRPEIS__1,46V_OCV180s_N2_3_OCV.csv",.csv,OCV,Electrochemical data from technique OCV in TR-PEIS procedure for PEM-WE in N2 flow with OCV time gap 180 s.
9,VZ2_062_021_UK_D_0009_v2.csv,TRPEIS_N2,"TRPEIS__1,46V_OCV180s_N2_3_PEIS.csv",.csv,PEIS,Electrochemical data from technique PEIS in TR-PEIS procedure for PEM-WE in N2 flow with OCV time gap 180 s.
10,VZ2_062_021_UK_D_0010_v2.csv,TRPEIS_H2,"TRPEIS__1,46V_OCV180s_H2_CA.csv",.csv,CA,Electrochemical data from technique CA in TR-PEIS procedure for PEM-WE in H2 flow with OCV time gap 180 s.
11,VZ2_062_021_UK_D_0011_v2.csv,TRPEIS_H2,"TRPEIS__1,46V_OCV180s_H2_OCV.csv",.csv,OCV,Electrochemical data from technique OCV in TR-PEIS procedure for PEM-WE in H2 flow with OCV time gap 180 s.
12,VZ2_062_021_UK_D_0012_v2.csv,TRPEIS_H2,"TRPEIS__1,46V_OCV180s_H2_PEIS.csv",.csv,PEIS,Electrochemical data from technique PEIS in TR-PEIS procedure for PEM-WE in H2 flow with OCV time gap 180 s.
13,VZ2_062_021_UK_D_0013_v2.mpt,closed_cell_time_gaps,"1,46 V different time gaps closed cell\L_01_Loopeis 1,46V_30s_1_initial_loops_01_CA_C01.mpt",.mpt,CA,"Electrochemical data from technique CA in TR-PEIS procedure for PEM-WE in closed cathode configuration with OCV time gap 30 s, initial loops."
14,VZ2_062_021_UK_D_0014_v2.mpt,closed_cell_time_gaps,"1,46 V different time gaps closed cell\L_01_Loopeis 1,46V_30s_1_initial_loops_02_OCV_C01.mpt",.mpt,OCV,"Electrochemical data from technique OCV in TR-PEIS procedure for PEM-WE in closed cathode configuration with OCV time gap 30 s, initial loops."
15,VZ2_062_021_UK_D_0015_v2.mpt,closed_cell_time_gaps,"1,46 V different time gaps closed cell\L_02_Loopeis 1,46V_30s_2_PEIS from 65kHz to 10kHz_01_CA_C01.mpt",.mpt,CA,"Electrochemical data from technique CA in TR-PEIS procedure for PEM-WE in closed cathode configuration with OCV time gap 30 s, with PEIS frequency in between 65kHz and 10kHz."
16,VZ2_062_021_UK_D_0016_v2.mpt,closed_cell_time_gaps,"1,46 V different time gaps closed cell\L_02_Loopeis 1,46V_30s_2_PEIS from 65kHz to 10kHz_02_OCV_C01.mpt",.mpt,OCV,"Electrochemical data from technique OCV in TR-PEIS procedure for PEM-WE in closed cathode configuration with OCV time gap 30 s, with PEIS frequency in between 65kHz and 10kHz."
17,VZ2_062_021_UK_D_0017_v2.mpt,closed_cell_time_gaps,"1,46 V different time gaps closed cell\L_02_Loopeis 1,46V_30s_2_PEIS from 65kHz to 10kHz_03_PEIS_C01.mpt",.mpt,PEIS,"Electrochemical data from technique PEIS in TR-PEIS procedure for PEM-WE in closed cathode configuration with OCV time gap 30 s, with PEIS frequency in between 65kHz and 10kHz."
18,VZ2_062_021_UK_D_0018_v2.mpt,closed_cell_time_gaps,"1,46 V different time gaps closed cell\L_02_Loopeis 1,46V_30s_2_PEIS from 65kHz to 10kHz_04_OCV_C01.mpt",.mpt,OCV,"Electrochemical data from technique OCV in TR-PEIS procedure for PEM-WE in closed cathode configuration with OCV time gap 30 s, with PEIS frequency in between 65kHz and 10kHz."
19,VZ2_062_021_UK_D_0019_v2.mpt,closed_cell_time_gaps,"1,46 V different time gaps closed cell\L_02_Loopeis 1,46V_30s_2_PEIS from 65kHz to 10kHz_05_CA_C01.mpt",.mpt,CA,"Electrochemical data from technique CA in TR-PEIS procedure for PEM-WE in closed cathode configuration with OCV time gap 30 s, with PEIS frequency in between 65kHz and 10kHz."
20,VZ2_062_021_UK_D_0020_v2.mpt,closed_cell_time_gaps,"1,46 V different time gaps closed cell\L_02_Loopeis 1,46V_30s_2_PEIS from 65kHz to 10kHz_06_OCV_C01.mpt",.mpt,OCV,"Electrochemical data from technique OCV in TR-PEIS procedure for PEM-WE in closed cathode configuration with OCV time gap 30 s, with PEIS frequency in between 65kHz and 10kHz."
21,VZ2_062_021_UK_D_0021_v2.mpt,closed_cell_time_gaps,"1,46 V different time gaps closed cell\L_02_Loopeis 1,46V_30s_2_PEIS from 65kHz to 10kHz_07_PEIS_C01.mpt",.mpt,PEIS,"Electrochemical data from technique PEIS in TR-PEIS procedure for PEM-WE in closed cathode configuration with OCV time gap 30 s, with PEIS frequency in between 65kHz and 10kHz."
22,VZ2_062_021_UK_D_0022_v2.mpt,closed_cell_time_gaps,"1,46 V different time gaps closed cell\L_02_Loopeis 1,46V_30s_2_PEIS from 65kHz to 10kHz_08_OCV_C01.mpt",.mpt,OCV,"Electrochemical data from technique OCV in TR-PEIS procedure for PEM-WE in closed cathode configuration with OCV time gap 30 s, with PEIS frequency in between 65kHz and 10kHz."
23,VZ2_062_021_UK_D_0023_v2.mpt,closed_cell_time_gaps,"1,46 V different time gaps closed cell\L_02_Loopeis 1,46V_30s_2_PEIS from 65kHz to 10kHz_09_CA_C01.mpt",.mpt,CA,"Electrochemical data from technique CA in TR-PEIS procedure for PEM-WE in closed cathode configuration with OCV time gap 30 s, with PEIS frequency in between 65kHz and 10kHz."
24,VZ2_062_021_UK_D_0024_v2.mpt,closed_cell_time_gaps,"1,46 V different time gaps closed cell\L_02_Loopeis 1,46V_30s_2_PEIS from 65kHz to 10kHz_10_OCV_C01.mpt",.mpt,OCV,"Electrochemical data from technique OCV in TR-PEIS procedure for PEM-WE in closed cathode configuration with OCV time gap 30 s, with PEIS frequency in between 65kHz and 10kHz."
25,VZ2_062_021_UK_D_0025_v2.mpt,closed_cell_time_gaps,"1,46 V different time gaps closed cell\L_02_Loopeis 1,46V_30s_2_PEIS from 65kHz to 10kHz_11_PEIS_C01.mpt",.mpt,PEIS,"Electrochemical data from technique PEIS in TR-PEIS procedure for PEM-WE in closed cathode configuration with OCV time gap 30 s, with PEIS frequency in between 65kHz and 10kHz."
26,VZ2_062_021_UK_D_0026_v2.mpt,closed_cell_time_gaps,"1,46 V different time gaps closed cell\L_02_Loopeis 1,46V_30s_2_PEIS from 65kHz to 10kHz_12_OCV_C01.mpt",.mpt,OCV,"Electrochemical data from technique OCV in TR-PEIS procedure for PEM-WE in closed cathode configuration with OCV time gap 30 s, with PEIS frequency in between 65kHz and 10kHz."
27,VZ2_062_021_UK_D_0027_v2.mpt,closed_cell_time_gaps,"1,46 V different time gaps closed cell\L_02_Loopeis 1,46V_30s_2_PEIS from 65kHz to 10kHz_13_CA_C01.mpt",.mpt,CA,"Electrochemical data from technique CA in TR-PEIS procedure for PEM-WE in closed cathode configuration with OCV time gap 30 s, with PEIS frequency in between 65kHz and 10kHz."
28,VZ2_062_021_UK_D_0028_v2.mpt,closed_cell_time_gaps,"1,46 V different time gaps closed cell\L_02_Loopeis 1,46V_30s_2_PEIS from 65kHz to 10kHz_14_OCV_C01.mpt",.mpt,OCV,"Electrochemical data from technique OCV in TR-PEIS procedure for PEM-WE in closed cathode configuration with OCV time gap 30 s, with PEIS frequency in between 65kHz and 10kHz."
29,VZ2_062_021_UK_D_0029_v2.mpt,closed_cell_time_gaps,"1,46 V different time gaps closed cell\L_02_Loopeis 1,46V_30s_2_PEIS from 65kHz to 10kHz_15_PEIS_C01.mpt",.mpt,PEIS,"Electrochemical data from technique PEIS in TR-PEIS procedure for PEM-WE in closed cathode configuration with OCV time gap 30 s, with PEIS frequency in between 65kHz and 10kHz."
30,VZ2_062_021_UK_D_0030_v2.mpt,closed_cell_time_gaps,"1,46 V different time gaps closed cell\L_02_Loopeis 1,46V_30s_2_PEIS from 65kHz to 10kHz_16_OCV_C01.mpt",.mpt,OCV,"Electrochemical data from technique OCV in TR-PEIS procedure for PEM-WE in closed cathode configuration with OCV time gap 30 s, with PEIS frequency in between 65kHz and 10kHz."
31,VZ2_062_021_UK_D_0031_v2.mpt,closed_cell_time_gaps,"1,46 V different time gaps closed cell\L_02_Loopeis 1,46V_30s_2_PEIS from 65kHz to 10kHz_17_CA_C01.mpt",.mpt,CA,"Electrochemical data from technique CA in TR-PEIS procedure for PEM-WE in closed cathode configuration with OCV time gap 30 s, with PEIS frequency in between 65kHz and 10kHz."
32,VZ2_062_021_UK_D_0032_v2.mpt,closed_cell_time_gaps,"1,46 V different time gaps closed cell\L_02_Loopeis 1,46V_30s_2_PEIS from 65kHz to 10kHz_18_OCV_C01.mpt",.mpt,OCV,"Electrochemical data from technique OCV in TR-PEIS procedure for PEM-WE in closed cathode configuration with OCV time gap 30 s, with PEIS frequency in between 65kHz and 10kHz."
33,VZ2_062_021_UK_D_0033_v2.mpt,closed_cell_time_gaps,"1,46 V different time gaps closed cell\L_02_Loopeis 1,46V_30s_2_PEIS from 65kHz to 10kHz_19_PEIS_C01.mpt",.mpt,PEIS,"Electrochemical data from technique PEIS in TR-PEIS procedure for PEM-WE in closed cathode configuration with OCV time gap 30 s, with PEIS frequency in between 65kHz and 10kHz."
34,VZ2_062_021_UK_D_0034_v2.mpt,closed_cell_time_gaps,"1,46 V different time gaps closed cell\L_02_Loopeis 1,46V_30s_2_PEIS from 65kHz to 10kHz_20_OCV_C01.mpt",.mpt,OCV,"Electrochemical data from technique OCV in TR-PEIS procedure for PEM-WE in closed cathode configuration with OCV time gap 30 s, with PEIS frequency in between 65kHz and 10kHz."
35,VZ2_062_021_UK_D_0035_v2.mpt,closed_cell_time_gaps,"1,46 V different time gaps closed cell\L_03_Loopeis 1,46V_30s_3_PEIS from 6500Hz to 1000Hz_01_CA_C01.mpt",.mpt,CA,"Electrochemical data from technique CA in TR-PEIS procedure for PEM-WE in closed cathode configuration with OCV time gap 30 s, with PEIS frequency in between 6500Hz and 1000Hz."
36,VZ2_062_021_UK_D_0036_v2.mpt,closed_cell_time_gaps,"1,46 V different time gaps closed cell\L_03_Loopeis 1,46V_30s_3_PEIS from 6500Hz to 1000Hz_02_OCV_C01.mpt",.mpt,OCV,"Electrochemical data from technique OCV in TR-PEIS procedure for PEM-WE in closed cathode configuration with OCV time gap 30 s, with PEIS frequency in between 6500Hz and 1000Hz."
37,VZ2_062_021_UK_D_0037_v2.mpt,closed_cell_time_gaps,"1,46 V different time gaps closed cell\L_03_Loopeis 1,46V_30s_3_PEIS from 6500Hz to 1000Hz_03_PEIS_C01.mpt",.mpt,PEIS,"Electrochemical data from technique PEIS in TR-PEIS procedure for PEM-WE in closed cathode configuration with OCV time gap 30 s, with PEIS frequency in between 6500Hz and 1000Hz."
38,VZ2_062_021_UK_D_0038_v2.mpt,closed_cell_time_gaps,"1,46 V different time gaps closed cell\L_03_Loopeis 1,46V_30s_3_PEIS from 6500Hz to 1000Hz_04_OCV_C01.mpt",.mpt,OCV,"Electrochemical data from technique OCV in TR-PEIS procedure for PEM-WE in closed cathode configuration with OCV time gap 30 s, with PEIS frequency in between 6500Hz and 1000Hz."
39,VZ2_062_021_UK_D_0039_v2.mpt,closed_cell_time_gaps,"1,46 V different time gaps closed cell\L_03_Loopeis 1,46V_30s_3_PEIS from 6500Hz to 1000Hz_05_CA_C01.mpt",.mpt,CA,"Electrochemical data from technique CA in TR-PEIS procedure for PEM-WE in closed cathode configuration with OCV time gap 30 s, with PEIS frequency in between 6500Hz and 1000Hz."
40,VZ2_062_021_UK_D_0040_v2.mpt,closed_cell_time_gaps,"1,46 V different time gaps closed cell\L_03_Loopeis 1,46V_30s_3_PEIS from 6500Hz to 1000Hz_06_OCV_C01.mpt",.mpt,OCV,"Electrochemical data from technique OCV in TR-PEIS procedure for PEM-WE in closed cathode configuration with OCV time gap 30 s, with PEIS frequency in between 6500Hz and 1000Hz."
41,VZ2_062_021_UK_D_0041_v2.mpt,closed_cell_time_gaps,"1,46 V different time gaps closed cell\L_03_Loopeis 1,46V_30s_3_PEIS from 6500Hz to 1000Hz_07_PEIS_C01.mpt",.mpt,PEIS,"Electrochemical data from technique PEIS in TR-PEIS procedure for PEM-WE in closed cathode configuration with OCV time gap 30 s, with PEIS frequency in between 6500Hz and 1000Hz."
42,VZ2_062_021_UK_D_0042_v2.mpt,closed_cell_time_gaps,"1,46 V different time gaps closed cell\L_03_Loopeis 1,46V_30s_3_PEIS from 6500Hz to 1000Hz_08_OCV_C01.mpt",.mpt,OCV,"Electrochemical data from technique OCV in TR-PEIS procedure for PEM-WE in closed cathode configuration with OCV time gap 30 s, with PEIS frequency in between 6500Hz and 1000Hz."
43,VZ2_062_021_UK_D_0043_v2.mpt,closed_cell_time_gaps,"1,46 V different time gaps closed cell\L_03_Loopeis 1,46V_30s_3_PEIS from 6500Hz to 1000Hz_09_CA_C01.mpt",.mpt,CA,"Electrochemical data from technique CA in TR-PEIS procedure for PEM-WE in closed cathode configuration with OCV time gap 30 s, with PEIS frequency in between 6500Hz and 1000Hz."
44,VZ2_062_021_UK_D_0044_v2.mpt,closed_cell_time_gaps,"1,46 V different time gaps closed cell\L_03_Loopeis 1,46V_30s_3_PEIS from 6500Hz to 1000Hz_10_OCV_C01.mpt",.mpt,OCV,"Electrochemical data from technique OCV in TR-PEIS procedure for PEM-WE in closed cathode configuration with OCV time gap 30 s, with PEIS frequency in between 6500Hz and 1000Hz."
45,VZ2_062_021_UK_D_0045_v2.mpt,closed_cell_time_gaps,"1,46 V different time gaps closed cell\L_03_Loopeis 1,46V_30s_3_PEIS from 6500Hz to 1000Hz_11_PEIS_C01.mpt",.mpt,PEIS,"Electrochemical data from technique PEIS in TR-PEIS procedure for PEM-WE in closed cathode configuration with OCV time gap 30 s, with PEIS frequency in between 6500Hz and 1000Hz."
46,VZ2_062_021_UK_D_0046_v2.mpt,closed_cell_time_gaps,"1,46 V different time gaps closed cell\L_03_Loopeis 1,46V_30s_3_PEIS from 6500Hz to 1000Hz_12_OCV_C01.mpt",.mpt,OCV,"Electrochemical data from technique OCV in TR-PEIS procedure for PEM-WE in closed cathode configuration with OCV time gap 30 s, with PEIS frequency in between 6500Hz and 1000Hz."
47,VZ2_062_021_UK_D_0047_v2.mpt,closed_cell_time_gaps,"1,46 V different time gaps closed cell\L_03_Loopeis 1,46V_30s_3_PEIS from 6500Hz to 1000Hz_13_CA_C01.mpt",.mpt,CA,"Electrochemical data from technique CA in TR-PEIS procedure for PEM-WE in closed cathode configuration with OCV time gap 30 s, with PEIS frequency in between 6500Hz and 1000Hz."
48,VZ2_062_021_UK_D_0048_v2.mpt,closed_cell_time_gaps,"1,46 V different time gaps closed cell\L_03_Loopeis 1,46V_30s_3_PEIS from 6500Hz to 1000Hz_14_OCV_C01.mpt",.mpt,OCV,"Electrochemical data from technique OCV in TR-PEIS procedure for PEM-WE in closed cathode configuration with OCV time gap 30 s, with PEIS frequency in between 6500Hz and 1000Hz."
49,VZ2_062_021_UK_D_0049_v2.mpt,closed_cell_time_gaps,"1,46 V different time gaps closed cell\L_03_Loopeis 1,46V_30s_3_PEIS from 6500Hz to 1000Hz_15_PEIS_C01.mpt",.mpt,PEIS,"Electrochemical data from technique PEIS in TR-PEIS procedure for PEM-WE in closed cathode configuration with OCV time gap 30 s, with PEIS frequency in between 6500Hz and 1000Hz."
50,VZ2_062_021_UK_D_0050_v2.mpt,closed_cell_time_gaps,"1,46 V different time gaps closed cell\L_03_Loopeis 1,46V_30s_3_PEIS from 6500Hz to 1000Hz_16_OCV_C01.mpt",.mpt,OCV,"Electrochemical data from technique OCV in TR-PEIS procedure for PEM-WE in closed cathode configuration with OCV time gap 30 s, with PEIS frequency in between 6500Hz and 1000Hz."
51,VZ2_062_021_UK_D_0051_v2.mpt,closed_cell_time_gaps,"1,46 V different time gaps closed cell\L_03_Loopeis 1,46V_30s_3_PEIS from 6500Hz to 1000Hz_17_CA_C01.mpt",.mpt,CA,"Electrochemical data from technique CA in TR-PEIS procedure for PEM-WE in closed cathode configuration with OCV time gap 30 s, with PEIS frequency in between 6500Hz and 1000Hz."
52,VZ2_062_021_UK_D_0052_v2.mpt,closed_cell_time_gaps,"1,46 V different time gaps closed cell\L_03_Loopeis 1,46V_30s_3_PEIS from 6500Hz to 1000Hz_18_OCV_C01.mpt",.mpt,OCV,"Electrochemical data from technique OCV in TR-PEIS procedure for PEM-WE in closed cathode configuration with OCV time gap 30 s, with PEIS frequency in between 6500Hz and 1000Hz."
53,VZ2_062_021_UK_D_0053_v2.mpt,closed_cell_time_gaps,"1,46 V different time gaps closed cell\L_03_Loopeis 1,46V_30s_3_PEIS from 6500Hz to 1000Hz_19_PEIS_C01.mpt",.mpt,PEIS,"Electrochemical data from technique PEIS in TR-PEIS procedure for PEM-WE in closed cathode configuration with OCV time gap 30 s, with PEIS frequency in between 6500Hz and 1000Hz."
54,VZ2_062_021_UK_D_0054_v2.mpt,closed_cell_time_gaps,"1,46 V different time gaps closed cell\L_03_Loopeis 1,46V_30s_3_PEIS from 6500Hz to 1000Hz_20_OCV_C01.mpt",.mpt,OCV,"Electrochemical data from technique OCV in TR-PEIS procedure for PEM-WE in closed cathode configuration with OCV time gap 30 s, with PEIS frequency in between 6500Hz and 1000Hz."
55,VZ2_062_021_UK_D_0055_v2.mpt,closed_cell_time_gaps,"1,46 V different time gaps closed cell\L_04_Loopeis 1,46V_30s_4_PEIS from 650Hz to 100Hz_01_CA_C01.mpt",.mpt,CA,"Electrochemical data from technique CA in TR-PEIS procedure for PEM-WE in closed cathode configuration with OCV time gap 30 s, with PEIS frequency in between 650Hz and 100Hz."
56,VZ2_062_021_UK_D_0056_v2.mpt,closed_cell_time_gaps,"1,46 V different time gaps closed cell\L_04_Loopeis 1,46V_30s_4_PEIS from 650Hz to 100Hz_02_OCV_C01.mpt",.mpt,OCV,"Electrochemical data from technique OCV in TR-PEIS procedure for PEM-WE in closed cathode configuration with OCV time gap 30 s, with PEIS frequency in between 650Hz and 100Hz."
57,VZ2_062_021_UK_D_0057_v2.mpt,closed_cell_time_gaps,"1,46 V different time gaps closed cell\L_04_Loopeis 1,46V_30s_4_PEIS from 650Hz to 100Hz_03_PEIS_C01.mpt",.mpt,PEIS,"Electrochemical data from technique PEIS in TR-PEIS procedure for PEM-WE in closed cathode configuration with OCV time gap 30 s, with PEIS frequency in between 650Hz and 100Hz."
58,VZ2_062_021_UK_D_0058_v2.mpt,closed_cell_time_gaps,"1,46 V different time gaps closed cell\L_04_Loopeis 1,46V_30s_4_PEIS from 650Hz to 100Hz_04_OCV_C01.mpt",.mpt,OCV,"Electrochemical data from technique OCV in TR-PEIS procedure for PEM-WE in closed cathode configuration with OCV time gap 30 s, with PEIS frequency in between 650Hz and 100Hz."
59,VZ2_062_021_UK_D_0059_v2.mpt,closed_cell_time_gaps,"1,46 V different time gaps closed cell\L_04_Loopeis 1,46V_30s_4_PEIS from 650Hz to 100Hz_05_CA_C01.mpt",.mpt,CA,"Electrochemical data from technique CA in TR-PEIS procedure for PEM-WE in closed cathode configuration with OCV time gap 30 s, with PEIS frequency in between 650Hz and 100Hz."
60,VZ2_062_021_UK_D_0060_v2.mpt,closed_cell_time_gaps,"1,46 V different time gaps closed cell\L_04_Loopeis 1,46V_30s_4_PEIS from 650Hz to 100Hz_06_OCV_C01.mpt",.mpt,OCV,"Electrochemical data from technique OCV in TR-PEIS procedure for PEM-WE in closed cathode configuration with OCV time gap 30 s, with PEIS frequency in between 650Hz and 100Hz."
61,VZ2_062_021_UK_D_0061_v2.mpt,closed_cell_time_gaps,"1,46 V different time gaps closed cell\L_04_Loopeis 1,46V_30s_4_PEIS from 650Hz to 100Hz_07_PEIS_C01.mpt",.mpt,PEIS,"Electrochemical data from technique PEIS in TR-PEIS procedure for PEM-WE in closed cathode configuration with OCV time gap 30 s, with PEIS frequency in between 650Hz and 100Hz."
62,VZ2_062_021_UK_D_0062_v2.mpt,closed_cell_time_gaps,"1,46 V different time gaps closed cell\L_04_Loopeis 1,46V_30s_4_PEIS from 650Hz to 100Hz_08_OCV_C01.mpt",.mpt,OCV,"Electrochemical data from technique OCV in TR-PEIS procedure for PEM-WE in closed cathode configuration with OCV time gap 30 s, with PEIS frequency in between 650Hz and 100Hz."
63,VZ2_062_021_UK_D_0063_v2.mpt,closed_cell_time_gaps,"1,46 V different time gaps closed cell\L_04_Loopeis 1,46V_30s_4_PEIS from 650Hz to 100Hz_09_CA_C01.mpt",.mpt,CA,"Electrochemical data from technique CA in TR-PEIS procedure for PEM-WE in closed cathode configuration with OCV time gap 30 s, with PEIS frequency in between 650Hz and 100Hz."
64,VZ2_062_021_UK_D_0064_v2.mpt,closed_cell_time_gaps,"1,46 V different time gaps closed cell\L_04_Loopeis 1,46V_30s_4_PEIS from 650Hz to 100Hz_10_OCV_C01.mpt",.mpt,OCV,"Electrochemical data from technique OCV in TR-PEIS procedure for PEM-WE in closed cathode configuration with OCV time gap 30 s, with PEIS frequency in between 650Hz and 100Hz."
65,VZ2_062_021_UK_D_0065_v2.mpt,closed_cell_time_gaps,"1,46 V different time gaps closed cell\L_04_Loopeis 1,46V_30s_4_PEIS from 650Hz to 100Hz_11_PEIS_C01.mpt",.mpt,PEIS,"Electrochemical data from technique PEIS in TR-PEIS procedure for PEM-WE in closed cathode configuration with OCV time gap 30 s, with PEIS frequency in between 650Hz and 100Hz."
66,VZ2_062_021_UK_D_0066_v2.mpt,closed_cell_time_gaps,"1,46 V different time gaps closed cell\L_04_Loopeis 1,46V_30s_4_PEIS from 650Hz to 100Hz_12_OCV_C01.mpt",.mpt,OCV,"Electrochemical data from technique OCV in TR-PEIS procedure for PEM-WE in closed cathode configuration with OCV time gap 30 s, with PEIS frequency in between 650Hz and 100Hz."
67,VZ2_062_021_UK_D_0067_v2.mpt,closed_cell_time_gaps,"1,46 V different time gaps closed cell\L_04_Loopeis 1,46V_30s_4_PEIS from 650Hz to 100Hz_13_CA_C01.mpt",.mpt,CA,"Electrochemical data from technique CA in TR-PEIS procedure for PEM-WE in closed cathode configuration with OCV time gap 30 s, with PEIS frequency in between 650Hz and 100Hz."
68,VZ2_062_021_UK_D_0068_v2.mpt,closed_cell_time_gaps,"1,46 V different time gaps closed cell\L_04_Loopeis 1,46V_30s_4_PEIS from 650Hz to 100Hz_14_OCV_C01.mpt",.mpt,OCV,"Electrochemical data from technique OCV in TR-PEIS procedure for PEM-WE in closed cathode configuration with OCV time gap 30 s, with PEIS frequency in between 650Hz and 100Hz."
69,VZ2_062_021_UK_D_0069_v2.mpt,closed_cell_time_gaps,"1,46 V different time gaps closed cell\L_04_Loopeis 1,46V_30s_4_PEIS from 650Hz to 100Hz_15_PEIS_C01.mpt",.mpt,PEIS,"Electrochemical data from technique PEIS in TR-PEIS procedure for PEM-WE in closed cathode configuration with OCV time gap 30 s, with PEIS frequency in between 650Hz and 100Hz."
70,VZ2_062_021_UK_D_0070_v2.mpt,closed_cell_time_gaps,"1,46 V different time gaps closed cell\L_04_Loopeis 1,46V_30s_4_PEIS from 650Hz to 100Hz_16_OCV_C01.mpt",.mpt,OCV,"Electrochemical data from technique OCV in TR-PEIS procedure for PEM-WE in closed cathode configuration with OCV time gap 30 s, with PEIS frequency in between 650Hz and 100Hz."
71,VZ2_062_021_UK_D_0071_v2.mpt,closed_cell_time_gaps,"1,46 V different time gaps closed cell\L_04_Loopeis 1,46V_30s_4_PEIS from 650Hz to 100Hz_17_CA_C01.mpt",.mpt,CA,"Electrochemical data from technique CA in TR-PEIS procedure for PEM-WE in closed cathode configuration with OCV time gap 30 s, with PEIS frequency in between 650Hz and 100Hz."
72,VZ2_062_021_UK_D_0072_v2.mpt,closed_cell_time_gaps,"1,46 V different time gaps closed cell\L_04_Loopeis 1,46V_30s_4_PEIS from 650Hz to 100Hz_18_OCV_C01.mpt",.mpt,OCV,"Electrochemical data from technique OCV in TR-PEIS procedure for PEM-WE in closed cathode configuration with OCV time gap 30 s, with PEIS frequency in between 650Hz and 100Hz."
73,VZ2_062_021_UK_D_0073_v2.mpt,closed_cell_time_gaps,"1,46 V different time gaps closed cell\L_04_Loopeis 1,46V_30s_4_PEIS from 650Hz to 100Hz_19_PEIS_C01.mpt",.mpt,PEIS,"Electrochemical data from technique PEIS in TR-PEIS procedure for PEM-WE in closed cathode configuration with OCV time gap 30 s, with PEIS frequency in between 650Hz and 100Hz."
74,VZ2_062_021_UK_D_0074_v2.mpt,closed_cell_time_gaps,"1,46 V different time gaps closed cell\L_04_Loopeis 1,46V_30s_4_PEIS from 650Hz to 100Hz_20_OCV_C01.mpt",.mpt,OCV,"Electrochemical data from technique OCV in TR-PEIS procedure for PEM-WE in closed cathode configuration with OCV time gap 30 s, with PEIS frequency in between 650Hz and 100Hz."
75,VZ2_062_021_UK_D_0075_v2.mpt,closed_cell_time_gaps,"1,46 V different time gaps closed cell\L_05_Loopeis 1,46V_30s_5_PEIS from 65Hz to 10Hz_01_CA_C01.mpt",.mpt,CA,"Electrochemical data from technique CA in TR-PEIS procedure for PEM-WE in closed cathode configuration with OCV time gap 30 s, with PEIS frequency in between 65Hz and 10Hz."
76,VZ2_062_021_UK_D_0076_v2.mpt,closed_cell_time_gaps,"1,46 V different time gaps closed cell\L_05_Loopeis 1,46V_30s_5_PEIS from 65Hz to 10Hz_02_OCV_C01.mpt",.mpt,OCV,"Electrochemical data from technique OCV in TR-PEIS procedure for PEM-WE in closed cathode configuration with OCV time gap 30 s, with PEIS frequency in between 65Hz and 10Hz."
77,VZ2_062_021_UK_D_0077_v2.mpt,closed_cell_time_gaps,"1,46 V different time gaps closed cell\L_05_Loopeis 1,46V_30s_5_PEIS from 65Hz to 10Hz_03_PEIS_C01.mpt",.mpt,PEIS,"Electrochemical data from technique PEIS in TR-PEIS procedure for PEM-WE in closed cathode configuration with OCV time gap 30 s, with PEIS frequency in between 65Hz and 10Hz."
78,VZ2_062_021_UK_D_0078_v2.mpt,closed_cell_time_gaps,"1,46 V different time gaps closed cell\L_05_Loopeis 1,46V_30s_5_PEIS from 65Hz to 10Hz_04_OCV_C01.mpt",.mpt,OCV,"Electrochemical data from technique OCV in TR-PEIS procedure for PEM-WE in closed cathode configuration with OCV time gap 30 s, with PEIS frequency in between 65Hz and 10Hz."
79,VZ2_062_021_UK_D_0079_v2.mpt,closed_cell_time_gaps,"1,46 V different time gaps closed cell\L_05_Loopeis 1,46V_30s_5_PEIS from 65Hz to 10Hz_05_CA_C01.mpt",.mpt,CA,"Electrochemical data from technique CA in TR-PEIS procedure for PEM-WE in closed cathode configuration with OCV time gap 30 s, with PEIS frequency in between 65Hz and 10Hz."
80,VZ2_062_021_UK_D_0080_v2.mpt,closed_cell_time_gaps,"1,46 V different time gaps closed cell\L_05_Loopeis 1,46V_30s_5_PEIS from 65Hz to 10Hz_06_OCV_C01.mpt",.mpt,OCV,"Electrochemical data from technique OCV in TR-PEIS procedure for PEM-WE in closed cathode configuration with OCV time gap 30 s, with PEIS frequency in between 65Hz and 10Hz."
81,VZ2_062_021_UK_D_0081_v2.mpt,closed_cell_time_gaps,"1,46 V different time gaps closed cell\L_05_Loopeis 1,46V_30s_5_PEIS from 65Hz to 10Hz_07_PEIS_C01.mpt",.mpt,PEIS,"Electrochemical data from technique PEIS in TR-PEIS procedure for PEM-WE in closed cathode configuration with OCV time gap 30 s, with PEIS frequency in between 65Hz and 10Hz."
82,VZ2_062_021_UK_D_0082_v2.mpt,closed_cell_time_gaps,"1,46 V different time gaps closed cell\L_05_Loopeis 1,46V_30s_5_PEIS from 65Hz to 10Hz_08_OCV_C01.mpt",.mpt,OCV,"Electrochemical data from technique OCV in TR-PEIS procedure for PEM-WE in closed cathode configuration with OCV time gap 30 s, with PEIS frequency in between 65Hz and 10Hz."
83,VZ2_062_021_UK_D_0083_v2.mpt,closed_cell_time_gaps,"1,46 V different time gaps closed cell\L_05_Loopeis 1,46V_30s_5_PEIS from 65Hz to 10Hz_09_CA_C01.mpt",.mpt,CA,"Electrochemical data from technique CA in TR-PEIS procedure for PEM-WE in closed cathode configuration with OCV time gap 30 s, with PEIS frequency in between 65Hz and 10Hz."
84,VZ2_062_021_UK_D_0084_v2.mpt,closed_cell_time_gaps,"1,46 V different time gaps closed cell\L_05_Loopeis 1,46V_30s_5_PEIS from 65Hz to 10Hz_10_OCV_C01.mpt",.mpt,OCV,"Electrochemical data from technique OCV in TR-PEIS procedure for PEM-WE in closed cathode configuration with OCV time gap 30 s, with PEIS frequency in between 65Hz and 10Hz."
85,VZ2_062_021_UK_D_0085_v2.mpt,closed_cell_time_gaps,"1,46 V different time gaps closed cell\L_05_Loopeis 1,46V_30s_5_PEIS from 65Hz to 10Hz_11_PEIS_C01.mpt",.mpt,PEIS,"Electrochemical data from technique PEIS in TR-PEIS procedure for PEM-WE in closed cathode configuration with OCV time gap 30 s, with PEIS frequency in between 65Hz and 10Hz."
86,VZ2_062_021_UK_D_0086_v2.mpt,closed_cell_time_gaps,"1,46 V different time gaps closed cell\L_05_Loopeis 1,46V_30s_5_PEIS from 65Hz to 10Hz_12_OCV_C01.mpt",.mpt,OCV,"Electrochemical data from technique OCV in TR-PEIS procedure for PEM-WE in closed cathode configuration with OCV time gap 30 s, with PEIS frequency in between 65Hz and 10Hz."
87,VZ2_062_021_UK_D_0087_v2.mpt,closed_cell_time_gaps,"1,46 V different time gaps closed cell\L_05_Loopeis 1,46V_30s_5_PEIS from 65Hz to 10Hz_13_CA_C01.mpt",.mpt,CA,"Electrochemical data from technique CA in TR-PEIS procedure for PEM-WE in closed cathode configuration with OCV time gap 30 s, with PEIS frequency in between 65Hz and 10Hz."
88,VZ2_062_021_UK_D_0088_v2.mpt,closed_cell_time_gaps,"1,46 V different time gaps closed cell\L_05_Loopeis 1,46V_30s_5_PEIS from 65Hz to 10Hz_14_OCV_C01.mpt",.mpt,OCV,"Electrochemical data from technique OCV in TR-PEIS procedure for PEM-WE in closed cathode configuration with OCV time gap 30 s, with PEIS frequency in between 65Hz and 10Hz."
89,VZ2_062_021_UK_D_0089_v2.mpt,closed_cell_time_gaps,"1,46 V different time gaps closed cell\L_05_Loopeis 1,46V_30s_5_PEIS from 65Hz to 10Hz_15_PEIS_C01.mpt",.mpt,PEIS,"Electrochemical data from technique PEIS in TR-PEIS procedure for PEM-WE in closed cathode configuration with OCV time gap 30 s, with PEIS frequency in between 65Hz and 10Hz."
90,VZ2_062_021_UK_D_0090_v2.mpt,closed_cell_time_gaps,"1,46 V different time gaps closed cell\L_05_Loopeis 1,46V_30s_5_PEIS from 65Hz to 10Hz_16_OCV_C01.mpt",.mpt,OCV,"Electrochemical data from technique OCV in TR-PEIS procedure for PEM-WE in closed cathode configuration with OCV time gap 30 s, with PEIS frequency in between 65Hz and 10Hz."
91,VZ2_062_021_UK_D_0091_v2.mpt,closed_cell_time_gaps,"1,46 V different time gaps closed cell\L_05_Loopeis 1,46V_30s_5_PEIS from 65Hz to 10Hz_17_CA_C01.mpt",.mpt,CA,"Electrochemical data from technique CA in TR-PEIS procedure for PEM-WE in closed cathode configuration with OCV time gap 30 s, with PEIS frequency in between 65Hz and 10Hz."
92,VZ2_062_021_UK_D_0092_v2.mpt,closed_cell_time_gaps,"1,46 V different time gaps closed cell\L_05_Loopeis 1,46V_30s_5_PEIS from 65Hz to 10Hz_18_OCV_C01.mpt",.mpt,OCV,"Electrochemical data from technique OCV in TR-PEIS procedure for PEM-WE in closed cathode configuration with OCV time gap 30 s, with PEIS frequency in between 65Hz and 10Hz."
93,VZ2_062_021_UK_D_0093_v2.mpt,closed_cell_time_gaps,"1,46 V different time gaps closed cell\L_05_Loopeis 1,46V_30s_5_PEIS from 65Hz to 10Hz_19_PEIS_C01.mpt",.mpt,PEIS,"Electrochemical data from technique PEIS in TR-PEIS procedure for PEM-WE in closed cathode configuration with OCV time gap 30 s, with PEIS frequency in between 65Hz and 10Hz."
94,VZ2_062_021_UK_D_0094_v2.mpt,closed_cell_time_gaps,"1,46 V different time gaps closed cell\L_05_Loopeis 1,46V_30s_5_PEIS from 65Hz to 10Hz_20_OCV_C01.mpt",.mpt,OCV,"Electrochemical data from technique OCV in TR-PEIS procedure for PEM-WE in closed cathode configuration with OCV time gap 30 s, with PEIS frequency in between 65Hz and 10Hz."
95,VZ2_062_021_UK_D_0095_v2.mpt,closed_cell_time_gaps,"1,46 V different time gaps closed cell\L_06_Loopeis 1,46V_45s_1_initial_loops_01_CA_C01.mpt",.mpt,CA,"Electrochemical data from technique CA in TR-PEIS procedure for PEM-WE in closed cathode configuration with OCV time gap 45 s, initial loops."
96,VZ2_062_021_UK_D_0096_v2.mpt,closed_cell_time_gaps,"1,46 V different time gaps closed cell\L_06_Loopeis 1,46V_45s_1_initial_loops_02_OCV_C01.mpt",.mpt,OCV,"Electrochemical data from technique OCV in TR-PEIS procedure for PEM-WE in closed cathode configuration with OCV time gap 45 s, initial loops."
97,VZ2_062_021_UK_D_0097_v2.mpt,closed_cell_time_gaps,"1,46 V different time gaps closed cell\L_07_Loopeis 1,46V_45s_2_PEIS from 65kHz to 10kHz_01_CA_C01.mpt",.mpt,CA,"Electrochemical data from technique CA in TR-PEIS procedure for PEM-WE in closed cathode configuration with OCV time gap 45 s, with PEIS frequency in between 65kHz and 10kHz."
98,VZ2_062_021_UK_D_0098_v2.mpt,closed_cell_time_gaps,"1,46 V different time gaps closed cell\L_07_Loopeis 1,46V_45s_2_PEIS from 65kHz to 10kHz_02_OCV_C01.mpt",.mpt,OCV,"Electrochemical data from technique OCV in TR-PEIS procedure for PEM-WE in closed cathode configuration with OCV time gap 45 s, with PEIS frequency in between 65kHz and 10kHz."
99,VZ2_062_021_UK_D_0099_v2.mpt,closed_cell_time_gaps,"1,46 V different time gaps closed cell\L_07_Loopeis 1,46V_45s_2_PEIS from 65kHz to 10kHz_03_PEIS_C01.mpt",.mpt,PEIS,"Electrochemical data from technique PEIS in TR-PEIS procedure for PEM-WE in closed cathode configuration with OCV time gap 45 s, with PEIS frequency in between 65kHz and 10kHz."
100,VZ2_062_021_UK_D_0100_v2.mpt,closed_cell_time_gaps,"1,46 V different time gaps closed cell\L_07_Loopeis 1,46V_45s_2_PEIS from 65kHz to 10kHz_04_OCV_C01.mpt",.mpt,OCV,"Electrochemical data from technique OCV in TR-PEIS procedure for PEM-WE in closed cathode configuration with OCV time gap 45 s, with PEIS frequency in between 65kHz and 10kHz."
101,VZ2_062_021_UK_D_0101_v2.mpt,closed_cell_time_gaps,"1,46 V different time gaps closed cell\L_07_Loopeis 1,46V_45s_2_PEIS from 65kHz to 10kHz_05_CA_C01.mpt",.mpt,CA,"Electrochemical data from technique CA in TR-PEIS procedure for PEM-WE in closed cathode configuration with OCV time gap 45 s, with PEIS frequency in between 65kHz and 10kHz."
102,VZ2_062_021_UK_D_0102_v2.mpt,closed_cell_time_gaps,"1,46 V different time gaps closed cell\L_07_Loopeis 1,46V_45s_2_PEIS from 65kHz to 10kHz_06_OCV_C01.mpt",.mpt,OCV,"Electrochemical data from technique OCV in TR-PEIS procedure for PEM-WE in closed cathode configuration with OCV time gap 45 s, with PEIS frequency in between 65kHz and 10kHz."
103,VZ2_062_021_UK_D_0103_v2.mpt,closed_cell_time_gaps,"1,46 V different time gaps closed cell\L_07_Loopeis 1,46V_45s_2_PEIS from 65kHz to 10kHz_07_PEIS_C01.mpt",.mpt,PEIS,"Electrochemical data from technique PEIS in TR-PEIS procedure for PEM-WE in closed cathode configuration with OCV time gap 45 s, with PEIS frequency in between 65kHz and 10kHz."
104,VZ2_062_021_UK_D_0104_v2.mpt,closed_cell_time_gaps,"1,46 V different time gaps closed cell\L_07_Loopeis 1,46V_45s_2_PEIS from 65kHz to 10kHz_08_OCV_C01.mpt",.mpt,OCV,"Electrochemical data from technique OCV in TR-PEIS procedure for PEM-WE in closed cathode configuration with OCV time gap 45 s, with PEIS frequency in between 65kHz and 10kHz."
105,VZ2_062_021_UK_D_0105_v2.mpt,closed_cell_time_gaps,"1,46 V different time gaps closed cell\L_07_Loopeis 1,46V_45s_2_PEIS from 65kHz to 10kHz_09_CA_C01.mpt",.mpt,CA,"Electrochemical data from technique CA in TR-PEIS procedure for PEM-WE in closed cathode configuration with OCV time gap 45 s, with PEIS frequency in between 65kHz and 10kHz."
106,VZ2_062_021_UK_D_0106_v2.mpt,closed_cell_time_gaps,"1,46 V different time gaps closed cell\L_07_Loopeis 1,46V_45s_2_PEIS from 65kHz to 10kHz_10_OCV_C01.mpt",.mpt,OCV,"Electrochemical data from technique OCV in TR-PEIS procedure for PEM-WE in closed cathode configuration with OCV time gap 45 s, with PEIS frequency in between 65kHz and 10kHz."
107,VZ2_062_021_UK_D_0107_v2.mpt,closed_cell_time_gaps,"1,46 V different time gaps closed cell\L_07_Loopeis 1,46V_45s_2_PEIS from 65kHz to 10kHz_11_PEIS_C01.mpt",.mpt,PEIS,"Electrochemical data from technique PEIS in TR-PEIS procedure for PEM-WE in closed cathode configuration with OCV time gap 45 s, with PEIS frequency in between 65kHz and 10kHz."
108,VZ2_062_021_UK_D_0108_v2.mpt,closed_cell_time_gaps,"1,46 V different time gaps closed cell\L_07_Loopeis 1,46V_45s_2_PEIS from 65kHz to 10kHz_12_OCV_C01.mpt",.mpt,OCV,"Electrochemical data from technique OCV in TR-PEIS procedure for PEM-WE in closed cathode configuration with OCV time gap 45 s, with PEIS frequency in between 65kHz and 10kHz."
109,VZ2_062_021_UK_D_0109_v2.mpt,closed_cell_time_gaps,"1,46 V different time gaps closed cell\L_07_Loopeis 1,46V_45s_2_PEIS from 65kHz to 10kHz_13_CA_C01.mpt",.mpt,CA,"Electrochemical data from technique CA in TR-PEIS procedure for PEM-WE in closed cathode configuration with OCV time gap 45 s, with PEIS frequency in between 65kHz and 10kHz."
110,VZ2_062_021_UK_D_0110_v2.mpt,closed_cell_time_gaps,"1,46 V different time gaps closed cell\L_07_Loopeis 1,46V_45s_2_PEIS from 65kHz to 10kHz_14_OCV_C01.mpt",.mpt,OCV,"Electrochemical data from technique OCV in TR-PEIS procedure for PEM-WE in closed cathode configuration with OCV time gap 45 s, with PEIS frequency in between 65kHz and 10kHz."
111,VZ2_062_021_UK_D_0111_v2.mpt,closed_cell_time_gaps,"1,46 V different time gaps closed cell\L_07_Loopeis 1,46V_45s_2_PEIS from 65kHz to 10kHz_15_PEIS_C01.mpt",.mpt,PEIS,"Electrochemical data from technique PEIS in TR-PEIS procedure for PEM-WE in closed cathode configuration with OCV time gap 45 s, with PEIS frequency in between 65kHz and 10kHz."
112,VZ2_062_021_UK_D_0112_v2.mpt,closed_cell_time_gaps,"1,46 V different time gaps closed cell\L_07_Loopeis 1,46V_45s_2_PEIS from 65kHz to 10kHz_16_OCV_C01.mpt",.mpt,OCV,"Electrochemical data from technique OCV in TR-PEIS procedure for PEM-WE in closed cathode configuration with OCV time gap 45 s, with PEIS frequency in between 65kHz and 10kHz."
113,VZ2_062_021_UK_D_0113_v2.mpt,closed_cell_time_gaps,"1,46 V different time gaps closed cell\L_07_Loopeis 1,46V_45s_2_PEIS from 65kHz to 10kHz_17_CA_C01.mpt",.mpt,CA,"Electrochemical data from technique CA in TR-PEIS procedure for PEM-WE in closed cathode configuration with OCV time gap 45 s, with PEIS frequency in between 65kHz and 10kHz."
114,VZ2_062_021_UK_D_0114_v2.mpt,closed_cell_time_gaps,"1,46 V different time gaps closed cell\L_07_Loopeis 1,46V_45s_2_PEIS from 65kHz to 10kHz_18_OCV_C01.mpt",.mpt,OCV,"Electrochemical data from technique OCV in TR-PEIS procedure for PEM-WE in closed cathode configuration with OCV time gap 45 s, with PEIS frequency in between 65kHz and 10kHz."
115,VZ2_062_021_UK_D_0115_v2.mpt,closed_cell_time_gaps,"1,46 V different time gaps closed cell\L_07_Loopeis 1,46V_45s_2_PEIS from 65kHz to 10kHz_19_PEIS_C01.mpt",.mpt,PEIS,"Electrochemical data from technique PEIS in TR-PEIS procedure for PEM-WE in closed cathode configuration with OCV time gap 45 s, with PEIS frequency in between 65kHz and 10kHz."
116,VZ2_062_021_UK_D_0116_v2.mpt,closed_cell_time_gaps,"1,46 V different time gaps closed cell\L_07_Loopeis 1,46V_45s_2_PEIS from 65kHz to 10kHz_20_OCV_C01.mpt",.mpt,OCV,"Electrochemical data from technique OCV in TR-PEIS procedure for PEM-WE in closed cathode configuration with OCV time gap 45 s, with PEIS frequency in between 65kHz and 10kHz."
117,VZ2_062_021_UK_D_0117_v2.mpt,closed_cell_time_gaps,"1,46 V different time gaps closed cell\L_08_Loopeis 1,46V_45s_3_PEIS from 6500Hz to 1000Hz_01_CA_C01.mpt",.mpt,CA,"Electrochemical data from technique CA in TR-PEIS procedure for PEM-WE in closed cathode configuration with OCV time gap 45 s, with PEIS frequency in between 6500Hz and 1000Hz."
118,VZ2_062_021_UK_D_0118_v2.mpt,closed_cell_time_gaps,"1,46 V different time gaps closed cell\L_08_Loopeis 1,46V_45s_3_PEIS from 6500Hz to 1000Hz_02_OCV_C01.mpt",.mpt,OCV,"Electrochemical data from technique OCV in TR-PEIS procedure for PEM-WE in closed cathode configuration with OCV time gap 45 s, with PEIS frequency in between 6500Hz and 1000Hz."
119,VZ2_062_021_UK_D_0119_v2.mpt,closed_cell_time_gaps,"1,46 V different time gaps closed cell\L_08_Loopeis 1,46V_45s_3_PEIS from 6500Hz to 1000Hz_03_PEIS_C01.mpt",.mpt,PEIS,"Electrochemical data from technique PEIS in TR-PEIS procedure for PEM-WE in closed cathode configuration with OCV time gap 45 s, with PEIS frequency in between 6500Hz and 1000Hz."
120,VZ2_062_021_UK_D_0120_v2.mpt,closed_cell_time_gaps,"1,46 V different time gaps closed cell\L_08_Loopeis 1,46V_45s_3_PEIS from 6500Hz to 1000Hz_04_OCV_C01.mpt",.mpt,OCV,"Electrochemical data from technique OCV in TR-PEIS procedure for PEM-WE in closed cathode configuration with OCV time gap 45 s, with PEIS frequency in between 6500Hz and 1000Hz."
121,VZ2_062_021_UK_D_0121_v2.mpt,closed_cell_time_gaps,"1,46 V different time gaps closed cell\L_08_Loopeis 1,46V_45s_3_PEIS from 6500Hz to 1000Hz_05_CA_C01.mpt",.mpt,CA,"Electrochemical data from technique CA in TR-PEIS procedure for PEM-WE in closed cathode configuration with OCV time gap 45 s, with PEIS frequency in between 6500Hz and 1000Hz."
122,VZ2_062_021_UK_D_0122_v2.mpt,closed_cell_time_gaps,"1,46 V different time gaps closed cell\L_08_Loopeis 1,46V_45s_3_PEIS from 6500Hz to 1000Hz_06_OCV_C01.mpt",.mpt,OCV,"Electrochemical data from technique OCV in TR-PEIS procedure for PEM-WE in closed cathode configuration with OCV time gap 45 s, with PEIS frequency in between 6500Hz and 1000Hz."
123,VZ2_062_021_UK_D_0123_v2.mpt,closed_cell_time_gaps,"1,46 V different time gaps closed cell\L_08_Loopeis 1,46V_45s_3_PEIS from 6500Hz to 1000Hz_07_PEIS_C01.mpt",.mpt,PEIS,"Electrochemical data from technique PEIS in TR-PEIS procedure for PEM-WE in closed cathode configuration with OCV time gap 45 s, with PEIS frequency in between 6500Hz and 1000Hz."
124,VZ2_062_021_UK_D_0124_v2.mpt,closed_cell_time_gaps,"1,46 V different time gaps closed cell\L_08_Loopeis 1,46V_45s_3_PEIS from 6500Hz to 1000Hz_08_OCV_C01.mpt",.mpt,OCV,"Electrochemical data from technique OCV in TR-PEIS procedure for PEM-WE in closed cathode configuration with OCV time gap 45 s, with PEIS frequency in between 6500Hz and 1000Hz."
125,VZ2_062_021_UK_D_0125_v2.mpt,closed_cell_time_gaps,"1,46 V different time gaps closed cell\L_08_Loopeis 1,46V_45s_3_PEIS from 6500Hz to 1000Hz_09_CA_C01.mpt",.mpt,CA,"Electrochemical data from technique CA in TR-PEIS procedure for PEM-WE in closed cathode configuration with OCV time gap 45 s, with PEIS frequency in between 6500Hz and 1000Hz."
126,VZ2_062_021_UK_D_0126_v2.mpt,closed_cell_time_gaps,"1,46 V different time gaps closed cell\L_08_Loopeis 1,46V_45s_3_PEIS from 6500Hz to 1000Hz_10_OCV_C01.mpt",.mpt,OCV,"Electrochemical data from technique OCV in TR-PEIS procedure for PEM-WE in closed cathode configuration with OCV time gap 45 s, with PEIS frequency in between 6500Hz and 1000Hz."
127,VZ2_062_021_UK_D_0127_v2.mpt,closed_cell_time_gaps,"1,46 V different time gaps closed cell\L_08_Loopeis 1,46V_45s_3_PEIS from 6500Hz to 1000Hz_11_PEIS_C01.mpt",.mpt,PEIS,"Electrochemical data from technique PEIS in TR-PEIS procedure for PEM-WE in closed cathode configuration with OCV time gap 45 s, with PEIS frequency in between 6500Hz and 1000Hz."
128,VZ2_062_021_UK_D_0128_v2.mpt,closed_cell_time_gaps,"1,46 V different time gaps closed cell\L_08_Loopeis 1,46V_45s_3_PEIS from 6500Hz to 1000Hz_12_OCV_C01.mpt",.mpt,OCV,"Electrochemical data from technique OCV in TR-PEIS procedure for PEM-WE in closed cathode configuration with OCV time gap 45 s, with PEIS frequency in between 6500Hz and 1000Hz."
129,VZ2_062_021_UK_D_0129_v2.mpt,closed_cell_time_gaps,"1,46 V different time gaps closed cell\L_08_Loopeis 1,46V_45s_3_PEIS from 6500Hz to 1000Hz_13_CA_C01.mpt",.mpt,CA,"Electrochemical data from technique CA in TR-PEIS procedure for PEM-WE in closed cathode configuration with OCV time gap 45 s, with PEIS frequency in between 6500Hz and 1000Hz."
130,VZ2_062_021_UK_D_0130_v2.mpt,closed_cell_time_gaps,"1,46 V different time gaps closed cell\L_08_Loopeis 1,46V_45s_3_PEIS from 6500Hz to 1000Hz_14_OCV_C01.mpt",.mpt,OCV,"Electrochemical data from technique OCV in TR-PEIS procedure for PEM-WE in closed cathode configuration with OCV time gap 45 s, with PEIS frequency in between 6500Hz and 1000Hz."
131,VZ2_062_021_UK_D_0131_v2.mpt,closed_cell_time_gaps,"1,46 V different time gaps closed cell\L_08_Loopeis 1,46V_45s_3_PEIS from 6500Hz to 1000Hz_15_PEIS_C01.mpt",.mpt,PEIS,"Electrochemical data from technique PEIS in TR-PEIS procedure for PEM-WE in closed cathode configuration with OCV time gap 45 s, with PEIS frequency in between 6500Hz and 1000Hz."
132,VZ2_062_021_UK_D_0132_v2.mpt,closed_cell_time_gaps,"1,46 V different time gaps closed cell\L_08_Loopeis 1,46V_45s_3_PEIS from 6500Hz to 1000Hz_16_OCV_C01.mpt",.mpt,OCV,"Electrochemical data from technique OCV in TR-PEIS procedure for PEM-WE in closed cathode configuration with OCV time gap 45 s, with PEIS frequency in between 6500Hz and 1000Hz."
133,VZ2_062_021_UK_D_0133_v2.mpt,closed_cell_time_gaps,"1,46 V different time gaps closed cell\L_08_Loopeis 1,46V_45s_3_PEIS from 6500Hz to 1000Hz_17_CA_C01.mpt",.mpt,CA,"Electrochemical data from technique CA in TR-PEIS procedure for PEM-WE in closed cathode configuration with OCV time gap 45 s, with PEIS frequency in between 6500Hz and 1000Hz."
134,VZ2_062_021_UK_D_0134_v2.mpt,closed_cell_time_gaps,"1,46 V different time gaps closed cell\L_08_Loopeis 1,46V_45s_3_PEIS from 6500Hz to 1000Hz_18_OCV_C01.mpt",.mpt,OCV,"Electrochemical data from technique OCV in TR-PEIS procedure for PEM-WE in closed cathode configuration with OCV time gap 45 s, with PEIS frequency in between 6500Hz and 1000Hz."
135,VZ2_062_021_UK_D_0135_v2.mpt,closed_cell_time_gaps,"1,46 V different time gaps closed cell\L_08_Loopeis 1,46V_45s_3_PEIS from 6500Hz to 1000Hz_19_PEIS_C01.mpt",.mpt,PEIS,"Electrochemical data from technique PEIS in TR-PEIS procedure for PEM-WE in closed cathode configuration with OCV time gap 45 s, with PEIS frequency in between 6500Hz and 1000Hz."
136,VZ2_062_021_UK_D_0136_v2.mpt,closed_cell_time_gaps,"1,46 V different time gaps closed cell\L_08_Loopeis 1,46V_45s_3_PEIS from 6500Hz to 1000Hz_20_OCV_C01.mpt",.mpt,OCV,"Electrochemical data from technique OCV in TR-PEIS procedure for PEM-WE in closed cathode configuration with OCV time gap 45 s, with PEIS frequency in between 6500Hz and 1000Hz."
137,VZ2_062_021_UK_D_0137_v2.mpt,closed_cell_time_gaps,"1,46 V different time gaps closed cell\L_09_Loopeis 1,46V_45s_4_PEIS from 650Hz to 100Hz_01_CA_C01.mpt",.mpt,CA,"Electrochemical data from technique CA in TR-PEIS procedure for PEM-WE in closed cathode configuration with OCV time gap 45 s, with PEIS frequency in between 650Hz and 100Hz."
138,VZ2_062_021_UK_D_0138_v2.mpt,closed_cell_time_gaps,"1,46 V different time gaps closed cell\L_09_Loopeis 1,46V_45s_4_PEIS from 650Hz to 100Hz_02_OCV_C01.mpt",.mpt,OCV,"Electrochemical data from technique OCV in TR-PEIS procedure for PEM-WE in closed cathode configuration with OCV time gap 45 s, with PEIS frequency in between 650Hz and 100Hz."
139,VZ2_062_021_UK_D_0139_v2.mpt,closed_cell_time_gaps,"1,46 V different time gaps closed cell\L_09_Loopeis 1,46V_45s_4_PEIS from 650Hz to 100Hz_03_PEIS_C01.mpt",.mpt,PEIS,"Electrochemical data from technique PEIS in TR-PEIS procedure for PEM-WE in closed cathode configuration with OCV time gap 45 s, with PEIS frequency in between 650Hz and 100Hz."
140,VZ2_062_021_UK_D_0140_v2.mpt,closed_cell_time_gaps,"1,46 V different time gaps closed cell\L_09_Loopeis 1,46V_45s_4_PEIS from 650Hz to 100Hz_04_OCV_C01.mpt",.mpt,OCV,"Electrochemical data from technique OCV in TR-PEIS procedure for PEM-WE in closed cathode configuration with OCV time gap 45 s, with PEIS frequency in between 650Hz and 100Hz."
141,VZ2_062_021_UK_D_0141_v2.mpt,closed_cell_time_gaps,"1,46 V different time gaps closed cell\L_09_Loopeis 1,46V_45s_4_PEIS from 650Hz to 100Hz_05_CA_C01.mpt",.mpt,CA,"Electrochemical data from technique CA in TR-PEIS procedure for PEM-WE in closed cathode configuration with OCV time gap 45 s, with PEIS frequency in between 650Hz and 100Hz."
142,VZ2_062_021_UK_D_0142_v2.mpt,closed_cell_time_gaps,"1,46 V different time gaps closed cell\L_09_Loopeis 1,46V_45s_4_PEIS from 650Hz to 100Hz_06_OCV_C01.mpt",.mpt,OCV,"Electrochemical data from technique OCV in TR-PEIS procedure for PEM-WE in closed cathode configuration with OCV time gap 45 s, with PEIS frequency in between 650Hz and 100Hz."
143,VZ2_062_021_UK_D_0143_v2.mpt,closed_cell_time_gaps,"1,46 V different time gaps closed cell\L_09_Loopeis 1,46V_45s_4_PEIS from 650Hz to 100Hz_07_PEIS_C01.mpt",.mpt,PEIS,"Electrochemical data from technique PEIS in TR-PEIS procedure for PEM-WE in closed cathode configuration with OCV time gap 45 s, with PEIS frequency in between 650Hz and 100Hz."
144,VZ2_062_021_UK_D_0144_v2.mpt,closed_cell_time_gaps,"1,46 V different time gaps closed cell\L_09_Loopeis 1,46V_45s_4_PEIS from 650Hz to 100Hz_08_OCV_C01.mpt",.mpt,OCV,"Electrochemical data from technique OCV in TR-PEIS procedure for PEM-WE in closed cathode configuration with OCV time gap 45 s, with PEIS frequency in between 650Hz and 100Hz."
145,VZ2_062_021_UK_D_0145_v2.mpt,closed_cell_time_gaps,"1,46 V different time gaps closed cell\L_09_Loopeis 1,46V_45s_4_PEIS from 650Hz to 100Hz_09_CA_C01.mpt",.mpt,CA,"Electrochemical data from technique CA in TR-PEIS procedure for PEM-WE in closed cathode configuration with OCV time gap 45 s, with PEIS frequency in between 650Hz and 100Hz."
146,VZ2_062_021_UK_D_0146_v2.mpt,closed_cell_time_gaps,"1,46 V different time gaps closed cell\L_09_Loopeis 1,46V_45s_4_PEIS from 650Hz to 100Hz_10_OCV_C01.mpt",.mpt,OCV,"Electrochemical data from technique OCV in TR-PEIS procedure for PEM-WE in closed cathode configuration with OCV time gap 45 s, with PEIS frequency in between 650Hz and 100Hz."
147,VZ2_062_021_UK_D_0147_v2.mpt,closed_cell_time_gaps,"1,46 V different time gaps closed cell\L_09_Loopeis 1,46V_45s_4_PEIS from 650Hz to 100Hz_11_PEIS_C01.mpt",.mpt,PEIS,"Electrochemical data from technique PEIS in TR-PEIS procedure for PEM-WE in closed cathode configuration with OCV time gap 45 s, with PEIS frequency in between 650Hz and 100Hz."
148,VZ2_062_021_UK_D_0148_v2.mpt,closed_cell_time_gaps,"1,46 V different time gaps closed cell\L_09_Loopeis 1,46V_45s_4_PEIS from 650Hz to 100Hz_12_OCV_C01.mpt",.mpt,OCV,"Electrochemical data from technique OCV in TR-PEIS procedure for PEM-WE in closed cathode configuration with OCV time gap 45 s, with PEIS frequency in between 650Hz and 100Hz."
149,VZ2_062_021_UK_D_0149_v2.mpt,closed_cell_time_gaps,"1,46 V different time gaps closed cell\L_09_Loopeis 1,46V_45s_4_PEIS from 650Hz to 100Hz_13_CA_C01.mpt",.mpt,CA,"Electrochemical data from technique CA in TR-PEIS procedure for PEM-WE in closed cathode configuration with OCV time gap 45 s, with PEIS frequency in between 650Hz and 100Hz."
150,VZ2_062_021_UK_D_0150_v2.mpt,closed_cell_time_gaps,"1,46 V different time gaps closed cell\L_09_Loopeis 1,46V_45s_4_PEIS from 650Hz to 100Hz_14_OCV_C01.mpt",.mpt,OCV,"Electrochemical data from technique OCV in TR-PEIS procedure for PEM-WE in closed cathode configuration with OCV time gap 45 s, with PEIS frequency in between 650Hz and 100Hz."
151,VZ2_062_021_UK_D_0151_v2.mpt,closed_cell_time_gaps,"1,46 V different time gaps closed cell\L_09_Loopeis 1,46V_45s_4_PEIS from 650Hz to 100Hz_15_PEIS_C01.mpt",.mpt,PEIS,"Electrochemical data from technique PEIS in TR-PEIS procedure for PEM-WE in closed cathode configuration with OCV time gap 45 s, with PEIS frequency in between 650Hz and 100Hz."
152,VZ2_062_021_UK_D_0152_v2.mpt,closed_cell_time_gaps,"1,46 V different time gaps closed cell\L_09_Loopeis 1,46V_45s_4_PEIS from 650Hz to 100Hz_16_OCV_C01.mpt",.mpt,OCV,"Electrochemical data from technique OCV in TR-PEIS procedure for PEM-WE in closed cathode configuration with OCV time gap 45 s, with PEIS frequency in between 650Hz and 100Hz."
153,VZ2_062_021_UK_D_0153_v2.mpt,closed_cell_time_gaps,"1,46 V different time gaps closed cell\L_09_Loopeis 1,46V_45s_4_PEIS from 650Hz to 100Hz_17_CA_C01.mpt",.mpt,CA,"Electrochemical data from technique CA in TR-PEIS procedure for PEM-WE in closed cathode configuration with OCV time gap 45 s, with PEIS frequency in between 650Hz and 100Hz."
154,VZ2_062_021_UK_D_0154_v2.mpt,closed_cell_time_gaps,"1,46 V different time gaps closed cell\L_09_Loopeis 1,46V_45s_4_PEIS from 650Hz to 100Hz_18_OCV_C01.mpt",.mpt,OCV,"Electrochemical data from technique OCV in TR-PEIS procedure for PEM-WE in closed cathode configuration with OCV time gap 45 s, with PEIS frequency in between 650Hz and 100Hz."
155,VZ2_062_021_UK_D_0155_v2.mpt,closed_cell_time_gaps,"1,46 V different time gaps closed cell\L_09_Loopeis 1,46V_45s_4_PEIS from 650Hz to 100Hz_19_PEIS_C01.mpt",.mpt,PEIS,"Electrochemical data from technique PEIS in TR-PEIS procedure for PEM-WE in closed cathode configuration with OCV time gap 45 s, with PEIS frequency in between 650Hz and 100Hz."
156,VZ2_062_021_UK_D_0156_v2.mpt,closed_cell_time_gaps,"1,46 V different time gaps closed cell\L_09_Loopeis 1,46V_45s_4_PEIS from 650Hz to 100Hz_20_OCV_C01.mpt",.mpt,OCV,"Electrochemical data from technique OCV in TR-PEIS procedure for PEM-WE in closed cathode configuration with OCV time gap 45 s, with PEIS frequency in between 650Hz and 100Hz."
157,VZ2_062_021_UK_D_0157_v2.mpt,closed_cell_time_gaps,"1,46 V different time gaps closed cell\L_10_Loopeis 1,46V_45s_5_PEIS from 65Hz to 10Hz_01_CA_C01.mpt",.mpt,CA,"Electrochemical data from technique CA in TR-PEIS procedure for PEM-WE in closed cathode configuration with OCV time gap 45 s, with PEIS frequency in between 65Hz and 10Hz."
158,VZ2_062_021_UK_D_0158_v2.mpt,closed_cell_time_gaps,"1,46 V different time gaps closed cell\L_10_Loopeis 1,46V_45s_5_PEIS from 65Hz to 10Hz_02_OCV_C01.mpt",.mpt,OCV,"Electrochemical data from technique OCV in TR-PEIS procedure for PEM-WE in closed cathode configuration with OCV time gap 45 s, with PEIS frequency in between 65Hz and 10Hz."
159,VZ2_062_021_UK_D_0159_v2.mpt,closed_cell_time_gaps,"1,46 V different time gaps closed cell\L_10_Loopeis 1,46V_45s_5_PEIS from 65Hz to 10Hz_03_PEIS_C01.mpt",.mpt,PEIS,"Electrochemical data from technique PEIS in TR-PEIS procedure for PEM-WE in closed cathode configuration with OCV time gap 45 s, with PEIS frequency in between 65Hz and 10Hz."
160,VZ2_062_021_UK_D_0160_v2.mpt,closed_cell_time_gaps,"1,46 V different time gaps closed cell\L_10_Loopeis 1,46V_45s_5_PEIS from 65Hz to 10Hz_04_OCV_C01.mpt",.mpt,OCV,"Electrochemical data from technique OCV in TR-PEIS procedure for PEM-WE in closed cathode configuration with OCV time gap 45 s, with PEIS frequency in between 65Hz and 10Hz."
161,VZ2_062_021_UK_D_0161_v2.mpt,closed_cell_time_gaps,"1,46 V different time gaps closed cell\L_10_Loopeis 1,46V_45s_5_PEIS from 65Hz to 10Hz_05_CA_C01.mpt",.mpt,CA,"Electrochemical data from technique CA in TR-PEIS procedure for PEM-WE in closed cathode configuration with OCV time gap 45 s, with PEIS frequency in between 65Hz and 10Hz."
162,VZ2_062_021_UK_D_0162_v2.mpt,closed_cell_time_gaps,"1,46 V different time gaps closed cell\L_10_Loopeis 1,46V_45s_5_PEIS from 65Hz to 10Hz_06_OCV_C01.mpt",.mpt,OCV,"Electrochemical data from technique OCV in TR-PEIS procedure for PEM-WE in closed cathode configuration with OCV time gap 45 s, with PEIS frequency in between 65Hz and 10Hz."
163,VZ2_062_021_UK_D_0163_v2.mpt,closed_cell_time_gaps,"1,46 V different time gaps closed cell\L_10_Loopeis 1,46V_45s_5_PEIS from 65Hz to 10Hz_07_PEIS_C01.mpt",.mpt,PEIS,"Electrochemical data from technique PEIS in TR-PEIS procedure for PEM-WE in closed cathode configuration with OCV time gap 45 s, with PEIS frequency in between 65Hz and 10Hz."
164,VZ2_062_021_UK_D_0164_v2.mpt,closed_cell_time_gaps,"1,46 V different time gaps closed cell\L_10_Loopeis 1,46V_45s_5_PEIS from 65Hz to 10Hz_08_OCV_C01.mpt",.mpt,OCV,"Electrochemical data from technique OCV in TR-PEIS procedure for PEM-WE in closed cathode configuration with OCV time gap 45 s, with PEIS frequency in between 65Hz and 10Hz."
165,VZ2_062_021_UK_D_0165_v2.mpt,closed_cell_time_gaps,"1,46 V different time gaps closed cell\L_10_Loopeis 1,46V_45s_5_PEIS from 65Hz to 10Hz_09_CA_C01.mpt",.mpt,CA,"Electrochemical data from technique CA in TR-PEIS procedure for PEM-WE in closed cathode configuration with OCV time gap 45 s, with PEIS frequency in between 65Hz and 10Hz."
166,VZ2_062_021_UK_D_0166_v2.mpt,closed_cell_time_gaps,"1,46 V different time gaps closed cell\L_10_Loopeis 1,46V_45s_5_PEIS from 65Hz to 10Hz_10_OCV_C01.mpt",.mpt,OCV,"Electrochemical data from technique OCV in TR-PEIS procedure for PEM-WE in closed cathode configuration with OCV time gap 45 s, with PEIS frequency in between 65Hz and 10Hz."
167,VZ2_062_021_UK_D_0167_v2.mpt,closed_cell_time_gaps,"1,46 V different time gaps closed cell\L_10_Loopeis 1,46V_45s_5_PEIS from 65Hz to 10Hz_11_PEIS_C01.mpt",.mpt,PEIS,"Electrochemical data from technique PEIS in TR-PEIS procedure for PEM-WE in closed cathode configuration with OCV time gap 45 s, with PEIS frequency in between 65Hz and 10Hz."
168,VZ2_062_021_UK_D_0168_v2.mpt,closed_cell_time_gaps,"1,46 V different time gaps closed cell\L_10_Loopeis 1,46V_45s_5_PEIS from 65Hz to 10Hz_12_OCV_C01.mpt",.mpt,OCV,"Electrochemical data from technique OCV in TR-PEIS procedure for PEM-WE in closed cathode configuration with OCV time gap 45 s, with PEIS frequency in between 65Hz and 10Hz."
169,VZ2_062_021_UK_D_0169_v2.mpt,closed_cell_time_gaps,"1,46 V different time gaps closed cell\L_10_Loopeis 1,46V_45s_5_PEIS from 65Hz to 10Hz_13_CA_C01.mpt",.mpt,CA,"Electrochemical data from technique CA in TR-PEIS procedure for PEM-WE in closed cathode configuration with OCV time gap 45 s, with PEIS frequency in between 65Hz and 10Hz."
170,VZ2_062_021_UK_D_0170_v2.mpt,closed_cell_time_gaps,"1,46 V different time gaps closed cell\L_10_Loopeis 1,46V_45s_5_PEIS from 65Hz to 10Hz_14_OCV_C01.mpt",.mpt,OCV,"Electrochemical data from technique OCV in TR-PEIS procedure for PEM-WE in closed cathode configuration with OCV time gap 45 s, with PEIS frequency in between 65Hz and 10Hz."
171,VZ2_062_021_UK_D_0171_v2.mpt,closed_cell_time_gaps,"1,46 V different time gaps closed cell\L_10_Loopeis 1,46V_45s_5_PEIS from 65Hz to 10Hz_15_PEIS_C01.mpt",.mpt,PEIS,"Electrochemical data from technique PEIS in TR-PEIS procedure for PEM-WE in closed cathode configuration with OCV time gap 45 s, with PEIS frequency in between 65Hz and 10Hz."
172,VZ2_062_021_UK_D_0172_v2.mpt,closed_cell_time_gaps,"1,46 V different time gaps closed cell\L_10_Loopeis 1,46V_45s_5_PEIS from 65Hz to 10Hz_16_OCV_C01.mpt",.mpt,OCV,"Electrochemical data from technique OCV in TR-PEIS procedure for PEM-WE in closed cathode configuration with OCV time gap 45 s, with PEIS frequency in between 65Hz and 10Hz."
173,VZ2_062_021_UK_D_0173_v2.mpt,closed_cell_time_gaps,"1,46 V different time gaps closed cell\L_10_Loopeis 1,46V_45s_5_PEIS from 65Hz to 10Hz_17_CA_C01.mpt",.mpt,CA,"Electrochemical data from technique CA in TR-PEIS procedure for PEM-WE in closed cathode configuration with OCV time gap 45 s, with PEIS frequency in between 65Hz and 10Hz."
174,VZ2_062_021_UK_D_0174_v2.mpt,closed_cell_time_gaps,"1,46 V different time gaps closed cell\L_10_Loopeis 1,46V_45s_5_PEIS from 65Hz to 10Hz_18_OCV_C01.mpt",.mpt,OCV,"Electrochemical data from technique OCV in TR-PEIS procedure for PEM-WE in closed cathode configuration with OCV time gap 45 s, with PEIS frequency in between 65Hz and 10Hz."
175,VZ2_062_021_UK_D_0175_v2.mpt,closed_cell_time_gaps,"1,46 V different time gaps closed cell\L_10_Loopeis 1,46V_45s_5_PEIS from 65Hz to 10Hz_19_PEIS_C01.mpt",.mpt,PEIS,"Electrochemical data from technique PEIS in TR-PEIS procedure for PEM-WE in closed cathode configuration with OCV time gap 45 s, with PEIS frequency in between 65Hz and 10Hz."
176,VZ2_062_021_UK_D_0176_v2.mpt,closed_cell_time_gaps,"1,46 V different time gaps closed cell\L_10_Loopeis 1,46V_45s_5_PEIS from 65Hz to 10Hz_20_OCV_C01.mpt",.mpt,OCV,"Electrochemical data from technique OCV in TR-PEIS procedure for PEM-WE in closed cathode configuration with OCV time gap 45 s, with PEIS frequency in between 65Hz and 10Hz."
177,VZ2_062_021_UK_D_0177_v2.mpt,closed_cell_time_gaps,"1,46 V different time gaps closed cell\L_11_Loopeis 1,46V_60s_1_initial_loops_01_CA_C01.mpt",.mpt,CA,"Electrochemical data from technique CA in TR-PEIS procedure for PEM-WE in closed cathode configuration with OCV time gap 60 s, initial loops."
178,VZ2_062_021_UK_D_0178_v2.mpt,closed_cell_time_gaps,"1,46 V different time gaps closed cell\L_11_Loopeis 1,46V_60s_1_initial_loops_02_OCV_C01.mpt",.mpt,OCV,"Electrochemical data from technique OCV in TR-PEIS procedure for PEM-WE in closed cathode configuration with OCV time gap 60 s, initial loops."
179,VZ2_062_021_UK_D_0179_v2.mpt,closed_cell_time_gaps,"1,46 V different time gaps closed cell\L_12_Loopeis 1,46V_60s_2_PEIS from 65kHz to 10kHz_01_CA_C01.mpt",.mpt,CA,"Electrochemical data from technique CA in TR-PEIS procedure for PEM-WE in closed cathode configuration with OCV time gap 60 s, with PEIS frequency in between 65kHz and 10kHz."
180,VZ2_062_021_UK_D_0180_v2.mpt,closed_cell_time_gaps,"1,46 V different time gaps closed cell\L_12_Loopeis 1,46V_60s_2_PEIS from 65kHz to 10kHz_02_OCV_C01.mpt",.mpt,OCV,"Electrochemical data from technique OCV in TR-PEIS procedure for PEM-WE in closed cathode configuration with OCV time gap 60 s, with PEIS frequency in between 65kHz and 10kHz."
181,VZ2_062_021_UK_D_0181_v2.mpt,closed_cell_time_gaps,"1,46 V different time gaps closed cell\L_12_Loopeis 1,46V_60s_2_PEIS from 65kHz to 10kHz_03_PEIS_C01.mpt",.mpt,PEIS,"Electrochemical data from technique PEIS in TR-PEIS procedure for PEM-WE in closed cathode configuration with OCV time gap 60 s, with PEIS frequency in between 65kHz and 10kHz."
182,VZ2_062_021_UK_D_0182_v2.mpt,closed_cell_time_gaps,"1,46 V different time gaps closed cell\L_12_Loopeis 1,46V_60s_2_PEIS from 65kHz to 10kHz_04_OCV_C01.mpt",.mpt,OCV,"Electrochemical data from technique OCV in TR-PEIS procedure for PEM-WE in closed cathode configuration with OCV time gap 60 s, with PEIS frequency in between 65kHz and 10kHz."
183,VZ2_062_021_UK_D_0183_v2.mpt,closed_cell_time_gaps,"1,46 V different time gaps closed cell\L_12_Loopeis 1,46V_60s_2_PEIS from 65kHz to 10kHz_05_CA_C01.mpt",.mpt,CA,"Electrochemical data from technique CA in TR-PEIS procedure for PEM-WE in closed cathode configuration with OCV time gap 60 s, with PEIS frequency in between 65kHz and 10kHz."
184,VZ2_062_021_UK_D_0184_v2.mpt,closed_cell_time_gaps,"1,46 V different time gaps closed cell\L_12_Loopeis 1,46V_60s_2_PEIS from 65kHz to 10kHz_06_OCV_C01.mpt",.mpt,OCV,"Electrochemical data from technique OCV in TR-PEIS procedure for PEM-WE in closed cathode configuration with OCV time gap 60 s, with PEIS frequency in between 65kHz and 10kHz."
185,VZ2_062_021_UK_D_0185_v2.mpt,closed_cell_time_gaps,"1,46 V different time gaps closed cell\L_12_Loopeis 1,46V_60s_2_PEIS from 65kHz to 10kHz_07_PEIS_C01.mpt",.mpt,PEIS,"Electrochemical data from technique PEIS in TR-PEIS procedure for PEM-WE in closed cathode configuration with OCV time gap 60 s, with PEIS frequency in between 65kHz and 10kHz."
186,VZ2_062_021_UK_D_0186_v2.mpt,closed_cell_time_gaps,"1,46 V different time gaps closed cell\L_12_Loopeis 1,46V_60s_2_PEIS from 65kHz to 10kHz_08_OCV_C01.mpt",.mpt,OCV,"Electrochemical data from technique OCV in TR-PEIS procedure for PEM-WE in closed cathode configuration with OCV time gap 60 s, with PEIS frequency in between 65kHz and 10kHz."
187,VZ2_062_021_UK_D_0187_v2.mpt,closed_cell_time_gaps,"1,46 V different time gaps closed cell\L_12_Loopeis 1,46V_60s_2_PEIS from 65kHz to 10kHz_09_CA_C01.mpt",.mpt,CA,"Electrochemical data from technique CA in TR-PEIS procedure for PEM-WE in closed cathode configuration with OCV time gap 60 s, with PEIS frequency in between 65kHz and 10kHz."
188,VZ2_062_021_UK_D_0188_v2.mpt,closed_cell_time_gaps,"1,46 V different time gaps closed cell\L_12_Loopeis 1,46V_60s_2_PEIS from 65kHz to 10kHz_10_OCV_C01.mpt",.mpt,OCV,"Electrochemical data from technique OCV in TR-PEIS procedure for PEM-WE in closed cathode configuration with OCV time gap 60 s, with PEIS frequency in between 65kHz and 10kHz."
189,VZ2_062_021_UK_D_0189_v2.mpt,closed_cell_time_gaps,"1,46 V different time gaps closed cell\L_12_Loopeis 1,46V_60s_2_PEIS from 65kHz to 10kHz_11_PEIS_C01.mpt",.mpt,PEIS,"Electrochemical data from technique PEIS in TR-PEIS procedure for PEM-WE in closed cathode configuration with OCV time gap 60 s, with PEIS frequency in between 65kHz and 10kHz."
190,VZ2_062_021_UK_D_0190_v2.mpt,closed_cell_time_gaps,"1,46 V different time gaps closed cell\L_12_Loopeis 1,46V_60s_2_PEIS from 65kHz to 10kHz_12_OCV_C01.mpt",.mpt,OCV,"Electrochemical data from technique OCV in TR-PEIS procedure for PEM-WE in closed cathode configuration with OCV time gap 60 s, with PEIS frequency in between 65kHz and 10kHz."
191,VZ2_062_021_UK_D_0191_v2.mpt,closed_cell_time_gaps,"1,46 V different time gaps closed cell\L_12_Loopeis 1,46V_60s_2_PEIS from 65kHz to 10kHz_13_CA_C01.mpt",.mpt,CA,"Electrochemical data from technique CA in TR-PEIS procedure for PEM-WE in closed cathode configuration with OCV time gap 60 s, with PEIS frequency in between 65kHz and 10kHz."
192,VZ2_062_021_UK_D_0192_v2.mpt,closed_cell_time_gaps,"1,46 V different time gaps closed cell\L_12_Loopeis 1,46V_60s_2_PEIS from 65kHz to 10kHz_14_OCV_C01.mpt",.mpt,OCV,"Electrochemical data from technique OCV in TR-PEIS procedure for PEM-WE in closed cathode configuration with OCV time gap 60 s, with PEIS frequency in between 65kHz and 10kHz."
193,VZ2_062_021_UK_D_0193_v2.mpt,closed_cell_time_gaps,"1,46 V different time gaps closed cell\L_12_Loopeis 1,46V_60s_2_PEIS from 65kHz to 10kHz_15_PEIS_C01.mpt",.mpt,PEIS,"Electrochemical data from technique PEIS in TR-PEIS procedure for PEM-WE in closed cathode configuration with OCV time gap 60 s, with PEIS frequency in between 65kHz and 10kHz."
194,VZ2_062_021_UK_D_0194_v2.mpt,closed_cell_time_gaps,"1,46 V different time gaps closed cell\L_12_Loopeis 1,46V_60s_2_PEIS from 65kHz to 10kHz_16_OCV_C01.mpt",.mpt,OCV,"Electrochemical data from technique OCV in TR-PEIS procedure for PEM-WE in closed cathode configuration with OCV time gap 60 s, with PEIS frequency in between 65kHz and 10kHz."
195,VZ2_062_021_UK_D_0195_v2.mpt,closed_cell_time_gaps,"1,46 V different time gaps closed cell\L_12_Loopeis 1,46V_60s_2_PEIS from 65kHz to 10kHz_17_CA_C01.mpt",.mpt,CA,"Electrochemical data from technique CA in TR-PEIS procedure for PEM-WE in closed cathode configuration with OCV time gap 60 s, with PEIS frequency in between 65kHz and 10kHz."
196,VZ2_062_021_UK_D_0196_v2.mpt,closed_cell_time_gaps,"1,46 V different time gaps closed cell\L_12_Loopeis 1,46V_60s_2_PEIS from 65kHz to 10kHz_18_OCV_C01.mpt",.mpt,OCV,"Electrochemical data from technique OCV in TR-PEIS procedure for PEM-WE in closed cathode configuration with OCV time gap 60 s, with PEIS frequency in between 65kHz and 10kHz."
197,VZ2_062_021_UK_D_0197_v2.mpt,closed_cell_time_gaps,"1,46 V different time gaps closed cell\L_12_Loopeis 1,46V_60s_2_PEIS from 65kHz to 10kHz_19_PEIS_C01.mpt",.mpt,PEIS,"Electrochemical data from technique PEIS in TR-PEIS procedure for PEM-WE in closed cathode configuration with OCV time gap 60 s, with PEIS frequency in between 65kHz and 10kHz."
198,VZ2_062_021_UK_D_0198_v2.mpt,closed_cell_time_gaps,"1,46 V different time gaps closed cell\L_12_Loopeis 1,46V_60s_2_PEIS from 65kHz to 10kHz_20_OCV_C01.mpt",.mpt,OCV,"Electrochemical data from technique OCV in TR-PEIS procedure for PEM-WE in closed cathode configuration with OCV time gap 60 s, with PEIS frequency in between 65kHz and 10kHz."
199,VZ2_062_021_UK_D_0199_v2.mpt,closed_cell_time_gaps,"1,46 V different time gaps closed cell\L_13_Loopeis 1,46V_60s_3_PEIS from 6500Hz to 1000Hz_01_CA_C01.mpt",.mpt,CA,"Electrochemical data from technique CA in TR-PEIS procedure for PEM-WE in closed cathode configuration with OCV time gap 60 s, with PEIS frequency in between 6500Hz and 1000Hz."
200,VZ2_062_021_UK_D_0200_v2.mpt,closed_cell_time_gaps,"1,46 V different time gaps closed cell\L_13_Loopeis 1,46V_60s_3_PEIS from 6500Hz to 1000Hz_02_OCV_C01.mpt",.mpt,OCV,"Electrochemical data from technique OCV in TR-PEIS procedure for PEM-WE in closed cathode configuration with OCV time gap 60 s, with PEIS frequency in between 6500Hz and 1000Hz."
201,VZ2_062_021_UK_D_0201_v2.mpt,closed_cell_time_gaps,"1,46 V different time gaps closed cell\L_13_Loopeis 1,46V_60s_3_PEIS from 6500Hz to 1000Hz_03_PEIS_C01.mpt",.mpt,PEIS,"Electrochemical data from technique PEIS in TR-PEIS procedure for PEM-WE in closed cathode configuration with OCV time gap 60 s, with PEIS frequency in between 6500Hz and 1000Hz."
202,VZ2_062_021_UK_D_0202_v2.mpt,closed_cell_time_gaps,"1,46 V different time gaps closed cell\L_13_Loopeis 1,46V_60s_3_PEIS from 6500Hz to 1000Hz_04_OCV_C01.mpt",.mpt,OCV,"Electrochemical data from technique OCV in TR-PEIS procedure for PEM-WE in closed cathode configuration with OCV time gap 60 s, with PEIS frequency in between 6500Hz and 1000Hz."
203,VZ2_062_021_UK_D_0203_v2.mpt,closed_cell_time_gaps,"1,46 V different time gaps closed cell\L_13_Loopeis 1,46V_60s_3_PEIS from 6500Hz to 1000Hz_05_CA_C01.mpt",.mpt,CA,"Electrochemical data from technique CA in TR-PEIS procedure for PEM-WE in closed cathode configuration with OCV time gap 60 s, with PEIS frequency in between 6500Hz and 1000Hz."
204,VZ2_062_021_UK_D_0204_v2.mpt,closed_cell_time_gaps,"1,46 V different time gaps closed cell\L_13_Loopeis 1,46V_60s_3_PEIS from 6500Hz to 1000Hz_06_OCV_C01.mpt",.mpt,OCV,"Electrochemical data from technique OCV in TR-PEIS procedure for PEM-WE in closed cathode configuration with OCV time gap 60 s, with PEIS frequency in between 6500Hz and 1000Hz."
205,VZ2_062_021_UK_D_0205_v2.mpt,closed_cell_time_gaps,"1,46 V different time gaps closed cell\L_13_Loopeis 1,46V_60s_3_PEIS from 6500Hz to 1000Hz_07_PEIS_C01.mpt",.mpt,PEIS,"Electrochemical data from technique PEIS in TR-PEIS procedure for PEM-WE in closed cathode configuration with OCV time gap 60 s, with PEIS frequency in between 6500Hz and 1000Hz."
206,VZ2_062_021_UK_D_0206_v2.mpt,closed_cell_time_gaps,"1,46 V different time gaps closed cell\L_13_Loopeis 1,46V_60s_3_PEIS from 6500Hz to 1000Hz_08_OCV_C01.mpt",.mpt,OCV,"Electrochemical data from technique OCV in TR-PEIS procedure for PEM-WE in closed cathode configuration with OCV time gap 60 s, with PEIS frequency in between 6500Hz and 1000Hz."
207,VZ2_062_021_UK_D_0207_v2.mpt,closed_cell_time_gaps,"1,46 V different time gaps closed cell\L_13_Loopeis 1,46V_60s_3_PEIS from 6500Hz to 1000Hz_09_CA_C01.mpt",.mpt,CA,"Electrochemical data from technique CA in TR-PEIS procedure for PEM-WE in closed cathode configuration with OCV time gap 60 s, with PEIS frequency in between 6500Hz and 1000Hz."
208,VZ2_062_021_UK_D_0208_v2.mpt,closed_cell_time_gaps,"1,46 V different time gaps closed cell\L_13_Loopeis 1,46V_60s_3_PEIS from 6500Hz to 1000Hz_10_OCV_C01.mpt",.mpt,OCV,"Electrochemical data from technique OCV in TR-PEIS procedure for PEM-WE in closed cathode configuration with OCV time gap 60 s, with PEIS frequency in between 6500Hz and 1000Hz."
209,VZ2_062_021_UK_D_0209_v2.mpt,closed_cell_time_gaps,"1,46 V different time gaps closed cell\L_13_Loopeis 1,46V_60s_3_PEIS from 6500Hz to 1000Hz_11_PEIS_C01.mpt",.mpt,PEIS,"Electrochemical data from technique PEIS in TR-PEIS procedure for PEM-WE in closed cathode configuration with OCV time gap 60 s, with PEIS frequency in between 6500Hz and 1000Hz."
210,VZ2_062_021_UK_D_0210_v2.mpt,closed_cell_time_gaps,"1,46 V different time gaps closed cell\L_13_Loopeis 1,46V_60s_3_PEIS from 6500Hz to 1000Hz_12_OCV_C01.mpt",.mpt,OCV,"Electrochemical data from technique OCV in TR-PEIS procedure for PEM-WE in closed cathode configuration with OCV time gap 60 s, with PEIS frequency in between 6500Hz and 1000Hz."
211,VZ2_062_021_UK_D_0211_v2.mpt,closed_cell_time_gaps,"1,46 V different time gaps closed cell\L_13_Loopeis 1,46V_60s_3_PEIS from 6500Hz to 1000Hz_13_CA_C01.mpt",.mpt,CA,"Electrochemical data from technique CA in TR-PEIS procedure for PEM-WE in closed cathode configuration with OCV time gap 60 s, with PEIS frequency in between 6500Hz and 1000Hz."
212,VZ2_062_021_UK_D_0212_v2.mpt,closed_cell_time_gaps,"1,46 V different time gaps closed cell\L_13_Loopeis 1,46V_60s_3_PEIS from 6500Hz to 1000Hz_14_OCV_C01.mpt",.mpt,OCV,"Electrochemical data from technique OCV in TR-PEIS procedure for PEM-WE in closed cathode configuration with OCV time gap 60 s, with PEIS frequency in between 6500Hz and 1000Hz."
213,VZ2_062_021_UK_D_0213_v2.mpt,closed_cell_time_gaps,"1,46 V different time gaps closed cell\L_13_Loopeis 1,46V_60s_3_PEIS from 6500Hz to 1000Hz_15_PEIS_C01.mpt",.mpt,PEIS,"Electrochemical data from technique PEIS in TR-PEIS procedure for PEM-WE in closed cathode configuration with OCV time gap 60 s, with PEIS frequency in between 6500Hz and 1000Hz."
214,VZ2_062_021_UK_D_0214_v2.mpt,closed_cell_time_gaps,"1,46 V different time gaps closed cell\L_13_Loopeis 1,46V_60s_3_PEIS from 6500Hz to 1000Hz_16_OCV_C01.mpt",.mpt,OCV,"Electrochemical data from technique OCV in TR-PEIS procedure for PEM-WE in closed cathode configuration with OCV time gap 60 s, with PEIS frequency in between 6500Hz and 1000Hz."
215,VZ2_062_021_UK_D_0215_v2.mpt,closed_cell_time_gaps,"1,46 V different time gaps closed cell\L_13_Loopeis 1,46V_60s_3_PEIS from 6500Hz to 1000Hz_17_CA_C01.mpt",.mpt,CA,"Electrochemical data from technique CA in TR-PEIS procedure for PEM-WE in closed cathode configuration with OCV time gap 60 s, with PEIS frequency in between 6500Hz and 1000Hz."
216,VZ2_062_021_UK_D_0216_v2.mpt,closed_cell_time_gaps,"1,46 V different time gaps closed cell\L_13_Loopeis 1,46V_60s_3_PEIS from 6500Hz to 1000Hz_18_OCV_C01.mpt",.mpt,OCV,"Electrochemical data from technique OCV in TR-PEIS procedure for PEM-WE in closed cathode configuration with OCV time gap 60 s, with PEIS frequency in between 6500Hz and 1000Hz."
217,VZ2_062_021_UK_D_0217_v2.mpt,closed_cell_time_gaps,"1,46 V different time gaps closed cell\L_13_Loopeis 1,46V_60s_3_PEIS from 6500Hz to 1000Hz_19_PEIS_C01.mpt",.mpt,PEIS,"Electrochemical data from technique PEIS in TR-PEIS procedure for PEM-WE in closed cathode configuration with OCV time gap 60 s, with PEIS frequency in between 6500Hz and 1000Hz."
218,VZ2_062_021_UK_D_0218_v2.mpt,closed_cell_time_gaps,"1,46 V different time gaps closed cell\L_13_Loopeis 1,46V_60s_3_PEIS from 6500Hz to 1000Hz_20_OCV_C01.mpt",.mpt,OCV,"Electrochemical data from technique OCV in TR-PEIS procedure for PEM-WE in closed cathode configuration with OCV time gap 60 s, with PEIS frequency in between 6500Hz and 1000Hz."
219,VZ2_062_021_UK_D_0219_v2.mpt,closed_cell_time_gaps,"1,46 V different time gaps closed cell\L_14_Loopeis 1,46V_60s_4_PEIS from 650Hz to 100Hz_01_CA_C01.mpt",.mpt,CA,"Electrochemical data from technique CA in TR-PEIS procedure for PEM-WE in closed cathode configuration with OCV time gap 60 s, with PEIS frequency in between 650Hz and 100Hz."
220,VZ2_062_021_UK_D_0220_v2.mpt,closed_cell_time_gaps,"1,46 V different time gaps closed cell\L_14_Loopeis 1,46V_60s_4_PEIS from 650Hz to 100Hz_02_OCV_C01.mpt",.mpt,OCV,"Electrochemical data from technique OCV in TR-PEIS procedure for PEM-WE in closed cathode configuration with OCV time gap 60 s, with PEIS frequency in between 650Hz and 100Hz."
221,VZ2_062_021_UK_D_0221_v2.mpt,closed_cell_time_gaps,"1,46 V different time gaps closed cell\L_14_Loopeis 1,46V_60s_4_PEIS from 650Hz to 100Hz_03_PEIS_C01.mpt",.mpt,PEIS,"Electrochemical data from technique PEIS in TR-PEIS procedure for PEM-WE in closed cathode configuration with OCV time gap 60 s, with PEIS frequency in between 650Hz and 100Hz."
222,VZ2_062_021_UK_D_0222_v2.mpt,closed_cell_time_gaps,"1,46 V different time gaps closed cell\L_14_Loopeis 1,46V_60s_4_PEIS from 650Hz to 100Hz_04_OCV_C01.mpt",.mpt,OCV,"Electrochemical data from technique OCV in TR-PEIS procedure for PEM-WE in closed cathode configuration with OCV time gap 60 s, with PEIS frequency in between 650Hz and 100Hz."
223,VZ2_062_021_UK_D_0223_v2.mpt,closed_cell_time_gaps,"1,46 V different time gaps closed cell\L_14_Loopeis 1,46V_60s_4_PEIS from 650Hz to 100Hz_05_CA_C01.mpt",.mpt,CA,"Electrochemical data from technique CA in TR-PEIS procedure for PEM-WE in closed cathode configuration with OCV time gap 60 s, with PEIS frequency in between 650Hz and 100Hz."
224,VZ2_062_021_UK_D_0224_v2.mpt,closed_cell_time_gaps,"1,46 V different time gaps closed cell\L_14_Loopeis 1,46V_60s_4_PEIS from 650Hz to 100Hz_06_OCV_C01.mpt",.mpt,OCV,"Electrochemical data from technique OCV in TR-PEIS procedure for PEM-WE in closed cathode configuration with OCV time gap 60 s, with PEIS frequency in between 650Hz and 100Hz."
225,VZ2_062_021_UK_D_0225_v2.mpt,closed_cell_time_gaps,"1,46 V different time gaps closed cell\L_14_Loopeis 1,46V_60s_4_PEIS from 650Hz to 100Hz_07_PEIS_C01.mpt",.mpt,PEIS,"Electrochemical data from technique PEIS in TR-PEIS procedure for PEM-WE in closed cathode configuration with OCV time gap 60 s, with PEIS frequency in between 650Hz and 100Hz."
226,VZ2_062_021_UK_D_0226_v2.mpt,closed_cell_time_gaps,"1,46 V different time gaps closed cell\L_14_Loopeis 1,46V_60s_4_PEIS from 650Hz to 100Hz_08_OCV_C01.mpt",.mpt,OCV,"Electrochemical data from technique OCV in TR-PEIS procedure for PEM-WE in closed cathode configuration with OCV time gap 60 s, with PEIS frequency in between 650Hz and 100Hz."
227,VZ2_062_021_UK_D_0227_v2.mpt,closed_cell_time_gaps,"1,46 V different time gaps closed cell\L_14_Loopeis 1,46V_60s_4_PEIS from 650Hz to 100Hz_09_CA_C01.mpt",.mpt,CA,"Electrochemical data from technique CA in TR-PEIS procedure for PEM-WE in closed cathode configuration with OCV time gap 60 s, with PEIS frequency in between 650Hz and 100Hz."
228,VZ2_062_021_UK_D_0228_v2.mpt,closed_cell_time_gaps,"1,46 V different time gaps closed cell\L_14_Loopeis 1,46V_60s_4_PEIS from 650Hz to 100Hz_10_OCV_C01.mpt",.mpt,OCV,"Electrochemical data from technique OCV in TR-PEIS procedure for PEM-WE in closed cathode configuration with OCV time gap 60 s, with PEIS frequency in between 650Hz and 100Hz."
229,VZ2_062_021_UK_D_0229_v2.mpt,closed_cell_time_gaps,"1,46 V different time gaps closed cell\L_14_Loopeis 1,46V_60s_4_PEIS from 650Hz to 100Hz_11_PEIS_C01.mpt",.mpt,PEIS,"Electrochemical data from technique PEIS in TR-PEIS procedure for PEM-WE in closed cathode configuration with OCV time gap 60 s, with PEIS frequency in between 650Hz and 100Hz."
230,VZ2_062_021_UK_D_0230_v2.mpt,closed_cell_time_gaps,"1,46 V different time gaps closed cell\L_14_Loopeis 1,46V_60s_4_PEIS from 650Hz to 100Hz_12_OCV_C01.mpt",.mpt,OCV,"Electrochemical data from technique OCV in TR-PEIS procedure for PEM-WE in closed cathode configuration with OCV time gap 60 s, with PEIS frequency in between 650Hz and 100Hz."
231,VZ2_062_021_UK_D_0231_v2.mpt,closed_cell_time_gaps,"1,46 V different time gaps closed cell\L_14_Loopeis 1,46V_60s_4_PEIS from 650Hz to 100Hz_13_CA_C01.mpt",.mpt,CA,"Electrochemical data from technique CA in TR-PEIS procedure for PEM-WE in closed cathode configuration with OCV time gap 60 s, with PEIS frequency in between 650Hz and 100Hz."
232,VZ2_062_021_UK_D_0232_v2.mpt,closed_cell_time_gaps,"1,46 V different time gaps closed cell\L_14_Loopeis 1,46V_60s_4_PEIS from 650Hz to 100Hz_14_OCV_C01.mpt",.mpt,OCV,"Electrochemical data from technique OCV in TR-PEIS procedure for PEM-WE in closed cathode configuration with OCV time gap 60 s, with PEIS frequency in between 650Hz and 100Hz."
233,VZ2_062_021_UK_D_0233_v2.mpt,closed_cell_time_gaps,"1,46 V different time gaps closed cell\L_14_Loopeis 1,46V_60s_4_PEIS from 650Hz to 100Hz_15_PEIS_C01.mpt",.mpt,PEIS,"Electrochemical data from technique PEIS in TR-PEIS procedure for PEM-WE in closed cathode configuration with OCV time gap 60 s, with PEIS frequency in between 650Hz and 100Hz."
234,VZ2_062_021_UK_D_0234_v2.mpt,closed_cell_time_gaps,"1,46 V different time gaps closed cell\L_14_Loopeis 1,46V_60s_4_PEIS from 650Hz to 100Hz_16_OCV_C01.mpt",.mpt,OCV,"Electrochemical data from technique OCV in TR-PEIS procedure for PEM-WE in closed cathode configuration with OCV time gap 60 s, with PEIS frequency in between 650Hz and 100Hz."
235,VZ2_062_021_UK_D_0235_v2.mpt,closed_cell_time_gaps,"1,46 V different time gaps closed cell\L_14_Loopeis 1,46V_60s_4_PEIS from 650Hz to 100Hz_17_CA_C01.mpt",.mpt,CA,"Electrochemical data from technique CA in TR-PEIS procedure for PEM-WE in closed cathode configuration with OCV time gap 60 s, with PEIS frequency in between 650Hz and 100Hz."
236,VZ2_062_021_UK_D_0236_v2.mpt,closed_cell_time_gaps,"1,46 V different time gaps closed cell\L_14_Loopeis 1,46V_60s_4_PEIS from 650Hz to 100Hz_18_OCV_C01.mpt",.mpt,OCV,"Electrochemical data from technique OCV in TR-PEIS procedure for PEM-WE in closed cathode configuration with OCV time gap 60 s, with PEIS frequency in between 650Hz and 100Hz."
237,VZ2_062_021_UK_D_0237_v2.mpt,closed_cell_time_gaps,"1,46 V different time gaps closed cell\L_14_Loopeis 1,46V_60s_4_PEIS from 650Hz to 100Hz_19_PEIS_C01.mpt",.mpt,PEIS,"Electrochemical data from technique PEIS in TR-PEIS procedure for PEM-WE in closed cathode configuration with OCV time gap 60 s, with PEIS frequency in between 650Hz and 100Hz."
238,VZ2_062_021_UK_D_0238_v2.mpt,closed_cell_time_gaps,"1,46 V different time gaps closed cell\L_14_Loopeis 1,46V_60s_4_PEIS from 650Hz to 100Hz_20_OCV_C01.mpt",.mpt,OCV,"Electrochemical data from technique OCV in TR-PEIS procedure for PEM-WE in closed cathode configuration with OCV time gap 60 s, with PEIS frequency in between 650Hz and 100Hz."
239,VZ2_062_021_UK_D_0239_v2.mpt,closed_cell_time_gaps,"1,46 V different time gaps closed cell\L_15_Loopeis 1,46V_60s_5_PEIS from 65Hz to 10Hz_01_CA_C01.mpt",.mpt,CA,"Electrochemical data from technique CA in TR-PEIS procedure for PEM-WE in closed cathode configuration with OCV time gap 60 s, with PEIS frequency in between 65Hz and 10Hz."
240,VZ2_062_021_UK_D_0240_v2.mpt,closed_cell_time_gaps,"1,46 V different time gaps closed cell\L_15_Loopeis 1,46V_60s_5_PEIS from 65Hz to 10Hz_02_OCV_C01.mpt",.mpt,OCV,"Electrochemical data from technique OCV in TR-PEIS procedure for PEM-WE in closed cathode configuration with OCV time gap 60 s, with PEIS frequency in between 65Hz and 10Hz."
241,VZ2_062_021_UK_D_0241_v2.mpt,closed_cell_time_gaps,"1,46 V different time gaps closed cell\L_15_Loopeis 1,46V_60s_5_PEIS from 65Hz to 10Hz_03_PEIS_C01.mpt",.mpt,PEIS,"Electrochemical data from technique PEIS in TR-PEIS procedure for PEM-WE in closed cathode configuration with OCV time gap 60 s, with PEIS frequency in between 65Hz and 10Hz."
242,VZ2_062_021_UK_D_0242_v2.mpt,closed_cell_time_gaps,"1,46 V different time gaps closed cell\L_15_Loopeis 1,46V_60s_5_PEIS from 65Hz to 10Hz_04_OCV_C01.mpt",.mpt,OCV,"Electrochemical data from technique OCV in TR-PEIS procedure for PEM-WE in closed cathode configuration with OCV time gap 60 s, with PEIS frequency in between 65Hz and 10Hz."
243,VZ2_062_021_UK_D_0243_v2.mpt,closed_cell_time_gaps,"1,46 V different time gaps closed cell\L_15_Loopeis 1,46V_60s_5_PEIS from 65Hz to 10Hz_05_CA_C01.mpt",.mpt,CA,"Electrochemical data from technique CA in TR-PEIS procedure for PEM-WE in closed cathode configuration with OCV time gap 60 s, with PEIS frequency in between 65Hz and 10Hz."
244,VZ2_062_021_UK_D_0244_v2.mpt,closed_cell_time_gaps,"1,46 V different time gaps closed cell\L_15_Loopeis 1,46V_60s_5_PEIS from 65Hz to 10Hz_06_OCV_C01.mpt",.mpt,OCV,"Electrochemical data from technique OCV in TR-PEIS procedure for PEM-WE in closed cathode configuration with OCV time gap 60 s, with PEIS frequency in between 65Hz and 10Hz."
245,VZ2_062_021_UK_D_0245_v2.mpt,closed_cell_time_gaps,"1,46 V different time gaps closed cell\L_15_Loopeis 1,46V_60s_5_PEIS from 65Hz to 10Hz_07_PEIS_C01.mpt",.mpt,PEIS,"Electrochemical data from technique PEIS in TR-PEIS procedure for PEM-WE in closed cathode configuration with OCV time gap 60 s, with PEIS frequency in between 65Hz and 10Hz."
246,VZ2_062_021_UK_D_0246_v2.mpt,closed_cell_time_gaps,"1,46 V different time gaps closed cell\L_15_Loopeis 1,46V_60s_5_PEIS from 65Hz to 10Hz_08_OCV_C01.mpt",.mpt,OCV,"Electrochemical data from technique OCV in TR-PEIS procedure for PEM-WE in closed cathode configuration with OCV time gap 60 s, with PEIS frequency in between 65Hz and 10Hz."
247,VZ2_062_021_UK_D_0247_v2.mpt,closed_cell_time_gaps,"1,46 V different time gaps closed cell\L_15_Loopeis 1,46V_60s_5_PEIS from 65Hz to 10Hz_09_CA_C01.mpt",.mpt,CA,"Electrochemical data from technique CA in TR-PEIS procedure for PEM-WE in closed cathode configuration with OCV time gap 60 s, with PEIS frequency in between 65Hz and 10Hz."
248,VZ2_062_021_UK_D_0248_v2.mpt,closed_cell_time_gaps,"1,46 V different time gaps closed cell\L_15_Loopeis 1,46V_60s_5_PEIS from 65Hz to 10Hz_10_OCV_C01.mpt",.mpt,OCV,"Electrochemical data from technique OCV in TR-PEIS procedure for PEM-WE in closed cathode configuration with OCV time gap 60 s, with PEIS frequency in between 65Hz and 10Hz."
249,VZ2_062_021_UK_D_0249_v2.mpt,closed_cell_time_gaps,"1,46 V different time gaps closed cell\L_15_Loopeis 1,46V_60s_5_PEIS from 65Hz to 10Hz_11_PEIS_C01.mpt",.mpt,PEIS,"Electrochemical data from technique PEIS in TR-PEIS procedure for PEM-WE in closed cathode configuration with OCV time gap 60 s, with PEIS frequency in between 65Hz and 10Hz."
250,VZ2_062_021_UK_D_0250_v2.mpt,closed_cell_time_gaps,"1,46 V different time gaps closed cell\L_15_Loopeis 1,46V_60s_5_PEIS from 65Hz to 10Hz_12_OCV_C01.mpt",.mpt,OCV,"Electrochemical data from technique OCV in TR-PEIS procedure for PEM-WE in closed cathode configuration with OCV time gap 60 s, with PEIS frequency in between 65Hz and 10Hz."
251,VZ2_062_021_UK_D_0251_v2.mpt,closed_cell_time_gaps,"1,46 V different time gaps closed cell\L_15_Loopeis 1,46V_60s_5_PEIS from 65Hz to 10Hz_13_CA_C01.mpt",.mpt,CA,"Electrochemical data from technique CA in TR-PEIS procedure for PEM-WE in closed cathode configuration with OCV time gap 60 s, with PEIS frequency in between 65Hz and 10Hz."
252,VZ2_062_021_UK_D_0252_v2.mpt,closed_cell_time_gaps,"1,46 V different time gaps closed cell\L_15_Loopeis 1,46V_60s_5_PEIS from 65Hz to 10Hz_14_OCV_C01.mpt",.mpt,OCV,"Electrochemical data from technique OCV in TR-PEIS procedure for PEM-WE in closed cathode configuration with OCV time gap 60 s, with PEIS frequency in between 65Hz and 10Hz."
253,VZ2_062_021_UK_D_0253_v2.mpt,closed_cell_time_gaps,"1,46 V different time gaps closed cell\L_15_Loopeis 1,46V_60s_5_PEIS from 65Hz to 10Hz_15_PEIS_C01.mpt",.mpt,PEIS,"Electrochemical data from technique PEIS in TR-PEIS procedure for PEM-WE in closed cathode configuration with OCV time gap 60 s, with PEIS frequency in between 65Hz and 10Hz."
254,VZ2_062_021_UK_D_0254_v2.mpt,closed_cell_time_gaps,"1,46 V different time gaps closed cell\L_15_Loopeis 1,46V_60s_5_PEIS from 65Hz to 10Hz_16_OCV_C01.mpt",.mpt,OCV,"Electrochemical data from technique OCV in TR-PEIS procedure for PEM-WE in closed cathode configuration with OCV time gap 60 s, with PEIS frequency in between 65Hz and 10Hz."
255,VZ2_062_021_UK_D_0255_v2.mpt,closed_cell_time_gaps,"1,46 V different time gaps closed cell\L_15_Loopeis 1,46V_60s_5_PEIS from 65Hz to 10Hz_17_CA_C01.mpt",.mpt,CA,"Electrochemical data from technique CA in TR-PEIS procedure for PEM-WE in closed cathode configuration with OCV time gap 60 s, with PEIS frequency in between 65Hz and 10Hz."
256,VZ2_062_021_UK_D_0256_v2.mpt,closed_cell_time_gaps,"1,46 V different time gaps closed cell\L_15_Loopeis 1,46V_60s_5_PEIS from 65Hz to 10Hz_18_OCV_C01.mpt",.mpt,OCV,"Electrochemical data from technique OCV in TR-PEIS procedure for PEM-WE in closed cathode configuration with OCV time gap 60 s, with PEIS frequency in between 65Hz and 10Hz."
257,VZ2_062_021_UK_D_0257_v2.mpt,closed_cell_time_gaps,"1,46 V different time gaps closed cell\L_15_Loopeis 1,46V_60s_5_PEIS from 65Hz to 10Hz_19_PEIS_C01.mpt",.mpt,PEIS,"Electrochemical data from technique PEIS in TR-PEIS procedure for PEM-WE in closed cathode configuration with OCV time gap 60 s, with PEIS frequency in between 65Hz and 10Hz."
258,VZ2_062_021_UK_D_0258_v2.mpt,closed_cell_time_gaps,"1,46 V different time gaps closed cell\L_15_Loopeis 1,46V_60s_5_PEIS from 65Hz to 10Hz_20_OCV_C01.mpt",.mpt,OCV,"Electrochemical data from technique OCV in TR-PEIS procedure for PEM-WE in closed cathode configuration with OCV time gap 60 s, with PEIS frequency in between 65Hz and 10Hz."
259,VZ2_062_021_UK_D_0259_v2.mpt,closed_cell_time_gaps,"1,46 V different time gaps closed cell\L_16_Loopeis 1,46V_90s_1_initial_loops_01_CA_C01.mpt",.mpt,CA,"Electrochemical data from technique CA in TR-PEIS procedure for PEM-WE in closed cathode configuration with OCV time gap 90 s, initial loops."
260,VZ2_062_021_UK_D_0260_v2.mpt,closed_cell_time_gaps,"1,46 V different time gaps closed cell\L_16_Loopeis 1,46V_90s_1_initial_loops_02_OCV_C01.mpt",.mpt,OCV,"Electrochemical data from technique OCV in TR-PEIS procedure for PEM-WE in closed cathode configuration with OCV time gap 90 s, initial loops."
261,VZ2_062_021_UK_D_0261_v2.mpt,closed_cell_time_gaps,"1,46 V different time gaps closed cell\L_17_Loopeis 1,46V_90s_2_PEIS from 65kHz to 10kHz_01_CA_C01.mpt",.mpt,CA,"Electrochemical data from technique CA in TR-PEIS procedure for PEM-WE in closed cathode configuration with OCV time gap 90 s, with PEIS frequency in between 65kHz and 10kHz."
262,VZ2_062_021_UK_D_0262_v2.mpt,closed_cell_time_gaps,"1,46 V different time gaps closed cell\L_17_Loopeis 1,46V_90s_2_PEIS from 65kHz to 10kHz_02_OCV_C01.mpt",.mpt,OCV,"Electrochemical data from technique OCV in TR-PEIS procedure for PEM-WE in closed cathode configuration with OCV time gap 90 s, with PEIS frequency in between 65kHz and 10kHz."
263,VZ2_062_021_UK_D_0263_v2.mpt,closed_cell_time_gaps,"1,46 V different time gaps closed cell\L_17_Loopeis 1,46V_90s_2_PEIS from 65kHz to 10kHz_03_PEIS_C01.mpt",.mpt,PEIS,"Electrochemical data from technique PEIS in TR-PEIS procedure for PEM-WE in closed cathode configuration with OCV time gap 90 s, with PEIS frequency in between 65kHz and 10kHz."
264,VZ2_062_021_UK_D_0264_v2.mpt,closed_cell_time_gaps,"1,46 V different time gaps closed cell\L_17_Loopeis 1,46V_90s_2_PEIS from 65kHz to 10kHz_04_OCV_C01.mpt",.mpt,OCV,"Electrochemical data from technique OCV in TR-PEIS procedure for PEM-WE in closed cathode configuration with OCV time gap 90 s, with PEIS frequency in between 65kHz and 10kHz."
265,VZ2_062_021_UK_D_0265_v2.mpt,closed_cell_time_gaps,"1,46 V different time gaps closed cell\L_17_Loopeis 1,46V_90s_2_PEIS from 65kHz to 10kHz_05_CA_C01.mpt",.mpt,CA,"Electrochemical data from technique CA in TR-PEIS procedure for PEM-WE in closed cathode configuration with OCV time gap 90 s, with PEIS frequency in between 65kHz and 10kHz."
266,VZ2_062_021_UK_D_0266_v2.mpt,closed_cell_time_gaps,"1,46 V different time gaps closed cell\L_17_Loopeis 1,46V_90s_2_PEIS from 65kHz to 10kHz_06_OCV_C01.mpt",.mpt,OCV,"Electrochemical data from technique OCV in TR-PEIS procedure for PEM-WE in closed cathode configuration with OCV time gap 90 s, with PEIS frequency in between 65kHz and 10kHz."
267,VZ2_062_021_UK_D_0267_v2.mpt,closed_cell_time_gaps,"1,46 V different time gaps closed cell\L_17_Loopeis 1,46V_90s_2_PEIS from 65kHz to 10kHz_07_PEIS_C01.mpt",.mpt,PEIS,"Electrochemical data from technique PEIS in TR-PEIS procedure for PEM-WE in closed cathode configuration with OCV time gap 90 s, with PEIS frequency in between 65kHz and 10kHz."
268,VZ2_062_021_UK_D_0268_v2.mpt,closed_cell_time_gaps,"1,46 V different time gaps closed cell\L_17_Loopeis 1,46V_90s_2_PEIS from 65kHz to 10kHz_08_OCV_C01.mpt",.mpt,OCV,"Electrochemical data from technique OCV in TR-PEIS procedure for PEM-WE in closed cathode configuration with OCV time gap 90 s, with PEIS frequency in between 65kHz and 10kHz."
269,VZ2_062_021_UK_D_0269_v2.mpt,closed_cell_time_gaps,"1,46 V different time gaps closed cell\L_17_Loopeis 1,46V_90s_2_PEIS from 65kHz to 10kHz_09_CA_C01.mpt",.mpt,CA,"Electrochemical data from technique CA in TR-PEIS procedure for PEM-WE in closed cathode configuration with OCV time gap 90 s, with PEIS frequency in between 65kHz and 10kHz."
270,VZ2_062_021_UK_D_0270_v2.mpt,closed_cell_time_gaps,"1,46 V different time gaps closed cell\L_17_Loopeis 1,46V_90s_2_PEIS from 65kHz to 10kHz_10_OCV_C01.mpt",.mpt,OCV,"Electrochemical data from technique OCV in TR-PEIS procedure for PEM-WE in closed cathode configuration with OCV time gap 90 s, with PEIS frequency in between 65kHz and 10kHz."
271,VZ2_062_021_UK_D_0271_v2.mpt,closed_cell_time_gaps,"1,46 V different time gaps closed cell\L_17_Loopeis 1,46V_90s_2_PEIS from 65kHz to 10kHz_11_PEIS_C01.mpt",.mpt,PEIS,"Electrochemical data from technique PEIS in TR-PEIS procedure for PEM-WE in closed cathode configuration with OCV time gap 90 s, with PEIS frequency in between 65kHz and 10kHz."
272,VZ2_062_021_UK_D_0272_v2.mpt,closed_cell_time_gaps,"1,46 V different time gaps closed cell\L_17_Loopeis 1,46V_90s_2_PEIS from 65kHz to 10kHz_12_OCV_C01.mpt",.mpt,OCV,"Electrochemical data from technique OCV in TR-PEIS procedure for PEM-WE in closed cathode configuration with OCV time gap 90 s, with PEIS frequency in between 65kHz and 10kHz."
273,VZ2_062_021_UK_D_0273_v2.mpt,closed_cell_time_gaps,"1,46 V different time gaps closed cell\L_17_Loopeis 1,46V_90s_2_PEIS from 65kHz to 10kHz_13_CA_C01.mpt",.mpt,CA,"Electrochemical data from technique CA in TR-PEIS procedure for PEM-WE in closed cathode configuration with OCV time gap 90 s, with PEIS frequency in between 65kHz and 10kHz."
274,VZ2_062_021_UK_D_0274_v2.mpt,closed_cell_time_gaps,"1,46 V different time gaps closed cell\L_17_Loopeis 1,46V_90s_2_PEIS from 65kHz to 10kHz_14_OCV_C01.mpt",.mpt,OCV,"Electrochemical data from technique OCV in TR-PEIS procedure for PEM-WE in closed cathode configuration with OCV time gap 90 s, with PEIS frequency in between 65kHz and 10kHz."
275,VZ2_062_021_UK_D_0275_v2.mpt,closed_cell_time_gaps,"1,46 V different time gaps closed cell\L_17_Loopeis 1,46V_90s_2_PEIS from 65kHz to 10kHz_15_PEIS_C01.mpt",.mpt,PEIS,"Electrochemical data from technique PEIS in TR-PEIS procedure for PEM-WE in closed cathode configuration with OCV time gap 90 s, with PEIS frequency in between 65kHz and 10kHz."
276,VZ2_062_021_UK_D_0276_v2.mpt,closed_cell_time_gaps,"1,46 V different time gaps closed cell\L_17_Loopeis 1,46V_90s_2_PEIS from 65kHz to 10kHz_16_OCV_C01.mpt",.mpt,OCV,"Electrochemical data from technique OCV in TR-PEIS procedure for PEM-WE in closed cathode configuration with OCV time gap 90 s, with PEIS frequency in between 65kHz and 10kHz."
277,VZ2_062_021_UK_D_0277_v2.mpt,closed_cell_time_gaps,"1,46 V different time gaps closed cell\L_17_Loopeis 1,46V_90s_2_PEIS from 65kHz to 10kHz_17_CA_C01.mpt",.mpt,CA,"Electrochemical data from technique CA in TR-PEIS procedure for PEM-WE in closed cathode configuration with OCV time gap 90 s, with PEIS frequency in between 65kHz and 10kHz."
278,VZ2_062_021_UK_D_0278_v2.mpt,closed_cell_time_gaps,"1,46 V different time gaps closed cell\L_17_Loopeis 1,46V_90s_2_PEIS from 65kHz to 10kHz_18_OCV_C01.mpt",.mpt,OCV,"Electrochemical data from technique OCV in TR-PEIS procedure for PEM-WE in closed cathode configuration with OCV time gap 90 s, with PEIS frequency in between 65kHz and 10kHz."
279,VZ2_062_021_UK_D_0279_v2.mpt,closed_cell_time_gaps,"1,46 V different time gaps closed cell\L_17_Loopeis 1,46V_90s_2_PEIS from 65kHz to 10kHz_19_PEIS_C01.mpt",.mpt,PEIS,"Electrochemical data from technique PEIS in TR-PEIS procedure for PEM-WE in closed cathode configuration with OCV time gap 90 s, with PEIS frequency in between 65kHz and 10kHz."
280,VZ2_062_021_UK_D_0280_v2.mpt,closed_cell_time_gaps,"1,46 V different time gaps closed cell\L_17_Loopeis 1,46V_90s_2_PEIS from 65kHz to 10kHz_20_OCV_C01.mpt",.mpt,OCV,"Electrochemical data from technique OCV in TR-PEIS procedure for PEM-WE in closed cathode configuration with OCV time gap 90 s, with PEIS frequency in between 65kHz and 10kHz."
281,VZ2_062_021_UK_D_0281_v2.mpt,closed_cell_time_gaps,"1,46 V different time gaps closed cell\L_18_Loopeis 1,46V_90s_3_PEIS from 6500Hz to 1000Hz_01_CA_C01.mpt",.mpt,CA,"Electrochemical data from technique CA in TR-PEIS procedure for PEM-WE in closed cathode configuration with OCV time gap 90 s, with PEIS frequency in between 6500Hz and 1000Hz."
282,VZ2_062_021_UK_D_0282_v2.mpt,closed_cell_time_gaps,"1,46 V different time gaps closed cell\L_18_Loopeis 1,46V_90s_3_PEIS from 6500Hz to 1000Hz_02_OCV_C01.mpt",.mpt,OCV,"Electrochemical data from technique OCV in TR-PEIS procedure for PEM-WE in closed cathode configuration with OCV time gap 90 s, with PEIS frequency in between 6500Hz and 1000Hz."
283,VZ2_062_021_UK_D_0283_v2.mpt,closed_cell_time_gaps,"1,46 V different time gaps closed cell\L_18_Loopeis 1,46V_90s_3_PEIS from 6500Hz to 1000Hz_03_PEIS_C01.mpt",.mpt,PEIS,"Electrochemical data from technique PEIS in TR-PEIS procedure for PEM-WE in closed cathode configuration with OCV time gap 90 s, with PEIS frequency in between 6500Hz and 1000Hz."
284,VZ2_062_021_UK_D_0284_v2.mpt,closed_cell_time_gaps,"1,46 V different time gaps closed cell\L_18_Loopeis 1,46V_90s_3_PEIS from 6500Hz to 1000Hz_04_OCV_C01.mpt",.mpt,OCV,"Electrochemical data from technique OCV in TR-PEIS procedure for PEM-WE in closed cathode configuration with OCV time gap 90 s, with PEIS frequency in between 6500Hz and 1000Hz."
285,VZ2_062_021_UK_D_0285_v2.mpt,closed_cell_time_gaps,"1,46 V different time gaps closed cell\L_18_Loopeis 1,46V_90s_3_PEIS from 6500Hz to 1000Hz_05_CA_C01.mpt",.mpt,CA,"Electrochemical data from technique CA in TR-PEIS procedure for PEM-WE in closed cathode configuration with OCV time gap 90 s, with PEIS frequency in between 6500Hz and 1000Hz."
286,VZ2_062_021_UK_D_0286_v2.mpt,closed_cell_time_gaps,"1,46 V different time gaps closed cell\L_18_Loopeis 1,46V_90s_3_PEIS from 6500Hz to 1000Hz_06_OCV_C01.mpt",.mpt,OCV,"Electrochemical data from technique OCV in TR-PEIS procedure for PEM-WE in closed cathode configuration with OCV time gap 90 s, with PEIS frequency in between 6500Hz and 1000Hz."
287,VZ2_062_021_UK_D_0287_v2.mpt,closed_cell_time_gaps,"1,46 V different time gaps closed cell\L_18_Loopeis 1,46V_90s_3_PEIS from 6500Hz to 1000Hz_07_PEIS_C01.mpt",.mpt,PEIS,"Electrochemical data from technique PEIS in TR-PEIS procedure for PEM-WE in closed cathode configuration with OCV time gap 90 s, with PEIS frequency in between 6500Hz and 1000Hz."
288,VZ2_062_021_UK_D_0288_v2.mpt,closed_cell_time_gaps,"1,46 V different time gaps closed cell\L_18_Loopeis 1,46V_90s_3_PEIS from 6500Hz to 1000Hz_08_OCV_C01.mpt",.mpt,OCV,"Electrochemical data from technique OCV in TR-PEIS procedure for PEM-WE in closed cathode configuration with OCV time gap 90 s, with PEIS frequency in between 6500Hz and 1000Hz."
289,VZ2_062_021_UK_D_0289_v2.mpt,closed_cell_time_gaps,"1,46 V different time gaps closed cell\L_18_Loopeis 1,46V_90s_3_PEIS from 6500Hz to 1000Hz_09_CA_C01.mpt",.mpt,CA,"Electrochemical data from technique CA in TR-PEIS procedure for PEM-WE in closed cathode configuration with OCV time gap 90 s, with PEIS frequency in between 6500Hz and 1000Hz."
290,VZ2_062_021_UK_D_0290_v2.mpt,closed_cell_time_gaps,"1,46 V different time gaps closed cell\L_18_Loopeis 1,46V_90s_3_PEIS from 6500Hz to 1000Hz_10_OCV_C01.mpt",.mpt,OCV,"Electrochemical data from technique OCV in TR-PEIS procedure for PEM-WE in closed cathode configuration with OCV time gap 90 s, with PEIS frequency in between 6500Hz and 1000Hz."
291,VZ2_062_021_UK_D_0291_v2.mpt,closed_cell_time_gaps,"1,46 V different time gaps closed cell\L_18_Loopeis 1,46V_90s_3_PEIS from 6500Hz to 1000Hz_11_PEIS_C01.mpt",.mpt,PEIS,"Electrochemical data from technique PEIS in TR-PEIS procedure for PEM-WE in closed cathode configuration with OCV time gap 90 s, with PEIS frequency in between 6500Hz and 1000Hz."
292,VZ2_062_021_UK_D_0292_v2.mpt,closed_cell_time_gaps,"1,46 V different time gaps closed cell\L_18_Loopeis 1,46V_90s_3_PEIS from 6500Hz to 1000Hz_12_OCV_C01.mpt",.mpt,OCV,"Electrochemical data from technique OCV in TR-PEIS procedure for PEM-WE in closed cathode configuration with OCV time gap 90 s, with PEIS frequency in between 6500Hz and 1000Hz."
293,VZ2_062_021_UK_D_0293_v2.mpt,closed_cell_time_gaps,"1,46 V different time gaps closed cell\L_18_Loopeis 1,46V_90s_3_PEIS from 6500Hz to 1000Hz_13_CA_C01.mpt",.mpt,CA,"Electrochemical data from technique CA in TR-PEIS procedure for PEM-WE in closed cathode configuration with OCV time gap 90 s, with PEIS frequency in between 6500Hz and 1000Hz."
294,VZ2_062_021_UK_D_0294_v2.mpt,closed_cell_time_gaps,"1,46 V different time gaps closed cell\L_18_Loopeis 1,46V_90s_3_PEIS from 6500Hz to 1000Hz_14_OCV_C01.mpt",.mpt,OCV,"Electrochemical data from technique OCV in TR-PEIS procedure for PEM-WE in closed cathode configuration with OCV time gap 90 s, with PEIS frequency in between 6500Hz and 1000Hz."
295,VZ2_062_021_UK_D_0295_v2.mpt,closed_cell_time_gaps,"1,46 V different time gaps closed cell\L_18_Loopeis 1,46V_90s_3_PEIS from 6500Hz to 1000Hz_15_PEIS_C01.mpt",.mpt,PEIS,"Electrochemical data from technique PEIS in TR-PEIS procedure for PEM-WE in closed cathode configuration with OCV time gap 90 s, with PEIS frequency in between 6500Hz and 1000Hz."
296,VZ2_062_021_UK_D_0296_v2.mpt,closed_cell_time_gaps,"1,46 V different time gaps closed cell\L_18_Loopeis 1,46V_90s_3_PEIS from 6500Hz to 1000Hz_16_OCV_C01.mpt",.mpt,OCV,"Electrochemical data from technique OCV in TR-PEIS procedure for PEM-WE in closed cathode configuration with OCV time gap 90 s, with PEIS frequency in between 6500Hz and 1000Hz."
297,VZ2_062_021_UK_D_0297_v2.mpt,closed_cell_time_gaps,"1,46 V different time gaps closed cell\L_18_Loopeis 1,46V_90s_3_PEIS from 6500Hz to 1000Hz_17_CA_C01.mpt",.mpt,CA,"Electrochemical data from technique CA in TR-PEIS procedure for PEM-WE in closed cathode configuration with OCV time gap 90 s, with PEIS frequency in between 6500Hz and 1000Hz."
298,VZ2_062_021_UK_D_0298_v2.mpt,closed_cell_time_gaps,"1,46 V different time gaps closed cell\L_18_Loopeis 1,46V_90s_3_PEIS from 6500Hz to 1000Hz_18_OCV_C01.mpt",.mpt,OCV,"Electrochemical data from technique OCV in TR-PEIS procedure for PEM-WE in closed cathode configuration with OCV time gap 90 s, with PEIS frequency in between 6500Hz and 1000Hz."
299,VZ2_062_021_UK_D_0299_v2.mpt,closed_cell_time_gaps,"1,46 V different time gaps closed cell\L_18_Loopeis 1,46V_90s_3_PEIS from 6500Hz to 1000Hz_19_PEIS_C01.mpt",.mpt,PEIS,"Electrochemical data from technique PEIS in TR-PEIS procedure for PEM-WE in closed cathode configuration with OCV time gap 90 s, with PEIS frequency in between 6500Hz and 1000Hz."
300,VZ2_062_021_UK_D_0300_v2.mpt,closed_cell_time_gaps,"1,46 V different time gaps closed cell\L_18_Loopeis 1,46V_90s_3_PEIS from 6500Hz to 1000Hz_20_OCV_C01.mpt",.mpt,OCV,"Electrochemical data from technique OCV in TR-PEIS procedure for PEM-WE in closed cathode configuration with OCV time gap 90 s, with PEIS frequency in between 6500Hz and 1000Hz."
301,VZ2_062_021_UK_D_0301_v2.mpt,closed_cell_time_gaps,"1,46 V different time gaps closed cell\L_19_Loopeis 1,46V_90s_4_PEIS from 650Hz to 100Hz_01_CA_C01.mpt",.mpt,CA,"Electrochemical data from technique CA in TR-PEIS procedure for PEM-WE in closed cathode configuration with OCV time gap 90 s, with PEIS frequency in between 650Hz and 100Hz."
302,VZ2_062_021_UK_D_0302_v2.mpt,closed_cell_time_gaps,"1,46 V different time gaps closed cell\L_19_Loopeis 1,46V_90s_4_PEIS from 650Hz to 100Hz_02_OCV_C01.mpt",.mpt,OCV,"Electrochemical data from technique OCV in TR-PEIS procedure for PEM-WE in closed cathode configuration with OCV time gap 90 s, with PEIS frequency in between 650Hz and 100Hz."
303,VZ2_062_021_UK_D_0303_v2.mpt,closed_cell_time_gaps,"1,46 V different time gaps closed cell\L_19_Loopeis 1,46V_90s_4_PEIS from 650Hz to 100Hz_03_PEIS_C01.mpt",.mpt,PEIS,"Electrochemical data from technique PEIS in TR-PEIS procedure for PEM-WE in closed cathode configuration with OCV time gap 90 s, with PEIS frequency in between 650Hz and 100Hz."
304,VZ2_062_021_UK_D_0304_v2.mpt,closed_cell_time_gaps,"1,46 V different time gaps closed cell\L_19_Loopeis 1,46V_90s_4_PEIS from 650Hz to 100Hz_04_OCV_C01.mpt",.mpt,OCV,"Electrochemical data from technique OCV in TR-PEIS procedure for PEM-WE in closed cathode configuration with OCV time gap 90 s, with PEIS frequency in between 650Hz and 100Hz."
305,VZ2_062_021_UK_D_0305_v2.mpt,closed_cell_time_gaps,"1,46 V different time gaps closed cell\L_19_Loopeis 1,46V_90s_4_PEIS from 650Hz to 100Hz_05_CA_C01.mpt",.mpt,CA,"Electrochemical data from technique CA in TR-PEIS procedure for PEM-WE in closed cathode configuration with OCV time gap 90 s, with PEIS frequency in between 650Hz and 100Hz."
306,VZ2_062_021_UK_D_0306_v2.mpt,closed_cell_time_gaps,"1,46 V different time gaps closed cell\L_19_Loopeis 1,46V_90s_4_PEIS from 650Hz to 100Hz_06_OCV_C01.mpt",.mpt,OCV,"Electrochemical data from technique OCV in TR-PEIS procedure for PEM-WE in closed cathode configuration with OCV time gap 90 s, with PEIS frequency in between 650Hz and 100Hz."
307,VZ2_062_021_UK_D_0307_v2.mpt,closed_cell_time_gaps,"1,46 V different time gaps closed cell\L_19_Loopeis 1,46V_90s_4_PEIS from 650Hz to 100Hz_07_PEIS_C01.mpt",.mpt,PEIS,"Electrochemical data from technique PEIS in TR-PEIS procedure for PEM-WE in closed cathode configuration with OCV time gap 90 s, with PEIS frequency in between 650Hz and 100Hz."
308,VZ2_062_021_UK_D_0308_v2.mpt,closed_cell_time_gaps,"1,46 V different time gaps closed cell\L_19_Loopeis 1,46V_90s_4_PEIS from 650Hz to 100Hz_08_OCV_C01.mpt",.mpt,OCV,"Electrochemical data from technique OCV in TR-PEIS procedure for PEM-WE in closed cathode configuration with OCV time gap 90 s, with PEIS frequency in between 650Hz and 100Hz."
309,VZ2_062_021_UK_D_0309_v2.mpt,closed_cell_time_gaps,"1,46 V different time gaps closed cell\L_19_Loopeis 1,46V_90s_4_PEIS from 650Hz to 100Hz_09_CA_C01.mpt",.mpt,CA,"Electrochemical data from technique CA in TR-PEIS procedure for PEM-WE in closed cathode configuration with OCV time gap 90 s, with PEIS frequency in between 650Hz and 100Hz."
310,VZ2_062_021_UK_D_0310_v2.mpt,closed_cell_time_gaps,"1,46 V different time gaps closed cell\L_19_Loopeis 1,46V_90s_4_PEIS from 650Hz to 100Hz_10_OCV_C01.mpt",.mpt,OCV,"Electrochemical data from technique OCV in TR-PEIS procedure for PEM-WE in closed cathode configuration with OCV time gap 90 s, with PEIS frequency in between 650Hz and 100Hz."
311,VZ2_062_021_UK_D_0311_v2.mpt,closed_cell_time_gaps,"1,46 V different time gaps closed cell\L_19_Loopeis 1,46V_90s_4_PEIS from 650Hz to 100Hz_11_PEIS_C01.mpt",.mpt,PEIS,"Electrochemical data from technique PEIS in TR-PEIS procedure for PEM-WE in closed cathode configuration with OCV time gap 90 s, with PEIS frequency in between 650Hz and 100Hz."
312,VZ2_062_021_UK_D_0312_v2.mpt,closed_cell_time_gaps,"1,46 V different time gaps closed cell\L_19_Loopeis 1,46V_90s_4_PEIS from 650Hz to 100Hz_12_OCV_C01.mpt",.mpt,OCV,"Electrochemical data from technique OCV in TR-PEIS procedure for PEM-WE in closed cathode configuration with OCV time gap 90 s, with PEIS frequency in between 650Hz and 100Hz."
313,VZ2_062_021_UK_D_0313_v2.mpt,closed_cell_time_gaps,"1,46 V different time gaps closed cell\L_19_Loopeis 1,46V_90s_4_PEIS from 650Hz to 100Hz_13_CA_C01.mpt",.mpt,CA,"Electrochemical data from technique CA in TR-PEIS procedure for PEM-WE in closed cathode configuration with OCV time gap 90 s, with PEIS frequency in between 650Hz and 100Hz."
314,VZ2_062_021_UK_D_0314_v2.mpt,closed_cell_time_gaps,"1,46 V different time gaps closed cell\L_19_Loopeis 1,46V_90s_4_PEIS from 650Hz to 100Hz_14_OCV_C01.mpt",.mpt,OCV,"Electrochemical data from technique OCV in TR-PEIS procedure for PEM-WE in closed cathode configuration with OCV time gap 90 s, with PEIS frequency in between 650Hz and 100Hz."
315,VZ2_062_021_UK_D_0315_v2.mpt,closed_cell_time_gaps,"1,46 V different time gaps closed cell\L_19_Loopeis 1,46V_90s_4_PEIS from 650Hz to 100Hz_15_PEIS_C01.mpt",.mpt,PEIS,"Electrochemical data from technique PEIS in TR-PEIS procedure for PEM-WE in closed cathode configuration with OCV time gap 90 s, with PEIS frequency in between 650Hz and 100Hz."
316,VZ2_062_021_UK_D_0316_v2.mpt,closed_cell_time_gaps,"1,46 V different time gaps closed cell\L_19_Loopeis 1,46V_90s_4_PEIS from 650Hz to 100Hz_16_OCV_C01.mpt",.mpt,OCV,"Electrochemical data from technique OCV in TR-PEIS procedure for PEM-WE in closed cathode configuration with OCV time gap 90 s, with PEIS frequency in between 650Hz and 100Hz."
317,VZ2_062_021_UK_D_0317_v2.mpt,closed_cell_time_gaps,"1,46 V different time gaps closed cell\L_19_Loopeis 1,46V_90s_4_PEIS from 650Hz to 100Hz_17_CA_C01.mpt",.mpt,CA,"Electrochemical data from technique CA in TR-PEIS procedure for PEM-WE in closed cathode configuration with OCV time gap 90 s, with PEIS frequency in between 650Hz and 100Hz."
318,VZ2_062_021_UK_D_0318_v2.mpt,closed_cell_time_gaps,"1,46 V different time gaps closed cell\L_19_Loopeis 1,46V_90s_4_PEIS from 650Hz to 100Hz_18_OCV_C01.mpt",.mpt,OCV,"Electrochemical data from technique OCV in TR-PEIS procedure for PEM-WE in closed cathode configuration with OCV time gap 90 s, with PEIS frequency in between 650Hz and 100Hz."
319,VZ2_062_021_UK_D_0319_v2.mpt,closed_cell_time_gaps,"1,46 V different time gaps closed cell\L_19_Loopeis 1,46V_90s_4_PEIS from 650Hz to 100Hz_19_PEIS_C01.mpt",.mpt,PEIS,"Electrochemical data from technique PEIS in TR-PEIS procedure for PEM-WE in closed cathode configuration with OCV time gap 90 s, with PEIS frequency in between 650Hz and 100Hz."
320,VZ2_062_021_UK_D_0320_v2.mpt,closed_cell_time_gaps,"1,46 V different time gaps closed cell\L_19_Loopeis 1,46V_90s_4_PEIS from 650Hz to 100Hz_20_OCV_C01.mpt",.mpt,OCV,"Electrochemical data from technique OCV in TR-PEIS procedure for PEM-WE in closed cathode configuration with OCV time gap 90 s, with PEIS frequency in between 650Hz and 100Hz."
321,VZ2_062_021_UK_D_0321_v2.mpt,closed_cell_time_gaps,"1,46 V different time gaps closed cell\L_20_Loopeis 1,46V_90s_5_PEIS from 65Hz to 10Hz_01_CA_C01.mpt",.mpt,CA,"Electrochemical data from technique CA in TR-PEIS procedure for PEM-WE in closed cathode configuration with OCV time gap 90 s, with PEIS frequency in between 65Hz and 10Hz."
322,VZ2_062_021_UK_D_0322_v2.mpt,closed_cell_time_gaps,"1,46 V different time gaps closed cell\L_20_Loopeis 1,46V_90s_5_PEIS from 65Hz to 10Hz_02_OCV_C01.mpt",.mpt,OCV,"Electrochemical data from technique OCV in TR-PEIS procedure for PEM-WE in closed cathode configuration with OCV time gap 90 s, with PEIS frequency in between 65Hz and 10Hz."
323,VZ2_062_021_UK_D_0323_v2.mpt,closed_cell_time_gaps,"1,46 V different time gaps closed cell\L_20_Loopeis 1,46V_90s_5_PEIS from 65Hz to 10Hz_03_PEIS_C01.mpt",.mpt,PEIS,"Electrochemical data from technique PEIS in TR-PEIS procedure for PEM-WE in closed cathode configuration with OCV time gap 90 s, with PEIS frequency in between 65Hz and 10Hz."
324,VZ2_062_021_UK_D_0324_v2.mpt,closed_cell_time_gaps,"1,46 V different time gaps closed cell\L_20_Loopeis 1,46V_90s_5_PEIS from 65Hz to 10Hz_04_OCV_C01.mpt",.mpt,OCV,"Electrochemical data from technique OCV in TR-PEIS procedure for PEM-WE in closed cathode configuration with OCV time gap 90 s, with PEIS frequency in between 65Hz and 10Hz."
325,VZ2_062_021_UK_D_0325_v2.mpt,closed_cell_time_gaps,"1,46 V different time gaps closed cell\L_20_Loopeis 1,46V_90s_5_PEIS from 65Hz to 10Hz_05_CA_C01.mpt",.mpt,CA,"Electrochemical data from technique CA in TR-PEIS procedure for PEM-WE in closed cathode configuration with OCV time gap 90 s, with PEIS frequency in between 65Hz and 10Hz."
326,VZ2_062_021_UK_D_0326_v2.mpt,closed_cell_time_gaps,"1,46 V different time gaps closed cell\L_20_Loopeis 1,46V_90s_5_PEIS from 65Hz to 10Hz_06_OCV_C01.mpt",.mpt,OCV,"Electrochemical data from technique OCV in TR-PEIS procedure for PEM-WE in closed cathode configuration with OCV time gap 90 s, with PEIS frequency in between 65Hz and 10Hz."
327,VZ2_062_021_UK_D_0327_v2.mpt,closed_cell_time_gaps,"1,46 V different time gaps closed cell\L_20_Loopeis 1,46V_90s_5_PEIS from 65Hz to 10Hz_07_PEIS_C01.mpt",.mpt,PEIS,"Electrochemical data from technique PEIS in TR-PEIS procedure for PEM-WE in closed cathode configuration with OCV time gap 90 s, with PEIS frequency in between 65Hz and 10Hz."
328,VZ2_062_021_UK_D_0328_v2.mpt,closed_cell_time_gaps,"1,46 V different time gaps closed cell\L_20_Loopeis 1,46V_90s_5_PEIS from 65Hz to 10Hz_08_OCV_C01.mpt",.mpt,OCV,"Electrochemical data from technique OCV in TR-PEIS procedure for PEM-WE in closed cathode configuration with OCV time gap 90 s, with PEIS frequency in between 65Hz and 10Hz."
329,VZ2_062_021_UK_D_0329_v2.mpt,closed_cell_time_gaps,"1,46 V different time gaps closed cell\L_20_Loopeis 1,46V_90s_5_PEIS from 65Hz to 10Hz_09_CA_C01.mpt",.mpt,CA,"Electrochemical data from technique CA in TR-PEIS procedure for PEM-WE in closed cathode configuration with OCV time gap 90 s, with PEIS frequency in between 65Hz and 10Hz."
330,VZ2_062_021_UK_D_0330_v2.mpt,closed_cell_time_gaps,"1,46 V different time gaps closed cell\L_20_Loopeis 1,46V_90s_5_PEIS from 65Hz to 10Hz_10_OCV_C01.mpt",.mpt,OCV,"Electrochemical data from technique OCV in TR-PEIS procedure for PEM-WE in closed cathode configuration with OCV time gap 90 s, with PEIS frequency in between 65Hz and 10Hz."
331,VZ2_062_021_UK_D_0331_v2.mpt,closed_cell_time_gaps,"1,46 V different time gaps closed cell\L_20_Loopeis 1,46V_90s_5_PEIS from 65Hz to 10Hz_11_PEIS_C01.mpt",.mpt,PEIS,"Electrochemical data from technique PEIS in TR-PEIS procedure for PEM-WE in closed cathode configuration with OCV time gap 90 s, with PEIS frequency in between 65Hz and 10Hz."
332,VZ2_062_021_UK_D_0332_v2.mpt,closed_cell_time_gaps,"1,46 V different time gaps closed cell\L_20_Loopeis 1,46V_90s_5_PEIS from 65Hz to 10Hz_12_OCV_C01.mpt",.mpt,OCV,"Electrochemical data from technique OCV in TR-PEIS procedure for PEM-WE in closed cathode configuration with OCV time gap 90 s, with PEIS frequency in between 65Hz and 10Hz."
333,VZ2_062_021_UK_D_0333_v2.mpt,closed_cell_time_gaps,"1,46 V different time gaps closed cell\L_20_Loopeis 1,46V_90s_5_PEIS from 65Hz to 10Hz_13_CA_C01.mpt",.mpt,CA,"Electrochemical data from technique CA in TR-PEIS procedure for PEM-WE in closed cathode configuration with OCV time gap 90 s, with PEIS frequency in between 65Hz and 10Hz."
334,VZ2_062_021_UK_D_0334_v2.mpt,closed_cell_time_gaps,"1,46 V different time gaps closed cell\L_20_Loopeis 1,46V_90s_5_PEIS from 65Hz to 10Hz_14_OCV_C01.mpt",.mpt,OCV,"Electrochemical data from technique OCV in TR-PEIS procedure for PEM-WE in closed cathode configuration with OCV time gap 90 s, with PEIS frequency in between 65Hz and 10Hz."
335,VZ2_062_021_UK_D_0335_v2.mpt,closed_cell_time_gaps,"1,46 V different time gaps closed cell\L_20_Loopeis 1,46V_90s_5_PEIS from 65Hz to 10Hz_15_PEIS_C01.mpt",.mpt,PEIS,"Electrochemical data from technique PEIS in TR-PEIS procedure for PEM-WE in closed cathode configuration with OCV time gap 90 s, with PEIS frequency in between 65Hz and 10Hz."
336,VZ2_062_021_UK_D_0336_v2.mpt,closed_cell_time_gaps,"1,46 V different time gaps closed cell\L_20_Loopeis 1,46V_90s_5_PEIS from 65Hz to 10Hz_16_OCV_C01.mpt",.mpt,OCV,"Electrochemical data from technique OCV in TR-PEIS procedure for PEM-WE in closed cathode configuration with OCV time gap 90 s, with PEIS frequency in between 65Hz and 10Hz."
337,VZ2_062_021_UK_D_0337_v2.mpt,closed_cell_time_gaps,"1,46 V different time gaps closed cell\L_20_Loopeis 1,46V_90s_5_PEIS from 65Hz to 10Hz_17_CA_C01.mpt",.mpt,CA,"Electrochemical data from technique CA in TR-PEIS procedure for PEM-WE in closed cathode configuration with OCV time gap 90 s, with PEIS frequency in between 65Hz and 10Hz."
338,VZ2_062_021_UK_D_0338_v2.mpt,closed_cell_time_gaps,"1,46 V different time gaps closed cell\L_20_Loopeis 1,46V_90s_5_PEIS from 65Hz to 10Hz_18_OCV_C01.mpt",.mpt,OCV,"Electrochemical data from technique OCV in TR-PEIS procedure for PEM-WE in closed cathode configuration with OCV time gap 90 s, with PEIS frequency in between 65Hz and 10Hz."
339,VZ2_062_021_UK_D_0339_v2.mpt,closed_cell_time_gaps,"1,46 V different time gaps closed cell\L_20_Loopeis 1,46V_90s_5_PEIS from 65Hz to 10Hz_19_PEIS_C01.mpt",.mpt,PEIS,"Electrochemical data from technique PEIS in TR-PEIS procedure for PEM-WE in closed cathode configuration with OCV time gap 90 s, with PEIS frequency in between 65Hz and 10Hz."
340,VZ2_062_021_UK_D_0340_v2.mpt,closed_cell_time_gaps,"1,46 V different time gaps closed cell\L_20_Loopeis 1,46V_90s_5_PEIS from 65Hz to 10Hz_20_OCV_C01.mpt",.mpt,OCV,"Electrochemical data from technique OCV in TR-PEIS procedure for PEM-WE in closed cathode configuration with OCV time gap 90 s, with PEIS frequency in between 65Hz and 10Hz."
341,VZ2_062_021_UK_D_0341_v2.mpt,closed_cell_time_gaps,"1,46 V different time gaps closed cell\L_21_Loopeis 1,46V_120s_1_initial_loops_01_CA_C01.mpt",.mpt,CA,"Electrochemical data from technique CA in TR-PEIS procedure for PEM-WE in closed cathode configuration with OCV time gap 120 s, initial loops."
342,VZ2_062_021_UK_D_0342_v2.mpt,closed_cell_time_gaps,"1,46 V different time gaps closed cell\L_21_Loopeis 1,46V_120s_1_initial_loops_02_OCV_C01.mpt",.mpt,OCV,"Electrochemical data from technique OCV in TR-PEIS procedure for PEM-WE in closed cathode configuration with OCV time gap 120 s, initial loops."
343,VZ2_062_021_UK_D_0343_v2.mpt,closed_cell_time_gaps,"1,46 V different time gaps closed cell\L_22_Loopeis 1,46V_120s_2_PEIS from 65kHz to 10kHz_01_CA_C01.mpt",.mpt,CA,"Electrochemical data from technique CA in TR-PEIS procedure for PEM-WE in closed cathode configuration with OCV time gap 120 s, with PEIS frequency in between 65kHz and 10kHz."
344,VZ2_062_021_UK_D_0344_v2.mpt,closed_cell_time_gaps,"1,46 V different time gaps closed cell\L_22_Loopeis 1,46V_120s_2_PEIS from 65kHz to 10kHz_02_OCV_C01.mpt",.mpt,OCV,"Electrochemical data from technique OCV in TR-PEIS procedure for PEM-WE in closed cathode configuration with OCV time gap 120 s, with PEIS frequency in between 65kHz and 10kHz."
345,VZ2_062_021_UK_D_0345_v2.mpt,closed_cell_time_gaps,"1,46 V different time gaps closed cell\L_22_Loopeis 1,46V_120s_2_PEIS from 65kHz to 10kHz_03_PEIS_C01.mpt",.mpt,PEIS,"Electrochemical data from technique PEIS in TR-PEIS procedure for PEM-WE in closed cathode configuration with OCV time gap 120 s, with PEIS frequency in between 65kHz and 10kHz."
346,VZ2_062_021_UK_D_0346_v2.mpt,closed_cell_time_gaps,"1,46 V different time gaps closed cell\L_22_Loopeis 1,46V_120s_2_PEIS from 65kHz to 10kHz_04_OCV_C01.mpt",.mpt,OCV,"Electrochemical data from technique OCV in TR-PEIS procedure for PEM-WE in closed cathode configuration with OCV time gap 120 s, with PEIS frequency in between 65kHz and 10kHz."
347,VZ2_062_021_UK_D_0347_v2.mpt,closed_cell_time_gaps,"1,46 V different time gaps closed cell\L_22_Loopeis 1,46V_120s_2_PEIS from 65kHz to 10kHz_05_CA_C01.mpt",.mpt,CA,"Electrochemical data from technique CA in TR-PEIS procedure for PEM-WE in closed cathode configuration with OCV time gap 120 s, with PEIS frequency in between 65kHz and 10kHz."
348,VZ2_062_021_UK_D_0348_v2.mpt,closed_cell_time_gaps,"1,46 V different time gaps closed cell\L_22_Loopeis 1,46V_120s_2_PEIS from 65kHz to 10kHz_06_OCV_C01.mpt",.mpt,OCV,"Electrochemical data from technique OCV in TR-PEIS procedure for PEM-WE in closed cathode configuration with OCV time gap 120 s, with PEIS frequency in between 65kHz and 10kHz."
349,VZ2_062_021_UK_D_0349_v2.mpt,closed_cell_time_gaps,"1,46 V different time gaps closed cell\L_22_Loopeis 1,46V_120s_2_PEIS from 65kHz to 10kHz_07_PEIS_C01.mpt",.mpt,PEIS,"Electrochemical data from technique PEIS in TR-PEIS procedure for PEM-WE in closed cathode configuration with OCV time gap 120 s, with PEIS frequency in between 65kHz and 10kHz."
350,VZ2_062_021_UK_D_0350_v2.mpt,closed_cell_time_gaps,"1,46 V different time gaps closed cell\L_22_Loopeis 1,46V_120s_2_PEIS from 65kHz to 10kHz_08_OCV_C01.mpt",.mpt,OCV,"Electrochemical data from technique OCV in TR-PEIS procedure for PEM-WE in closed cathode configuration with OCV time gap 120 s, with PEIS frequency in between 65kHz and 10kHz."
351,VZ2_062_021_UK_D_0351_v2.mpt,closed_cell_time_gaps,"1,46 V different time gaps closed cell\L_22_Loopeis 1,46V_120s_2_PEIS from 65kHz to 10kHz_09_CA_C01.mpt",.mpt,CA,"Electrochemical data from technique CA in TR-PEIS procedure for PEM-WE in closed cathode configuration with OCV time gap 120 s, with PEIS frequency in between 65kHz and 10kHz."
352,VZ2_062_021_UK_D_0352_v2.mpt,closed_cell_time_gaps,"1,46 V different time gaps closed cell\L_22_Loopeis 1,46V_120s_2_PEIS from 65kHz to 10kHz_10_OCV_C01.mpt",.mpt,OCV,"Electrochemical data from technique OCV in TR-PEIS procedure for PEM-WE in closed cathode configuration with OCV time gap 120 s, with PEIS frequency in between 65kHz and 10kHz."
353,VZ2_062_021_UK_D_0353_v2.mpt,closed_cell_time_gaps,"1,46 V different time gaps closed cell\L_22_Loopeis 1,46V_120s_2_PEIS from 65kHz to 10kHz_11_PEIS_C01.mpt",.mpt,PEIS,"Electrochemical data from technique PEIS in TR-PEIS procedure for PEM-WE in closed cathode configuration with OCV time gap 120 s, with PEIS frequency in between 65kHz and 10kHz."
354,VZ2_062_021_UK_D_0354_v2.mpt,closed_cell_time_gaps,"1,46 V different time gaps closed cell\L_22_Loopeis 1,46V_120s_2_PEIS from 65kHz to 10kHz_12_OCV_C01.mpt",.mpt,OCV,"Electrochemical data from technique OCV in TR-PEIS procedure for PEM-WE in closed cathode configuration with OCV time gap 120 s, with PEIS frequency in between 65kHz and 10kHz."
355,VZ2_062_021_UK_D_0355_v2.mpt,closed_cell_time_gaps,"1,46 V different time gaps closed cell\L_22_Loopeis 1,46V_120s_2_PEIS from 65kHz to 10kHz_13_CA_C01.mpt",.mpt,CA,"Electrochemical data from technique CA in TR-PEIS procedure for PEM-WE in closed cathode configuration with OCV time gap 120 s, with PEIS frequency in between 65kHz and 10kHz."
356,VZ2_062_021_UK_D_0356_v2.mpt,closed_cell_time_gaps,"1,46 V different time gaps closed cell\L_22_Loopeis 1,46V_120s_2_PEIS from 65kHz to 10kHz_14_OCV_C01.mpt",.mpt,OCV,"Electrochemical data from technique OCV in TR-PEIS procedure for PEM-WE in closed cathode configuration with OCV time gap 120 s, with PEIS frequency in between 65kHz and 10kHz."
357,VZ2_062_021_UK_D_0357_v2.mpt,closed_cell_time_gaps,"1,46 V different time gaps closed cell\L_22_Loopeis 1,46V_120s_2_PEIS from 65kHz to 10kHz_15_PEIS_C01.mpt",.mpt,PEIS,"Electrochemical data from technique PEIS in TR-PEIS procedure for PEM-WE in closed cathode configuration with OCV time gap 120 s, with PEIS frequency in between 65kHz and 10kHz."
358,VZ2_062_021_UK_D_0358_v2.mpt,closed_cell_time_gaps,"1,46 V different time gaps closed cell\L_22_Loopeis 1,46V_120s_2_PEIS from 65kHz to 10kHz_16_OCV_C01.mpt",.mpt,OCV,"Electrochemical data from technique OCV in TR-PEIS procedure for PEM-WE in closed cathode configuration with OCV time gap 120 s, with PEIS frequency in between 65kHz and 10kHz."
359,VZ2_062_021_UK_D_0359_v2.mpt,closed_cell_time_gaps,"1,46 V different time gaps closed cell\L_22_Loopeis 1,46V_120s_2_PEIS from 65kHz to 10kHz_17_CA_C01.mpt",.mpt,CA,"Electrochemical data from technique CA in TR-PEIS procedure for PEM-WE in closed cathode configuration with OCV time gap 120 s, with PEIS frequency in between 65kHz and 10kHz."
360,VZ2_062_021_UK_D_0360_v2.mpt,closed_cell_time_gaps,"1,46 V different time gaps closed cell\L_22_Loopeis 1,46V_120s_2_PEIS from 65kHz to 10kHz_18_OCV_C01.mpt",.mpt,OCV,"Electrochemical data from technique OCV in TR-PEIS procedure for PEM-WE in closed cathode configuration with OCV time gap 120 s, with PEIS frequency in between 65kHz and 10kHz."
361,VZ2_062_021_UK_D_0361_v2.mpt,closed_cell_time_gaps,"1,46 V different time gaps closed cell\L_22_Loopeis 1,46V_120s_2_PEIS from 65kHz to 10kHz_19_PEIS_C01.mpt",.mpt,PEIS,"Electrochemical data from technique PEIS in TR-PEIS procedure for PEM-WE in closed cathode configuration with OCV time gap 120 s, with PEIS frequency in between 65kHz and 10kHz."
362,VZ2_062_021_UK_D_0362_v2.mpt,closed_cell_time_gaps,"1,46 V different time gaps closed cell\L_22_Loopeis 1,46V_120s_2_PEIS from 65kHz to 10kHz_20_OCV_C01.mpt",.mpt,OCV,"Electrochemical data from technique OCV in TR-PEIS procedure for PEM-WE in closed cathode configuration with OCV time gap 120 s, with PEIS frequency in between 65kHz and 10kHz."
363,VZ2_062_021_UK_D_0363_v2.mpt,closed_cell_time_gaps,"1,46 V different time gaps closed cell\L_23_Loopeis 1,46V_120s_3_PEIS from 6500Hz to 1000Hz_01_CA_C01.mpt",.mpt,CA,"Electrochemical data from technique CA in TR-PEIS procedure for PEM-WE in closed cathode configuration with OCV time gap 120 s, with PEIS frequency in between 6500Hz and 1000Hz."
364,VZ2_062_021_UK_D_0364_v2.mpt,closed_cell_time_gaps,"1,46 V different time gaps closed cell\L_23_Loopeis 1,46V_120s_3_PEIS from 6500Hz to 1000Hz_02_OCV_C01.mpt",.mpt,OCV,"Electrochemical data from technique OCV in TR-PEIS procedure for PEM-WE in closed cathode configuration with OCV time gap 120 s, with PEIS frequency in between 6500Hz and 1000Hz."
365,VZ2_062_021_UK_D_0365_v2.mpt,closed_cell_time_gaps,"1,46 V different time gaps closed cell\L_23_Loopeis 1,46V_120s_3_PEIS from 6500Hz to 1000Hz_03_PEIS_C01.mpt",.mpt,PEIS,"Electrochemical data from technique PEIS in TR-PEIS procedure for PEM-WE in closed cathode configuration with OCV time gap 120 s, with PEIS frequency in between 6500Hz and 1000Hz."
366,VZ2_062_021_UK_D_0366_v2.mpt,closed_cell_time_gaps,"1,46 V different time gaps closed cell\L_23_Loopeis 1,46V_120s_3_PEIS from 6500Hz to 1000Hz_04_OCV_C01.mpt",.mpt,OCV,"Electrochemical data from technique OCV in TR-PEIS procedure for PEM-WE in closed cathode configuration with OCV time gap 120 s, with PEIS frequency in between 6500Hz and 1000Hz."
367,VZ2_062_021_UK_D_0367_v2.mpt,closed_cell_time_gaps,"1,46 V different time gaps closed cell\L_23_Loopeis 1,46V_120s_3_PEIS from 6500Hz to 1000Hz_05_CA_C01.mpt",.mpt,CA,"Electrochemical data from technique CA in TR-PEIS procedure for PEM-WE in closed cathode configuration with OCV time gap 120 s, with PEIS frequency in between 6500Hz and 1000Hz."
368,VZ2_062_021_UK_D_0368_v2.mpt,closed_cell_time_gaps,"1,46 V different time gaps closed cell\L_23_Loopeis 1,46V_120s_3_PEIS from 6500Hz to 1000Hz_06_OCV_C01.mpt",.mpt,OCV,"Electrochemical data from technique OCV in TR-PEIS procedure for PEM-WE in closed cathode configuration with OCV time gap 120 s, with PEIS frequency in between 6500Hz and 1000Hz."
369,VZ2_062_021_UK_D_0369_v2.mpt,closed_cell_time_gaps,"1,46 V different time gaps closed cell\L_23_Loopeis 1,46V_120s_3_PEIS from 6500Hz to 1000Hz_07_PEIS_C01.mpt",.mpt,PEIS,"Electrochemical data from technique PEIS in TR-PEIS procedure for PEM-WE in closed cathode configuration with OCV time gap 120 s, with PEIS frequency in between 6500Hz and 1000Hz."
370,VZ2_062_021_UK_D_0370_v2.mpt,closed_cell_time_gaps,"1,46 V different time gaps closed cell\L_23_Loopeis 1,46V_120s_3_PEIS from 6500Hz to 1000Hz_08_OCV_C01.mpt",.mpt,OCV,"Electrochemical data from technique OCV in TR-PEIS procedure for PEM-WE in closed cathode configuration with OCV time gap 120 s, with PEIS frequency in between 6500Hz and 1000Hz."
371,VZ2_062_021_UK_D_0371_v2.mpt,closed_cell_time_gaps,"1,46 V different time gaps closed cell\L_23_Loopeis 1,46V_120s_3_PEIS from 6500Hz to 1000Hz_09_CA_C01.mpt",.mpt,CA,"Electrochemical data from technique CA in TR-PEIS procedure for PEM-WE in closed cathode configuration with OCV time gap 120 s, with PEIS frequency in between 6500Hz and 1000Hz."
372,VZ2_062_021_UK_D_0372_v2.mpt,closed_cell_time_gaps,"1,46 V different time gaps closed cell\L_23_Loopeis 1,46V_120s_3_PEIS from 6500Hz to 1000Hz_10_OCV_C01.mpt",.mpt,OCV,"Electrochemical data from technique OCV in TR-PEIS procedure for PEM-WE in closed cathode configuration with OCV time gap 120 s, with PEIS frequency in between 6500Hz and 1000Hz."
373,VZ2_062_021_UK_D_0373_v2.mpt,closed_cell_time_gaps,"1,46 V different time gaps closed cell\L_23_Loopeis 1,46V_120s_3_PEIS from 6500Hz to 1000Hz_11_PEIS_C01.mpt",.mpt,PEIS,"Electrochemical data from technique PEIS in TR-PEIS procedure for PEM-WE in closed cathode configuration with OCV time gap 120 s, with PEIS frequency in between 6500Hz and 1000Hz."
374,VZ2_062_021_UK_D_0374_v2.mpt,closed_cell_time_gaps,"1,46 V different time gaps closed cell\L_23_Loopeis 1,46V_120s_3_PEIS from 6500Hz to 1000Hz_12_OCV_C01.mpt",.mpt,OCV,"Electrochemical data from technique OCV in TR-PEIS procedure for PEM-WE in closed cathode configuration with OCV time gap 120 s, with PEIS frequency in between 6500Hz and 1000Hz."
375,VZ2_062_021_UK_D_0375_v2.mpt,closed_cell_time_gaps,"1,46 V different time gaps closed cell\L_23_Loopeis 1,46V_120s_3_PEIS from 6500Hz to 1000Hz_13_CA_C01.mpt",.mpt,CA,"Electrochemical data from technique CA in TR-PEIS procedure for PEM-WE in closed cathode configuration with OCV time gap 120 s, with PEIS frequency in between 6500Hz and 1000Hz."
376,VZ2_062_021_UK_D_0376_v2.mpt,closed_cell_time_gaps,"1,46 V different time gaps closed cell\L_23_Loopeis 1,46V_120s_3_PEIS from 6500Hz to 1000Hz_14_OCV_C01.mpt",.mpt,OCV,"Electrochemical data from technique OCV in TR-PEIS procedure for PEM-WE in closed cathode configuration with OCV time gap 120 s, with PEIS frequency in between 6500Hz and 1000Hz."
377,VZ2_062_021_UK_D_0377_v2.mpt,closed_cell_time_gaps,"1,46 V different time gaps closed cell\L_23_Loopeis 1,46V_120s_3_PEIS from 6500Hz to 1000Hz_15_PEIS_C01.mpt",.mpt,PEIS,"Electrochemical data from technique PEIS in TR-PEIS procedure for PEM-WE in closed cathode configuration with OCV time gap 120 s, with PEIS frequency in between 6500Hz and 1000Hz."
378,VZ2_062_021_UK_D_0378_v2.mpt,closed_cell_time_gaps,"1,46 V different time gaps closed cell\L_23_Loopeis 1,46V_120s_3_PEIS from 6500Hz to 1000Hz_16_OCV_C01.mpt",.mpt,OCV,"Electrochemical data from technique OCV in TR-PEIS procedure for PEM-WE in closed cathode configuration with OCV time gap 120 s, with PEIS frequency in between 6500Hz and 1000Hz."
379,VZ2_062_021_UK_D_0379_v2.mpt,closed_cell_time_gaps,"1,46 V different time gaps closed cell\L_23_Loopeis 1,46V_120s_3_PEIS from 6500Hz to 1000Hz_17_CA_C01.mpt",.mpt,CA,"Electrochemical data from technique CA in TR-PEIS procedure for PEM-WE in closed cathode configuration with OCV time gap 120 s, with PEIS frequency in between 6500Hz and 1000Hz."
380,VZ2_062_021_UK_D_0380_v2.mpt,closed_cell_time_gaps,"1,46 V different time gaps closed cell\L_23_Loopeis 1,46V_120s_3_PEIS from 6500Hz to 1000Hz_18_OCV_C01.mpt",.mpt,OCV,"Electrochemical data from technique OCV in TR-PEIS procedure for PEM-WE in closed cathode configuration with OCV time gap 120 s, with PEIS frequency in between 6500Hz and 1000Hz."
381,VZ2_062_021_UK_D_0381_v2.mpt,closed_cell_time_gaps,"1,46 V different time gaps closed cell\L_23_Loopeis 1,46V_120s_3_PEIS from 6500Hz to 1000Hz_19_PEIS_C01.mpt",.mpt,PEIS,"Electrochemical data from technique PEIS in TR-PEIS procedure for PEM-WE in closed cathode configuration with OCV time gap 120 s, with PEIS frequency in between 6500Hz and 1000Hz."
382,VZ2_062_021_UK_D_0382_v2.mpt,closed_cell_time_gaps,"1,46 V different time gaps closed cell\L_23_Loopeis 1,46V_120s_3_PEIS from 6500Hz to 1000Hz_20_OCV_C01.mpt",.mpt,OCV,"Electrochemical data from technique OCV in TR-PEIS procedure for PEM-WE in closed cathode configuration with OCV time gap 120 s, with PEIS frequency in between 6500Hz and 1000Hz."
383,VZ2_062_021_UK_D_0383_v2.mpt,closed_cell_time_gaps,"1,46 V different time gaps closed cell\L_24_Loopeis 1,46V_120s_4_PEIS from 650Hz to 100Hz_01_CA_C01.mpt",.mpt,CA,"Electrochemical data from technique CA in TR-PEIS procedure for PEM-WE in closed cathode configuration with OCV time gap 120 s, with PEIS frequency in between 650Hz and 100Hz."
384,VZ2_062_021_UK_D_0384_v2.mpt,closed_cell_time_gaps,"1,46 V different time gaps closed cell\L_24_Loopeis 1,46V_120s_4_PEIS from 650Hz to 100Hz_02_OCV_C01.mpt",.mpt,OCV,"Electrochemical data from technique OCV in TR-PEIS procedure for PEM-WE in closed cathode configuration with OCV time gap 120 s, with PEIS frequency in between 650Hz and 100Hz."
385,VZ2_062_021_UK_D_0385_v2.mpt,closed_cell_time_gaps,"1,46 V different time gaps closed cell\L_24_Loopeis 1,46V_120s_4_PEIS from 650Hz to 100Hz_03_PEIS_C01.mpt",.mpt,PEIS,"Electrochemical data from technique PEIS in TR-PEIS procedure for PEM-WE in closed cathode configuration with OCV time gap 120 s, with PEIS frequency in between 650Hz and 100Hz."
386,VZ2_062_021_UK_D_0386_v2.mpt,closed_cell_time_gaps,"1,46 V different time gaps closed cell\L_24_Loopeis 1,46V_120s_4_PEIS from 650Hz to 100Hz_04_OCV_C01.mpt",.mpt,OCV,"Electrochemical data from technique OCV in TR-PEIS procedure for PEM-WE in closed cathode configuration with OCV time gap 120 s, with PEIS frequency in between 650Hz and 100Hz."
387,VZ2_062_021_UK_D_0387_v2.mpt,closed_cell_time_gaps,"1,46 V different time gaps closed cell\L_24_Loopeis 1,46V_120s_4_PEIS from 650Hz to 100Hz_05_CA_C01.mpt",.mpt,CA,"Electrochemical data from technique CA in TR-PEIS procedure for PEM-WE in closed cathode configuration with OCV time gap 120 s, with PEIS frequency in between 650Hz and 100Hz."
388,VZ2_062_021_UK_D_0388_v2.mpt,closed_cell_time_gaps,"1,46 V different time gaps closed cell\L_24_Loopeis 1,46V_120s_4_PEIS from 650Hz to 100Hz_06_OCV_C01.mpt",.mpt,OCV,"Electrochemical data from technique OCV in TR-PEIS procedure for PEM-WE in closed cathode configuration with OCV time gap 120 s, with PEIS frequency in between 650Hz and 100Hz."
389,VZ2_062_021_UK_D_0389_v2.mpt,closed_cell_time_gaps,"1,46 V different time gaps closed cell\L_24_Loopeis 1,46V_120s_4_PEIS from 650Hz to 100Hz_07_PEIS_C01.mpt",.mpt,PEIS,"Electrochemical data from technique PEIS in TR-PEIS procedure for PEM-WE in closed cathode configuration with OCV time gap 120 s, with PEIS frequency in between 650Hz and 100Hz."
390,VZ2_062_021_UK_D_0390_v2.mpt,closed_cell_time_gaps,"1,46 V different time gaps closed cell\L_24_Loopeis 1,46V_120s_4_PEIS from 650Hz to 100Hz_08_OCV_C01.mpt",.mpt,OCV,"Electrochemical data from technique OCV in TR-PEIS procedure for PEM-WE in closed cathode configuration with OCV time gap 120 s, with PEIS frequency in between 650Hz and 100Hz."
391,VZ2_062_021_UK_D_0391_v2.mpt,closed_cell_time_gaps,"1,46 V different time gaps closed cell\L_24_Loopeis 1,46V_120s_4_PEIS from 650Hz to 100Hz_09_CA_C01.mpt",.mpt,CA,"Electrochemical data from technique CA in TR-PEIS procedure for PEM-WE in closed cathode configuration with OCV time gap 120 s, with PEIS frequency in between 650Hz and 100Hz."
392,VZ2_062_021_UK_D_0392_v2.mpt,closed_cell_time_gaps,"1,46 V different time gaps closed cell\L_24_Loopeis 1,46V_120s_4_PEIS from 650Hz to 100Hz_10_OCV_C01.mpt",.mpt,OCV,"Electrochemical data from technique OCV in TR-PEIS procedure for PEM-WE in closed cathode configuration with OCV time gap 120 s, with PEIS frequency in between 650Hz and 100Hz."
393,VZ2_062_021_UK_D_0393_v2.mpt,closed_cell_time_gaps,"1,46 V different time gaps closed cell\L_24_Loopeis 1,46V_120s_4_PEIS from 650Hz to 100Hz_11_PEIS_C01.mpt",.mpt,PEIS,"Electrochemical data from technique PEIS in TR-PEIS procedure for PEM-WE in closed cathode configuration with OCV time gap 120 s, with PEIS frequency in between 650Hz and 100Hz."
394,VZ2_062_021_UK_D_0394_v2.mpt,closed_cell_time_gaps,"1,46 V different time gaps closed cell\L_24_Loopeis 1,46V_120s_4_PEIS from 650Hz to 100Hz_12_OCV_C01.mpt",.mpt,OCV,"Electrochemical data from technique OCV in TR-PEIS procedure for PEM-WE in closed cathode configuration with OCV time gap 120 s, with PEIS frequency in between 650Hz and 100Hz."
395,VZ2_062_021_UK_D_0395_v2.mpt,closed_cell_time_gaps,"1,46 V different time gaps closed cell\L_24_Loopeis 1,46V_120s_4_PEIS from 650Hz to 100Hz_13_CA_C01.mpt",.mpt,CA,"Electrochemical data from technique CA in TR-PEIS procedure for PEM-WE in closed cathode configuration with OCV time gap 120 s, with PEIS frequency in between 650Hz and 100Hz."
396,VZ2_062_021_UK_D_0396_v2.mpt,closed_cell_time_gaps,"1,46 V different time gaps closed cell\L_24_Loopeis 1,46V_120s_4_PEIS from 650Hz to 100Hz_14_OCV_C01.mpt",.mpt,OCV,"Electrochemical data from technique OCV in TR-PEIS procedure for PEM-WE in closed cathode configuration with OCV time gap 120 s, with PEIS frequency in between 650Hz and 100Hz."
397,VZ2_062_021_UK_D_0397_v2.mpt,closed_cell_time_gaps,"1,46 V different time gaps closed cell\L_24_Loopeis 1,46V_120s_4_PEIS from 650Hz to 100Hz_15_PEIS_C01.mpt",.mpt,PEIS,"Electrochemical data from technique PEIS in TR-PEIS procedure for PEM-WE in closed cathode configuration with OCV time gap 120 s, with PEIS frequency in between 650Hz and 100Hz."
398,VZ2_062_021_UK_D_0398_v2.mpt,closed_cell_time_gaps,"1,46 V different time gaps closed cell\L_24_Loopeis 1,46V_120s_4_PEIS from 650Hz to 100Hz_16_OCV_C01.mpt",.mpt,OCV,"Electrochemical data from technique OCV in TR-PEIS procedure for PEM-WE in closed cathode configuration with OCV time gap 120 s, with PEIS frequency in between 650Hz and 100Hz."
399,VZ2_062_021_UK_D_0399_v2.mpt,closed_cell_time_gaps,"1,46 V different time gaps closed cell\L_24_Loopeis 1,46V_120s_4_PEIS from 650Hz to 100Hz_17_CA_C01.mpt",.mpt,CA,"Electrochemical data from technique CA in TR-PEIS procedure for PEM-WE in closed cathode configuration with OCV time gap 120 s, with PEIS frequency in between 650Hz and 100Hz."
400,VZ2_062_021_UK_D_0400_v2.mpt,closed_cell_time_gaps,"1,46 V different time gaps closed cell\L_24_Loopeis 1,46V_120s_4_PEIS from 650Hz to 100Hz_18_OCV_C01.mpt",.mpt,OCV,"Electrochemical data from technique OCV in TR-PEIS procedure for PEM-WE in closed cathode configuration with OCV time gap 120 s, with PEIS frequency in between 650Hz and 100Hz."
401,VZ2_062_021_UK_D_0401_v2.mpt,closed_cell_time_gaps,"1,46 V different time gaps closed cell\L_24_Loopeis 1,46V_120s_4_PEIS from 650Hz to 100Hz_19_PEIS_C01.mpt",.mpt,PEIS,"Electrochemical data from technique PEIS in TR-PEIS procedure for PEM-WE in closed cathode configuration with OCV time gap 120 s, with PEIS frequency in between 650Hz and 100Hz."
402,VZ2_062_021_UK_D_0402_v2.mpt,closed_cell_time_gaps,"1,46 V different time gaps closed cell\L_24_Loopeis 1,46V_120s_4_PEIS from 650Hz to 100Hz_20_OCV_C01.mpt",.mpt,OCV,"Electrochemical data from technique OCV in TR-PEIS procedure for PEM-WE in closed cathode configuration with OCV time gap 120 s, with PEIS frequency in between 650Hz and 100Hz."
403,VZ2_062_021_UK_D_0403_v2.mpt,closed_cell_time_gaps,"1,46 V different time gaps closed cell\L_25_Loopeis 1,46V_120s_5_PEIS from 65Hz to 10Hz_01_CA_C01.mpt",.mpt,CA,"Electrochemical data from technique CA in TR-PEIS procedure for PEM-WE in closed cathode configuration with OCV time gap 120 s, with PEIS frequency in between 65Hz and 10Hz."
404,VZ2_062_021_UK_D_0404_v2.mpt,closed_cell_time_gaps,"1,46 V different time gaps closed cell\L_25_Loopeis 1,46V_120s_5_PEIS from 65Hz to 10Hz_02_OCV_C01.mpt",.mpt,OCV,"Electrochemical data from technique OCV in TR-PEIS procedure for PEM-WE in closed cathode configuration with OCV time gap 120 s, with PEIS frequency in between 65Hz and 10Hz."
405,VZ2_062_021_UK_D_0405_v2.mpt,closed_cell_time_gaps,"1,46 V different time gaps closed cell\L_25_Loopeis 1,46V_120s_5_PEIS from 65Hz to 10Hz_03_PEIS_C01.mpt",.mpt,PEIS,"Electrochemical data from technique PEIS in TR-PEIS procedure for PEM-WE in closed cathode configuration with OCV time gap 120 s, with PEIS frequency in between 65Hz and 10Hz."
406,VZ2_062_021_UK_D_0406_v2.mpt,closed_cell_time_gaps,"1,46 V different time gaps closed cell\L_25_Loopeis 1,46V_120s_5_PEIS from 65Hz to 10Hz_04_OCV_C01.mpt",.mpt,OCV,"Electrochemical data from technique OCV in TR-PEIS procedure for PEM-WE in closed cathode configuration with OCV time gap 120 s, with PEIS frequency in between 65Hz and 10Hz."
407,VZ2_062_021_UK_D_0407_v2.mpt,closed_cell_time_gaps,"1,46 V different time gaps closed cell\L_25_Loopeis 1,46V_120s_5_PEIS from 65Hz to 10Hz_05_CA_C01.mpt",.mpt,CA,"Electrochemical data from technique CA in TR-PEIS procedure for PEM-WE in closed cathode configuration with OCV time gap 120 s, with PEIS frequency in between 65Hz and 10Hz."
408,VZ2_062_021_UK_D_0408_v2.mpt,closed_cell_time_gaps,"1,46 V different time gaps closed cell\L_25_Loopeis 1,46V_120s_5_PEIS from 65Hz to 10Hz_06_OCV_C01.mpt",.mpt,OCV,"Electrochemical data from technique OCV in TR-PEIS procedure for PEM-WE in closed cathode configuration with OCV time gap 120 s, with PEIS frequency in between 65Hz and 10Hz."
409,VZ2_062_021_UK_D_0409_v2.mpt,closed_cell_time_gaps,"1,46 V different time gaps closed cell\L_25_Loopeis 1,46V_120s_5_PEIS from 65Hz to 10Hz_07_PEIS_C01.mpt",.mpt,PEIS,"Electrochemical data from technique PEIS in TR-PEIS procedure for PEM-WE in closed cathode configuration with OCV time gap 120 s, with PEIS frequency in between 65Hz and 10Hz."
410,VZ2_062_021_UK_D_0410_v2.mpt,closed_cell_time_gaps,"1,46 V different time gaps closed cell\L_25_Loopeis 1,46V_120s_5_PEIS from 65Hz to 10Hz_08_OCV_C01.mpt",.mpt,OCV,"Electrochemical data from technique OCV in TR-PEIS procedure for PEM-WE in closed cathode configuration with OCV time gap 120 s, with PEIS frequency in between 65Hz and 10Hz."
411,VZ2_062_021_UK_D_0411_v2.mpt,closed_cell_time_gaps,"1,46 V different time gaps closed cell\L_25_Loopeis 1,46V_120s_5_PEIS from 65Hz to 10Hz_09_CA_C01.mpt",.mpt,CA,"Electrochemical data from technique CA in TR-PEIS procedure for PEM-WE in closed cathode configuration with OCV time gap 120 s, with PEIS frequency in between 65Hz and 10Hz."
412,VZ2_062_021_UK_D_0412_v2.mpt,closed_cell_time_gaps,"1,46 V different time gaps closed cell\L_25_Loopeis 1,46V_120s_5_PEIS from 65Hz to 10Hz_10_OCV_C01.mpt",.mpt,OCV,"Electrochemical data from technique OCV in TR-PEIS procedure for PEM-WE in closed cathode configuration with OCV time gap 120 s, with PEIS frequency in between 65Hz and 10Hz."
413,VZ2_062_021_UK_D_0413_v2.mpt,closed_cell_time_gaps,"1,46 V different time gaps closed cell\L_25_Loopeis 1,46V_120s_5_PEIS from 65Hz to 10Hz_11_PEIS_C01.mpt",.mpt,PEIS,"Electrochemical data from technique PEIS in TR-PEIS procedure for PEM-WE in closed cathode configuration with OCV time gap 120 s, with PEIS frequency in between 65Hz and 10Hz."
414,VZ2_062_021_UK_D_0414_v2.mpt,closed_cell_time_gaps,"1,46 V different time gaps closed cell\L_25_Loopeis 1,46V_120s_5_PEIS from 65Hz to 10Hz_12_OCV_C01.mpt",.mpt,OCV,"Electrochemical data from technique OCV in TR-PEIS procedure for PEM-WE in closed cathode configuration with OCV time gap 120 s, with PEIS frequency in between 65Hz and 10Hz."
415,VZ2_062_021_UK_D_0415_v2.mpt,closed_cell_time_gaps,"1,46 V different time gaps closed cell\L_25_Loopeis 1,46V_120s_5_PEIS from 65Hz to 10Hz_13_CA_C01.mpt",.mpt,CA,"Electrochemical data from technique CA in TR-PEIS procedure for PEM-WE in closed cathode configuration with OCV time gap 120 s, with PEIS frequency in between 65Hz and 10Hz."
416,VZ2_062_021_UK_D_0416_v2.mpt,closed_cell_time_gaps,"1,46 V different time gaps closed cell\L_25_Loopeis 1,46V_120s_5_PEIS from 65Hz to 10Hz_14_OCV_C01.mpt",.mpt,OCV,"Electrochemical data from technique OCV in TR-PEIS procedure for PEM-WE in closed cathode configuration with OCV time gap 120 s, with PEIS frequency in between 65Hz and 10Hz."
417,VZ2_062_021_UK_D_0417_v2.mpt,closed_cell_time_gaps,"1,46 V different time gaps closed cell\L_25_Loopeis 1,46V_120s_5_PEIS from 65Hz to 10Hz_15_PEIS_C01.mpt",.mpt,PEIS,"Electrochemical data from technique PEIS in TR-PEIS procedure for PEM-WE in closed cathode configuration with OCV time gap 120 s, with PEIS frequency in between 65Hz and 10Hz."
418,VZ2_062_021_UK_D_0418_v2.mpt,closed_cell_time_gaps,"1,46 V different time gaps closed cell\L_25_Loopeis 1,46V_120s_5_PEIS from 65Hz to 10Hz_16_OCV_C01.mpt",.mpt,OCV,"Electrochemical data from technique OCV in TR-PEIS procedure for PEM-WE in closed cathode configuration with OCV time gap 120 s, with PEIS frequency in between 65Hz and 10Hz."
419,VZ2_062_021_UK_D_0419_v2.mpt,closed_cell_time_gaps,"1,46 V different time gaps closed cell\L_25_Loopeis 1,46V_120s_5_PEIS from 65Hz to 10Hz_17_CA_C01.mpt",.mpt,CA,"Electrochemical data from technique CA in TR-PEIS procedure for PEM-WE in closed cathode configuration with OCV time gap 120 s, with PEIS frequency in between 65Hz and 10Hz."
420,VZ2_062_021_UK_D_0420_v2.mpt,closed_cell_time_gaps,"1,46 V different time gaps closed cell\L_25_Loopeis 1,46V_120s_5_PEIS from 65Hz to 10Hz_18_OCV_C01.mpt",.mpt,OCV,"Electrochemical data from technique OCV in TR-PEIS procedure for PEM-WE in closed cathode configuration with OCV time gap 120 s, with PEIS frequency in between 65Hz and 10Hz."
421,VZ2_062_021_UK_D_0421_v2.mpt,closed_cell_time_gaps,"1,46 V different time gaps closed cell\L_25_Loopeis 1,46V_120s_5_PEIS from 65Hz to 10Hz_19_PEIS_C01.mpt",.mpt,PEIS,"Electrochemical data from technique PEIS in TR-PEIS procedure for PEM-WE in closed cathode configuration with OCV time gap 120 s, with PEIS frequency in between 65Hz and 10Hz."
422,VZ2_062_021_UK_D_0422_v2.mpt,closed_cell_time_gaps,"1,46 V different time gaps closed cell\L_25_Loopeis 1,46V_120s_5_PEIS from 65Hz to 10Hz_20_OCV_C01.mpt",.mpt,OCV,"Electrochemical data from technique OCV in TR-PEIS procedure for PEM-WE in closed cathode configuration with OCV time gap 120 s, with PEIS frequency in between 65Hz and 10Hz."
423,VZ2_062_021_UK_D_0423_v2.mpt,closed_cell_time_gaps,"1,46 V different time gaps closed cell\L_26_Loopeis 1,46V_180s_1_initial_loops_01_CA_C01.mpt",.mpt,CA,"Electrochemical data from technique CA in TR-PEIS procedure for PEM-WE in closed cathode configuration with OCV time gap 180 s, initial loops."
424,VZ2_062_021_UK_D_0424_v2.mpt,closed_cell_time_gaps,"1,46 V different time gaps closed cell\L_26_Loopeis 1,46V_180s_1_initial_loops_02_OCV_C01.mpt",.mpt,OCV,"Electrochemical data from technique OCV in TR-PEIS procedure for PEM-WE in closed cathode configuration with OCV time gap 180 s, initial loops."
425,VZ2_062_021_UK_D_0425_v2.mpt,closed_cell_time_gaps,"1,46 V different time gaps closed cell\L_27_Loopeis 1,46V_180s_2_PEIS from 65kHz to 10kHz_01_CA_C01.mpt",.mpt,CA,"Electrochemical data from technique CA in TR-PEIS procedure for PEM-WE in closed cathode configuration with OCV time gap 180 s, with PEIS frequency in between 65kHz and 10kHz."
426,VZ2_062_021_UK_D_0426_v2.mpt,closed_cell_time_gaps,"1,46 V different time gaps closed cell\L_27_Loopeis 1,46V_180s_2_PEIS from 65kHz to 10kHz_02_OCV_C01.mpt",.mpt,OCV,"Electrochemical data from technique OCV in TR-PEIS procedure for PEM-WE in closed cathode configuration with OCV time gap 180 s, with PEIS frequency in between 65kHz and 10kHz."
427,VZ2_062_021_UK_D_0427_v2.mpt,closed_cell_time_gaps,"1,46 V different time gaps closed cell\L_27_Loopeis 1,46V_180s_2_PEIS from 65kHz to 10kHz_03_PEIS_C01.mpt",.mpt,PEIS,"Electrochemical data from technique PEIS in TR-PEIS procedure for PEM-WE in closed cathode configuration with OCV time gap 180 s, with PEIS frequency in between 65kHz and 10kHz."
428,VZ2_062_021_UK_D_0428_v2.mpt,closed_cell_time_gaps,"1,46 V different time gaps closed cell\L_27_Loopeis 1,46V_180s_2_PEIS from 65kHz to 10kHz_04_OCV_C01.mpt",.mpt,OCV,"Electrochemical data from technique OCV in TR-PEIS procedure for PEM-WE in closed cathode configuration with OCV time gap 180 s, with PEIS frequency in between 65kHz and 10kHz."
429,VZ2_062_021_UK_D_0429_v2.mpt,closed_cell_time_gaps,"1,46 V different time gaps closed cell\L_27_Loopeis 1,46V_180s_2_PEIS from 65kHz to 10kHz_05_CA_C01.mpt",.mpt,CA,"Electrochemical data from technique CA in TR-PEIS procedure for PEM-WE in closed cathode configuration with OCV time gap 180 s, with PEIS frequency in between 65kHz and 10kHz."
430,VZ2_062_021_UK_D_0430_v2.mpt,closed_cell_time_gaps,"1,46 V different time gaps closed cell\L_27_Loopeis 1,46V_180s_2_PEIS from 65kHz to 10kHz_06_OCV_C01.mpt",.mpt,OCV,"Electrochemical data from technique OCV in TR-PEIS procedure for PEM-WE in closed cathode configuration with OCV time gap 180 s, with PEIS frequency in between 65kHz and 10kHz."
431,VZ2_062_021_UK_D_0431_v2.mpt,closed_cell_time_gaps,"1,46 V different time gaps closed cell\L_27_Loopeis 1,46V_180s_2_PEIS from 65kHz to 10kHz_07_PEIS_C01.mpt",.mpt,PEIS,"Electrochemical data from technique PEIS in TR-PEIS procedure for PEM-WE in closed cathode configuration with OCV time gap 180 s, with PEIS frequency in between 65kHz and 10kHz."
432,VZ2_062_021_UK_D_0432_v2.mpt,closed_cell_time_gaps,"1,46 V different time gaps closed cell\L_27_Loopeis 1,46V_180s_2_PEIS from 65kHz to 10kHz_08_OCV_C01.mpt",.mpt,OCV,"Electrochemical data from technique OCV in TR-PEIS procedure for PEM-WE in closed cathode configuration with OCV time gap 180 s, with PEIS frequency in between 65kHz and 10kHz."
433,VZ2_062_021_UK_D_0433_v2.mpt,closed_cell_time_gaps,"1,46 V different time gaps closed cell\L_27_Loopeis 1,46V_180s_2_PEIS from 65kHz to 10kHz_09_CA_C01.mpt",.mpt,CA,"Electrochemical data from technique CA in TR-PEIS procedure for PEM-WE in closed cathode configuration with OCV time gap 180 s, with PEIS frequency in between 65kHz and 10kHz."
434,VZ2_062_021_UK_D_0434_v2.mpt,closed_cell_time_gaps,"1,46 V different time gaps closed cell\L_27_Loopeis 1,46V_180s_2_PEIS from 65kHz to 10kHz_10_OCV_C01.mpt",.mpt,OCV,"Electrochemical data from technique OCV in TR-PEIS procedure for PEM-WE in closed cathode configuration with OCV time gap 180 s, with PEIS frequency in between 65kHz and 10kHz."
435,VZ2_062_021_UK_D_0435_v2.mpt,closed_cell_time_gaps,"1,46 V different time gaps closed cell\L_27_Loopeis 1,46V_180s_2_PEIS from 65kHz to 10kHz_11_PEIS_C01.mpt",.mpt,PEIS,"Electrochemical data from technique PEIS in TR-PEIS procedure for PEM-WE in closed cathode configuration with OCV time gap 180 s, with PEIS frequency in between 65kHz and 10kHz."
436,VZ2_062_021_UK_D_0436_v2.mpt,closed_cell_time_gaps,"1,46 V different time gaps closed cell\L_27_Loopeis 1,46V_180s_2_PEIS from 65kHz to 10kHz_12_OCV_C01.mpt",.mpt,OCV,"Electrochemical data from technique OCV in TR-PEIS procedure for PEM-WE in closed cathode configuration with OCV time gap 180 s, with PEIS frequency in between 65kHz and 10kHz."
437,VZ2_062_021_UK_D_0437_v2.mpt,closed_cell_time_gaps,"1,46 V different time gaps closed cell\L_27_Loopeis 1,46V_180s_2_PEIS from 65kHz to 10kHz_13_CA_C01.mpt",.mpt,CA,"Electrochemical data from technique CA in TR-PEIS procedure for PEM-WE in closed cathode configuration with OCV time gap 180 s, with PEIS frequency in between 65kHz and 10kHz."
438,VZ2_062_021_UK_D_0438_v2.mpt,closed_cell_time_gaps,"1,46 V different time gaps closed cell\L_27_Loopeis 1,46V_180s_2_PEIS from 65kHz to 10kHz_14_OCV_C01.mpt",.mpt,OCV,"Electrochemical data from technique OCV in TR-PEIS procedure for PEM-WE in closed cathode configuration with OCV time gap 180 s, with PEIS frequency in between 65kHz and 10kHz."
439,VZ2_062_021_UK_D_0439_v2.mpt,closed_cell_time_gaps,"1,46 V different time gaps closed cell\L_27_Loopeis 1,46V_180s_2_PEIS from 65kHz to 10kHz_15_PEIS_C01.mpt",.mpt,PEIS,"Electrochemical data from technique PEIS in TR-PEIS procedure for PEM-WE in closed cathode configuration with OCV time gap 180 s, with PEIS frequency in between 65kHz and 10kHz."
440,VZ2_062_021_UK_D_0440_v2.mpt,closed_cell_time_gaps,"1,46 V different time gaps closed cell\L_27_Loopeis 1,46V_180s_2_PEIS from 65kHz to 10kHz_16_OCV_C01.mpt",.mpt,OCV,"Electrochemical data from technique OCV in TR-PEIS procedure for PEM-WE in closed cathode configuration with OCV time gap 180 s, with PEIS frequency in between 65kHz and 10kHz."
441,VZ2_062_021_UK_D_0441_v2.mpt,closed_cell_time_gaps,"1,46 V different time gaps closed cell\L_27_Loopeis 1,46V_180s_2_PEIS from 65kHz to 10kHz_17_CA_C01.mpt",.mpt,CA,"Electrochemical data from technique CA in TR-PEIS procedure for PEM-WE in closed cathode configuration with OCV time gap 180 s, with PEIS frequency in between 65kHz and 10kHz."
442,VZ2_062_021_UK_D_0442_v2.mpt,closed_cell_time_gaps,"1,46 V different time gaps closed cell\L_27_Loopeis 1,46V_180s_2_PEIS from 65kHz to 10kHz_18_OCV_C01.mpt",.mpt,OCV,"Electrochemical data from technique OCV in TR-PEIS procedure for PEM-WE in closed cathode configuration with OCV time gap 180 s, with PEIS frequency in between 65kHz and 10kHz."
443,VZ2_062_021_UK_D_0443_v2.mpt,closed_cell_time_gaps,"1,46 V different time gaps closed cell\L_27_Loopeis 1,46V_180s_2_PEIS from 65kHz to 10kHz_19_PEIS_C01.mpt",.mpt,PEIS,"Electrochemical data from technique PEIS in TR-PEIS procedure for PEM-WE in closed cathode configuration with OCV time gap 180 s, with PEIS frequency in between 65kHz and 10kHz."
444,VZ2_062_021_UK_D_0444_v2.mpt,closed_cell_time_gaps,"1,46 V different time gaps closed cell\L_27_Loopeis 1,46V_180s_2_PEIS from 65kHz to 10kHz_20_OCV_C01.mpt",.mpt,OCV,"Electrochemical data from technique OCV in TR-PEIS procedure for PEM-WE in closed cathode configuration with OCV time gap 180 s, with PEIS frequency in between 65kHz and 10kHz."
445,VZ2_062_021_UK_D_0445_v2.mpt,closed_cell_time_gaps,"1,46 V different time gaps closed cell\L_28_Loopeis 1,46V_180s_3_PEIS from 6500Hz to 1000Hz_01_CA_C01.mpt",.mpt,CA,"Electrochemical data from technique CA in TR-PEIS procedure for PEM-WE in closed cathode configuration with OCV time gap 180 s, with PEIS frequency in between 6500Hz and 1000Hz."
446,VZ2_062_021_UK_D_0446_v2.mpt,closed_cell_time_gaps,"1,46 V different time gaps closed cell\L_28_Loopeis 1,46V_180s_3_PEIS from 6500Hz to 1000Hz_02_OCV_C01.mpt",.mpt,OCV,"Electrochemical data from technique OCV in TR-PEIS procedure for PEM-WE in closed cathode configuration with OCV time gap 180 s, with PEIS frequency in between 6500Hz and 1000Hz."
447,VZ2_062_021_UK_D_0447_v2.mpt,closed_cell_time_gaps,"1,46 V different time gaps closed cell\L_28_Loopeis 1,46V_180s_3_PEIS from 6500Hz to 1000Hz_03_PEIS_C01.mpt",.mpt,PEIS,"Electrochemical data from technique PEIS in TR-PEIS procedure for PEM-WE in closed cathode configuration with OCV time gap 180 s, with PEIS frequency in between 6500Hz and 1000Hz."
448,VZ2_062_021_UK_D_0448_v2.mpt,closed_cell_time_gaps,"1,46 V different time gaps closed cell\L_28_Loopeis 1,46V_180s_3_PEIS from 6500Hz to 1000Hz_04_OCV_C01.mpt",.mpt,OCV,"Electrochemical data from technique OCV in TR-PEIS procedure for PEM-WE in closed cathode configuration with OCV time gap 180 s, with PEIS frequency in between 6500Hz and 1000Hz."
449,VZ2_062_021_UK_D_0449_v2.mpt,closed_cell_time_gaps,"1,46 V different time gaps closed cell\L_28_Loopeis 1,46V_180s_3_PEIS from 6500Hz to 1000Hz_05_CA_C01.mpt",.mpt,CA,"Electrochemical data from technique CA in TR-PEIS procedure for PEM-WE in closed cathode configuration with OCV time gap 180 s, with PEIS frequency in between 6500Hz and 1000Hz."
450,VZ2_062_021_UK_D_0450_v2.mpt,closed_cell_time_gaps,"1,46 V different time gaps closed cell\L_28_Loopeis 1,46V_180s_3_PEIS from 6500Hz to 1000Hz_06_OCV_C01.mpt",.mpt,OCV,"Electrochemical data from technique OCV in TR-PEIS procedure for PEM-WE in closed cathode configuration with OCV time gap 180 s, with PEIS frequency in between 6500Hz and 1000Hz."
451,VZ2_062_021_UK_D_0451_v2.mpt,closed_cell_time_gaps,"1,46 V different time gaps closed cell\L_28_Loopeis 1,46V_180s_3_PEIS from 6500Hz to 1000Hz_07_PEIS_C01.mpt",.mpt,PEIS,"Electrochemical data from technique PEIS in TR-PEIS procedure for PEM-WE in closed cathode configuration with OCV time gap 180 s, with PEIS frequency in between 6500Hz and 1000Hz."
452,VZ2_062_021_UK_D_0452_v2.mpt,closed_cell_time_gaps,"1,46 V different time gaps closed cell\L_28_Loopeis 1,46V_180s_3_PEIS from 6500Hz to 1000Hz_08_OCV_C01.mpt",.mpt,OCV,"Electrochemical data from technique OCV in TR-PEIS procedure for PEM-WE in closed cathode configuration with OCV time gap 180 s, with PEIS frequency in between 6500Hz and 1000Hz."
453,VZ2_062_021_UK_D_0453_v2.mpt,closed_cell_time_gaps,"1,46 V different time gaps closed cell\L_28_Loopeis 1,46V_180s_3_PEIS from 6500Hz to 1000Hz_09_CA_C01.mpt",.mpt,CA,"Electrochemical data from technique CA in TR-PEIS procedure for PEM-WE in closed cathode configuration with OCV time gap 180 s, with PEIS frequency in between 6500Hz and 1000Hz."
454,VZ2_062_021_UK_D_0454_v2.mpt,closed_cell_time_gaps,"1,46 V different time gaps closed cell\L_28_Loopeis 1,46V_180s_3_PEIS from 6500Hz to 1000Hz_10_OCV_C01.mpt",.mpt,OCV,"Electrochemical data from technique OCV in TR-PEIS procedure for PEM-WE in closed cathode configuration with OCV time gap 180 s, with PEIS frequency in between 6500Hz and 1000Hz."
455,VZ2_062_021_UK_D_0455_v2.mpt,closed_cell_time_gaps,"1,46 V different time gaps closed cell\L_28_Loopeis 1,46V_180s_3_PEIS from 6500Hz to 1000Hz_11_PEIS_C01.mpt",.mpt,PEIS,"Electrochemical data from technique PEIS in TR-PEIS procedure for PEM-WE in closed cathode configuration with OCV time gap 180 s, with PEIS frequency in between 6500Hz and 1000Hz."
456,VZ2_062_021_UK_D_0456_v2.mpt,closed_cell_time_gaps,"1,46 V different time gaps closed cell\L_28_Loopeis 1,46V_180s_3_PEIS from 6500Hz to 1000Hz_12_OCV_C01.mpt",.mpt,OCV,"Electrochemical data from technique OCV in TR-PEIS procedure for PEM-WE in closed cathode configuration with OCV time gap 180 s, with PEIS frequency in between 6500Hz and 1000Hz."
457,VZ2_062_021_UK_D_0457_v2.mpt,closed_cell_time_gaps,"1,46 V different time gaps closed cell\L_28_Loopeis 1,46V_180s_3_PEIS from 6500Hz to 1000Hz_13_CA_C01.mpt",.mpt,CA,"Electrochemical data from technique CA in TR-PEIS procedure for PEM-WE in closed cathode configuration with OCV time gap 180 s, with PEIS frequency in between 6500Hz and 1000Hz."
458,VZ2_062_021_UK_D_0458_v2.mpt,closed_cell_time_gaps,"1,46 V different time gaps closed cell\L_28_Loopeis 1,46V_180s_3_PEIS from 6500Hz to 1000Hz_14_OCV_C01.mpt",.mpt,OCV,"Electrochemical data from technique OCV in TR-PEIS procedure for PEM-WE in closed cathode configuration with OCV time gap 180 s, with PEIS frequency in between 6500Hz and 1000Hz."
459,VZ2_062_021_UK_D_0459_v2.mpt,closed_cell_time_gaps,"1,46 V different time gaps closed cell\L_28_Loopeis 1,46V_180s_3_PEIS from 6500Hz to 1000Hz_15_PEIS_C01.mpt",.mpt,PEIS,"Electrochemical data from technique PEIS in TR-PEIS procedure for PEM-WE in closed cathode configuration with OCV time gap 180 s, with PEIS frequency in between 6500Hz and 1000Hz."
460,VZ2_062_021_UK_D_0460_v2.mpt,closed_cell_time_gaps,"1,46 V different time gaps closed cell\L_28_Loopeis 1,46V_180s_3_PEIS from 6500Hz to 1000Hz_16_OCV_C01.mpt",.mpt,OCV,"Electrochemical data from technique OCV in TR-PEIS procedure for PEM-WE in closed cathode configuration with OCV time gap 180 s, with PEIS frequency in between 6500Hz and 1000Hz."
461,VZ2_062_021_UK_D_0461_v2.mpt,closed_cell_time_gaps,"1,46 V different time gaps closed cell\L_28_Loopeis 1,46V_180s_3_PEIS from 6500Hz to 1000Hz_17_CA_C01.mpt",.mpt,CA,"Electrochemical data from technique CA in TR-PEIS procedure for PEM-WE in closed cathode configuration with OCV time gap 180 s, with PEIS frequency in between 6500Hz and 1000Hz."
462,VZ2_062_021_UK_D_0462_v2.mpt,closed_cell_time_gaps,"1,46 V different time gaps closed cell\L_28_Loopeis 1,46V_180s_3_PEIS from 6500Hz to 1000Hz_18_OCV_C01.mpt",.mpt,OCV,"Electrochemical data from technique OCV in TR-PEIS procedure for PEM-WE in closed cathode configuration with OCV time gap 180 s, with PEIS frequency in between 6500Hz and 1000Hz."
463,VZ2_062_021_UK_D_0463_v2.mpt,closed_cell_time_gaps,"1,46 V different time gaps closed cell\L_28_Loopeis 1,46V_180s_3_PEIS from 6500Hz to 1000Hz_19_PEIS_C01.mpt",.mpt,PEIS,"Electrochemical data from technique PEIS in TR-PEIS procedure for PEM-WE in closed cathode configuration with OCV time gap 180 s, with PEIS frequency in between 6500Hz and 1000Hz."
464,VZ2_062_021_UK_D_0464_v2.mpt,closed_cell_time_gaps,"1,46 V different time gaps closed cell\L_28_Loopeis 1,46V_180s_3_PEIS from 6500Hz to 1000Hz_20_OCV_C01.mpt",.mpt,OCV,"Electrochemical data from technique OCV in TR-PEIS procedure for PEM-WE in closed cathode configuration with OCV time gap 180 s, with PEIS frequency in between 6500Hz and 1000Hz."
465,VZ2_062_021_UK_D_0465_v2.mpt,closed_cell_time_gaps,"1,46 V different time gaps closed cell\L_29_Loopeis 1,46V_180s_4_PEIS from 650Hz to 100Hz_01_CA_C01.mpt",.mpt,CA,"Electrochemical data from technique CA in TR-PEIS procedure for PEM-WE in closed cathode configuration with OCV time gap 180 s, with PEIS frequency in between 650Hz and 100Hz."
466,VZ2_062_021_UK_D_0466_v2.mpt,closed_cell_time_gaps,"1,46 V different time gaps closed cell\L_29_Loopeis 1,46V_180s_4_PEIS from 650Hz to 100Hz_02_OCV_C01.mpt",.mpt,OCV,"Electrochemical data from technique OCV in TR-PEIS procedure for PEM-WE in closed cathode configuration with OCV time gap 180 s, with PEIS frequency in between 650Hz and 100Hz."
467,VZ2_062_021_UK_D_0467_v2.mpt,closed_cell_time_gaps,"1,46 V different time gaps closed cell\L_29_Loopeis 1,46V_180s_4_PEIS from 650Hz to 100Hz_03_PEIS_C01.mpt",.mpt,PEIS,"Electrochemical data from technique PEIS in TR-PEIS procedure for PEM-WE in closed cathode configuration with OCV time gap 180 s, with PEIS frequency in between 650Hz and 100Hz."
468,VZ2_062_021_UK_D_0468_v2.mpt,closed_cell_time_gaps,"1,46 V different time gaps closed cell\L_29_Loopeis 1,46V_180s_4_PEIS from 650Hz to 100Hz_04_OCV_C01.mpt",.mpt,OCV,"Electrochemical data from technique OCV in TR-PEIS procedure for PEM-WE in closed cathode configuration with OCV time gap 180 s, with PEIS frequency in between 650Hz and 100Hz."
469,VZ2_062_021_UK_D_0469_v2.mpt,closed_cell_time_gaps,"1,46 V different time gaps closed cell\L_29_Loopeis 1,46V_180s_4_PEIS from 650Hz to 100Hz_05_CA_C01.mpt",.mpt,CA,"Electrochemical data from technique CA in TR-PEIS procedure for PEM-WE in closed cathode configuration with OCV time gap 180 s, with PEIS frequency in between 650Hz and 100Hz."
470,VZ2_062_021_UK_D_0470_v2.mpt,closed_cell_time_gaps,"1,46 V different time gaps closed cell\L_29_Loopeis 1,46V_180s_4_PEIS from 650Hz to 100Hz_06_OCV_C01.mpt",.mpt,OCV,"Electrochemical data from technique OCV in TR-PEIS procedure for PEM-WE in closed cathode configuration with OCV time gap 180 s, with PEIS frequency in between 650Hz and 100Hz."
471,VZ2_062_021_UK_D_0471_v2.mpt,closed_cell_time_gaps,"1,46 V different time gaps closed cell\L_29_Loopeis 1,46V_180s_4_PEIS from 650Hz to 100Hz_07_PEIS_C01.mpt",.mpt,PEIS,"Electrochemical data from technique PEIS in TR-PEIS procedure for PEM-WE in closed cathode configuration with OCV time gap 180 s, with PEIS frequency in between 650Hz and 100Hz."
472,VZ2_062_021_UK_D_0472_v2.mpt,closed_cell_time_gaps,"1,46 V different time gaps closed cell\L_29_Loopeis 1,46V_180s_4_PEIS from 650Hz to 100Hz_08_OCV_C01.mpt",.mpt,OCV,"Electrochemical data from technique OCV in TR-PEIS procedure for PEM-WE in closed cathode configuration with OCV time gap 180 s, with PEIS frequency in between 650Hz and 100Hz."
473,VZ2_062_021_UK_D_0473_v2.mpt,closed_cell_time_gaps,"1,46 V different time gaps closed cell\L_29_Loopeis 1,46V_180s_4_PEIS from 650Hz to 100Hz_09_CA_C01.mpt",.mpt,CA,"Electrochemical data from technique CA in TR-PEIS procedure for PEM-WE in closed cathode configuration with OCV time gap 180 s, with PEIS frequency in between 650Hz and 100Hz."
474,VZ2_062_021_UK_D_0474_v2.mpt,closed_cell_time_gaps,"1,46 V different time gaps closed cell\L_29_Loopeis 1,46V_180s_4_PEIS from 650Hz to 100Hz_10_OCV_C01.mpt",.mpt,OCV,"Electrochemical data from technique OCV in TR-PEIS procedure for PEM-WE in closed cathode configuration with OCV time gap 180 s, with PEIS frequency in between 650Hz and 100Hz."
475,VZ2_062_021_UK_D_0475_v2.mpt,closed_cell_time_gaps,"1,46 V different time gaps closed cell\L_29_Loopeis 1,46V_180s_4_PEIS from 650Hz to 100Hz_11_PEIS_C01.mpt",.mpt,PEIS,"Electrochemical data from technique PEIS in TR-PEIS procedure for PEM-WE in closed cathode configuration with OCV time gap 180 s, with PEIS frequency in between 650Hz and 100Hz."
476,VZ2_062_021_UK_D_0476_v2.mpt,closed_cell_time_gaps,"1,46 V different time gaps closed cell\L_29_Loopeis 1,46V_180s_4_PEIS from 650Hz to 100Hz_12_OCV_C01.mpt",.mpt,OCV,"Electrochemical data from technique OCV in TR-PEIS procedure for PEM-WE in closed cathode configuration with OCV time gap 180 s, with PEIS frequency in between 650Hz and 100Hz."
477,VZ2_062_021_UK_D_0477_v2.mpt,closed_cell_time_gaps,"1,46 V different time gaps closed cell\L_29_Loopeis 1,46V_180s_4_PEIS from 650Hz to 100Hz_13_CA_C01.mpt",.mpt,CA,"Electrochemical data from technique CA in TR-PEIS procedure for PEM-WE in closed cathode configuration with OCV time gap 180 s, with PEIS frequency in between 650Hz and 100Hz."
478,VZ2_062_021_UK_D_0478_v2.mpt,closed_cell_time_gaps,"1,46 V different time gaps closed cell\L_29_Loopeis 1,46V_180s_4_PEIS from 650Hz to 100Hz_14_OCV_C01.mpt",.mpt,OCV,"Electrochemical data from technique OCV in TR-PEIS procedure for PEM-WE in closed cathode configuration with OCV time gap 180 s, with PEIS frequency in between 650Hz and 100Hz."
479,VZ2_062_021_UK_D_0479_v2.mpt,closed_cell_time_gaps,"1,46 V different time gaps closed cell\L_29_Loopeis 1,46V_180s_4_PEIS from 650Hz to 100Hz_15_PEIS_C01.mpt",.mpt,PEIS,"Electrochemical data from technique PEIS in TR-PEIS procedure for PEM-WE in closed cathode configuration with OCV time gap 180 s, with PEIS frequency in between 650Hz and 100Hz."
480,VZ2_062_021_UK_D_0480_v2.mpt,closed_cell_time_gaps,"1,46 V different time gaps closed cell\L_29_Loopeis 1,46V_180s_4_PEIS from 650Hz to 100Hz_16_OCV_C01.mpt",.mpt,OCV,"Electrochemical data from technique OCV in TR-PEIS procedure for PEM-WE in closed cathode configuration with OCV time gap 180 s, with PEIS frequency in between 650Hz and 100Hz."
481,VZ2_062_021_UK_D_0481_v2.mpt,closed_cell_time_gaps,"1,46 V different time gaps closed cell\L_29_Loopeis 1,46V_180s_4_PEIS from 650Hz to 100Hz_17_CA_C01.mpt",.mpt,CA,"Electrochemical data from technique CA in TR-PEIS procedure for PEM-WE in closed cathode configuration with OCV time gap 180 s, with PEIS frequency in between 650Hz and 100Hz."
482,VZ2_062_021_UK_D_0482_v2.mpt,closed_cell_time_gaps,"1,46 V different time gaps closed cell\L_29_Loopeis 1,46V_180s_4_PEIS from 650Hz to 100Hz_18_OCV_C01.mpt",.mpt,OCV,"Electrochemical data from technique OCV in TR-PEIS procedure for PEM-WE in closed cathode configuration with OCV time gap 180 s, with PEIS frequency in between 650Hz and 100Hz."
483,VZ2_062_021_UK_D_0483_v2.mpt,closed_cell_time_gaps,"1,46 V different time gaps closed cell\L_29_Loopeis 1,46V_180s_4_PEIS from 650Hz to 100Hz_19_PEIS_C01.mpt",.mpt,PEIS,"Electrochemical data from technique PEIS in TR-PEIS procedure for PEM-WE in closed cathode configuration with OCV time gap 180 s, with PEIS frequency in between 650Hz and 100Hz."
484,VZ2_062_021_UK_D_0484_v2.mpt,closed_cell_time_gaps,"1,46 V different time gaps closed cell\L_29_Loopeis 1,46V_180s_4_PEIS from 650Hz to 100Hz_20_OCV_C01.mpt",.mpt,OCV,"Electrochemical data from technique OCV in TR-PEIS procedure for PEM-WE in closed cathode configuration with OCV time gap 180 s, with PEIS frequency in between 650Hz and 100Hz."
485,VZ2_062_021_UK_D_0485_v2.mpt,closed_cell_time_gaps,"1,46 V different time gaps closed cell\L_30_Loopeis 1,46V_180s_5_PEIS from 65Hz to 10Hz_01_CA_C01.mpt",.mpt,CA,"Electrochemical data from technique CA in TR-PEIS procedure for PEM-WE in closed cathode configuration with OCV time gap 180 s, with PEIS frequency in between 65Hz and 10Hz."
486,VZ2_062_021_UK_D_0486_v2.mpt,closed_cell_time_gaps,"1,46 V different time gaps closed cell\L_30_Loopeis 1,46V_180s_5_PEIS from 65Hz to 10Hz_02_OCV_C01.mpt",.mpt,OCV,"Electrochemical data from technique OCV in TR-PEIS procedure for PEM-WE in closed cathode configuration with OCV time gap 180 s, with PEIS frequency in between 65Hz and 10Hz."
487,VZ2_062_021_UK_D_0487_v2.mpt,closed_cell_time_gaps,"1,46 V different time gaps closed cell\L_30_Loopeis 1,46V_180s_5_PEIS from 65Hz to 10Hz_03_PEIS_C01.mpt",.mpt,PEIS,"Electrochemical data from technique PEIS in TR-PEIS procedure for PEM-WE in closed cathode configuration with OCV time gap 180 s, with PEIS frequency in between 65Hz and 10Hz."
488,VZ2_062_021_UK_D_0488_v2.mpt,closed_cell_time_gaps,"1,46 V different time gaps closed cell\L_30_Loopeis 1,46V_180s_5_PEIS from 65Hz to 10Hz_04_OCV_C01.mpt",.mpt,OCV,"Electrochemical data from technique OCV in TR-PEIS procedure for PEM-WE in closed cathode configuration with OCV time gap 180 s, with PEIS frequency in between 65Hz and 10Hz."
489,VZ2_062_021_UK_D_0489_v2.mpt,closed_cell_time_gaps,"1,46 V different time gaps closed cell\L_30_Loopeis 1,46V_180s_5_PEIS from 65Hz to 10Hz_05_CA_C01.mpt",.mpt,CA,"Electrochemical data from technique CA in TR-PEIS procedure for PEM-WE in closed cathode configuration with OCV time gap 180 s, with PEIS frequency in between 65Hz and 10Hz."
490,VZ2_062_021_UK_D_0490_v2.mpt,closed_cell_time_gaps,"1,46 V different time gaps closed cell\L_30_Loopeis 1,46V_180s_5_PEIS from 65Hz to 10Hz_06_OCV_C01.mpt",.mpt,OCV,"Electrochemical data from technique OCV in TR-PEIS procedure for PEM-WE in closed cathode configuration with OCV time gap 180 s, with PEIS frequency in between 65Hz and 10Hz."
491,VZ2_062_021_UK_D_0491_v2.mpt,closed_cell_time_gaps,"1,46 V different time gaps closed cell\L_30_Loopeis 1,46V_180s_5_PEIS from 65Hz to 10Hz_07_PEIS_C01.mpt",.mpt,PEIS,"Electrochemical data from technique PEIS in TR-PEIS procedure for PEM-WE in closed cathode configuration with OCV time gap 180 s, with PEIS frequency in between 65Hz and 10Hz."
492,VZ2_062_021_UK_D_0492_v2.mpt,closed_cell_time_gaps,"1,46 V different time gaps closed cell\L_30_Loopeis 1,46V_180s_5_PEIS from 65Hz to 10Hz_08_OCV_C01.mpt",.mpt,OCV,"Electrochemical data from technique OCV in TR-PEIS procedure for PEM-WE in closed cathode configuration with OCV time gap 180 s, with PEIS frequency in between 65Hz and 10Hz."
493,VZ2_062_021_UK_D_0493_v2.mpt,closed_cell_time_gaps,"1,46 V different time gaps closed cell\L_30_Loopeis 1,46V_180s_5_PEIS from 65Hz to 10Hz_09_CA_C01.mpt",.mpt,CA,"Electrochemical data from technique CA in TR-PEIS procedure for PEM-WE in closed cathode configuration with OCV time gap 180 s, with PEIS frequency in between 65Hz and 10Hz."
494,VZ2_062_021_UK_D_0494_v2.mpt,closed_cell_time_gaps,"1,46 V different time gaps closed cell\L_30_Loopeis 1,46V_180s_5_PEIS from 65Hz to 10Hz_10_OCV_C01.mpt",.mpt,OCV,"Electrochemical data from technique OCV in TR-PEIS procedure for PEM-WE in closed cathode configuration with OCV time gap 180 s, with PEIS frequency in between 65Hz and 10Hz."
495,VZ2_062_021_UK_D_0495_v2.mpt,closed_cell_time_gaps,"1,46 V different time gaps closed cell\L_30_Loopeis 1,46V_180s_5_PEIS from 65Hz to 10Hz_11_PEIS_C01.mpt",.mpt,PEIS,"Electrochemical data from technique PEIS in TR-PEIS procedure for PEM-WE in closed cathode configuration with OCV time gap 180 s, with PEIS frequency in between 65Hz and 10Hz."
496,VZ2_062_021_UK_D_0496_v2.mpt,closed_cell_time_gaps,"1,46 V different time gaps closed cell\L_30_Loopeis 1,46V_180s_5_PEIS from 65Hz to 10Hz_12_OCV_C01.mpt",.mpt,OCV,"Electrochemical data from technique OCV in TR-PEIS procedure for PEM-WE in closed cathode configuration with OCV time gap 180 s, with PEIS frequency in between 65Hz and 10Hz."
497,VZ2_062_021_UK_D_0497_v2.mpt,closed_cell_time_gaps,"1,46 V different time gaps closed cell\L_30_Loopeis 1,46V_180s_5_PEIS from 65Hz to 10Hz_13_CA_C01.mpt",.mpt,CA,"Electrochemical data from technique CA in TR-PEIS procedure for PEM-WE in closed cathode configuration with OCV time gap 180 s, with PEIS frequency in between 65Hz and 10Hz."
498,VZ2_062_021_UK_D_0498_v2.mpt,closed_cell_time_gaps,"1,46 V different time gaps closed cell\L_30_Loopeis 1,46V_180s_5_PEIS from 65Hz to 10Hz_14_OCV_C01.mpt",.mpt,OCV,"Electrochemical data from technique OCV in TR-PEIS procedure for PEM-WE in closed cathode configuration with OCV time gap 180 s, with PEIS frequency in between 65Hz and 10Hz."
499,VZ2_062_021_UK_D_0499_v2.mpt,closed_cell_time_gaps,"1,46 V different time gaps closed cell\L_30_Loopeis 1,46V_180s_5_PEIS from 65Hz to 10Hz_15_PEIS_C01.mpt",.mpt,PEIS,"Electrochemical data from technique PEIS in TR-PEIS procedure for PEM-WE in closed cathode configuration with OCV time gap 180 s, with PEIS frequency in between 65Hz and 10Hz."
500,VZ2_062_021_UK_D_0500_v2.mpt,closed_cell_time_gaps,"1,46 V different time gaps closed cell\L_30_Loopeis 1,46V_180s_5_PEIS from 65Hz to 10Hz_16_OCV_C01.mpt",.mpt,OCV,"Electrochemical data from technique OCV in TR-PEIS procedure for PEM-WE in closed cathode configuration with OCV time gap 180 s, with PEIS frequency in between 65Hz and 10Hz."
501,VZ2_062_021_UK_D_0501_v2.mpt,closed_cell_time_gaps,"1,46 V different time gaps closed cell\L_30_Loopeis 1,46V_180s_5_PEIS from 65Hz to 10Hz_17_CA_C01.mpt",.mpt,CA,"Electrochemical data from technique CA in TR-PEIS procedure for PEM-WE in closed cathode configuration with OCV time gap 180 s, with PEIS frequency in between 65Hz and 10Hz."
502,VZ2_062_021_UK_D_0502_v2.mpt,closed_cell_time_gaps,"1,46 V different time gaps closed cell\L_30_Loopeis 1,46V_180s_5_PEIS from 65Hz to 10Hz_18_OCV_C01.mpt",.mpt,OCV,"Electrochemical data from technique OCV in TR-PEIS procedure for PEM-WE in closed cathode configuration with OCV time gap 180 s, with PEIS frequency in between 65Hz and 10Hz."
503,VZ2_062_021_UK_D_0503_v2.mpt,closed_cell_time_gaps,"1,46 V different time gaps closed cell\L_30_Loopeis 1,46V_180s_5_PEIS from 65Hz to 10Hz_19_PEIS_C01.mpt",.mpt,PEIS,"Electrochemical data from technique PEIS in TR-PEIS procedure for PEM-WE in closed cathode configuration with OCV time gap 180 s, with PEIS frequency in between 65Hz and 10Hz."
504,VZ2_062_021_UK_D_0504_v2.mpt,closed_cell_time_gaps,"1,46 V different time gaps closed cell\L_30_Loopeis 1,46V_180s_5_PEIS from 65Hz to 10Hz_20_OCV_C01.mpt",.mpt,OCV,"Electrochemical data from technique OCV in TR-PEIS procedure for PEM-WE in closed cathode configuration with OCV time gap 180 s, with PEIS frequency in between 65Hz and 10Hz."
505,VZ2_062_021_UK_D_0505_v2.mpt,open_cell_time_gaps,"1,46 V different time gaps open cell\L_01_Loopeis 1,46V_30s_1_initial_loops_01_CA_C01.mpt",.mpt,CA,"Electrochemical data from technique CA in TR-PEIS procedure for PEM-WE in open cathode configuration with OCV time gap 30 s, initial loops."
506,VZ2_062_021_UK_D_0506_v2.mpt,open_cell_time_gaps,"1,46 V different time gaps open cell\L_01_Loopeis 1,46V_30s_1_initial_loops_02_OCV_C01.mpt",.mpt,OCV,"Electrochemical data from technique OCV in TR-PEIS procedure for PEM-WE in open cathode configuration with OCV time gap 30 s, initial loops."
507,VZ2_062_021_UK_D_0507_v2.mpt,open_cell_time_gaps,"1,46 V different time gaps open cell\L_02_Loopeis 1,46V_30s_2_PEIS from 65kHz to 10kHz_01_CA_C01.mpt",.mpt,CA,"Electrochemical data from technique CA in TR-PEIS procedure for PEM-WE in open cathode configuration with OCV time gap 30 s, with PEIS frequency in between 65kHz and 10kHz."
508,VZ2_062_021_UK_D_0508_v2.mpt,open_cell_time_gaps,"1,46 V different time gaps open cell\L_02_Loopeis 1,46V_30s_2_PEIS from 65kHz to 10kHz_02_OCV_C01.mpt",.mpt,OCV,"Electrochemical data from technique OCV in TR-PEIS procedure for PEM-WE in open cathode configuration with OCV time gap 30 s, with PEIS frequency in between 65kHz and 10kHz."
509,VZ2_062_021_UK_D_0509_v2.mpt,open_cell_time_gaps,"1,46 V different time gaps open cell\L_02_Loopeis 1,46V_30s_2_PEIS from 65kHz to 10kHz_03_PEIS_C01.mpt",.mpt,PEIS,"Electrochemical data from technique PEIS in TR-PEIS procedure for PEM-WE in open cathode configuration with OCV time gap 30 s, with PEIS frequency in between 65kHz and 10kHz."
510,VZ2_062_021_UK_D_0510_v2.mpt,open_cell_time_gaps,"1,46 V different time gaps open cell\L_02_Loopeis 1,46V_30s_2_PEIS from 65kHz to 10kHz_04_OCV_C01.mpt",.mpt,OCV,"Electrochemical data from technique OCV in TR-PEIS procedure for PEM-WE in open cathode configuration with OCV time gap 30 s, with PEIS frequency in between 65kHz and 10kHz."
511,VZ2_062_021_UK_D_0511_v2.mpt,open_cell_time_gaps,"1,46 V different time gaps open cell\L_02_Loopeis 1,46V_30s_2_PEIS from 65kHz to 10kHz_05_CA_C01.mpt",.mpt,CA,"Electrochemical data from technique CA in TR-PEIS procedure for PEM-WE in open cathode configuration with OCV time gap 30 s, with PEIS frequency in between 65kHz and 10kHz."
512,VZ2_062_021_UK_D_0512_v2.mpt,open_cell_time_gaps,"1,46 V different time gaps open cell\L_02_Loopeis 1,46V_30s_2_PEIS from 65kHz to 10kHz_06_OCV_C01.mpt",.mpt,OCV,"Electrochemical data from technique OCV in TR-PEIS procedure for PEM-WE in open cathode configuration with OCV time gap 30 s, with PEIS frequency in between 65kHz and 10kHz."
513,VZ2_062_021_UK_D_0513_v2.mpt,open_cell_time_gaps,"1,46 V different time gaps open cell\L_02_Loopeis 1,46V_30s_2_PEIS from 65kHz to 10kHz_07_PEIS_C01.mpt",.mpt,PEIS,"Electrochemical data from technique PEIS in TR-PEIS procedure for PEM-WE in open cathode configuration with OCV time gap 30 s, with PEIS frequency in between 65kHz and 10kHz."
514,VZ2_062_021_UK_D_0514_v2.mpt,open_cell_time_gaps,"1,46 V different time gaps open cell\L_02_Loopeis 1,46V_30s_2_PEIS from 65kHz to 10kHz_08_OCV_C01.mpt",.mpt,OCV,"Electrochemical data from technique OCV in TR-PEIS procedure for PEM-WE in open cathode configuration with OCV time gap 30 s, with PEIS frequency in between 65kHz and 10kHz."
515,VZ2_062_021_UK_D_0515_v2.mpt,open_cell_time_gaps,"1,46 V different time gaps open cell\L_02_Loopeis 1,46V_30s_2_PEIS from 65kHz to 10kHz_09_CA_C01.mpt",.mpt,CA,"Electrochemical data from technique CA in TR-PEIS procedure for PEM-WE in open cathode configuration with OCV time gap 30 s, with PEIS frequency in between 65kHz and 10kHz."
516,VZ2_062_021_UK_D_0516_v2.mpt,open_cell_time_gaps,"1,46 V different time gaps open cell\L_02_Loopeis 1,46V_30s_2_PEIS from 65kHz to 10kHz_10_OCV_C01.mpt",.mpt,OCV,"Electrochemical data from technique OCV in TR-PEIS procedure for PEM-WE in open cathode configuration with OCV time gap 30 s, with PEIS frequency in between 65kHz and 10kHz."
517,VZ2_062_021_UK_D_0517_v2.mpt,open_cell_time_gaps,"1,46 V different time gaps open cell\L_02_Loopeis 1,46V_30s_2_PEIS from 65kHz to 10kHz_11_PEIS_C01.mpt",.mpt,PEIS,"Electrochemical data from technique PEIS in TR-PEIS procedure for PEM-WE in open cathode configuration with OCV time gap 30 s, with PEIS frequency in between 65kHz and 10kHz."
518,VZ2_062_021_UK_D_0518_v2.mpt,open_cell_time_gaps,"1,46 V different time gaps open cell\L_02_Loopeis 1,46V_30s_2_PEIS from 65kHz to 10kHz_12_OCV_C01.mpt",.mpt,OCV,"Electrochemical data from technique OCV in TR-PEIS procedure for PEM-WE in open cathode configuration with OCV time gap 30 s, with PEIS frequency in between 65kHz and 10kHz."
519,VZ2_062_021_UK_D_0519_v2.mpt,open_cell_time_gaps,"1,46 V different time gaps open cell\L_02_Loopeis 1,46V_30s_2_PEIS from 65kHz to 10kHz_13_CA_C01.mpt",.mpt,CA,"Electrochemical data from technique CA in TR-PEIS procedure for PEM-WE in open cathode configuration with OCV time gap 30 s, with PEIS frequency in between 65kHz and 10kHz."
520,VZ2_062_021_UK_D_0520_v2.mpt,open_cell_time_gaps,"1,46 V different time gaps open cell\L_02_Loopeis 1,46V_30s_2_PEIS from 65kHz to 10kHz_14_OCV_C01.mpt",.mpt,OCV,"Electrochemical data from technique OCV in TR-PEIS procedure for PEM-WE in open cathode configuration with OCV time gap 30 s, with PEIS frequency in between 65kHz and 10kHz."
521,VZ2_062_021_UK_D_0521_v2.mpt,open_cell_time_gaps,"1,46 V different time gaps open cell\L_02_Loopeis 1,46V_30s_2_PEIS from 65kHz to 10kHz_15_PEIS_C01.mpt",.mpt,PEIS,"Electrochemical data from technique PEIS in TR-PEIS procedure for PEM-WE in open cathode configuration with OCV time gap 30 s, with PEIS frequency in between 65kHz and 10kHz."
522,VZ2_062_021_UK_D_0522_v2.mpt,open_cell_time_gaps,"1,46 V different time gaps open cell\L_02_Loopeis 1,46V_30s_2_PEIS from 65kHz to 10kHz_16_OCV_C01.mpt",.mpt,OCV,"Electrochemical data from technique OCV in TR-PEIS procedure for PEM-WE in open cathode configuration with OCV time gap 30 s, with PEIS frequency in between 65kHz and 10kHz."
523,VZ2_062_021_UK_D_0523_v2.mpt,open_cell_time_gaps,"1,46 V different time gaps open cell\L_02_Loopeis 1,46V_30s_2_PEIS from 65kHz to 10kHz_17_CA_C01.mpt",.mpt,CA,"Electrochemical data from technique CA in TR-PEIS procedure for PEM-WE in open cathode configuration with OCV time gap 30 s, with PEIS frequency in between 65kHz and 10kHz."
524,VZ2_062_021_UK_D_0524_v2.mpt,open_cell_time_gaps,"1,46 V different time gaps open cell\L_02_Loopeis 1,46V_30s_2_PEIS from 65kHz to 10kHz_18_OCV_C01.mpt",.mpt,OCV,"Electrochemical data from technique OCV in TR-PEIS procedure for PEM-WE in open cathode configuration with OCV time gap 30 s, with PEIS frequency in between 65kHz and 10kHz."
525,VZ2_062_021_UK_D_0525_v2.mpt,open_cell_time_gaps,"1,46 V different time gaps open cell\L_02_Loopeis 1,46V_30s_2_PEIS from 65kHz to 10kHz_19_PEIS_C01.mpt",.mpt,PEIS,"Electrochemical data from technique PEIS in TR-PEIS procedure for PEM-WE in open cathode configuration with OCV time gap 30 s, with PEIS frequency in between 65kHz and 10kHz."
526,VZ2_062_021_UK_D_0526_v2.mpt,open_cell_time_gaps,"1,46 V different time gaps open cell\L_02_Loopeis 1,46V_30s_2_PEIS from 65kHz to 10kHz_20_OCV_C01.mpt",.mpt,OCV,"Electrochemical data from technique OCV in TR-PEIS procedure for PEM-WE in open cathode configuration with OCV time gap 30 s, with PEIS frequency in between 65kHz and 10kHz."
527,VZ2_062_021_UK_D_0527_v2.mpt,open_cell_time_gaps,"1,46 V different time gaps open cell\L_03_Loopeis 1,46V_30s_3_PEIS from 6500Hz to 1000Hz_01_CA_C01.mpt",.mpt,CA,"Electrochemical data from technique CA in TR-PEIS procedure for PEM-WE in open cathode configuration with OCV time gap 30 s, with PEIS frequency in between 6500Hz and 1000Hz."
528,VZ2_062_021_UK_D_0528_v2.mpt,open_cell_time_gaps,"1,46 V different time gaps open cell\L_03_Loopeis 1,46V_30s_3_PEIS from 6500Hz to 1000Hz_02_OCV_C01.mpt",.mpt,OCV,"Electrochemical data from technique OCV in TR-PEIS procedure for PEM-WE in open cathode configuration with OCV time gap 30 s, with PEIS frequency in between 6500Hz and 1000Hz."
529,VZ2_062_021_UK_D_0529_v2.mpt,open_cell_time_gaps,"1,46 V different time gaps open cell\L_03_Loopeis 1,46V_30s_3_PEIS from 6500Hz to 1000Hz_03_PEIS_C01.mpt",.mpt,PEIS,"Electrochemical data from technique PEIS in TR-PEIS procedure for PEM-WE in open cathode configuration with OCV time gap 30 s, with PEIS frequency in between 6500Hz and 1000Hz."
530,VZ2_062_021_UK_D_0530_v2.mpt,open_cell_time_gaps,"1,46 V different time gaps open cell\L_03_Loopeis 1,46V_30s_3_PEIS from 6500Hz to 1000Hz_04_OCV_C01.mpt",.mpt,OCV,"Electrochemical data from technique OCV in TR-PEIS procedure for PEM-WE in open cathode configuration with OCV time gap 30 s, with PEIS frequency in between 6500Hz and 1000Hz."
531,VZ2_062_021_UK_D_0531_v2.mpt,open_cell_time_gaps,"1,46 V different time gaps open cell\L_03_Loopeis 1,46V_30s_3_PEIS from 6500Hz to 1000Hz_05_CA_C01.mpt",.mpt,CA,"Electrochemical data from technique CA in TR-PEIS procedure for PEM-WE in open cathode configuration with OCV time gap 30 s, with PEIS frequency in between 6500Hz and 1000Hz."
532,VZ2_062_021_UK_D_0532_v2.mpt,open_cell_time_gaps,"1,46 V different time gaps open cell\L_03_Loopeis 1,46V_30s_3_PEIS from 6500Hz to 1000Hz_06_OCV_C01.mpt",.mpt,OCV,"Electrochemical data from technique OCV in TR-PEIS procedure for PEM-WE in open cathode configuration with OCV time gap 30 s, with PEIS frequency in between 6500Hz and 1000Hz."
533,VZ2_062_021_UK_D_0533_v2.mpt,open_cell_time_gaps,"1,46 V different time gaps open cell\L_03_Loopeis 1,46V_30s_3_PEIS from 6500Hz to 1000Hz_07_PEIS_C01.mpt",.mpt,PEIS,"Electrochemical data from technique PEIS in TR-PEIS procedure for PEM-WE in open cathode configuration with OCV time gap 30 s, with PEIS frequency in between 6500Hz and 1000Hz."
534,VZ2_062_021_UK_D_0534_v2.mpt,open_cell_time_gaps,"1,46 V different time gaps open cell\L_03_Loopeis 1,46V_30s_3_PEIS from 6500Hz to 1000Hz_08_OCV_C01.mpt",.mpt,OCV,"Electrochemical data from technique OCV in TR-PEIS procedure for PEM-WE in open cathode configuration with OCV time gap 30 s, with PEIS frequency in between 6500Hz and 1000Hz."
535,VZ2_062_021_UK_D_0535_v2.mpt,open_cell_time_gaps,"1,46 V different time gaps open cell\L_03_Loopeis 1,46V_30s_3_PEIS from 6500Hz to 1000Hz_09_CA_C01.mpt",.mpt,CA,"Electrochemical data from technique CA in TR-PEIS procedure for PEM-WE in open cathode configuration with OCV time gap 30 s, with PEIS frequency in between 6500Hz and 1000Hz."
536,VZ2_062_021_UK_D_0536_v2.mpt,open_cell_time_gaps,"1,46 V different time gaps open cell\L_03_Loopeis 1,46V_30s_3_PEIS from 6500Hz to 1000Hz_10_OCV_C01.mpt",.mpt,OCV,"Electrochemical data from technique OCV in TR-PEIS procedure for PEM-WE in open cathode configuration with OCV time gap 30 s, with PEIS frequency in between 6500Hz and 1000Hz."
537,VZ2_062_021_UK_D_0537_v2.mpt,open_cell_time_gaps,"1,46 V different time gaps open cell\L_03_Loopeis 1,46V_30s_3_PEIS from 6500Hz to 1000Hz_11_PEIS_C01.mpt",.mpt,PEIS,"Electrochemical data from technique PEIS in TR-PEIS procedure for PEM-WE in open cathode configuration with OCV time gap 30 s, with PEIS frequency in between 6500Hz and 1000Hz."
538,VZ2_062_021_UK_D_0538_v2.mpt,open_cell_time_gaps,"1,46 V different time gaps open cell\L_03_Loopeis 1,46V_30s_3_PEIS from 6500Hz to 1000Hz_12_OCV_C01.mpt",.mpt,OCV,"Electrochemical data from technique OCV in TR-PEIS procedure for PEM-WE in open cathode configuration with OCV time gap 30 s, with PEIS frequency in between 6500Hz and 1000Hz."
539,VZ2_062_021_UK_D_0539_v2.mpt,open_cell_time_gaps,"1,46 V different time gaps open cell\L_03_Loopeis 1,46V_30s_3_PEIS from 6500Hz to 1000Hz_13_CA_C01.mpt",.mpt,CA,"Electrochemical data from technique CA in TR-PEIS procedure for PEM-WE in open cathode configuration with OCV time gap 30 s, with PEIS frequency in between 6500Hz and 1000Hz."
540,VZ2_062_021_UK_D_0540_v2.mpt,open_cell_time_gaps,"1,46 V different time gaps open cell\L_03_Loopeis 1,46V_30s_3_PEIS from 6500Hz to 1000Hz_14_OCV_C01.mpt",.mpt,OCV,"Electrochemical data from technique OCV in TR-PEIS procedure for PEM-WE in open cathode configuration with OCV time gap 30 s, with PEIS frequency in between 6500Hz and 1000Hz."
541,VZ2_062_021_UK_D_0541_v2.mpt,open_cell_time_gaps,"1,46 V different time gaps open cell\L_03_Loopeis 1,46V_30s_3_PEIS from 6500Hz to 1000Hz_15_PEIS_C01.mpt",.mpt,PEIS,"Electrochemical data from technique PEIS in TR-PEIS procedure for PEM-WE in open cathode configuration with OCV time gap 30 s, with PEIS frequency in between 6500Hz and 1000Hz."
542,VZ2_062_021_UK_D_0542_v2.mpt,open_cell_time_gaps,"1,46 V different time gaps open cell\L_03_Loopeis 1,46V_30s_3_PEIS from 6500Hz to 1000Hz_16_OCV_C01.mpt",.mpt,OCV,"Electrochemical data from technique OCV in TR-PEIS procedure for PEM-WE in open cathode configuration with OCV time gap 30 s, with PEIS frequency in between 6500Hz and 1000Hz."
543,VZ2_062_021_UK_D_0543_v2.mpt,open_cell_time_gaps,"1,46 V different time gaps open cell\L_03_Loopeis 1,46V_30s_3_PEIS from 6500Hz to 1000Hz_17_CA_C01.mpt",.mpt,CA,"Electrochemical data from technique CA in TR-PEIS procedure for PEM-WE in open cathode configuration with OCV time gap 30 s, with PEIS frequency in between 6500Hz and 1000Hz."
544,VZ2_062_021_UK_D_0544_v2.mpt,open_cell_time_gaps,"1,46 V different time gaps open cell\L_03_Loopeis 1,46V_30s_3_PEIS from 6500Hz to 1000Hz_18_OCV_C01.mpt",.mpt,OCV,"Electrochemical data from technique OCV in TR-PEIS procedure for PEM-WE in open cathode configuration with OCV time gap 30 s, with PEIS frequency in between 6500Hz and 1000Hz."
545,VZ2_062_021_UK_D_0545_v2.mpt,open_cell_time_gaps,"1,46 V different time gaps open cell\L_03_Loopeis 1,46V_30s_3_PEIS from 6500Hz to 1000Hz_19_PEIS_C01.mpt",.mpt,PEIS,"Electrochemical data from technique PEIS in TR-PEIS procedure for PEM-WE in open cathode configuration with OCV time gap 30 s, with PEIS frequency in between 6500Hz and 1000Hz."
546,VZ2_062_021_UK_D_0546_v2.mpt,open_cell_time_gaps,"1,46 V different time gaps open cell\L_03_Loopeis 1,46V_30s_3_PEIS from 6500Hz to 1000Hz_20_OCV_C01.mpt",.mpt,OCV,"Electrochemical data from technique OCV in TR-PEIS procedure for PEM-WE in open cathode configuration with OCV time gap 30 s, with PEIS frequency in between 6500Hz and 1000Hz."
547,VZ2_062_021_UK_D_0547_v2.mpt,open_cell_time_gaps,"1,46 V different time gaps open cell\L_04_Loopeis 1,46V_30s_4_PEIS from 650Hz to 100Hz_01_CA_C01.mpt",.mpt,CA,"Electrochemical data from technique CA in TR-PEIS procedure for PEM-WE in open cathode configuration with OCV time gap 30 s, with PEIS frequency in between 650Hz and 100Hz."
548,VZ2_062_021_UK_D_0548_v2.mpt,open_cell_time_gaps,"1,46 V different time gaps open cell\L_04_Loopeis 1,46V_30s_4_PEIS from 650Hz to 100Hz_02_OCV_C01.mpt",.mpt,OCV,"Electrochemical data from technique OCV in TR-PEIS procedure for PEM-WE in open cathode configuration with OCV time gap 30 s, with PEIS frequency in between 650Hz and 100Hz."
549,VZ2_062_021_UK_D_0549_v2.mpt,open_cell_time_gaps,"1,46 V different time gaps open cell\L_04_Loopeis 1,46V_30s_4_PEIS from 650Hz to 100Hz_03_PEIS_C01.mpt",.mpt,PEIS,"Electrochemical data from technique PEIS in TR-PEIS procedure for PEM-WE in open cathode configuration with OCV time gap 30 s, with PEIS frequency in between 650Hz and 100Hz."
550,VZ2_062_021_UK_D_0550_v2.mpt,open_cell_time_gaps,"1,46 V different time gaps open cell\L_04_Loopeis 1,46V_30s_4_PEIS from 650Hz to 100Hz_04_OCV_C01.mpt",.mpt,OCV,"Electrochemical data from technique OCV in TR-PEIS procedure for PEM-WE in open cathode configuration with OCV time gap 30 s, with PEIS frequency in between 650Hz and 100Hz."
551,VZ2_062_021_UK_D_0551_v2.mpt,open_cell_time_gaps,"1,46 V different time gaps open cell\L_04_Loopeis 1,46V_30s_4_PEIS from 650Hz to 100Hz_05_CA_C01.mpt",.mpt,CA,"Electrochemical data from technique CA in TR-PEIS procedure for PEM-WE in open cathode configuration with OCV time gap 30 s, with PEIS frequency in between 650Hz and 100Hz."
552,VZ2_062_021_UK_D_0552_v2.mpt,open_cell_time_gaps,"1,46 V different time gaps open cell\L_04_Loopeis 1,46V_30s_4_PEIS from 650Hz to 100Hz_06_OCV_C01.mpt",.mpt,OCV,"Electrochemical data from technique OCV in TR-PEIS procedure for PEM-WE in open cathode configuration with OCV time gap 30 s, with PEIS frequency in between 650Hz and 100Hz."
553,VZ2_062_021_UK_D_0553_v2.mpt,open_cell_time_gaps,"1,46 V different time gaps open cell\L_04_Loopeis 1,46V_30s_4_PEIS from 650Hz to 100Hz_07_PEIS_C01.mpt",.mpt,PEIS,"Electrochemical data from technique PEIS in TR-PEIS procedure for PEM-WE in open cathode configuration with OCV time gap 30 s, with PEIS frequency in between 650Hz and 100Hz."
554,VZ2_062_021_UK_D_0554_v2.mpt,open_cell_time_gaps,"1,46 V different time gaps open cell\L_04_Loopeis 1,46V_30s_4_PEIS from 650Hz to 100Hz_08_OCV_C01.mpt",.mpt,OCV,"Electrochemical data from technique OCV in TR-PEIS procedure for PEM-WE in open cathode configuration with OCV time gap 30 s, with PEIS frequency in between 650Hz and 100Hz."
555,VZ2_062_021_UK_D_0555_v2.mpt,open_cell_time_gaps,"1,46 V different time gaps open cell\L_04_Loopeis 1,46V_30s_4_PEIS from 650Hz to 100Hz_09_CA_C01.mpt",.mpt,CA,"Electrochemical data from technique CA in TR-PEIS procedure for PEM-WE in open cathode configuration with OCV time gap 30 s, with PEIS frequency in between 650Hz and 100Hz."
556,VZ2_062_021_UK_D_0556_v2.mpt,open_cell_time_gaps,"1,46 V different time gaps open cell\L_04_Loopeis 1,46V_30s_4_PEIS from 650Hz to 100Hz_10_OCV_C01.mpt",.mpt,OCV,"Electrochemical data from technique OCV in TR-PEIS procedure for PEM-WE in open cathode configuration with OCV time gap 30 s, with PEIS frequency in between 650Hz and 100Hz."
557,VZ2_062_021_UK_D_0557_v2.mpt,open_cell_time_gaps,"1,46 V different time gaps open cell\L_04_Loopeis 1,46V_30s_4_PEIS from 650Hz to 100Hz_11_PEIS_C01.mpt",.mpt,PEIS,"Electrochemical data from technique PEIS in TR-PEIS procedure for PEM-WE in open cathode configuration with OCV time gap 30 s, with PEIS frequency in between 650Hz and 100Hz."
558,VZ2_062_021_UK_D_0558_v2.mpt,open_cell_time_gaps,"1,46 V different time gaps open cell\L_04_Loopeis 1,46V_30s_4_PEIS from 650Hz to 100Hz_12_OCV_C01.mpt",.mpt,OCV,"Electrochemical data from technique OCV in TR-PEIS procedure for PEM-WE in open cathode configuration with OCV time gap 30 s, with PEIS frequency in between 650Hz and 100Hz."
559,VZ2_062_021_UK_D_0559_v2.mpt,open_cell_time_gaps,"1,46 V different time gaps open cell\L_04_Loopeis 1,46V_30s_4_PEIS from 650Hz to 100Hz_13_CA_C01.mpt",.mpt,CA,"Electrochemical data from technique CA in TR-PEIS procedure for PEM-WE in open cathode configuration with OCV time gap 30 s, with PEIS frequency in between 650Hz and 100Hz."
560,VZ2_062_021_UK_D_0560_v2.mpt,open_cell_time_gaps,"1,46 V different time gaps open cell\L_04_Loopeis 1,46V_30s_4_PEIS from 650Hz to 100Hz_14_OCV_C01.mpt",.mpt,OCV,"Electrochemical data from technique OCV in TR-PEIS procedure for PEM-WE in open cathode configuration with OCV time gap 30 s, with PEIS frequency in between 650Hz and 100Hz."
561,VZ2_062_021_UK_D_0561_v2.mpt,open_cell_time_gaps,"1,46 V different time gaps open cell\L_04_Loopeis 1,46V_30s_4_PEIS from 650Hz to 100Hz_15_PEIS_C01.mpt",.mpt,PEIS,"Electrochemical data from technique PEIS in TR-PEIS procedure for PEM-WE in open cathode configuration with OCV time gap 30 s, with PEIS frequency in between 650Hz and 100Hz."
562,VZ2_062_021_UK_D_0562_v2.mpt,open_cell_time_gaps,"1,46 V different time gaps open cell\L_04_Loopeis 1,46V_30s_4_PEIS from 650Hz to 100Hz_16_OCV_C01.mpt",.mpt,OCV,"Electrochemical data from technique OCV in TR-PEIS procedure for PEM-WE in open cathode configuration with OCV time gap 30 s, with PEIS frequency in between 650Hz and 100Hz."
563,VZ2_062_021_UK_D_0563_v2.mpt,open_cell_time_gaps,"1,46 V different time gaps open cell\L_04_Loopeis 1,46V_30s_4_PEIS from 650Hz to 100Hz_17_CA_C01.mpt",.mpt,CA,"Electrochemical data from technique CA in TR-PEIS procedure for PEM-WE in open cathode configuration with OCV time gap 30 s, with PEIS frequency in between 650Hz and 100Hz."
564,VZ2_062_021_UK_D_0564_v2.mpt,open_cell_time_gaps,"1,46 V different time gaps open cell\L_04_Loopeis 1,46V_30s_4_PEIS from 650Hz to 100Hz_18_OCV_C01.mpt",.mpt,OCV,"Electrochemical data from technique OCV in TR-PEIS procedure for PEM-WE in open cathode configuration with OCV time gap 30 s, with PEIS frequency in between 650Hz and 100Hz."
565,VZ2_062_021_UK_D_0565_v2.mpt,open_cell_time_gaps,"1,46 V different time gaps open cell\L_04_Loopeis 1,46V_30s_4_PEIS from 650Hz to 100Hz_19_PEIS_C01.mpt",.mpt,PEIS,"Electrochemical data from technique PEIS in TR-PEIS procedure for PEM-WE in open cathode configuration with OCV time gap 30 s, with PEIS frequency in between 650Hz and 100Hz."
566,VZ2_062_021_UK_D_0566_v2.mpt,open_cell_time_gaps,"1,46 V different time gaps open cell\L_04_Loopeis 1,46V_30s_4_PEIS from 650Hz to 100Hz_20_OCV_C01.mpt",.mpt,OCV,"Electrochemical data from technique OCV in TR-PEIS procedure for PEM-WE in open cathode configuration with OCV time gap 30 s, with PEIS frequency in between 650Hz and 100Hz."
567,VZ2_062_021_UK_D_0567_v2.mpt,open_cell_time_gaps,"1,46 V different time gaps open cell\L_05_Loopeis 1,46V_30s_5_PEIS from 65Hz to 10Hz_01_CA_C01.mpt",.mpt,CA,"Electrochemical data from technique CA in TR-PEIS procedure for PEM-WE in open cathode configuration with OCV time gap 30 s, with PEIS frequency in between 65Hz and 10Hz."
568,VZ2_062_021_UK_D_0568_v2.mpt,open_cell_time_gaps,"1,46 V different time gaps open cell\L_05_Loopeis 1,46V_30s_5_PEIS from 65Hz to 10Hz_02_OCV_C01.mpt",.mpt,OCV,"Electrochemical data from technique OCV in TR-PEIS procedure for PEM-WE in open cathode configuration with OCV time gap 30 s, with PEIS frequency in between 65Hz and 10Hz."
569,VZ2_062_021_UK_D_0569_v2.mpt,open_cell_time_gaps,"1,46 V different time gaps open cell\L_05_Loopeis 1,46V_30s_5_PEIS from 65Hz to 10Hz_03_PEIS_C01.mpt",.mpt,PEIS,"Electrochemical data from technique PEIS in TR-PEIS procedure for PEM-WE in open cathode configuration with OCV time gap 30 s, with PEIS frequency in between 65Hz and 10Hz."
570,VZ2_062_021_UK_D_0570_v2.mpt,open_cell_time_gaps,"1,46 V different time gaps open cell\L_05_Loopeis 1,46V_30s_5_PEIS from 65Hz to 10Hz_04_OCV_C01.mpt",.mpt,OCV,"Electrochemical data from technique OCV in TR-PEIS procedure for PEM-WE in open cathode configuration with OCV time gap 30 s, with PEIS frequency in between 65Hz and 10Hz."
571,VZ2_062_021_UK_D_0571_v2.mpt,open_cell_time_gaps,"1,46 V different time gaps open cell\L_05_Loopeis 1,46V_30s_5_PEIS from 65Hz to 10Hz_05_CA_C01.mpt",.mpt,CA,"Electrochemical data from technique CA in TR-PEIS procedure for PEM-WE in open cathode configuration with OCV time gap 30 s, with PEIS frequency in between 65Hz and 10Hz."
572,VZ2_062_021_UK_D_0572_v2.mpt,open_cell_time_gaps,"1,46 V different time gaps open cell\L_05_Loopeis 1,46V_30s_5_PEIS from 65Hz to 10Hz_06_OCV_C01.mpt",.mpt,OCV,"Electrochemical data from technique OCV in TR-PEIS procedure for PEM-WE in open cathode configuration with OCV time gap 30 s, with PEIS frequency in between 65Hz and 10Hz."
573,VZ2_062_021_UK_D_0573_v2.mpt,open_cell_time_gaps,"1,46 V different time gaps open cell\L_05_Loopeis 1,46V_30s_5_PEIS from 65Hz to 10Hz_07_PEIS_C01.mpt",.mpt,PEIS,"Electrochemical data from technique PEIS in TR-PEIS procedure for PEM-WE in open cathode configuration with OCV time gap 30 s, with PEIS frequency in between 65Hz and 10Hz."
574,VZ2_062_021_UK_D_0574_v2.mpt,open_cell_time_gaps,"1,46 V different time gaps open cell\L_05_Loopeis 1,46V_30s_5_PEIS from 65Hz to 10Hz_08_OCV_C01.mpt",.mpt,OCV,"Electrochemical data from technique OCV in TR-PEIS procedure for PEM-WE in open cathode configuration with OCV time gap 30 s, with PEIS frequency in between 65Hz and 10Hz."
575,VZ2_062_021_UK_D_0575_v2.mpt,open_cell_time_gaps,"1,46 V different time gaps open cell\L_05_Loopeis 1,46V_30s_5_PEIS from 65Hz to 10Hz_09_CA_C01.mpt",.mpt,CA,"Electrochemical data from technique CA in TR-PEIS procedure for PEM-WE in open cathode configuration with OCV time gap 30 s, with PEIS frequency in between 65Hz and 10Hz."
576,VZ2_062_021_UK_D_0576_v2.mpt,open_cell_time_gaps,"1,46 V different time gaps open cell\L_05_Loopeis 1,46V_30s_5_PEIS from 65Hz to 10Hz_10_OCV_C01.mpt",.mpt,OCV,"Electrochemical data from technique OCV in TR-PEIS procedure for PEM-WE in open cathode configuration with OCV time gap 30 s, with PEIS frequency in between 65Hz and 10Hz."
577,VZ2_062_021_UK_D_0577_v2.mpt,open_cell_time_gaps,"1,46 V different time gaps open cell\L_05_Loopeis 1,46V_30s_5_PEIS from 65Hz to 10Hz_11_PEIS_C01.mpt",.mpt,PEIS,"Electrochemical data from technique PEIS in TR-PEIS procedure for PEM-WE in open cathode configuration with OCV time gap 30 s, with PEIS frequency in between 65Hz and 10Hz."
578,VZ2_062_021_UK_D_0578_v2.mpt,open_cell_time_gaps,"1,46 V different time gaps open cell\L_05_Loopeis 1,46V_30s_5_PEIS from 65Hz to 10Hz_12_OCV_C01.mpt",.mpt,OCV,"Electrochemical data from technique OCV in TR-PEIS procedure for PEM-WE in open cathode configuration with OCV time gap 30 s, with PEIS frequency in between 65Hz and 10Hz."
579,VZ2_062_021_UK_D_0579_v2.mpt,open_cell_time_gaps,"1,46 V different time gaps open cell\L_05_Loopeis 1,46V_30s_5_PEIS from 65Hz to 10Hz_13_CA_C01.mpt",.mpt,CA,"Electrochemical data from technique CA in TR-PEIS procedure for PEM-WE in open cathode configuration with OCV time gap 30 s, with PEIS frequency in between 65Hz and 10Hz."
580,VZ2_062_021_UK_D_0580_v2.mpt,open_cell_time_gaps,"1,46 V different time gaps open cell\L_05_Loopeis 1,46V_30s_5_PEIS from 65Hz to 10Hz_14_OCV_C01.mpt",.mpt,OCV,"Electrochemical data from technique OCV in TR-PEIS procedure for PEM-WE in open cathode configuration with OCV time gap 30 s, with PEIS frequency in between 65Hz and 10Hz."
581,VZ2_062_021_UK_D_0581_v2.mpt,open_cell_time_gaps,"1,46 V different time gaps open cell\L_05_Loopeis 1,46V_30s_5_PEIS from 65Hz to 10Hz_15_PEIS_C01.mpt",.mpt,PEIS,"Electrochemical data from technique PEIS in TR-PEIS procedure for PEM-WE in open cathode configuration with OCV time gap 30 s, with PEIS frequency in between 65Hz and 10Hz."
582,VZ2_062_021_UK_D_0582_v2.mpt,open_cell_time_gaps,"1,46 V different time gaps open cell\L_05_Loopeis 1,46V_30s_5_PEIS from 65Hz to 10Hz_16_OCV_C01.mpt",.mpt,OCV,"Electrochemical data from technique OCV in TR-PEIS procedure for PEM-WE in open cathode configuration with OCV time gap 30 s, with PEIS frequency in between 65Hz and 10Hz."
583,VZ2_062_021_UK_D_0583_v2.mpt,open_cell_time_gaps,"1,46 V different time gaps open cell\L_05_Loopeis 1,46V_30s_5_PEIS from 65Hz to 10Hz_17_CA_C01.mpt",.mpt,CA,"Electrochemical data from technique CA in TR-PEIS procedure for PEM-WE in open cathode configuration with OCV time gap 30 s, with PEIS frequency in between 65Hz and 10Hz."
584,VZ2_062_021_UK_D_0584_v2.mpt,open_cell_time_gaps,"1,46 V different time gaps open cell\L_05_Loopeis 1,46V_30s_5_PEIS from 65Hz to 10Hz_18_OCV_C01.mpt",.mpt,OCV,"Electrochemical data from technique OCV in TR-PEIS procedure for PEM-WE in open cathode configuration with OCV time gap 30 s, with PEIS frequency in between 65Hz and 10Hz."
585,VZ2_062_021_UK_D_0585_v2.mpt,open_cell_time_gaps,"1,46 V different time gaps open cell\L_05_Loopeis 1,46V_30s_5_PEIS from 65Hz to 10Hz_19_PEIS_C01.mpt",.mpt,PEIS,"Electrochemical data from technique PEIS in TR-PEIS procedure for PEM-WE in open cathode configuration with OCV time gap 30 s, with PEIS frequency in between 65Hz and 10Hz."
586,VZ2_062_021_UK_D_0586_v2.mpt,open_cell_time_gaps,"1,46 V different time gaps open cell\L_05_Loopeis 1,46V_30s_5_PEIS from 65Hz to 10Hz_20_OCV_C01.mpt",.mpt,OCV,"Electrochemical data from technique OCV in TR-PEIS procedure for PEM-WE in open cathode configuration with OCV time gap 30 s, with PEIS frequency in between 65Hz and 10Hz."
587,VZ2_062_021_UK_D_0587_v2.mpt,open_cell_time_gaps,"1,46 V different time gaps open cell\L_06_Loopeis 1,46V_45s_1_initial_loops_01_CA_C01.mpt",.mpt,CA,"Electrochemical data from technique CA in TR-PEIS procedure for PEM-WE in open cathode configuration with OCV time gap 45 s, initial loops."
588,VZ2_062_021_UK_D_0588_v2.mpt,open_cell_time_gaps,"1,46 V different time gaps open cell\L_06_Loopeis 1,46V_45s_1_initial_loops_02_OCV_C01.mpt",.mpt,OCV,"Electrochemical data from technique OCV in TR-PEIS procedure for PEM-WE in open cathode configuration with OCV time gap 45 s, initial loops."
589,VZ2_062_021_UK_D_0589_v2.mpt,open_cell_time_gaps,"1,46 V different time gaps open cell\L_07_Loopeis 1,46V_45s_2_PEIS from 65kHz to 10kHz_01_CA_C01.mpt",.mpt,CA,"Electrochemical data from technique CA in TR-PEIS procedure for PEM-WE in open cathode configuration with OCV time gap 45 s, with PEIS frequency in between 65kHz and 10kHz."
590,VZ2_062_021_UK_D_0590_v2.mpt,open_cell_time_gaps,"1,46 V different time gaps open cell\L_07_Loopeis 1,46V_45s_2_PEIS from 65kHz to 10kHz_02_OCV_C01.mpt",.mpt,OCV,"Electrochemical data from technique OCV in TR-PEIS procedure for PEM-WE in open cathode configuration with OCV time gap 45 s, with PEIS frequency in between 65kHz and 10kHz."
591,VZ2_062_021_UK_D_0591_v2.mpt,open_cell_time_gaps,"1,46 V different time gaps open cell\L_07_Loopeis 1,46V_45s_2_PEIS from 65kHz to 10kHz_03_PEIS_C01.mpt",.mpt,PEIS,"Electrochemical data from technique PEIS in TR-PEIS procedure for PEM-WE in open cathode configuration with OCV time gap 45 s, with PEIS frequency in between 65kHz and 10kHz."
592,VZ2_062_021_UK_D_0592_v2.mpt,open_cell_time_gaps,"1,46 V different time gaps open cell\L_07_Loopeis 1,46V_45s_2_PEIS from 65kHz to 10kHz_04_OCV_C01.mpt",.mpt,OCV,"Electrochemical data from technique OCV in TR-PEIS procedure for PEM-WE in open cathode configuration with OCV time gap 45 s, with PEIS frequency in between 65kHz and 10kHz."
593,VZ2_062_021_UK_D_0593_v2.mpt,open_cell_time_gaps,"1,46 V different time gaps open cell\L_07_Loopeis 1,46V_45s_2_PEIS from 65kHz to 10kHz_05_CA_C01.mpt",.mpt,CA,"Electrochemical data from technique CA in TR-PEIS procedure for PEM-WE in open cathode configuration with OCV time gap 45 s, with PEIS frequency in between 65kHz and 10kHz."
594,VZ2_062_021_UK_D_0594_v2.mpt,open_cell_time_gaps,"1,46 V different time gaps open cell\L_07_Loopeis 1,46V_45s_2_PEIS from 65kHz to 10kHz_06_OCV_C01.mpt",.mpt,OCV,"Electrochemical data from technique OCV in TR-PEIS procedure for PEM-WE in open cathode configuration with OCV time gap 45 s, with PEIS frequency in between 65kHz and 10kHz."
595,VZ2_062_021_UK_D_0595_v2.mpt,open_cell_time_gaps,"1,46 V different time gaps open cell\L_07_Loopeis 1,46V_45s_2_PEIS from 65kHz to 10kHz_07_PEIS_C01.mpt",.mpt,PEIS,"Electrochemical data from technique PEIS in TR-PEIS procedure for PEM-WE in open cathode configuration with OCV time gap 45 s, with PEIS frequency in between 65kHz and 10kHz."
596,VZ2_062_021_UK_D_0596_v2.mpt,open_cell_time_gaps,"1,46 V different time gaps open cell\L_07_Loopeis 1,46V_45s_2_PEIS from 65kHz to 10kHz_08_OCV_C01.mpt",.mpt,OCV,"Electrochemical data from technique OCV in TR-PEIS procedure for PEM-WE in open cathode configuration with OCV time gap 45 s, with PEIS frequency in between 65kHz and 10kHz."
597,VZ2_062_021_UK_D_0597_v2.mpt,open_cell_time_gaps,"1,46 V different time gaps open cell\L_07_Loopeis 1,46V_45s_2_PEIS from 65kHz to 10kHz_09_CA_C01.mpt",.mpt,CA,"Electrochemical data from technique CA in TR-PEIS procedure for PEM-WE in open cathode configuration with OCV time gap 45 s, with PEIS frequency in between 65kHz and 10kHz."
598,VZ2_062_021_UK_D_0598_v2.mpt,open_cell_time_gaps,"1,46 V different time gaps open cell\L_07_Loopeis 1,46V_45s_2_PEIS from 65kHz to 10kHz_10_OCV_C01.mpt",.mpt,OCV,"Electrochemical data from technique OCV in TR-PEIS procedure for PEM-WE in open cathode configuration with OCV time gap 45 s, with PEIS frequency in between 65kHz and 10kHz."
599,VZ2_062_021_UK_D_0599_v2.mpt,open_cell_time_gaps,"1,46 V different time gaps open cell\L_07_Loopeis 1,46V_45s_2_PEIS from 65kHz to 10kHz_11_PEIS_C01.mpt",.mpt,PEIS,"Electrochemical data from technique PEIS in TR-PEIS procedure for PEM-WE in open cathode configuration with OCV time gap 45 s, with PEIS frequency in between 65kHz and 10kHz."
600,VZ2_062_021_UK_D_0600_v2.mpt,open_cell_time_gaps,"1,46 V different time gaps open cell\L_07_Loopeis 1,46V_45s_2_PEIS from 65kHz to 10kHz_12_OCV_C01.mpt",.mpt,OCV,"Electrochemical data from technique OCV in TR-PEIS procedure for PEM-WE in open cathode configuration with OCV time gap 45 s, with PEIS frequency in between 65kHz and 10kHz."
601,VZ2_062_021_UK_D_0601_v2.mpt,open_cell_time_gaps,"1,46 V different time gaps open cell\L_07_Loopeis 1,46V_45s_2_PEIS from 65kHz to 10kHz_13_CA_C01.mpt",.mpt,CA,"Electrochemical data from technique CA in TR-PEIS procedure for PEM-WE in open cathode configuration with OCV time gap 45 s, with PEIS frequency in between 65kHz and 10kHz."
602,VZ2_062_021_UK_D_0602_v2.mpt,open_cell_time_gaps,"1,46 V different time gaps open cell\L_07_Loopeis 1,46V_45s_2_PEIS from 65kHz to 10kHz_14_OCV_C01.mpt",.mpt,OCV,"Electrochemical data from technique OCV in TR-PEIS procedure for PEM-WE in open cathode configuration with OCV time gap 45 s, with PEIS frequency in between 65kHz and 10kHz."
603,VZ2_062_021_UK_D_0603_v2.mpt,open_cell_time_gaps,"1,46 V different time gaps open cell\L_07_Loopeis 1,46V_45s_2_PEIS from 65kHz to 10kHz_15_PEIS_C01.mpt",.mpt,PEIS,"Electrochemical data from technique PEIS in TR-PEIS procedure for PEM-WE in open cathode configuration with OCV time gap 45 s, with PEIS frequency in between 65kHz and 10kHz."
604,VZ2_062_021_UK_D_0604_v2.mpt,open_cell_time_gaps,"1,46 V different time gaps open cell\L_07_Loopeis 1,46V_45s_2_PEIS from 65kHz to 10kHz_16_OCV_C01.mpt",.mpt,OCV,"Electrochemical data from technique OCV in TR-PEIS procedure for PEM-WE in open cathode configuration with OCV time gap 45 s, with PEIS frequency in between 65kHz and 10kHz."
605,VZ2_062_021_UK_D_0605_v2.mpt,open_cell_time_gaps,"1,46 V different time gaps open cell\L_07_Loopeis 1,46V_45s_2_PEIS from 65kHz to 10kHz_17_CA_C01.mpt",.mpt,CA,"Electrochemical data from technique CA in TR-PEIS procedure for PEM-WE in open cathode configuration with OCV time gap 45 s, with PEIS frequency in between 65kHz and 10kHz."
606,VZ2_062_021_UK_D_0606_v2.mpt,open_cell_time_gaps,"1,46 V different time gaps open cell\L_07_Loopeis 1,46V_45s_2_PEIS from 65kHz to 10kHz_18_OCV_C01.mpt",.mpt,OCV,"Electrochemical data from technique OCV in TR-PEIS procedure for PEM-WE in open cathode configuration with OCV time gap 45 s, with PEIS frequency in between 65kHz and 10kHz."
607,VZ2_062_021_UK_D_0607_v2.mpt,open_cell_time_gaps,"1,46 V different time gaps open cell\L_07_Loopeis 1,46V_45s_2_PEIS from 65kHz to 10kHz_19_PEIS_C01.mpt",.mpt,PEIS,"Electrochemical data from technique PEIS in TR-PEIS procedure for PEM-WE in open cathode configuration with OCV time gap 45 s, with PEIS frequency in between 65kHz and 10kHz."
608,VZ2_062_021_UK_D_0608_v2.mpt,open_cell_time_gaps,"1,46 V different time gaps open cell\L_07_Loopeis 1,46V_45s_2_PEIS from 65kHz to 10kHz_20_OCV_C01.mpt",.mpt,OCV,"Electrochemical data from technique OCV in TR-PEIS procedure for PEM-WE in open cathode configuration with OCV time gap 45 s, with PEIS frequency in between 65kHz and 10kHz."
609,VZ2_062_021_UK_D_0609_v2.mpt,open_cell_time_gaps,"1,46 V different time gaps open cell\L_08_Loopeis 1,46V_45s_3_PEIS from 6500Hz to 1000Hz_01_CA_C01.mpt",.mpt,CA,"Electrochemical data from technique CA in TR-PEIS procedure for PEM-WE in open cathode configuration with OCV time gap 45 s, with PEIS frequency in between 6500Hz and 1000Hz."
610,VZ2_062_021_UK_D_0610_v2.mpt,open_cell_time_gaps,"1,46 V different time gaps open cell\L_08_Loopeis 1,46V_45s_3_PEIS from 6500Hz to 1000Hz_02_OCV_C01.mpt",.mpt,OCV,"Electrochemical data from technique OCV in TR-PEIS procedure for PEM-WE in open cathode configuration with OCV time gap 45 s, with PEIS frequency in between 6500Hz and 1000Hz."
611,VZ2_062_021_UK_D_0611_v2.mpt,open_cell_time_gaps,"1,46 V different time gaps open cell\L_08_Loopeis 1,46V_45s_3_PEIS from 6500Hz to 1000Hz_03_PEIS_C01.mpt",.mpt,PEIS,"Electrochemical data from technique PEIS in TR-PEIS procedure for PEM-WE in open cathode configuration with OCV time gap 45 s, with PEIS frequency in between 6500Hz and 1000Hz."
612,VZ2_062_021_UK_D_0612_v2.mpt,open_cell_time_gaps,"1,46 V different time gaps open cell\L_08_Loopeis 1,46V_45s_3_PEIS from 6500Hz to 1000Hz_04_OCV_C01.mpt",.mpt,OCV,"Electrochemical data from technique OCV in TR-PEIS procedure for PEM-WE in open cathode configuration with OCV time gap 45 s, with PEIS frequency in between 6500Hz and 1000Hz."
613,VZ2_062_021_UK_D_0613_v2.mpt,open_cell_time_gaps,"1,46 V different time gaps open cell\L_08_Loopeis 1,46V_45s_3_PEIS from 6500Hz to 1000Hz_05_CA_C01.mpt",.mpt,CA,"Electrochemical data from technique CA in TR-PEIS procedure for PEM-WE in open cathode configuration with OCV time gap 45 s, with PEIS frequency in between 6500Hz and 1000Hz."
614,VZ2_062_021_UK_D_0614_v2.mpt,open_cell_time_gaps,"1,46 V different time gaps open cell\L_08_Loopeis 1,46V_45s_3_PEIS from 6500Hz to 1000Hz_06_OCV_C01.mpt",.mpt,OCV,"Electrochemical data from technique OCV in TR-PEIS procedure for PEM-WE in open cathode configuration with OCV time gap 45 s, with PEIS frequency in between 6500Hz and 1000Hz."
615,VZ2_062_021_UK_D_0615_v2.mpt,open_cell_time_gaps,"1,46 V different time gaps open cell\L_08_Loopeis 1,46V_45s_3_PEIS from 6500Hz to 1000Hz_07_PEIS_C01.mpt",.mpt,PEIS,"Electrochemical data from technique PEIS in TR-PEIS procedure for PEM-WE in open cathode configuration with OCV time gap 45 s, with PEIS frequency in between 6500Hz and 1000Hz."
616,VZ2_062_021_UK_D_0616_v2.mpt,open_cell_time_gaps,"1,46 V different time gaps open cell\L_08_Loopeis 1,46V_45s_3_PEIS from 6500Hz to 1000Hz_08_OCV_C01.mpt",.mpt,OCV,"Electrochemical data from technique OCV in TR-PEIS procedure for PEM-WE in open cathode configuration with OCV time gap 45 s, with PEIS frequency in between 6500Hz and 1000Hz."
617,VZ2_062_021_UK_D_0617_v2.mpt,open_cell_time_gaps,"1,46 V different time gaps open cell\L_08_Loopeis 1,46V_45s_3_PEIS from 6500Hz to 1000Hz_09_CA_C01.mpt",.mpt,CA,"Electrochemical data from technique CA in TR-PEIS procedure for PEM-WE in open cathode configuration with OCV time gap 45 s, with PEIS frequency in between 6500Hz and 1000Hz."
618,VZ2_062_021_UK_D_0618_v2.mpt,open_cell_time_gaps,"1,46 V different time gaps open cell\L_08_Loopeis 1,46V_45s_3_PEIS from 6500Hz to 1000Hz_10_OCV_C01.mpt",.mpt,OCV,"Electrochemical data from technique OCV in TR-PEIS procedure for PEM-WE in open cathode configuration with OCV time gap 45 s, with PEIS frequency in between 6500Hz and 1000Hz."
619,VZ2_062_021_UK_D_0619_v2.mpt,open_cell_time_gaps,"1,46 V different time gaps open cell\L_08_Loopeis 1,46V_45s_3_PEIS from 6500Hz to 1000Hz_11_PEIS_C01.mpt",.mpt,PEIS,"Electrochemical data from technique PEIS in TR-PEIS procedure for PEM-WE in open cathode configuration with OCV time gap 45 s, with PEIS frequency in between 6500Hz and 1000Hz."
620,VZ2_062_021_UK_D_0620_v2.mpt,open_cell_time_gaps,"1,46 V different time gaps open cell\L_08_Loopeis 1,46V_45s_3_PEIS from 6500Hz to 1000Hz_12_OCV_C01.mpt",.mpt,OCV,"Electrochemical data from technique OCV in TR-PEIS procedure for PEM-WE in open cathode configuration with OCV time gap 45 s, with PEIS frequency in between 6500Hz and 1000Hz."
621,VZ2_062_021_UK_D_0621_v2.mpt,open_cell_time_gaps,"1,46 V different time gaps open cell\L_08_Loopeis 1,46V_45s_3_PEIS from 6500Hz to 1000Hz_13_CA_C01.mpt",.mpt,CA,"Electrochemical data from technique CA in TR-PEIS procedure for PEM-WE in open cathode configuration with OCV time gap 45 s, with PEIS frequency in between 6500Hz and 1000Hz."
622,VZ2_062_021_UK_D_0622_v2.mpt,open_cell_time_gaps,"1,46 V different time gaps open cell\L_08_Loopeis 1,46V_45s_3_PEIS from 6500Hz to 1000Hz_14_OCV_C01.mpt",.mpt,OCV,"Electrochemical data from technique OCV in TR-PEIS procedure for PEM-WE in open cathode configuration with OCV time gap 45 s, with PEIS frequency in between 6500Hz and 1000Hz."
623,VZ2_062_021_UK_D_0623_v2.mpt,open_cell_time_gaps,"1,46 V different time gaps open cell\L_08_Loopeis 1,46V_45s_3_PEIS from 6500Hz to 1000Hz_15_PEIS_C01.mpt",.mpt,PEIS,"Electrochemical data from technique PEIS in TR-PEIS procedure for PEM-WE in open cathode configuration with OCV time gap 45 s, with PEIS frequency in between 6500Hz and 1000Hz."
624,VZ2_062_021_UK_D_0624_v2.mpt,open_cell_time_gaps,"1,46 V different time gaps open cell\L_08_Loopeis 1,46V_45s_3_PEIS from 6500Hz to 1000Hz_16_OCV_C01.mpt",.mpt,OCV,"Electrochemical data from technique OCV in TR-PEIS procedure for PEM-WE in open cathode configuration with OCV time gap 45 s, with PEIS frequency in between 6500Hz and 1000Hz."
625,VZ2_062_021_UK_D_0625_v2.mpt,open_cell_time_gaps,"1,46 V different time gaps open cell\L_08_Loopeis 1,46V_45s_3_PEIS from 6500Hz to 1000Hz_17_CA_C01.mpt",.mpt,CA,"Electrochemical data from technique CA in TR-PEIS procedure for PEM-WE in open cathode configuration with OCV time gap 45 s, with PEIS frequency in between 6500Hz and 1000Hz."
626,VZ2_062_021_UK_D_0626_v2.mpt,open_cell_time_gaps,"1,46 V different time gaps open cell\L_08_Loopeis 1,46V_45s_3_PEIS from 6500Hz to 1000Hz_18_OCV_C01.mpt",.mpt,OCV,"Electrochemical data from technique OCV in TR-PEIS procedure for PEM-WE in open cathode configuration with OCV time gap 45 s, with PEIS frequency in between 6500Hz and 1000Hz."
627,VZ2_062_021_UK_D_0627_v2.mpt,open_cell_time_gaps,"1,46 V different time gaps open cell\L_08_Loopeis 1,46V_45s_3_PEIS from 6500Hz to 1000Hz_19_PEIS_C01.mpt",.mpt,PEIS,"Electrochemical data from technique PEIS in TR-PEIS procedure for PEM-WE in open cathode configuration with OCV time gap 45 s, with PEIS frequency in between 6500Hz and 1000Hz."
628,VZ2_062_021_UK_D_0628_v2.mpt,open_cell_time_gaps,"1,46 V different time gaps open cell\L_08_Loopeis 1,46V_45s_3_PEIS from 6500Hz to 1000Hz_20_OCV_C01.mpt",.mpt,OCV,"Electrochemical data from technique OCV in TR-PEIS procedure for PEM-WE in open cathode configuration with OCV time gap 45 s, with PEIS frequency in between 6500Hz and 1000Hz."
629,VZ2_062_021_UK_D_0629_v2.mpt,open_cell_time_gaps,"1,46 V different time gaps open cell\L_09_Loopeis 1,46V_45s_4_PEIS from 650Hz to 100Hz_01_CA_C01.mpt",.mpt,CA,"Electrochemical data from technique CA in TR-PEIS procedure for PEM-WE in open cathode configuration with OCV time gap 45 s, with PEIS frequency in between 650Hz and 100Hz."
630,VZ2_062_021_UK_D_0630_v2.mpt,open_cell_time_gaps,"1,46 V different time gaps open cell\L_09_Loopeis 1,46V_45s_4_PEIS from 650Hz to 100Hz_02_OCV_C01.mpt",.mpt,OCV,"Electrochemical data from technique OCV in TR-PEIS procedure for PEM-WE in open cathode configuration with OCV time gap 45 s, with PEIS frequency in between 650Hz and 100Hz."
631,VZ2_062_021_UK_D_0631_v2.mpt,open_cell_time_gaps,"1,46 V different time gaps open cell\L_09_Loopeis 1,46V_45s_4_PEIS from 650Hz to 100Hz_03_PEIS_C01.mpt",.mpt,PEIS,"Electrochemical data from technique PEIS in TR-PEIS procedure for PEM-WE in open cathode configuration with OCV time gap 45 s, with PEIS frequency in between 650Hz and 100Hz."
632,VZ2_062_021_UK_D_0632_v2.mpt,open_cell_time_gaps,"1,46 V different time gaps open cell\L_09_Loopeis 1,46V_45s_4_PEIS from 650Hz to 100Hz_04_OCV_C01.mpt",.mpt,OCV,"Electrochemical data from technique OCV in TR-PEIS procedure for PEM-WE in open cathode configuration with OCV time gap 45 s, with PEIS frequency in between 650Hz and 100Hz."
633,VZ2_062_021_UK_D_0633_v2.mpt,open_cell_time_gaps,"1,46 V different time gaps open cell\L_09_Loopeis 1,46V_45s_4_PEIS from 650Hz to 100Hz_05_CA_C01.mpt",.mpt,CA,"Electrochemical data from technique CA in TR-PEIS procedure for PEM-WE in open cathode configuration with OCV time gap 45 s, with PEIS frequency in between 650Hz and 100Hz."
634,VZ2_062_021_UK_D_0634_v2.mpt,open_cell_time_gaps,"1,46 V different time gaps open cell\L_09_Loopeis 1,46V_45s_4_PEIS from 650Hz to 100Hz_06_OCV_C01.mpt",.mpt,OCV,"Electrochemical data from technique OCV in TR-PEIS procedure for PEM-WE in open cathode configuration with OCV time gap 45 s, with PEIS frequency in between 650Hz and 100Hz."
635,VZ2_062_021_UK_D_0635_v2.mpt,open_cell_time_gaps,"1,46 V different time gaps open cell\L_09_Loopeis 1,46V_45s_4_PEIS from 650Hz to 100Hz_07_PEIS_C01.mpt",.mpt,PEIS,"Electrochemical data from technique PEIS in TR-PEIS procedure for PEM-WE in open cathode configuration with OCV time gap 45 s, with PEIS frequency in between 650Hz and 100Hz."
636,VZ2_062_021_UK_D_0636_v2.mpt,open_cell_time_gaps,"1,46 V different time gaps open cell\L_09_Loopeis 1,46V_45s_4_PEIS from 650Hz to 100Hz_08_OCV_C01.mpt",.mpt,OCV,"Electrochemical data from technique OCV in TR-PEIS procedure for PEM-WE in open cathode configuration with OCV time gap 45 s, with PEIS frequency in between 650Hz and 100Hz."
637,VZ2_062_021_UK_D_0637_v2.mpt,open_cell_time_gaps,"1,46 V different time gaps open cell\L_09_Loopeis 1,46V_45s_4_PEIS from 650Hz to 100Hz_09_CA_C01.mpt",.mpt,CA,"Electrochemical data from technique CA in TR-PEIS procedure for PEM-WE in open cathode configuration with OCV time gap 45 s, with PEIS frequency in between 650Hz and 100Hz."
638,VZ2_062_021_UK_D_0638_v2.mpt,open_cell_time_gaps,"1,46 V different time gaps open cell\L_09_Loopeis 1,46V_45s_4_PEIS from 650Hz to 100Hz_10_OCV_C01.mpt",.mpt,OCV,"Electrochemical data from technique OCV in TR-PEIS procedure for PEM-WE in open cathode configuration with OCV time gap 45 s, with PEIS frequency in between 650Hz and 100Hz."
639,VZ2_062_021_UK_D_0639_v2.mpt,open_cell_time_gaps,"1,46 V different time gaps open cell\L_09_Loopeis 1,46V_45s_4_PEIS from 650Hz to 100Hz_11_PEIS_C01.mpt",.mpt,PEIS,"Electrochemical data from technique PEIS in TR-PEIS procedure for PEM-WE in open cathode configuration with OCV time gap 45 s, with PEIS frequency in between 650Hz and 100Hz."
640,VZ2_062_021_UK_D_0640_v2.mpt,open_cell_time_gaps,"1,46 V different time gaps open cell\L_09_Loopeis 1,46V_45s_4_PEIS from 650Hz to 100Hz_12_OCV_C01.mpt",.mpt,OCV,"Electrochemical data from technique OCV in TR-PEIS procedure for PEM-WE in open cathode configuration with OCV time gap 45 s, with PEIS frequency in between 650Hz and 100Hz."
641,VZ2_062_021_UK_D_0641_v2.mpt,open_cell_time_gaps,"1,46 V different time gaps open cell\L_09_Loopeis 1,46V_45s_4_PEIS from 650Hz to 100Hz_13_CA_C01.mpt",.mpt,CA,"Electrochemical data from technique CA in TR-PEIS procedure for PEM-WE in open cathode configuration with OCV time gap 45 s, with PEIS frequency in between 650Hz and 100Hz."
642,VZ2_062_021_UK_D_0642_v2.mpt,open_cell_time_gaps,"1,46 V different time gaps open cell\L_09_Loopeis 1,46V_45s_4_PEIS from 650Hz to 100Hz_14_OCV_C01.mpt",.mpt,OCV,"Electrochemical data from technique OCV in TR-PEIS procedure for PEM-WE in open cathode configuration with OCV time gap 45 s, with PEIS frequency in between 650Hz and 100Hz."
643,VZ2_062_021_UK_D_0643_v2.mpt,open_cell_time_gaps,"1,46 V different time gaps open cell\L_09_Loopeis 1,46V_45s_4_PEIS from 650Hz to 100Hz_15_PEIS_C01.mpt",.mpt,PEIS,"Electrochemical data from technique PEIS in TR-PEIS procedure for PEM-WE in open cathode configuration with OCV time gap 45 s, with PEIS frequency in between 650Hz and 100Hz."
644,VZ2_062_021_UK_D_0644_v2.mpt,open_cell_time_gaps,"1,46 V different time gaps open cell\L_09_Loopeis 1,46V_45s_4_PEIS from 650Hz to 100Hz_16_OCV_C01.mpt",.mpt,OCV,"Electrochemical data from technique OCV in TR-PEIS procedure for PEM-WE in open cathode configuration with OCV time gap 45 s, with PEIS frequency in between 650Hz and 100Hz."
645,VZ2_062_021_UK_D_0645_v2.mpt,open_cell_time_gaps,"1,46 V different time gaps open cell\L_09_Loopeis 1,46V_45s_4_PEIS from 650Hz to 100Hz_17_CA_C01.mpt",.mpt,CA,"Electrochemical data from technique CA in TR-PEIS procedure for PEM-WE in open cathode configuration with OCV time gap 45 s, with PEIS frequency in between 650Hz and 100Hz."
646,VZ2_062_021_UK_D_0646_v2.mpt,open_cell_time_gaps,"1,46 V different time gaps open cell\L_09_Loopeis 1,46V_45s_4_PEIS from 650Hz to 100Hz_18_OCV_C01.mpt",.mpt,OCV,"Electrochemical data from technique OCV in TR-PEIS procedure for PEM-WE in open cathode configuration with OCV time gap 45 s, with PEIS frequency in between 650Hz and 100Hz."
647,VZ2_062_021_UK_D_0647_v2.mpt,open_cell_time_gaps,"1,46 V different time gaps open cell\L_09_Loopeis 1,46V_45s_4_PEIS from 650Hz to 100Hz_19_PEIS_C01.mpt",.mpt,PEIS,"Electrochemical data from technique PEIS in TR-PEIS procedure for PEM-WE in open cathode configuration with OCV time gap 45 s, with PEIS frequency in between 650Hz and 100Hz."
648,VZ2_062_021_UK_D_0648_v2.mpt,open_cell_time_gaps,"1,46 V different time gaps open cell\L_09_Loopeis 1,46V_45s_4_PEIS from 650Hz to 100Hz_20_OCV_C01.mpt",.mpt,OCV,"Electrochemical data from technique OCV in TR-PEIS procedure for PEM-WE in open cathode configuration with OCV time gap 45 s, with PEIS frequency in between 650Hz and 100Hz."
649,VZ2_062_021_UK_D_0649_v2.mpt,open_cell_time_gaps,"1,46 V different time gaps open cell\L_10_Loopeis 1,46V_45s_5_PEIS from 65Hz to 10Hz_01_CA_C01.mpt",.mpt,CA,"Electrochemical data from technique CA in TR-PEIS procedure for PEM-WE in open cathode configuration with OCV time gap 45 s, with PEIS frequency in between 65Hz and 10Hz."
650,VZ2_062_021_UK_D_0650_v2.mpt,open_cell_time_gaps,"1,46 V different time gaps open cell\L_10_Loopeis 1,46V_45s_5_PEIS from 65Hz to 10Hz_02_OCV_C01.mpt",.mpt,OCV,"Electrochemical data from technique OCV in TR-PEIS procedure for PEM-WE in open cathode configuration with OCV time gap 45 s, with PEIS frequency in between 65Hz and 10Hz."
651,VZ2_062_021_UK_D_0651_v2.mpt,open_cell_time_gaps,"1,46 V different time gaps open cell\L_10_Loopeis 1,46V_45s_5_PEIS from 65Hz to 10Hz_03_PEIS_C01.mpt",.mpt,PEIS,"Electrochemical data from technique PEIS in TR-PEIS procedure for PEM-WE in open cathode configuration with OCV time gap 45 s, with PEIS frequency in between 65Hz and 10Hz."
652,VZ2_062_021_UK_D_0652_v2.mpt,open_cell_time_gaps,"1,46 V different time gaps open cell\L_10_Loopeis 1,46V_45s_5_PEIS from 65Hz to 10Hz_04_OCV_C01.mpt",.mpt,OCV,"Electrochemical data from technique OCV in TR-PEIS procedure for PEM-WE in open cathode configuration with OCV time gap 45 s, with PEIS frequency in between 65Hz and 10Hz."
653,VZ2_062_021_UK_D_0653_v2.mpt,open_cell_time_gaps,"1,46 V different time gaps open cell\L_10_Loopeis 1,46V_45s_5_PEIS from 65Hz to 10Hz_05_CA_C01.mpt",.mpt,CA,"Electrochemical data from technique CA in TR-PEIS procedure for PEM-WE in open cathode configuration with OCV time gap 45 s, with PEIS frequency in between 65Hz and 10Hz."
654,VZ2_062_021_UK_D_0654_v2.mpt,open_cell_time_gaps,"1,46 V different time gaps open cell\L_10_Loopeis 1,46V_45s_5_PEIS from 65Hz to 10Hz_06_OCV_C01.mpt",.mpt,OCV,"Electrochemical data from technique OCV in TR-PEIS procedure for PEM-WE in open cathode configuration with OCV time gap 45 s, with PEIS frequency in between 65Hz and 10Hz."
655,VZ2_062_021_UK_D_0655_v2.mpt,open_cell_time_gaps,"1,46 V different time gaps open cell\L_10_Loopeis 1,46V_45s_5_PEIS from 65Hz to 10Hz_07_PEIS_C01.mpt",.mpt,PEIS,"Electrochemical data from technique PEIS in TR-PEIS procedure for PEM-WE in open cathode configuration with OCV time gap 45 s, with PEIS frequency in between 65Hz and 10Hz."
656,VZ2_062_021_UK_D_0656_v2.mpt,open_cell_time_gaps,"1,46 V different time gaps open cell\L_10_Loopeis 1,46V_45s_5_PEIS from 65Hz to 10Hz_08_OCV_C01.mpt",.mpt,OCV,"Electrochemical data from technique OCV in TR-PEIS procedure for PEM-WE in open cathode configuration with OCV time gap 45 s, with PEIS frequency in between 65Hz and 10Hz."
657,VZ2_062_021_UK_D_0657_v2.mpt,open_cell_time_gaps,"1,46 V different time gaps open cell\L_10_Loopeis 1,46V_45s_5_PEIS from 65Hz to 10Hz_09_CA_C01.mpt",.mpt,CA,"Electrochemical data from technique CA in TR-PEIS procedure for PEM-WE in open cathode configuration with OCV time gap 45 s, with PEIS frequency in between 65Hz and 10Hz."
658,VZ2_062_021_UK_D_0658_v2.mpt,open_cell_time_gaps,"1,46 V different time gaps open cell\L_10_Loopeis 1,46V_45s_5_PEIS from 65Hz to 10Hz_10_OCV_C01.mpt",.mpt,OCV,"Electrochemical data from technique OCV in TR-PEIS procedure for PEM-WE in open cathode configuration with OCV time gap 45 s, with PEIS frequency in between 65Hz and 10Hz."
659,VZ2_062_021_UK_D_0659_v2.mpt,open_cell_time_gaps,"1,46 V different time gaps open cell\L_10_Loopeis 1,46V_45s_5_PEIS from 65Hz to 10Hz_11_PEIS_C01.mpt",.mpt,PEIS,"Electrochemical data from technique PEIS in TR-PEIS procedure for PEM-WE in open cathode configuration with OCV time gap 45 s, with PEIS frequency in between 65Hz and 10Hz."
660,VZ2_062_021_UK_D_0660_v2.mpt,open_cell_time_gaps,"1,46 V different time gaps open cell\L_10_Loopeis 1,46V_45s_5_PEIS from 65Hz to 10Hz_12_OCV_C01.mpt",.mpt,OCV,"Electrochemical data from technique OCV in TR-PEIS procedure for PEM-WE in open cathode configuration with OCV time gap 45 s, with PEIS frequency in between 65Hz and 10Hz."
661,VZ2_062_021_UK_D_0661_v2.mpt,open_cell_time_gaps,"1,46 V different time gaps open cell\L_10_Loopeis 1,46V_45s_5_PEIS from 65Hz to 10Hz_13_CA_C01.mpt",.mpt,CA,"Electrochemical data from technique CA in TR-PEIS procedure for PEM-WE in open cathode configuration with OCV time gap 45 s, with PEIS frequency in between 65Hz and 10Hz."
662,VZ2_062_021_UK_D_0662_v2.mpt,open_cell_time_gaps,"1,46 V different time gaps open cell\L_10_Loopeis 1,46V_45s_5_PEIS from 65Hz to 10Hz_14_OCV_C01.mpt",.mpt,OCV,"Electrochemical data from technique OCV in TR-PEIS procedure for PEM-WE in open cathode configuration with OCV time gap 45 s, with PEIS frequency in between 65Hz and 10Hz."
663,VZ2_062_021_UK_D_0663_v2.mpt,open_cell_time_gaps,"1,46 V different time gaps open cell\L_10_Loopeis 1,46V_45s_5_PEIS from 65Hz to 10Hz_15_PEIS_C01.mpt",.mpt,PEIS,"Electrochemical data from technique PEIS in TR-PEIS procedure for PEM-WE in open cathode configuration with OCV time gap 45 s, with PEIS frequency in between 65Hz and 10Hz."
664,VZ2_062_021_UK_D_0664_v2.mpt,open_cell_time_gaps,"1,46 V different time gaps open cell\L_10_Loopeis 1,46V_45s_5_PEIS from 65Hz to 10Hz_16_OCV_C01.mpt",.mpt,OCV,"Electrochemical data from technique OCV in TR-PEIS procedure for PEM-WE in open cathode configuration with OCV time gap 45 s, with PEIS frequency in between 65Hz and 10Hz."
665,VZ2_062_021_UK_D_0665_v2.mpt,open_cell_time_gaps,"1,46 V different time gaps open cell\L_10_Loopeis 1,46V_45s_5_PEIS from 65Hz to 10Hz_17_CA_C01.mpt",.mpt,CA,"Electrochemical data from technique CA in TR-PEIS procedure for PEM-WE in open cathode configuration with OCV time gap 45 s, with PEIS frequency in between 65Hz and 10Hz."
666,VZ2_062_021_UK_D_0666_v2.mpt,open_cell_time_gaps,"1,46 V different time gaps open cell\L_10_Loopeis 1,46V_45s_5_PEIS from 65Hz to 10Hz_18_OCV_C01.mpt",.mpt,OCV,"Electrochemical data from technique OCV in TR-PEIS procedure for PEM-WE in open cathode configuration with OCV time gap 45 s, with PEIS frequency in between 65Hz and 10Hz."
667,VZ2_062_021_UK_D_0667_v2.mpt,open_cell_time_gaps,"1,46 V different time gaps open cell\L_10_Loopeis 1,46V_45s_5_PEIS from 65Hz to 10Hz_19_PEIS_C01.mpt",.mpt,PEIS,"Electrochemical data from technique PEIS in TR-PEIS procedure for PEM-WE in open cathode configuration with OCV time gap 45 s, with PEIS frequency in between 65Hz and 10Hz."
668,VZ2_062_021_UK_D_0668_v2.mpt,open_cell_time_gaps,"1,46 V different time gaps open cell\L_10_Loopeis 1,46V_45s_5_PEIS from 65Hz to 10Hz_20_OCV_C01.mpt",.mpt,OCV,"Electrochemical data from technique OCV in TR-PEIS procedure for PEM-WE in open cathode configuration with OCV time gap 45 s, with PEIS frequency in between 65Hz and 10Hz."
669,VZ2_062_021_UK_D_0669_v2.mpt,open_cell_time_gaps,"1,46 V different time gaps open cell\L_11_Loopeis 1,46V_60s_1_initial_loops_01_CA_C01.mpt",.mpt,CA,"Electrochemical data from technique CA in TR-PEIS procedure for PEM-WE in open cathode configuration with OCV time gap 60 s, initial loops."
670,VZ2_062_021_UK_D_0670_v2.mpt,open_cell_time_gaps,"1,46 V different time gaps open cell\L_11_Loopeis 1,46V_60s_1_initial_loops_02_OCV_C01.mpt",.mpt,OCV,"Electrochemical data from technique OCV in TR-PEIS procedure for PEM-WE in open cathode configuration with OCV time gap 60 s, initial loops."
671,VZ2_062_021_UK_D_0671_v2.mpt,open_cell_time_gaps,"1,46 V different time gaps open cell\L_12_Loopeis 1,46V_60s_2_PEIS from 65kHz to 10kHz_01_CA_C01.mpt",.mpt,CA,"Electrochemical data from technique CA in TR-PEIS procedure for PEM-WE in open cathode configuration with OCV time gap 60 s, with PEIS frequency in between 65kHz and 10kHz."
672,VZ2_062_021_UK_D_0672_v2.mpt,open_cell_time_gaps,"1,46 V different time gaps open cell\L_12_Loopeis 1,46V_60s_2_PEIS from 65kHz to 10kHz_02_OCV_C01.mpt",.mpt,OCV,"Electrochemical data from technique OCV in TR-PEIS procedure for PEM-WE in open cathode configuration with OCV time gap 60 s, with PEIS frequency in between 65kHz and 10kHz."
673,VZ2_062_021_UK_D_0673_v2.mpt,open_cell_time_gaps,"1,46 V different time gaps open cell\L_12_Loopeis 1,46V_60s_2_PEIS from 65kHz to 10kHz_03_PEIS_C01.mpt",.mpt,PEIS,"Electrochemical data from technique PEIS in TR-PEIS procedure for PEM-WE in open cathode configuration with OCV time gap 60 s, with PEIS frequency in between 65kHz and 10kHz."
674,VZ2_062_021_UK_D_0674_v2.mpt,open_cell_time_gaps,"1,46 V different time gaps open cell\L_12_Loopeis 1,46V_60s_2_PEIS from 65kHz to 10kHz_04_OCV_C01.mpt",.mpt,OCV,"Electrochemical data from technique OCV in TR-PEIS procedure for PEM-WE in open cathode configuration with OCV time gap 60 s, with PEIS frequency in between 65kHz and 10kHz."
675,VZ2_062_021_UK_D_0675_v2.mpt,open_cell_time_gaps,"1,46 V different time gaps open cell\L_12_Loopeis 1,46V_60s_2_PEIS from 65kHz to 10kHz_05_CA_C01.mpt",.mpt,CA,"Electrochemical data from technique CA in TR-PEIS procedure for PEM-WE in open cathode configuration with OCV time gap 60 s, with PEIS frequency in between 65kHz and 10kHz."
676,VZ2_062_021_UK_D_0676_v2.mpt,open_cell_time_gaps,"1,46 V different time gaps open cell\L_12_Loopeis 1,46V_60s_2_PEIS from 65kHz to 10kHz_06_OCV_C01.mpt",.mpt,OCV,"Electrochemical data from technique OCV in TR-PEIS procedure for PEM-WE in open cathode configuration with OCV time gap 60 s, with PEIS frequency in between 65kHz and 10kHz."
677,VZ2_062_021_UK_D_0677_v2.mpt,open_cell_time_gaps,"1,46 V different time gaps open cell\L_12_Loopeis 1,46V_60s_2_PEIS from 65kHz to 10kHz_07_PEIS_C01.mpt",.mpt,PEIS,"Electrochemical data from technique PEIS in TR-PEIS procedure for PEM-WE in open cathode configuration with OCV time gap 60 s, with PEIS frequency in between 65kHz and 10kHz."
678,VZ2_062_021_UK_D_0678_v2.mpt,open_cell_time_gaps,"1,46 V different time gaps open cell\L_12_Loopeis 1,46V_60s_2_PEIS from 65kHz to 10kHz_08_OCV_C01.mpt",.mpt,OCV,"Electrochemical data from technique OCV in TR-PEIS procedure for PEM-WE in open cathode configuration with OCV time gap 60 s, with PEIS frequency in between 65kHz and 10kHz."
679,VZ2_062_021_UK_D_0679_v2.mpt,open_cell_time_gaps,"1,46 V different time gaps open cell\L_12_Loopeis 1,46V_60s_2_PEIS from 65kHz to 10kHz_09_CA_C01.mpt",.mpt,CA,"Electrochemical data from technique CA in TR-PEIS procedure for PEM-WE in open cathode configuration with OCV time gap 60 s, with PEIS frequency in between 65kHz and 10kHz."
680,VZ2_062_021_UK_D_0680_v2.mpt,open_cell_time_gaps,"1,46 V different time gaps open cell\L_12_Loopeis 1,46V_60s_2_PEIS from 65kHz to 10kHz_10_OCV_C01.mpt",.mpt,OCV,"Electrochemical data from technique OCV in TR-PEIS procedure for PEM-WE in open cathode configuration with OCV time gap 60 s, with PEIS frequency in between 65kHz and 10kHz."
681,VZ2_062_021_UK_D_0681_v2.mpt,open_cell_time_gaps,"1,46 V different time gaps open cell\L_12_Loopeis 1,46V_60s_2_PEIS from 65kHz to 10kHz_11_PEIS_C01.mpt",.mpt,PEIS,"Electrochemical data from technique PEIS in TR-PEIS procedure for PEM-WE in open cathode configuration with OCV time gap 60 s, with PEIS frequency in between 65kHz and 10kHz."
682,VZ2_062_021_UK_D_0682_v2.mpt,open_cell_time_gaps,"1,46 V different time gaps open cell\L_12_Loopeis 1,46V_60s_2_PEIS from 65kHz to 10kHz_12_OCV_C01.mpt",.mpt,OCV,"Electrochemical data from technique OCV in TR-PEIS procedure for PEM-WE in open cathode configuration with OCV time gap 60 s, with PEIS frequency in between 65kHz and 10kHz."
683,VZ2_062_021_UK_D_0683_v2.mpt,open_cell_time_gaps,"1,46 V different time gaps open cell\L_12_Loopeis 1,46V_60s_2_PEIS from 65kHz to 10kHz_13_CA_C01.mpt",.mpt,CA,"Electrochemical data from technique CA in TR-PEIS procedure for PEM-WE in open cathode configuration with OCV time gap 60 s, with PEIS frequency in between 65kHz and 10kHz."
684,VZ2_062_021_UK_D_0684_v2.mpt,open_cell_time_gaps,"1,46 V different time gaps open cell\L_12_Loopeis 1,46V_60s_2_PEIS from 65kHz to 10kHz_14_OCV_C01.mpt",.mpt,OCV,"Electrochemical data from technique OCV in TR-PEIS procedure for PEM-WE in open cathode configuration with OCV time gap 60 s, with PEIS frequency in between 65kHz and 10kHz."
685,VZ2_062_021_UK_D_0685_v2.mpt,open_cell_time_gaps,"1,46 V different time gaps open cell\L_12_Loopeis 1,46V_60s_2_PEIS from 65kHz to 10kHz_15_PEIS_C01.mpt",.mpt,PEIS,"Electrochemical data from technique PEIS in TR-PEIS procedure for PEM-WE in open cathode configuration with OCV time gap 60 s, with PEIS frequency in between 65kHz and 10kHz."
686,VZ2_062_021_UK_D_0686_v2.mpt,open_cell_time_gaps,"1,46 V different time gaps open cell\L_12_Loopeis 1,46V_60s_2_PEIS from 65kHz to 10kHz_16_OCV_C01.mpt",.mpt,OCV,"Electrochemical data from technique OCV in TR-PEIS procedure for PEM-WE in open cathode configuration with OCV time gap 60 s, with PEIS frequency in between 65kHz and 10kHz."
687,VZ2_062_021_UK_D_0687_v2.mpt,open_cell_time_gaps,"1,46 V different time gaps open cell\L_12_Loopeis 1,46V_60s_2_PEIS from 65kHz to 10kHz_17_CA_C01.mpt",.mpt,CA,"Electrochemical data from technique CA in TR-PEIS procedure for PEM-WE in open cathode configuration with OCV time gap 60 s, with PEIS frequency in between 65kHz and 10kHz."
688,VZ2_062_021_UK_D_0688_v2.mpt,open_cell_time_gaps,"1,46 V different time gaps open cell\L_12_Loopeis 1,46V_60s_2_PEIS from 65kHz to 10kHz_18_OCV_C01.mpt",.mpt,OCV,"Electrochemical data from technique OCV in TR-PEIS procedure for PEM-WE in open cathode configuration with OCV time gap 60 s, with PEIS frequency in between 65kHz and 10kHz."
689,VZ2_062_021_UK_D_0689_v2.mpt,open_cell_time_gaps,"1,46 V different time gaps open cell\L_12_Loopeis 1,46V_60s_2_PEIS from 65kHz to 10kHz_19_PEIS_C01.mpt",.mpt,PEIS,"Electrochemical data from technique PEIS in TR-PEIS procedure for PEM-WE in open cathode configuration with OCV time gap 60 s, with PEIS frequency in between 65kHz and 10kHz."
690,VZ2_062_021_UK_D_0690_v2.mpt,open_cell_time_gaps,"1,46 V different time gaps open cell\L_12_Loopeis 1,46V_60s_2_PEIS from 65kHz to 10kHz_20_OCV_C01.mpt",.mpt,OCV,"Electrochemical data from technique OCV in TR-PEIS procedure for PEM-WE in open cathode configuration with OCV time gap 60 s, with PEIS frequency in between 65kHz and 10kHz."
691,VZ2_062_021_UK_D_0691_v2.mpt,open_cell_time_gaps,"1,46 V different time gaps open cell\L_13_Loopeis 1,46V_60s_3_PEIS from 6500Hz to 1000Hz_01_CA_C01.mpt",.mpt,CA,"Electrochemical data from technique CA in TR-PEIS procedure for PEM-WE in open cathode configuration with OCV time gap 60 s, with PEIS frequency in between 6500Hz and 1000Hz."
692,VZ2_062_021_UK_D_0692_v2.mpt,open_cell_time_gaps,"1,46 V different time gaps open cell\L_13_Loopeis 1,46V_60s_3_PEIS from 6500Hz to 1000Hz_02_OCV_C01.mpt",.mpt,OCV,"Electrochemical data from technique OCV in TR-PEIS procedure for PEM-WE in open cathode configuration with OCV time gap 60 s, with PEIS frequency in between 6500Hz and 1000Hz."
693,VZ2_062_021_UK_D_0693_v2.mpt,open_cell_time_gaps,"1,46 V different time gaps open cell\L_13_Loopeis 1,46V_60s_3_PEIS from 6500Hz to 1000Hz_03_PEIS_C01.mpt",.mpt,PEIS,"Electrochemical data from technique PEIS in TR-PEIS procedure for PEM-WE in open cathode configuration with OCV time gap 60 s, with PEIS frequency in between 6500Hz and 1000Hz."
694,VZ2_062_021_UK_D_0694_v2.mpt,open_cell_time_gaps,"1,46 V different time gaps open cell\L_13_Loopeis 1,46V_60s_3_PEIS from 6500Hz to 1000Hz_04_OCV_C01.mpt",.mpt,OCV,"Electrochemical data from technique OCV in TR-PEIS procedure for PEM-WE in open cathode configuration with OCV time gap 60 s, with PEIS frequency in between 6500Hz and 1000Hz."
695,VZ2_062_021_UK_D_0695_v2.mpt,open_cell_time_gaps,"1,46 V different time gaps open cell\L_13_Loopeis 1,46V_60s_3_PEIS from 6500Hz to 1000Hz_05_CA_C01.mpt",.mpt,CA,"Electrochemical data from technique CA in TR-PEIS procedure for PEM-WE in open cathode configuration with OCV time gap 60 s, with PEIS frequency in between 6500Hz and 1000Hz."
696,VZ2_062_021_UK_D_0696_v2.mpt,open_cell_time_gaps,"1,46 V different time gaps open cell\L_13_Loopeis 1,46V_60s_3_PEIS from 6500Hz to 1000Hz_06_OCV_C01.mpt",.mpt,OCV,"Electrochemical data from technique OCV in TR-PEIS procedure for PEM-WE in open cathode configuration with OCV time gap 60 s, with PEIS frequency in between 6500Hz and 1000Hz."
697,VZ2_062_021_UK_D_0697_v2.mpt,open_cell_time_gaps,"1,46 V different time gaps open cell\L_13_Loopeis 1,46V_60s_3_PEIS from 6500Hz to 1000Hz_07_PEIS_C01.mpt",.mpt,PEIS,"Electrochemical data from technique PEIS in TR-PEIS procedure for PEM-WE in open cathode configuration with OCV time gap 60 s, with PEIS frequency in between 6500Hz and 1000Hz."
698,VZ2_062_021_UK_D_0698_v2.mpt,open_cell_time_gaps,"1,46 V different time gaps open cell\L_13_Loopeis 1,46V_60s_3_PEIS from 6500Hz to 1000Hz_08_OCV_C01.mpt",.mpt,OCV,"Electrochemical data from technique OCV in TR-PEIS procedure for PEM-WE in open cathode configuration with OCV time gap 60 s, with PEIS frequency in between 6500Hz and 1000Hz."
699,VZ2_062_021_UK_D_0699_v2.mpt,open_cell_time_gaps,"1,46 V different time gaps open cell\L_13_Loopeis 1,46V_60s_3_PEIS from 6500Hz to 1000Hz_09_CA_C01.mpt",.mpt,CA,"Electrochemical data from technique CA in TR-PEIS procedure for PEM-WE in open cathode configuration with OCV time gap 60 s, with PEIS frequency in between 6500Hz and 1000Hz."
700,VZ2_062_021_UK_D_0700_v2.mpt,open_cell_time_gaps,"1,46 V different time gaps open cell\L_13_Loopeis 1,46V_60s_3_PEIS from 6500Hz to 1000Hz_10_OCV_C01.mpt",.mpt,OCV,"Electrochemical data from technique OCV in TR-PEIS procedure for PEM-WE in open cathode configuration with OCV time gap 60 s, with PEIS frequency in between 6500Hz and 1000Hz."
701,VZ2_062_021_UK_D_0701_v2.mpt,open_cell_time_gaps,"1,46 V different time gaps open cell\L_13_Loopeis 1,46V_60s_3_PEIS from 6500Hz to 1000Hz_11_PEIS_C01.mpt",.mpt,PEIS,"Electrochemical data from technique PEIS in TR-PEIS procedure for PEM-WE in open cathode configuration with OCV time gap 60 s, with PEIS frequency in between 6500Hz and 1000Hz."
702,VZ2_062_021_UK_D_0702_v2.mpt,open_cell_time_gaps,"1,46 V different time gaps open cell\L_13_Loopeis 1,46V_60s_3_PEIS from 6500Hz to 1000Hz_12_OCV_C01.mpt",.mpt,OCV,"Electrochemical data from technique OCV in TR-PEIS procedure for PEM-WE in open cathode configuration with OCV time gap 60 s, with PEIS frequency in between 6500Hz and 1000Hz."
703,VZ2_062_021_UK_D_0703_v2.mpt,open_cell_time_gaps,"1,46 V different time gaps open cell\L_13_Loopeis 1,46V_60s_3_PEIS from 6500Hz to 1000Hz_13_CA_C01.mpt",.mpt,CA,"Electrochemical data from technique CA in TR-PEIS procedure for PEM-WE in open cathode configuration with OCV time gap 60 s, with PEIS frequency in between 6500Hz and 1000Hz."
704,VZ2_062_021_UK_D_0704_v2.mpt,open_cell_time_gaps,"1,46 V different time gaps open cell\L_13_Loopeis 1,46V_60s_3_PEIS from 6500Hz to 1000Hz_14_OCV_C01.mpt",.mpt,OCV,"Electrochemical data from technique OCV in TR-PEIS procedure for PEM-WE in open cathode configuration with OCV time gap 60 s, with PEIS frequency in between 6500Hz and 1000Hz."
705,VZ2_062_021_UK_D_0705_v2.mpt,open_cell_time_gaps,"1,46 V different time gaps open cell\L_13_Loopeis 1,46V_60s_3_PEIS from 6500Hz to 1000Hz_15_PEIS_C01.mpt",.mpt,PEIS,"Electrochemical data from technique PEIS in TR-PEIS procedure for PEM-WE in open cathode configuration with OCV time gap 60 s, with PEIS frequency in between 6500Hz and 1000Hz."
706,VZ2_062_021_UK_D_0706_v2.mpt,open_cell_time_gaps,"1,46 V different time gaps open cell\L_13_Loopeis 1,46V_60s_3_PEIS from 6500Hz to 1000Hz_16_OCV_C01.mpt",.mpt,OCV,"Electrochemical data from technique OCV in TR-PEIS procedure for PEM-WE in open cathode configuration with OCV time gap 60 s, with PEIS frequency in between 6500Hz and 1000Hz."
707,VZ2_062_021_UK_D_0707_v2.mpt,open_cell_time_gaps,"1,46 V different time gaps open cell\L_13_Loopeis 1,46V_60s_3_PEIS from 6500Hz to 1000Hz_17_CA_C01.mpt",.mpt,CA,"Electrochemical data from technique CA in TR-PEIS procedure for PEM-WE in open cathode configuration with OCV time gap 60 s, with PEIS frequency in between 6500Hz and 1000Hz."
708,VZ2_062_021_UK_D_0708_v2.mpt,open_cell_time_gaps,"1,46 V different time gaps open cell\L_13_Loopeis 1,46V_60s_3_PEIS from 6500Hz to 1000Hz_18_OCV_C01.mpt",.mpt,OCV,"Electrochemical data from technique OCV in TR-PEIS procedure for PEM-WE in open cathode configuration with OCV time gap 60 s, with PEIS frequency in between 6500Hz and 1000Hz."
709,VZ2_062_021_UK_D_0709_v2.mpt,open_cell_time_gaps,"1,46 V different time gaps open cell\L_13_Loopeis 1,46V_60s_3_PEIS from 6500Hz to 1000Hz_19_PEIS_C01.mpt",.mpt,PEIS,"Electrochemical data from technique PEIS in TR-PEIS procedure for PEM-WE in open cathode configuration with OCV time gap 60 s, with PEIS frequency in between 6500Hz and 1000Hz."
710,VZ2_062_021_UK_D_0710_v2.mpt,open_cell_time_gaps,"1,46 V different time gaps open cell\L_13_Loopeis 1,46V_60s_3_PEIS from 6500Hz to 1000Hz_20_OCV_C01.mpt",.mpt,OCV,"Electrochemical data from technique OCV in TR-PEIS procedure for PEM-WE in open cathode configuration with OCV time gap 60 s, with PEIS frequency in between 6500Hz and 1000Hz."
711,VZ2_062_021_UK_D_0711_v2.mpt,open_cell_time_gaps,"1,46 V different time gaps open cell\L_14_Loopeis 1,46V_60s_4_PEIS from 650Hz to 100Hz_01_CA_C01.mpt",.mpt,CA,"Electrochemical data from technique CA in TR-PEIS procedure for PEM-WE in open cathode configuration with OCV time gap 60 s, with PEIS frequency in between 650Hz and 100Hz."
712,VZ2_062_021_UK_D_0712_v2.mpt,open_cell_time_gaps,"1,46 V different time gaps open cell\L_14_Loopeis 1,46V_60s_4_PEIS from 650Hz to 100Hz_02_OCV_C01.mpt",.mpt,OCV,"Electrochemical data from technique OCV in TR-PEIS procedure for PEM-WE in open cathode configuration with OCV time gap 60 s, with PEIS frequency in between 650Hz and 100Hz."
713,VZ2_062_021_UK_D_0713_v2.mpt,open_cell_time_gaps,"1,46 V different time gaps open cell\L_14_Loopeis 1,46V_60s_4_PEIS from 650Hz to 100Hz_03_PEIS_C01.mpt",.mpt,PEIS,"Electrochemical data from technique PEIS in TR-PEIS procedure for PEM-WE in open cathode configuration with OCV time gap 60 s, with PEIS frequency in between 650Hz and 100Hz."
714,VZ2_062_021_UK_D_0714_v2.mpt,open_cell_time_gaps,"1,46 V different time gaps open cell\L_14_Loopeis 1,46V_60s_4_PEIS from 650Hz to 100Hz_04_OCV_C01.mpt",.mpt,OCV,"Electrochemical data from technique OCV in TR-PEIS procedure for PEM-WE in open cathode configuration with OCV time gap 60 s, with PEIS frequency in between 650Hz and 100Hz."
715,VZ2_062_021_UK_D_0715_v2.mpt,open_cell_time_gaps,"1,46 V different time gaps open cell\L_14_Loopeis 1,46V_60s_4_PEIS from 650Hz to 100Hz_05_CA_C01.mpt",.mpt,CA,"Electrochemical data from technique CA in TR-PEIS procedure for PEM-WE in open cathode configuration with OCV time gap 60 s, with PEIS frequency in between 650Hz and 100Hz."
716,VZ2_062_021_UK_D_0716_v2.mpt,open_cell_time_gaps,"1,46 V different time gaps open cell\L_14_Loopeis 1,46V_60s_4_PEIS from 650Hz to 100Hz_06_OCV_C01.mpt",.mpt,OCV,"Electrochemical data from technique OCV in TR-PEIS procedure for PEM-WE in open cathode configuration with OCV time gap 60 s, with PEIS frequency in between 650Hz and 100Hz."
717,VZ2_062_021_UK_D_0717_v2.mpt,open_cell_time_gaps,"1,46 V different time gaps open cell\L_14_Loopeis 1,46V_60s_4_PEIS from 650Hz to 100Hz_07_PEIS_C01.mpt",.mpt,PEIS,"Electrochemical data from technique PEIS in TR-PEIS procedure for PEM-WE in open cathode configuration with OCV time gap 60 s, with PEIS frequency in between 650Hz and 100Hz."
718,VZ2_062_021_UK_D_0718_v2.mpt,open_cell_time_gaps,"1,46 V different time gaps open cell\L_14_Loopeis 1,46V_60s_4_PEIS from 650Hz to 100Hz_08_OCV_C01.mpt",.mpt,OCV,"Electrochemical data from technique OCV in TR-PEIS procedure for PEM-WE in open cathode configuration with OCV time gap 60 s, with PEIS frequency in between 650Hz and 100Hz."
719,VZ2_062_021_UK_D_0719_v2.mpt,open_cell_time_gaps,"1,46 V different time gaps open cell\L_14_Loopeis 1,46V_60s_4_PEIS from 650Hz to 100Hz_09_CA_C01.mpt",.mpt,CA,"Electrochemical data from technique CA in TR-PEIS procedure for PEM-WE in open cathode configuration with OCV time gap 60 s, with PEIS frequency in between 650Hz and 100Hz."
720,VZ2_062_021_UK_D_0720_v2.mpt,open_cell_time_gaps,"1,46 V different time gaps open cell\L_14_Loopeis 1,46V_60s_4_PEIS from 650Hz to 100Hz_10_OCV_C01.mpt",.mpt,OCV,"Electrochemical data from technique OCV in TR-PEIS procedure for PEM-WE in open cathode configuration with OCV time gap 60 s, with PEIS frequency in between 650Hz and 100Hz."
721,VZ2_062_021_UK_D_0721_v2.mpt,open_cell_time_gaps,"1,46 V different time gaps open cell\L_14_Loopeis 1,46V_60s_4_PEIS from 650Hz to 100Hz_11_PEIS_C01.mpt",.mpt,PEIS,"Electrochemical data from technique PEIS in TR-PEIS procedure for PEM-WE in open cathode configuration with OCV time gap 60 s, with PEIS frequency in between 650Hz and 100Hz."
722,VZ2_062_021_UK_D_0722_v2.mpt,open_cell_time_gaps,"1,46 V different time gaps open cell\L_14_Loopeis 1,46V_60s_4_PEIS from 650Hz to 100Hz_12_OCV_C01.mpt",.mpt,OCV,"Electrochemical data from technique OCV in TR-PEIS procedure for PEM-WE in open cathode configuration with OCV time gap 60 s, with PEIS frequency in between 650Hz and 100Hz."
723,VZ2_062_021_UK_D_0723_v2.mpt,open_cell_time_gaps,"1,46 V different time gaps open cell\L_14_Loopeis 1,46V_60s_4_PEIS from 650Hz to 100Hz_13_CA_C01.mpt",.mpt,CA,"Electrochemical data from technique CA in TR-PEIS procedure for PEM-WE in open cathode configuration with OCV time gap 60 s, with PEIS frequency in between 650Hz and 100Hz."
724,VZ2_062_021_UK_D_0724_v2.mpt,open_cell_time_gaps,"1,46 V different time gaps open cell\L_14_Loopeis 1,46V_60s_4_PEIS from 650Hz to 100Hz_14_OCV_C01.mpt",.mpt,OCV,"Electrochemical data from technique OCV in TR-PEIS procedure for PEM-WE in open cathode configuration with OCV time gap 60 s, with PEIS frequency in between 650Hz and 100Hz."
725,VZ2_062_021_UK_D_0725_v2.mpt,open_cell_time_gaps,"1,46 V different time gaps open cell\L_14_Loopeis 1,46V_60s_4_PEIS from 650Hz to 100Hz_15_PEIS_C01.mpt",.mpt,PEIS,"Electrochemical data from technique PEIS in TR-PEIS procedure for PEM-WE in open cathode configuration with OCV time gap 60 s, with PEIS frequency in between 650Hz and 100Hz."
726,VZ2_062_021_UK_D_0726_v2.mpt,open_cell_time_gaps,"1,46 V different time gaps open cell\L_14_Loopeis 1,46V_60s_4_PEIS from 650Hz to 100Hz_16_OCV_C01.mpt",.mpt,OCV,"Electrochemical data from technique OCV in TR-PEIS procedure for PEM-WE in open cathode configuration with OCV time gap 60 s, with PEIS frequency in between 650Hz and 100Hz."
727,VZ2_062_021_UK_D_0727_v2.mpt,open_cell_time_gaps,"1,46 V different time gaps open cell\L_14_Loopeis 1,46V_60s_4_PEIS from 650Hz to 100Hz_17_CA_C01.mpt",.mpt,CA,"Electrochemical data from technique CA in TR-PEIS procedure for PEM-WE in open cathode configuration with OCV time gap 60 s, with PEIS frequency in between 650Hz and 100Hz."
728,VZ2_062_021_UK_D_0728_v2.mpt,open_cell_time_gaps,"1,46 V different time gaps open cell\L_14_Loopeis 1,46V_60s_4_PEIS from 650Hz to 100Hz_18_OCV_C01.mpt",.mpt,OCV,"Electrochemical data from technique OCV in TR-PEIS procedure for PEM-WE in open cathode configuration with OCV time gap 60 s, with PEIS frequency in between 650Hz and 100Hz."
729,VZ2_062_021_UK_D_0729_v2.mpt,open_cell_time_gaps,"1,46 V different time gaps open cell\L_14_Loopeis 1,46V_60s_4_PEIS from 650Hz to 100Hz_19_PEIS_C01.mpt",.mpt,PEIS,"Electrochemical data from technique PEIS in TR-PEIS procedure for PEM-WE in open cathode configuration with OCV time gap 60 s, with PEIS frequency in between 650Hz and 100Hz."
730,VZ2_062_021_UK_D_0730_v2.mpt,open_cell_time_gaps,"1,46 V different time gaps open cell\L_14_Loopeis 1,46V_60s_4_PEIS from 650Hz to 100Hz_20_OCV_C01.mpt",.mpt,OCV,"Electrochemical data from technique OCV in TR-PEIS procedure for PEM-WE in open cathode configuration with OCV time gap 60 s, with PEIS frequency in between 650Hz and 100Hz."
731,VZ2_062_021_UK_D_0731_v2.mpt,open_cell_time_gaps,"1,46 V different time gaps open cell\L_15_Loopeis 1,46V_60s_5_PEIS from 65Hz to 10Hz_01_CA_C01.mpt",.mpt,CA,"Electrochemical data from technique CA in TR-PEIS procedure for PEM-WE in open cathode configuration with OCV time gap 60 s, with PEIS frequency in between 65Hz and 10Hz."
732,VZ2_062_021_UK_D_0732_v2.mpt,open_cell_time_gaps,"1,46 V different time gaps open cell\L_15_Loopeis 1,46V_60s_5_PEIS from 65Hz to 10Hz_02_OCV_C01.mpt",.mpt,OCV,"Electrochemical data from technique OCV in TR-PEIS procedure for PEM-WE in open cathode configuration with OCV time gap 60 s, with PEIS frequency in between 65Hz and 10Hz."
733,VZ2_062_021_UK_D_0733_v2.mpt,open_cell_time_gaps,"1,46 V different time gaps open cell\L_15_Loopeis 1,46V_60s_5_PEIS from 65Hz to 10Hz_03_PEIS_C01.mpt",.mpt,PEIS,"Electrochemical data from technique PEIS in TR-PEIS procedure for PEM-WE in open cathode configuration with OCV time gap 60 s, with PEIS frequency in between 65Hz and 10Hz."
734,VZ2_062_021_UK_D_0734_v2.mpt,open_cell_time_gaps,"1,46 V different time gaps open cell\L_15_Loopeis 1,46V_60s_5_PEIS from 65Hz to 10Hz_04_OCV_C01.mpt",.mpt,OCV,"Electrochemical data from technique OCV in TR-PEIS procedure for PEM-WE in open cathode configuration with OCV time gap 60 s, with PEIS frequency in between 65Hz and 10Hz."
735,VZ2_062_021_UK_D_0735_v2.mpt,open_cell_time_gaps,"1,46 V different time gaps open cell\L_15_Loopeis 1,46V_60s_5_PEIS from 65Hz to 10Hz_05_CA_C01.mpt",.mpt,CA,"Electrochemical data from technique CA in TR-PEIS procedure for PEM-WE in open cathode configuration with OCV time gap 60 s, with PEIS frequency in between 65Hz and 10Hz."
736,VZ2_062_021_UK_D_0736_v2.mpt,open_cell_time_gaps,"1,46 V different time gaps open cell\L_15_Loopeis 1,46V_60s_5_PEIS from 65Hz to 10Hz_06_OCV_C01.mpt",.mpt,OCV,"Electrochemical data from technique OCV in TR-PEIS procedure for PEM-WE in open cathode configuration with OCV time gap 60 s, with PEIS frequency in between 65Hz and 10Hz."
737,VZ2_062_021_UK_D_0737_v2.mpt,open_cell_time_gaps,"1,46 V different time gaps open cell\L_15_Loopeis 1,46V_60s_5_PEIS from 65Hz to 10Hz_07_PEIS_C01.mpt",.mpt,PEIS,"Electrochemical data from technique PEIS in TR-PEIS procedure for PEM-WE in open cathode configuration with OCV time gap 60 s, with PEIS frequency in between 65Hz and 10Hz."
738,VZ2_062_021_UK_D_0738_v2.mpt,open_cell_time_gaps,"1,46 V different time gaps open cell\L_15_Loopeis 1,46V_60s_5_PEIS from 65Hz to 10Hz_08_OCV_C01.mpt",.mpt,OCV,"Electrochemical data from technique OCV in TR-PEIS procedure for PEM-WE in open cathode configuration with OCV time gap 60 s, with PEIS frequency in between 65Hz and 10Hz."
739,VZ2_062_021_UK_D_0739_v2.mpt,open_cell_time_gaps,"1,46 V different time gaps open cell\L_15_Loopeis 1,46V_60s_5_PEIS from 65Hz to 10Hz_09_CA_C01.mpt",.mpt,CA,"Electrochemical data from technique CA in TR-PEIS procedure for PEM-WE in open cathode configuration with OCV time gap 60 s, with PEIS frequency in between 65Hz and 10Hz."
740,VZ2_062_021_UK_D_0740_v2.mpt,open_cell_time_gaps,"1,46 V different time gaps open cell\L_15_Loopeis 1,46V_60s_5_PEIS from 65Hz to 10Hz_10_OCV_C01.mpt",.mpt,OCV,"Electrochemical data from technique OCV in TR-PEIS procedure for PEM-WE in open cathode configuration with OCV time gap 60 s, with PEIS frequency in between 65Hz and 10Hz."
741,VZ2_062_021_UK_D_0741_v2.mpt,open_cell_time_gaps,"1,46 V different time gaps open cell\L_15_Loopeis 1,46V_60s_5_PEIS from 65Hz to 10Hz_11_PEIS_C01.mpt",.mpt,PEIS,"Electrochemical data from technique PEIS in TR-PEIS procedure for PEM-WE in open cathode configuration with OCV time gap 60 s, with PEIS frequency in between 65Hz and 10Hz."
742,VZ2_062_021_UK_D_0742_v2.mpt,open_cell_time_gaps,"1,46 V different time gaps open cell\L_15_Loopeis 1,46V_60s_5_PEIS from 65Hz to 10Hz_12_OCV_C01.mpt",.mpt,OCV,"Electrochemical data from technique OCV in TR-PEIS procedure for PEM-WE in open cathode configuration with OCV time gap 60 s, with PEIS frequency in between 65Hz and 10Hz."
743,VZ2_062_021_UK_D_0743_v2.mpt,open_cell_time_gaps,"1,46 V different time gaps open cell\L_15_Loopeis 1,46V_60s_5_PEIS from 65Hz to 10Hz_13_CA_C01.mpt",.mpt,CA,"Electrochemical data from technique CA in TR-PEIS procedure for PEM-WE in open cathode configuration with OCV time gap 60 s, with PEIS frequency in between 65Hz and 10Hz."
744,VZ2_062_021_UK_D_0744_v2.mpt,open_cell_time_gaps,"1,46 V different time gaps open cell\L_15_Loopeis 1,46V_60s_5_PEIS from 65Hz to 10Hz_14_OCV_C01.mpt",.mpt,OCV,"Electrochemical data from technique OCV in TR-PEIS procedure for PEM-WE in open cathode configuration with OCV time gap 60 s, with PEIS frequency in between 65Hz and 10Hz."
745,VZ2_062_021_UK_D_0745_v2.mpt,open_cell_time_gaps,"1,46 V different time gaps open cell\L_15_Loopeis 1,46V_60s_5_PEIS from 65Hz to 10Hz_15_PEIS_C01.mpt",.mpt,PEIS,"Electrochemical data from technique PEIS in TR-PEIS procedure for PEM-WE in open cathode configuration with OCV time gap 60 s, with PEIS frequency in between 65Hz and 10Hz."
746,VZ2_062_021_UK_D_0746_v2.mpt,open_cell_time_gaps,"1,46 V different time gaps open cell\L_15_Loopeis 1,46V_60s_5_PEIS from 65Hz to 10Hz_16_OCV_C01.mpt",.mpt,OCV,"Electrochemical data from technique OCV in TR-PEIS procedure for PEM-WE in open cathode configuration with OCV time gap 60 s, with PEIS frequency in between 65Hz and 10Hz."
747,VZ2_062_021_UK_D_0747_v2.mpt,open_cell_time_gaps,"1,46 V different time gaps open cell\L_15_Loopeis 1,46V_60s_5_PEIS from 65Hz to 10Hz_17_CA_C01.mpt",.mpt,CA,"Electrochemical data from technique CA in TR-PEIS procedure for PEM-WE in open cathode configuration with OCV time gap 60 s, with PEIS frequency in between 65Hz and 10Hz."
748,VZ2_062_021_UK_D_0748_v2.mpt,open_cell_time_gaps,"1,46 V different time gaps open cell\L_15_Loopeis 1,46V_60s_5_PEIS from 65Hz to 10Hz_18_OCV_C01.mpt",.mpt,OCV,"Electrochemical data from technique OCV in TR-PEIS procedure for PEM-WE in open cathode configuration with OCV time gap 60 s, with PEIS frequency in between 65Hz and 10Hz."
749,VZ2_062_021_UK_D_0749_v2.mpt,open_cell_time_gaps,"1,46 V different time gaps open cell\L_15_Loopeis 1,46V_60s_5_PEIS from 65Hz to 10Hz_19_PEIS_C01.mpt",.mpt,PEIS,"Electrochemical data from technique PEIS in TR-PEIS procedure for PEM-WE in open cathode configuration with OCV time gap 60 s, with PEIS frequency in between 65Hz and 10Hz."
750,VZ2_062_021_UK_D_0750_v2.mpt,open_cell_time_gaps,"1,46 V different time gaps open cell\L_15_Loopeis 1,46V_60s_5_PEIS from 65Hz to 10Hz_20_OCV_C01.mpt",.mpt,OCV,"Electrochemical data from technique OCV in TR-PEIS procedure for PEM-WE in open cathode configuration with OCV time gap 60 s, with PEIS frequency in between 65Hz and 10Hz."
751,VZ2_062_021_UK_D_0751_v2.mpt,open_cell_time_gaps,"1,46 V different time gaps open cell\L_16_Loopeis 1,46V_90s_1_initial_loops_01_CA_C01.mpt",.mpt,CA,"Electrochemical data from technique CA in TR-PEIS procedure for PEM-WE in open cathode configuration with OCV time gap 90 s, initial loops."
752,VZ2_062_021_UK_D_0752_v2.mpt,open_cell_time_gaps,"1,46 V different time gaps open cell\L_16_Loopeis 1,46V_90s_1_initial_loops_02_OCV_C01.mpt",.mpt,OCV,"Electrochemical data from technique OCV in TR-PEIS procedure for PEM-WE in open cathode configuration with OCV time gap 90 s, initial loops."
753,VZ2_062_021_UK_D_0753_v2.mpt,open_cell_time_gaps,"1,46 V different time gaps open cell\L_17_Loopeis 1,46V_90s_2_PEIS from 65kHz to 10kHz_01_CA_C01.mpt",.mpt,CA,"Electrochemical data from technique CA in TR-PEIS procedure for PEM-WE in open cathode configuration with OCV time gap 90 s, with PEIS frequency in between 65kHz and 10kHz."
754,VZ2_062_021_UK_D_0754_v2.mpt,open_cell_time_gaps,"1,46 V different time gaps open cell\L_17_Loopeis 1,46V_90s_2_PEIS from 65kHz to 10kHz_02_OCV_C01.mpt",.mpt,OCV,"Electrochemical data from technique OCV in TR-PEIS procedure for PEM-WE in open cathode configuration with OCV time gap 90 s, with PEIS frequency in between 65kHz and 10kHz."
755,VZ2_062_021_UK_D_0755_v2.mpt,open_cell_time_gaps,"1,46 V different time gaps open cell\L_17_Loopeis 1,46V_90s_2_PEIS from 65kHz to 10kHz_03_PEIS_C01.mpt",.mpt,PEIS,"Electrochemical data from technique PEIS in TR-PEIS procedure for PEM-WE in open cathode configuration with OCV time gap 90 s, with PEIS frequency in between 65kHz and 10kHz."
756,VZ2_062_021_UK_D_0756_v2.mpt,open_cell_time_gaps,"1,46 V different time gaps open cell\L_17_Loopeis 1,46V_90s_2_PEIS from 65kHz to 10kHz_04_OCV_C01.mpt",.mpt,OCV,"Electrochemical data from technique OCV in TR-PEIS procedure for PEM-WE in open cathode configuration with OCV time gap 90 s, with PEIS frequency in between 65kHz and 10kHz."
757,VZ2_062_021_UK_D_0757_v2.mpt,open_cell_time_gaps,"1,46 V different time gaps open cell\L_17_Loopeis 1,46V_90s_2_PEIS from 65kHz to 10kHz_05_CA_C01.mpt",.mpt,CA,"Electrochemical data from technique CA in TR-PEIS procedure for PEM-WE in open cathode configuration with OCV time gap 90 s, with PEIS frequency in between 65kHz and 10kHz."
758,VZ2_062_021_UK_D_0758_v2.mpt,open_cell_time_gaps,"1,46 V different time gaps open cell\L_17_Loopeis 1,46V_90s_2_PEIS from 65kHz to 10kHz_06_OCV_C01.mpt",.mpt,OCV,"Electrochemical data from technique OCV in TR-PEIS procedure for PEM-WE in open cathode configuration with OCV time gap 90 s, with PEIS frequency in between 65kHz and 10kHz."
759,VZ2_062_021_UK_D_0759_v2.mpt,open_cell_time_gaps,"1,46 V different time gaps open cell\L_17_Loopeis 1,46V_90s_2_PEIS from 65kHz to 10kHz_07_PEIS_C01.mpt",.mpt,PEIS,"Electrochemical data from technique PEIS in TR-PEIS procedure for PEM-WE in open cathode configuration with OCV time gap 90 s, with PEIS frequency in between 65kHz and 10kHz."
760,VZ2_062_021_UK_D_0760_v2.mpt,open_cell_time_gaps,"1,46 V different time gaps open cell\L_17_Loopeis 1,46V_90s_2_PEIS from 65kHz to 10kHz_08_OCV_C01.mpt",.mpt,OCV,"Electrochemical data from technique OCV in TR-PEIS procedure for PEM-WE in open cathode configuration with OCV time gap 90 s, with PEIS frequency in between 65kHz and 10kHz."
761,VZ2_062_021_UK_D_0761_v2.mpt,open_cell_time_gaps,"1,46 V different time gaps open cell\L_17_Loopeis 1,46V_90s_2_PEIS from 65kHz to 10kHz_09_CA_C01.mpt",.mpt,CA,"Electrochemical data from technique CA in TR-PEIS procedure for PEM-WE in open cathode configuration with OCV time gap 90 s, with PEIS frequency in between 65kHz and 10kHz."
762,VZ2_062_021_UK_D_0762_v2.mpt,open_cell_time_gaps,"1,46 V different time gaps open cell\L_17_Loopeis 1,46V_90s_2_PEIS from 65kHz to 10kHz_10_OCV_C01.mpt",.mpt,OCV,"Electrochemical data from technique OCV in TR-PEIS procedure for PEM-WE in open cathode configuration with OCV time gap 90 s, with PEIS frequency in between 65kHz and 10kHz."
763,VZ2_062_021_UK_D_0763_v2.mpt,open_cell_time_gaps,"1,46 V different time gaps open cell\L_17_Loopeis 1,46V_90s_2_PEIS from 65kHz to 10kHz_11_PEIS_C01.mpt",.mpt,PEIS,"Electrochemical data from technique PEIS in TR-PEIS procedure for PEM-WE in open cathode configuration with OCV time gap 90 s, with PEIS frequency in between 65kHz and 10kHz."
764,VZ2_062_021_UK_D_0764_v2.mpt,open_cell_time_gaps,"1,46 V different time gaps open cell\L_17_Loopeis 1,46V_90s_2_PEIS from 65kHz to 10kHz_12_OCV_C01.mpt",.mpt,OCV,"Electrochemical data from technique OCV in TR-PEIS procedure for PEM-WE in open cathode configuration with OCV time gap 90 s, with PEIS frequency in between 65kHz and 10kHz."
765,VZ2_062_021_UK_D_0765_v2.mpt,open_cell_time_gaps,"1,46 V different time gaps open cell\L_17_Loopeis 1,46V_90s_2_PEIS from 65kHz to 10kHz_13_CA_C01.mpt",.mpt,CA,"Electrochemical data from technique CA in TR-PEIS procedure for PEM-WE in open cathode configuration with OCV time gap 90 s, with PEIS frequency in between 65kHz and 10kHz."
766,VZ2_062_021_UK_D_0766_v2.mpt,open_cell_time_gaps,"1,46 V different time gaps open cell\L_17_Loopeis 1,46V_90s_2_PEIS from 65kHz to 10kHz_14_OCV_C01.mpt",.mpt,OCV,"Electrochemical data from technique OCV in TR-PEIS procedure for PEM-WE in open cathode configuration with OCV time gap 90 s, with PEIS frequency in between 65kHz and 10kHz."
767,VZ2_062_021_UK_D_0767_v2.mpt,open_cell_time_gaps,"1,46 V different time gaps open cell\L_17_Loopeis 1,46V_90s_2_PEIS from 65kHz to 10kHz_15_PEIS_C01.mpt",.mpt,PEIS,"Electrochemical data from technique PEIS in TR-PEIS procedure for PEM-WE in open cathode configuration with OCV time gap 90 s, with PEIS frequency in between 65kHz and 10kHz."
768,VZ2_062_021_UK_D_0768_v2.mpt,open_cell_time_gaps,"1,46 V different time gaps open cell\L_17_Loopeis 1,46V_90s_2_PEIS from 65kHz to 10kHz_16_OCV_C01.mpt",.mpt,OCV,"Electrochemical data from technique OCV in TR-PEIS procedure for PEM-WE in open cathode configuration with OCV time gap 90 s, with PEIS frequency in between 65kHz and 10kHz."
769,VZ2_062_021_UK_D_0769_v2.mpt,open_cell_time_gaps,"1,46 V different time gaps open cell\L_17_Loopeis 1,46V_90s_2_PEIS from 65kHz to 10kHz_17_CA_C01.mpt",.mpt,CA,"Electrochemical data from technique CA in TR-PEIS procedure for PEM-WE in open cathode configuration with OCV time gap 90 s, with PEIS frequency in between 65kHz and 10kHz."
770,VZ2_062_021_UK_D_0770_v2.mpt,open_cell_time_gaps,"1,46 V different time gaps open cell\L_17_Loopeis 1,46V_90s_2_PEIS from 65kHz to 10kHz_18_OCV_C01.mpt",.mpt,OCV,"Electrochemical data from technique OCV in TR-PEIS procedure for PEM-WE in open cathode configuration with OCV time gap 90 s, with PEIS frequency in between 65kHz and 10kHz."
771,VZ2_062_021_UK_D_0771_v2.mpt,open_cell_time_gaps,"1,46 V different time gaps open cell\L_17_Loopeis 1,46V_90s_2_PEIS from 65kHz to 10kHz_19_PEIS_C01.mpt",.mpt,PEIS,"Electrochemical data from technique PEIS in TR-PEIS procedure for PEM-WE in open cathode configuration with OCV time gap 90 s, with PEIS frequency in between 65kHz and 10kHz."
772,VZ2_062_021_UK_D_0772_v2.mpt,open_cell_time_gaps,"1,46 V different time gaps open cell\L_17_Loopeis 1,46V_90s_2_PEIS from 65kHz to 10kHz_20_OCV_C01.mpt",.mpt,OCV,"Electrochemical data from technique OCV in TR-PEIS procedure for PEM-WE in open cathode configuration with OCV time gap 90 s, with PEIS frequency in between 65kHz and 10kHz."
773,VZ2_062_021_UK_D_0773_v2.mpt,open_cell_time_gaps,"1,46 V different time gaps open cell\L_18_Loopeis 1,46V_90s_3_PEIS from 6500Hz to 1000Hz_01_CA_C01.mpt",.mpt,CA,"Electrochemical data from technique CA in TR-PEIS procedure for PEM-WE in open cathode configuration with OCV time gap 90 s, with PEIS frequency in between 6500Hz and 1000Hz."
774,VZ2_062_021_UK_D_0774_v2.mpt,open_cell_time_gaps,"1,46 V different time gaps open cell\L_18_Loopeis 1,46V_90s_3_PEIS from 6500Hz to 1000Hz_02_OCV_C01.mpt",.mpt,OCV,"Electrochemical data from technique OCV in TR-PEIS procedure for PEM-WE in open cathode configuration with OCV time gap 90 s, with PEIS frequency in between 6500Hz and 1000Hz."
775,VZ2_062_021_UK_D_0775_v2.mpt,open_cell_time_gaps,"1,46 V different time gaps open cell\L_18_Loopeis 1,46V_90s_3_PEIS from 6500Hz to 1000Hz_03_PEIS_C01.mpt",.mpt,PEIS,"Electrochemical data from technique PEIS in TR-PEIS procedure for PEM-WE in open cathode configuration with OCV time gap 90 s, with PEIS frequency in between 6500Hz and 1000Hz."
776,VZ2_062_021_UK_D_0776_v2.mpt,open_cell_time_gaps,"1,46 V different time gaps open cell\L_18_Loopeis 1,46V_90s_3_PEIS from 6500Hz to 1000Hz_04_OCV_C01.mpt",.mpt,OCV,"Electrochemical data from technique OCV in TR-PEIS procedure for PEM-WE in open cathode configuration with OCV time gap 90 s, with PEIS frequency in between 6500Hz and 1000Hz."
777,VZ2_062_021_UK_D_0777_v2.mpt,open_cell_time_gaps,"1,46 V different time gaps open cell\L_18_Loopeis 1,46V_90s_3_PEIS from 6500Hz to 1000Hz_05_CA_C01.mpt",.mpt,CA,"Electrochemical data from technique CA in TR-PEIS procedure for PEM-WE in open cathode configuration with OCV time gap 90 s, with PEIS frequency in between 6500Hz and 1000Hz."
778,VZ2_062_021_UK_D_0778_v2.mpt,open_cell_time_gaps,"1,46 V different time gaps open cell\L_18_Loopeis 1,46V_90s_3_PEIS from 6500Hz to 1000Hz_06_OCV_C01.mpt",.mpt,OCV,"Electrochemical data from technique OCV in TR-PEIS procedure for PEM-WE in open cathode configuration with OCV time gap 90 s, with PEIS frequency in between 6500Hz and 1000Hz."
779,VZ2_062_021_UK_D_0779_v2.mpt,open_cell_time_gaps,"1,46 V different time gaps open cell\L_18_Loopeis 1,46V_90s_3_PEIS from 6500Hz to 1000Hz_07_PEIS_C01.mpt",.mpt,PEIS,"Electrochemical data from technique PEIS in TR-PEIS procedure for PEM-WE in open cathode configuration with OCV time gap 90 s, with PEIS frequency in between 6500Hz and 1000Hz."
780,VZ2_062_021_UK_D_0780_v2.mpt,open_cell_time_gaps,"1,46 V different time gaps open cell\L_18_Loopeis 1,46V_90s_3_PEIS from 6500Hz to 1000Hz_08_OCV_C01.mpt",.mpt,OCV,"Electrochemical data from technique OCV in TR-PEIS procedure for PEM-WE in open cathode configuration with OCV time gap 90 s, with PEIS frequency in between 6500Hz and 1000Hz."
781,VZ2_062_021_UK_D_0781_v2.mpt,open_cell_time_gaps,"1,46 V different time gaps open cell\L_18_Loopeis 1,46V_90s_3_PEIS from 6500Hz to 1000Hz_09_CA_C01.mpt",.mpt,CA,"Electrochemical data from technique CA in TR-PEIS procedure for PEM-WE in open cathode configuration with OCV time gap 90 s, with PEIS frequency in between 6500Hz and 1000Hz."
782,VZ2_062_021_UK_D_0782_v2.mpt,open_cell_time_gaps,"1,46 V different time gaps open cell\L_18_Loopeis 1,46V_90s_3_PEIS from 6500Hz to 1000Hz_10_OCV_C01.mpt",.mpt,OCV,"Electrochemical data from technique OCV in TR-PEIS procedure for PEM-WE in open cathode configuration with OCV time gap 90 s, with PEIS frequency in between 6500Hz and 1000Hz."
783,VZ2_062_021_UK_D_0783_v2.mpt,open_cell_time_gaps,"1,46 V different time gaps open cell\L_18_Loopeis 1,46V_90s_3_PEIS from 6500Hz to 1000Hz_11_PEIS_C01.mpt",.mpt,PEIS,"Electrochemical data from technique PEIS in TR-PEIS procedure for PEM-WE in open cathode configuration with OCV time gap 90 s, with PEIS frequency in between 6500Hz and 1000Hz."
784,VZ2_062_021_UK_D_0784_v2.mpt,open_cell_time_gaps,"1,46 V different time gaps open cell\L_18_Loopeis 1,46V_90s_3_PEIS from 6500Hz to 1000Hz_12_OCV_C01.mpt",.mpt,OCV,"Electrochemical data from technique OCV in TR-PEIS procedure for PEM-WE in open cathode configuration with OCV time gap 90 s, with PEIS frequency in between 6500Hz and 1000Hz."
785,VZ2_062_021_UK_D_0785_v2.mpt,open_cell_time_gaps,"1,46 V different time gaps open cell\L_18_Loopeis 1,46V_90s_3_PEIS from 6500Hz to 1000Hz_13_CA_C01.mpt",.mpt,CA,"Electrochemical data from technique CA in TR-PEIS procedure for PEM-WE in open cathode configuration with OCV time gap 90 s, with PEIS frequency in between 6500Hz and 1000Hz."
786,VZ2_062_021_UK_D_0786_v2.mpt,open_cell_time_gaps,"1,46 V different time gaps open cell\L_18_Loopeis 1,46V_90s_3_PEIS from 6500Hz to 1000Hz_14_OCV_C01.mpt",.mpt,OCV,"Electrochemical data from technique OCV in TR-PEIS procedure for PEM-WE in open cathode configuration with OCV time gap 90 s, with PEIS frequency in between 6500Hz and 1000Hz."
787,VZ2_062_021_UK_D_0787_v2.mpt,open_cell_time_gaps,"1,46 V different time gaps open cell\L_18_Loopeis 1,46V_90s_3_PEIS from 6500Hz to 1000Hz_15_PEIS_C01.mpt",.mpt,PEIS,"Electrochemical data from technique PEIS in TR-PEIS procedure for PEM-WE in open cathode configuration with OCV time gap 90 s, with PEIS frequency in between 6500Hz and 1000Hz."
788,VZ2_062_021_UK_D_0788_v2.mpt,open_cell_time_gaps,"1,46 V different time gaps open cell\L_18_Loopeis 1,46V_90s_3_PEIS from 6500Hz to 1000Hz_16_OCV_C01.mpt",.mpt,OCV,"Electrochemical data from technique OCV in TR-PEIS procedure for PEM-WE in open cathode configuration with OCV time gap 90 s, with PEIS frequency in between 6500Hz and 1000Hz."
789,VZ2_062_021_UK_D_0789_v2.mpt,open_cell_time_gaps,"1,46 V different time gaps open cell\L_18_Loopeis 1,46V_90s_3_PEIS from 6500Hz to 1000Hz_17_CA_C01.mpt",.mpt,CA,"Electrochemical data from technique CA in TR-PEIS procedure for PEM-WE in open cathode configuration with OCV time gap 90 s, with PEIS frequency in between 6500Hz and 1000Hz."
790,VZ2_062_021_UK_D_0790_v2.mpt,open_cell_time_gaps,"1,46 V different time gaps open cell\L_18_Loopeis 1,46V_90s_3_PEIS from 6500Hz to 1000Hz_18_OCV_C01.mpt",.mpt,OCV,"Electrochemical data from technique OCV in TR-PEIS procedure for PEM-WE in open cathode configuration with OCV time gap 90 s, with PEIS frequency in between 6500Hz and 1000Hz."
791,VZ2_062_021_UK_D_0791_v2.mpt,open_cell_time_gaps,"1,46 V different time gaps open cell\L_18_Loopeis 1,46V_90s_3_PEIS from 6500Hz to 1000Hz_19_PEIS_C01.mpt",.mpt,PEIS,"Electrochemical data from technique PEIS in TR-PEIS procedure for PEM-WE in open cathode configuration with OCV time gap 90 s, with PEIS frequency in between 6500Hz and 1000Hz."
792,VZ2_062_021_UK_D_0792_v2.mpt,open_cell_time_gaps,"1,46 V different time gaps open cell\L_18_Loopeis 1,46V_90s_3_PEIS from 6500Hz to 1000Hz_20_OCV_C01.mpt",.mpt,OCV,"Electrochemical data from technique OCV in TR-PEIS procedure for PEM-WE in open cathode configuration with OCV time gap 90 s, with PEIS frequency in between 6500Hz and 1000Hz."
793,VZ2_062_021_UK_D_0793_v2.mpt,open_cell_time_gaps,"1,46 V different time gaps open cell\L_19_Loopeis 1,46V_90s_4_PEIS from 650Hz to 100Hz_01_CA_C01.mpt",.mpt,CA,"Electrochemical data from technique CA in TR-PEIS procedure for PEM-WE in open cathode configuration with OCV time gap 90 s, with PEIS frequency in between 650Hz and 100Hz."
794,VZ2_062_021_UK_D_0794_v2.mpt,open_cell_time_gaps,"1,46 V different time gaps open cell\L_19_Loopeis 1,46V_90s_4_PEIS from 650Hz to 100Hz_02_OCV_C01.mpt",.mpt,OCV,"Electrochemical data from technique OCV in TR-PEIS procedure for PEM-WE in open cathode configuration with OCV time gap 90 s, with PEIS frequency in between 650Hz and 100Hz."
795,VZ2_062_021_UK_D_0795_v2.mpt,open_cell_time_gaps,"1,46 V different time gaps open cell\L_19_Loopeis 1,46V_90s_4_PEIS from 650Hz to 100Hz_03_PEIS_C01.mpt",.mpt,PEIS,"Electrochemical data from technique PEIS in TR-PEIS procedure for PEM-WE in open cathode configuration with OCV time gap 90 s, with PEIS frequency in between 650Hz and 100Hz."
796,VZ2_062_021_UK_D_0796_v2.mpt,open_cell_time_gaps,"1,46 V different time gaps open cell\L_19_Loopeis 1,46V_90s_4_PEIS from 650Hz to 100Hz_04_OCV_C01.mpt",.mpt,OCV,"Electrochemical data from technique OCV in TR-PEIS procedure for PEM-WE in open cathode configuration with OCV time gap 90 s, with PEIS frequency in between 650Hz and 100Hz."
797,VZ2_062_021_UK_D_0797_v2.mpt,open_cell_time_gaps,"1,46 V different time gaps open cell\L_19_Loopeis 1,46V_90s_4_PEIS from 650Hz to 100Hz_05_CA_C01.mpt",.mpt,CA,"Electrochemical data from technique CA in TR-PEIS procedure for PEM-WE in open cathode configuration with OCV time gap 90 s, with PEIS frequency in between 650Hz and 100Hz."
798,VZ2_062_021_UK_D_0798_v2.mpt,open_cell_time_gaps,"1,46 V different time gaps open cell\L_19_Loopeis 1,46V_90s_4_PEIS from 650Hz to 100Hz_06_OCV_C01.mpt",.mpt,OCV,"Electrochemical data from technique OCV in TR-PEIS procedure for PEM-WE in open cathode configuration with OCV time gap 90 s, with PEIS frequency in between 650Hz and 100Hz."
799,VZ2_062_021_UK_D_0799_v2.mpt,open_cell_time_gaps,"1,46 V different time gaps open cell\L_19_Loopeis 1,46V_90s_4_PEIS from 650Hz to 100Hz_07_PEIS_C01.mpt",.mpt,PEIS,"Electrochemical data from technique PEIS in TR-PEIS procedure for PEM-WE in open cathode configuration with OCV time gap 90 s, with PEIS frequency in between 650Hz and 100Hz."
800,VZ2_062_021_UK_D_0800_v2.mpt,open_cell_time_gaps,"1,46 V different time gaps open cell\L_19_Loopeis 1,46V_90s_4_PEIS from 650Hz to 100Hz_08_OCV_C01.mpt",.mpt,OCV,"Electrochemical data from technique OCV in TR-PEIS procedure for PEM-WE in open cathode configuration with OCV time gap 90 s, with PEIS frequency in between 650Hz and 100Hz."
801,VZ2_062_021_UK_D_0801_v2.mpt,open_cell_time_gaps,"1,46 V different time gaps open cell\L_19_Loopeis 1,46V_90s_4_PEIS from 650Hz to 100Hz_09_CA_C01.mpt",.mpt,CA,"Electrochemical data from technique CA in TR-PEIS procedure for PEM-WE in open cathode configuration with OCV time gap 90 s, with PEIS frequency in between 650Hz and 100Hz."
802,VZ2_062_021_UK_D_0802_v2.mpt,open_cell_time_gaps,"1,46 V different time gaps open cell\L_19_Loopeis 1,46V_90s_4_PEIS from 650Hz to 100Hz_10_OCV_C01.mpt",.mpt,OCV,"Electrochemical data from technique OCV in TR-PEIS procedure for PEM-WE in open cathode configuration with OCV time gap 90 s, with PEIS frequency in between 650Hz and 100Hz."
803,VZ2_062_021_UK_D_0803_v2.mpt,open_cell_time_gaps,"1,46 V different time gaps open cell\L_19_Loopeis 1,46V_90s_4_PEIS from 650Hz to 100Hz_11_PEIS_C01.mpt",.mpt,PEIS,"Electrochemical data from technique PEIS in TR-PEIS procedure for PEM-WE in open cathode configuration with OCV time gap 90 s, with PEIS frequency in between 650Hz and 100Hz."
804,VZ2_062_021_UK_D_0804_v2.mpt,open_cell_time_gaps,"1,46 V different time gaps open cell\L_19_Loopeis 1,46V_90s_4_PEIS from 650Hz to 100Hz_12_OCV_C01.mpt",.mpt,OCV,"Electrochemical data from technique OCV in TR-PEIS procedure for PEM-WE in open cathode configuration with OCV time gap 90 s, with PEIS frequency in between 650Hz and 100Hz."
805,VZ2_062_021_UK_D_0805_v2.mpt,open_cell_time_gaps,"1,46 V different time gaps open cell\L_19_Loopeis 1,46V_90s_4_PEIS from 650Hz to 100Hz_13_CA_C01.mpt",.mpt,CA,"Electrochemical data from technique CA in TR-PEIS procedure for PEM-WE in open cathode configuration with OCV time gap 90 s, with PEIS frequency in between 650Hz and 100Hz."
806,VZ2_062_021_UK_D_0806_v2.mpt,open_cell_time_gaps,"1,46 V different time gaps open cell\L_19_Loopeis 1,46V_90s_4_PEIS from 650Hz to 100Hz_14_OCV_C01.mpt",.mpt,OCV,"Electrochemical data from technique OCV in TR-PEIS procedure for PEM-WE in open cathode configuration with OCV time gap 90 s, with PEIS frequency in between 650Hz and 100Hz."
807,VZ2_062_021_UK_D_0807_v2.mpt,open_cell_time_gaps,"1,46 V different time gaps open cell\L_19_Loopeis 1,46V_90s_4_PEIS from 650Hz to 100Hz_15_PEIS_C01.mpt",.mpt,PEIS,"Electrochemical data from technique PEIS in TR-PEIS procedure for PEM-WE in open cathode configuration with OCV time gap 90 s, with PEIS frequency in between 650Hz and 100Hz."
808,VZ2_062_021_UK_D_0808_v2.mpt,open_cell_time_gaps,"1,46 V different time gaps open cell\L_19_Loopeis 1,46V_90s_4_PEIS from 650Hz to 100Hz_16_OCV_C01.mpt",.mpt,OCV,"Electrochemical data from technique OCV in TR-PEIS procedure for PEM-WE in open cathode configuration with OCV time gap 90 s, with PEIS frequency in between 650Hz and 100Hz."
809,VZ2_062_021_UK_D_0809_v2.mpt,open_cell_time_gaps,"1,46 V different time gaps open cell\L_19_Loopeis 1,46V_90s_4_PEIS from 650Hz to 100Hz_17_CA_C01.mpt",.mpt,CA,"Electrochemical data from technique CA in TR-PEIS procedure for PEM-WE in open cathode configuration with OCV time gap 90 s, with PEIS frequency in between 650Hz and 100Hz."
810,VZ2_062_021_UK_D_0810_v2.mpt,open_cell_time_gaps,"1,46 V different time gaps open cell\L_19_Loopeis 1,46V_90s_4_PEIS from 650Hz to 100Hz_18_OCV_C01.mpt",.mpt,OCV,"Electrochemical data from technique OCV in TR-PEIS procedure for PEM-WE in open cathode configuration with OCV time gap 90 s, with PEIS frequency in between 650Hz and 100Hz."
811,VZ2_062_021_UK_D_0811_v2.mpt,open_cell_time_gaps,"1,46 V different time gaps open cell\L_19_Loopeis 1,46V_90s_4_PEIS from 650Hz to 100Hz_19_PEIS_C01.mpt",.mpt,PEIS,"Electrochemical data from technique PEIS in TR-PEIS procedure for PEM-WE in open cathode configuration with OCV time gap 90 s, with PEIS frequency in between 650Hz and 100Hz."
812,VZ2_062_021_UK_D_0812_v2.mpt,open_cell_time_gaps,"1,46 V different time gaps open cell\L_19_Loopeis 1,46V_90s_4_PEIS from 650Hz to 100Hz_20_OCV_C01.mpt",.mpt,OCV,"Electrochemical data from technique OCV in TR-PEIS procedure for PEM-WE in open cathode configuration with OCV time gap 90 s, with PEIS frequency in between 650Hz and 100Hz."
813,VZ2_062_021_UK_D_0813_v2.mpt,open_cell_time_gaps,"1,46 V different time gaps open cell\L_20_Loopeis 1,46V_90s_5_PEIS from 65Hz to 10Hz_01_CA_C01.mpt",.mpt,CA,"Electrochemical data from technique CA in TR-PEIS procedure for PEM-WE in open cathode configuration with OCV time gap 90 s, with PEIS frequency in between 65Hz and 10Hz."
814,VZ2_062_021_UK_D_0814_v2.mpt,open_cell_time_gaps,"1,46 V different time gaps open cell\L_20_Loopeis 1,46V_90s_5_PEIS from 65Hz to 10Hz_02_OCV_C01.mpt",.mpt,OCV,"Electrochemical data from technique OCV in TR-PEIS procedure for PEM-WE in open cathode configuration with OCV time gap 90 s, with PEIS frequency in between 65Hz and 10Hz."
815,VZ2_062_021_UK_D_0815_v2.mpt,open_cell_time_gaps,"1,46 V different time gaps open cell\L_20_Loopeis 1,46V_90s_5_PEIS from 65Hz to 10Hz_03_PEIS_C01.mpt",.mpt,PEIS,"Electrochemical data from technique PEIS in TR-PEIS procedure for PEM-WE in open cathode configuration with OCV time gap 90 s, with PEIS frequency in between 65Hz and 10Hz."
816,VZ2_062_021_UK_D_0816_v2.mpt,open_cell_time_gaps,"1,46 V different time gaps open cell\L_20_Loopeis 1,46V_90s_5_PEIS from 65Hz to 10Hz_04_OCV_C01.mpt",.mpt,OCV,"Electrochemical data from technique OCV in TR-PEIS procedure for PEM-WE in open cathode configuration with OCV time gap 90 s, with PEIS frequency in between 65Hz and 10Hz."
817,VZ2_062_021_UK_D_0817_v2.mpt,open_cell_time_gaps,"1,46 V different time gaps open cell\L_20_Loopeis 1,46V_90s_5_PEIS from 65Hz to 10Hz_05_CA_C01.mpt",.mpt,CA,"Electrochemical data from technique CA in TR-PEIS procedure for PEM-WE in open cathode configuration with OCV time gap 90 s, with PEIS frequency in between 65Hz and 10Hz."
818,VZ2_062_021_UK_D_0818_v2.mpt,open_cell_time_gaps,"1,46 V different time gaps open cell\L_20_Loopeis 1,46V_90s_5_PEIS from 65Hz to 10Hz_06_OCV_C01.mpt",.mpt,OCV,"Electrochemical data from technique OCV in TR-PEIS procedure for PEM-WE in open cathode configuration with OCV time gap 90 s, with PEIS frequency in between 65Hz and 10Hz."
819,VZ2_062_021_UK_D_0819_v2.mpt,open_cell_time_gaps,"1,46 V different time gaps open cell\L_20_Loopeis 1,46V_90s_5_PEIS from 65Hz to 10Hz_07_PEIS_C01.mpt",.mpt,PEIS,"Electrochemical data from technique PEIS in TR-PEIS procedure for PEM-WE in open cathode configuration with OCV time gap 90 s, with PEIS frequency in between 65Hz and 10Hz."
820,VZ2_062_021_UK_D_0820_v2.mpt,open_cell_time_gaps,"1,46 V different time gaps open cell\L_20_Loopeis 1,46V_90s_5_PEIS from 65Hz to 10Hz_08_OCV_C01.mpt",.mpt,OCV,"Electrochemical data from technique OCV in TR-PEIS procedure for PEM-WE in open cathode configuration with OCV time gap 90 s, with PEIS frequency in between 65Hz and 10Hz."
821,VZ2_062_021_UK_D_0821_v2.mpt,open_cell_time_gaps,"1,46 V different time gaps open cell\L_20_Loopeis 1,46V_90s_5_PEIS from 65Hz to 10Hz_09_CA_C01.mpt",.mpt,CA,"Electrochemical data from technique CA in TR-PEIS procedure for PEM-WE in open cathode configuration with OCV time gap 90 s, with PEIS frequency in between 65Hz and 10Hz."
822,VZ2_062_021_UK_D_0822_v2.mpt,open_cell_time_gaps,"1,46 V different time gaps open cell\L_20_Loopeis 1,46V_90s_5_PEIS from 65Hz to 10Hz_10_OCV_C01.mpt",.mpt,OCV,"Electrochemical data from technique OCV in TR-PEIS procedure for PEM-WE in open cathode configuration with OCV time gap 90 s, with PEIS frequency in between 65Hz and 10Hz."
823,VZ2_062_021_UK_D_0823_v2.mpt,open_cell_time_gaps,"1,46 V different time gaps open cell\L_20_Loopeis 1,46V_90s_5_PEIS from 65Hz to 10Hz_11_PEIS_C01.mpt",.mpt,PEIS,"Electrochemical data from technique PEIS in TR-PEIS procedure for PEM-WE in open cathode configuration with OCV time gap 90 s, with PEIS frequency in between 65Hz and 10Hz."
824,VZ2_062_021_UK_D_0824_v2.mpt,open_cell_time_gaps,"1,46 V different time gaps open cell\L_20_Loopeis 1,46V_90s_5_PEIS from 65Hz to 10Hz_12_OCV_C01.mpt",.mpt,OCV,"Electrochemical data from technique OCV in TR-PEIS procedure for PEM-WE in open cathode configuration with OCV time gap 90 s, with PEIS frequency in between 65Hz and 10Hz."
825,VZ2_062_021_UK_D_0825_v2.mpt,open_cell_time_gaps,"1,46 V different time gaps open cell\L_20_Loopeis 1,46V_90s_5_PEIS from 65Hz to 10Hz_13_CA_C01.mpt",.mpt,CA,"Electrochemical data from technique CA in TR-PEIS procedure for PEM-WE in open cathode configuration with OCV time gap 90 s, with PEIS frequency in between 65Hz and 10Hz."
826,VZ2_062_021_UK_D_0826_v2.mpt,open_cell_time_gaps,"1,46 V different time gaps open cell\L_20_Loopeis 1,46V_90s_5_PEIS from 65Hz to 10Hz_14_OCV_C01.mpt",.mpt,OCV,"Electrochemical data from technique OCV in TR-PEIS procedure for PEM-WE in open cathode configuration with OCV time gap 90 s, with PEIS frequency in between 65Hz and 10Hz."
827,VZ2_062_021_UK_D_0827_v2.mpt,open_cell_time_gaps,"1,46 V different time gaps open cell\L_20_Loopeis 1,46V_90s_5_PEIS from 65Hz to 10Hz_15_PEIS_C01.mpt",.mpt,PEIS,"Electrochemical data from technique PEIS in TR-PEIS procedure for PEM-WE in open cathode configuration with OCV time gap 90 s, with PEIS frequency in between 65Hz and 10Hz."
828,VZ2_062_021_UK_D_0828_v2.mpt,open_cell_time_gaps,"1,46 V different time gaps open cell\L_20_Loopeis 1,46V_90s_5_PEIS from 65Hz to 10Hz_16_OCV_C01.mpt",.mpt,OCV,"Electrochemical data from technique OCV in TR-PEIS procedure for PEM-WE in open cathode configuration with OCV time gap 90 s, with PEIS frequency in between 65Hz and 10Hz."
829,VZ2_062_021_UK_D_0829_v2.mpt,open_cell_time_gaps,"1,46 V different time gaps open cell\L_20_Loopeis 1,46V_90s_5_PEIS from 65Hz to 10Hz_17_CA_C01.mpt",.mpt,CA,"Electrochemical data from technique CA in TR-PEIS procedure for PEM-WE in open cathode configuration with OCV time gap 90 s, with PEIS frequency in between 65Hz and 10Hz."
830,VZ2_062_021_UK_D_0830_v2.mpt,open_cell_time_gaps,"1,46 V different time gaps open cell\L_20_Loopeis 1,46V_90s_5_PEIS from 65Hz to 10Hz_18_OCV_C01.mpt",.mpt,OCV,"Electrochemical data from technique OCV in TR-PEIS procedure for PEM-WE in open cathode configuration with OCV time gap 90 s, with PEIS frequency in between 65Hz and 10Hz."
831,VZ2_062_021_UK_D_0831_v2.mpt,open_cell_time_gaps,"1,46 V different time gaps open cell\L_20_Loopeis 1,46V_90s_5_PEIS from 65Hz to 10Hz_19_PEIS_C01.mpt",.mpt,PEIS,"Electrochemical data from technique PEIS in TR-PEIS procedure for PEM-WE in open cathode configuration with OCV time gap 90 s, with PEIS frequency in between 65Hz and 10Hz."
832,VZ2_062_021_UK_D_0832_v2.mpt,open_cell_time_gaps,"1,46 V different time gaps open cell\L_20_Loopeis 1,46V_90s_5_PEIS from 65Hz to 10Hz_20_OCV_C01.mpt",.mpt,OCV,"Electrochemical data from technique OCV in TR-PEIS procedure for PEM-WE in open cathode configuration with OCV time gap 90 s, with PEIS frequency in between 65Hz and 10Hz."
833,VZ2_062_021_UK_D_0833_v2.mpt,open_cell_time_gaps,"1,46 V different time gaps open cell\L_21_Loopeis 1,46V_120s_1_initial_loops_01_CA_C01.mpt",.mpt,CA,"Electrochemical data from technique CA in TR-PEIS procedure for PEM-WE in open cathode configuration with OCV time gap 120 s, initial loops."
834,VZ2_062_021_UK_D_0834_v2.mpt,open_cell_time_gaps,"1,46 V different time gaps open cell\L_21_Loopeis 1,46V_120s_1_initial_loops_02_OCV_C01.mpt",.mpt,OCV,"Electrochemical data from technique OCV in TR-PEIS procedure for PEM-WE in open cathode configuration with OCV time gap 120 s, initial loops."
835,VZ2_062_021_UK_D_0835_v2.mpt,open_cell_time_gaps,"1,46 V different time gaps open cell\L_22_Loopeis 1,46V_120s_2_PEIS from 65kHz to 10kHz_01_CA_C01.mpt",.mpt,CA,"Electrochemical data from technique CA in TR-PEIS procedure for PEM-WE in open cathode configuration with OCV time gap 120 s, with PEIS frequency in between 65kHz and 10kHz."
836,VZ2_062_021_UK_D_0836_v2.mpt,open_cell_time_gaps,"1,46 V different time gaps open cell\L_22_Loopeis 1,46V_120s_2_PEIS from 65kHz to 10kHz_02_OCV_C01.mpt",.mpt,OCV,"Electrochemical data from technique OCV in TR-PEIS procedure for PEM-WE in open cathode configuration with OCV time gap 120 s, with PEIS frequency in between 65kHz and 10kHz."
837,VZ2_062_021_UK_D_0837_v2.mpt,open_cell_time_gaps,"1,46 V different time gaps open cell\L_22_Loopeis 1,46V_120s_2_PEIS from 65kHz to 10kHz_03_PEIS_C01.mpt",.mpt,PEIS,"Electrochemical data from technique PEIS in TR-PEIS procedure for PEM-WE in open cathode configuration with OCV time gap 120 s, with PEIS frequency in between 65kHz and 10kHz."
838,VZ2_062_021_UK_D_0838_v2.mpt,open_cell_time_gaps,"1,46 V different time gaps open cell\L_22_Loopeis 1,46V_120s_2_PEIS from 65kHz to 10kHz_04_OCV_C01.mpt",.mpt,OCV,"Electrochemical data from technique OCV in TR-PEIS procedure for PEM-WE in open cathode configuration with OCV time gap 120 s, with PEIS frequency in between 65kHz and 10kHz."
839,VZ2_062_021_UK_D_0839_v2.mpt,open_cell_time_gaps,"1,46 V different time gaps open cell\L_22_Loopeis 1,46V_120s_2_PEIS from 65kHz to 10kHz_05_CA_C01.mpt",.mpt,CA,"Electrochemical data from technique CA in TR-PEIS procedure for PEM-WE in open cathode configuration with OCV time gap 120 s, with PEIS frequency in between 65kHz and 10kHz."
840,VZ2_062_021_UK_D_0840_v2.mpt,open_cell_time_gaps,"1,46 V different time gaps open cell\L_22_Loopeis 1,46V_120s_2_PEIS from 65kHz to 10kHz_06_OCV_C01.mpt",.mpt,OCV,"Electrochemical data from technique OCV in TR-PEIS procedure for PEM-WE in open cathode configuration with OCV time gap 120 s, with PEIS frequency in between 65kHz and 10kHz."
841,VZ2_062_021_UK_D_0841_v2.mpt,open_cell_time_gaps,"1,46 V different time gaps open cell\L_22_Loopeis 1,46V_120s_2_PEIS from 65kHz to 10kHz_07_PEIS_C01.mpt",.mpt,PEIS,"Electrochemical data from technique PEIS in TR-PEIS procedure for PEM-WE in open cathode configuration with OCV time gap 120 s, with PEIS frequency in between 65kHz and 10kHz."
842,VZ2_062_021_UK_D_0842_v2.mpt,open_cell_time_gaps,"1,46 V different time gaps open cell\L_22_Loopeis 1,46V_120s_2_PEIS from 65kHz to 10kHz_08_OCV_C01.mpt",.mpt,OCV,"Electrochemical data from technique OCV in TR-PEIS procedure for PEM-WE in open cathode configuration with OCV time gap 120 s, with PEIS frequency in between 65kHz and 10kHz."
843,VZ2_062_021_UK_D_0843_v2.mpt,open_cell_time_gaps,"1,46 V different time gaps open cell\L_22_Loopeis 1,46V_120s_2_PEIS from 65kHz to 10kHz_09_CA_C01.mpt",.mpt,CA,"Electrochemical data from technique CA in TR-PEIS procedure for PEM-WE in open cathode configuration with OCV time gap 120 s, with PEIS frequency in between 65kHz and 10kHz."
844,VZ2_062_021_UK_D_0844_v2.mpt,open_cell_time_gaps,"1,46 V different time gaps open cell\L_22_Loopeis 1,46V_120s_2_PEIS from 65kHz to 10kHz_10_OCV_C01.mpt",.mpt,OCV,"Electrochemical data from technique OCV in TR-PEIS procedure for PEM-WE in open cathode configuration with OCV time gap 120 s, with PEIS frequency in between 65kHz and 10kHz."
845,VZ2_062_021_UK_D_0845_v2.mpt,open_cell_time_gaps,"1,46 V different time gaps open cell\L_22_Loopeis 1,46V_120s_2_PEIS from 65kHz to 10kHz_11_PEIS_C01.mpt",.mpt,PEIS,"Electrochemical data from technique PEIS in TR-PEIS procedure for PEM-WE in open cathode configuration with OCV time gap 120 s, with PEIS frequency in between 65kHz and 10kHz."
846,VZ2_062_021_UK_D_0846_v2.mpt,open_cell_time_gaps,"1,46 V different time gaps open cell\L_22_Loopeis 1,46V_120s_2_PEIS from 65kHz to 10kHz_12_OCV_C01.mpt",.mpt,OCV,"Electrochemical data from technique OCV in TR-PEIS procedure for PEM-WE in open cathode configuration with OCV time gap 120 s, with PEIS frequency in between 65kHz and 10kHz."
847,VZ2_062_021_UK_D_0847_v2.mpt,open_cell_time_gaps,"1,46 V different time gaps open cell\L_22_Loopeis 1,46V_120s_2_PEIS from 65kHz to 10kHz_13_CA_C01.mpt",.mpt,CA,"Electrochemical data from technique CA in TR-PEIS procedure for PEM-WE in open cathode configuration with OCV time gap 120 s, with PEIS frequency in between 65kHz and 10kHz."
848,VZ2_062_021_UK_D_0848_v2.mpt,open_cell_time_gaps,"1,46 V different time gaps open cell\L_22_Loopeis 1,46V_120s_2_PEIS from 65kHz to 10kHz_14_OCV_C01.mpt",.mpt,OCV,"Electrochemical data from technique OCV in TR-PEIS procedure for PEM-WE in open cathode configuration with OCV time gap 120 s, with PEIS frequency in between 65kHz and 10kHz."
849,VZ2_062_021_UK_D_0849_v2.mpt,open_cell_time_gaps,"1,46 V different time gaps open cell\L_22_Loopeis 1,46V_120s_2_PEIS from 65kHz to 10kHz_15_PEIS_C01.mpt",.mpt,PEIS,"Electrochemical data from technique PEIS in TR-PEIS procedure for PEM-WE in open cathode configuration with OCV time gap 120 s, with PEIS frequency in between 65kHz and 10kHz."
850,VZ2_062_021_UK_D_0850_v2.mpt,open_cell_time_gaps,"1,46 V different time gaps open cell\L_22_Loopeis 1,46V_120s_2_PEIS from 65kHz to 10kHz_16_OCV_C01.mpt",.mpt,OCV,"Electrochemical data from technique OCV in TR-PEIS procedure for PEM-WE in open cathode configuration with OCV time gap 120 s, with PEIS frequency in between 65kHz and 10kHz."
851,VZ2_062_021_UK_D_0851_v2.mpt,open_cell_time_gaps,"1,46 V different time gaps open cell\L_22_Loopeis 1,46V_120s_2_PEIS from 65kHz to 10kHz_17_CA_C01.mpt",.mpt,CA,"Electrochemical data from technique CA in TR-PEIS procedure for PEM-WE in open cathode configuration with OCV time gap 120 s, with PEIS frequency in between 65kHz and 10kHz."
852,VZ2_062_021_UK_D_0852_v2.mpt,open_cell_time_gaps,"1,46 V different time gaps open cell\L_22_Loopeis 1,46V_120s_2_PEIS from 65kHz to 10kHz_18_OCV_C01.mpt",.mpt,OCV,"Electrochemical data from technique OCV in TR-PEIS procedure for PEM-WE in open cathode configuration with OCV time gap 120 s, with PEIS frequency in between 65kHz and 10kHz."
853,VZ2_062_021_UK_D_0853_v2.mpt,open_cell_time_gaps,"1,46 V different time gaps open cell\L_22_Loopeis 1,46V_120s_2_PEIS from 65kHz to 10kHz_19_PEIS_C01.mpt",.mpt,PEIS,"Electrochemical data from technique PEIS in TR-PEIS procedure for PEM-WE in open cathode configuration with OCV time gap 120 s, with PEIS frequency in between 65kHz and 10kHz."
854,VZ2_062_021_UK_D_0854_v2.mpt,open_cell_time_gaps,"1,46 V different time gaps open cell\L_22_Loopeis 1,46V_120s_2_PEIS from 65kHz to 10kHz_20_OCV_C01.mpt",.mpt,OCV,"Electrochemical data from technique OCV in TR-PEIS procedure for PEM-WE in open cathode configuration with OCV time gap 120 s, with PEIS frequency in between 65kHz and 10kHz."
855,VZ2_062_021_UK_D_0855_v2.mpt,open_cell_time_gaps,"1,46 V different time gaps open cell\L_23_Loopeis 1,46V_120s_3_PEIS from 6500Hz to 1000Hz_01_CA_C01.mpt",.mpt,CA,"Electrochemical data from technique CA in TR-PEIS procedure for PEM-WE in open cathode configuration with OCV time gap 120 s, with PEIS frequency in between 6500Hz and 1000Hz."
856,VZ2_062_021_UK_D_0856_v2.mpt,open_cell_time_gaps,"1,46 V different time gaps open cell\L_23_Loopeis 1,46V_120s_3_PEIS from 6500Hz to 1000Hz_02_OCV_C01.mpt",.mpt,OCV,"Electrochemical data from technique OCV in TR-PEIS procedure for PEM-WE in open cathode configuration with OCV time gap 120 s, with PEIS frequency in between 6500Hz and 1000Hz."
857,VZ2_062_021_UK_D_0857_v2.mpt,open_cell_time_gaps,"1,46 V different time gaps open cell\L_23_Loopeis 1,46V_120s_3_PEIS from 6500Hz to 1000Hz_03_PEIS_C01.mpt",.mpt,PEIS,"Electrochemical data from technique PEIS in TR-PEIS procedure for PEM-WE in open cathode configuration with OCV time gap 120 s, with PEIS frequency in between 6500Hz and 1000Hz."
858,VZ2_062_021_UK_D_0858_v2.mpt,open_cell_time_gaps,"1,46 V different time gaps open cell\L_23_Loopeis 1,46V_120s_3_PEIS from 6500Hz to 1000Hz_04_OCV_C01.mpt",.mpt,OCV,"Electrochemical data from technique OCV in TR-PEIS procedure for PEM-WE in open cathode configuration with OCV time gap 120 s, with PEIS frequency in between 6500Hz and 1000Hz."
859,VZ2_062_021_UK_D_0859_v2.mpt,open_cell_time_gaps,"1,46 V different time gaps open cell\L_23_Loopeis 1,46V_120s_3_PEIS from 6500Hz to 1000Hz_05_CA_C01.mpt",.mpt,CA,"Electrochemical data from technique CA in TR-PEIS procedure for PEM-WE in open cathode configuration with OCV time gap 120 s, with PEIS frequency in between 6500Hz and 1000Hz."
860,VZ2_062_021_UK_D_0860_v2.mpt,open_cell_time_gaps,"1,46 V different time gaps open cell\L_23_Loopeis 1,46V_120s_3_PEIS from 6500Hz to 1000Hz_06_OCV_C01.mpt",.mpt,OCV,"Electrochemical data from technique OCV in TR-PEIS procedure for PEM-WE in open cathode configuration with OCV time gap 120 s, with PEIS frequency in between 6500Hz and 1000Hz."
861,VZ2_062_021_UK_D_0861_v2.mpt,open_cell_time_gaps,"1,46 V different time gaps open cell\L_23_Loopeis 1,46V_120s_3_PEIS from 6500Hz to 1000Hz_07_PEIS_C01.mpt",.mpt,PEIS,"Electrochemical data from technique PEIS in TR-PEIS procedure for PEM-WE in open cathode configuration with OCV time gap 120 s, with PEIS frequency in between 6500Hz and 1000Hz."
862,VZ2_062_021_UK_D_0862_v2.mpt,open_cell_time_gaps,"1,46 V different time gaps open cell\L_23_Loopeis 1,46V_120s_3_PEIS from 6500Hz to 1000Hz_08_OCV_C01.mpt",.mpt,OCV,"Electrochemical data from technique OCV in TR-PEIS procedure for PEM-WE in open cathode configuration with OCV time gap 120 s, with PEIS frequency in between 6500Hz and 1000Hz."
863,VZ2_062_021_UK_D_0863_v2.mpt,open_cell_time_gaps,"1,46 V different time gaps open cell\L_23_Loopeis 1,46V_120s_3_PEIS from 6500Hz to 1000Hz_09_CA_C01.mpt",.mpt,CA,"Electrochemical data from technique CA in TR-PEIS procedure for PEM-WE in open cathode configuration with OCV time gap 120 s, with PEIS frequency in between 6500Hz and 1000Hz."
864,VZ2_062_021_UK_D_0864_v2.mpt,open_cell_time_gaps,"1,46 V different time gaps open cell\L_23_Loopeis 1,46V_120s_3_PEIS from 6500Hz to 1000Hz_10_OCV_C01.mpt",.mpt,OCV,"Electrochemical data from technique OCV in TR-PEIS procedure for PEM-WE in open cathode configuration with OCV time gap 120 s, with PEIS frequency in between 6500Hz and 1000Hz."
865,VZ2_062_021_UK_D_0865_v2.mpt,open_cell_time_gaps,"1,46 V different time gaps open cell\L_23_Loopeis 1,46V_120s_3_PEIS from 6500Hz to 1000Hz_11_PEIS_C01.mpt",.mpt,PEIS,"Electrochemical data from technique PEIS in TR-PEIS procedure for PEM-WE in open cathode configuration with OCV time gap 120 s, with PEIS frequency in between 6500Hz and 1000Hz."
866,VZ2_062_021_UK_D_0866_v2.mpt,open_cell_time_gaps,"1,46 V different time gaps open cell\L_23_Loopeis 1,46V_120s_3_PEIS from 6500Hz to 1000Hz_12_OCV_C01.mpt",.mpt,OCV,"Electrochemical data from technique OCV in TR-PEIS procedure for PEM-WE in open cathode configuration with OCV time gap 120 s, with PEIS frequency in between 6500Hz and 1000Hz."
867,VZ2_062_021_UK_D_0867_v2.mpt,open_cell_time_gaps,"1,46 V different time gaps open cell\L_23_Loopeis 1,46V_120s_3_PEIS from 6500Hz to 1000Hz_13_CA_C01.mpt",.mpt,CA,"Electrochemical data from technique CA in TR-PEIS procedure for PEM-WE in open cathode configuration with OCV time gap 120 s, with PEIS frequency in between 6500Hz and 1000Hz."
868,VZ2_062_021_UK_D_0868_v2.mpt,open_cell_time_gaps,"1,46 V different time gaps open cell\L_23_Loopeis 1,46V_120s_3_PEIS from 6500Hz to 1000Hz_14_OCV_C01.mpt",.mpt,OCV,"Electrochemical data from technique OCV in TR-PEIS procedure for PEM-WE in open cathode configuration with OCV time gap 120 s, with PEIS frequency in between 6500Hz and 1000Hz."
869,VZ2_062_021_UK_D_0869_v2.mpt,open_cell_time_gaps,"1,46 V different time gaps open cell\L_23_Loopeis 1,46V_120s_3_PEIS from 6500Hz to 1000Hz_15_PEIS_C01.mpt",.mpt,PEIS,"Electrochemical data from technique PEIS in TR-PEIS procedure for PEM-WE in open cathode configuration with OCV time gap 120 s, with PEIS frequency in between 6500Hz and 1000Hz."
870,VZ2_062_021_UK_D_0870_v2.mpt,open_cell_time_gaps,"1,46 V different time gaps open cell\L_23_Loopeis 1,46V_120s_3_PEIS from 6500Hz to 1000Hz_16_OCV_C01.mpt",.mpt,OCV,"Electrochemical data from technique OCV in TR-PEIS procedure for PEM-WE in open cathode configuration with OCV time gap 120 s, with PEIS frequency in between 6500Hz and 1000Hz."
871,VZ2_062_021_UK_D_0871_v2.mpt,open_cell_time_gaps,"1,46 V different time gaps open cell\L_23_Loopeis 1,46V_120s_3_PEIS from 6500Hz to 1000Hz_17_CA_C01.mpt",.mpt,CA,"Electrochemical data from technique CA in TR-PEIS procedure for PEM-WE in open cathode configuration with OCV time gap 120 s, with PEIS frequency in between 6500Hz and 1000Hz."
872,VZ2_062_021_UK_D_0872_v2.mpt,open_cell_time_gaps,"1,46 V different time gaps open cell\L_23_Loopeis 1,46V_120s_3_PEIS from 6500Hz to 1000Hz_18_OCV_C01.mpt",.mpt,OCV,"Electrochemical data from technique OCV in TR-PEIS procedure for PEM-WE in open cathode configuration with OCV time gap 120 s, with PEIS frequency in between 6500Hz and 1000Hz."
873,VZ2_062_021_UK_D_0873_v2.mpt,open_cell_time_gaps,"1,46 V different time gaps open cell\L_23_Loopeis 1,46V_120s_3_PEIS from 6500Hz to 1000Hz_19_PEIS_C01.mpt",.mpt,PEIS,"Electrochemical data from technique PEIS in TR-PEIS procedure for PEM-WE in open cathode configuration with OCV time gap 120 s, with PEIS frequency in between 6500Hz and 1000Hz."
874,VZ2_062_021_UK_D_0874_v2.mpt,open_cell_time_gaps,"1,46 V different time gaps open cell\L_23_Loopeis 1,46V_120s_3_PEIS from 6500Hz to 1000Hz_20_OCV_C01.mpt",.mpt,OCV,"Electrochemical data from technique OCV in TR-PEIS procedure for PEM-WE in open cathode configuration with OCV time gap 120 s, with PEIS frequency in between 6500Hz and 1000Hz."
875,VZ2_062_021_UK_D_0875_v2.mpt,open_cell_time_gaps,"1,46 V different time gaps open cell\L_24_Loopeis 1,46V_120s_4_PEIS from 650Hz to 100Hz_01_CA_C01.mpt",.mpt,CA,"Electrochemical data from technique CA in TR-PEIS procedure for PEM-WE in open cathode configuration with OCV time gap 120 s, with PEIS frequency in between 650Hz and 100Hz."
876,VZ2_062_021_UK_D_0876_v2.mpt,open_cell_time_gaps,"1,46 V different time gaps open cell\L_24_Loopeis 1,46V_120s_4_PEIS from 650Hz to 100Hz_02_OCV_C01.mpt",.mpt,OCV,"Electrochemical data from technique OCV in TR-PEIS procedure for PEM-WE in open cathode configuration with OCV time gap 120 s, with PEIS frequency in between 650Hz and 100Hz."
877,VZ2_062_021_UK_D_0877_v2.mpt,open_cell_time_gaps,"1,46 V different time gaps open cell\L_24_Loopeis 1,46V_120s_4_PEIS from 650Hz to 100Hz_03_PEIS_C01.mpt",.mpt,PEIS,"Electrochemical data from technique PEIS in TR-PEIS procedure for PEM-WE in open cathode configuration with OCV time gap 120 s, with PEIS frequency in between 650Hz and 100Hz."
878,VZ2_062_021_UK_D_0878_v2.mpt,open_cell_time_gaps,"1,46 V different time gaps open cell\L_24_Loopeis 1,46V_120s_4_PEIS from 650Hz to 100Hz_04_OCV_C01.mpt",.mpt,OCV,"Electrochemical data from technique OCV in TR-PEIS procedure for PEM-WE in open cathode configuration with OCV time gap 120 s, with PEIS frequency in between 650Hz and 100Hz."
879,VZ2_062_021_UK_D_0879_v2.mpt,open_cell_time_gaps,"1,46 V different time gaps open cell\L_24_Loopeis 1,46V_120s_4_PEIS from 650Hz to 100Hz_05_CA_C01.mpt",.mpt,CA,"Electrochemical data from technique CA in TR-PEIS procedure for PEM-WE in open cathode configuration with OCV time gap 120 s, with PEIS frequency in between 650Hz and 100Hz."
880,VZ2_062_021_UK_D_0880_v2.mpt,open_cell_time_gaps,"1,46 V different time gaps open cell\L_24_Loopeis 1,46V_120s_4_PEIS from 650Hz to 100Hz_06_OCV_C01.mpt",.mpt,OCV,"Electrochemical data from technique OCV in TR-PEIS procedure for PEM-WE in open cathode configuration with OCV time gap 120 s, with PEIS frequency in between 650Hz and 100Hz."
881,VZ2_062_021_UK_D_0881_v2.mpt,open_cell_time_gaps,"1,46 V different time gaps open cell\L_24_Loopeis 1,46V_120s_4_PEIS from 650Hz to 100Hz_07_PEIS_C01.mpt",.mpt,PEIS,"Electrochemical data from technique PEIS in TR-PEIS procedure for PEM-WE in open cathode configuration with OCV time gap 120 s, with PEIS frequency in between 650Hz and 100Hz."
882,VZ2_062_021_UK_D_0882_v2.mpt,open_cell_time_gaps,"1,46 V different time gaps open cell\L_24_Loopeis 1,46V_120s_4_PEIS from 650Hz to 100Hz_08_OCV_C01.mpt",.mpt,OCV,"Electrochemical data from technique OCV in TR-PEIS procedure for PEM-WE in open cathode configuration with OCV time gap 120 s, with PEIS frequency in between 650Hz and 100Hz."
883,VZ2_062_021_UK_D_0883_v2.mpt,open_cell_time_gaps,"1,46 V different time gaps open cell\L_24_Loopeis 1,46V_120s_4_PEIS from 650Hz to 100Hz_09_CA_C01.mpt",.mpt,CA,"Electrochemical data from technique CA in TR-PEIS procedure for PEM-WE in open cathode configuration with OCV time gap 120 s, with PEIS frequency in between 650Hz and 100Hz."
884,VZ2_062_021_UK_D_0884_v2.mpt,open_cell_time_gaps,"1,46 V different time gaps open cell\L_24_Loopeis 1,46V_120s_4_PEIS from 650Hz to 100Hz_10_OCV_C01.mpt",.mpt,OCV,"Electrochemical data from technique OCV in TR-PEIS procedure for PEM-WE in open cathode configuration with OCV time gap 120 s, with PEIS frequency in between 650Hz and 100Hz."
885,VZ2_062_021_UK_D_0885_v2.mpt,open_cell_time_gaps,"1,46 V different time gaps open cell\L_24_Loopeis 1,46V_120s_4_PEIS from 650Hz to 100Hz_11_PEIS_C01.mpt",.mpt,PEIS,"Electrochemical data from technique PEIS in TR-PEIS procedure for PEM-WE in open cathode configuration with OCV time gap 120 s, with PEIS frequency in between 650Hz and 100Hz."
886,VZ2_062_021_UK_D_0886_v2.mpt,open_cell_time_gaps,"1,46 V different time gaps open cell\L_24_Loopeis 1,46V_120s_4_PEIS from 650Hz to 100Hz_12_OCV_C01.mpt",.mpt,OCV,"Electrochemical data from technique OCV in TR-PEIS procedure for PEM-WE in open cathode configuration with OCV time gap 120 s, with PEIS frequency in between 650Hz and 100Hz."
887,VZ2_062_021_UK_D_0887_v2.mpt,open_cell_time_gaps,"1,46 V different time gaps open cell\L_24_Loopeis 1,46V_120s_4_PEIS from 650Hz to 100Hz_13_CA_C01.mpt",.mpt,CA,"Electrochemical data from technique CA in TR-PEIS procedure for PEM-WE in open cathode configuration with OCV time gap 120 s, with PEIS frequency in between 650Hz and 100Hz."
888,VZ2_062_021_UK_D_0888_v2.mpt,open_cell_time_gaps,"1,46 V different time gaps open cell\L_24_Loopeis 1,46V_120s_4_PEIS from 650Hz to 100Hz_14_OCV_C01.mpt",.mpt,OCV,"Electrochemical data from technique OCV in TR-PEIS procedure for PEM-WE in open cathode configuration with OCV time gap 120 s, with PEIS frequency in between 650Hz and 100Hz."
889,VZ2_062_021_UK_D_0889_v2.mpt,open_cell_time_gaps,"1,46 V different time gaps open cell\L_24_Loopeis 1,46V_120s_4_PEIS from 650Hz to 100Hz_15_PEIS_C01.mpt",.mpt,PEIS,"Electrochemical data from technique PEIS in TR-PEIS procedure for PEM-WE in open cathode configuration with OCV time gap 120 s, with PEIS frequency in between 650Hz and 100Hz."
890,VZ2_062_021_UK_D_0890_v2.mpt,open_cell_time_gaps,"1,46 V different time gaps open cell\L_24_Loopeis 1,46V_120s_4_PEIS from 650Hz to 100Hz_16_OCV_C01.mpt",.mpt,OCV,"Electrochemical data from technique OCV in TR-PEIS procedure for PEM-WE in open cathode configuration with OCV time gap 120 s, with PEIS frequency in between 650Hz and 100Hz."
891,VZ2_062_021_UK_D_0891_v2.mpt,open_cell_time_gaps,"1,46 V different time gaps open cell\L_24_Loopeis 1,46V_120s_4_PEIS from 650Hz to 100Hz_17_CA_C01.mpt",.mpt,CA,"Electrochemical data from technique CA in TR-PEIS procedure for PEM-WE in open cathode configuration with OCV time gap 120 s, with PEIS frequency in between 650Hz and 100Hz."
892,VZ2_062_021_UK_D_0892_v2.mpt,open_cell_time_gaps,"1,46 V different time gaps open cell\L_24_Loopeis 1,46V_120s_4_PEIS from 650Hz to 100Hz_18_OCV_C01.mpt",.mpt,OCV,"Electrochemical data from technique OCV in TR-PEIS procedure for PEM-WE in open cathode configuration with OCV time gap 120 s, with PEIS frequency in between 650Hz and 100Hz."
893,VZ2_062_021_UK_D_0893_v2.mpt,open_cell_time_gaps,"1,46 V different time gaps open cell\L_24_Loopeis 1,46V_120s_4_PEIS from 650Hz to 100Hz_19_PEIS_C01.mpt",.mpt,PEIS,"Electrochemical data from technique PEIS in TR-PEIS procedure for PEM-WE in open cathode configuration with OCV time gap 120 s, with PEIS frequency in between 650Hz and 100Hz."
894,VZ2_062_021_UK_D_0894_v2.mpt,open_cell_time_gaps,"1,46 V different time gaps open cell\L_24_Loopeis 1,46V_120s_4_PEIS from 650Hz to 100Hz_20_OCV_C01.mpt",.mpt,OCV,"Electrochemical data from technique OCV in TR-PEIS procedure for PEM-WE in open cathode configuration with OCV time gap 120 s, with PEIS frequency in between 650Hz and 100Hz."
895,VZ2_062_021_UK_D_0895_v2.mpt,open_cell_time_gaps,"1,46 V different time gaps open cell\L_25_Loopeis 1,46V_120s_5_PEIS from 65Hz to 10Hz_01_CA_C01.mpt",.mpt,CA,"Electrochemical data from technique CA in TR-PEIS procedure for PEM-WE in open cathode configuration with OCV time gap 120 s, with PEIS frequency in between 65Hz and 10Hz."
896,VZ2_062_021_UK_D_0896_v2.mpt,open_cell_time_gaps,"1,46 V different time gaps open cell\L_25_Loopeis 1,46V_120s_5_PEIS from 65Hz to 10Hz_02_OCV_C01.mpt",.mpt,OCV,"Electrochemical data from technique OCV in TR-PEIS procedure for PEM-WE in open cathode configuration with OCV time gap 120 s, with PEIS frequency in between 65Hz and 10Hz."
897,VZ2_062_021_UK_D_0897_v2.mpt,open_cell_time_gaps,"1,46 V different time gaps open cell\L_25_Loopeis 1,46V_120s_5_PEIS from 65Hz to 10Hz_03_PEIS_C01.mpt",.mpt,PEIS,"Electrochemical data from technique PEIS in TR-PEIS procedure for PEM-WE in open cathode configuration with OCV time gap 120 s, with PEIS frequency in between 65Hz and 10Hz."
898,VZ2_062_021_UK_D_0898_v2.mpt,open_cell_time_gaps,"1,46 V different time gaps open cell\L_25_Loopeis 1,46V_120s_5_PEIS from 65Hz to 10Hz_04_OCV_C01.mpt",.mpt,OCV,"Electrochemical data from technique OCV in TR-PEIS procedure for PEM-WE in open cathode configuration with OCV time gap 120 s, with PEIS frequency in between 65Hz and 10Hz."
899,VZ2_062_021_UK_D_0899_v2.mpt,open_cell_time_gaps,"1,46 V different time gaps open cell\L_25_Loopeis 1,46V_120s_5_PEIS from 65Hz to 10Hz_05_CA_C01.mpt",.mpt,CA,"Electrochemical data from technique CA in TR-PEIS procedure for PEM-WE in open cathode configuration with OCV time gap 120 s, with PEIS frequency in between 65Hz and 10Hz."
900,VZ2_062_021_UK_D_0900_v2.mpt,open_cell_time_gaps,"1,46 V different time gaps open cell\L_25_Loopeis 1,46V_120s_5_PEIS from 65Hz to 10Hz_06_OCV_C01.mpt",.mpt,OCV,"Electrochemical data from technique OCV in TR-PEIS procedure for PEM-WE in open cathode configuration with OCV time gap 120 s, with PEIS frequency in between 65Hz and 10Hz."
901,VZ2_062_021_UK_D_0901_v2.mpt,open_cell_time_gaps,"1,46 V different time gaps open cell\L_25_Loopeis 1,46V_120s_5_PEIS from 65Hz to 10Hz_07_PEIS_C01.mpt",.mpt,PEIS,"Electrochemical data from technique PEIS in TR-PEIS procedure for PEM-WE in open cathode configuration with OCV time gap 120 s, with PEIS frequency in between 65Hz and 10Hz."
902,VZ2_062_021_UK_D_0902_v2.mpt,open_cell_time_gaps,"1,46 V different time gaps open cell\L_25_Loopeis 1,46V_120s_5_PEIS from 65Hz to 10Hz_08_OCV_C01.mpt",.mpt,OCV,"Electrochemical data from technique OCV in TR-PEIS procedure for PEM-WE in open cathode configuration with OCV time gap 120 s, with PEIS frequency in between 65Hz and 10Hz."
903,VZ2_062_021_UK_D_0903_v2.mpt,open_cell_time_gaps,"1,46 V different time gaps open cell\L_25_Loopeis 1,46V_120s_5_PEIS from 65Hz to 10Hz_09_CA_C01.mpt",.mpt,CA,"Electrochemical data from technique CA in TR-PEIS procedure for PEM-WE in open cathode configuration with OCV time gap 120 s, with PEIS frequency in between 65Hz and 10Hz."
904,VZ2_062_021_UK_D_0904_v2.mpt,open_cell_time_gaps,"1,46 V different time gaps open cell\L_25_Loopeis 1,46V_120s_5_PEIS from 65Hz to 10Hz_10_OCV_C01.mpt",.mpt,OCV,"Electrochemical data from technique OCV in TR-PEIS procedure for PEM-WE in open cathode configuration with OCV time gap 120 s, with PEIS frequency in between 65Hz and 10Hz."
905,VZ2_062_021_UK_D_0905_v2.mpt,open_cell_time_gaps,"1,46 V different time gaps open cell\L_25_Loopeis 1,46V_120s_5_PEIS from 65Hz to 10Hz_11_PEIS_C01.mpt",.mpt,PEIS,"Electrochemical data from technique PEIS in TR-PEIS procedure for PEM-WE in open cathode configuration with OCV time gap 120 s, with PEIS frequency in between 65Hz and 10Hz."
906,VZ2_062_021_UK_D_0906_v2.mpt,open_cell_time_gaps,"1,46 V different time gaps open cell\L_25_Loopeis 1,46V_120s_5_PEIS from 65Hz to 10Hz_12_OCV_C01.mpt",.mpt,OCV,"Electrochemical data from technique OCV in TR-PEIS procedure for PEM-WE in open cathode configuration with OCV time gap 120 s, with PEIS frequency in between 65Hz and 10Hz."
907,VZ2_062_021_UK_D_0907_v2.mpt,open_cell_time_gaps,"1,46 V different time gaps open cell\L_25_Loopeis 1,46V_120s_5_PEIS from 65Hz to 10Hz_13_CA_C01.mpt",.mpt,CA,"Electrochemical data from technique CA in TR-PEIS procedure for PEM-WE in open cathode configuration with OCV time gap 120 s, with PEIS frequency in between 65Hz and 10Hz."
908,VZ2_062_021_UK_D_0908_v2.mpt,open_cell_time_gaps,"1,46 V different time gaps open cell\L_25_Loopeis 1,46V_120s_5_PEIS from 65Hz to 10Hz_14_OCV_C01.mpt",.mpt,OCV,"Electrochemical data from technique OCV in TR-PEIS procedure for PEM-WE in open cathode configuration with OCV time gap 120 s, with PEIS frequency in between 65Hz and 10Hz."
909,VZ2_062_021_UK_D_0909_v2.mpt,open_cell_time_gaps,"1,46 V different time gaps open cell\L_25_Loopeis 1,46V_120s_5_PEIS from 65Hz to 10Hz_15_PEIS_C01.mpt",.mpt,PEIS,"Electrochemical data from technique PEIS in TR-PEIS procedure for PEM-WE in open cathode configuration with OCV time gap 120 s, with PEIS frequency in between 65Hz and 10Hz."
910,VZ2_062_021_UK_D_0910_v2.mpt,open_cell_time_gaps,"1,46 V different time gaps open cell\L_25_Loopeis 1,46V_120s_5_PEIS from 65Hz to 10Hz_16_OCV_C01.mpt",.mpt,OCV,"Electrochemical data from technique OCV in TR-PEIS procedure for PEM-WE in open cathode configuration with OCV time gap 120 s, with PEIS frequency in between 65Hz and 10Hz."
911,VZ2_062_021_UK_D_0911_v2.mpt,open_cell_time_gaps,"1,46 V different time gaps open cell\L_25_Loopeis 1,46V_120s_5_PEIS from 65Hz to 10Hz_17_CA_C01.mpt",.mpt,CA,"Electrochemical data from technique CA in TR-PEIS procedure for PEM-WE in open cathode configuration with OCV time gap 120 s, with PEIS frequency in between 65Hz and 10Hz."
912,VZ2_062_021_UK_D_0912_v2.mpt,open_cell_time_gaps,"1,46 V different time gaps open cell\L_25_Loopeis 1,46V_120s_5_PEIS from 65Hz to 10Hz_18_OCV_C01.mpt",.mpt,OCV,"Electrochemical data from technique OCV in TR-PEIS procedure for PEM-WE in open cathode configuration with OCV time gap 120 s, with PEIS frequency in between 65Hz and 10Hz."
913,VZ2_062_021_UK_D_0913_v2.mpt,open_cell_time_gaps,"1,46 V different time gaps open cell\L_25_Loopeis 1,46V_120s_5_PEIS from 65Hz to 10Hz_19_PEIS_C01.mpt",.mpt,PEIS,"Electrochemical data from technique PEIS in TR-PEIS procedure for PEM-WE in open cathode configuration with OCV time gap 120 s, with PEIS frequency in between 65Hz and 10Hz."
914,VZ2_062_021_UK_D_0914_v2.mpt,open_cell_time_gaps,"1,46 V different time gaps open cell\L_25_Loopeis 1,46V_120s_5_PEIS from 65Hz to 10Hz_20_OCV_C01.mpt",.mpt,OCV,"Electrochemical data from technique OCV in TR-PEIS procedure for PEM-WE in open cathode configuration with OCV time gap 120 s, with PEIS frequency in between 65Hz and 10Hz."
915,VZ2_062_021_UK_D_0915_v2.mpt,open_cell_time_gaps,"1,46 V different time gaps open cell\L_26_Loopeis 1,46V_180s_1_initial_loops_01_CA_C01.mpt",.mpt,CA,"Electrochemical data from technique CA in TR-PEIS procedure for PEM-WE in open cathode configuration with OCV time gap 180 s, initial loops."
916,VZ2_062_021_UK_D_0916_v2.mpt,open_cell_time_gaps,"1,46 V different time gaps open cell\L_26_Loopeis 1,46V_180s_1_initial_loops_02_OCV_C01.mpt",.mpt,OCV,"Electrochemical data from technique OCV in TR-PEIS procedure for PEM-WE in open cathode configuration with OCV time gap 180 s, initial loops."
917,VZ2_062_021_UK_D_0917_v2.mpt,open_cell_time_gaps,"1,46 V different time gaps open cell\L_27_Loopeis 1,46V_180s_2_PEIS from 65kHz to 10kHz_01_CA_C01.mpt",.mpt,CA,"Electrochemical data from technique CA in TR-PEIS procedure for PEM-WE in open cathode configuration with OCV time gap 180 s, with PEIS frequency in between 65kHz and 10kHz."
918,VZ2_062_021_UK_D_0918_v2.mpt,open_cell_time_gaps,"1,46 V different time gaps open cell\L_27_Loopeis 1,46V_180s_2_PEIS from 65kHz to 10kHz_02_OCV_C01.mpt",.mpt,OCV,"Electrochemical data from technique OCV in TR-PEIS procedure for PEM-WE in open cathode configuration with OCV time gap 180 s, with PEIS frequency in between 65kHz and 10kHz."
919,VZ2_062_021_UK_D_0919_v2.mpt,open_cell_time_gaps,"1,46 V different time gaps open cell\L_27_Loopeis 1,46V_180s_2_PEIS from 65kHz to 10kHz_03_PEIS_C01.mpt",.mpt,PEIS,"Electrochemical data from technique PEIS in TR-PEIS procedure for PEM-WE in open cathode configuration with OCV time gap 180 s, with PEIS frequency in between 65kHz and 10kHz."
920,VZ2_062_021_UK_D_0920_v2.mpt,open_cell_time_gaps,"1,46 V different time gaps open cell\L_27_Loopeis 1,46V_180s_2_PEIS from 65kHz to 10kHz_04_OCV_C01.mpt",.mpt,OCV,"Electrochemical data from technique OCV in TR-PEIS procedure for PEM-WE in open cathode configuration with OCV time gap 180 s, with PEIS frequency in between 65kHz and 10kHz."
921,VZ2_062_021_UK_D_0921_v2.mpt,open_cell_time_gaps,"1,46 V different time gaps open cell\L_27_Loopeis 1,46V_180s_2_PEIS from 65kHz to 10kHz_05_CA_C01.mpt",.mpt,CA,"Electrochemical data from technique CA in TR-PEIS procedure for PEM-WE in open cathode configuration with OCV time gap 180 s, with PEIS frequency in between 65kHz and 10kHz."
922,VZ2_062_021_UK_D_0922_v2.mpt,open_cell_time_gaps,"1,46 V different time gaps open cell\L_27_Loopeis 1,46V_180s_2_PEIS from 65kHz to 10kHz_06_OCV_C01.mpt",.mpt,OCV,"Electrochemical data from technique OCV in TR-PEIS procedure for PEM-WE in open cathode configuration with OCV time gap 180 s, with PEIS frequency in between 65kHz and 10kHz."
923,VZ2_062_021_UK_D_0923_v2.mpt,open_cell_time_gaps,"1,46 V different time gaps open cell\L_27_Loopeis 1,46V_180s_2_PEIS from 65kHz to 10kHz_07_PEIS_C01.mpt",.mpt,PEIS,"Electrochemical data from technique PEIS in TR-PEIS procedure for PEM-WE in open cathode configuration with OCV time gap 180 s, with PEIS frequency in between 65kHz and 10kHz."
924,VZ2_062_021_UK_D_0924_v2.mpt,open_cell_time_gaps,"1,46 V different time gaps open cell\L_27_Loopeis 1,46V_180s_2_PEIS from 65kHz to 10kHz_08_OCV_C01.mpt",.mpt,OCV,"Electrochemical data from technique OCV in TR-PEIS procedure for PEM-WE in open cathode configuration with OCV time gap 180 s, with PEIS frequency in between 65kHz and 10kHz."
925,VZ2_062_021_UK_D_0925_v2.mpt,open_cell_time_gaps,"1,46 V different time gaps open cell\L_27_Loopeis 1,46V_180s_2_PEIS from 65kHz to 10kHz_09_CA_C01.mpt",.mpt,CA,"Electrochemical data from technique CA in TR-PEIS procedure for PEM-WE in open cathode configuration with OCV time gap 180 s, with PEIS frequency in between 65kHz and 10kHz."
926,VZ2_062_021_UK_D_0926_v2.mpt,open_cell_time_gaps,"1,46 V different time gaps open cell\L_27_Loopeis 1,46V_180s_2_PEIS from 65kHz to 10kHz_10_OCV_C01.mpt",.mpt,OCV,"Electrochemical data from technique OCV in TR-PEIS procedure for PEM-WE in open cathode configuration with OCV time gap 180 s, with PEIS frequency in between 65kHz and 10kHz."
927,VZ2_062_021_UK_D_0927_v2.mpt,open_cell_time_gaps,"1,46 V different time gaps open cell\L_27_Loopeis 1,46V_180s_2_PEIS from 65kHz to 10kHz_11_PEIS_C01.mpt",.mpt,PEIS,"Electrochemical data from technique PEIS in TR-PEIS procedure for PEM-WE in open cathode configuration with OCV time gap 180 s, with PEIS frequency in between 65kHz and 10kHz."
928,VZ2_062_021_UK_D_0928_v2.mpt,open_cell_time_gaps,"1,46 V different time gaps open cell\L_27_Loopeis 1,46V_180s_2_PEIS from 65kHz to 10kHz_12_OCV_C01.mpt",.mpt,OCV,"Electrochemical data from technique OCV in TR-PEIS procedure for PEM-WE in open cathode configuration with OCV time gap 180 s, with PEIS frequency in between 65kHz and 10kHz."
929,VZ2_062_021_UK_D_0929_v2.mpt,open_cell_time_gaps,"1,46 V different time gaps open cell\L_27_Loopeis 1,46V_180s_2_PEIS from 65kHz to 10kHz_13_CA_C01.mpt",.mpt,CA,"Electrochemical data from technique CA in TR-PEIS procedure for PEM-WE in open cathode configuration with OCV time gap 180 s, with PEIS frequency in between 65kHz and 10kHz."
930,VZ2_062_021_UK_D_0930_v2.mpt,open_cell_time_gaps,"1,46 V different time gaps open cell\L_27_Loopeis 1,46V_180s_2_PEIS from 65kHz to 10kHz_14_OCV_C01.mpt",.mpt,OCV,"Electrochemical data from technique OCV in TR-PEIS procedure for PEM-WE in open cathode configuration with OCV time gap 180 s, with PEIS frequency in between 65kHz and 10kHz."
931,VZ2_062_021_UK_D_0931_v2.mpt,open_cell_time_gaps,"1,46 V different time gaps open cell\L_27_Loopeis 1,46V_180s_2_PEIS from 65kHz to 10kHz_15_PEIS_C01.mpt",.mpt,PEIS,"Electrochemical data from technique PEIS in TR-PEIS procedure for PEM-WE in open cathode configuration with OCV time gap 180 s, with PEIS frequency in between 65kHz and 10kHz."
932,VZ2_062_021_UK_D_0932_v2.mpt,open_cell_time_gaps,"1,46 V different time gaps open cell\L_27_Loopeis 1,46V_180s_2_PEIS from 65kHz to 10kHz_16_OCV_C01.mpt",.mpt,OCV,"Electrochemical data from technique OCV in TR-PEIS procedure for PEM-WE in open cathode configuration with OCV time gap 180 s, with PEIS frequency in between 65kHz and 10kHz."
933,VZ2_062_021_UK_D_0933_v2.mpt,open_cell_time_gaps,"1,46 V different time gaps open cell\L_27_Loopeis 1,46V_180s_2_PEIS from 65kHz to 10kHz_17_CA_C01.mpt",.mpt,CA,"Electrochemical data from technique CA in TR-PEIS procedure for PEM-WE in open cathode configuration with OCV time gap 180 s, with PEIS frequency in between 65kHz and 10kHz."
934,VZ2_062_021_UK_D_0934_v2.mpt,open_cell_time_gaps,"1,46 V different time gaps open cell\L_27_Loopeis 1,46V_180s_2_PEIS from 65kHz to 10kHz_18_OCV_C01.mpt",.mpt,OCV,"Electrochemical data from technique OCV in TR-PEIS procedure for PEM-WE in open cathode configuration with OCV time gap 180 s, with PEIS frequency in between 65kHz and 10kHz."
935,VZ2_062_021_UK_D_0935_v2.mpt,open_cell_time_gaps,"1,46 V different time gaps open cell\L_27_Loopeis 1,46V_180s_2_PEIS from 65kHz to 10kHz_19_PEIS_C01.mpt",.mpt,PEIS,"Electrochemical data from technique PEIS in TR-PEIS procedure for PEM-WE in open cathode configuration with OCV time gap 180 s, with PEIS frequency in between 65kHz and 10kHz."
936,VZ2_062_021_UK_D_0936_v2.mpt,open_cell_time_gaps,"1,46 V different time gaps open cell\L_27_Loopeis 1,46V_180s_2_PEIS from 65kHz to 10kHz_20_OCV_C01.mpt",.mpt,OCV,"Electrochemical data from technique OCV in TR-PEIS procedure for PEM-WE in open cathode configuration with OCV time gap 180 s, with PEIS frequency in between 65kHz and 10kHz."
937,VZ2_062_021_UK_D_0937_v2.mpt,open_cell_time_gaps,"1,46 V different time gaps open cell\L_28_Loopeis 1,46V_180s_3_PEIS from 6500Hz to 1000Hz_01_CA_C01.mpt",.mpt,CA,"Electrochemical data from technique CA in TR-PEIS procedure for PEM-WE in open cathode configuration with OCV time gap 180 s, with PEIS frequency in between 6500Hz and 1000Hz."
938,VZ2_062_021_UK_D_0938_v2.mpt,open_cell_time_gaps,"1,46 V different time gaps open cell\L_28_Loopeis 1,46V_180s_3_PEIS from 6500Hz to 1000Hz_02_OCV_C01.mpt",.mpt,OCV,"Electrochemical data from technique OCV in TR-PEIS procedure for PEM-WE in open cathode configuration with OCV time gap 180 s, with PEIS frequency in between 6500Hz and 1000Hz."
939,VZ2_062_021_UK_D_0939_v2.mpt,open_cell_time_gaps,"1,46 V different time gaps open cell\L_28_Loopeis 1,46V_180s_3_PEIS from 6500Hz to 1000Hz_03_PEIS_C01.mpt",.mpt,PEIS,"Electrochemical data from technique PEIS in TR-PEIS procedure for PEM-WE in open cathode configuration with OCV time gap 180 s, with PEIS frequency in between 6500Hz and 1000Hz."
940,VZ2_062_021_UK_D_0940_v2.mpt,open_cell_time_gaps,"1,46 V different time gaps open cell\L_28_Loopeis 1,46V_180s_3_PEIS from 6500Hz to 1000Hz_04_OCV_C01.mpt",.mpt,OCV,"Electrochemical data from technique OCV in TR-PEIS procedure for PEM-WE in open cathode configuration with OCV time gap 180 s, with PEIS frequency in between 6500Hz and 1000Hz."
941,VZ2_062_021_UK_D_0941_v2.mpt,open_cell_time_gaps,"1,46 V different time gaps open cell\L_28_Loopeis 1,46V_180s_3_PEIS from 6500Hz to 1000Hz_05_CA_C01.mpt",.mpt,CA,"Electrochemical data from technique CA in TR-PEIS procedure for PEM-WE in open cathode configuration with OCV time gap 180 s, with PEIS frequency in between 6500Hz and 1000Hz."
942,VZ2_062_021_UK_D_0942_v2.mpt,open_cell_time_gaps,"1,46 V different time gaps open cell\L_28_Loopeis 1,46V_180s_3_PEIS from 6500Hz to 1000Hz_06_OCV_C01.mpt",.mpt,OCV,"Electrochemical data from technique OCV in TR-PEIS procedure for PEM-WE in open cathode configuration with OCV time gap 180 s, with PEIS frequency in between 6500Hz and 1000Hz."
943,VZ2_062_021_UK_D_0943_v2.mpt,open_cell_time_gaps,"1,46 V different time gaps open cell\L_28_Loopeis 1,46V_180s_3_PEIS from 6500Hz to 1000Hz_07_PEIS_C01.mpt",.mpt,PEIS,"Electrochemical data from technique PEIS in TR-PEIS procedure for PEM-WE in open cathode configuration with OCV time gap 180 s, with PEIS frequency in between 6500Hz and 1000Hz."
944,VZ2_062_021_UK_D_0944_v2.mpt,open_cell_time_gaps,"1,46 V different time gaps open cell\L_28_Loopeis 1,46V_180s_3_PEIS from 6500Hz to 1000Hz_08_OCV_C01.mpt",.mpt,OCV,"Electrochemical data from technique OCV in TR-PEIS procedure for PEM-WE in open cathode configuration with OCV time gap 180 s, with PEIS frequency in between 6500Hz and 1000Hz."
945,VZ2_062_021_UK_D_0945_v2.mpt,open_cell_time_gaps,"1,46 V different time gaps open cell\L_28_Loopeis 1,46V_180s_3_PEIS from 6500Hz to 1000Hz_09_CA_C01.mpt",.mpt,CA,"Electrochemical data from technique CA in TR-PEIS procedure for PEM-WE in open cathode configuration with OCV time gap 180 s, with PEIS frequency in between 6500Hz and 1000Hz."
946,VZ2_062_021_UK_D_0946_v2.mpt,open_cell_time_gaps,"1,46 V different time gaps open cell\L_28_Loopeis 1,46V_180s_3_PEIS from 6500Hz to 1000Hz_10_OCV_C01.mpt",.mpt,OCV,"Electrochemical data from technique OCV in TR-PEIS procedure for PEM-WE in open cathode configuration with OCV time gap 180 s, with PEIS frequency in between 6500Hz and 1000Hz."
947,VZ2_062_021_UK_D_0947_v2.mpt,open_cell_time_gaps,"1,46 V different time gaps open cell\L_28_Loopeis 1,46V_180s_3_PEIS from 6500Hz to 1000Hz_11_PEIS_C01.mpt",.mpt,PEIS,"Electrochemical data from technique PEIS in TR-PEIS procedure for PEM-WE in open cathode configuration with OCV time gap 180 s, with PEIS frequency in between 6500Hz and 1000Hz."
948,VZ2_062_021_UK_D_0948_v2.mpt,open_cell_time_gaps,"1,46 V different time gaps open cell\L_28_Loopeis 1,46V_180s_3_PEIS from 6500Hz to 1000Hz_12_OCV_C01.mpt",.mpt,OCV,"Electrochemical data from technique OCV in TR-PEIS procedure for PEM-WE in open cathode configuration with OCV time gap 180 s, with PEIS frequency in between 6500Hz and 1000Hz."
949,VZ2_062_021_UK_D_0949_v2.mpt,open_cell_time_gaps,"1,46 V different time gaps open cell\L_28_Loopeis 1,46V_180s_3_PEIS from 6500Hz to 1000Hz_13_CA_C01.mpt",.mpt,CA,"Electrochemical data from technique CA in TR-PEIS procedure for PEM-WE in open cathode configuration with OCV time gap 180 s, with PEIS frequency in between 6500Hz and 1000Hz."
950,VZ2_062_021_UK_D_0950_v2.mpt,open_cell_time_gaps,"1,46 V different time gaps open cell\L_28_Loopeis 1,46V_180s_3_PEIS from 6500Hz to 1000Hz_14_OCV_C01.mpt",.mpt,OCV,"Electrochemical data from technique OCV in TR-PEIS procedure for PEM-WE in open cathode configuration with OCV time gap 180 s, with PEIS frequency in between 6500Hz and 1000Hz."
951,VZ2_062_021_UK_D_0951_v2.mpt,open_cell_time_gaps,"1,46 V different time gaps open cell\L_28_Loopeis 1,46V_180s_3_PEIS from 6500Hz to 1000Hz_15_PEIS_C01.mpt",.mpt,PEIS,"Electrochemical data from technique PEIS in TR-PEIS procedure for PEM-WE in open cathode configuration with OCV time gap 180 s, with PEIS frequency in between 6500Hz and 1000Hz."
952,VZ2_062_021_UK_D_0952_v2.mpt,open_cell_time_gaps,"1,46 V different time gaps open cell\L_28_Loopeis 1,46V_180s_3_PEIS from 6500Hz to 1000Hz_16_OCV_C01.mpt",.mpt,OCV,"Electrochemical data from technique OCV in TR-PEIS procedure for PEM-WE in open cathode configuration with OCV time gap 180 s, with PEIS frequency in between 6500Hz and 1000Hz."
953,VZ2_062_021_UK_D_0953_v2.mpt,open_cell_time_gaps,"1,46 V different time gaps open cell\L_28_Loopeis 1,46V_180s_3_PEIS from 6500Hz to 1000Hz_17_CA_C01.mpt",.mpt,CA,"Electrochemical data from technique CA in TR-PEIS procedure for PEM-WE in open cathode configuration with OCV time gap 180 s, with PEIS frequency in between 6500Hz and 1000Hz."
954,VZ2_062_021_UK_D_0954_v2.mpt,open_cell_time_gaps,"1,46 V different time gaps open cell\L_28_Loopeis 1,46V_180s_3_PEIS from 6500Hz to 1000Hz_18_OCV_C01.mpt",.mpt,OCV,"Electrochemical data from technique OCV in TR-PEIS procedure for PEM-WE in open cathode configuration with OCV time gap 180 s, with PEIS frequency in between 6500Hz and 1000Hz."
955,VZ2_062_021_UK_D_0955_v2.mpt,open_cell_time_gaps,"1,46 V different time gaps open cell\L_28_Loopeis 1,46V_180s_3_PEIS from 6500Hz to 1000Hz_19_PEIS_C01.mpt",.mpt,PEIS,"Electrochemical data from technique PEIS in TR-PEIS procedure for PEM-WE in open cathode configuration with OCV time gap 180 s, with PEIS frequency in between 6500Hz and 1000Hz."
956,VZ2_062_021_UK_D_0956_v2.mpt,open_cell_time_gaps,"1,46 V different time gaps open cell\L_28_Loopeis 1,46V_180s_3_PEIS from 6500Hz to 1000Hz_20_OCV_C01.mpt",.mpt,OCV,"Electrochemical data from technique OCV in TR-PEIS procedure for PEM-WE in open cathode configuration with OCV time gap 180 s, with PEIS frequency in between 6500Hz and 1000Hz."
957,VZ2_062_021_UK_D_0957_v2.mpt,open_cell_time_gaps,"1,46 V different time gaps open cell\L_29_Loopeis 1,46V_180s_4_PEIS from 650Hz to 100Hz_01_CA_C01.mpt",.mpt,CA,"Electrochemical data from technique CA in TR-PEIS procedure for PEM-WE in open cathode configuration with OCV time gap 180 s, with PEIS frequency in between 650Hz and 100Hz."
958,VZ2_062_021_UK_D_0958_v2.mpt,open_cell_time_gaps,"1,46 V different time gaps open cell\L_29_Loopeis 1,46V_180s_4_PEIS from 650Hz to 100Hz_02_OCV_C01.mpt",.mpt,OCV,"Electrochemical data from technique OCV in TR-PEIS procedure for PEM-WE in open cathode configuration with OCV time gap 180 s, with PEIS frequency in between 650Hz and 100Hz."
959,VZ2_062_021_UK_D_0959_v2.mpt,open_cell_time_gaps,"1,46 V different time gaps open cell\L_29_Loopeis 1,46V_180s_4_PEIS from 650Hz to 100Hz_03_PEIS_C01.mpt",.mpt,PEIS,"Electrochemical data from technique PEIS in TR-PEIS procedure for PEM-WE in open cathode configuration with OCV time gap 180 s, with PEIS frequency in between 650Hz and 100Hz."
960,VZ2_062_021_UK_D_0960_v2.mpt,open_cell_time_gaps,"1,46 V different time gaps open cell\L_29_Loopeis 1,46V_180s_4_PEIS from 650Hz to 100Hz_04_OCV_C01.mpt",.mpt,OCV,"Electrochemical data from technique OCV in TR-PEIS procedure for PEM-WE in open cathode configuration with OCV time gap 180 s, with PEIS frequency in between 650Hz and 100Hz."
961,VZ2_062_021_UK_D_0961_v2.mpt,open_cell_time_gaps,"1,46 V different time gaps open cell\L_29_Loopeis 1,46V_180s_4_PEIS from 650Hz to 100Hz_05_CA_C01.mpt",.mpt,CA,"Electrochemical data from technique CA in TR-PEIS procedure for PEM-WE in open cathode configuration with OCV time gap 180 s, with PEIS frequency in between 650Hz and 100Hz."
962,VZ2_062_021_UK_D_0962_v2.mpt,open_cell_time_gaps,"1,46 V different time gaps open cell\L_29_Loopeis 1,46V_180s_4_PEIS from 650Hz to 100Hz_06_OCV_C01.mpt",.mpt,OCV,"Electrochemical data from technique OCV in TR-PEIS procedure for PEM-WE in open cathode configuration with OCV time gap 180 s, with PEIS frequency in between 650Hz and 100Hz."
963,VZ2_062_021_UK_D_0963_v2.mpt,open_cell_time_gaps,"1,46 V different time gaps open cell\L_29_Loopeis 1,46V_180s_4_PEIS from 650Hz to 100Hz_07_PEIS_C01.mpt",.mpt,PEIS,"Electrochemical data from technique PEIS in TR-PEIS procedure for PEM-WE in open cathode configuration with OCV time gap 180 s, with PEIS frequency in between 650Hz and 100Hz."
964,VZ2_062_021_UK_D_0964_v2.mpt,open_cell_time_gaps,"1,46 V different time gaps open cell\L_29_Loopeis 1,46V_180s_4_PEIS from 650Hz to 100Hz_08_OCV_C01.mpt",.mpt,OCV,"Electrochemical data from technique OCV in TR-PEIS procedure for PEM-WE in open cathode configuration with OCV time gap 180 s, with PEIS frequency in between 650Hz and 100Hz."
965,VZ2_062_021_UK_D_0965_v2.mpt,open_cell_time_gaps,"1,46 V different time gaps open cell\L_29_Loopeis 1,46V_180s_4_PEIS from 650Hz to 100Hz_09_CA_C01.mpt",.mpt,CA,"Electrochemical data from technique CA in TR-PEIS procedure for PEM-WE in open cathode configuration with OCV time gap 180 s, with PEIS frequency in between 650Hz and 100Hz."
966,VZ2_062_021_UK_D_0966_v2.mpt,open_cell_time_gaps,"1,46 V different time gaps open cell\L_29_Loopeis 1,46V_180s_4_PEIS from 650Hz to 100Hz_10_OCV_C01.mpt",.mpt,OCV,"Electrochemical data from technique OCV in TR-PEIS procedure for PEM-WE in open cathode configuration with OCV time gap 180 s, with PEIS frequency in between 650Hz and 100Hz."
967,VZ2_062_021_UK_D_0967_v2.mpt,open_cell_time_gaps,"1,46 V different time gaps open cell\L_29_Loopeis 1,46V_180s_4_PEIS from 650Hz to 100Hz_11_PEIS_C01.mpt",.mpt,PEIS,"Electrochemical data from technique PEIS in TR-PEIS procedure for PEM-WE in open cathode configuration with OCV time gap 180 s, with PEIS frequency in between 650Hz and 100Hz."
968,VZ2_062_021_UK_D_0968_v2.mpt,open_cell_time_gaps,"1,46 V different time gaps open cell\L_29_Loopeis 1,46V_180s_4_PEIS from 650Hz to 100Hz_12_OCV_C01.mpt",.mpt,OCV,"Electrochemical data from technique OCV in TR-PEIS procedure for PEM-WE in open cathode configuration with OCV time gap 180 s, with PEIS frequency in between 650Hz and 100Hz."
969,VZ2_062_021_UK_D_0969_v2.mpt,open_cell_time_gaps,"1,46 V different time gaps open cell\L_29_Loopeis 1,46V_180s_4_PEIS from 650Hz to 100Hz_13_CA_C01.mpt",.mpt,CA,"Electrochemical data from technique CA in TR-PEIS procedure for PEM-WE in open cathode configuration with OCV time gap 180 s, with PEIS frequency in between 650Hz and 100Hz."
970,VZ2_062_021_UK_D_0970_v2.mpt,open_cell_time_gaps,"1,46 V different time gaps open cell\L_29_Loopeis 1,46V_180s_4_PEIS from 650Hz to 100Hz_14_OCV_C01.mpt",.mpt,OCV,"Electrochemical data from technique OCV in TR-PEIS procedure for PEM-WE in open cathode configuration with OCV time gap 180 s, with PEIS frequency in between 650Hz and 100Hz."
971,VZ2_062_021_UK_D_0971_v2.mpt,open_cell_time_gaps,"1,46 V different time gaps open cell\L_29_Loopeis 1,46V_180s_4_PEIS from 650Hz to 100Hz_15_PEIS_C01.mpt",.mpt,PEIS,"Electrochemical data from technique PEIS in TR-PEIS procedure for PEM-WE in open cathode configuration with OCV time gap 180 s, with PEIS frequency in between 650Hz and 100Hz."
972,VZ2_062_021_UK_D_0972_v2.mpt,open_cell_time_gaps,"1,46 V different time gaps open cell\L_29_Loopeis 1,46V_180s_4_PEIS from 650Hz to 100Hz_16_OCV_C01.mpt",.mpt,OCV,"Electrochemical data from technique OCV in TR-PEIS procedure for PEM-WE in open cathode configuration with OCV time gap 180 s, with PEIS frequency in between 650Hz and 100Hz."
973,VZ2_062_021_UK_D_0973_v2.mpt,open_cell_time_gaps,"1,46 V different time gaps open cell\L_29_Loopeis 1,46V_180s_4_PEIS from 650Hz to 100Hz_17_CA_C01.mpt",.mpt,CA,"Electrochemical data from technique CA in TR-PEIS procedure for PEM-WE in open cathode configuration with OCV time gap 180 s, with PEIS frequency in between 650Hz and 100Hz."
974,VZ2_062_021_UK_D_0974_v2.mpt,open_cell_time_gaps,"1,46 V different time gaps open cell\L_29_Loopeis 1,46V_180s_4_PEIS from 650Hz to 100Hz_18_OCV_C01.mpt",.mpt,OCV,"Electrochemical data from technique OCV in TR-PEIS procedure for PEM-WE in open cathode configuration with OCV time gap 180 s, with PEIS frequency in between 650Hz and 100Hz."
975,VZ2_062_021_UK_D_0975_v2.mpt,open_cell_time_gaps,"1,46 V different time gaps open cell\L_29_Loopeis 1,46V_180s_4_PEIS from 650Hz to 100Hz_19_PEIS_C01.mpt",.mpt,PEIS,"Electrochemical data from technique PEIS in TR-PEIS procedure for PEM-WE in open cathode configuration with OCV time gap 180 s, with PEIS frequency in between 650Hz and 100Hz."
976,VZ2_062_021_UK_D_0976_v2.mpt,open_cell_time_gaps,"1,46 V different time gaps open cell\L_29_Loopeis 1,46V_180s_4_PEIS from 650Hz to 100Hz_20_OCV_C01.mpt",.mpt,OCV,"Electrochemical data from technique OCV in TR-PEIS procedure for PEM-WE in open cathode configuration with OCV time gap 180 s, with PEIS frequency in between 650Hz and 100Hz."
977,VZ2_062_021_UK_D_0977_v2.mpt,open_cell_time_gaps,"1,46 V different time gaps open cell\L_30_Loopeis 1,46V_180s_5_PEIS from 65Hz to 10Hz_01_CA_C01.mpt",.mpt,CA,"Electrochemical data from technique CA in TR-PEIS procedure for PEM-WE in open cathode configuration with OCV time gap 180 s, with PEIS frequency in between 65Hz and 10Hz."
978,VZ2_062_021_UK_D_0978_v2.mpt,open_cell_time_gaps,"1,46 V different time gaps open cell\L_30_Loopeis 1,46V_180s_5_PEIS from 65Hz to 10Hz_02_OCV_C01.mpt",.mpt,OCV,"Electrochemical data from technique OCV in TR-PEIS procedure for PEM-WE in open cathode configuration with OCV time gap 180 s, with PEIS frequency in between 65Hz and 10Hz."
979,VZ2_062_021_UK_D_0979_v2.mpt,open_cell_time_gaps,"1,46 V different time gaps open cell\L_30_Loopeis 1,46V_180s_5_PEIS from 65Hz to 10Hz_03_PEIS_C01.mpt",.mpt,PEIS,"Electrochemical data from technique PEIS in TR-PEIS procedure for PEM-WE in open cathode configuration with OCV time gap 180 s, with PEIS frequency in between 65Hz and 10Hz."
980,VZ2_062_021_UK_D_0980_v2.mpt,open_cell_time_gaps,"1,46 V different time gaps open cell\L_30_Loopeis 1,46V_180s_5_PEIS from 65Hz to 10Hz_04_OCV_C01.mpt",.mpt,OCV,"Electrochemical data from technique OCV in TR-PEIS procedure for PEM-WE in open cathode configuration with OCV time gap 180 s, with PEIS frequency in between 65Hz and 10Hz."
981,VZ2_062_021_UK_D_0981_v2.mpt,open_cell_time_gaps,"1,46 V different time gaps open cell\L_30_Loopeis 1,46V_180s_5_PEIS from 65Hz to 10Hz_05_CA_C01.mpt",.mpt,CA,"Electrochemical data from technique CA in TR-PEIS procedure for PEM-WE in open cathode configuration with OCV time gap 180 s, with PEIS frequency in between 65Hz and 10Hz."
982,VZ2_062_021_UK_D_0982_v2.mpt,open_cell_time_gaps,"1,46 V different time gaps open cell\L_30_Loopeis 1,46V_180s_5_PEIS from 65Hz to 10Hz_06_OCV_C01.mpt",.mpt,OCV,"Electrochemical data from technique OCV in TR-PEIS procedure for PEM-WE in open cathode configuration with OCV time gap 180 s, with PEIS frequency in between 65Hz and 10Hz."
983,VZ2_062_021_UK_D_0983_v2.mpt,open_cell_time_gaps,"1,46 V different time gaps open cell\L_30_Loopeis 1,46V_180s_5_PEIS from 65Hz to 10Hz_07_PEIS_C01.mpt",.mpt,PEIS,"Electrochemical data from technique PEIS in TR-PEIS procedure for PEM-WE in open cathode configuration with OCV time gap 180 s, with PEIS frequency in between 65Hz and 10Hz."
984,VZ2_062_021_UK_D_0984_v2.mpt,open_cell_time_gaps,"1,46 V different time gaps open cell\L_30_Loopeis 1,46V_180s_5_PEIS from 65Hz to 10Hz_08_OCV_C01.mpt",.mpt,OCV,"Electrochemical data from technique OCV in TR-PEIS procedure for PEM-WE in open cathode configuration with OCV time gap 180 s, with PEIS frequency in between 65Hz and 10Hz."
985,VZ2_062_021_UK_D_0985_v2.mpt,open_cell_time_gaps,"1,46 V different time gaps open cell\L_30_Loopeis 1,46V_180s_5_PEIS from 65Hz to 10Hz_09_CA_C01.mpt",.mpt,CA,"Electrochemical data from technique CA in TR-PEIS procedure for PEM-WE in open cathode configuration with OCV time gap 180 s, with PEIS frequency in between 65Hz and 10Hz."
986,VZ2_062_021_UK_D_0986_v2.mpt,open_cell_time_gaps,"1,46 V different time gaps open cell\L_30_Loopeis 1,46V_180s_5_PEIS from 65Hz to 10Hz_10_OCV_C01.mpt",.mpt,OCV,"Electrochemical data from technique OCV in TR-PEIS procedure for PEM-WE in open cathode configuration with OCV time gap 180 s, with PEIS frequency in between 65Hz and 10Hz."
987,VZ2_062_021_UK_D_0987_v2.mpt,open_cell_time_gaps,"1,46 V different time gaps open cell\L_30_Loopeis 1,46V_180s_5_PEIS from 65Hz to 10Hz_11_PEIS_C01.mpt",.mpt,PEIS,"Electrochemical data from technique PEIS in TR-PEIS procedure for PEM-WE in open cathode configuration with OCV time gap 180 s, with PEIS frequency in between 65Hz and 10Hz."
988,VZ2_062_021_UK_D_0988_v2.mpt,open_cell_time_gaps,"1,46 V different time gaps open cell\L_30_Loopeis 1,46V_180s_5_PEIS from 65Hz to 10Hz_12_OCV_C01.mpt",.mpt,OCV,"Electrochemical data from technique OCV in TR-PEIS procedure for PEM-WE in open cathode configuration with OCV time gap 180 s, with PEIS frequency in between 65Hz and 10Hz."
989,VZ2_062_021_UK_D_0989_v2.mpt,open_cell_time_gaps,"1,46 V different time gaps open cell\L_30_Loopeis 1,46V_180s_5_PEIS from 65Hz to 10Hz_13_CA_C01.mpt",.mpt,CA,"Electrochemical data from technique CA in TR-PEIS procedure for PEM-WE in open cathode configuration with OCV time gap 180 s, with PEIS frequency in between 65Hz and 10Hz."
990,VZ2_062_021_UK_D_0990_v2.mpt,open_cell_time_gaps,"1,46 V different time gaps open cell\L_30_Loopeis 1,46V_180s_5_PEIS from 65Hz to 10Hz_14_OCV_C01.mpt",.mpt,OCV,"Electrochemical data from technique OCV in TR-PEIS procedure for PEM-WE in open cathode configuration with OCV time gap 180 s, with PEIS frequency in between 65Hz and 10Hz."
991,VZ2_062_021_UK_D_0991_v2.mpt,open_cell_time_gaps,"1,46 V different time gaps open cell\L_30_Loopeis 1,46V_180s_5_PEIS from 65Hz to 10Hz_15_PEIS_C01.mpt",.mpt,PEIS,"Electrochemical data from technique PEIS in TR-PEIS procedure for PEM-WE in open cathode configuration with OCV time gap 180 s, with PEIS frequency in between 65Hz and 10Hz."
992,VZ2_062_021_UK_D_0992_v2.mpt,open_cell_time_gaps,"1,46 V different time gaps open cell\L_30_Loopeis 1,46V_180s_5_PEIS from 65Hz to 10Hz_16_OCV_C01.mpt",.mpt,OCV,"Electrochemical data from technique OCV in TR-PEIS procedure for PEM-WE in open cathode configuration with OCV time gap 180 s, with PEIS frequency in between 65Hz and 10Hz."
993,VZ2_062_021_UK_D_0993_v2.mpt,open_cell_time_gaps,"1,46 V different time gaps open cell\L_30_Loopeis 1,46V_180s_5_PEIS from 65Hz to 10Hz_17_CA_C01.mpt",.mpt,CA,"Electrochemical data from technique CA in TR-PEIS procedure for PEM-WE in open cathode configuration with OCV time gap 180 s, with PEIS frequency in between 65Hz and 10Hz."
994,VZ2_062_021_UK_D_0994_v2.mpt,open_cell_time_gaps,"1,46 V different time gaps open cell\L_30_Loopeis 1,46V_180s_5_PEIS from 65Hz to 10Hz_18_OCV_C01.mpt",.mpt,OCV,"Electrochemical data from technique OCV in TR-PEIS procedure for PEM-WE in open cathode configuration with OCV time gap 180 s, with PEIS frequency in between 65Hz and 10Hz."
995,VZ2_062_021_UK_D_0995_v2.mpt,open_cell_time_gaps,"1,46 V different time gaps open cell\L_30_Loopeis 1,46V_180s_5_PEIS from 65Hz to 10Hz_19_PEIS_C01.mpt",.mpt,PEIS,"Electrochemical data from technique PEIS in TR-PEIS procedure for PEM-WE in open cathode configuration with OCV time gap 180 s, with PEIS frequency in between 65Hz and 10Hz."
996,VZ2_062_021_UK_D_0996_v2.mpt,open_cell_time_gaps,"1,46 V different time gaps open cell\L_30_Loopeis 1,46V_180s_5_PEIS from 65Hz to 10Hz_20_OCV_C01.mpt",.mpt,OCV,"Electrochemical data from technique OCV in TR-PEIS procedure for PEM-WE in open cathode configuration with OCV time gap 180 s, with PEIS frequency in between 65Hz and 10Hz."
997,VZ2_062_021_UK_D_0997_v2.csv,TRPEIS_CV,"TRPEIS_CV__1,9V_OCV180s_CA.csv",.csv,CA,Electrochemical data from technique CA in TR-PEIS procedure with CV for AEM-WE with OCV time gap 180 s.
998,VZ2_062_021_UK_D_0998_v2.csv,TRPEIS_CV,"TRPEIS_CV__1,9V_OCV180s_CV.csv",.csv,CV,Electrochemical data from technique CV in TR-PEIS procedure with CV for AEM-WE with OCV time gap 180 s.
999,VZ2_062_021_UK_D_0999_v2.csv,TRPEIS_CV,"TRPEIS_CV__1,9V_OCV180s_PEIS.csv",.csv,PEIS,Electrochemical data from technique PEIS in TR-PEIS procedure with CV for AEM-WE with OCV time gap 180 s.
