frequency_Hz,Re_Z_ohm,Im_Z_ohm,minus_Im_Z_ohm,abs_Z_ohm,phase_deg,abs_Z_p10_ohm,abs_Z_p90_ohm,phase_p10_deg,phase_p90_deg,input_peak_amplitude_A,input_repeat_snr_dB,estimator,band,n_periods,period_s,sample_rate_Hz,phase_coverage,max_phase_interval_s,uncertainty_kind,voltage_channel,applied_delay_correction_s,geis_Re_Z_ohm,geis_Im_Z_ohm,geis_abs_Z_ohm,geis_phase_deg,Re_residual_ohm,Im_residual_ohm,phase_residual_deg,complex_relative_error_pct
2.718869019200994,0.07016462192814459,-0.002605719753490894,0.002605719753490894,0.07021298986479069,-2.1268291870866234,0.07012325939727236,0.07032609824703723,-2.210811537117405,-2.0770767314566045,0.007615091680426585,93.16507060903865,periodic reconstruction FFT,slow PRBS,12,5.149199869920267,5000.000126310628,0.9923871669385536,0.00039999998989515007,10-90% leave-one-period sensitivity; excludes systematic errors,<Ewe>/V,0.0,0.06771079487013898,-0.0017604090692730204,0.06773367755954973,-1.4893300141953323,0.002453827058005606,-0.0008453106842178737,-0.6374991728912911,3.8316911524659485
4.078303528801491,0.06945644898042767,-0.003769827312633268,0.003769827312633268,0.06955867956580133,-3.106744900121266,0.06932257638486475,0.06969738843032522,-3.1778919829916403,-3.0515784069581775,0.003651000014549281,85.28478358852276,periodic reconstruction FFT,slow PRBS,12,5.149199869920267,5000.000126310628,0.9923871669385536,0.00039999998989515007,10-90% leave-one-period sensitivity; excludes systematic errors,<Ewe>/V,0.0,0.06784216101955556,-0.003035374358479206,0.06791003707136789,-2.5616957340530035,0.00161428796087211,-0.0007344529541540622,-0.5450491660682624,2.6115617451721493
5.437738038401988,0.06902996382331045,-0.003838880816635003,0.003838880816635003,0.06913662496370414,-3.1830429906675834,0.06904922105913142,0.06922488441663228,-3.2467995834641585,-3.133553920878365,0.007629340203841684,90.23436958795662,periodic reconstruction FFT,slow PRBS,12,5.149199869920267,5000.000126310628,0.9923871669385536,0.00039999998989515007,10-90% leave-one-period sensitivity; excludes systematic errors,<Ewe>/V,0.0,0.06861703635577501,-0.0032550250593032346,0.06869431105171064,-2.7162072198456384,0.0004129274675354344,-0.0005838557573317684,-0.46683577082194505,1.0410178166457198
6.797172548002484,0.06860210602347491,-0.005524197569590529,0.005524197569590529,0.0688241651576244,-4.603819777188893,0.06859746777827189,0.069129403035723,-4.793749536471421,-4.312214431233569,0.002858171603336294,80.82482928484318,periodic reconstruction FFT,slow PRBS,12,5.149199869920267,5000.000126310628,0.9923871669385536,0.00039999998989515007,10-90% leave-one-period sensitivity; excludes systematic errors,<Ewe>/V,0.0,0.06797509571005231,-0.003696311519666024,0.06807698070052552,-3.1155336037828727,0.0006270103134226046,-0.001827886049924505,-1.4882861734060207,2.8386043221816633
8.156607057602981,0.06932787857399854,-0.004650695272040294,0.004650695272040294,0.06948369387190395,-3.8378007155202716,0.0692096392675227,0.06972810978244992,-4.027768262664337,-3.7362038508036033,0.0037114103489249636,85.52772952943586,periodic reconstruction FFT,slow PRBS,12,5.149199869920267,5000.000126310628,0.9923871669385536,0.00039999998989515007,10-90% leave-one-period sensitivity; excludes systematic errors,<Ewe>/V,0.0,0.0671524101175007,-0.004391969940716148,0.06729632923065133,-3.741830114452133,0.0021754684564978394,-0.00025872533132414565,-0.0959706010681387,3.2554514895571915
9.516041567203478,0.06911253932708884,-0.006153755372236269,0.006153755372236269,0.0693859625386845,-5.0881772325522565,0.06936328576979985,0.06948386403335745,-5.190998719732531,-5.01678954956202,0.002888180085218409,83.83060735167582,periodic reconstruction FFT,slow PRBS,12,5.149199869920267,5000.000126310628,0.9923871669385536,0.00039999998989515007,10-90% leave-one-period sensitivity; excludes systematic errors,<Ewe>/V,0.0,0.06722507595090531,-0.004924221009316225,0.0674059975062503,-4.189130752095343,0.0018874633761835347,-0.0012295343629200439,-0.8990464804569136,3.341860857977679
10.875476076803976,0.06892639091986263,-0.0071445272414591724,0.0071445272414591724,0.06929568265586013,-5.917828779457154,0.06922935088034801,0.06935641810192851,-5.952741088779609,-5.895824751155414,0.007542749330340322,89.97284278557814,periodic reconstruction FFT,slow PRBS,12,5.149199869920267,5000.000126310628,0.9923871669385536,0.00039999998989515007,10-90% leave-one-period sensitivity; excludes systematic errors,<Ewe>/V,0.0,0.06691734177688761,-0.0055877283061840635,0.06715378930530796,-4.776701893008381,0.0020090491429750196,-0.001556798935275109,-1.141126886448773,3.784795514335868
12.234910586404471,0.06815410326002785,-0.008164155522308206,0.008164155522308206,0.06864135216158679,-6.830891496050301,0.06851939287621071,0.0687450120665636,-6.860264934760522,-6.804570978003968,0.0075322868208962885,91.60976223409267,periodic reconstruction FFT,slow PRBS,12,5.149199869920267,5000.000126310628,0.9923871669385536,0.00039999998989515007,10-90% leave-one-period sensitivity; excludes systematic errors,<Ewe>/V,0.0,0.06643412665137453,-0.006288645760471957,0.06673296198518278,-5.409297042343876,0.0017199766086533202,-0.0018755097618362495,-1.4215944537064242,3.8133634814380124
13.594345096004968,0.06736321622300345,-0.008687754707679643,0.008687754707679643,0.0679211305984222,-7.348804289879774,0.06781624794898553,0.0681139534194025,-7.460987922893194,-7.283633805824363,0.0028835219111527305,81.9964110785012,periodic reconstruction FFT,slow PRBS,12,5.149199869920267,5000.000126310628,0.9923871669385536,0.00039999998989515007,10-90% leave-one-period sensitivity; excludes systematic errors,<Ewe>/V,0.0,0.0660222388328811,-0.00711309888572669,0.06641130014438318,-6.153030549388732,0.0013409773901223582,-0.001574655821952953,-1.1957737404910418,3.114341922988809
14.953779605605465,0.06692397309175933,-0.010169573309068303,0.010169573309068303,0.06769223290507591,-8.640400448856342,0.06750915737818788,0.06782241458953568,-8.791328257335795,-8.499148357114116,0.0015481057118577454,77.60168528766452,periodic reconstruction FFT,slow PRBS,12,5.149199869920267,5000.000126310628,0.9923871669385536,0.00039999998989515007,10-90% leave-one-period sensitivity; excludes systematic errors,<Ewe>/V,0.0,0.06565753987545805,-0.007935504078260349,0.06614157158029592,-6.894811725674263,0.0012664332163012798,-0.0022340692308079543,-1.7455887231820792,3.882667530648171
16.313214115205962,0.06638207273606074,-0.009732159237927402,0.009732159237927402,0.06709168729558107,-8.340614775963472,0.06702331188441195,0.06714151754794423,-8.417912707171654,-8.256557716456308,0.0034750579722260103,82.17373539173614,periodic reconstruction FFT,slow PRBS,12,5.149199869920267,5000.000126310628,0.9923871669385536,0.00039999998989515007,10-90% leave-one-period sensitivity; excludes systematic errors,<Ewe>/V,0.0,0.06531849603602627,-0.00853302883820159,0.06587400319964894,-7.443731664606588,0.0010635767000344715,-0.0011991303997258129,-0.8968831113568836,2.4331966967891447
17.67264862480646,0.06582938174493026,-0.010456877633007176,0.010456877633007176,0.06665473569635877,-9.025918374472745,0.0665128107596579,0.06688120912995713,-9.187785541942436,-8.949987272914411,0.0016080553702622934,78.99219108189749,periodic reconstruction FFT,slow PRBS,12,5.149199869920267,5000.000126310628,0.9923871669385536,0.00039999998989515007,10-90% leave-one-period sensitivity; excludes systematic errors,<Ewe>/V,0.0,0.06499411663937468,-0.008768873050235557,0.06558420018173253,-7.686049534391741,0.0008352651055555799,-0.001688004582771619,-1.339868840081004,2.871660120189397
19.032083134406957,0.06581988782468792,-0.010457495389690208,0.010457495389690208,0.06664545628232951,-9.027723357803296,0.0665371657868816,0.06676397817154006,-9.159057563879635,-8.93061524783137,0.002729482902066288,83.81163375677468,periodic reconstruction FFT,slow PRBS,12,5.149199869920267,5000.000126310628,0.9923871669385536,0.00039999998989515007,10-90% leave-one-period sensitivity; excludes systematic errors,<Ewe>/V,0.0,0.06469378822729317,-0.008987230684628884,0.06531588449619365,-7.91040083969278,0.0011260995973947502,-0.0014702647050613242,-1.117322518110516,2.835399321862126
20.391517644007454,0.06493048287975522,-0.010837853325845146,0.010837853325845146,0.06582876781249,-9.476149904128329,0.06570229215460864,0.06589576214822884,-9.631383933493217,-9.324988952162554,0.0016224838192698443,77.14154123704115,periodic reconstruction FFT,slow PRBS,12,5.149199869920267,5000.000126310628,0.9923871669385536,0.00039999998989515007,10-90% leave-one-period sensitivity; excludes systematic errors,<Ewe>/V,0.0,0.06438308743806358,-0.00927995167194275,0.06505062729532503,-8.203982591964598,0.0005473954416916477,-0.0015579016539023962,-1.272167312163731,2.5384413700951782
21.75095215360795,0.06524414742635556,-0.011997093880932258,0.011997093880932258,0.06633799088742379,-10.419158088557468,0.0663061071443253,0.0663638864043705,-10.452752806452738,-10.380979250217417,0.007141995727102337,90.56794063552795,periodic reconstruction FFT,slow PRBS,12,5.149199869920267,5000.000126310628,0.9923871669385536,0.00039999998989515007,10-90% leave-one-period sensitivity; excludes systematic errors,<Ewe>/V,0.0,0.06401626399999107,-0.009772840556950643,0.06476462407079935,-8.68611718139049,0.0012278834263644983,-0.002224253323981615,-1.7330409071669788,3.9229276004374034
23.11038666320845,0.06508393472850565,-0.012842505325401288,0.012842505325401288,0.06633889132912416,-11.162331296277472,0.06626224257725295,0.0664250029859932,-11.273507471818954,-11.089012120699374,0.0028068275288377154,83.15045520093744,periodic reconstruction FFT,slow PRBS,12,5.149199869920267,5000.000126310628,0.9923871669385536,0.00039999998989515007,10-90% leave-one-period sensitivity; excludes systematic errors,<Ewe>/V,0.0,0.06367168634598587,-0.010235838495614784,0.06449596533769651,-9.139013012180618,0.0014122483825197846,-0.002606666829786504,-2.023318284096854,4.59664617086242
24.469821172808942,0.06416746691864524,-0.013319773903754162,0.013319773903754162,0.06553533541229924,-11.72682215051648,0.06549558370966654,0.06557817447274814,-11.771666108032914,-11.691212326123356,0.006936427307746491,90.01386171818338,periodic reconstruction FFT,slow PRBS,12,5.149199869920267,5000.000126310628,0.9923871669385536,0.00039999998989515007,10-90% leave-one-period sensitivity; excludes systematic errors,<Ewe>/V,0.0,0.06334680989220337,-0.01067236456360972,0.06424266714649451,-9.566014559523417,0.000820657026441865,-0.002647409340144442,-2.1608075909930626,4.314403630843115
25.82925568240944,0.06338993882216773,-0.013796874203313306,0.013796874203313306,0.06487401699956785,-12.278972883320646,0.06477076063235945,0.06498069269541273,-12.412391039639914,-12.17652252029973,0.0031659161547359024,82.51615873609502,periodic reconstruction FFT,slow PRBS,12,5.149199869920267,5000.000126310628,0.9923871669385536,0.00039999998989515007,10-90% leave-one-period sensitivity; excludes systematic errors,<Ewe>/V,0.0,0.0629646061529604,-0.011100444172325736,0.06393949860540143,-10.003357659256706,0.00042533266920732893,-0.00269643003098757,-2.275615224063941,4.269301123503608
27.188690192009936,0.06277574114274692,-0.014691667662073572,0.014691667662073572,0.06447199992798414,-13.172097341740619,0.0643600393439312,0.06461808748210086,-13.30460820743567,-13.123160195631513,0.0025796381627938344,82.80424292700746,periodic reconstruction FFT,slow PRBS,12,5.149199869920267,5000.000126310628,0.9923871669385536,0.00039999998989515007,10-90% leave-one-period sensitivity; excludes systematic errors,<Ewe>/V,0.0,0.06252467630471645,-0.011522216018122988,0.0635862457768484,-10.452785491736025,0.00025106483803047364,-0.003169451643950584,-2.719311850004594,5.000106509826524
28.548124701610433,0.06254392127344127,-0.01299550051011742,0.01299550051011742,0.06387977083370668,-11.738010075791935,0.0637183782588737,0.06402313633258377,-12.068537836063578,-11.51846807404451,0.001461099786071829,75.81758927451911,periodic reconstruction FFT,slow PRBS,12,5.149199869920267,5000.000126310628,0.9923871669385536,0.00039999998989515007,10-90% leave-one-period sensitivity; excludes systematic errors,<Ewe>/V,0.0,0.06210621518274834,-0.011923405254341879,0.06325023180651933,-10.880281093077238,0.0004377060906929353,-0.0010720952557755417,-0.857728982714697,1.8308307427927568
29.90755921121093,0.06176531840930973,-0.013199216748696837,0.013199216748696837,0.06315990722746903,-12.062639386664932,0.06286300389702794,0.06333622907618801,-12.3774974898974,-11.796519525115285,0.0015112859210834775,78.33786950247078,periodic reconstruction FFT,slow PRBS,12,5.149199869920267,5000.000126310628,0.9923871669385536,0.00039999998989515007,10-90% leave-one-period sensitivity; excludes systematic errors,<Ewe>/V,0.0,0.061707224561012575,-0.012305927630709423,0.06292985216813632,-11.287885830564493,5.809384829715686e-05,-0.0008932891179874135,-0.7747535561004391,1.4224984190971248
20.02670277560999,0.06521449721125998,-0.01195860269698639,0.01195860269698639,0.06630187648160349,-10.391077622253144,0.06606757591167345,0.06653075856229705,-10.548931875357917,-10.231737514717128,0.0012145853241759725,73.16197285998763,periodic reconstruction FFT,fast PRBS,7,4.194399894040544,5000.000126310628,0.9755864962807553,0.00039999998989515007,10-90% leave-one-period sensitivity; excludes systematic errors,<Ewe>/V,0.0,0.0644856940150281,-0.009142082506383795,0.06513062712309937,-8.069121580582301,0.0007288031962318781,-0.002816520190602594,-2.321956041670843,4.466846518017059
20.26511590389106,0.065607994720385,-0.012033196866455619,0.012033196866455619,0.06670237475575322,-10.393136787205062,0.06641614707767804,0.066922953644281,-10.58741162540857,-10.125276030108276,0.0010931994600964475,72.24928705893485,periodic reconstruction FFT,fast PRBS,7,4.194399894040544,5000.000126310628,0.9755864962807553,0.00039999998989515007,10-90% leave-one-period sensitivity; excludes systematic errors,<Ewe>/V,0.0,0.064418429436211,-0.009232463762902992,0.06507818258318901,-8.157530817083913,0.0011895652841740073,-0.0028007331035526262,-2.2356059701211493,4.675743165012257
20.503529032172132,0.06492022089182894,-0.012410346691108638,0.012410346691108638,0.06609577736616293,-10.822268762920519,0.06586356124060222,0.06638178841166484,-11.053978959295636,-10.532119955886559,0.0012119289081086555,70.98989522477929,periodic reconstruction FFT,fast PRBS,7,4.194399894040544,5000.000126310628,0.9755864962807553,0.00039999998989515007,10-90% leave-one-period sensitivity; excludes systematic errors,<Ewe>/V,0.0,0.06435195159565713,-0.009321787904458681,0.06502635144377814,-8.244906003712606,0.0005682692961718194,-0.003088558786649957,-2.5773627592079134,4.829429967632128
20.741942160453203,0.06441474637459406,-0.010929598716074594,0.010929598716074594,0.06533540907193967,-9.62996927107967,0.06500060260508422,0.0655607577912642,-9.832970169329995,-9.454683034855083,0.0011376447340714902,71.74335508096289,periodic reconstruction FFT,fast PRBS,7,4.194399894040544,5000.000126310628,0.9755864962807553,0.00039999998989515007,10-90% leave-one-period sensitivity; excludes systematic errors,<Ewe>/V,0.0,0.06428624230227142,-0.009410079373841659,0.06497511952171676,-8.33127104994425,0.0001285040723226355,-0.0015195193422329351,-1.2986982211354192,2.3469651097396365
20.980355288734273,0.06442463573956626,-0.01122237547148301,0.01122237547148301,0.06539476585628809,-9.881423010960301,0.06527936124578572,0.06550643201806819,-10.043194640962058,-9.72145912289304,0.0012578578038526195,70.15823682171958,periodic reconstruction FFT,fast PRBS,7,4.194399894040544,5000.000126310628,0.9755864962807553,0.00039999998989515007,10-90% leave-one-period sensitivity; excludes systematic errors,<Ewe>/V,0.0,0.06422128398868115,-0.009497361775767049,0.06492447312015587,-8.416649045464943,0.00020335175088510848,-0.0017250136957159615,-1.4647739654953575,2.6753521910095004
21.218768417015347,0.06449118020925873,-0.010996150938205518,0.010996150938205518,0.06542192033438704,-9.676235635044062,0.06527520065752893,0.0655824887553042,-9.845896278828956,-9.48538632288308,0.0011868517769982115,69.28940619828187,periodic reconstruction FFT,fast PRBS,7,4.194399894040544,5000.000126310628,0.9755864962807553,0.00039999998989515007,10-90% leave-one-period sensitivity; excludes systematic errors,<Ewe>/V,0.0,0.06415705968304355,-0.00958365791475549,0.06487439900656652,-8.501062297225666,0.00033412052621517585,-0.0014124930234500274,-1.1751733378183964,2.2373582581407474
21.457181545296418,0.06497435732532238,-0.011152985836918684,0.011152985836918684,0.06592462516326643,-9.740020519546023,0.06577892231436352,0.06615464988577462,-9.84566594055227,-9.602293110557268,0.001456705537434058,75.12114921345317,periodic reconstruction FFT,fast PRBS,7,4.194399894040544,5000.000126310628,0.9755864962807553,0.00039999998989515007,10-90% leave-one-period sensitivity; excludes systematic errors,<Ewe>/V,0.0,0.06409355298242851,-0.009668989830897923,0.06482488439198703,-8.584532364426709,0.000880804342893865,-0.0014839960060207616,-1.1554881551193148,2.6621039055923013
21.69559467357749,0.06578284405976377,-0.011304194036429219,0.011304194036429219,0.06674704019958069,-9.750536434232265,0.06652094812581358,0.06710513944129584,-9.907018632617772,-9.565727332751154,0.001046035950569767,69.67030569001838,periodic reconstruction FFT,fast PRBS,7,4.194399894040544,5000.000126310628,0.9755864962807553,0.00039999998989515007,10-90% leave-one-period sensitivity; excludes systematic errors,<Ewe>/V,0.0,0.06403074802767195,-0.009753378833644303,0.06477591691141665,-8.667080091569176,0.0017520960320918239,-0.0015508152027849161,-1.083456342663089,3.6122123158504595
21.93400780185856,0.06630423890066532,-0.010881292088630565,0.010881292088630565,0.06719117958269964,-9.319823308071145,0.06697247637440788,0.06741130445089284,-9.582609285572278,-9.110075521243221,0.0011535021446289623,73.49527140975168,periodic reconstruction FFT,fast PRBS,7,4.194399894040544,5000.000126310628,0.9755864962807553,0.00039999998989515007,10-90% leave-one-period sensitivity; excludes systematic errors,<Ewe>/V,0.0,0.06396862947960343,-0.009836845533745801,0.06472748460528104,-8.748725639700224,0.002335609421061896,-0.001044446554884764,-0.5710976683709212,3.9527311764113087
22.17242093013963,0.06616854466572819,-0.011715022343700648,0.011715022343700648,0.06719760450859742,-10.0400723526691,0.06701155875497486,0.06744692934024317,-10.191213052395119,-9.890291026588349,0.0013673908790074248,74.22879673317341,periodic reconstruction FFT,fast PRBS,7,4.194399894040544,5000.000126310628,0.9755864962807553,0.00039999998989515007,10-90% leave-one-period sensitivity; excludes systematic errors,<Ewe>/V,0.0,0.06390718249655887,-0.009919409873470323,0.0646795759018992,-8.829488515969311,0.0022613621691693203,-0.0017956124702303254,-1.2105838366997883,4.464402463770094
22.410834058420704,0.06579275016223536,-0.012703069538386508,0.012703069538386508,0.06700786483396859,-10.928029375444527,0.0667183607364136,0.06718978387626051,-11.03667625033506,-10.751538150850209,0.0013253583192731927,74.32860658731047,periodic reconstruction FFT,fast PRBS,7,4.194399894040544,5000.000126310628,0.9755864962807553,0.00039999998989515007,10-90% leave-one-period sensitivity; excludes systematic errors,<Ewe>/V,0.0,0.06384639271309571,-0.010001091155202112,0.06463217960088846,-8.909387601603807,0.0019463574491396518,-0.0027019783831843964,-2.01864177384072,5.152254202434805
22.649247186701775,0.06490419689271688,-0.012711159716704341,0.012711159716704341,0.06613719343631182,-11.080840669337979,0.06603988625050461,0.06625027315280291,-11.216745945312733,-10.853949274668203,0.0011735593911364126,72.65961905923332,periodic reconstruction FFT,fast PRBS,7,4.194399894040544,5000.000126310628,0.9755864962807553,0.00039999998989515007,10-90% leave-one-period sensitivity; excludes systematic errors,<Ewe>/V,0.0,0.06378624621983454,-0.010081908068528059,0.06458528485744733,-8.988441178404285,0.0011179506728823396,-0.0026292516481762826,-2.092399490933694,4.423697398688791
22.887660314982845,0.06514443145629491,-0.013307983501831377,0.013307983501831377,0.06648984414667343,-11.545766991485214,0.0663940658079143,0.06663011291561059,-11.72148249435504,-11.336733230302775,0.0012496818561600024,71.56287856487393,periodic reconstruction FFT,fast PRBS,7,4.194399894040544,5000.000126310628,0.9755864962807553,0.00039999998989515007,10-90% leave-one-period sensitivity; excludes systematic errors,<Ewe>/V,0.0,0.06372672954435601,-0.010161878715905813,0.06453888116746134,-9.066666953852598,0.0014177019119388928,-0.0031461047859255645,-2.479100037632616,5.346816984520327
23.126073443263916,0.06475982841941592,-0.012655718467974005,0.012655718467974005,0.06598486634716183,-11.057690531724164,0.06578382268596696,0.0662072574903778,-11.234540673775529,-10.935212091480896,0.0013467974364886415,74.92269418296571,periodic reconstruction FFT,fast PRBS,7,4.194399894040544,5000.000126310628,0.9755864962807553,0.00039999998989515007,10-90% leave-one-period sensitivity; excludes systematic errors,<Ewe>/V,0.0,0.06366782963308767,-0.010241020637001854,0.06449295835338072,-9.144082084918914,0.0010919987863282493,-0.002414697830972151,-1.9136084468052506,4.109188393861931
23.364486571544987,0.06368721734940619,-0.014261958738589394,0.014261958738589394,0.06526457784105963,-12.622429086574138,0.06503875103812805,0.06550286609637335,-13.028555022024625,-12.069670279605942,0.0010277050234662542,70.91645717234525,periodic reconstruction FFT,fast PRBS,7,4.194399894040544,5000.000126310628,0.9755864962807553,0.00039999998989515007,10-90% leave-one-period sensitivity; excludes systematic errors,<Ewe>/V,0.0,0.06360953383411981,-0.01031935083178139,0.06444750655082218,-9.220703200647819,7.768351528637807e-05,-0.0039426079068080044,-3.4017258859263197,6.11873657417216
23.60289969982606,0.06416578599037157,-0.012481558026193523,0.012481558026193523,0.06536847391918676,-11.007737335336635,0.06501479808190526,0.0657779308731331,-11.210937564814925,-10.771322304493175,0.0013446698242227772,72.90250924017573,periodic reconstruction FFT,fast PRBS,7,4.194399894040544,5000.000126310628,0.9755864962807553,0.00039999998989515007,10-90% leave-one-period sensitivity; excludes systematic errors,<Ewe>/V,0.0,0.06355182988089346,-0.010396885782426127,0.06440251619585105,-9.296546423597874,0.000613956109478106,-0.002084672243767396,-1.7111909117387611,3.374403115040134
23.84131282810713,0.06434019202644455,-0.014283849626522642,0.014283849626522642,0.06590666635593755,-12.516951431738114,0.06542464861896412,0.06628970295076948,-12.94933912997986,-11.961321100968764,0.0011847796338377904,70.04579864947804,periodic reconstruction FFT,fast PRBS,7,4.194399894040544,5000.000126310628,0.9755864962807553,0.00039999998989515007,10-90% leave-one-period sensitivity; excludes systematic errors,<Ewe>/V,0.0,0.06349470587670833,-0.010473641474150572,0.06435797801290229,-9.371627390203711,0.0008454861497362159,-0.0038102081523720705,-3.145324041534403,6.064341821679847
24.079725956388202,0.06348115849913713,-0.013839103734638317,0.013839103734638317,0.06497213461608484,-12.298253353460051,0.06466253506812183,0.06522429437150258,-12.627461511282585,-11.90659220757515,0.0012965414852690756,72.8000177853556,periodic reconstruction FFT,fast PRBS,7,4.194399894040544,5000.000126310628,0.9755864962807553,0.00039999998989515007,10-90% leave-one-period sensitivity; excludes systematic errors,<Ewe>/V,0.0,0.06343815028000141,-0.010549633414982676,0.06431388300330272,-9.445961270125096,4.3008219135720616e-05,-0.0032894703196556414,-2.852292083334955,5.1151498086513
24.318139084669273,0.06296830820496312,-0.012270517342850973,0.012270517342850973,0.06415273520323535,-11.02693077145284,0.06390628655235289,0.06445060570872813,-11.22494396060481,-10.786012284779774,0.0012092428019977318,71.39599155322928,periodic reconstruction FFT,fast PRBS,7,4.194399894040544,5000.000126310628,0.9755864962807553,0.00039999998989515007,10-90% leave-one-period sensitivity; excludes systematic errors,<Ewe>/V,0.0,0.0633821518903508,-0.010624876654569957,0.06427022243435851,-9.51956278464273,-0.0004138436853876881,-0.0016456406882810158,-1.5073679868101095,2.6402265102250078
24.556552212950344,0.0649772621445758,-0.011988537506093818,0.011988537506093818,0.06607397087613201,-10.453714191569587,0.06560068838534491,0.06654755984451721,-10.739196865188301,-10.183282155929618,0.001108714872634132,73.79825738153541,periodic reconstruction FFT,fast PRBS,7,4.194399894040544,5000.000126310628,0.9755864962807553,0.00039999998989515007,10-90% leave-one-period sensitivity; excludes systematic errors,<Ewe>/V,0.0,0.06332669983516245,-0.010699385802068277,0.06422698782897511,-9.592446224156689,0.0016505623094133504,-0.0012891517040255415,-0.861267967412898,3.260844054681157
24.794965341231418,0.06333345750759486,-0.011233144975184055,0.011233144975184055,0.06432192772219926,-10.05767601535667,0.06376065169858337,0.06487613186257286,-10.207259188696336,-9.88152551287039,0.0010355027354176478,69.91251259514603,periodic reconstruction FFT,fast PRBS,7,4.194399894040544,5000.000126310628,0.9755864962807553,0.00039999998989515007,10-90% leave-one-period sensitivity; excludes systematic errors,<Ewe>/V,0.0,0.06327178355699986,-0.010773175043166324,0.06418417095577862,-9.664625464839476,6.167395059500369e-05,-0.0004599699320177314,-0.3930505505171933,0.723053998589983
25.03337846951249,0.06486572450082415,-0.012532702768773244,0.012532702768773244,0.06606535289928628,-10.93537009688075,0.06598778230375017,0.06615799258143654,-11.130677122591745,-10.80305901531194,0.0014647031678930579,74.07251442267685,periodic reconstruction FFT,fast PRBS,7,4.194399894040544,5000.000126310628,0.9755864962807553,0.00039999998989515007,10-90% leave-one-period sensitivity; excludes systematic errors,<Ewe>/V,0.0,0.06321739280152022,-0.010846258156295521,0.06414176381970982,-9.73611398449223,0.0016483316993039232,-0.0016864446124777235,-1.19925611238852,3.676538970162274
25.27179159779356,0.0647440001943267,-0.012672586621136829,0.012672586621136829,0.06597257015482413,-11.074704726014936,0.06563547121621112,0.0663087157210775,-11.264084961334428,-10.823557857789593,0.0011451939224331428,71.5857294408926,periodic reconstruction FFT,fast PRBS,7,4.194399894040544,5000.000126310628,0.9755864962807553,0.00039999998989515007,10-90% leave-one-period sensitivity; excludes systematic errors,<Ewe>/V,0.0,0.06315174207104896,-0.010921032245851019,0.06408976413671859,-9.812181519739722,0.0015922581232777483,-0.00175155437528581,-1.2625232062752136,3.6934353338844543
25.51020472607463,0.06483945275615507,-0.013793837499333507,0.013793837499333507,0.06629045622618451,-12.009964505621058,0.06609885893011373,0.06649239984145577,-12.219965513672287,-11.789794314274982,0.0013656363443706454,70.4753619319745,periodic reconstruction FFT,fast PRBS,7,4.194399894040544,5000.000126310628,0.9755864962807553,0.00039999998989515007,10-90% leave-one-period sensitivity; excludes systematic errors,<Ewe>/V,0.0,0.06307120859983255,-0.010998241716722316,0.06402509774362444,-9.8944536900762,0.0017682441563225265,-0.002795595782611191,-2.1155108155448588,5.166530076115014
25.7486178543557,0.06478226798672965,-0.014141386493364546,0.014141386493364546,0.06630777524136344,-12.313987445601105,0.0661454929257358,0.06650797971541757,-12.53849281124133,-12.105120463671863,0.0011908980697389465,72.65207915265667,periodic reconstruction FFT,fast PRBS,7,4.194399894040544,5000.000126310628,0.9755864962807553,0.00039999998989515007,10-90% leave-one-period sensitivity; excludes systematic errors,<Ewe>/V,0.0,0.0629914242880409,-0.011074732949550347,0.06396103290708957,-9.975960526808251,0.001790843698688746,-0.0030666535438141993,-2.3380269187928544,5.552232541732693
25.98703098263677,0.06359107374500797,-0.014837777869824147,0.014837777869824147,0.06529919074657269,-13.133903245126282,0.06512662511486396,0.0654627388513142,-13.343838512794564,-12.940122032481796,0.0010678911121955088,71.83258413100671,periodic reconstruction FFT,fast PRBS,7,4.194399894040544,5000.000126310628,0.9755864962807553,0.00039999998989515007,10-90% leave-one-period sensitivity; excludes systematic errors,<Ewe>/V,0.0,0.06291237532598769,-0.011150519184029838,0.06389755853827613,-10.056716137770156,0.0006786984190202822,-0.003687258685794309,-3.077187107356126,5.867518397635565
26.225444110917845,0.06338476906027575,-0.014117813335287987,0.014117813335287987,0.06493798273887576,-12.556635694034556,0.0648276719655902,0.06508877976430005,-12.730344739326055,-12.361976378765206,0.001332546743429024,70.79015440087306,periodic reconstruction FFT,fast PRBS,7,4.194399894040544,5000.000126310628,0.9755864962807553,0.00039999998989515007,10-90% leave-one-period sensitivity; excludes systematic errors,<Ewe>/V,0.0,0.0628340482823448,-0.011225613297113935,0.06383466385215858,-10.136734244269293,0.0005507207779309464,-0.0028922000381740517,-2.4199014497652627,4.612174627771956
26.463857239198916,0.06213331991043392,-0.014361988298840079,0.014361988298840079,0.06377159360552584,-13.01521588161895,0.06350919121018922,0.06421476492155417,-13.199344124945325,-12.848575776603722,0.001313340504751583,72.93894509608396,periodic reconstruction FFT,fast PRBS,7,4.194399894040544,5000.000126310628,0.9755864962807553,0.00039999998989515007,10-90% leave-one-period sensitivity; excludes systematic errors,<Ewe>/V,0.0,0.0627564300904457,-0.011300027816145562,0.06377233835652563,-10.216028195078547,-0.0006231101800117725,-0.003061960482694517,-2.799187686540403,4.899802947372311
26.702270367479986,0.06232031610038186,-0.01428036527863454,0.01428036527863454,0.06393551932488502,-12.906208624776436,0.06380890570191816,0.06407989731683662,-13.285069531419357,-12.5944079240536,0.0011436036984592353,72.79357257832328,periodic reconstruction FFT,fast PRBS,7,4.194399894040544,5000.000126310628,0.9755864962807553,0.00039999998989515007,10-90% leave-one-period sensitivity; excludes systematic errors,<Ewe>/V,0.0,0.06267950803520288,-0.011373774931399934,0.06371057184147531,-10.294610979801233,-0.000359191934821014,-0.002906590347234606,-2.6115976449752036,4.596882997106487
26.940683495761057,0.06319711670447554,-0.013773047400775626,0.013773047400775626,0.06468054108047577,-12.294675139196624,0.06450370215950628,0.0648843447171885,-12.510864496532003,-12.072427198193878,0.0012157738749337336,70.28016751502653,periodic reconstruction FFT,fast PRBS,7,4.194399894040544,5000.000126310628,0.9755864962807553,0.00039999998989515007,10-90% leave-one-period sensitivity; excludes systematic errors,<Ewe>/V,0.0,0.06260326974060687,-0.011446866508069586,0.06364935436937699,-10.372495241642001,0.0005938469638686744,-0.00232618089270604,-1.9221798975546225,3.771893177801876
27.179096624042128,0.06186812601248628,-0.013484167884096895,0.013484167884096895,0.06332051642100996,-12.29534522961242,0.06295186691612172,0.06364703669741993,-12.676812525636326,-11.936054550018182,0.0011129598051720102,71.63293641178699,periodic reconstruction FFT,fast PRBS,7,4.194399894040544,5000.000126310628,0.9755864962807553,0.00039999998989515007,10-90% leave-one-period sensitivity; excludes systematic errors,<Ewe>/V,0.0,0.06252770315777602,-0.011519314097721391,0.06358867626527553,-10.449693289615109,-0.00065957714528974,-0.0019648537863755037,-1.8456519399973121,3.2593935669299534
27.417509752323202,0.06287710541222845,-0.013881889252664837,0.013881889252664837,0.06439128228451224,-12.44993648098961,0.06402279268762846,0.06473739621778307,-12.715699802319596,-12.216870019808223,0.001115543406343939,75.26129094149086,periodic reconstruction FFT,fast PRBS,7,4.194399894040544,5000.000126310628,0.9755864962807553,0.00039999998989515007,10-90% leave-one-period sensitivity; excludes systematic errors,<Ewe>/V,0.0,0.062452796553528,-0.011591128949253293,0.06352852810771464,-10.526217110219582,0.00042430885870044927,-0.0022907603034115435,-1.9237193707700282,3.6672114740794206
27.655922880604273,0.06312315686441122,-0.013377376169968525,0.013377376169968525,0.06452508911827946,-11.965374953092311,0.06403545259867134,0.06497164841430904,-12.17070271182157,-11.784891569206415,0.001039352892953867,74.68160898722832,periodic reconstruction FFT,fast PRBS,7,4.194399894040544,5000.000126310628,0.9755864962807553,0.00039999998989515007,10-90% leave-one-period sensitivity; excludes systematic errors,<Ewe>/V,0.0,0.06237853849944619,-0.011662322019376671,0.06346890071995737,-10.602078378608933,0.0007446183649650329,-0.0017150541505918538,-1.3632965744833783,2.9458897534752895
27.894336008885343,0.06260122136149639,-0.013427603572447686,0.013427603572447686,0.06402510018461417,-12.10618160327219,0.06381995910228036,0.06425769754422711,-12.284742858093406,-11.867627452606367,0.0012711764853767502,73.06510118440607,periodic reconstruction FFT,fast PRBS,7,4.194399894040544,5000.000126310628,0.9755864962807553,0.00039999998989515007,10-90% leave-one-period sensitivity; excludes systematic errors,<Ewe>/V,0.0,0.06230491786141528,-0.011732903982648802,0.06340978516158344,-10.677288469281457,0.00029630350008110623,-0.0016946995897988842,-1.4288931339907336,2.7131579775611474
28.132749137166414,0.06340522361782773,-0.013348445962997902,0.013348445962997902,0.06479508771237072,-11.888638858603908,0.06465033671468345,0.06491087764592646,-12.03229427257454,-11.755422984703472,0.0011399602827122444,70.62724069457201,periodic reconstruction FFT,fast PRBS,7,4.194399894040544,5000.000126310628,0.9755864962807553,0.00039999998989515007,10-90% leave-one-period sensitivity; excludes systematic errors,<Ewe>/V,0.0,0.062231923789602205,-0.011802885241078413,0.06335117272044424,-10.751858466315621,0.0011732998282255255,-0.001545560721919489,-1.136780392288287,3.0630236400760817
28.371162265447484,0.06349805445106724,-0.013456526693622657,0.013456526693622657,0.06490825086017091,-11.965116189455584,0.06477238101911814,0.0650310009624301,-12.136790203933748,-11.76621890948838,0.0012619401077595361,71.86153087862634,periodic reconstruction FFT,fast PRBS,7,4.194399894040544,5000.000126310628,0.9755864962807553,0.00039999998989515007,10-90% leave-one-period sensitivity; excludes systematic errors,<Ewe>/V,0.0,0.0621595457088598,-0.011872275933325915,0.06329305490495718,-10.825799173173579,0.0013385087422074365,-0.0015842507602967428,-1.1393170162820052,3.2768132483326458
28.609575393728555,0.06354742992070533,-0.014183949586437455,0.014183949586437455,0.06511113787515585,-12.582323013280872,0.06494743491958294,0.06524746362952219,-12.795076527559418,-12.395708902468291,0.0011517406388225882,72.75317966827426,periodic reconstruction FFT,fast PRBS,7,4.194399894040544,5000.000126310628,0.9755864962807553,0.00039999998989515007,10-90% leave-one-period sensitivity; excludes systematic errors,<Ewe>/V,0.0,0.06208777330953208,-0.01194108594351864,0.0632354234367225,-10.899121122094424,0.0014596566111732545,-0.002242863642918815,-1.6832018911864477,4.231822656493121
28.84798852200963,0.06401104415803745,-0.014724510286985324,0.014724510286985324,0.06568276012313852,-12.954439350966195,0.06541873860456462,0.06590007479768051,-13.062838385515287,-12.863896029197814,0.0011813472965214492,67.32286477941993,periodic reconstruction FFT,fast PRBS,7,4.194399894040544,5000.000126310628,0.9755864962807553,0.00039999998989515007,10-90% leave-one-period sensitivity; excludes systematic errors,<Ewe>/V,0.0,0.062016596538640924,-0.012009324909700369,0.0631782702434465,-10.971834583097761,0.0019944476193965235,-0.002715185377284955,-1.982604767868434,5.332504276409785
29.0864016502907,0.06269482995240437,-0.013964116137915608,0.013964116137915608,0.06423113141050915,-12.55661330585849,0.06403457416938506,0.06444946721132862,-13.009837322835889,-12.269339412994078,0.0009502023524722943,67.29517558340115,periodic reconstruction FFT,fast PRBS,7,4.194399894040544,5000.000126310628,0.9755864962807553,0.00039999998989515007,10-90% leave-one-period sensitivity; excludes systematic errors,<Ewe>/V,0.0,0.061946005591435586,-0.012077002231933026,0.06312158745215588,-11.043949572616642,0.0007488243609687847,-0.0018871139059825816,-1.5126637332418476,3.2164199915025633
29.32481477857177,0.06325032493658382,-0.015034526291037615,0.015034526291037615,0.06501261866268224,-13.371000139883058,0.06476854981606117,0.06534981153910152,-13.513705940863373,-13.098391597742,0.0013624856667693297,74.94726816161764,periodic reconstruction FFT,fast PRBS,7,4.194399894040544,5000.000126310628,0.9755864962807553,0.00039999998989515007,10-90% leave-one-period sensitivity; excludes systematic errors,<Ewe>/V,0.0,0.061875990903287076,-0.012144127080067773,0.06306536738268925,-11.11547586177821,0.0013743340332967452,-0.0028903992109698424,-2.255524278104849,5.074893478019621
29.56322790685284,0.06228977651126684,-0.014702347908115494,0.014702347908115494,0.0640013694528081,-13.280544603093267,0.06341441261687743,0.06446392973559499,-13.583184827071644,-12.91458443981888,0.0009289251707918079,68.46662891050738,periodic reconstruction FFT,fast PRBS,7,4.194399894040544,5000.000126310628,0.9755864962807553,0.00039999998989515007,10-90% leave-one-period sensitivity; excludes systematic errors,<Ewe>/V,0.0,0.06180654314191068,-0.012210708401201423,0.06300960254145192,-11.186422984349047,0.00048323336935615635,-0.00249163950691407,-2.0941216187442198,4.028063135124635
29.801641035133912,0.06156799000869836,-0.01523308096224026,0.01523308096224026,0.06342447594827526,-13.896969225796934,0.0628981464406889,0.0637607110257927,-14.021565326937012,-13.737781910601571,0.0014019256776885516,75.46875721764016,periodic reconstruction FFT,fast PRBS,7,4.194399894040544,5000.000126310628,0.9755864962807553,0.00039999998989515007,10-90% leave-one-period sensitivity; excludes systematic errors,<Ewe>/V,0.0,0.061737653199900946,-0.012276754926833392,0.0629542856154217,-11.256800244361404,-0.00016966319120258894,-0.002956326035406867,-2.6401689814355294,4.703715528322529
30.040054163414986,0.06157439168274709,-0.014775112898014902,0.014775112898014902,0.06332226837574156,-13.493321536538996,0.06312442471670014,0.06353079471546472,-13.945299559293852,-13.10303085479614,0.0011303080091920508,73.85651190494067,periodic reconstruction FFT,fast PRBS,7,4.194399894040544,5000.000126310628,0.9755864962807553,0.00039999998989515007,10-90% leave-one-period sensitivity; excludes systematic errors,<Ewe>/V,0.0,0.06166931218756396,-0.012342275179737535,0.06289940946639344,-11.326616723435642,-9.492050481687414e-05,-0.0024328377182773666,-2.1667048131033546,3.8707656585119055
30.278467291696057,0.060953362281302395,-0.014620123609620558,0.014620123609620558,0.06268221747638067,-13.488015289904443,0.06244686490423931,0.06290000860686532,-13.716763701120069,-13.210677123302952,0.00116515299947755,69.91083872616042,periodic reconstruction FFT,fast PRBS,7,4.194399894040544,5000.000126310628,0.9755864962807553,0.00039999998989515007,10-90% leave-one-period sensitivity; excludes systematic errors,<Ewe>/V,0.0,0.06160151142603304,-0.012407277480562319,0.06284496712545101,-11.395881287813166,-0.0006481491447306448,-0.002212846129058239,-2.092134002091276,3.669053617992965
30.516880419977127,0.06092262099943103,-0.014558053793587591,0.014558053793587591,0.06263786937386444,-13.43936371823389,0.06238159022494537,0.06290965518986104,-13.691556080342101,-13.082103919774465,0.0012451030748611037,72.90026232791013,periodic reconstruction FFT,fast PRBS,7,4.194399894040544,5000.000126310628,0.9755864962807553,0.00039999998989515007,10-90% leave-one-period sensitivity; excludes systematic errors,<Ewe>/V,0.0,0.06153424244065438,-0.01247176995417219,0.06279095178765623,-11.464602595113622,-0.0006116214412233492,-0.0020862838394154013,-1.9747611231202686,3.462423316307521
30.755293548258198,0.06113860446533372,-0.014309916648101757,0.014309916648101757,0.06279094417544734,-13.173336668314585,0.062484090709308666,0.06301871356103662,-13.380373916872356,-12.929087643107962,0.0012072556021792316,73.78628699937221,periodic reconstruction FFT,fast PRBS,7,4.194399894040544,5000.000126310628,0.9755864962807553,0.00039999998989515007,10-90% leave-one-period sensitivity; excludes systematic errors,<Ewe>/V,0.0,0.061467496954630045,-0.012535760535742159,0.06273735680694428,-11.5327891008291,-0.000328892489296323,-0.001774156112359598,-1.6405475674854841,2.8760912048370497
30.99370667653927,0.06215116921930426,-0.014009299745523267,0.014009299745523267,0.0637105039588176,-12.702569511740611,0.0634214060639431,0.06413816605164559,-12.956475759836499,-12.43943224166336,0.001132115007698829,72.21521998446208,periodic reconstruction FFT,fast PRBS,7,4.194399894040544,5000.000126310628,0.9755864962807553,0.00039999998989515007,10-90% leave-one-period sensitivity; excludes systematic errors,<Ewe>/V,0.0,0.06140126688290645,-0.012599256976617098,0.06268417569121636,-11.600449064567632,0.0007499023363978091,-0.0014100427689061699,-1.1021204471729789,2.5477749046297458
31.232119804820343,0.06238460962345547,-0.014785184243144494,0.014785184243144494,0.064112722535973,-13.333124767257848,0.06366944627954875,0.06449848905477837,-13.503529314468947,-13.154910843545348,0.0012023680183670523,75.32867882166622,periodic reconstruction FFT,fast PRBS,7,4.194399894040544,5000.000126310628,0.9755864962807553,0.00039999998989515007,10-90% leave-one-period sensitivity; excludes systematic errors,<Ewe>/V,0.0,0.06133554432629701,-0.012662266849946516,0.06263140209762025,-11.667590556057439,0.0010490652971584594,-0.002122917393197978,-1.6655342112004092,3.7808146881484572
31.470532933101413,0.06221777690898773,-0.014456029505159356,0.014456029505159356,0.06387510119405373,-13.080342163263039,0.06371084540390635,0.06403714201804597,-13.297933843821333,-12.874017975177964,0.0013558424776185492,77.72747503439525,periodic reconstruction FFT,fast PRBS,7,4.194399894040544,5000.000126310628,0.9755864962807553,0.00039999998989515007,10-90% leave-one-period sensitivity; excludes systematic errors,<Ewe>/V,0.0,0.06127032156582819,-0.01272479755610508,0.06257902982801042,-11.734221460922896,0.0009474553431595353,-0.0017312319490542759,-1.3461207023401425,3.1536663523906223
31.708946061382484,0.06329118607424401,-0.01403004845684169,0.01403004845684169,0.06482759053355218,-12.498904426964502,0.06451131655659349,0.0651076269821503,-13.078882875901439,-12.069838738192113,0.0009993041855564102,71.40181170280763,periodic reconstruction FFT,fast PRBS,7,4.194399894040544,5000.000126310628,0.9755864962807553,0.00039999998989515007,10-90% leave-one-period sensitivity; excludes systematic errors,<Ewe>/V,0.0,0.06120559105729908,-0.01278685632790858,0.06252705282457939,-11.800349486242498,0.002085595016944934,-0.0012431921289331096,-0.6985549407220049,3.883135428879945
31.947359189663555,0.06285302617981339,-0.015135867856482021,0.015135867856482021,0.0646498058444818,-13.539805895202328,0.06430504996703722,0.06498462019649955,-13.816186717789474,-13.127375061323763,0.0010856381282299337,77.74021321474392,periodic reconstruction FFT,fast PRBS,7,4.194399894040544,5000.000126310628,0.9755864962807553,0.00039999998989515007,10-90% leave-one-period sensitivity; excludes systematic errors,<Ewe>/V,0.0,0.06113452436049414,-0.012813827384650452,0.0624633669745122,-11.838980422349646,0.0017185018193192556,-0.0023220404718315695,-1.7008254728526815,4.624778256360256
32.185772317944625,0.06236555578663433,-0.015567095013940326,0.015567095013940326,0.06427905565383521,-14.015235380824045,0.0639752394416355,0.06455921414538363,-14.271929664742112,-13.792225998561982,0.001306076988903656,71.01784285584601,periodic reconstruction FFT,fast PRBS,7,4.194399894040544,5000.000126310628,0.9755864962807553,0.00039999998989515007,10-90% leave-one-period sensitivity; excludes systematic errors,<Ewe>/V,0.0,0.06106380434307246,-0.012839675613077492,0.06239983235283203,-11.876604853072612,0.0013017514435618716,-0.0027274194008628343,-2.138630527751433,4.8431975506337945
32.4241854462257,0.061972945046230174,-0.01689875739207994,0.01689875739207994,0.06423561254552992,-15.252575918481618,0.0640246500581793,0.06440199819790327,-15.607563862600305,-14.844085166557763,0.0012586482548523645,71.80305377752406,periodic reconstruction FFT,fast PRBS,7,4.194399894040544,5000.000126310628,0.9755864962807553,0.00039999998989515007,10-90% leave-one-period sensitivity; excludes systematic errors,<Ewe>/V,0.0,0.06099360624935397,-0.012865333077933007,0.06233676662562102,-11.91395161019015,0.0009793387968762071,-0.004033424314146931,-3.338624308291468,6.658376084897157
32.66259857450677,0.06134226926136192,-0.015785933107124377,0.015785933107124377,0.06334090054771903,-14.43146697633417,0.06282058672563079,0.06374536746586042,-14.736993261365912,-14.211427771945788,0.001428862857593215,74.09549497556061,periodic reconstruction FFT,fast PRBS,7,4.194399894040544,5000.000126310628,0.9755864962807553,0.00039999998989515007,10-90% leave-one-period sensitivity; excludes systematic errors,<Ewe>/V,0.0,0.06092392243200156,-0.012890802574325424,0.062274162922537686,-11.951024762234988,0.0004183468293603651,-0.0028951305327989535,-2.480442214099181,4.697293121147149
32.90101170278784,0.06114162192895433,-0.015435605058927436,0.015435605058927436,0.063059938436684,-14.168639117824952,0.06233476161220865,0.06378316507738581,-14.553600538978127,-13.67767367918036,0.000961115053773839,72.59729915279402,periodic reconstruction FFT,fast PRBS,7,4.194399894040544,5000.000126310628,0.9755864962807553,0.00039999998989515007,10-90% leave-one-period sensitivity; excludes systematic errors,<Ewe>/V,0.0,0.060854745410532075,-0.012916086836377901,0.06221201452314154,-11.98782828897029,0.0002868765184222549,-0.0025195182225495345,-2.1808108288546624,4.076057921968928
33.139424831068915,0.06141381275658392,-0.015423899860491691,0.015423899860491691,0.06332103192626622,-14.098083647317633,0.06277153402614215,0.06375860473279259,-14.376389795083302,-13.812382625216532,0.0013956963200336635,74.39562549294831,periodic reconstruction FFT,fast PRBS,7,4.194399894040544,5000.000126310628,0.9755864962807553,0.00039999998989515007,10-90% leave-one-period sensitivity; excludes systematic errors,<Ewe>/V,0.0,0.06078606786649733,-0.012941188538989668,0.062150314852563796,-12.024366083953444,0.0006277448900865873,-0.002482711321502023,-2.0737175633641893,4.120403012742507
33.37783795934998,0.06128771054309323,-0.014931844024913802,0.014931844024913802,0.06308045204021874,-13.69250853122798,0.06254851236761878,0.06360969915856901,-14.302481177624687,-13.193112930353086,0.0010483041152420853,71.33371588642082,periodic reconstruction FFT,fast PRBS,7,4.194399894040544,5000.000126310628,0.9755864962807553,0.00039999998989515007,10-90% leave-one-period sensitivity; excludes systematic errors,<Ewe>/V,0.0,0.06071788263883787,-0.012966110299534244,0.062089057477333114,-12.060641957007974,0.00056982790425536,-0.0019657337253795575,-1.6318665742200071,3.296327965488923
33.616251087631056,0.06006202194763474,-0.0163523644009855,0.0163523644009855,0.06224826344518195,-15.230088413390767,0.0619230289693865,0.06257324760296941,-15.629016461121443,-14.703267014762336,0.0012345436805770822,71.27500593147172,periodic reconstruction FFT,fast PRBS,7,4.194399894040544,5000.000126310628,0.9755864962807553,0.00039999998989515007,10-90% leave-one-period sensitivity; excludes systematic errors,<Ewe>/V,0.0,0.060650182719402014,-0.012990854679497219,0.06202823610135001,-12.09665963660747,-0.0005881607717672724,-0.003361509721488281,-3.1334287767832976,5.5016506292583145
33.85466421591212,0.061015273875612536,-0.01533752045169008,0.01533752045169008,0.06291345785856962,-14.110195561615113,0.062062311477820035,0.06335390035018523,-14.507522197056465,-13.462726174553467,0.0013161103274051964,75.2113841931594,periodic reconstruction FFT,fast PRBS,7,4.194399894040544,5000.000126310628,0.9755864962807553,0.00039999998989515007,10-90% leave-one-period sensitivity; excludes systematic errors,<Ewe>/V,0.0,0.06058296124862331,-0.013015424186056149,0.061967844562003466,-12.132422772175278,0.00043231262698922857,-0.0023220962656339307,-1.9777727894398343,3.8116478840709864
34.0930773441932,0.059958555560974396,-0.014347774569661844,0.014347774569661844,0.06165133429261924,-13.45752638484562,0.06138809369664621,0.0619566907146012,-13.86639060813844,-13.107385243457582,0.001332103194005079,76.7345987020757,periodic reconstruction FFT,fast PRBS,7,4.194399894040544,5000.000126310628,0.9755864962807553,0.00039999998989515007,10-90% leave-one-period sensitivity; excludes systematic errors,<Ewe>/V,0.0,0.060516211511349616,-0.013039821273605031,0.06190787682642377,-12.167934936303512,-0.0005576559503752201,-0.0013079532960568133,-1.289591448542108,2.2967557214539966
34.33149047247427,0.06196914904256463,-0.016073978577384726,0.016073978577384726,0.06401990487626338,-14.541301571574156,0.06346799025687362,0.0644183515844901,-14.839543289429939,-14.100344562575525,0.0013232180319036452,75.78367878819459,periodic reconstruction FFT,fast PRBS,7,4.194399894040544,5000.000126310628,0.9755864962807553,0.00039999998989515007,10-90% leave-one-period sensitivity; excludes systematic errors,<Ewe>/V,0.0,0.06044992693281756,-0.013064048345225654,0.061848326987866,-12.203199626894719,0.0015192221097470662,-0.0030099302321590724,-2.338101944679437,5.451407505370662
34.56990360075534,0.06017077679355058,-0.014837389086638699,0.014837389086638699,0.06197314333521894,-13.852100495652339,0.061308796117708,0.06286892417309115,-14.613858055306975,-13.177688006077107,0.000977428277180943,69.04280422670328,periodic reconstruction FFT,fast PRBS,7,4.194399894040544,5000.000126310628,0.9755864962807553,0.00039999998989515007,10-90% leave-one-period sensitivity; excludes systematic errors,<Ewe>/V,0.0,0.06038410107476623,-0.013088107754108022,0.06178918926221859,-12.238220269229467,-0.00021332428121564884,-0.0017492813325306767,-1.6138802264228715,2.8520211416554258
34.80831672903641,0.06147649983254172,-0.015582391363680713,0.015582391363680713,0.06342058776352845,-14.223161465594286,0.06305376330595364,0.06379160955089402,-14.720803861835737,-13.725472998329087,0.00131211482098234,71.60368574349435,periodic reconstruction FFT,fast PRBS,7,4.194399894040544,5000.000126310628,0.9755864962807553,0.00039999998989515007,10-90% leave-one-period sensitivity; excludes systematic errors,<Ewe>/V,0.0,0.060318727631684506,-0.013112001804921994,0.061730457984631906,-12.273000217962853,0.0011577722008572142,-0.0024703895587587198,-1.9501612476314332,4.4195914639486
35.04672985731748,0.06228900442457841,-0.01659646278012897,0.01659646278012897,0.06446210242473756,-14.919446635895092,0.06357863223444479,0.06528499290202205,-15.630355426674505,-14.488955507231688,0.0012436447925860325,73.82277208105207,periodic reconstruction FFT,fast PRBS,7,4.194399894040544,5000.000126310628,0.9755864962807553,0.00039999998989515007,10-90% leave-one-period sensitivity; excludes systematic errors,<Ewe>/V,0.0,0.06025380042718635,-0.013135732755142078,0.06167212760626189,-12.307542759052891,0.002035203997392057,-0.003460730024986893,-2.6119038768422005,6.509927883316979
35.285142985598554,0.06201476936930862,-0.015403568698940067,0.015403568698940067,0.06389915139179475,-13.94914713210608,0.06320905080423705,0.06450268172900128,-14.503586748211342,-13.410663615325099,0.001241281295385364,71.5152220382758,periodic reconstruction FFT,fast PRBS,7,4.194399894040544,5000.000126310628,0.9755864962807553,0.00039999998989515007,10-90% leave-one-period sensitivity; excludes systematic errors,<Ewe>/V,0.0,0.06018931341050911,-0.013159302816327337,0.061614192691124045,-12.341851111623514,0.0018254559587995156,-0.00224426588261273,-1.6072960204825666,4.695226087410784
35.52355611387962,0.06005792736157848,-0.01659151327299936,0.01659151327299936,0.06230756737071951,-15.443267024053325,0.061317332270411154,0.0633884728234407,-16.06285477647575,-14.695206263020099,0.0013392668908804792,72.12332190445125,periodic reconstruction FFT,fast PRBS,7,4.194399894040544,5000.000126310628,0.9755864962807553,0.00039999998989515007,10-90% leave-one-period sensitivity; excludes systematic errors,<Ewe>/V,0.0,0.060125260653129606,-0.013182714155358195,0.061556647913053465,-12.375928429764858,-6.733329155112627e-05,-0.0034087991176411665,-3.067338594288467,5.538742245631772
35.761969242160696,0.058917219041232406,-0.0161716886693307,0.0161716886693307,0.06109633551998284,-15.348630245402129,0.0597450335469425,0.06265428946074733,-16.318080783705344,-14.421699626851748,0.0011522508046190902,76.13950078045123,periodic reconstruction FFT,fast PRBS,7,4.194399894040544,5000.000126310628,0.9755864962807553,0.00039999998989515007,10-90% leave-one-period sensitivity; excludes systematic errors,<Ewe>/V,0.0,0.06006163634549349,-0.013205968895631864,0.06149948805276638,-12.409777804273324,-0.0011444173042610833,-0.0029657197736988345,-2.9388524411288053,5.168929732181527
36.00038237044177,0.06135137785549067,-0.01685013730350003,0.01685013730350003,0.06362325590469255,-15.357589807162784,0.06213389356395267,0.06510020636281601,-16.627880525155135,-14.652644352241998,0.0013817516126576313,73.31570680773753,periodic reconstruction FFT,fast PRBS,7,4.194399894040544,5000.000126310628,0.9755864962807553,0.00039999998989515007,10-90% leave-one-period sensitivity; excludes systematic errors,<Ewe>/V,0.0,0.0599984347938532,-0.013229069118218076,0.06144270799501947,-12.443402264333837,0.0013529430616374682,-0.003621068185281953,-2.9141875428289463,6.291331767574429
36.23879549872284,0.05726345624231262,-0.016808058689859802,0.016808058689859802,0.0596792615381342,-16.358100908685497,0.057839640961260375,0.061669720969656915,-17.507465535169914,-14.37413726417444,0.0010669637183048886,68.49464228698379,periodic reconstruction FFT,fast PRBS,7,4.194399894040544,5000.000126310628,0.9755864962807553,0.00039999998989515007,10-90% leave-one-period sensitivity; excludes systematic errors,<Ewe>/V,0.0,0.059935650417210294,-0.013252016862976656,0.061386302725862825,-12.476804779146587,-0.0026721941748976755,-0.0035560418268831464,-3.88129612953891,7.246163535598827
36.47720862700391,0.052261076354444456,-0.013579966998093353,0.013579966998093353,0.053996625870459516,-14.566090047101039,0.05088956030752633,0.05720296774397697,-17.12968574435317,-11.961317035753385,0.0011387779640519094,74.13183553610696,periodic reconstruction FFT,fast PRBS,7,4.194399894040544,5000.000126310628,0.9755864962807553,0.00039999998989515007,10-90% leave-one-period sensitivity; excludes systematic errors,<Ewe>/V,0.0,0.05987327774435807,-0.013274814129638459,0.06133026732998307,-12.509988259500416,-0.007612201389913614,-0.0003051528684548943,-2.056101787600623,12.421787233218852
36.71562175528498,0.0524679923096135,-0.004515958014950413,0.004515958014950413,0.05266197958484334,-4.919365223793253,0.04897779373487347,0.057674179584131194,-10.388251960535637,-0.6290968205292637,0.0011228296270285882,75.3732583342136,periodic reconstruction FFT,fast PRBS,7,4.194399894040544,5000.000126310628,0.9755864962807553,0.00039999998989515007,10-90% leave-one-period sensitivity; excludes systematic errors,<Ewe>/V,0.0,0.05981131141102046,-0.013297462878851089,0.06127459698813294,-12.542955559294976,-0.00734331910140696,0.008781504863900676,7.6235903355017225,18.68185908197387
36.95403488356605,0.07575834472769204,-0.01745235621885934,0.01745235621885934,0.07774259793362827,-12.972829955423233,0.07119594568250932,0.08207810225437603,-14.653172430987405,-11.010859163060521,0.0012108943215336405,71.10119464842106,periodic reconstruction FFT,fast PRBS,7,4.194399894040544,5000.000126310628,0.9755864962807553,0.00039999998989515007,10-90% leave-one-period sensitivity; excludes systematic errors,<Ewe>/V,0.0,0.059749746157083575,-0.013319965033190797,0.0612192869746441,-12.575709477013612,0.016008598570608462,-0.004132391185668542,-0.3971204784096205,27.006777696180105
37.19244801184713,0.0700259165906554,-0.02777907402838207,0.02777907402838207,0.07533462648899082,-21.638081224790316,0.06881212342229541,0.08330224863824653,-27.948394603379064,-14.157515019163426,0.0011848368798195105,64.99425958835369,periodic reconstruction FFT,fast PRBS,7,4.194399894040544,5000.000126310628,0.9755864962807553,0.00039999998989515007,10-90% leave-one-period sensitivity; excludes systematic errors,<Ewe>/V,0.0,0.05968857682391623,-0.0133423224781418,0.06116433265501996,-12.60825275714888,0.010337339766739166,-0.014436751550240268,-9.029828467641435,29.030213983297156
37.430861140128194,0.05648561350575795,-0.02128104109764254,0.02128104109764254,0.06036147151388389,-20.6439770338237,0.05629632410293005,0.06580352064573686,-28.278705010805872,-7.853341025521413,0.0011247221351112825,61.46632752604254,periodic reconstruction FFT,fast PRBS,7,4.194399894040544,5000.000126310628,0.9755864962807553,0.00039999998989515007,10-90% leave-one-period sensitivity; excludes systematic errors,<Ewe>/V,0.0,0.05962779835177609,-0.013364537063044362,0.061109729483605324,-12.64058809158254,-0.0031421848460181367,-0.007916504034598178,-8.003388942241159,13.937711502607353
37.66927426840927,0.09009894543253719,-0.04082455859101923,0.04082455859101923,0.09891645238385206,-24.37566347264148,0.09487620867734575,0.106912558942521,-29.177752489020172,-19.574242895709908,0.001064825224354018,70.1418190676507,periodic reconstruction FFT,fast PRBS,7,4.194399894040544,5000.000126310628,0.9755864962807553,0.00039999998989515007,10-90% leave-one-period sensitivity; excludes systematic errors,<Ewe>/V,0.0,0.0595674057772982,-0.013386610602012737,0.06105547300133008,-12.672718120921706,0.030531539655238984,-0.027437947989006492,-11.702945351719775,67.23221228307223
37.907687396690335,0.06801453115915013,-0.034430616205185685,0.034430616205185685,0.07623282613853298,-26.84964639426842,0.07266002964582076,0.0822699192454125,-30.194557809205474,-23.66334561361579,0.001277826852930768,70.74325269516628,periodic reconstruction FFT,fast PRBS,7,4.194399894040544,5000.000126310628,0.9755864962807553,0.00039999998989515007,10-90% leave-one-period sensitivity; excludes systematic errors,<Ewe>/V,0.0,0.05950739423106265,-0.013408544874824168,0.06100155883352405,-12.704645435792889,0.008507136928087473,-0.02102207133036152,-14.14500095847553,37.17635858213933
38.14610052497141,0.05472172268182922,-0.012710419441084343,0.012710419441084343,0.05617848071668828,-13.076433518793802,0.05309102294263993,0.05926788218240519,-15.975873325255357,-10.622049858408197,0.001023303509566959,70.76070780916396,periodic reconstruction FFT,fast PRBS,7,4.194399894040544,5000.000126310628,0.9755864962807553,0.00039999998989515007,10-90% leave-one-period sensitivity; excludes systematic errors,<Ewe>/V,0.0,0.05944775893523859,-0.013430341627780026,0.06094798268780035,-12.73637257809543,-0.004726036253409373,0.0007199221866956828,-0.3400609406983719,7.843664126497769
38.38451365325248,0.06356059041291154,-0.018724808617025284,0.018724808617025284,0.06626135458457008,-16.4148562014745,0.06511735976683102,0.06752657900847857,-17.40513606603956,-15.590427391084702,0.001347446821149786,68.81637986380453,periodic reconstruction FFT,fast PRBS,7,4.194399894040544,5000.000126310628,0.9755864962807553,0.00039999998989515007,10-90% leave-one-period sensitivity; excludes systematic errors,<Ewe>/V,0.0,0.059388495201301586,-0.013452002574540108,0.060894740352004664,-12.767902042215919,0.0041720952116099524,-0.0052728060424851765,-3.6469541592585806,11.04159986090945
38.62292678153355,0.05563939815374884,-0.009102781737863011,0.009102781737863011,0.05637910306379982,-9.291456154470911,0.052859082967588296,0.05939976978238203,-10.56005764579299,-8.089025225384827,0.0008630985694751528,71.64253902855411,periodic reconstruction FFT,fast PRBS,7,4.194399894040544,5000.000126310628,0.9755864962807553,0.00039999998989515007,10-90% leave-one-period sensitivity; excludes systematic errors,<Ewe>/V,0.0,0.05932959842782166,-0.013473529396931104,0.06084182769222804,-12.799236276204985,-0.0036902002740728176,0.004370747659068093,3.507780121734074,9.40180240414296
38.861339909814625,0.05966168863538919,-0.013869994552468762,0.013869994552468762,0.06125270475425261,-13.087504578184259,0.06013776187079563,0.0624090753913516,-13.888623964730781,-12.1250948978455,0.0009998402229532126,69.15772994810851,periodic reconstruction FFT,fast PRBS,7,4.194399894040544,5000.000126310628,0.9755864962807553,0.00039999998989515007,10-90% leave-one-period sensitivity; excludes systematic errors,<Ewe>/V,0.0,0.05927106409831938,-0.013494923745730213,0.06078924065088083,-12.830377682917907,0.00039062453706981137,-0.00037507080673854915,-0.25712689526635124,0.8908485390800978
39.09975303809569,0.05811742038042148,-0.01709288981428584,0.01709288981428584,0.06057888604025289,-16.389114666583016,0.05971674218586764,0.06141696163884028,-17.13101736333484,-15.717728585310562,0.0014531217395532122,74.98170427888155,periodic reconstruction FFT,fast PRBS,7,4.194399894040544,5000.000126310628,0.9755864962807553,0.00039999998989515007,10-90% leave-one-period sensitivity; excludes systematic errors,<Ewe>/V,0.0,0.05921288777918757,-0.013516187241424749,0.06073697524482549,-12.861328621120322,-0.0010954673987660854,-0.003576702572861091,-3.527786045462694,6.158854316173739
39.338166166376766,0.05760879143357019,-0.015146172243637164,0.015146172243637164,0.05956659621021261,-14.730506418709798,0.05855197475183448,0.06043527451839678,-15.756295881949438,-13.962235922290544,0.0010237691609359047,67.60846372049119,periodic reconstruction FFT,fast PRBS,7,4.194399894040544,5000.000126310628,0.9755864962807553,0.00039999998989515007,10-90% leave-one-period sensitivity; excludes systematic errors,<Ewe>/V,0.0,0.05915506511767608,-0.013537321474948709,0.0606850275635662,-12.892091406560327,-0.0015462736841058838,-0.0016088507686884551,-1.8384150121494702,3.677099187518793
39.57657929465784,0.057967671134865895,-0.017092127961536942,0.017092127961536942,0.06043502076655155,-16.428480065822242,0.05967660168633888,0.06119223614905138,-16.986642121517807,-15.916492536804416,0.0013006963924727518,72.65256381139906,periodic reconstruction FFT,fast PRBS,7,4.194399894040544,5000.000126310628,0.9755864962807553,0.00039999998989515007,10-90% leave-one-period sensitivity; excludes systematic errors,<Ewe>/V,0.0,0.059097591839937576,-0.013558328008397047,0.060633393767493125,-12.922668313008192,-0.0011299207050716811,-0.003533799953139896,-3.5058117528140507,6.118821129184837
39.81499242293891,0.05793477831936671,-0.01747210400110683,0.01747210400110683,0.060512089347002855,-16.782381743913263,0.05980059147275397,0.06127620072712923,-17.60062848611785,-16.04404195305621,0.0014118145726428769,73.06520404864669,periodic reconstruction FFT,fast PRBS,7,4.194399894040544,5000.000126310628,0.9755864962807553,0.00039999998989515007,10-90% leave-one-period sensitivity; excludes systematic errors,<Ewe>/V,0.0,0.0590404637491319,-0.013579208375718523,0.06058207008617943,-12.953061573264865,-0.0011056854297651839,-0.0038928956253883058,-3.8293201706483977,6.679983769789082
40.05340555121998,0.05625208510507184,-0.014937041295806915,0.014937041295806915,0.05820148006142874,-14.871002023261294,0.05753438799211791,0.05929716067968441,-15.705174575910851,-13.623542146272955,0.0008353060283821703,68.8890030608783,periodic reconstruction FFT,fast PRBS,7,4.194399894040544,5000.000126310628,0.9755864962807553,0.00039999998989515007,10-90% leave-one-period sensitivity; excludes systematic errors,<Ewe>/V,0.0,0.058973254164806005,-0.013605469105144175,0.06052274768448699,-12.992265220118071,-0.0027211690597341645,-0.0013315721906627404,-1.878736803143223,5.0055492181374435
40.29181867950105,0.05792489261512248,-0.016133323557380296,0.016133323557380296,0.06012967082464857,-15.563659045036943,0.059446436667783084,0.060585265309951716,-16.19914260643349,-14.890102016257606,0.0011754977602119435,76.71629319246412,periodic reconstruction FFT,fast PRBS,7,4.194399894040544,5000.000126310628,0.9755864962807553,0.00039999998989515007,10-90% leave-one-period sensitivity; excludes systematic errors,<Ewe>/V,0.0,0.058899486427895546,-0.013635248568156608,0.060458233697215674,-13.037238227623222,-0.0009745938127730669,-0.0024980749892236885,-2.5264208174137206,4.435222229154931
40.53023180778212,0.059951596348435165,-0.016844897131599812,0.016844897131599812,0.06227314400365445,-15.694033083510723,0.06167136062535744,0.06303835677437931,-16.019880970259255,-15.378029052856837,0.0012338383655800082,70.51851525547777,periodic reconstruction FFT,fast PRBS,7,4.194399894040544,5000.000126310628,0.9755864962807553,0.00039999998989515007,10-90% leave-one-period sensitivity; excludes systematic errors,<Ewe>/V,0.0,0.05882615390140465,-0.013664852340099549,0.06039410032565311,-13.081945906106702,0.001125442447030514,-0.003180044791500263,-2.612087177404021,5.585516819538
40.7686449360632,0.05849884671066626,-0.014431744805061436,0.014431744805061436,0.06025272047465116,-13.858225040779622,0.059866357848743834,0.060571357845505526,-14.670008560470533,-13.205139634533827,0.0009255844469594504,71.89139012524637,periodic reconstruction FFT,fast PRBS,7,4.194399894040544,5000.000126310628,0.9755864962807553,0.00039999998989515007,10-90% leave-one-period sensitivity; excludes systematic errors,<Ewe>/V,0.0,0.05875325148018161,-0.01369428248188313,0.0603303431050603,-13.126391367959322,-0.000254404769515347,-0.0007374623231783065,-0.7318336728203008,1.293064992527998
41.007058064344264,0.05942297659155234,-0.016085403956306185,0.016085403956306185,0.06156159815532511,-15.146594855656097,0.06107592130336941,0.0619880513164736,-15.679140075326858,-14.551820484906173,0.0011643796061518378,69.97955687352477,periodic reconstruction FFT,fast PRBS,7,4.194399894040544,5000.000126310628,0.9755864962807553,0.00039999998989515007,10-90% leave-one-period sensitivity; excludes systematic errors,<Ewe>/V,0.0,0.05868077414837864,-0.013723541018366175,0.0602669576487995,-13.170577671127125,0.0007422024431736965,-0.0023618629379400097,-1.9760171845289722,4.107946599485713
41.24547119262534,0.05879364968458682,-0.01788823312872574,0.01788823312872574,0.06145471607372015,-16.922619626140545,0.06097617813312058,0.06206900613295107,-17.427166284457996,-16.17769350016783,0.0012164173196192102,72.86184986375062,periodic reconstruction FFT,fast PRBS,7,4.194399894040544,5000.000126310628,0.9755864962807553,0.00039999998989515007,10-90% leave-one-period sensitivity; excludes systematic errors,<Ewe>/V,0.0,0.05860871697738112,-0.013752629939192173,0.06020393964652319,-13.214507820373877,0.00018493270720570248,-0.004135603189533566,-3.708111805766668,6.876187817281122
41.483884320906405,0.059188663729010736,-0.01592195885630729,0.01592195885630729,0.06129279474659197,-15.056347018270468,0.06097152666413598,0.06160774230408168,-15.410445415413623,-14.589247575264006,0.0010423765347285796,73.79224663323544,periodic reconstruction FFT,fast PRBS,7,4.194399894040544,5000.000126310628,0.9755864962807553,0.00039999998989515007,10-90% leave-one-period sensitivity; excludes systematic errors,<Ewe>/V,0.0,0.05853707512379637,-0.013781551199601165,0.060141284862415184,-13.258184768507189,0.0006515886052143663,-0.002140407656706124,-1.7981622497632799,3.7202226392855158
41.72229744918748,0.05867072737613278,-0.01829048743274238,0.01829048743274238,0.061455644015597166,-17.314768030971116,0.060636504484909926,0.06206540332742941,-17.952206154217368,-16.809665427226044,0.0009558996999497323,70.49446015464757,periodic reconstruction FFT,fast PRBS,7,4.194399894040544,5000.000126310628,0.9755864962807553,0.00039999998989515007,10-90% leave-one-period sensitivity; excludes systematic errors,<Ewe>/V,0.0,0.058465843827500114,-0.013810306721218385,0.06007898913348216,-13.301611417569525,0.00020488354863266306,-0.004480180711523996,-4.013156613401591,7.464944239978804
41.96071057746855,0.05871211976243898,-0.017947196876279076,0.017947196876279076,0.06139393196982011,-16.997412276338796,0.06096983144534537,0.06170508874748745,-17.234789638311845,-16.739032900043302,0.0014990729825430074,73.42460653563558,periodic reconstruction FFT,fast PRBS,7,4.194399894040544,5000.000126310628,0.9755864962807553,0.00039999998989515007,10-90% leave-one-period sensitivity; excludes systematic errors,<Ewe>/V,0.0,0.05839501840973862,-0.013838898392820412,0.06001704836789385,-13.344790619995235,0.00031710135270036216,-0.0041082984834586635,-3.6526216563435607,6.8655794421644565
42.19912370574962,0.05713786312028531,-0.018175853833855303,0.018175853833855303,0.05995912828370782,-17.64614004605609,0.059676809332915026,0.060370913863251253,-18.043576245808847,-17.2000119784378,0.001027882590322709,70.8115949653381,periodic reconstruction FFT,fast PRBS,7,4.194399894040544,5000.000126310628,0.9755864962807553,0.00039999998989515007,10-90% leave-one-period sensitivity; excludes systematic errors,<Ewe>/V,0.0,0.05832459427128457,-0.01386732807107963,0.05995545854337025,-13.387725179734842,-0.001186731150999265,-0.004308525762775673,-4.258414866321248,7.453822742040771
42.437536834030695,0.057446256105841094,-0.018634203149172364,0.018634203149172364,0.060392928953500104,-17.971833483729082,0.060094332196518975,0.06075407532708919,-18.51563166446925,-17.375431175871636,0.0012645594445082886,74.49941948498702,periodic reconstruction FFT,fast PRBS,7,4.194399894040544,5000.000126310628,0.9755864962807553,0.00039999998989515007,10-90% leave-one-period sensitivity; excludes systematic errors,<Ewe>/V,0.0,0.058254566890644906,-0.013895597581287703,0.05989421570561428,-13.430417853347652,-0.0008083107848038118,-0.004738605567884661,-4.5414156303814295,8.025903596982765
42.67594996231176,0.058044717488710075,-0.017988925244807323,0.017988925244807323,0.06076833599669675,-17.218989890028187,0.060483982068306096,0.06108193405268254,-17.419778147365143,-17.02026790642649,0.001186114075229617,70.0817936851567,periodic reconstruction FFT,fast PRBS,7,4.194399894040544,5000.000126310628,0.9755864962807553,0.00039999998989515007,10-90% leave-one-period sensitivity; excludes systematic errors,<Ewe>/V,0.0,0.05818493182231884,-0.013923708718058802,0.05983331596678838,-13.47287135106375,-0.00014021433360876523,-0.0040652165267485215,-3.7461185389644367,6.798275885209001
42.914363090592836,0.05702790292196842,-0.016739660105943,0.016739660105943,0.059433979608805886,-16.358786697375802,0.05908550878351382,0.05978029142064551,-16.84805709091886,-16.033786830683752,0.0012378122583635884,72.6699894878409,periodic reconstruction FFT,fast PRBS,7,4.194399894040544,5000.000126310628,0.9755864962807553,0.00039999998989515007,10-90% leave-one-period sensitivity; excludes systematic errors,<Ewe>/V,0.0,0.05811568469510442,-0.013951663246013242,0.05977275550403337,-13.515088337816437,-0.0010877817731360026,-0.0027879968599297585,-2.8436983595593652,5.006780010642931
43.1527762188739,0.05591891834589267,-0.017412148249913474,0.017412148249913474,0.05856712674915491,-17.295651766275444,0.05836208766431794,0.05883554241931972,-17.5775921972243,-17.05719458243946,0.0014634291584639369,73.80074099090965,periodic reconstruction FFT,fast PRBS,7,4.194399894040544,5000.000126310628,0.9755864962807553,0.00039999998989515007,10-90% leave-one-period sensitivity; excludes systematic errors,<Ewe>/V,0.0,0.05804682121045201,-0.013979462900442158,0.05971253055802862,-13.557071434246017,-0.0021279028645593417,-0.003432685349471316,-3.738580332029427,6.763613806209943
43.39118934715498,0.05797826884427825,-0.016396611403164882,0.016396611403164882,0.060252207624997466,-15.791229703186001,0.0598362386827085,0.06053520217503769,-16.160768552185207,-15.407435766502614,0.0009022229747783408,73.13483585278074,periodic reconstruction FFT,fast PRBS,7,4.194399894040544,5000.000126310628,0.9755864962807553,0.00039999998989515007,10-90% leave-one-period sensitivity; excludes systematic errors,<Ewe>/V,0.0,0.05797833714086309,-0.014007109387953897,0.05965263743159164,-13.598823217676006,-6.829658483892276e-08,-0.002389502015210985,-2.192406485509995,4.005693828587611
43.62960247543605,0.05705323762411825,-0.01677114675008366,0.01677114675008366,0.05946716141457354,-16.381020498326468,0.05897348030380028,0.05997020533216546,-16.699340401762594,-16.03768391835277,0.0013572326002696234,74.45662593614118,periodic reconstruction FFT,fast PRBS,7,4.194399894040544,5000.000126310628,0.9755864962807553,0.00039999998989515007,10-90% leave-one-period sensitivity; excludes systematic errors,<Ewe>/V,0.0,0.057910228328332994,-0.01403460438710268,0.05959307248831616,-13.640346223062508,-0.000856990704214744,-0.0027365423629809784,-2.7406742752639595,4.811959172546288
43.86801560371712,0.05725913121428418,-0.01722848433312924,0.01722848433312924,0.059794889245080904,-16.745817678149574,0.05956078770548254,0.060039170871259,-17.077178698126698,-16.41025809080629,0.001642990325490009,76.84435650278911,periodic reconstruction FFT,fast PRBS,7,4.194399894040544,5000.000126310628,0.9755864962807553,0.00039999998989515007,10-90% leave-one-period sensitivity; excludes systematic errors,<Ewe>/V,0.0,0.057842490682835986,-0.014061949549000167,0.059533832151247294,-13.681642943917808,-0.000583359468551807,-0.0031665347841290745,-3.0641747342317665,5.408389537251829
44.10642873199819,0.058238855687225866,-0.0166710368191368,0.0166710368191368,0.06057794797104417,-15.97391897946061,0.06025720784204145,0.060890160391549146,-16.42543409808629,-15.454595202993524,0.0009951115788631112,70.63512039509615,periodic reconstruction FFT,fast PRBS,7,4.194399894040544,5000.000126310628,0.9755864962807553,0.00039999998989515007,10-90% leave-one-period sensitivity; excludes systematic errors,<Ewe>/V,0.0,0.057775120180851486,-0.01408914649791039,0.059474912901592576,-13.72271583320886,0.00046373550637437977,-0.00258189032122641,-2.2512031462517506,4.410608763031291
44.34484186027926,0.05816504427106061,-0.018266841596386973,0.018266841596386973,0.06096597310764369,-17.434994374449165,0.06044510280891532,0.061606327799144885,-17.755536025983417,-17.115125357670568,0.0010079272494444625,74.39260124540964,periodic reconstruction FFT,fast PRBS,7,4.194399894040544,5000.000126310628,0.9755864962807553,0.00039999998989515007,10-90% leave-one-period sensitivity; excludes systematic errors,<Ewe>/V,0.0,0.057708112863929954,-0.014116196831828716,0.05941631127746781,-13.763567304231618,0.0004569314071306563,-0.004150644764558257,-3.671427070217547,7.027901935515557
44.583254988560334,0.05850623123505977,-0.017649635124877012,0.017649635124877012,0.06111046320697934,-16.787041447674568,0.06078249028498632,0.06131484564410318,-16.980929310858798,-16.630506467667995,0.0013469773803926163,71.30728373597368,periodic reconstruction FFT,fast PRBS,7,4.194399894040544,5000.000126310628,0.9755864962807553,0.00039999998989515007,10-90% leave-one-period sensitivity; excludes systematic errors,<Ewe>/V,0.0,0.05764146483729727,-0.014143102123045242,0.05935802387267648,-13.804199731461882,0.0008647663977624995,-0.00350653300183177,-2.982841716212686,6.084420379074321
44.82166811684141,0.057414546778487625,-0.018386205884401863,0.018386205884401863,0.060286671400922094,-17.756937551552866,0.060034228949571895,0.0605357995047635,-18.035407070593855,-17.41639952225513,0.0012369846633102758,74.41907344473506,periodic reconstruction FFT,fast PRBS,7,4.194399894040544,5000.000126310628,0.9755864962807553,0.00039999998989515007,10-90% leave-one-period sensitivity; excludes systematic errors,<Ewe>/V,0.0,0.057575172268496275,-0.014169863918693178,0.059300047335521744,-13.844615451383474,-0.00016062549000864929,-0.004216341965708685,-3.9123221001693924,7.115340771429894
45.060081245122475,0.05679123849092288,-0.018054815377564162,0.018054815377564162,0.05959212303359235,-17.636267398854837,0.05931932490621017,0.05988677647993314,-17.919915127135187,-17.393590858587938,0.0012131680328369943,74.93543184496608,periodic reconstruction FFT,fast PRBS,7,4.194399894040544,5000.000126310628,0.9755864962807553,0.00039999998989515007,10-90% leave-one-period sensitivity; excludes systematic errors,<Ewe>/V,0.0,0.05750923138606442,-0.014196483741282698,0.05924237836764989,-13.884816763294452,-0.0007179928951415379,-0.0038583316362814646,-3.751450635560385,6.6245962235559155
45.29849437340355,0.057706876514904956,-0.018271640369213072,0.018271640369213072,0.060530458769848645,-17.569270021884293,0.0601730169424041,0.06083347945019278,-17.79049938191695,-17.353303395492016,0.0013167953252856378,70.23928294191003,periodic reconstruction FFT,fast PRBS,7,4.194399894040544,5000.000126310628,0.9755864962807553,0.00039999998989515007,10-90% leave-one-period sensitivity; excludes systematic errors,<Ewe>/V,0.0,0.05744363847824623,-0.014222963089220683,0.0591850137229244,-13.924805930092027,0.00026323803665872364,-0.004048677279992389,-3.6444640917922655,6.855157483384226
45.53690750168462,0.05702855898729889,-0.018917791736668854,0.018917791736668854,0.060084435458443025,-18.351966874681093,0.05893302366694557,0.061071970650022164,-18.628411266018748,-18.12339690676614,0.0007677685347409365,69.82531039406919,periodic reconstruction FFT,fast PRBS,7,4.194399894040544,5000.000126310628,0.9755864962807553,0.00039999998989515007,10-90% leave-one-period sensitivity; excludes systematic errors,<Ewe>/V,0.0,0.057378389891739635,-0.014249303437316837,0.059127950206329494,-13.964585179036913,-0.0003498309044407469,-0.004668488299352017,-4.38738169564418,7.917705821294783
45.77532062996569,0.056021043167840366,-0.017979458324255737,0.017979458324255737,0.058835518177769816,-17.793573561502942,0.05862335895477901,0.058997518556699366,-17.98946215438986,-17.544838606559495,0.0012535593948226178,72.27809798795539,periodic reconstruction FFT,fast PRBS,7,4.194399894040544,5000.000126310628,0.9755864962807553,0.00039999998989515007,10-90% leave-one-period sensitivity; excludes systematic errors,<Ewe>/V,0.0,0.05731348203047494,-0.014275506237276584,0.0590711846729023,-14.004156702497685,-0.0012924388626345748,-0.003703952086979153,-3.7894168590052573,6.641081678565063
46.013733758246765,0.05535242986398779,-0.016952642129110858,0.016952642129110858,0.0578902717820999,-17.02811628518182,0.0576863226754266,0.05808124055505013,-17.3926955375074,-16.697027254351546,0.0010546804503061722,71.27905750300175,periodic reconstruction FFT,fast PRBS,7,4.194399894040544,5000.000126310628,0.9755864962807553,0.00039999998989515007,10-90% leave-one-period sensitivity; excludes systematic errors,<Ewe>/V,0.0,0.05724891135442564,-0.014301572918181165,0.059014714026692804,-14.043522658675828,-0.0018964814904378485,-0.002651069210929693,-2.9845936265059922,5.523320941706221
46.25214688652783,0.05603857482375169,-0.01768580505016549,0.01768580505016549,0.05876316506579335,-17.515724893052994,0.05841307416109055,0.05900504626378673,-17.845917265750202,-17.283291934671084,0.0013849413096831333,70.35857209110927,periodic reconstruction FFT,fast PRBS,7,4.194399894040544,5000.000126310628,0.9755864962807553,0.00039999998989515007,10-90% leave-one-period sensitivity; excludes systematic errors,<Ewe>/V,0.0,0.05718467437844983,-0.014327504886955323,0.05895853521975066,-14.08268517231204,-0.0011460995546981392,-0.0033583001632101657,-3.433039720740954,6.018606026151355
46.490560014808906,0.05561524803556593,-0.017586293841332368,0.017586293841332368,0.058329525500651944,-17.54765904042135,0.0580752971145018,0.05854396974729447,-17.711673947200183,-17.40064915798077,0.001220415958889265,73.85396027638518,periodic reconstruction FFT,fast PRBS,7,4.194399894040544,5000.000126310628,0.9755864962807553,0.00039999998989515007,10-90% leave-one-period sensitivity; excludes systematic errors,<Ewe>/V,0.0,0.057120767671161504,-0.014353303528822964,0.05890264525113802,-14.121646335374372,-0.001505519635595573,-0.0032329903125094036,-3.426012705046979,6.054642970784189
46.72897314308997,0.05736459167869946,-0.01718393318158934,0.01718393318158934,0.059883085575588385,-16.675925975692703,0.05960167067047556,0.06025586697572313,-16.872814318015987,-16.528605375269873,0.0007780025987712478,69.18217098298666,periodic reconstruction FFT,fast PRBS,7,4.194399894040544,5000.000126310628,0.9755864962807553,0.00039999998989515007,10-90% leave-one-period sensitivity; excludes systematic errors,<Ewe>/V,0.0,0.05705718785383063,-0.014378970207751182,0.05884704116596761,-14.16040820772879,0.0003074038248688238,-0.002804962973838157,-2.515517767963914,4.795070862013155
46.96738627137105,0.057000832236987306,-0.01727202814792367,0.01727202814792367,0.059560203425205314,-16.85752294723256,0.05923816463890317,0.05984852860055544,-17.10712232877772,-16.66618368148734,0.0014340083079584023,76.63177007772414,periodic reconstruction FFT,fast PRBS,7,4.194399894040544,5000.000126310628,0.9755864962807553,0.00039999998989515007,10-90% leave-one-period sensitivity; excludes systematic errors,<Ewe>/V,0.0,0.05699393159931133,-0.014404506266882961,0.05879172005446539,-14.198972817792642,6.900637675978649e-06,-0.0028675218810407105,-2.6585501294399183,4.877438832372665
47.20579939965212,0.05716794627619441,-0.017244287702727245,0.017244287702727245,0.05971213896530822,-16.785548085654288,0.05950179200420811,0.05986401014686163,-17.076660815399766,-16.498525049154434,0.0015403263654420517,72.87414427303683,periodic reconstruction FFT,fast PRBS,7,4.194399894040544,5000.000126310628,0.9755864962807553,0.00039999998989515007,10-90% leave-one-period sensitivity; excludes systematic errors,<Ewe>/V,0.0,0.05693099563099704,-0.014429913028958937,0.05873667905105674,-14.237342163171615,0.00023695064519737435,-0.002814374673768308,-2.5482059224826727,4.80846363473731
47.44421252793319,0.05749058902986518,-0.01704116164635849,0.01704116164635849,0.059963063774778676,-16.510694759151175,0.05978173339746764,0.06029379748114933,-16.7652967275746,-16.229497656809762,0.0010099653526534794,72.05283198733821,periodic reconstruction FFT,fast PRBS,7,4.194399894040544,5000.000126310628,0.9755864962807553,0.00039999998989515007,10-90% leave-one-period sensitivity; excludes systematic errors,<Ewe>/V,0.0,0.056868376721802144,-0.014455191796728533,0.05868191533347589,-14.275518211280623,0.0006222123080630373,-0.002585969849629957,-2.2351765478705516,4.53252453816894
47.68262565621426,0.05727342615122789,-0.018079970753273455,0.018079970753273455,0.0600593929834408,-17.519769605484754,0.05962089737976173,0.060524986772156224,-17.837756614661863,-17.2797513314284,0.0010330385376703115,70.2587446335828,periodic reconstruction FFT,fast PRBS,7,4.194399894040544,5000.000126310628,0.9755864962807553,0.00039999998989515007,10-90% leave-one-period sensitivity; excludes systematic errors,<Ewe>/V,0.0,0.05680607169316905,-0.014480343853350796,0.05862742612189747,-14.31350289994914,0.0004673544580588371,-0.003599626899922659,-3.2062667055356133,6.191367473572694
47.92103878449533,0.057523098745681574,-0.018921287325719283,0.018921287325719283,0.06055511541866516,-18.20777924762971,0.06028230398113374,0.0608474688757493,-18.490258935607397,-17.967318428517093,0.0011455267834191338,74.79763773037055,periodic reconstruction FFT,fast PRBS,7,4.194399894040544,5000.000126310628,0.9755864962807553,0.00039999998989515007,10-90% leave-one-period sensitivity; excludes systematic errors,<Ewe>/V,0.0,0.05674407741410001,-0.014505370462785215,0.05857320867808989,-14.351298138011447,0.0007790213315815656,-0.004415916862934069,-3.8564811096182616,7.655556037238796
48.159451912776404,0.055562956256161776,-0.019138250892832578,0.019138250892832578,0.05876661258879189,-19.005891362697383,0.058623925374263176,0.05887249476218873,-19.36073756856573,-18.64869209908369,0.0009455267615532891,70.37759687587766,periodic reconstruction FFT,fast PRBS,7,4.194399894040544,5000.000126310628,0.9755864962807553,0.00039999998989515007,10-90% leave-one-period sensitivity; excludes systematic errors,<Ewe>/V,0.0,0.05668239080021302,-0.014530272870172873,0.0585192603045896,-14.388905805882219,-0.001119434544051244,-0.004607978022659704,-4.616985556815164,8.103320616836736
48.39786504105748,0.05623778105418639,-0.018653244212818415,0.018653244212818415,0.05925058259259271,-18.349923049381175,0.05904222062537648,0.059559220974818056,-18.45742378372085,-18.22308624621085,0.0014051029379385375,75.06033985858349,periodic reconstruction FFT,fast PRBS,7,4.194399894040544,5000.000126310628,0.9755864962807553,0.00039999998989515007,10-90% leave-one-period sensitivity; excludes systematic errors,<Ewe>/V,0.0,0.05662100881282099,-0.014555052302208174,0.058465578343895805,-14.42632775611791,-0.00038322775863459946,-0.004098191910610241,-3.923595293263265,7.040161259754639
48.636278169338546,0.054696025413579284,-0.019900207275438883,0.019900207275438883,0.05820372364074605,-19.993045679954353,0.057937565201350086,0.058666019506250194,-20.627218413412926,-19.314366447325863,0.0008583325402680542,68.54925771816148,periodic reconstruction FFT,fast PRBS,7,4.194399894040544,5000.000126310628,0.9755864962807553,0.00039999998989515007,10-90% leave-one-period sensitivity; excludes systematic errors,<Ewe>/V,0.0,0.05655992845803359,-0.014579709967501414,0.058412160177684934,-14.463565813964331,-0.0018639030444543084,-0.005320497307937469,-5.529479865990021,9.651307579717933
48.87469129761962,0.05428059060444253,-0.01951035093837855,0.01951035093837855,0.05768046731871876,-19.77021956894654,0.05744794811299836,0.058020796467932866,-20.055569341102487,-19.40579980377777,0.0012857741943131397,71.70808519385982,periodic reconstruction FFT,fast PRBS,7,4.194399894040544,5000.000126310628,0.9755864962807553,0.00039999998989515007,10-90% leave-one-period sensitivity; excludes systematic errors,<Ewe>/V,0.0,0.05649914678588096,-0.014604247056932534,0.05835900322604435,-14.500621777890867,-0.0022185561814384303,-0.004906103881446017,-5.2695977910556735,9.226353181254293
49.11310442590069,0.05508795193199809,-0.01869862377717483,0.01869862377717483,0.05817491709682499,-18.748865823659063,0.057918644687194674,0.058434544801983276,-19.358184535885187,-18.211395441930133,0.0008935164985680869,67.91221719951635,periodic reconstruction FFT,fast PRBS,7,4.194399894040544,5000.000126310628,0.9755864962807553,0.00039999998989515007,10-90% leave-one-period sensitivity; excludes systematic errors,<Ewe>/V,0.0,0.05643866088945885,-0.014628664743996224,0.05830610494672466,-14.537497420111656,-0.0013507089574607556,-0.004069959033178605,-4.211368403547407,7.354697327588966
49.35151755418176,0.05329234556843145,-0.018433096672106474,0.018433096672106474,0.056390186638353476,-19.079806123136954,0.05594395622316185,0.05695241054245793,-19.430612546646614,-18.636179657884018,0.0011500603755351915,71.72197280285981,periodic reconstruction FFT,fast PRBS,7,4.194399894040544,5000.000126310628,0.9755864962807553,0.00039999998989515007,10-90% leave-one-period sensitivity; excludes systematic errors,<Ewe>/V,0.0,0.0563784679040944,-0.01465296418513869,0.058253462834410186,-14.57419448709419,-0.0030861223356629455,-0.003780132486967784,-4.505611636042765,8.377035367871757
49.589930682462835,0.056498438467786294,-0.017694644527556935,0.017694644527556935,0.05920450991482688,-17.389940717479096,0.05875090787343951,0.05955838411165911,-17.811372524586595,-17.11968707088421,0.0009938648294575824,71.82092007557623,periodic reconstruction FFT,fast PRBS,7,4.194399894040544,5000.000126310628,0.9755864962807553,0.00039999998989515007,10-90% leave-one-period sensitivity; excludes systematic errors,<Ewe>/V,0.0,0.056318565006532026,-0.014677146520086308,0.058201074420006944,-14.610714700055624,0.00017987346125426795,-0.003017498007470627,-2.779226017423472,5.193812011367912
49.8283438107439,0.05536517118593229,-0.018157471412747008,0.018157471412747008,0.058266593761368196,-18.15733701131415,0.05781340437976468,0.058758305064934235,-18.758781341882017,-17.65211991046031,0.001233697749084695,71.05509616603382,periodic reconstruction FFT,fast PRBS,7,4.194399894040544,5000.000126310628,0.9755864962807553,0.00039999998989515007,10-90% leave-one-period sensitivity; excludes systematic errors,<Ewe>/V,0.0,0.05625894941413885,-0.014701212872166376,0.05814893726994778,-14.647059755447206,-0.0008937782282065626,-0.0034562585405806326,-3.5102772558669457,6.139325867798529
50.06675693902498,0.05485975119480091,-0.015962303193982078,0.015962303193982078,0.05713481796953649,-16.223181427589058,0.056656787250084155,0.05751490661668949,-16.438369613456107,-15.901267587527258,0.001070951262575035,70.00044283527163,periodic reconstruction FFT,fast PRBS,7,4.194399894040544,5000.000126310628,0.9755864962807553,0.00039999998989515007,10-90% leave-one-period sensitivity; excludes systematic errors,<Ewe>/V,0.0,0.05619961838412905,-0.014725164348620251,0.05809704898551398,-14.683231325427158,-0.001339867189328138,-0.0012371388453618262,-1.5399501021618995,3.1389988613570052
50.305170067306044,0.056429337921110566,-0.018407774706588883,0.018407774706588883,0.059355845102764905,-18.06680763815144,0.05886370844405402,0.05973234447523321,-18.3117010351097,-17.74872971158432,0.0009000753208149851,71.43473288544777,periodic reconstruction FFT,fast PRBS,7,4.194399894040544,5000.000126310628,0.9755864962807553,0.00039999998989515007,10-90% leave-one-period sensitivity; excludes systematic errors,<Ewe>/V,0.0,0.056135145593695944,-0.014741392268561323,0.058038558963113836,-14.714511577882929,0.00029419232741462187,-0.0036663824380275597,-3.352296060268513,6.337453297343717
50.54358319558712,0.056057243876302426,-0.017458150354508845,0.017458150354508845,0.058712874267982176,-17.298381774957782,0.05843309408471196,0.0589962173719087,-17.44280433348986,-17.154030035822295,0.001387306214733661,74.73384652458388,periodic reconstruction FFT,fast PRBS,7,4.194399894040544,5000.000126310628,0.9755864962807553,0.00039999998989515007,10-90% leave-one-period sensitivity; excludes systematic errors,<Ewe>/V,0.0,0.05606299327408204,-0.014746340754677997,0.05797026387370298,-14.738696162244835,-5.7493977796141404e-06,-0.0027118095998308472,-2.559685612712947,4.677942643968096
50.781996323868185,0.05537197119573949,-0.017165333276461945,0.017165333276461945,0.057971578041259283,-17.223457153893616,0.05783808380115131,0.058061764158187326,-17.3751505606039,-17.063224058608984,0.0011407129599116154,72.615202358097,periodic reconstruction FFT,fast PRBS,7,4.194399894040544,5000.000126310628,0.9755864962807553,0.00039999998989515007,10-90% leave-one-period sensitivity; excludes systematic errors,<Ewe>/V,0.0,0.055991180496051916,-0.014751265953715028,0.05790229017413719,-14.762766936376925,-0.0006192093003124233,-0.0024140673227469166,-2.4606902175166905,4.304175385846665
51.02040945214926,0.057191778408246845,-0.018994580654071277,0.018994580654071277,0.06026353467663533,-18.37240167033118,0.06014073145963702,0.06041994920690143,-18.670842973553317,-18.057869136289764,0.0010462000627089268,69.89713751261144,periodic reconstruction FFT,fast PRBS,7,4.194399894040544,5000.000126310628,0.9755864962807553,0.00039999998989515007,10-90% leave-one-period sensitivity; excludes systematic errors,<Ewe>/V,0.0,0.05591970407887061,-0.014756168083819564,0.05783463485372218,-14.786724966423058,0.0012720743293762327,-0.004238412570251713,-3.5856767039081205,7.651454666985559
51.25882258043033,0.05548186123574487,-0.01924591964842108,0.01924591964842108,0.05872514239485443,-19.130979913148508,0.058471520754934676,0.05891725038654673,-19.322902671874267,-18.94646406278445,0.001298180537989347,73.22911555412647,periodic reconstruction FFT,fast PRBS,7,4.194399894040544,5000.000126310628,0.9755864962807553,0.00039999998989515007,10-90% leave-one-period sensitivity; excludes systematic errors,<Ewe>/V,0.0,0.05584856088628933,-0.01476104736008772,0.05776729494387157,-14.810571303615882,-0.00036669965054446363,-0.0044848722883333615,-4.320408609532626,7.789595612244862
51.4972357087114,0.05534050035779868,-0.019002938571914353,0.019002938571914353,0.05851224362660746,-18.951555379073607,0.058237505021630186,0.05880235190380346,-19.288202636982202,-18.602188952863436,0.0012844337771222576,70.14679736913199,periodic reconstruction FFT,fast PRBS,7,4.194399894040544,5000.000126310628,0.9755864962807553,0.00039999998989515007,10-90% leave-one-period sensitivity; excludes systematic errors,<Ewe>/V,0.0,0.05577774782571965,-0.01476590399462121,0.0577002675173253,-14.834306984553608,-0.0004372474679209676,-0.004237034577293143,-4.117248394519999,7.38217729799416
51.735648836992475,0.05471625343257728,-0.019368823505305267,0.019368823505305267,0.058043257262818136,-19.493283584366825,0.05787175038358052,0.058173703129970875,-19.61116044655185,-19.40165890066473,0.0012109519163349379,69.94935717606873,periodic reconstruction FFT,fast PRBS,7,4.194399894040544,5000.000126310628,0.9755864962807553,0.00039999998989515007,10-90% leave-one-period sensitivity; excludes systematic errors,<Ewe>/V,0.0,0.05570726184742686,-0.014770738196582681,0.05763354968738612,-14.857933031470402,-0.0009910084148495799,-0.004598085308722586,-4.635350552896423,8.16133543359993
51.97406196527354,0.05446384075559887,-0.01919322957182145,0.01919322957182145,0.057746774899104736,-19.412618693115704,0.05744473123775376,0.058122069353229756,-19.69924746404054,-19.129778000424277,0.000983687636940637,71.6480927178767,periodic reconstruction FFT,fast PRBS,7,4.194399894040544,5000.000126310628,0.9755864962807553,0.00039999998989515007,10-90% leave-one-period sensitivity; excludes systematic errors,<Ewe>/V,0.0,0.05563709994374189,-0.014775550172249748,0.057567138607173565,-14.881450452500538,-0.0011732591881430249,-0.004417679399571703,-4.531168240615166,7.939987486820522
52.212475093554616,0.05380661946315229,-0.01822838323151111,0.01822838323151111,0.05681044141077689,-18.715139003046463,0.05657500584222525,0.05714272907227284,-18.996093628305513,-18.396100702733417,0.0010116975616655994,70.5292779543415,periodic reconstruction FFT,fast PRBS,7,4.194399894040544,5000.000126310628,0.9755864962807553,0.00039999998989515007,10-90% leave-one-period sensitivity; excludes systematic errors,<Ewe>/V,0.0,0.055567259148291165,-0.014780340125067827,0.05750103146889503,-14.904860241936545,-0.0017606396851388775,-0.0034480431064432826,-3.8102787611099185,6.732999314012012
52.45088822183569,0.05414885706554296,-0.01813598720221162,0.01813598720221162,0.057105277806025825,-18.517158237835684,0.05676331245272565,0.05737583135274738,-18.684897674302555,-18.323457079744834,0.0011342237723828141,73.57846421126715,periodic reconstruction FFT,fast PRBS,7,4.194399894040544,5000.000126310628,0.9755864962807553,0.00039999998989515007,10-90% leave-one-period sensitivity; excludes systematic errors,<Ewe>/V,0.0,0.05549773653524409,-0.014785108255701732,0.05743522550313351,-14.928163380481426,-0.0013488794697011294,-0.0033508789465098894,-3.5889948573542583,6.28914207417326
52.68930135011676,0.054198390388765734,-0.018300883719706,0.018300883719706,0.05720478883498527,-18.65801043683961,0.0569458394649808,0.05740338430513011,-18.80747365099308,-18.524299337993728,0.001418654144366696,74.3692369027955,periodic reconstruction FFT,fast PRBS,7,4.194399894040544,5000.000126310628,0.9755864962807553,0.00039999998989515007,10-90% leave-one-period sensitivity; excludes systematic errors,<Ewe>/V,0.0,0.05542852921857755,-0.014789854762086134,0.057369717978151366,-14.951360835495203,-0.0012301388298118152,-0.0035110289576198665,-3.7066496013444077,6.484764494013563
52.92771447839783,0.054323062395373864,-0.018065986409568514,0.018065986409568514,0.05724836218585119,-18.395354957429113,0.05708934299643987,0.05743989751052308,-18.553015113830593,-18.20485079980809,0.0012022042910390756,72.49923427606988,periodic reconstruction FFT,fast PRBS,7,4.194399894040544,5000.000126310628,0.9755864962807553,0.00039999998989515007,10-90% leave-one-period sensitivity; excludes systematic errors,<Ewe>/V,0.0,0.05535963435135706,-0.014794579839474846,0.057304506199209945,-14.974453561235864,-0.0010365719559831954,-0.0032714065700936677,-3.4209013961932495,5.988538727553505
53.1661276066789,0.05488085868169603,-0.018333082881928434,0.018333082881928434,0.0578619959696859,-18.472020662817073,0.05752897302834821,0.058121467010025844,-18.62673961863519,-18.301098118269543,0.0008768753125396811,70.42932197650289,periodic reconstruction FFT,fast PRBS,7,4.194399894040544,5000.000126310628,0.9755864962807553,0.00039999998989515007,10-90% leave-one-period sensitivity; excludes systematic errors,<Ewe>/V,0.0,0.05529104912503404,-0.014799283680489031,0.05723958750790439,-14.997442499094904,-0.0004101904433380099,-0.0035337992014394023,-3.4745781637221693,6.215150041394562
53.40454073495997,0.05497231180167646,-0.018013069744381494,0.018013069744381494,0.05784829942562433,-18.14269291164103,0.05767324252641538,0.058103805673717084,-18.339842954436367,-17.995074254399523,0.0013182828842791638,73.77537200016857,periodic reconstruction FFT,fast PRBS,7,4.194399894040544,5000.000126310628,0.9755864962807553,0.00039999998989515007,10-90% leave-one-period sensitivity; excludes systematic errors,<Ewe>/V,0.0,0.055222770768758776,-0.01480396647516432,0.05717495928151335,-15.020328577827614,-0.000250458967082319,-0.003209103269217174,-3.122364333813417,5.629845971138467
53.64295386324105,0.05523217113985687,-0.017815584441434815,0.017815584441434815,0.05803436721299142,-17.877526837199653,0.057911028089944416,0.05822889261491712,-18.02448059230433,-17.776740256909573,0.0012761039057849171,71.8285510919117,periodic reconstruction FFT,fast PRBS,7,4.194399894040544,5000.000126310628,0.9755864962807553,0.00039999998989515007,10-90% leave-one-period sensitivity; excludes systematic errors,<Ewe>/V,0.0,0.055154796548708765,-0.014808628410996864,0.05711061893236324,-15.043112713778216,7.737459114810774e-05,-0.0030069560304379506,-2.8344141234214373,5.266886295862204
53.881366991522114,0.05547320987695201,-0.018866159049415108,0.018866159049415108,0.058593591555136756,-18.782910063182456,0.058391951012211334,0.05887106893621853,-18.95528674066348,-18.592871093568068,0.000966149841004839,68.68447992231258,periodic reconstruction FFT,fast PRBS,7,4.194399894040544,5000.000126310628,0.9755864962807553,0.00039999998989515007,10-90% leave-one-period sensitivity; excludes systematic errors,<Ewe>/V,0.0,0.05508712376743188,-0.014813269672988405,0.05704656390720648,-15.065795811100019,0.00038608610952012984,-0.004052889376426703,-3.717114252082437,7.136691890217904
54.11978011980319,0.05503570784914887,-0.01858923114117341,0.01858923114117341,0.05809034905108454,-18.663257447620634,0.05790954950892226,0.05825262013125375,-18.969323815385202,-18.419260669383302,0.0013946876078694754,73.57681746275644,periodic reconstruction FFT,fast PRBS,7,4.194399894040544,5000.000126310628,0.9755864962807553,0.00039999998989515007,10-90% leave-one-period sensitivity; excludes systematic errors,<Ewe>/V,0.0,0.055019749763204055,-0.014817890443690307,0.05698279168661358,-15.088378761970711,1.595808594481718e-05,-0.003771340697483104,-3.5748786856499226,6.618444530885029
54.358193248084255,0.05504477472296982,-0.018658945763959704,0.018658945763959704,0.058121282516173774,-18.725507849732544,0.05790952646609709,0.05835737424805027,-18.825691398420048,-18.61726443445592,0.0013202376466826032,73.63766893461882,periodic reconstruction FFT,fast PRBS,7,4.194399894040544,5000.000126310628,0.9755864962807553,0.00039999998989515007,10-90% leave-one-period sensitivity; excludes systematic errors,<Ewe>/V,0.0,0.05495267190940115,-0.01482249090324665,0.05691929978437854,-15.110862446802923,9.210281356866745e-05,-0.003836454860713054,-3.6146454029296216,6.742107307407498
54.59660637636533,0.05508192086507454,-0.020186902133899554,0.020186902133899554,0.058664546567326094,-20.127315116666974,0.058444156634501976,0.05890611273131023,-20.457881648493448,-19.706019622212445,0.0010236195007558297,71.98056838633441,periodic reconstruction FFT,fast PRBS,7,4.194399894040544,5000.000126310628,0.9755864962807553,0.00039999998989515007,10-90% leave-one-period sensitivity; excludes systematic errors,<Ewe>/V,0.0,0.05488588761388443,-0.014827071229436366,0.05685608574693715,-15.13324773445019,0.00019603325119010861,-0.005359830904463188,-4.994067382216784,9.433316675099002
54.835019504646404,0.05438633409292855,-0.01966083712441619,0.01966083712441619,0.05783097658262797,-19.87508847542496,0.05771005180217517,0.058011492947233165,-20.051693968253293,-19.696333541379996,0.0015039082678389441,72.26041069242262,periodic reconstruction FFT,fast PRBS,7,4.194399894040544,5000.000126310628,0.9755864962807553,0.00039999998989515007,10-90% leave-one-period sensitivity; excludes systematic errors,<Ewe>/V,0.0,0.05481939431839956,-0.014831631597714471,0.056793147152798214,-15.155535482408405,-0.0004330602254710089,-0.004829205526701718,-4.7195529930165545,8.537269514956524
55.07343263292747,0.053419902350034444,-0.019756759104953742,0.019756759104953742,0.056956259510420694,-20.296355523309316,0.056787412890034535,0.05719564033871984,-20.57515461938093,-19.798432491883798,0.0008609346160372092,70.54140763059081,periodic reconstruction FFT,fast PRBS,7,4.194399894040544,5000.000126310628,0.9755864962807553,0.00039999998989515007,10-90% leave-one-period sensitivity; excludes systematic errors,<Ewe>/V,0.0,0.05475318949798854,-0.014836172181252381,0.05673048161198684,-15.177726537012928,-0.0013332871479540959,-0.004920586923701361,-5.118628986296388,8.98638976674436
55.311845761208545,0.053445492063461685,-0.01955639903912253,0.01955639903912253,0.056911100545350014,-20.098228556482567,0.056701677531044346,0.05713885607374471,-20.365750201632768,-19.89485974991767,0.0012102741346659094,69.6855044588043,periodic reconstruction FFT,fast PRBS,7,4.194399894040544,5000.000126310628,0.9755864962807553,0.00039999998989515007,10-90% leave-one-period sensitivity; excludes systematic errors,<Ewe>/V,0.0,0.054687270660414455,-0.014840693150977378,0.056668086765499955,-15.19982173363142,-0.0012417785969527709,-0.004715705888145152,-4.898406822851147,8.605308140763352
55.55025888948961,0.0538904898144428,-0.01849651276430561,0.01849651276430561,0.05697636243988101,-18.94345384363791,0.05644645216503706,0.057342084052628355,-19.31242823441154,-18.61659216113568,0.0008174187835695078,67.73025138319801,periodic reconstruction FFT,fast PRBS,7,4.194399894040544,5000.000126310628,0.9755864962807553,0.00039999998989515007,10-90% leave-one-period sensitivity; excludes systematic errors,<Ewe>/V,0.0,0.05462163534559846,-0.014845194675611217,0.05660596028477342,-15.221821896852532,-0.0007311455311556636,-0.0036513180886943945,-3.7216319467853793,6.578461836969677
55.788672017770686,0.053584303697322644,-0.018413663873036955,0.018413663873036955,0.056659867807435725,-18.964726884387733,0.0565276942688694,0.056729842928366546,-19.19914195393377,-18.79905580698141,0.001516340327311346,75.02928358675713,periodic reconstruction FFT,fast PRBS,7,4.194399894040544,5000.000126310628,0.9755864962807553,0.00039999998989515007,10-90% leave-one-period sensitivity; excludes systematic errors,<Ewe>/V,0.0,0.05455628112506892,-0.014849676921707907,0.056544099871160575,-15.243727840670573,-0.0009719774277462748,-0.0035639869513290484,-3.7209990437171605,6.533218952544331
56.02708514605176,0.053429017555628774,-0.018076421760615066,0.018076421760615066,0.05640405074662037,-18.69201103688597,0.05624904898580561,0.056555729361060035,-18.802079059239766,-18.57060062451001,0.0013654923032308374,75.99610184267105,periodic reconstruction FFT,fast PRBS,7,4.194399894040544,5000.000126310628,0.9755864962807553,0.00039999998989515007,10-90% leave-one-period sensitivity; excludes systematic errors,<Ewe>/V,0.0,0.05449120560142223,-0.014854140053690693,0.05648250325542194,-15.265540368666212,-0.001062188045793458,-0.0032222817069243737,-3.426470668219757,6.0068814143276885
56.26549827433283,0.053178537894449,-0.01765917699583449,0.01765917699583449,0.056033948859254584,-18.369953444464464,0.055832096288464146,0.05623015586079278,-18.56866336179751,-18.157637327986386,0.0012850975747349179,73.7827127981624,periodic reconstruction FFT,fast PRBS,7,4.194399894040544,5000.000126310628,0.9755864962807553,0.00039999998989515007,10-90% leave-one-period sensitivity; excludes systematic errors,<Ewe>/V,0.0,0.05442640640779521,-0.01485858423388824,0.056421168197225736,-15.287260274183351,-0.001247868513346212,-0.00280059276194625,-3.0826931702811127,5.434171023069386
56.5039114026139,0.053973041790766035,-0.017968456311130296,0.017968456311130296,0.05688545211521813,-18.41339442269055,0.056615397956597015,0.05713587350996474,-18.585169870917454,-18.247967452811,0.0010716521226021324,69.72107784231574,periodic reconstruction FFT,fast PRBS,7,4.194399894040544,5000.000126310628,0.9755864962807553,0.00039999998989515007,10-90% leave-one-period sensitivity; excludes systematic errors,<Ewe>/V,0.0,0.05436188120734842,-0.014863009622570061,0.056360092484658925,-15.308888340502286,-0.00038883941658238164,-0.0031054466885602344,-3.1045060821882657,5.5530350829071535
56.74232453089497,0.0545827786726127,-0.017936927875016013,0.017936927875016013,0.05745444377258342,-18.191495991981462,0.05724987266738704,0.05767263274032314,-18.41228450297816,-18.051133303258936,0.0010040605609446976,68.31816499878728,periodic reconstruction FFT,fast PRBS,7,4.194399894040544,5000.000126310628,0.9755864962807553,0.00039999998989515007,10-90% leave-one-period sensitivity; excludes systematic errors,<Ewe>/V,0.0,0.0542976276927606,-0.01486741637798121,0.05629927393374859,-15.33042534100918,0.00028515097985210014,-0.0030695114970348027,-2.861070650972282,5.4756088008631565
56.98073765917604,0.05390951682941463,-0.017767703094390012,0.017767703094390012,0.05676202320241356,-18.241382326761492,0.056574374245768326,0.056986174557906576,-18.503889488002397,-17.963720180514674,0.0008600501814723162,67.71791469159464,periodic reconstruction FFT,fast PRBS,7,4.194399894040544,5000.000126310628,0.9755864962807553,0.00039999998989515007,10-90% leave-one-period sensitivity; excludes systematic errors,<Ewe>/V,0.0,0.05423364358573358,-0.014871804656376213,0.05623871038799333,-15.35187203936201,-0.00032412675631894594,-0.0028958984380137998,-2.8895102873994816,5.181450803675468
57.21915078745711,0.053838897059920045,-0.01878030366440695,0.01878030366440695,0.05702040549098194,-19.230001661199882,0.05688400413461558,0.05715483347599367,-19.31769256453793,-19.157955535591544,0.0015752649546775497,76.40123440705307,periodic reconstruction FFT,fast PRBS,7,4.194399894040544,5000.000126310628,0.9755864962807553,0.00039999998989515007,10-90% leave-one-period sensitivity; excludes systematic errors,<Ewe>/V,0.0,0.05416992663650751,-0.014876174612052335,0.05617839971790445,-15.373229189653049,-0.00033102957658746185,-0.0039041290523546164,-3.856772471546833,6.974456148706907
57.457563915738184,0.054989029513997006,-0.019471113509568785,0.019471113509568785,0.05833453203886824,-19.498589803869027,0.05809959947010656,0.058729876629853,-19.804855081571443,-19.252381085503185,0.0012152765200592074,71.75649254700792,periodic reconstruction FFT,fast PRBS,7,4.194399894040544,5000.000126310628,0.9755864962807553,0.00039999998989515007,10-90% leave-one-period sensitivity; excludes systematic errors,<Ewe>/V,0.0,0.054106474623386275,-0.014880526397382117,0.05611833982055668,-15.394497536567952,0.0008825548906107317,-0.004590587112186668,-4.104092267301075,8.329993994564816
57.69597704401926,0.053782838548563,-0.019321941214057937,0.019321941214057937,0.05714832573768285,-19.761256320451,0.05684648014862769,0.05738036212125268,-20.226362821334945,-19.351493235377593,0.0007850372212184995,69.11639743470543,periodic reconstruction FFT,fast PRBS,7,4.194399894040544,5000.000126310628,0.9755864962807553,0.00039999998989515007,10-90% leave-one-period sensitivity; excludes systematic errors,<Ewe>/V,0.0,0.0540432853522726,-0.014884860162845267,0.056058528619148215,-15.41567781554157,-0.0002604468037096033,-0.00443708105121267,-4.3455785049094295,7.928710247013885
57.934390172300326,0.05277853752492668,-0.020279535673646692,0.020279535673646692,0.05654054819692503,-21.0186876174768,0.05635761716139409,0.05677039629901408,-21.30667128260634,-20.79725166270198,0.0012221580406428824,72.83620086794775,periodic reconstruction FFT,fast PRBS,7,4.194399894040544,5000.000126310628,0.9755864962807553,0.00039999998989515007,10-90% leave-one-period sensitivity; excludes systematic errors,<Ewe>/V,0.0,0.05398035665621283,-0.014889176057059876,0.05599896406256973,-15.436770752910546,-0.0012018191312861484,-0.005390359616586815,-5.581916864566255,9.86216786002348
58.1728033005814,0.051696058703088694,-0.019614259569704168,0.019614259569704168,0.05529196744465623,-20.77749606126164,0.05503478013259714,0.05553914267025839,-21.017318810881214,-20.60927460223213,0.0011823281886709357,74.47356399495112,periodic reconstruction FFT,fast PRBS,7,4.194399894040544,5000.000126310628,0.9755864962807553,0.00039999998989515007,10-90% leave-one-period sensitivity; excludes systematic errors,<Ewe>/V,0.0,0.05391768639495107,-0.014893474226813,0.05593964412498246,-15.457777066062754,-0.0022216276918623767,-0.0047207853428911685,-5.319718995198887,9.326869050531924
58.41121642886247,0.052635699751621766,-0.020274752886363233,0.020274752886363233,0.05640551828452576,-21.06619317730467,0.05613046496216968,0.05665371405797278,-21.532194393450695,-20.780596574681812,0.0011419872681033174,71.26287478711271,periodic reconstruction FFT,fast PRBS,7,4.194399894040544,5000.000126310628,0.9755864962807553,0.00039999998989515007,10-90% leave-one-period sensitivity; excludes systematic errors,<Ewe>/V,0.0,0.053855272454492356,-0.01489775481709062,0.055880566805404625,-15.478697463583725,-0.0012195727028705902,-0.005376998069272613,-5.587495713720944,9.866705678677446
58.64962955714354,0.05137172191991639,-0.019231726705001846,0.019231726705001846,0.05485356073285579,-20.524094368774016,0.05467790116958475,0.05504907450779127,-20.766740732398162,-20.224633886864684,0.0009751117517744295,69.58765972593467,periodic reconstruction FFT,fast PRBS,7,4.194399894040544,5000.000126310628,0.9755864962807553,0.00039999998989515007,10-90% leave-one-period sensitivity; excludes systematic errors,<Ewe>/V,0.0,0.0537931127466748,-0.01490201797110698,0.055821730127306554,-15.499532645400047,-0.002421390826758414,-0.004329708733894867,-5.024561723373969,8.88685719746633
58.888042685424615,0.052072022048394805,-0.019205475362556713,0.019205475362556713,0.05550086273302684,-20.24524665079606,0.05521898518718154,0.05576430586715859,-20.559998564300315,-19.992204285540247,0.0010428808030909723,71.86372131029684,periodic reconstruction FFT,fast PRBS,7,4.194399894040544,5000.000126310628,0.9755864962807553,0.00039999998989515007,10-90% leave-one-period sensitivity; excludes systematic errors,<Ewe>/V,0.0,0.053731205208750424,-0.014906263830333345,0.05576313213821381,-15.520283302919886,-0.0016591831603556192,-0.0042992115322233685,-4.724963347876173,8.264000007222815
59.12645581370568,0.05238306554302768,-0.017850351105387862,0.017850351105387862,0.055340948584847685,-18.817348532783697,0.05508850717073838,0.05557894932275412,-19.121285030627238,-18.47697213756015,0.0010157827501561588,66.84990428080444,periodic reconstruction FFT,fast PRBS,7,4.194399894040544,5000.000126310628,0.9755864962807553,0.00039999998989515007,10-90% leave-one-period sensitivity; excludes systematic errors,<Ewe>/V,0.0,0.05366954780297435,-0.014910492534526167,0.055704770909318434,-15.540950119170665,-0.0012864822599466738,-0.0029398585708616948,-3.276398413613032,5.760762088452404
59.36486894198676,0.05237979653237344,-0.01770685515030647,0.01770685515030647,0.0552917335963232,-18.677691689649002,0.05505742851539476,0.055511712627263565,-19.024288696706833,-18.2403843363571,0.0009831982777480665,69.45278143774969,periodic reconstruction FFT,fast PRBS,7,4.194399894040544,5000.000126310628,0.9755864962807553,0.00039999998989515007,10-90% leave-one-period sensitivity; excludes systematic errors,<Ewe>/V,0.0,0.053608138516202386,-0.014914704221754688,0.055646644535098023,-15.56153376893395,-0.0012283419838289428,-0.002792150928551781,-3.116157920715052,5.481729396861465
59.603282070267824,0.05204628574704956,-0.018463708200402197,0.018463708200402197,0.055224309688516104,-19.532422451063837,0.05504073198431047,0.055391509658769364,-19.696204658267444,-19.338222989945567,0.0009051419713830801,74.73504941447078,periodic reconstruction FFT,fast PRBS,7,4.194399894040544,5000.000126310628,0.9755864962807553,0.00039999998989515007,10-90% leave-one-period sensitivity; excludes systematic errors,<Ewe>/V,0.0,0.05354697535949664,-0.014918899028427988,0.055588751132942385,-15.582034918877655,-0.0015006896124470787,-0.0035448091719742086,-3.9503875321861823,6.924749826468299
59.8416951985489,0.052533743254070585,-0.017659734548121177,0.017659734548121177,0.05542256223411826,-18.580577060466087,0.05519776888070737,0.05560585305262753,-18.674506867367406,-18.513501888266568,0.0013566773872551825,72.79749290482818,periodic reconstruction FFT,fast PRBS,7,4.194399894040544,5000.000126310628,0.9755864962807553,0.00039999998989515007,10-90% leave-one-period sensitivity; excludes systematic errors,<Ewe>/V,0.0,0.05348605636773892,-0.014923077089321498,0.055531088842787665,-15.602454227685614,-0.0009523131136683349,-0.0027366574587996788,-2.978122832780473,5.218011733437471
60.08010832682997,0.052644152072931626,-0.01791917135305284,0.01791917135305284,0.05561028186817633,-18.79769832619825,0.05537877517547969,0.05585820005790092,-19.166047995630123,-18.404078629695313,0.0007350747770539019,68.03905323644545,periodic reconstruction FFT,fast PRBS,7,4.194399894040544,5000.000126310628,0.9755864962807553,0.00039999998989515007,10-90% leave-one-period sensitivity; excludes systematic errors,<Ewe>/V,0.0,0.05342537959925196,-0.014927238537602984,0.05547365582675778,-15.622792346184553,-0.0007812275263203369,-0.002991932815449858,-3.1749059800136976,5.57425833487546
60.31852145511104,0.05335641218831313,-0.018449604160327166,0.018449604160327166,0.05645613000624407,-19.074384906686863,0.05625895886428266,0.056706013339911134,-19.223088960328457,-18.91886495454688,0.0012629017973044868,72.80183939502913,periodic reconstruction FFT,fast PRBS,7,4.194399894040544,5000.000126310628,0.9755864962807553,0.00039999998989515007,10-90% leave-one-period sensitivity; excludes systematic errors,<Ewe>/V,0.0,0.05336494313542807,-0.014931383504858006,0.05541645026881292,-15.643049917468549,-8.530947114941678e-06,-0.0035182206554691606,-3.431334989218314,6.348712307025186
60.55693458339211,0.05317879344471253,-0.019266099109274386,0.019266099109274386,0.05656117614692771,-19.914901508769706,0.056479711611166133,0.0566713268034968,-20.076433365873598,-19.73919546378249,0.0015016066729014264,73.61802810604412,periodic reconstruction FFT,fast PRBS,7,4.194399894040544,5000.000126310628,0.9755864962807553,0.00039999998989515007,10-90% leave-one-period sensitivity; excludes systematic errors,<Ewe>/V,0.0,0.053304745080365014,-0.014935512121114897,0.05535947037440494,-15.663227577021086,-0.00012595163565248119,-0.004330586988159489,-4.25167393174862,7.825974801860712
60.79534771167318,0.05323564035406597,-0.018855743928855827,0.018855743928855827,0.05647630018882292,-19.503839582928677,0.056175483619832045,0.0568111807825865,-19.6037299455211,-19.36871316749197,0.0011439347716300093,71.95870532292231,periodic reconstruction FFT,fast PRBS,7,4.194399894040544,5000.000126310628,0.9755864962807553,0.00039999998989515007,10-90% leave-one-period sensitivity; excludes systematic errors,<Ewe>/V,0.0,0.05324478356050933,-0.014939624514869226,0.05530271437013968,-15.683325952834615,-9.143206443358587e-06,-0.003916119413986601,-3.8205136300940623,7.081261981765606
61.033760839954255,0.052841783855342404,-0.01981698814843198,0.01981698814843198,0.056435513112665314,-20.55729925625255,0.05614960013714991,0.05673403473204489,-20.962811861290163,-20.17806627617895,0.0009087521712395341,69.17088101587684,periodic reconstruction FFT,fast PRBS,7,4.194399894040544,5000.000126310628,0.9755864962807553,0.00039999998989515007,10-90% leave-one-period sensitivity; excludes systematic errors,<Ewe>/V,0.0,0.05318505672430626,-0.014943720813107806,0.05524618050344566,-15.70334566552788,-0.00034327286896385784,-0.0048732673353241735,-4.853953590724668,8.84286008254457
61.27217396823533,0.05138680910151301,-0.020306002321876716,0.020306002321876716,0.05525339699902082,-21.561940690648456,0.0550649126374112,0.055390914316899444,-21.882255880233657,-21.21892381641835,0.0011658774230127102,75.30733565196107,periodic reconstruction FFT,fast PRBS,7,4.194399894040544,5000.000126310628,0.9755864962807553,0.00039999998989515007,10-90% leave-one-period sensitivity; excludes systematic errors,<Ewe>/V,0.0,0.053125562741856806,-0.01494780114133221,0.05518986704224946,-15.723287328460883,-0.0017387536403437945,-0.005358201180544506,-5.838653362187573,10.20704936238392
61.510587096516396,0.053015434529907764,-0.018906068846317015,0.018906068846317015,0.05628566191861489,-19.626967764912866,0.055962013682360125,0.05655886875848307,-19.83631885414949,-19.423389108152456,0.0008398149397614843,69.9553822885676,periodic reconstruction FFT,fast PRBS,7,4.194399894040544,5000.000126310628,0.9755864962807553,0.00039999998989515007,10-90% leave-one-period sensitivity; excludes systematic errors,<Ewe>/V,0.0,0.05306629980458126,-0.014951865623581855,0.055133772274657204,-15.743151547847651,-5.0865274673496386e-05,-0.00395420322273516,-3.883816217065215,7.172609820141913
61.74900022479747,0.05269701607278157,-0.019716591412997087,0.019716591412997087,0.05626472678261284,-20.513338881108698,0.056051758972112224,0.05655078545780437,-20.611013039579472,-20.40940342779426,0.001324540657922828,73.14437953169171,periodic reconstruction FFT,fast PRBS,7,4.194399894040544,5000.000126310628,0.9755864962807553,0.00039999998989515007,10-90% leave-one-period sensitivity; excludes systematic errors,<Ewe>/V,0.0,0.05300726612488939,-0.014955914382456617,0.055077894508642436,-15.762938922866804,-0.0003102500521078161,-0.004760677030540469,-4.7503999582418945,8.661870163130592
61.98741335307854,0.05184968948838795,-0.019511954221438116,0.019511954221438116,0.0553995185681405,-20.622205504872486,0.055206000655366426,0.05574693832102295,-20.910656597346705,-20.268157240021427,0.0011377373676254607,71.7189876841056,periodic reconstruction FFT,fast PRBS,7,4.194399894040544,5000.000126310628,0.9755864962807553,0.00039999998989515007,10-90% leave-one-period sensitivity; excludes systematic errors,<Ewe>/V,0.0,0.052948459935856784,-0.014959947539139032,0.055022232071739716,-15.782650045770014,-0.0010987704474688317,-0.004552006682299084,-4.839555459102472,8.510634004501252
62.22582648135961,0.050866869599328006,-0.019564687924840663,0.019564687924840663,0.054499682902118304,-21.03800881330727,0.054382411393176865,0.05463798719339309,-21.335746137112373,-20.72299138711401,0.0010273787190158046,73.34549661619522,periodic reconstruction FFT,fast PRBS,7,4.194399894040544,5000.000126310628,0.9755864962807553,0.00039999998989515007,10-90% leave-one-period sensitivity; excludes systematic errors,<Ewe>/V,0.0,0.05288987949090765,-0.014963965213416043,0.054966783310744394,-15.802285501988354,-0.0020230098915796427,-0.00460072271142462,-5.235723311318914,9.143440270764048
62.464239609640686,0.050718709943515156,-0.018478628998750957,0.018478628998750957,0.053980063616189844,-20.01848032802425,0.05378154730081062,0.05420619061096301,-20.141130777225534,-19.92488744727364,0.0011991710866748853,73.23836205253183,periodic reconstruction FFT,fast PRBS,7,4.194399894040544,5000.000126310628,0.9755864962807553,0.00039999998989515007,10-90% leave-one-period sensitivity; excludes systematic errors,<Ewe>/V,0.0,0.05283152306350344,-0.014967967523700366,0.05491154659141789,-15.82184587023665,-0.0021128131199882813,-0.003510661475050591,-4.196634457787599,7.461826719327955
62.70265273792175,0.05261316096799336,-0.016583765791827007,0.016583765791827007,0.05516489821328552,-17.494948021988236,0.05483660856149342,0.05542565072835159,-17.75504741004966,-17.186387228990142,0.0005683307516419153,66.42139297963233,periodic reconstruction FFT,fast PRBS,7,4.194399894040544,5000.000126310628,0.9755864962807553,0.00039999998989515007,10-90% leave-one-period sensitivity; excludes systematic errors,<Ewe>/V,0.0,0.05277338894683761,-0.014971954587051419,0.05485652029819878,-15.841331722615797,-0.00016022797884425455,-0.0016118112047755883,-1.6536162993724393,2.952713079485555
62.94106586620283,0.05187592317897873,-0.01809356626203246,0.01809356626203246,0.05494077307200784,-19.22802753493673,0.054778272656647045,0.05510267463037607,-19.48705050087929,-19.02259219906299,0.0013321903628532355,71.19049487612511,periodic reconstruction FFT,fast PRBS,7,4.194399894040544,5000.000126310628,0.9755864962807553,0.00039999998989515007,10-90% leave-one-period sensitivity; excludes systematic errors,<Ewe>/V,0.0,0.05271547545353602,-0.014975926519195869,0.05480170283391915,-15.860743624713194,-0.000839552274557287,-0.003117639742836591,-3.3672839102235343,5.891611435696883
63.179478994483894,0.051883693457300505,-0.01807149157048628,0.01807149157048628,0.05494084504586077,-19.203622203907635,0.05475205477527222,0.05515823435658324,-19.33158261735901,-19.068936430716494,0.0013101120977765067,72.95373059730161,periodic reconstruction FFT,fast PRBS,7,4.194399894040544,5000.000126310628,0.9755864962807553,0.00039999998989515007,10-90% leave-one-period sensitivity; excludes systematic errors,<Ewe>/V,0.0,0.0526577809153631,-0.014979883434547786,0.05474709261952656,-15.880082135701212,-0.0007740874580625945,-0.0030916081359384923,-3.323540068206423,5.821394866725514
63.41789212276497,0.05266597453645579,-0.01772907984825438,0.01772907984825438,0.05557000221468764,-18.604906750829993,0.05491457638847441,0.05624608603832443,-18.841220873139598,-18.23667762389351,0.00044978413240255306,64.57546484070413,periodic reconstruction FFT,fast PRBS,7,4.194399894040544,5000.000126310628,0.9755864962807553,0.00039999998989515007,10-90% leave-one-period sensitivity; excludes systematic errors,<Ewe>/V,0.0,0.05261484612793571,-0.014971489347135138,0.054703450457355224,-15.883576687602874,5.1128408520076385e-05,-0.002757590501119244,-2.7213300632271196,5.041847310415735
63.65630525104604,0.05294930086677656,-0.01875521968298512,0.01875521968298512,0.05617282908700128,-19.504700553783348,0.05578115893106938,0.056435356133205175,-19.680100781481936,-19.331440589476006,0.00122251344852377,71.19800795435063,periodic reconstruction FFT,fast PRBS,7,4.194399894040544,5000.000126310628,0.9755864962807553,0.00039999998989515007,10-90% leave-one-period sensitivity; excludes systematic errors,<Ewe>/V,0.0,0.052576947252754705,-0.01495899154576537,0.05466357973213646,-15.881771453794945,0.0003723536140218531,-0.00379622813721975,-3.6229290999884025,6.978038439903433
63.89471837932711,0.052187329164484826,-0.019269717627157568,0.019269717627157568,0.055631280254481615,-20.26622879926177,0.055538882380296965,0.055762980257178185,-20.331313425671564,-20.17354667792808,0.001646480324027786,75.40723743492508,periodic reconstruction FFT,fast PRBS,7,4.194399894040544,5000.000126310628,0.9755864962807553,0.00039999998989515007,10-90% leave-one-period sensitivity; excludes systematic errors,<Ewe>/V,0.0,0.05253919005594238,-0.014946540465257412,0.05462385805670558,-15.879972968540365,-0.00035186089145755606,-0.004323177161900156,-4.386255830721407,7.940618914235883
64.13313150760818,0.05187498824046413,-0.02006822561799583,0.02006822561799583,0.05562147143327903,-21.14933347828083,0.055391102818594294,0.05581602536631828,-21.554077734783025,-20.83655327683635,0.0007937561307265475,70.07913118282603,periodic reconstruction FFT,fast PRBS,7,4.194399894040544,5000.000126310628,0.9755864962807553,0.00039999998989515007,10-90% leave-one-period sensitivity; excludes systematic errors,<Ewe>/V,0.0,0.052501573482162694,-0.014934135757596183,0.05458428432081821,-15.878181181570401,-0.0006265852416985629,-0.005134089860399647,-5.271152296710429,9.475591932580919
64.37154463588925,0.05202283491555226,-0.01953239384937038,0.01953239384937038,0.05556878406207685,-20.579052120806356,0.05528823912561771,0.055865118552565,-20.851652949196332,-20.162578792817513,0.00109654207849676,71.64520550897785,periodic reconstruction FFT,fast PRBS,7,4.194399894040544,5000.000126310628,0.9755864962807553,0.00039999998989515007,10-90% leave-one-period sensitivity; excludes systematic errors,<Ewe>/V,0.0,0.0524640964878274,-0.014921777078640631,0.05454485742658899,-15.87639604317591,-0.00044126157227513535,-0.0046106167707297505,-4.702656077630445,8.491514041564965
64.60995776417032,0.05127472266577849,-0.01960421563699115,0.01960421563699115,0.054894648693603526,-20.923697073199065,0.05466978816125159,0.05512889959704217,-21.119180086392017,-20.725968440146808,0.0014272850825071358,77.03920771838463,periodic reconstruction FFT,fast PRBS,7,4.194399894040544,5000.000126310628,0.9755864962807553,0.00039999998989515007,10-90% leave-one-period sensitivity; excludes systematic errors,<Ewe>/V,0.0,0.052426758040922256,-0.014909464088066442,0.05450557628830875,-15.874617504199046,-0.001152035375143766,-0.0046947515489247065,-5.049079569000019,8.868878369260234
64.8483708924514,0.05096028904114515,-0.0195537864264575,0.0195537864264575,0.05458297924049742,-20.99212512570288,0.054411208736737104,0.054798532307590034,-21.16498809910035,-20.81719099794077,0.0014755982011845534,76.49809848288,periodic reconstruction FFT,fast PRBS,7,4.194399894040544,5000.000126310628,0.9755864962807553,0.00039999998989515007,10-90% leave-one-period sensitivity; excludes systematic errors,<Ewe>/V,0.0,0.05238955712083658,-0.014897196449309804,0.0544664398322652,-15.87284551602515,-0.0014292680796914314,-0.004656589977147697,-5.119279609677731,8.943121032901063
65.08678402073247,0.05079718596565646,-0.01875453650861602,0.01875453650861602,0.05414874644608587,-20.264359879533192,0.0540361408411809,0.05425293943411533,-20.35295742376987,-20.152313431699568,0.0012082693439821642,73.05585988204429,periodic reconstruction FFT,fast PRBS,7,4.194399894040544,5000.000126310628,0.9755864962807553,0.00039999998989515007,10-90% leave-one-period sensitivity; excludes systematic errors,<Ewe>/V,0.0,0.0523524927181958,-0.014884973829512219,0.05442744699656677,-15.871080030574769,-0.0015553067525393427,-0.003869562679103801,-4.393279848958423,7.662367415185839
65.32519714901353,0.050423711696456236,-0.018876491478291856,0.018876491478291856,0.05384117970269005,-20.523761235634463,0.053491901975354916,0.0542212125823733,-20.67718013337006,-20.36563396656697,0.0011027243240587378,74.09106781087816,periodic reconstruction FFT,fast PRBS,7,4.194399894040544,5000.000126310628,0.9755864962807553,0.00039999998989515007,10-90% leave-one-period sensitivity; excludes systematic errors,<Ewe>/V,0.0,0.05231556383469718,-0.014872795899466303,0.054388596730969775,-15.869321000295837,-0.0018918521382409459,-0.004003695578825553,-4.654440235338626,8.141723641006358
65.56361027729461,0.050699644651297913,-0.018127450542473448,0.018127450542473448,0.05384290511235163,-19.67430227328296,0.05364238700599696,0.05405185386404808,-19.991333589198042,-19.471445849760876,0.001054733947105742,70.78384903025578,periodic reconstruction FFT,fast PRBS,7,4.194399894040544,5000.000126310628,0.9755864962807553,0.00039999998989515007,10-90% leave-one-period sensitivity; excludes systematic errors,<Ewe>/V,0.0,0.05227876948294839,-0.014860662333562577,0.054349887996708604,-15.867568378155985,-0.0015791248316504788,-0.003266788208910871,-3.8067338951269765,6.676067087004268
65.80202340557568,0.05088231519152808,-0.01887071668726515,0.01887071668726515,0.05426890405693703,-20.348298773195946,0.054036363584088885,0.054447177756517945,-20.574957837390826,-20.147232762366855,0.0013996074779890181,69.42275344802403,periodic reconstruction FFT,fast PRBS,7,4.194399894040544,5000.000126310628,0.9755864962807553,0.00039999998989515007,10-90% leave-one-period sensitivity; excludes systematic errors,<Ewe>/V,0.0,0.052242108686309185,-0.014848572809737238,0.05431131976632916,-15.86582211763499,-0.001359793494781103,-0.004022143877527912,-4.482476655560957,7.817493252421558
66.04043653385675,0.051975871095234806,-0.01876795348910539,0.01876795348910539,0.05526053975738644,-19.854130857093338,0.05504745746672967,0.0554865007171227,-20.138825565846805,-19.59676087152433,0.001108483162860878,68.82643296658958,periodic reconstruction FFT,fast PRBS,7,4.194399894040544,5000.000126310628,0.9755864962807553,0.00039999998989515007,10-90% leave-one-period sensitivity; excludes systematic errors,<Ewe>/V,0.0,0.05220558047873583,-0.014836527009420867,0.054272891023525165,-15.864082172717376,-0.00022970938350102416,-0.003931426479684521,-3.990048684375962,7.2561670002323675
66.27884966213783,0.05262630651010338,-0.01799512116932573,0.01799512116932573,0.055617915484078184,-18.877690002438097,0.055174149333109275,0.05612298291368565,-19.192583673007128,-18.41356062939454,0.0007699391223192049,67.25662714940385,periodic reconstruction FFT,fast PRBS,7,4.194399894040544,5000.000126310628,0.9755864962807553,0.00039999998989515007,10-90% leave-one-period sensitivity; excludes systematic errors,<Ewe>/V,0.0,0.052169183904628325,-0.014824524617488039,0.05423460076297748,-15.862348497885131,0.0004571226054750563,-0.0031705965518376913,-3.015341504552966,5.906524576212598
66.5172627904189,0.05171997444631605,-0.017940865169893818,0.017940865169893818,0.05474331374489394,-19.13087510630951,0.05440912745588851,0.05503372621211617,-19.507675475485936,-18.76664505592074,0.0009479155019128725,68.47789629271729,periodic reconstruction FFT,fast PRBS,7,4.194399894040544,5000.000126310628,0.9755864962807553,0.00039999998989515007,10-90% leave-one-period sensitivity; excludes systematic errors,<Ewe>/V,0.0,0.05213291801868045,-0.01481256532220789,0.05419644799019631,-15.86062104811057,-0.0004129435723644048,-0.0031282998476859277,-3.2702540581989403,5.8222209475485265
66.75567591869996,0.05135665316165886,-0.018064728614253664,0.018064728614253664,0.05444116313850724,-19.37934837987153,0.05410231233669809,0.05466599828023639,-19.84128349427033,-18.99355693519665,0.0009031662757895063,71.53402150619283,periodic reconstruction FFT,fast PRBS,7,4.194399894040544,5000.000126310628,0.9755864962807553,0.00039999998989515007,10-90% leave-one-period sensitivity; excludes systematic errors,<Ewe>/V,0.0,0.05209678188573244,-0.014800648815195506,0.054158431721366224,-15.858899778849304,-0.0007401287240735785,-0.0032640797990581578,-3.520448601022226,6.179905710788579
66.99408904698103,0.052039104044248684,-0.019091775352325147,0.019091775352325147,0.05543071563521249,-20.146755872349413,0.05527172525369568,0.05559855142549385,-20.248212479977475,-20.04798770910178,0.0012632126040871435,74.98736880614717,periodic reconstruction FFT,fast PRBS,7,4.194399894040544,5000.000126310628,0.9755864962807553,0.00039999998989515007,10-90% leave-one-period sensitivity; excludes systematic errors,<Ewe>/V,0.0,0.05206077458062625,-0.014788774791364229,0.0541205509831939,-15.857184646033366,-2.1670536377568772e-05,-0.004303000560960918,-4.289571226316047,7.950870880706556
67.23250217526211,0.05126638419207892,-0.01940609473544514,0.01940609473544514,0.05481640868399636,-20.733382925881276,0.05454833880531479,0.05504850242258574,-20.905135328153012,-20.601101896928412,0.0013228708262726806,75.5014278788987,periodic reconstruction FFT,fast PRBS,7,4.194399894040544,5000.000126310628,0.9755864962807553,0.00039999998989515007,10-90% leave-one-period sensitivity; excludes systematic errors,<Ewe>/V,0.0,0.05202489518806348,-0.014776942948878779,0.05408280481275865,-15.855475606064424,-0.0007585109959845626,-0.004629151786566362,-4.8779073198168525,8.673520569122473
67.47091530354318,0.051506285845779896,-0.019921512184975197,0.019921512184975197,0.05522466957224191,-21.14538736220909,0.054982587256527916,0.05547472395727691,-21.56859479334836,-20.77986234545498,0.0010385124351051341,70.12795819540439,periodic reconstruction FFT,fast PRBS,7,4.194399894040544,5000.000126310628,0.9755864962807553,0.00039999998989515007,10-90% leave-one-period sensitivity; excludes systematic errors,<Ewe>/V,0.0,0.05198914280246577,-0.014765152989109218,0.05404519225736554,-15.853772615807143,-0.00048285695668587314,-0.005156359195865979,-5.291614746401946,9.582569180739611
67.70932843182425,0.05021837785055328,-0.020070510536984335,0.020070510536984335,0.05408059603181292,-21.784843785347,0.05391289061651596,0.05429337272648106,-22.05526135956527,-21.50255070690878,0.0011931800751223563,72.11930973548098,periodic reconstruction FFT,fast PRBS,7,4.194399894040544,5000.000126310628,0.9755864962807553,0.00039999998989515007,10-90% leave-one-period sensitivity; excludes systematic errors,<Ewe>/V,0.0,0.051953516527837605,-0.014753404616585728,0.0540077123744011,-15.85207563258265,-0.001735138677284323,-0.005317105920398607,-5.93276815276435,10.356039688313881
67.94774156010533,0.05095627206455101,-0.01954346969657868,0.01954346969657868,0.05457553362540425,-20.983523793160035,0.05437142961387895,0.0547893383247859,-21.31829023895609,-20.709429491925484,0.0013277165660917115,71.36610272585312,periodic reconstruction FFT,fast PRBS,7,4.194399894040544,5000.000126310628,0.9755864962807553,0.00039999998989515007,10-90% leave-one-period sensitivity; excludes systematic errors,<Ewe>/V,0.0,0.05191801547763164,-0.014741697538954181,0.05397036423119159,-15.85038461416211,-0.0009617434130806332,-0.0048017721576244995,-5.133139178997926,9.073754915624932
68.1861546883864,0.04990149092730605,-0.01995373497100023,0.01995373497100023,0.05374300267068193,-21.794617693291656,0.053464722228991415,0.0539693251262059,-22.052839871364217,-21.61614008816849,0.0010580958135635798,72.84179862871376,periodic reconstruction FFT,fast PRBS,7,4.194399894040544,5000.000126310628,0.9755864962807553,0.00039999998989515007,10-90% leave-one-period sensitivity; excludes systematic errors,<Ewe>/V,0.0,0.0518826387746163,-0.014730031466932482,0.05393314690486372,-15.84869951876043,-0.0019811478473102523,-0.005223703504067747,-5.945918174531226,10.358698968573092
68.42456781666746,0.04972151031352715,-0.01923001821805675,0.01923001821805675,0.053310619847503,-21.144202967773804,0.05303121115967009,0.05357616400195477,-21.397753334738834,-20.809744145282266,0.0011308805254282535,70.21014796603781,periodic reconstruction FFT,fast PRBS,7,4.194399894040544,5000.000126310628,0.9755864962807553,0.00039999998989515007,10-90% leave-one-period sensitivity; excludes systematic errors,<Ewe>/V,0.0,0.05184738555074573,-0.01471840611426768,0.05389605948220787,-15.847020305030057,-0.0021258752372185774,-0.004511612103789071,-5.297182662743747,9.253706224539526
68.66298094494854,0.050075325121575934,-0.018488008672250682,0.018488008672250682,0.053379252998676845,-20.26434603312556,0.05317124675015101,0.05357681526327755,-20.533471218217453,-19.907849925116565,0.001250521787907658,71.816677210987,periodic reconstruction FFT,fast PRBS,7,4.194399894040544,5000.000126310628,0.9755864962807553,0.00039999998989515007,10-90% leave-one-period sensitivity; excludes systematic errors,<Ewe>/V,0.0,0.05181225494703194,-0.014706821197693822,0.05385910105954354,-15.84534693205489,-0.0017369298254560073,-0.003781187474556861,-4.4189991010706695,7.725799229515901
68.90139407322961,0.050973986322526324,-0.01864938762606533,0.01864938762606533,0.05427842057794552,-20.095596238696537,0.05363006945161268,0.05486003141429436,-20.479394057158554,-19.751792486959122,0.000561588947665333,66.28262388426992,periodic reconstruction FFT,fast PRBS,7,4.194399894040544,5000.000126310628,0.9755864962807553,0.00039999998989515007,10-90% leave-one-period sensitivity; excludes systematic errors,<Ewe>/V,0.0,0.05177724611341932,-0.014695276436890548,0.053822270742587386,-15.843679359344305,-0.0008032597908929975,-0.003954111189174783,-4.2519168793522315,7.496665606783061
69.13980720151068,0.05084332120383646,-0.018572895207460322,0.018572895207460322,0.05412943512936181,-20.067079611899775,0.05370784669403768,0.05448728540415811,-20.358497279359224,-19.724236756448924,0.001145878195110129,71.66652588798316,periodic reconstruction FFT,fast PRBS,7,4.194399894040544,5000.000126310628,0.9755864962807553,0.00039999998989515007,10-90% leave-one-period sensitivity; excludes systematic errors,<Ewe>/V,0.0,0.0517423582086611,-0.01468377155444237,0.05378556764632318,-15.84201754682727,-0.000899037004824639,-0.0038891236530179518,-4.225062065072505,7.421480005039689
69.37822032979174,0.05033149330715448,-0.01826368477189727,0.01826368477189727,0.05354270631911847,-19.9442108626854,0.053076773363484375,0.05386032064041269,-20.252440502906158,-19.657261787430713,0.001162073569303044,74.92633169371322,periodic reconstruction FFT,fast PRBS,7,4.194399894040544,5000.000126310628,0.9755864962807553,0.00039999998989515007,10-90% leave-one-period sensitivity; excludes systematic errors,<Ewe>/V,0.0,0.05170759040019817,-0.014672306275798701,0.05374899089487439,-15.840361454846569,-0.0013760970930436905,-0.0035913784960985694,-4.10384940783883,7.155465447999271
69.61663345807283,0.05091445751971022,-0.018508374333473847,0.018508374333473847,0.05417418116588722,-19.977168833630937,0.05393890474551629,0.05431975478405042,-20.281711723604957,-19.713941339541,0.0012946186536854662,70.9890433708564,periodic reconstruction FFT,fast PRBS,7,4.194399894040544,5000.000126310628,0.9755864962807553,0.00039999998989515007,10-90% leave-one-period sensitivity; excludes systematic errors,<Ewe>/V,0.0,0.05167294186403978,-0.014660880329234516,0.05371253962137865,-15.83871104415312,-0.0007584843443295547,-0.003847494004239331,-4.138457789477817,7.300984443263557
69.8550465863539,0.05146055029381418,-0.019430272427278458,0.019430272427278458,0.055006578907803715,-20.68533651736904,0.05454972705615895,0.05535988816735502,-21.15401392794303,-20.205827227733494,0.0006625537590993038,68.36953109584412,periodic reconstruction FFT,fast PRBS,7,4.194399894040544,5000.000126310628,0.9755864962807553,0.00039999998989515007,10-90% leave-one-period sensitivity; excludes systematic errors,<Ewe>/V,0.0,0.051638411784646426,-0.01464949344581174,0.053676212967864546,-15.837066275900405,-0.00017786149083224428,-0.004780778981466718,-4.8482702414686365,8.91286121691411
70.09345971463496,0.05092675478718738,-0.019275496194339582,0.019275496194339582,0.05445253994711645,-20.731378277429446,0.0541686596412124,0.054727402163050436,-21.00735092506871,-20.568882585909126,0.001015917331840573,74.16707472099729,periodic reconstruction FFT,fast PRBS,7,4.194399894040544,5000.000126310628,0.9755864962807553,0.00039999998989515007,10-90% leave-one-period sensitivity; excludes systematic errors,<Ewe>/V,0.0,0.05160399935481462,-0.01463814535934123,0.05364001008513039,-15.835427111638968,-0.0006772445676272373,-0.004637350834998352,-4.895951165790478,8.737028097285398
70.33187284291604,0.0508004022381647,-0.01974522767222227,0.01974522767222227,0.054502797023521836,-21.240233347551857,0.054272247293405025,0.054859398054736885,-21.57026766981597,-20.986364157147626,0.0011495404264102213,71.90353691208018,periodic reconstruction FFT,fast PRBS,7,4.194399894040544,5000.000126310628,0.9755864962807553,0.00039999998989515007,10-90% leave-one-period sensitivity; excludes systematic errors,<Ewe>/V,0.0,0.05156970377556371,-0.014626835806345478,0.05360393013262519,-15.833793513311033,-0.0007693015373990142,-0.005118391865876794,-5.406439834240825,9.65578929557116
70.57028597119711,0.05048446063781598,-0.01981793996384378,0.01981793996384378,0.05423496575366953,-21.432750162421588,0.05398538393290352,0.05446301155885545,-21.743652057973975,-21.03410385208334,0.0008699265098675417,69.04114474689365,periodic reconstruction FFT,fast PRBS,7,4.194399894040544,5000.000126310628,0.9755864962807553,0.00039999998989515007,10-90% leave-one-period sensitivity; excludes systematic errors,<Ewe>/V,0.0,0.05153552425602455,-0.014615564526021868,0.05356797227833144,-15.832165443245202,-0.0010510636182085656,-0.005202375437821911,-5.600584719176386,9.907952992786695
70.80869909947818,0.04913514278642154,-0.020793510749372145,0.020793510749372145,0.053353840966947154,-22.937605000299875,0.053174986762035324,0.053543370264085954,-23.30350779357429,-22.460432026085186,0.000915803831919524,70.65029422933509,periodic reconstruction FFT,fast PRBS,7,4.194399894040544,5000.000126310628,0.9755864962807553,0.00039999998989515007,10-90% leave-one-period sensitivity; excludes systematic errors,<Ewe>/V,0.0,0.05150146001333007,-0.014604331260206618,0.05353213569865011,-15.830542864151235,-0.0023663172269085334,-0.006189179489165527,-7.10706213614864,12.377826723292385
71.04711222775924,0.0494961834686172,-0.020017040757299574,0.020017040757299574,0.05339058061716886,-22.01918816874948,0.053151989023743976,0.053562517439263276,-22.275042367902564,-21.79728250359829,0.001003235640673284,74.58345186807658,periodic reconstruction FFT,fast PRBS,7,4.194399894040544,5000.000126310628,0.9755864962807553,0.00039999998989515007,10-90% leave-one-period sensitivity; excludes systematic errors,<Ewe>/V,0.0,0.05146751027250769,-0.01459313575333928,0.05349641957828736,-15.82892573911493,-0.0019713268038904913,-0.005423905003960294,-6.190262429634551,10.78770810274627
71.28552535604032,0.04895152078240757,-0.019753581957432854,0.019753581957432854,0.052786886506588894,-21.97572987947011,0.05242210808467392,0.05309867528699013,-22.261061791170313,-21.67234628413604,0.001036788393425564,70.23208086856694,periodic reconstruction FFT,fast PRBS,7,4.194399894040544,5000.000126310628,0.9755864962807553,0.00039999998989515007,10-90% leave-one-period sensitivity; excludes systematic errors,<Ewe>/V,0.0,0.051433674266373526,-0.01458197775242787,0.05346082311014331,-15.827314031593085,-0.0024821534839659584,-0.005171604205004985,-6.148415847877024,10.730147856946944
71.52393848432139,0.049723581448192875,-0.01970601560099629,0.01970601560099629,0.053486087937909425,-21.61898082475543,0.053286120268647374,0.05373103181755998,-21.975659358704426,-21.252482989516647,0.0012783028775002095,73.93503302095286,periodic reconstruction FFT,fast PRBS,7,4.194399894040544,5000.000126310628,0.9755864962807553,0.00039999998989515007,10-90% leave-one-period sensitivity; excludes systematic errors,<Ewe>/V,0.0,0.051399951235428364,-0.014570857007014548,0.05342534549520258,-15.82570770540854,-0.001676369787235489,-0.005135158593981743,-5.793273119346889,10.111039830633757
71.76235161260246,0.04915883677262243,-0.01805137898880484,0.01805137898880484,0.052368344600863606,-20.16349609281136,0.05199752760463949,0.05278896263614826,-20.83290412703643,-19.603599909656847,0.0008160635851152196,69.24520898587457,periodic reconstruction FFT,fast PRBS,7,4.194399894040544,5000.000126310628,0.9755864962807553,0.00039999998989515007,10-90% leave-one-period sensitivity; excludes systematic errors,<Ewe>/V,0.0,0.0513663404277554,-0.014559773269141905,0.05338998594242668,-15.824106724745306,-0.0022075036551329683,-0.003491605719662935,-4.339389368066055,7.737229644311036
72.00076474088354,0.04954506631407888,-0.01894945806521618,0.01894945806521618,0.053045221811505894,-20.930309204254932,0.052809404347002334,0.05339109694955671,-21.09319777001219,-20.677276307325755,0.0015288543923466318,76.5144565507594,periodic reconstruction FFT,fast PRBS,7,4.194399894040544,5000.000126310628,0.9755864962807553,0.00039999998989515007,10-90% leave-one-period sensitivity; excludes systematic errors,<Ewe>/V,0.0,0.05133284109891957,-0.014548726293319767,0.053354743668648175,-15.822511054143778,-0.0017877747848406914,-0.004400731771896411,-5.1077981501111545,8.902691624249664
72.2391778691646,0.04835333700375315,-0.017975836624753213,0.017975836624753213,0.05158658645189021,-20.393120764103756,0.05134974474027699,0.051900041720057376,-20.84912669469491,-19.87365839883162,0.0010155307479252974,70.2989185599618,periodic reconstruction FFT,fast PRBS,7,4.194399894040544,5000.000126310628,0.9755864962807553,0.00039999998989515007,10-90% leave-one-period sensitivity; excludes systematic errors,<Ewe>/V,0.0,0.051299452511868716,-0.014537715836492595,0.05331961789846661,-15.820920658496009,-0.0029461155081155696,-0.0034381207882606176,-4.572200105607747,8.491663462775593
72.47759099744567,0.04977309139519915,-0.018617954458599584,0.018617954458599584,0.05314121616276143,-20.508642868806074,0.0529768844968348,0.053387671118411965,-20.835950695376845,-20.216434462522034,0.0011997340146589143,71.98458348266996,periodic reconstruction FFT,fast PRBS,7,4.194399894040544,5000.000126310628,0.9755864962807553,0.00039999998989515007,10-90% leave-one-period sensitivity; excludes systematic errors,<Ewe>/V,0.0,0.05126617393683619,-0.014526741658007375,0.053284607864146155,-15.81933550304109,-0.0014930825416370405,-0.004091212800592209,-4.689307365764984,8.173370477123315
72.71600412572676,0.0510332830891025,-0.0192443955512164,0.0192443955512164,0.05454120225099694,-20.661208203444733,0.05404659186130838,0.05513168353845735,-21.943518239830148,-19.900160258702616,0.0008076643926804974,65.87202055376525,periodic reconstruction FFT,fast PRBS,7,4.194399894040544,5000.000126310628,0.9755864962807553,0.00039999998989515007,10-90% leave-one-period sensitivity; excludes systematic errors,<Ewe>/V,0.0,0.05123300465124521,-0.014515803519582067,0.05324971280551487,-15.817755553360586,-0.0001997215621427073,-0.0047285920316343325,-4.8434526500841475,8.887950231259998
72.95441725400782,0.04978419925535725,-0.018637405054438914,0.018637405054438914,0.05315843642038711,-20.524084061947345,0.05259932985675398,0.05369257224898914,-21.047064425330984,-20.04485467137269,0.0010632127793033064,69.61250305845981,periodic reconstruction FFT,fast PRBS,7,4.194399894040544,5000.000126310628,0.9755864962807553,0.00039999998989515007,10-90% leave-one-period sensitivity; excludes systematic errors,<Ewe>/V,0.0,0.05119994393961468,-0.014504901185274567,0.05321493196986573,-15.816180775374047,-0.001415744684257432,-0.004132503869164347,-4.707903286573298,8.208759619027488
73.19283038228889,0.050281129618917036,-0.01891488547877142,0.01891488547877142,0.053721177280746324,-20.615425783950542,0.05303537692671472,0.05430029795233901,-21.154541847219186,-20.094427516688945,0.0012478840112041692,72.30232374783846,periodic reconstruction FFT,fast PRBS,7,4.194399894040544,5000.000126310628,0.9755864962807553,0.00039999998989515007,10-90% leave-one-period sensitivity; excludes systematic errors,<Ewe>/V,0.0,0.051166991093466646,-0.014494034421452164,0.0531802646118592,-15.814611135334605,-0.0008858614745496096,-0.004420851057319257,-4.800814648615937,8.4782074393239
73.43124351056996,0.050044919274251864,-0.019729395045556705,0.019729395045556705,0.05379352167343223,-21.5160313841845,0.05331787855030517,0.054274777188644534,-22.1155863999336,-20.932704097551518,0.0011348078974557972,73.04532320716228,periodic reconstruction FFT,fast PRBS,7,4.194399894040544,5000.000126310628,0.9755864962807553,0.00039999998989515007,10-90% leave-one-period sensitivity; excludes systematic errors,<Ewe>/V,0.0,0.051134145411235114,-0.014483202996761493,0.05314570999342734,-15.813046599824629,-0.0010892261369832498,-0.005246192048795211,-5.702984784359872,10.081853913721282
73.66965663885104,0.05065090015309745,-0.019115945099089645,0.019115945099089645,0.05413809235049252,-20.676799066392423,0.05341398077634511,0.055119747117126576,-22.037826700743494,-19.13134338858032,0.0010082780707335764,66.86246683171666,periodic reconstruction FFT,fast PRBS,7,4.194399894040544,5000.000126310628,0.9755864962807553,0.00039999998989515007,10-90% leave-one-period sensitivity; excludes systematic errors,<Ewe>/V,0.0,0.051101406198176505,-0.014472406682098989,0.05311126738367958,-15.811487135751456,-0.0004505060450790549,-0.004643538416990656,-4.865311930640967,8.784088620163482
73.9080697671321,0.05121963500587264,-0.022238076904687883,0.022238076904687883,0.05583890287741716,-23.469084594544167,0.05366541359588166,0.05782001607128977,-24.833370119644737,-22.12557991784645,0.0009888353524585883,71.88909286090303,periodic reconstruction FFT,fast PRBS,7,4.194399894040544,5000.000126310628,0.9755864962807553,0.00039999998989515007,10-90% leave-one-period sensitivity; excludes systematic errors,<Ewe>/V,0.0,0.05106877276628143,-0.01446164525058181,0.05307693605880991,-15.8099327103432,0.0001508622395912096,-0.0077764316541060734,-7.659151884200968,14.654001252760636
74.14648289541317,0.05087571473529836,-0.02086414502842303,0.02086414502842303,0.05498773406492147,-22.2985479254497,0.05183933845349019,0.05720173681755804,-23.575039051071226,-20.62546912819275,0.0010627800112684683,68.06698777767541,periodic reconstruction FFT,fast PRBS,7,4.194399894040544,5000.000126310628,0.9755864962807553,0.00039999998989515007,10-90% leave-one-period sensitivity; excludes systematic errors,<Ewe>/V,0.0,0.05103624443418796,-0.014450918477519219,0.05304271530200567,-15.808383291144601,-0.0001605296988895985,-0.00641322655090381,-6.490164634305099,12.094470111562554
74.38489602369425,0.05274065907849124,-0.019434798374291722,0.019434798374291722,0.05620754849558031,-20.228713440928047,0.05330092625022666,0.05860198885628053,-22.942561262419897,-18.160517919510387,0.001062572405988204,69.9394765950977,periodic reconstruction FFT,fast PRBS,7,4.194399894040544,5000.000126310628,0.9755864962807553,0.00039999998989515007,10-90% leave-one-period sensitivity; excludes systematic errors,<Ewe>/V,0.0,0.051003820527096275,-0.014440226140384453,0.053008604403357695,-15.806838846012985,0.001736838551394962,-0.0049945722339072695,-4.421874594915062,9.975634777510182
74.62330915197532,0.047993326280111666,-0.018266415281123816,0.018266415281123816,0.051351935646592045,-20.836986698627385,0.05024421262954642,0.052608585672357176,-22.667756483836715,-19.283235801089806,0.0014849955928619549,70.58929671747545,periodic reconstruction FFT,fast PRBS,7,4.194399894040544,5000.000126310628,0.9755864962807553,0.00039999998989515007,10-90% leave-one-period sensitivity; excludes systematic errors,<Ewe>/V,0.0,0.05097150037668466,-0.014429568018787009,0.052974602659772,-15.805299343114237,-0.0029781740965729928,-0.0038368472623368077,-5.031687355513148,9.168635577666905
74.86172228025639,0.044188411011298584,-0.015256370278354506,0.015256370278354506,0.04674796788924319,-19.047606071677222,0.045061925917701334,0.048373968764227185,-20.8539814033782,-17.27781309270801,0.0012402806863455148,68.06691096220173,periodic reconstruction FFT,fast PRBS,7,4.194399894040544,5000.000126310628,0.9755864962807553,0.00039999998989515007,10-90% leave-one-period sensitivity; excludes systematic errors,<Ewe>/V,0.0,0.050939283321026804,-0.014418943894445386,0.05294070937488274,-15.803764750918882,-0.00675087230972822,-0.0008374263839091203,-3.2438413207583405,12.849495739045386
75.10013540853747,0.046891777882746254,-0.016517544105593165,0.016517544105593165,0.04971587368522277,-19.40472030613762,0.04697024477094814,0.0527843718710902,-23.056647717208463,-14.577936398581112,0.0012129203203027137,69.77197374508874,periodic reconstruction FFT,fast PRBS,7,4.194399894040544,5000.000126310628,0.9755864962807553,0.00039999998989515007,10-90% leave-one-period sensitivity; excludes systematic errors,<Ewe>/V,0.0,0.05090716870451054,-0.01440835355116027,0.05290692385896675,-15.802235038198203,-0.004015390821764289,-0.002109190554432894,-3.602485267939416,8.572870349509175
75.33854853681854,0.049348149511301044,-0.017712636909912993,0.017712636909912993,0.052430691073951464,-19.74469374000196,0.0481995474851016,0.05614801139891169,-23.492330340147852,-15.955400124698896,0.0008736985202779283,67.29009621444897,periodic reconstruction FFT,fast PRBS,7,4.194399894040544,5000.000126310628,0.9755864962807553,0.00039999998989515007,10-90% leave-one-period sensitivity; excludes systematic errors,<Ewe>/V,0.0,0.05087515587775776,-0.01439779677478814,0.05287324542885925,-15.800710174020427,-0.0015270063664567166,-0.0033148401351248517,-3.943983565981533,6.902632223509132
75.5769616650996,0.0501867339251288,-0.018127330252637276,0.018127330252637276,0.05336017582579589,-19.85960047496903,0.04975197559444773,0.05665641543865405,-23.34347858336157,-15.952213764427464,0.0006105741845218786,66.16345312996768,periodic reconstruction FFT,fast PRBS,7,4.194399894040544,5000.000126310628,0.9755864962807553,0.00039999998989515007,10-90% leave-one-period sensitivity; excludes systematic errors,<Ewe>/V,0.0,0.05084324419754556,-0.014387273353215262,0.05283967340787095,-15.799190127746975,-0.0006565102724167618,-0.0037400568994220146,-4.0604103472220565,7.186342609050755
75.81537479338067,0.04999063459157824,-0.018904911490110993,0.018904911490110993,0.05344585320974518,-20.71506728367006,0.052236206153282505,0.05454689398602273,-21.75748751221801,-19.148170004032746,0.001177444066705307,69.2939638202317,periodic reconstruction FFT,fast PRBS,7,4.194399894040544,5000.000126310628,0.9755864962807553,0.00039999998989515007,10-90% leave-one-period sensitivity; excludes systematic errors,<Ewe>/V,0.0,0.05081143302672883,-0.014376783076332148,0.052806207125706536,-15.79767486902877,-0.0008207984351505937,-0.004528128413778846,-4.91739241464129,8.714730880538989
76.05378792166175,0.048938313082183764,-0.019527063290385765,0.019527063290385765,0.05269027128490202,-21.752682668164862,0.05163291321930176,0.0538713923604101,-23.277832169897582,-20.31664299393013,0.0014371807282749505,76.71624071037024,periodic reconstruction FFT,fast PRBS,7,4.194399894040544,5000.000126310628,0.9755864962807553,0.00039999998989515007,10-90% leave-one-period sensitivity; excludes systematic errors,<Ewe>/V,0.0,0.05077972173416378,-0.014366325736008356,0.0527728459183843,-15.796164367802595,-0.0018414086519800144,-0.005160737554377409,-5.9565183003622675,10.38302131128198
76.29220104994282,0.049263072119733624,-0.01887507327615625,0.01887507327615625,0.05275527145086398,-20.964260577953322,0.051953647590108995,0.05351453286987688,-22.256166859901125,-19.630542521507618,0.0013441962324743557,73.18169004079931,periodic reconstruction FFT,fast PRBS,7,4.194399894040544,5000.000126310628,0.9755864962807553,0.00039999998989515007,10-90% leave-one-period sensitivity; excludes systematic errors,<Ewe>/V,0.0,0.05074810969463291,-0.01435590112606774,0.05273958912815714,-15.79465859428752,-0.0014850375748992894,-0.0045191721500885094,-5.169601983665801,9.019631109167268
76.53061417822389,0.05009695305636829,-0.01962639468745557,0.01962639468745557,0.05380427561039878,-21.393667915774937,0.052765250674236264,0.054763619729876194,-22.375888176136538,-20.66829155091115,0.0007909723860576798,69.6192858977183,periodic reconstruction FFT,fast PRBS,7,4.194399894040544,5000.000126310628,0.9755864962807553,0.00039999998989515007,10-90% leave-one-period sensitivity; excludes systematic errors,<Ewe>/V,0.0,0.05071659628877102,-0.01434550904226404,0.052706436103434735,-15.793157518981374,-0.0006196432324027251,-0.0052808856451915295,-5.600510396793563,10.088170060395479
76.76902730650497,0.049983808171856034,-0.019468480903262836,0.019468480903262836,0.05364142828114863,-21.28070222874589,0.05332861377290815,0.05402051159961893,-21.686200562125155,-20.94039744192474,0.0013266603379977304,72.57566005890499,periodic reconstruction FFT,fast PRBS,7,4.194399894040544,5000.000126310628,0.9755864962807553,0.00039999998989515007,10-90% leave-one-period sensitivity; excludes systematic errors,<Ewe>/V,0.0,0.05068518090299234,-0.014335149282256881,0.05267338619870693,-15.791661112657282,-0.000701372731136303,-0.005133331621005955,-5.489041116088609,9.836133771874186
77.00744043478603,0.04937188473580583,-0.02063508869466705,0.02063508869466705,0.053510652096591685,-22.682596963729353,0.05294098721089762,0.05406628282402748,-23.27321636904448,-22.05628129181472,0.0010460802507950343,71.15407673897772,periodic reconstruction FFT,fast PRBS,7,4.194399894040544,5000.000126310628,0.9755864962807553,0.00039999998989515007,10-90% leave-one-period sensitivity; excludes systematic errors,<Ewe>/V,0.0,0.050653862929418925,-0.014324821645588117,0.05264043877446833,-15.790169346360248,-0.001281978193613094,-0.0063102670490789315,-6.892427617369105,12.23236797885346
77.2458535630671,0.04876888158282754,-0.02186650286359153,0.02186650286359153,0.05344668145285835,-24.150032438285553,0.05313024295796667,0.0537097010858062,-24.59648091040423,-23.606626429779308,0.0010653230512280602,70.7316419615999,periodic reconstruction FFT,fast PRBS,7,4.194399894040544,5000.000126310628,0.9755864962807553,0.00039999998989515007,10-90% leave-one-period sensitivity; excludes systematic errors,<Ewe>/V,0.0,0.05062264176581005,-0.01431452593365859,0.05260759319714409,-15.788682191403788,-0.001853760182982507,-0.007551976929932942,-8.361350246881765,14.781454759726032
77.48426669134817,0.047437089952148494,-0.020235192762761308,0.020235192762761308,0.05157267231077264,-23.101593370887585,0.05118274878626349,0.05201743975023736,-23.94462230147134,-22.53299792363667,0.001139262378920714,72.39205818728794,periodic reconstruction FFT,fast PRBS,7,4.194399894040544,5000.000126310628,0.9755864962807553,0.00039999998989515007,10-90% leave-one-period sensitivity; excludes systematic errors,<Ewe>/V,0.0,0.050591516815492704,-0.014304261949705178,0.052574848839016725,-15.787199619366634,-0.0031544268633442105,-0.00593093081305613,-7.314393751520951,12.77724042741363
77.72267981962925,0.04732867015065182,-0.020127299112021678,0.020127299112021678,0.051430644442530454,-23.03842526138823,0.05096966053965548,0.05216646403933334,-23.57192040787144,-22.460170878308045,0.0009768429893713135,74.67441685043087,periodic reconstruction FFT,fast PRBS,7,4.194399894040544,5000.000126310628,0.9755864962807553,0.00039999998989515007,10-90% leave-one-period sensitivity; excludes systematic errors,<Ewe>/V,0.0,0.050560487487293186,-0.014294029498778262,0.05254220507815424,-15.785721602089456,-0.0032318173366413655,-0.005833269613243416,-7.252703659298774,12.692099306627718
77.96109294791032,0.04689729989919991,-0.018923645016691106,0.018923645016691106,0.050571346418236025,-21.974689889568133,0.05022565870490503,0.05091156597832441,-22.31726133910254,-21.568519622647287,0.0008969488482904045,71.63026883708444,periodic reconstruction FFT,fast PRBS,7,4.194399894040544,5000.000126310628,0.9755864962807553,0.00039999998989515007,10-90% leave-one-period sensitivity; excludes systematic errors,<Ewe>/V,0.0,0.05052955319546975,-0.014283828387719496,0.05250966129833917,-15.784248111671673,-0.003632253296269837,-0.004639816628971611,-6.19044177789646,11.221680793796555
78.19950607619138,0.04754371241691233,-0.01870819301330436,0.01870819301330436,0.05109208428127701,-21.47936866462243,0.05093827411036121,0.05123913012711956,-21.824605130789042,-21.043476065644253,0.0012103585736972587,71.09728760614712,periodic reconstruction FFT,fast PRBS,7,4.194399894040544,5000.000126310628,0.9755864962807553,0.00039999998989515007,10-90% leave-one-period sensitivity; excludes systematic errors,<Ewe>/V,0.0,0.0504987133596462,-0.014273658425139914,0.05247721688899879,-15.782779120468271,-0.0029550009427338694,-0.004434534588164445,-5.696589544154159,10.154683970243799
78.43791920447246,0.04717837097107204,-0.02027578209761534,0.02027578209761534,0.051350813305672885,-23.25651418164676,0.05096104151183749,0.05168736347592131,-23.707247259694228,-22.77638537209977,0.0007608872435287224,71.41323263474972,periodic reconstruction FFT,fast PRBS,7,4.194399894040544,5000.000126310628,0.9755864962807553,0.00039999998989515007,10-90% leave-one-period sensitivity; excludes systematic errors,<Ewe>/V,0.0,0.05046796740474663,-0.014263519421398418,0.05244487124513641,-15.781314601086716,-0.003289596433674588,-0.00601226267621692,-7.475199580560044,13.067769474495273
78.67633233275353,0.04864501807884066,-0.01848106816352864,0.01848106816352864,0.05203736796145368,-20.80263419794421,0.05186179539837747,0.0521957499832904,-21.126107342980085,-20.52964151305514,0.0014263400291418323,72.00490685397295,periodic reconstruction FFT,fast PRBS,7,4.194399894040544,5000.000126310628,0.9755864962807553,0.00039999998989515007,10-90% leave-one-period sensitivity; excludes systematic errors,<Ewe>/V,0.0,0.05043731476093104,-0.014253411188580534,0.052412623767263695,-15.779854526383865,-0.001792296682090376,-0.004227656974948105,-5.022779671560347,8.761029311456056
78.9147454610346,0.04983721328379167,-0.017824405889826547,0.017824405889826547,0.0529287943677109,-19.67971905407291,0.051732490255917925,0.054176417337296785,-20.681775714709765,-18.52482787468913,0.00040996877647768334,61.4898820962679,periodic reconstruction FFT,fast PRBS,7,4.194399894040544,5000.000126310628,0.9755864962807553,0.00039999998989515007,10-90% leave-one-period sensitivity; excludes systematic errors,<Ewe>/V,0.0,0.05040675486353196,-0.014243333540477519,0.05238047386133395,-15.778398869462961,-0.0005695415797402903,-0.0035810723493490283,-3.901320184609947,6.922579766134167
79.15315858931568,0.04902499144693496,-0.01874701919824974,0.01874701919824974,0.05248714619020156,-20.926713850149785,0.05231921480587966,0.05260860265513488,-21.269934341785667,-20.678626904253274,0.0013571222958601431,76.63948875552006,periodic reconstruction FFT,fast PRBS,7,4.194399894040544,5000.000126310628,0.9755864962807553,0.00039999998989515007,10-90% leave-one-period sensitivity; excludes systematic errors,<Ewe>/V,0.0,0.05037628715299206,-0.014233286292565789,0.0523484209386765,-15.776947603670662,-0.001351295706057104,-0.004513732905683951,-5.149766246479123,9.000586221074288
79.39157171759675,0.04900753333794847,-0.018086923569198245,0.018086923569198245,0.05223863635345154,-20.257295720588832,0.05211011794213783,0.05248665251110426,-20.63512941170768,-19.843294294650537,0.0010561832115217847,72.30048224315426,periodic reconstruction FFT,fast PRBS,7,4.194399894040544,5000.000126310628,0.9755864962807553,0.00039999998989515007,10-90% leave-one-period sensitivity; excludes systematic errors,<Ewe>/V,0.0,0.05034591107480265,-0.01422326926198663,0.05231646441593197,-15.775500702594101,-0.0013383777368541835,-0.003863654307211615,-4.481795017994731,7.815698471134974
79.62998484587781,0.05018842506014584,-0.018695178475331083,0.018695178475331083,0.05355733104106625,-20.430352444973774,0.05317756716260704,0.05387947568724806,-20.61853587680846,-20.264361647608794,0.0010685208930650094,70.69095751830885,periodic reconstruction FFT,fast PRBS,7,4.194399894040544,5000.000126310628,0.9755864962807553,0.00039999998989515007,10-90% leave-one-period sensitivity; excludes systematic errors,<Ewe>/V,0.0,0.050314514492011256,-0.014214359799351994,0.0522838519100897,-15.775624901491812,-0.00012608943186541433,-0.00448081867597909,-4.654727543481963,8.573569521233129
79.86839797415888,0.049309198867717514,-0.018881385417805357,0.018881385417805357,0.0528006042415409,-20.95274818436187,0.052213971187712184,0.05336593311221243,-21.61574074693706,-20.4927470415716,0.0005157053075840062,64.91645384742856,periodic reconstruction FFT,fast PRBS,7,4.194399894040544,5000.000126310628,0.9755864962807553,0.00039999998989515007,10-90% leave-one-period sensitivity; excludes systematic errors,<Ewe>/V,0.0,0.05026260829546084,-0.014225449220203362,0.05223740206019561,-15.804788937098746,-0.0009534094277433222,-0.004655936197601995,-5.147959247263124,9.097983060322784
