frequency_Hz,Re_Z_ohm,Im_Z_ohm,minus_Im_Z_ohm,abs_Z_ohm,phase_deg,abs_Z_p10_ohm,abs_Z_p90_ohm,phase_p10_deg,phase_p90_deg,input_peak_amplitude_A,input_repeat_snr_dB,estimator,band,n_periods,period_s,sample_rate_Hz,phase_coverage,max_phase_interval_s,uncertainty_kind,voltage_channel,applied_delay_correction_s
2.718869019200994,0.07016462192814459,-0.002605719753490894,0.002605719753490894,0.07021298986479069,-2.1268291870866234,0.07012325939727236,0.07032609824703723,-2.210811537117405,-2.0770767314566045,0.007615091680426585,93.16507060903865,periodic reconstruction FFT,slow PRBS,12,5.149199869920267,5000.000126310628,0.9923871669385536,0.00039999998989515007,10-90% leave-one-period sensitivity; excludes systematic errors,<Ewe>/V,0.0
4.078303528801491,0.06945644898042767,-0.003769827312633268,0.003769827312633268,0.06955867956580133,-3.106744900121266,0.06932257638486475,0.06969738843032522,-3.1778919829916403,-3.0515784069581775,0.003651000014549281,85.28478358852276,periodic reconstruction FFT,slow PRBS,12,5.149199869920267,5000.000126310628,0.9923871669385536,0.00039999998989515007,10-90% leave-one-period sensitivity; excludes systematic errors,<Ewe>/V,0.0
5.437738038401988,0.06902996382331045,-0.003838880816635003,0.003838880816635003,0.06913662496370414,-3.1830429906675834,0.06904922105913142,0.06922488441663228,-3.2467995834641585,-3.133553920878365,0.007629340203841684,90.23436958795662,periodic reconstruction FFT,slow PRBS,12,5.149199869920267,5000.000126310628,0.9923871669385536,0.00039999998989515007,10-90% leave-one-period sensitivity; excludes systematic errors,<Ewe>/V,0.0
6.797172548002484,0.06860210602347491,-0.005524197569590529,0.005524197569590529,0.0688241651576244,-4.603819777188893,0.06859746777827189,0.069129403035723,-4.793749536471421,-4.312214431233569,0.002858171603336294,80.82482928484318,periodic reconstruction FFT,slow PRBS,12,5.149199869920267,5000.000126310628,0.9923871669385536,0.00039999998989515007,10-90% leave-one-period sensitivity; excludes systematic errors,<Ewe>/V,0.0
8.156607057602981,0.06932787857399854,-0.004650695272040294,0.004650695272040294,0.06948369387190395,-3.8378007155202716,0.0692096392675227,0.06972810978244992,-4.027768262664337,-3.7362038508036033,0.0037114103489249636,85.52772952943586,periodic reconstruction FFT,slow PRBS,12,5.149199869920267,5000.000126310628,0.9923871669385536,0.00039999998989515007,10-90% leave-one-period sensitivity; excludes systematic errors,<Ewe>/V,0.0
9.516041567203478,0.06911253932708884,-0.006153755372236269,0.006153755372236269,0.0693859625386845,-5.0881772325522565,0.06936328576979985,0.06948386403335745,-5.190998719732531,-5.01678954956202,0.002888180085218409,83.83060735167582,periodic reconstruction FFT,slow PRBS,12,5.149199869920267,5000.000126310628,0.9923871669385536,0.00039999998989515007,10-90% leave-one-period sensitivity; excludes systematic errors,<Ewe>/V,0.0
10.875476076803976,0.06892639091986263,-0.0071445272414591724,0.0071445272414591724,0.06929568265586013,-5.917828779457154,0.06922935088034801,0.06935641810192851,-5.952741088779609,-5.895824751155414,0.007542749330340322,89.97284278557814,periodic reconstruction FFT,slow PRBS,12,5.149199869920267,5000.000126310628,0.9923871669385536,0.00039999998989515007,10-90% leave-one-period sensitivity; excludes systematic errors,<Ewe>/V,0.0
12.234910586404471,0.06815410326002785,-0.008164155522308206,0.008164155522308206,0.06864135216158679,-6.830891496050301,0.06851939287621071,0.0687450120665636,-6.860264934760522,-6.804570978003968,0.0075322868208962885,91.60976223409267,periodic reconstruction FFT,slow PRBS,12,5.149199869920267,5000.000126310628,0.9923871669385536,0.00039999998989515007,10-90% leave-one-period sensitivity; excludes systematic errors,<Ewe>/V,0.0
13.594345096004968,0.06736321622300345,-0.008687754707679643,0.008687754707679643,0.0679211305984222,-7.348804289879774,0.06781624794898553,0.0681139534194025,-7.460987922893194,-7.283633805824363,0.0028835219111527305,81.9964110785012,periodic reconstruction FFT,slow PRBS,12,5.149199869920267,5000.000126310628,0.9923871669385536,0.00039999998989515007,10-90% leave-one-period sensitivity; excludes systematic errors,<Ewe>/V,0.0
14.953779605605465,0.06692397309175933,-0.010169573309068303,0.010169573309068303,0.06769223290507591,-8.640400448856342,0.06750915737818788,0.06782241458953568,-8.791328257335795,-8.499148357114116,0.0015481057118577454,77.60168528766452,periodic reconstruction FFT,slow PRBS,12,5.149199869920267,5000.000126310628,0.9923871669385536,0.00039999998989515007,10-90% leave-one-period sensitivity; excludes systematic errors,<Ewe>/V,0.0
16.313214115205962,0.06638207273606074,-0.009732159237927402,0.009732159237927402,0.06709168729558107,-8.340614775963472,0.06702331188441195,0.06714151754794423,-8.417912707171654,-8.256557716456308,0.0034750579722260103,82.17373539173614,periodic reconstruction FFT,slow PRBS,12,5.149199869920267,5000.000126310628,0.9923871669385536,0.00039999998989515007,10-90% leave-one-period sensitivity; excludes systematic errors,<Ewe>/V,0.0
17.67264862480646,0.06582938174493026,-0.010456877633007176,0.010456877633007176,0.06665473569635877,-9.025918374472745,0.0665128107596579,0.06688120912995713,-9.187785541942436,-8.949987272914411,0.0016080553702622934,78.99219108189749,periodic reconstruction FFT,slow PRBS,12,5.149199869920267,5000.000126310628,0.9923871669385536,0.00039999998989515007,10-90% leave-one-period sensitivity; excludes systematic errors,<Ewe>/V,0.0
19.032083134406957,0.06581988782468792,-0.010457495389690208,0.010457495389690208,0.06664545628232951,-9.027723357803296,0.0665371657868816,0.06676397817154006,-9.159057563879635,-8.93061524783137,0.002729482902066288,83.81163375677468,periodic reconstruction FFT,slow PRBS,12,5.149199869920267,5000.000126310628,0.9923871669385536,0.00039999998989515007,10-90% leave-one-period sensitivity; excludes systematic errors,<Ewe>/V,0.0
20.391517644007454,0.06493048287975522,-0.010837853325845146,0.010837853325845146,0.06582876781249,-9.476149904128329,0.06570229215460864,0.06589576214822884,-9.631383933493217,-9.324988952162554,0.0016224838192698443,77.14154123704115,periodic reconstruction FFT,slow PRBS,12,5.149199869920267,5000.000126310628,0.9923871669385536,0.00039999998989515007,10-90% leave-one-period sensitivity; excludes systematic errors,<Ewe>/V,0.0
21.75095215360795,0.06524414742635556,-0.011997093880932258,0.011997093880932258,0.06633799088742379,-10.419158088557468,0.0663061071443253,0.0663638864043705,-10.452752806452738,-10.380979250217417,0.007141995727102337,90.56794063552795,periodic reconstruction FFT,slow PRBS,12,5.149199869920267,5000.000126310628,0.9923871669385536,0.00039999998989515007,10-90% leave-one-period sensitivity; excludes systematic errors,<Ewe>/V,0.0
23.11038666320845,0.06508393472850565,-0.012842505325401288,0.012842505325401288,0.06633889132912416,-11.162331296277472,0.06626224257725295,0.0664250029859932,-11.273507471818954,-11.089012120699374,0.0028068275288377154,83.15045520093744,periodic reconstruction FFT,slow PRBS,12,5.149199869920267,5000.000126310628,0.9923871669385536,0.00039999998989515007,10-90% leave-one-period sensitivity; excludes systematic errors,<Ewe>/V,0.0
24.469821172808942,0.06416746691864524,-0.013319773903754162,0.013319773903754162,0.06553533541229924,-11.72682215051648,0.06549558370966654,0.06557817447274814,-11.771666108032914,-11.691212326123356,0.006936427307746491,90.01386171818338,periodic reconstruction FFT,slow PRBS,12,5.149199869920267,5000.000126310628,0.9923871669385536,0.00039999998989515007,10-90% leave-one-period sensitivity; excludes systematic errors,<Ewe>/V,0.0
25.82925568240944,0.06338993882216773,-0.013796874203313306,0.013796874203313306,0.06487401699956785,-12.278972883320646,0.06477076063235945,0.06498069269541273,-12.412391039639914,-12.17652252029973,0.0031659161547359024,82.51615873609502,periodic reconstruction FFT,slow PRBS,12,5.149199869920267,5000.000126310628,0.9923871669385536,0.00039999998989515007,10-90% leave-one-period sensitivity; excludes systematic errors,<Ewe>/V,0.0
27.188690192009936,0.06277574114274692,-0.014691667662073572,0.014691667662073572,0.06447199992798414,-13.172097341740619,0.0643600393439312,0.06461808748210086,-13.30460820743567,-13.123160195631513,0.0025796381627938344,82.80424292700746,periodic reconstruction FFT,slow PRBS,12,5.149199869920267,5000.000126310628,0.9923871669385536,0.00039999998989515007,10-90% leave-one-period sensitivity; excludes systematic errors,<Ewe>/V,0.0
28.548124701610433,0.06254392127344127,-0.01299550051011742,0.01299550051011742,0.06387977083370668,-11.738010075791935,0.0637183782588737,0.06402313633258377,-12.068537836063578,-11.51846807404451,0.001461099786071829,75.81758927451911,periodic reconstruction FFT,slow PRBS,12,5.149199869920267,5000.000126310628,0.9923871669385536,0.00039999998989515007,10-90% leave-one-period sensitivity; excludes systematic errors,<Ewe>/V,0.0
29.90755921121093,0.06176531840930973,-0.013199216748696837,0.013199216748696837,0.06315990722746903,-12.062639386664932,0.06286300389702794,0.06333622907618801,-12.3774974898974,-11.796519525115285,0.0015112859210834775,78.33786950247078,periodic reconstruction FFT,slow PRBS,12,5.149199869920267,5000.000126310628,0.9923871669385536,0.00039999998989515007,10-90% leave-one-period sensitivity; excludes systematic errors,<Ewe>/V,0.0
20.02670277560999,0.06521449721125998,-0.01195860269698639,0.01195860269698639,0.06630187648160349,-10.391077622253144,0.06606757591167345,0.06653075856229705,-10.548931875357917,-10.231737514717128,0.0012145853241759725,73.16197285998763,periodic reconstruction FFT,fast PRBS,7,4.194399894040544,5000.000126310628,0.9755864962807553,0.00039999998989515007,10-90% leave-one-period sensitivity; excludes systematic errors,<Ewe>/V,0.0
20.26511590389106,0.065607994720385,-0.012033196866455619,0.012033196866455619,0.06670237475575322,-10.393136787205062,0.06641614707767804,0.066922953644281,-10.58741162540857,-10.125276030108276,0.0010931994600964475,72.24928705893485,periodic reconstruction FFT,fast PRBS,7,4.194399894040544,5000.000126310628,0.9755864962807553,0.00039999998989515007,10-90% leave-one-period sensitivity; excludes systematic errors,<Ewe>/V,0.0
20.503529032172132,0.06492022089182894,-0.012410346691108638,0.012410346691108638,0.06609577736616293,-10.822268762920519,0.06586356124060222,0.06638178841166484,-11.053978959295636,-10.532119955886559,0.0012119289081086555,70.98989522477929,periodic reconstruction FFT,fast PRBS,7,4.194399894040544,5000.000126310628,0.9755864962807553,0.00039999998989515007,10-90% leave-one-period sensitivity; excludes systematic errors,<Ewe>/V,0.0
20.741942160453203,0.06441474637459406,-0.010929598716074594,0.010929598716074594,0.06533540907193967,-9.62996927107967,0.06500060260508422,0.0655607577912642,-9.832970169329995,-9.454683034855083,0.0011376447340714902,71.74335508096289,periodic reconstruction FFT,fast PRBS,7,4.194399894040544,5000.000126310628,0.9755864962807553,0.00039999998989515007,10-90% leave-one-period sensitivity; excludes systematic errors,<Ewe>/V,0.0
20.980355288734273,0.06442463573956626,-0.01122237547148301,0.01122237547148301,0.06539476585628809,-9.881423010960301,0.06527936124578572,0.06550643201806819,-10.043194640962058,-9.72145912289304,0.0012578578038526195,70.15823682171958,periodic reconstruction FFT,fast PRBS,7,4.194399894040544,5000.000126310628,0.9755864962807553,0.00039999998989515007,10-90% leave-one-period sensitivity; excludes systematic errors,<Ewe>/V,0.0
21.218768417015347,0.06449118020925873,-0.010996150938205518,0.010996150938205518,0.06542192033438704,-9.676235635044062,0.06527520065752893,0.0655824887553042,-9.845896278828956,-9.48538632288308,0.0011868517769982115,69.28940619828187,periodic reconstruction FFT,fast PRBS,7,4.194399894040544,5000.000126310628,0.9755864962807553,0.00039999998989515007,10-90% leave-one-period sensitivity; excludes systematic errors,<Ewe>/V,0.0
21.457181545296418,0.06497435732532238,-0.011152985836918684,0.011152985836918684,0.06592462516326643,-9.740020519546023,0.06577892231436352,0.06615464988577462,-9.84566594055227,-9.602293110557268,0.001456705537434058,75.12114921345317,periodic reconstruction FFT,fast PRBS,7,4.194399894040544,5000.000126310628,0.9755864962807553,0.00039999998989515007,10-90% leave-one-period sensitivity; excludes systematic errors,<Ewe>/V,0.0
21.69559467357749,0.06578284405976377,-0.011304194036429219,0.011304194036429219,0.06674704019958069,-9.750536434232265,0.06652094812581358,0.06710513944129584,-9.907018632617772,-9.565727332751154,0.001046035950569767,69.67030569001838,periodic reconstruction FFT,fast PRBS,7,4.194399894040544,5000.000126310628,0.9755864962807553,0.00039999998989515007,10-90% leave-one-period sensitivity; excludes systematic errors,<Ewe>/V,0.0
21.93400780185856,0.06630423890066532,-0.010881292088630565,0.010881292088630565,0.06719117958269964,-9.319823308071145,0.06697247637440788,0.06741130445089284,-9.582609285572278,-9.110075521243221,0.0011535021446289623,73.49527140975168,periodic reconstruction FFT,fast PRBS,7,4.194399894040544,5000.000126310628,0.9755864962807553,0.00039999998989515007,10-90% leave-one-period sensitivity; excludes systematic errors,<Ewe>/V,0.0
22.17242093013963,0.06616854466572819,-0.011715022343700648,0.011715022343700648,0.06719760450859742,-10.0400723526691,0.06701155875497486,0.06744692934024317,-10.191213052395119,-9.890291026588349,0.0013673908790074248,74.22879673317341,periodic reconstruction FFT,fast PRBS,7,4.194399894040544,5000.000126310628,0.9755864962807553,0.00039999998989515007,10-90% leave-one-period sensitivity; excludes systematic errors,<Ewe>/V,0.0
22.410834058420704,0.06579275016223536,-0.012703069538386508,0.012703069538386508,0.06700786483396859,-10.928029375444527,0.0667183607364136,0.06718978387626051,-11.03667625033506,-10.751538150850209,0.0013253583192731927,74.32860658731047,periodic reconstruction FFT,fast PRBS,7,4.194399894040544,5000.000126310628,0.9755864962807553,0.00039999998989515007,10-90% leave-one-period sensitivity; excludes systematic errors,<Ewe>/V,0.0
22.649247186701775,0.06490419689271688,-0.012711159716704341,0.012711159716704341,0.06613719343631182,-11.080840669337979,0.06603988625050461,0.06625027315280291,-11.216745945312733,-10.853949274668203,0.0011735593911364126,72.65961905923332,periodic reconstruction FFT,fast PRBS,7,4.194399894040544,5000.000126310628,0.9755864962807553,0.00039999998989515007,10-90% leave-one-period sensitivity; excludes systematic errors,<Ewe>/V,0.0
22.887660314982845,0.06514443145629491,-0.013307983501831377,0.013307983501831377,0.06648984414667343,-11.545766991485214,0.0663940658079143,0.06663011291561059,-11.72148249435504,-11.336733230302775,0.0012496818561600024,71.56287856487393,periodic reconstruction FFT,fast PRBS,7,4.194399894040544,5000.000126310628,0.9755864962807553,0.00039999998989515007,10-90% leave-one-period sensitivity; excludes systematic errors,<Ewe>/V,0.0
23.126073443263916,0.06475982841941592,-0.012655718467974005,0.012655718467974005,0.06598486634716183,-11.057690531724164,0.06578382268596696,0.0662072574903778,-11.234540673775529,-10.935212091480896,0.0013467974364886415,74.92269418296571,periodic reconstruction FFT,fast PRBS,7,4.194399894040544,5000.000126310628,0.9755864962807553,0.00039999998989515007,10-90% leave-one-period sensitivity; excludes systematic errors,<Ewe>/V,0.0
23.364486571544987,0.06368721734940619,-0.014261958738589394,0.014261958738589394,0.06526457784105963,-12.622429086574138,0.06503875103812805,0.06550286609637335,-13.028555022024625,-12.069670279605942,0.0010277050234662542,70.91645717234525,periodic reconstruction FFT,fast PRBS,7,4.194399894040544,5000.000126310628,0.9755864962807553,0.00039999998989515007,10-90% leave-one-period sensitivity; excludes systematic errors,<Ewe>/V,0.0
23.60289969982606,0.06416578599037157,-0.012481558026193523,0.012481558026193523,0.06536847391918676,-11.007737335336635,0.06501479808190526,0.0657779308731331,-11.210937564814925,-10.771322304493175,0.0013446698242227772,72.90250924017573,periodic reconstruction FFT,fast PRBS,7,4.194399894040544,5000.000126310628,0.9755864962807553,0.00039999998989515007,10-90% leave-one-period sensitivity; excludes systematic errors,<Ewe>/V,0.0
23.84131282810713,0.06434019202644455,-0.014283849626522642,0.014283849626522642,0.06590666635593755,-12.516951431738114,0.06542464861896412,0.06628970295076948,-12.94933912997986,-11.961321100968764,0.0011847796338377904,70.04579864947804,periodic reconstruction FFT,fast PRBS,7,4.194399894040544,5000.000126310628,0.9755864962807553,0.00039999998989515007,10-90% leave-one-period sensitivity; excludes systematic errors,<Ewe>/V,0.0
24.079725956388202,0.06348115849913713,-0.013839103734638317,0.013839103734638317,0.06497213461608484,-12.298253353460051,0.06466253506812183,0.06522429437150258,-12.627461511282585,-11.90659220757515,0.0012965414852690756,72.8000177853556,periodic reconstruction FFT,fast PRBS,7,4.194399894040544,5000.000126310628,0.9755864962807553,0.00039999998989515007,10-90% leave-one-period sensitivity; excludes systematic errors,<Ewe>/V,0.0
24.318139084669273,0.06296830820496312,-0.012270517342850973,0.012270517342850973,0.06415273520323535,-11.02693077145284,0.06390628655235289,0.06445060570872813,-11.22494396060481,-10.786012284779774,0.0012092428019977318,71.39599155322928,periodic reconstruction FFT,fast PRBS,7,4.194399894040544,5000.000126310628,0.9755864962807553,0.00039999998989515007,10-90% leave-one-period sensitivity; excludes systematic errors,<Ewe>/V,0.0
24.556552212950344,0.0649772621445758,-0.011988537506093818,0.011988537506093818,0.06607397087613201,-10.453714191569587,0.06560068838534491,0.06654755984451721,-10.739196865188301,-10.183282155929618,0.001108714872634132,73.79825738153541,periodic reconstruction FFT,fast PRBS,7,4.194399894040544,5000.000126310628,0.9755864962807553,0.00039999998989515007,10-90% leave-one-period sensitivity; excludes systematic errors,<Ewe>/V,0.0
24.794965341231418,0.06333345750759486,-0.011233144975184055,0.011233144975184055,0.06432192772219926,-10.05767601535667,0.06376065169858337,0.06487613186257286,-10.207259188696336,-9.88152551287039,0.0010355027354176478,69.91251259514603,periodic reconstruction FFT,fast PRBS,7,4.194399894040544,5000.000126310628,0.9755864962807553,0.00039999998989515007,10-90% leave-one-period sensitivity; excludes systematic errors,<Ewe>/V,0.0
25.03337846951249,0.06486572450082415,-0.012532702768773244,0.012532702768773244,0.06606535289928628,-10.93537009688075,0.06598778230375017,0.06615799258143654,-11.130677122591745,-10.80305901531194,0.0014647031678930579,74.07251442267685,periodic reconstruction FFT,fast PRBS,7,4.194399894040544,5000.000126310628,0.9755864962807553,0.00039999998989515007,10-90% leave-one-period sensitivity; excludes systematic errors,<Ewe>/V,0.0
25.27179159779356,0.0647440001943267,-0.012672586621136829,0.012672586621136829,0.06597257015482413,-11.074704726014936,0.06563547121621112,0.0663087157210775,-11.264084961334428,-10.823557857789593,0.0011451939224331428,71.5857294408926,periodic reconstruction FFT,fast PRBS,7,4.194399894040544,5000.000126310628,0.9755864962807553,0.00039999998989515007,10-90% leave-one-period sensitivity; excludes systematic errors,<Ewe>/V,0.0
25.51020472607463,0.06483945275615507,-0.013793837499333507,0.013793837499333507,0.06629045622618451,-12.009964505621058,0.06609885893011373,0.06649239984145577,-12.219965513672287,-11.789794314274982,0.0013656363443706454,70.4753619319745,periodic reconstruction FFT,fast PRBS,7,4.194399894040544,5000.000126310628,0.9755864962807553,0.00039999998989515007,10-90% leave-one-period sensitivity; excludes systematic errors,<Ewe>/V,0.0
25.7486178543557,0.06478226798672965,-0.014141386493364546,0.014141386493364546,0.06630777524136344,-12.313987445601105,0.0661454929257358,0.06650797971541757,-12.53849281124133,-12.105120463671863,0.0011908980697389465,72.65207915265667,periodic reconstruction FFT,fast PRBS,7,4.194399894040544,5000.000126310628,0.9755864962807553,0.00039999998989515007,10-90% leave-one-period sensitivity; excludes systematic errors,<Ewe>/V,0.0
25.98703098263677,0.06359107374500797,-0.014837777869824147,0.014837777869824147,0.06529919074657269,-13.133903245126282,0.06512662511486396,0.0654627388513142,-13.343838512794564,-12.940122032481796,0.0010678911121955088,71.83258413100671,periodic reconstruction FFT,fast PRBS,7,4.194399894040544,5000.000126310628,0.9755864962807553,0.00039999998989515007,10-90% leave-one-period sensitivity; excludes systematic errors,<Ewe>/V,0.0
26.225444110917845,0.06338476906027575,-0.014117813335287987,0.014117813335287987,0.06493798273887576,-12.556635694034556,0.0648276719655902,0.06508877976430005,-12.730344739326055,-12.361976378765206,0.001332546743429024,70.79015440087306,periodic reconstruction FFT,fast PRBS,7,4.194399894040544,5000.000126310628,0.9755864962807553,0.00039999998989515007,10-90% leave-one-period sensitivity; excludes systematic errors,<Ewe>/V,0.0
26.463857239198916,0.06213331991043392,-0.014361988298840079,0.014361988298840079,0.06377159360552584,-13.01521588161895,0.06350919121018922,0.06421476492155417,-13.199344124945325,-12.848575776603722,0.001313340504751583,72.93894509608396,periodic reconstruction FFT,fast PRBS,7,4.194399894040544,5000.000126310628,0.9755864962807553,0.00039999998989515007,10-90% leave-one-period sensitivity; excludes systematic errors,<Ewe>/V,0.0
26.702270367479986,0.06232031610038186,-0.01428036527863454,0.01428036527863454,0.06393551932488502,-12.906208624776436,0.06380890570191816,0.06407989731683662,-13.285069531419357,-12.5944079240536,0.0011436036984592353,72.79357257832328,periodic reconstruction FFT,fast PRBS,7,4.194399894040544,5000.000126310628,0.9755864962807553,0.00039999998989515007,10-90% leave-one-period sensitivity; excludes systematic errors,<Ewe>/V,0.0
26.940683495761057,0.06319711670447554,-0.013773047400775626,0.013773047400775626,0.06468054108047577,-12.294675139196624,0.06450370215950628,0.0648843447171885,-12.510864496532003,-12.072427198193878,0.0012157738749337336,70.28016751502653,periodic reconstruction FFT,fast PRBS,7,4.194399894040544,5000.000126310628,0.9755864962807553,0.00039999998989515007,10-90% leave-one-period sensitivity; excludes systematic errors,<Ewe>/V,0.0
27.179096624042128,0.06186812601248628,-0.013484167884096895,0.013484167884096895,0.06332051642100996,-12.29534522961242,0.06295186691612172,0.06364703669741993,-12.676812525636326,-11.936054550018182,0.0011129598051720102,71.63293641178699,periodic reconstruction FFT,fast PRBS,7,4.194399894040544,5000.000126310628,0.9755864962807553,0.00039999998989515007,10-90% leave-one-period sensitivity; excludes systematic errors,<Ewe>/V,0.0
27.417509752323202,0.06287710541222845,-0.013881889252664837,0.013881889252664837,0.06439128228451224,-12.44993648098961,0.06402279268762846,0.06473739621778307,-12.715699802319596,-12.216870019808223,0.001115543406343939,75.26129094149086,periodic reconstruction FFT,fast PRBS,7,4.194399894040544,5000.000126310628,0.9755864962807553,0.00039999998989515007,10-90% leave-one-period sensitivity; excludes systematic errors,<Ewe>/V,0.0
27.655922880604273,0.06312315686441122,-0.013377376169968525,0.013377376169968525,0.06452508911827946,-11.965374953092311,0.06403545259867134,0.06497164841430904,-12.17070271182157,-11.784891569206415,0.001039352892953867,74.68160898722832,periodic reconstruction FFT,fast PRBS,7,4.194399894040544,5000.000126310628,0.9755864962807553,0.00039999998989515007,10-90% leave-one-period sensitivity; excludes systematic errors,<Ewe>/V,0.0
27.894336008885343,0.06260122136149639,-0.013427603572447686,0.013427603572447686,0.06402510018461417,-12.10618160327219,0.06381995910228036,0.06425769754422711,-12.284742858093406,-11.867627452606367,0.0012711764853767502,73.06510118440607,periodic reconstruction FFT,fast PRBS,7,4.194399894040544,5000.000126310628,0.9755864962807553,0.00039999998989515007,10-90% leave-one-period sensitivity; excludes systematic errors,<Ewe>/V,0.0
28.132749137166414,0.06340522361782773,-0.013348445962997902,0.013348445962997902,0.06479508771237072,-11.888638858603908,0.06465033671468345,0.06491087764592646,-12.03229427257454,-11.755422984703472,0.0011399602827122444,70.62724069457201,periodic reconstruction FFT,fast PRBS,7,4.194399894040544,5000.000126310628,0.9755864962807553,0.00039999998989515007,10-90% leave-one-period sensitivity; excludes systematic errors,<Ewe>/V,0.0
28.371162265447484,0.06349805445106724,-0.013456526693622657,0.013456526693622657,0.06490825086017091,-11.965116189455584,0.06477238101911814,0.0650310009624301,-12.136790203933748,-11.76621890948838,0.0012619401077595361,71.86153087862634,periodic reconstruction FFT,fast PRBS,7,4.194399894040544,5000.000126310628,0.9755864962807553,0.00039999998989515007,10-90% leave-one-period sensitivity; excludes systematic errors,<Ewe>/V,0.0
28.609575393728555,0.06354742992070533,-0.014183949586437455,0.014183949586437455,0.06511113787515585,-12.582323013280872,0.06494743491958294,0.06524746362952219,-12.795076527559418,-12.395708902468291,0.0011517406388225882,72.75317966827426,periodic reconstruction FFT,fast PRBS,7,4.194399894040544,5000.000126310628,0.9755864962807553,0.00039999998989515007,10-90% leave-one-period sensitivity; excludes systematic errors,<Ewe>/V,0.0
28.84798852200963,0.06401104415803745,-0.014724510286985324,0.014724510286985324,0.06568276012313852,-12.954439350966195,0.06541873860456462,0.06590007479768051,-13.062838385515287,-12.863896029197814,0.0011813472965214492,67.32286477941993,periodic reconstruction FFT,fast PRBS,7,4.194399894040544,5000.000126310628,0.9755864962807553,0.00039999998989515007,10-90% leave-one-period sensitivity; excludes systematic errors,<Ewe>/V,0.0
29.0864016502907,0.06269482995240437,-0.013964116137915608,0.013964116137915608,0.06423113141050915,-12.55661330585849,0.06403457416938506,0.06444946721132862,-13.009837322835889,-12.269339412994078,0.0009502023524722943,67.29517558340115,periodic reconstruction FFT,fast PRBS,7,4.194399894040544,5000.000126310628,0.9755864962807553,0.00039999998989515007,10-90% leave-one-period sensitivity; excludes systematic errors,<Ewe>/V,0.0
29.32481477857177,0.06325032493658382,-0.015034526291037615,0.015034526291037615,0.06501261866268224,-13.371000139883058,0.06476854981606117,0.06534981153910152,-13.513705940863373,-13.098391597742,0.0013624856667693297,74.94726816161764,periodic reconstruction FFT,fast PRBS,7,4.194399894040544,5000.000126310628,0.9755864962807553,0.00039999998989515007,10-90% leave-one-period sensitivity; excludes systematic errors,<Ewe>/V,0.0
29.56322790685284,0.06228977651126684,-0.014702347908115494,0.014702347908115494,0.0640013694528081,-13.280544603093267,0.06341441261687743,0.06446392973559499,-13.583184827071644,-12.91458443981888,0.0009289251707918079,68.46662891050738,periodic reconstruction FFT,fast PRBS,7,4.194399894040544,5000.000126310628,0.9755864962807553,0.00039999998989515007,10-90% leave-one-period sensitivity; excludes systematic errors,<Ewe>/V,0.0
29.801641035133912,0.06156799000869836,-0.01523308096224026,0.01523308096224026,0.06342447594827526,-13.896969225796934,0.0628981464406889,0.0637607110257927,-14.021565326937012,-13.737781910601571,0.0014019256776885516,75.46875721764016,periodic reconstruction FFT,fast PRBS,7,4.194399894040544,5000.000126310628,0.9755864962807553,0.00039999998989515007,10-90% leave-one-period sensitivity; excludes systematic errors,<Ewe>/V,0.0
30.040054163414986,0.06157439168274709,-0.014775112898014902,0.014775112898014902,0.06332226837574156,-13.493321536538996,0.06312442471670014,0.06353079471546472,-13.945299559293852,-13.10303085479614,0.0011303080091920508,73.85651190494067,periodic reconstruction FFT,fast PRBS,7,4.194399894040544,5000.000126310628,0.9755864962807553,0.00039999998989515007,10-90% leave-one-period sensitivity; excludes systematic errors,<Ewe>/V,0.0
30.278467291696057,0.060953362281302395,-0.014620123609620558,0.014620123609620558,0.06268221747638067,-13.488015289904443,0.06244686490423931,0.06290000860686532,-13.716763701120069,-13.210677123302952,0.00116515299947755,69.91083872616042,periodic reconstruction FFT,fast PRBS,7,4.194399894040544,5000.000126310628,0.9755864962807553,0.00039999998989515007,10-90% leave-one-period sensitivity; excludes systematic errors,<Ewe>/V,0.0
30.516880419977127,0.06092262099943103,-0.014558053793587591,0.014558053793587591,0.06263786937386444,-13.43936371823389,0.06238159022494537,0.06290965518986104,-13.691556080342101,-13.082103919774465,0.0012451030748611037,72.90026232791013,periodic reconstruction FFT,fast PRBS,7,4.194399894040544,5000.000126310628,0.9755864962807553,0.00039999998989515007,10-90% leave-one-period sensitivity; excludes systematic errors,<Ewe>/V,0.0
30.755293548258198,0.06113860446533372,-0.014309916648101757,0.014309916648101757,0.06279094417544734,-13.173336668314585,0.062484090709308666,0.06301871356103662,-13.380373916872356,-12.929087643107962,0.0012072556021792316,73.78628699937221,periodic reconstruction FFT,fast PRBS,7,4.194399894040544,5000.000126310628,0.9755864962807553,0.00039999998989515007,10-90% leave-one-period sensitivity; excludes systematic errors,<Ewe>/V,0.0
30.99370667653927,0.06215116921930426,-0.014009299745523267,0.014009299745523267,0.0637105039588176,-12.702569511740611,0.0634214060639431,0.06413816605164559,-12.956475759836499,-12.43943224166336,0.001132115007698829,72.21521998446208,periodic reconstruction FFT,fast PRBS,7,4.194399894040544,5000.000126310628,0.9755864962807553,0.00039999998989515007,10-90% leave-one-period sensitivity; excludes systematic errors,<Ewe>/V,0.0
31.232119804820343,0.06238460962345547,-0.014785184243144494,0.014785184243144494,0.064112722535973,-13.333124767257848,0.06366944627954875,0.06449848905477837,-13.503529314468947,-13.154910843545348,0.0012023680183670523,75.32867882166622,periodic reconstruction FFT,fast PRBS,7,4.194399894040544,5000.000126310628,0.9755864962807553,0.00039999998989515007,10-90% leave-one-period sensitivity; excludes systematic errors,<Ewe>/V,0.0
31.470532933101413,0.06221777690898773,-0.014456029505159356,0.014456029505159356,0.06387510119405373,-13.080342163263039,0.06371084540390635,0.06403714201804597,-13.297933843821333,-12.874017975177964,0.0013558424776185492,77.72747503439525,periodic reconstruction FFT,fast PRBS,7,4.194399894040544,5000.000126310628,0.9755864962807553,0.00039999998989515007,10-90% leave-one-period sensitivity; excludes systematic errors,<Ewe>/V,0.0
31.708946061382484,0.06329118607424401,-0.01403004845684169,0.01403004845684169,0.06482759053355218,-12.498904426964502,0.06451131655659349,0.0651076269821503,-13.078882875901439,-12.069838738192113,0.0009993041855564102,71.40181170280763,periodic reconstruction FFT,fast PRBS,7,4.194399894040544,5000.000126310628,0.9755864962807553,0.00039999998989515007,10-90% leave-one-period sensitivity; excludes systematic errors,<Ewe>/V,0.0
31.947359189663555,0.06285302617981339,-0.015135867856482021,0.015135867856482021,0.0646498058444818,-13.539805895202328,0.06430504996703722,0.06498462019649955,-13.816186717789474,-13.127375061323763,0.0010856381282299337,77.74021321474392,periodic reconstruction FFT,fast PRBS,7,4.194399894040544,5000.000126310628,0.9755864962807553,0.00039999998989515007,10-90% leave-one-period sensitivity; excludes systematic errors,<Ewe>/V,0.0
32.185772317944625,0.06236555578663433,-0.015567095013940326,0.015567095013940326,0.06427905565383521,-14.015235380824045,0.0639752394416355,0.06455921414538363,-14.271929664742112,-13.792225998561982,0.001306076988903656,71.01784285584601,periodic reconstruction FFT,fast PRBS,7,4.194399894040544,5000.000126310628,0.9755864962807553,0.00039999998989515007,10-90% leave-one-period sensitivity; excludes systematic errors,<Ewe>/V,0.0
32.4241854462257,0.061972945046230174,-0.01689875739207994,0.01689875739207994,0.06423561254552992,-15.252575918481618,0.0640246500581793,0.06440199819790327,-15.607563862600305,-14.844085166557763,0.0012586482548523645,71.80305377752406,periodic reconstruction FFT,fast PRBS,7,4.194399894040544,5000.000126310628,0.9755864962807553,0.00039999998989515007,10-90% leave-one-period sensitivity; excludes systematic errors,<Ewe>/V,0.0
32.66259857450677,0.06134226926136192,-0.015785933107124377,0.015785933107124377,0.06334090054771903,-14.43146697633417,0.06282058672563079,0.06374536746586042,-14.736993261365912,-14.211427771945788,0.001428862857593215,74.09549497556061,periodic reconstruction FFT,fast PRBS,7,4.194399894040544,5000.000126310628,0.9755864962807553,0.00039999998989515007,10-90% leave-one-period sensitivity; excludes systematic errors,<Ewe>/V,0.0
32.90101170278784,0.06114162192895433,-0.015435605058927436,0.015435605058927436,0.063059938436684,-14.168639117824952,0.06233476161220865,0.06378316507738581,-14.553600538978127,-13.67767367918036,0.000961115053773839,72.59729915279402,periodic reconstruction FFT,fast PRBS,7,4.194399894040544,5000.000126310628,0.9755864962807553,0.00039999998989515007,10-90% leave-one-period sensitivity; excludes systematic errors,<Ewe>/V,0.0
33.139424831068915,0.06141381275658392,-0.015423899860491691,0.015423899860491691,0.06332103192626622,-14.098083647317633,0.06277153402614215,0.06375860473279259,-14.376389795083302,-13.812382625216532,0.0013956963200336635,74.39562549294831,periodic reconstruction FFT,fast PRBS,7,4.194399894040544,5000.000126310628,0.9755864962807553,0.00039999998989515007,10-90% leave-one-period sensitivity; excludes systematic errors,<Ewe>/V,0.0
33.37783795934998,0.06128771054309323,-0.014931844024913802,0.014931844024913802,0.06308045204021874,-13.69250853122798,0.06254851236761878,0.06360969915856901,-14.302481177624687,-13.193112930353086,0.0010483041152420853,71.33371588642082,periodic reconstruction FFT,fast PRBS,7,4.194399894040544,5000.000126310628,0.9755864962807553,0.00039999998989515007,10-90% leave-one-period sensitivity; excludes systematic errors,<Ewe>/V,0.0
33.616251087631056,0.06006202194763474,-0.0163523644009855,0.0163523644009855,0.06224826344518195,-15.230088413390767,0.0619230289693865,0.06257324760296941,-15.629016461121443,-14.703267014762336,0.0012345436805770822,71.27500593147172,periodic reconstruction FFT,fast PRBS,7,4.194399894040544,5000.000126310628,0.9755864962807553,0.00039999998989515007,10-90% leave-one-period sensitivity; excludes systematic errors,<Ewe>/V,0.0
33.85466421591212,0.061015273875612536,-0.01533752045169008,0.01533752045169008,0.06291345785856962,-14.110195561615113,0.062062311477820035,0.06335390035018523,-14.507522197056465,-13.462726174553467,0.0013161103274051964,75.2113841931594,periodic reconstruction FFT,fast PRBS,7,4.194399894040544,5000.000126310628,0.9755864962807553,0.00039999998989515007,10-90% leave-one-period sensitivity; excludes systematic errors,<Ewe>/V,0.0
34.0930773441932,0.059958555560974396,-0.014347774569661844,0.014347774569661844,0.06165133429261924,-13.45752638484562,0.06138809369664621,0.0619566907146012,-13.86639060813844,-13.107385243457582,0.001332103194005079,76.7345987020757,periodic reconstruction FFT,fast PRBS,7,4.194399894040544,5000.000126310628,0.9755864962807553,0.00039999998989515007,10-90% leave-one-period sensitivity; excludes systematic errors,<Ewe>/V,0.0
34.33149047247427,0.06196914904256463,-0.016073978577384726,0.016073978577384726,0.06401990487626338,-14.541301571574156,0.06346799025687362,0.0644183515844901,-14.839543289429939,-14.100344562575525,0.0013232180319036452,75.78367878819459,periodic reconstruction FFT,fast PRBS,7,4.194399894040544,5000.000126310628,0.9755864962807553,0.00039999998989515007,10-90% leave-one-period sensitivity; excludes systematic errors,<Ewe>/V,0.0
34.56990360075534,0.06017077679355058,-0.014837389086638699,0.014837389086638699,0.06197314333521894,-13.852100495652339,0.061308796117708,0.06286892417309115,-14.613858055306975,-13.177688006077107,0.000977428277180943,69.04280422670328,periodic reconstruction FFT,fast PRBS,7,4.194399894040544,5000.000126310628,0.9755864962807553,0.00039999998989515007,10-90% leave-one-period sensitivity; excludes systematic errors,<Ewe>/V,0.0
34.80831672903641,0.06147649983254172,-0.015582391363680713,0.015582391363680713,0.06342058776352845,-14.223161465594286,0.06305376330595364,0.06379160955089402,-14.720803861835737,-13.725472998329087,0.00131211482098234,71.60368574349435,periodic reconstruction FFT,fast PRBS,7,4.194399894040544,5000.000126310628,0.9755864962807553,0.00039999998989515007,10-90% leave-one-period sensitivity; excludes systematic errors,<Ewe>/V,0.0
35.04672985731748,0.06228900442457841,-0.01659646278012897,0.01659646278012897,0.06446210242473756,-14.919446635895092,0.06357863223444479,0.06528499290202205,-15.630355426674505,-14.488955507231688,0.0012436447925860325,73.82277208105207,periodic reconstruction FFT,fast PRBS,7,4.194399894040544,5000.000126310628,0.9755864962807553,0.00039999998989515007,10-90% leave-one-period sensitivity; excludes systematic errors,<Ewe>/V,0.0
35.285142985598554,0.06201476936930862,-0.015403568698940067,0.015403568698940067,0.06389915139179475,-13.94914713210608,0.06320905080423705,0.06450268172900128,-14.503586748211342,-13.410663615325099,0.001241281295385364,71.5152220382758,periodic reconstruction FFT,fast PRBS,7,4.194399894040544,5000.000126310628,0.9755864962807553,0.00039999998989515007,10-90% leave-one-period sensitivity; excludes systematic errors,<Ewe>/V,0.0
35.52355611387962,0.06005792736157848,-0.01659151327299936,0.01659151327299936,0.06230756737071951,-15.443267024053325,0.061317332270411154,0.0633884728234407,-16.06285477647575,-14.695206263020099,0.0013392668908804792,72.12332190445125,periodic reconstruction FFT,fast PRBS,7,4.194399894040544,5000.000126310628,0.9755864962807553,0.00039999998989515007,10-90% leave-one-period sensitivity; excludes systematic errors,<Ewe>/V,0.0
35.761969242160696,0.058917219041232406,-0.0161716886693307,0.0161716886693307,0.06109633551998284,-15.348630245402129,0.0597450335469425,0.06265428946074733,-16.318080783705344,-14.421699626851748,0.0011522508046190902,76.13950078045123,periodic reconstruction FFT,fast PRBS,7,4.194399894040544,5000.000126310628,0.9755864962807553,0.00039999998989515007,10-90% leave-one-period sensitivity; excludes systematic errors,<Ewe>/V,0.0
36.00038237044177,0.06135137785549067,-0.01685013730350003,0.01685013730350003,0.06362325590469255,-15.357589807162784,0.06213389356395267,0.06510020636281601,-16.627880525155135,-14.652644352241998,0.0013817516126576313,73.31570680773753,periodic reconstruction FFT,fast PRBS,7,4.194399894040544,5000.000126310628,0.9755864962807553,0.00039999998989515007,10-90% leave-one-period sensitivity; excludes systematic errors,<Ewe>/V,0.0
36.23879549872284,0.05726345624231262,-0.016808058689859802,0.016808058689859802,0.0596792615381342,-16.358100908685497,0.057839640961260375,0.061669720969656915,-17.507465535169914,-14.37413726417444,0.0010669637183048886,68.49464228698379,periodic reconstruction FFT,fast PRBS,7,4.194399894040544,5000.000126310628,0.9755864962807553,0.00039999998989515007,10-90% leave-one-period sensitivity; excludes systematic errors,<Ewe>/V,0.0
36.47720862700391,0.052261076354444456,-0.013579966998093353,0.013579966998093353,0.053996625870459516,-14.566090047101039,0.05088956030752633,0.05720296774397697,-17.12968574435317,-11.961317035753385,0.0011387779640519094,74.13183553610696,periodic reconstruction FFT,fast PRBS,7,4.194399894040544,5000.000126310628,0.9755864962807553,0.00039999998989515007,10-90% leave-one-period sensitivity; excludes systematic errors,<Ewe>/V,0.0
36.71562175528498,0.0524679923096135,-0.004515958014950413,0.004515958014950413,0.05266197958484334,-4.919365223793253,0.04897779373487347,0.057674179584131194,-10.388251960535637,-0.6290968205292637,0.0011228296270285882,75.3732583342136,periodic reconstruction FFT,fast PRBS,7,4.194399894040544,5000.000126310628,0.9755864962807553,0.00039999998989515007,10-90% leave-one-period sensitivity; excludes systematic errors,<Ewe>/V,0.0
36.95403488356605,0.07575834472769204,-0.01745235621885934,0.01745235621885934,0.07774259793362827,-12.972829955423233,0.07119594568250932,0.08207810225437603,-14.653172430987405,-11.010859163060521,0.0012108943215336405,71.10119464842106,periodic reconstruction FFT,fast PRBS,7,4.194399894040544,5000.000126310628,0.9755864962807553,0.00039999998989515007,10-90% leave-one-period sensitivity; excludes systematic errors,<Ewe>/V,0.0
37.19244801184713,0.0700259165906554,-0.02777907402838207,0.02777907402838207,0.07533462648899082,-21.638081224790316,0.06881212342229541,0.08330224863824653,-27.948394603379064,-14.157515019163426,0.0011848368798195105,64.99425958835369,periodic reconstruction FFT,fast PRBS,7,4.194399894040544,5000.000126310628,0.9755864962807553,0.00039999998989515007,10-90% leave-one-period sensitivity; excludes systematic errors,<Ewe>/V,0.0
37.430861140128194,0.05648561350575795,-0.02128104109764254,0.02128104109764254,0.06036147151388389,-20.6439770338237,0.05629632410293005,0.06580352064573686,-28.278705010805872,-7.853341025521413,0.0011247221351112825,61.46632752604254,periodic reconstruction FFT,fast PRBS,7,4.194399894040544,5000.000126310628,0.9755864962807553,0.00039999998989515007,10-90% leave-one-period sensitivity; excludes systematic errors,<Ewe>/V,0.0
37.66927426840927,0.09009894543253719,-0.04082455859101923,0.04082455859101923,0.09891645238385206,-24.37566347264148,0.09487620867734575,0.106912558942521,-29.177752489020172,-19.574242895709908,0.001064825224354018,70.1418190676507,periodic reconstruction FFT,fast PRBS,7,4.194399894040544,5000.000126310628,0.9755864962807553,0.00039999998989515007,10-90% leave-one-period sensitivity; excludes systematic errors,<Ewe>/V,0.0
37.907687396690335,0.06801453115915013,-0.034430616205185685,0.034430616205185685,0.07623282613853298,-26.84964639426842,0.07266002964582076,0.0822699192454125,-30.194557809205474,-23.66334561361579,0.001277826852930768,70.74325269516628,periodic reconstruction FFT,fast PRBS,7,4.194399894040544,5000.000126310628,0.9755864962807553,0.00039999998989515007,10-90% leave-one-period sensitivity; excludes systematic errors,<Ewe>/V,0.0
38.14610052497141,0.05472172268182922,-0.012710419441084343,0.012710419441084343,0.05617848071668828,-13.076433518793802,0.05309102294263993,0.05926788218240519,-15.975873325255357,-10.622049858408197,0.001023303509566959,70.76070780916396,periodic reconstruction FFT,fast PRBS,7,4.194399894040544,5000.000126310628,0.9755864962807553,0.00039999998989515007,10-90% leave-one-period sensitivity; excludes systematic errors,<Ewe>/V,0.0
38.38451365325248,0.06356059041291154,-0.018724808617025284,0.018724808617025284,0.06626135458457008,-16.4148562014745,0.06511735976683102,0.06752657900847857,-17.40513606603956,-15.590427391084702,0.001347446821149786,68.81637986380453,periodic reconstruction FFT,fast PRBS,7,4.194399894040544,5000.000126310628,0.9755864962807553,0.00039999998989515007,10-90% leave-one-period sensitivity; excludes systematic errors,<Ewe>/V,0.0
38.62292678153355,0.05563939815374884,-0.009102781737863011,0.009102781737863011,0.05637910306379982,-9.291456154470911,0.052859082967588296,0.05939976978238203,-10.56005764579299,-8.089025225384827,0.0008630985694751528,71.64253902855411,periodic reconstruction FFT,fast PRBS,7,4.194399894040544,5000.000126310628,0.9755864962807553,0.00039999998989515007,10-90% leave-one-period sensitivity; excludes systematic errors,<Ewe>/V,0.0
38.861339909814625,0.05966168863538919,-0.013869994552468762,0.013869994552468762,0.06125270475425261,-13.087504578184259,0.06013776187079563,0.0624090753913516,-13.888623964730781,-12.1250948978455,0.0009998402229532126,69.15772994810851,periodic reconstruction FFT,fast PRBS,7,4.194399894040544,5000.000126310628,0.9755864962807553,0.00039999998989515007,10-90% leave-one-period sensitivity; excludes systematic errors,<Ewe>/V,0.0
39.09975303809569,0.05811742038042148,-0.01709288981428584,0.01709288981428584,0.06057888604025289,-16.389114666583016,0.05971674218586764,0.06141696163884028,-17.13101736333484,-15.717728585310562,0.0014531217395532122,74.98170427888155,periodic reconstruction FFT,fast PRBS,7,4.194399894040544,5000.000126310628,0.9755864962807553,0.00039999998989515007,10-90% leave-one-period sensitivity; excludes systematic errors,<Ewe>/V,0.0
39.338166166376766,0.05760879143357019,-0.015146172243637164,0.015146172243637164,0.05956659621021261,-14.730506418709798,0.05855197475183448,0.06043527451839678,-15.756295881949438,-13.962235922290544,0.0010237691609359047,67.60846372049119,periodic reconstruction FFT,fast PRBS,7,4.194399894040544,5000.000126310628,0.9755864962807553,0.00039999998989515007,10-90% leave-one-period sensitivity; excludes systematic errors,<Ewe>/V,0.0
39.57657929465784,0.057967671134865895,-0.017092127961536942,0.017092127961536942,0.06043502076655155,-16.428480065822242,0.05967660168633888,0.06119223614905138,-16.986642121517807,-15.916492536804416,0.0013006963924727518,72.65256381139906,periodic reconstruction FFT,fast PRBS,7,4.194399894040544,5000.000126310628,0.9755864962807553,0.00039999998989515007,10-90% leave-one-period sensitivity; excludes systematic errors,<Ewe>/V,0.0
39.81499242293891,0.05793477831936671,-0.01747210400110683,0.01747210400110683,0.060512089347002855,-16.782381743913263,0.05980059147275397,0.06127620072712923,-17.60062848611785,-16.04404195305621,0.0014118145726428769,73.06520404864669,periodic reconstruction FFT,fast PRBS,7,4.194399894040544,5000.000126310628,0.9755864962807553,0.00039999998989515007,10-90% leave-one-period sensitivity; excludes systematic errors,<Ewe>/V,0.0
40.05340555121998,0.05625208510507184,-0.014937041295806915,0.014937041295806915,0.05820148006142874,-14.871002023261294,0.05753438799211791,0.05929716067968441,-15.705174575910851,-13.623542146272955,0.0008353060283821703,68.8890030608783,periodic reconstruction FFT,fast PRBS,7,4.194399894040544,5000.000126310628,0.9755864962807553,0.00039999998989515007,10-90% leave-one-period sensitivity; excludes systematic errors,<Ewe>/V,0.0
40.29181867950105,0.05792489261512248,-0.016133323557380296,0.016133323557380296,0.06012967082464857,-15.563659045036943,0.059446436667783084,0.060585265309951716,-16.19914260643349,-14.890102016257606,0.0011754977602119435,76.71629319246412,periodic reconstruction FFT,fast PRBS,7,4.194399894040544,5000.000126310628,0.9755864962807553,0.00039999998989515007,10-90% leave-one-period sensitivity; excludes systematic errors,<Ewe>/V,0.0
40.53023180778212,0.059951596348435165,-0.016844897131599812,0.016844897131599812,0.06227314400365445,-15.694033083510723,0.06167136062535744,0.06303835677437931,-16.019880970259255,-15.378029052856837,0.0012338383655800082,70.51851525547777,periodic reconstruction FFT,fast PRBS,7,4.194399894040544,5000.000126310628,0.9755864962807553,0.00039999998989515007,10-90% leave-one-period sensitivity; excludes systematic errors,<Ewe>/V,0.0
40.7686449360632,0.05849884671066626,-0.014431744805061436,0.014431744805061436,0.06025272047465116,-13.858225040779622,0.059866357848743834,0.060571357845505526,-14.670008560470533,-13.205139634533827,0.0009255844469594504,71.89139012524637,periodic reconstruction FFT,fast PRBS,7,4.194399894040544,5000.000126310628,0.9755864962807553,0.00039999998989515007,10-90% leave-one-period sensitivity; excludes systematic errors,<Ewe>/V,0.0
41.007058064344264,0.05942297659155234,-0.016085403956306185,0.016085403956306185,0.06156159815532511,-15.146594855656097,0.06107592130336941,0.0619880513164736,-15.679140075326858,-14.551820484906173,0.0011643796061518378,69.97955687352477,periodic reconstruction FFT,fast PRBS,7,4.194399894040544,5000.000126310628,0.9755864962807553,0.00039999998989515007,10-90% leave-one-period sensitivity; excludes systematic errors,<Ewe>/V,0.0
41.24547119262534,0.05879364968458682,-0.01788823312872574,0.01788823312872574,0.06145471607372015,-16.922619626140545,0.06097617813312058,0.06206900613295107,-17.427166284457996,-16.17769350016783,0.0012164173196192102,72.86184986375062,periodic reconstruction FFT,fast PRBS,7,4.194399894040544,5000.000126310628,0.9755864962807553,0.00039999998989515007,10-90% leave-one-period sensitivity; excludes systematic errors,<Ewe>/V,0.0
41.483884320906405,0.059188663729010736,-0.01592195885630729,0.01592195885630729,0.06129279474659197,-15.056347018270468,0.06097152666413598,0.06160774230408168,-15.410445415413623,-14.589247575264006,0.0010423765347285796,73.79224663323544,periodic reconstruction FFT,fast PRBS,7,4.194399894040544,5000.000126310628,0.9755864962807553,0.00039999998989515007,10-90% leave-one-period sensitivity; excludes systematic errors,<Ewe>/V,0.0
41.72229744918748,0.05867072737613278,-0.01829048743274238,0.01829048743274238,0.061455644015597166,-17.314768030971116,0.060636504484909926,0.06206540332742941,-17.952206154217368,-16.809665427226044,0.0009558996999497323,70.49446015464757,periodic reconstruction FFT,fast PRBS,7,4.194399894040544,5000.000126310628,0.9755864962807553,0.00039999998989515007,10-90% leave-one-period sensitivity; excludes systematic errors,<Ewe>/V,0.0
41.96071057746855,0.05871211976243898,-0.017947196876279076,0.017947196876279076,0.06139393196982011,-16.997412276338796,0.06096983144534537,0.06170508874748745,-17.234789638311845,-16.739032900043302,0.0014990729825430074,73.42460653563558,periodic reconstruction FFT,fast PRBS,7,4.194399894040544,5000.000126310628,0.9755864962807553,0.00039999998989515007,10-90% leave-one-period sensitivity; excludes systematic errors,<Ewe>/V,0.0
42.19912370574962,0.05713786312028531,-0.018175853833855303,0.018175853833855303,0.05995912828370782,-17.64614004605609,0.059676809332915026,0.060370913863251253,-18.043576245808847,-17.2000119784378,0.001027882590322709,70.8115949653381,periodic reconstruction FFT,fast PRBS,7,4.194399894040544,5000.000126310628,0.9755864962807553,0.00039999998989515007,10-90% leave-one-period sensitivity; excludes systematic errors,<Ewe>/V,0.0
42.437536834030695,0.057446256105841094,-0.018634203149172364,0.018634203149172364,0.060392928953500104,-17.971833483729082,0.060094332196518975,0.06075407532708919,-18.51563166446925,-17.375431175871636,0.0012645594445082886,74.49941948498702,periodic reconstruction FFT,fast PRBS,7,4.194399894040544,5000.000126310628,0.9755864962807553,0.00039999998989515007,10-90% leave-one-period sensitivity; excludes systematic errors,<Ewe>/V,0.0
42.67594996231176,0.058044717488710075,-0.017988925244807323,0.017988925244807323,0.06076833599669675,-17.218989890028187,0.060483982068306096,0.06108193405268254,-17.419778147365143,-17.02026790642649,0.001186114075229617,70.0817936851567,periodic reconstruction FFT,fast PRBS,7,4.194399894040544,5000.000126310628,0.9755864962807553,0.00039999998989515007,10-90% leave-one-period sensitivity; excludes systematic errors,<Ewe>/V,0.0
42.914363090592836,0.05702790292196842,-0.016739660105943,0.016739660105943,0.059433979608805886,-16.358786697375802,0.05908550878351382,0.05978029142064551,-16.84805709091886,-16.033786830683752,0.0012378122583635884,72.6699894878409,periodic reconstruction FFT,fast PRBS,7,4.194399894040544,5000.000126310628,0.9755864962807553,0.00039999998989515007,10-90% leave-one-period sensitivity; excludes systematic errors,<Ewe>/V,0.0
43.1527762188739,0.05591891834589267,-0.017412148249913474,0.017412148249913474,0.05856712674915491,-17.295651766275444,0.05836208766431794,0.05883554241931972,-17.5775921972243,-17.05719458243946,0.0014634291584639369,73.80074099090965,periodic reconstruction FFT,fast PRBS,7,4.194399894040544,5000.000126310628,0.9755864962807553,0.00039999998989515007,10-90% leave-one-period sensitivity; excludes systematic errors,<Ewe>/V,0.0
43.39118934715498,0.05797826884427825,-0.016396611403164882,0.016396611403164882,0.060252207624997466,-15.791229703186001,0.0598362386827085,0.06053520217503769,-16.160768552185207,-15.407435766502614,0.0009022229747783408,73.13483585278074,periodic reconstruction FFT,fast PRBS,7,4.194399894040544,5000.000126310628,0.9755864962807553,0.00039999998989515007,10-90% leave-one-period sensitivity; excludes systematic errors,<Ewe>/V,0.0
43.62960247543605,0.05705323762411825,-0.01677114675008366,0.01677114675008366,0.05946716141457354,-16.381020498326468,0.05897348030380028,0.05997020533216546,-16.699340401762594,-16.03768391835277,0.0013572326002696234,74.45662593614118,periodic reconstruction FFT,fast PRBS,7,4.194399894040544,5000.000126310628,0.9755864962807553,0.00039999998989515007,10-90% leave-one-period sensitivity; excludes systematic errors,<Ewe>/V,0.0
43.86801560371712,0.05725913121428418,-0.01722848433312924,0.01722848433312924,0.059794889245080904,-16.745817678149574,0.05956078770548254,0.060039170871259,-17.077178698126698,-16.41025809080629,0.001642990325490009,76.84435650278911,periodic reconstruction FFT,fast PRBS,7,4.194399894040544,5000.000126310628,0.9755864962807553,0.00039999998989515007,10-90% leave-one-period sensitivity; excludes systematic errors,<Ewe>/V,0.0
44.10642873199819,0.058238855687225866,-0.0166710368191368,0.0166710368191368,0.06057794797104417,-15.97391897946061,0.06025720784204145,0.060890160391549146,-16.42543409808629,-15.454595202993524,0.0009951115788631112,70.63512039509615,periodic reconstruction FFT,fast PRBS,7,4.194399894040544,5000.000126310628,0.9755864962807553,0.00039999998989515007,10-90% leave-one-period sensitivity; excludes systematic errors,<Ewe>/V,0.0
44.34484186027926,0.05816504427106061,-0.018266841596386973,0.018266841596386973,0.06096597310764369,-17.434994374449165,0.06044510280891532,0.061606327799144885,-17.755536025983417,-17.115125357670568,0.0010079272494444625,74.39260124540964,periodic reconstruction FFT,fast PRBS,7,4.194399894040544,5000.000126310628,0.9755864962807553,0.00039999998989515007,10-90% leave-one-period sensitivity; excludes systematic errors,<Ewe>/V,0.0
44.583254988560334,0.05850623123505977,-0.017649635124877012,0.017649635124877012,0.06111046320697934,-16.787041447674568,0.06078249028498632,0.06131484564410318,-16.980929310858798,-16.630506467667995,0.0013469773803926163,71.30728373597368,periodic reconstruction FFT,fast PRBS,7,4.194399894040544,5000.000126310628,0.9755864962807553,0.00039999998989515007,10-90% leave-one-period sensitivity; excludes systematic errors,<Ewe>/V,0.0
44.82166811684141,0.057414546778487625,-0.018386205884401863,0.018386205884401863,0.060286671400922094,-17.756937551552866,0.060034228949571895,0.0605357995047635,-18.035407070593855,-17.41639952225513,0.0012369846633102758,74.41907344473506,periodic reconstruction FFT,fast PRBS,7,4.194399894040544,5000.000126310628,0.9755864962807553,0.00039999998989515007,10-90% leave-one-period sensitivity; excludes systematic errors,<Ewe>/V,0.0
45.060081245122475,0.05679123849092288,-0.018054815377564162,0.018054815377564162,0.05959212303359235,-17.636267398854837,0.05931932490621017,0.05988677647993314,-17.919915127135187,-17.393590858587938,0.0012131680328369943,74.93543184496608,periodic reconstruction FFT,fast PRBS,7,4.194399894040544,5000.000126310628,0.9755864962807553,0.00039999998989515007,10-90% leave-one-period sensitivity; excludes systematic errors,<Ewe>/V,0.0
45.29849437340355,0.057706876514904956,-0.018271640369213072,0.018271640369213072,0.060530458769848645,-17.569270021884293,0.0601730169424041,0.06083347945019278,-17.79049938191695,-17.353303395492016,0.0013167953252856378,70.23928294191003,periodic reconstruction FFT,fast PRBS,7,4.194399894040544,5000.000126310628,0.9755864962807553,0.00039999998989515007,10-90% leave-one-period sensitivity; excludes systematic errors,<Ewe>/V,0.0
45.53690750168462,0.05702855898729889,-0.018917791736668854,0.018917791736668854,0.060084435458443025,-18.351966874681093,0.05893302366694557,0.061071970650022164,-18.628411266018748,-18.12339690676614,0.0007677685347409365,69.82531039406919,periodic reconstruction FFT,fast PRBS,7,4.194399894040544,5000.000126310628,0.9755864962807553,0.00039999998989515007,10-90% leave-one-period sensitivity; excludes systematic errors,<Ewe>/V,0.0
45.77532062996569,0.056021043167840366,-0.017979458324255737,0.017979458324255737,0.058835518177769816,-17.793573561502942,0.05862335895477901,0.058997518556699366,-17.98946215438986,-17.544838606559495,0.0012535593948226178,72.27809798795539,periodic reconstruction FFT,fast PRBS,7,4.194399894040544,5000.000126310628,0.9755864962807553,0.00039999998989515007,10-90% leave-one-period sensitivity; excludes systematic errors,<Ewe>/V,0.0
46.013733758246765,0.05535242986398779,-0.016952642129110858,0.016952642129110858,0.0578902717820999,-17.02811628518182,0.0576863226754266,0.05808124055505013,-17.3926955375074,-16.697027254351546,0.0010546804503061722,71.27905750300175,periodic reconstruction FFT,fast PRBS,7,4.194399894040544,5000.000126310628,0.9755864962807553,0.00039999998989515007,10-90% leave-one-period sensitivity; excludes systematic errors,<Ewe>/V,0.0
46.25214688652783,0.05603857482375169,-0.01768580505016549,0.01768580505016549,0.05876316506579335,-17.515724893052994,0.05841307416109055,0.05900504626378673,-17.845917265750202,-17.283291934671084,0.0013849413096831333,70.35857209110927,periodic reconstruction FFT,fast PRBS,7,4.194399894040544,5000.000126310628,0.9755864962807553,0.00039999998989515007,10-90% leave-one-period sensitivity; excludes systematic errors,<Ewe>/V,0.0
46.490560014808906,0.05561524803556593,-0.017586293841332368,0.017586293841332368,0.058329525500651944,-17.54765904042135,0.0580752971145018,0.05854396974729447,-17.711673947200183,-17.40064915798077,0.001220415958889265,73.85396027638518,periodic reconstruction FFT,fast PRBS,7,4.194399894040544,5000.000126310628,0.9755864962807553,0.00039999998989515007,10-90% leave-one-period sensitivity; excludes systematic errors,<Ewe>/V,0.0
46.72897314308997,0.05736459167869946,-0.01718393318158934,0.01718393318158934,0.059883085575588385,-16.675925975692703,0.05960167067047556,0.06025586697572313,-16.872814318015987,-16.528605375269873,0.0007780025987712478,69.18217098298666,periodic reconstruction FFT,fast PRBS,7,4.194399894040544,5000.000126310628,0.9755864962807553,0.00039999998989515007,10-90% leave-one-period sensitivity; excludes systematic errors,<Ewe>/V,0.0
46.96738627137105,0.057000832236987306,-0.01727202814792367,0.01727202814792367,0.059560203425205314,-16.85752294723256,0.05923816463890317,0.05984852860055544,-17.10712232877772,-16.66618368148734,0.0014340083079584023,76.63177007772414,periodic reconstruction FFT,fast PRBS,7,4.194399894040544,5000.000126310628,0.9755864962807553,0.00039999998989515007,10-90% leave-one-period sensitivity; excludes systematic errors,<Ewe>/V,0.0
47.20579939965212,0.05716794627619441,-0.017244287702727245,0.017244287702727245,0.05971213896530822,-16.785548085654288,0.05950179200420811,0.05986401014686163,-17.076660815399766,-16.498525049154434,0.0015403263654420517,72.87414427303683,periodic reconstruction FFT,fast PRBS,7,4.194399894040544,5000.000126310628,0.9755864962807553,0.00039999998989515007,10-90% leave-one-period sensitivity; excludes systematic errors,<Ewe>/V,0.0
47.44421252793319,0.05749058902986518,-0.01704116164635849,0.01704116164635849,0.059963063774778676,-16.510694759151175,0.05978173339746764,0.06029379748114933,-16.7652967275746,-16.229497656809762,0.0010099653526534794,72.05283198733821,periodic reconstruction FFT,fast PRBS,7,4.194399894040544,5000.000126310628,0.9755864962807553,0.00039999998989515007,10-90% leave-one-period sensitivity; excludes systematic errors,<Ewe>/V,0.0
47.68262565621426,0.05727342615122789,-0.018079970753273455,0.018079970753273455,0.0600593929834408,-17.519769605484754,0.05962089737976173,0.060524986772156224,-17.837756614661863,-17.2797513314284,0.0010330385376703115,70.2587446335828,periodic reconstruction FFT,fast PRBS,7,4.194399894040544,5000.000126310628,0.9755864962807553,0.00039999998989515007,10-90% leave-one-period sensitivity; excludes systematic errors,<Ewe>/V,0.0
47.92103878449533,0.057523098745681574,-0.018921287325719283,0.018921287325719283,0.06055511541866516,-18.20777924762971,0.06028230398113374,0.0608474688757493,-18.490258935607397,-17.967318428517093,0.0011455267834191338,74.79763773037055,periodic reconstruction FFT,fast PRBS,7,4.194399894040544,5000.000126310628,0.9755864962807553,0.00039999998989515007,10-90% leave-one-period sensitivity; excludes systematic errors,<Ewe>/V,0.0
48.159451912776404,0.055562956256161776,-0.019138250892832578,0.019138250892832578,0.05876661258879189,-19.005891362697383,0.058623925374263176,0.05887249476218873,-19.36073756856573,-18.64869209908369,0.0009455267615532891,70.37759687587766,periodic reconstruction FFT,fast PRBS,7,4.194399894040544,5000.000126310628,0.9755864962807553,0.00039999998989515007,10-90% leave-one-period sensitivity; excludes systematic errors,<Ewe>/V,0.0
48.39786504105748,0.05623778105418639,-0.018653244212818415,0.018653244212818415,0.05925058259259271,-18.349923049381175,0.05904222062537648,0.059559220974818056,-18.45742378372085,-18.22308624621085,0.0014051029379385375,75.06033985858349,periodic reconstruction FFT,fast PRBS,7,4.194399894040544,5000.000126310628,0.9755864962807553,0.00039999998989515007,10-90% leave-one-period sensitivity; excludes systematic errors,<Ewe>/V,0.0
48.636278169338546,0.054696025413579284,-0.019900207275438883,0.019900207275438883,0.05820372364074605,-19.993045679954353,0.057937565201350086,0.058666019506250194,-20.627218413412926,-19.314366447325863,0.0008583325402680542,68.54925771816148,periodic reconstruction FFT,fast PRBS,7,4.194399894040544,5000.000126310628,0.9755864962807553,0.00039999998989515007,10-90% leave-one-period sensitivity; excludes systematic errors,<Ewe>/V,0.0
48.87469129761962,0.05428059060444253,-0.01951035093837855,0.01951035093837855,0.05768046731871876,-19.77021956894654,0.05744794811299836,0.058020796467932866,-20.055569341102487,-19.40579980377777,0.0012857741943131397,71.70808519385982,periodic reconstruction FFT,fast PRBS,7,4.194399894040544,5000.000126310628,0.9755864962807553,0.00039999998989515007,10-90% leave-one-period sensitivity; excludes systematic errors,<Ewe>/V,0.0
49.11310442590069,0.05508795193199809,-0.01869862377717483,0.01869862377717483,0.05817491709682499,-18.748865823659063,0.057918644687194674,0.058434544801983276,-19.358184535885187,-18.211395441930133,0.0008935164985680869,67.91221719951635,periodic reconstruction FFT,fast PRBS,7,4.194399894040544,5000.000126310628,0.9755864962807553,0.00039999998989515007,10-90% leave-one-period sensitivity; excludes systematic errors,<Ewe>/V,0.0
49.35151755418176,0.05329234556843145,-0.018433096672106474,0.018433096672106474,0.056390186638353476,-19.079806123136954,0.05594395622316185,0.05695241054245793,-19.430612546646614,-18.636179657884018,0.0011500603755351915,71.72197280285981,periodic reconstruction FFT,fast PRBS,7,4.194399894040544,5000.000126310628,0.9755864962807553,0.00039999998989515007,10-90% leave-one-period sensitivity; excludes systematic errors,<Ewe>/V,0.0
49.589930682462835,0.056498438467786294,-0.017694644527556935,0.017694644527556935,0.05920450991482688,-17.389940717479096,0.05875090787343951,0.05955838411165911,-17.811372524586595,-17.11968707088421,0.0009938648294575824,71.82092007557623,periodic reconstruction FFT,fast PRBS,7,4.194399894040544,5000.000126310628,0.9755864962807553,0.00039999998989515007,10-90% leave-one-period sensitivity; excludes systematic errors,<Ewe>/V,0.0
49.8283438107439,0.05536517118593229,-0.018157471412747008,0.018157471412747008,0.058266593761368196,-18.15733701131415,0.05781340437976468,0.058758305064934235,-18.758781341882017,-17.65211991046031,0.001233697749084695,71.05509616603382,periodic reconstruction FFT,fast PRBS,7,4.194399894040544,5000.000126310628,0.9755864962807553,0.00039999998989515007,10-90% leave-one-period sensitivity; excludes systematic errors,<Ewe>/V,0.0
50.06675693902498,0.05485975119480091,-0.015962303193982078,0.015962303193982078,0.05713481796953649,-16.223181427589058,0.056656787250084155,0.05751490661668949,-16.438369613456107,-15.901267587527258,0.001070951262575035,70.00044283527163,periodic reconstruction FFT,fast PRBS,7,4.194399894040544,5000.000126310628,0.9755864962807553,0.00039999998989515007,10-90% leave-one-period sensitivity; excludes systematic errors,<Ewe>/V,0.0
50.305170067306044,0.056429337921110566,-0.018407774706588883,0.018407774706588883,0.059355845102764905,-18.06680763815144,0.05886370844405402,0.05973234447523321,-18.3117010351097,-17.74872971158432,0.0009000753208149851,71.43473288544777,periodic reconstruction FFT,fast PRBS,7,4.194399894040544,5000.000126310628,0.9755864962807553,0.00039999998989515007,10-90% leave-one-period sensitivity; excludes systematic errors,<Ewe>/V,0.0
50.54358319558712,0.056057243876302426,-0.017458150354508845,0.017458150354508845,0.058712874267982176,-17.298381774957782,0.05843309408471196,0.0589962173719087,-17.44280433348986,-17.154030035822295,0.001387306214733661,74.73384652458388,periodic reconstruction FFT,fast PRBS,7,4.194399894040544,5000.000126310628,0.9755864962807553,0.00039999998989515007,10-90% leave-one-period sensitivity; excludes systematic errors,<Ewe>/V,0.0
50.781996323868185,0.05537197119573949,-0.017165333276461945,0.017165333276461945,0.057971578041259283,-17.223457153893616,0.05783808380115131,0.058061764158187326,-17.3751505606039,-17.063224058608984,0.0011407129599116154,72.615202358097,periodic reconstruction FFT,fast PRBS,7,4.194399894040544,5000.000126310628,0.9755864962807553,0.00039999998989515007,10-90% leave-one-period sensitivity; excludes systematic errors,<Ewe>/V,0.0
51.02040945214926,0.057191778408246845,-0.018994580654071277,0.018994580654071277,0.06026353467663533,-18.37240167033118,0.06014073145963702,0.06041994920690143,-18.670842973553317,-18.057869136289764,0.0010462000627089268,69.89713751261144,periodic reconstruction FFT,fast PRBS,7,4.194399894040544,5000.000126310628,0.9755864962807553,0.00039999998989515007,10-90% leave-one-period sensitivity; excludes systematic errors,<Ewe>/V,0.0
51.25882258043033,0.05548186123574487,-0.01924591964842108,0.01924591964842108,0.05872514239485443,-19.130979913148508,0.058471520754934676,0.05891725038654673,-19.322902671874267,-18.94646406278445,0.001298180537989347,73.22911555412647,periodic reconstruction FFT,fast PRBS,7,4.194399894040544,5000.000126310628,0.9755864962807553,0.00039999998989515007,10-90% leave-one-period sensitivity; excludes systematic errors,<Ewe>/V,0.0
51.4972357087114,0.05534050035779868,-0.019002938571914353,0.019002938571914353,0.05851224362660746,-18.951555379073607,0.058237505021630186,0.05880235190380346,-19.288202636982202,-18.602188952863436,0.0012844337771222576,70.14679736913199,periodic reconstruction FFT,fast PRBS,7,4.194399894040544,5000.000126310628,0.9755864962807553,0.00039999998989515007,10-90% leave-one-period sensitivity; excludes systematic errors,<Ewe>/V,0.0
51.735648836992475,0.05471625343257728,-0.019368823505305267,0.019368823505305267,0.058043257262818136,-19.493283584366825,0.05787175038358052,0.058173703129970875,-19.61116044655185,-19.40165890066473,0.0012109519163349379,69.94935717606873,periodic reconstruction FFT,fast PRBS,7,4.194399894040544,5000.000126310628,0.9755864962807553,0.00039999998989515007,10-90% leave-one-period sensitivity; excludes systematic errors,<Ewe>/V,0.0
51.97406196527354,0.05446384075559887,-0.01919322957182145,0.01919322957182145,0.057746774899104736,-19.412618693115704,0.05744473123775376,0.058122069353229756,-19.69924746404054,-19.129778000424277,0.000983687636940637,71.6480927178767,periodic reconstruction FFT,fast PRBS,7,4.194399894040544,5000.000126310628,0.9755864962807553,0.00039999998989515007,10-90% leave-one-period sensitivity; excludes systematic errors,<Ewe>/V,0.0
52.212475093554616,0.05380661946315229,-0.01822838323151111,0.01822838323151111,0.05681044141077689,-18.715139003046463,0.05657500584222525,0.05714272907227284,-18.996093628305513,-18.396100702733417,0.0010116975616655994,70.5292779543415,periodic reconstruction FFT,fast PRBS,7,4.194399894040544,5000.000126310628,0.9755864962807553,0.00039999998989515007,10-90% leave-one-period sensitivity; excludes systematic errors,<Ewe>/V,0.0
52.45088822183569,0.05414885706554296,-0.01813598720221162,0.01813598720221162,0.057105277806025825,-18.517158237835684,0.05676331245272565,0.05737583135274738,-18.684897674302555,-18.323457079744834,0.0011342237723828141,73.57846421126715,periodic reconstruction FFT,fast PRBS,7,4.194399894040544,5000.000126310628,0.9755864962807553,0.00039999998989515007,10-90% leave-one-period sensitivity; excludes systematic errors,<Ewe>/V,0.0
52.68930135011676,0.054198390388765734,-0.018300883719706,0.018300883719706,0.05720478883498527,-18.65801043683961,0.0569458394649808,0.05740338430513011,-18.80747365099308,-18.524299337993728,0.001418654144366696,74.3692369027955,periodic reconstruction FFT,fast PRBS,7,4.194399894040544,5000.000126310628,0.9755864962807553,0.00039999998989515007,10-90% leave-one-period sensitivity; excludes systematic errors,<Ewe>/V,0.0
52.92771447839783,0.054323062395373864,-0.018065986409568514,0.018065986409568514,0.05724836218585119,-18.395354957429113,0.05708934299643987,0.05743989751052308,-18.553015113830593,-18.20485079980809,0.0012022042910390756,72.49923427606988,periodic reconstruction FFT,fast PRBS,7,4.194399894040544,5000.000126310628,0.9755864962807553,0.00039999998989515007,10-90% leave-one-period sensitivity; excludes systematic errors,<Ewe>/V,0.0
53.1661276066789,0.05488085868169603,-0.018333082881928434,0.018333082881928434,0.0578619959696859,-18.472020662817073,0.05752897302834821,0.058121467010025844,-18.62673961863519,-18.301098118269543,0.0008768753125396811,70.42932197650289,periodic reconstruction FFT,fast PRBS,7,4.194399894040544,5000.000126310628,0.9755864962807553,0.00039999998989515007,10-90% leave-one-period sensitivity; excludes systematic errors,<Ewe>/V,0.0
53.40454073495997,0.05497231180167646,-0.018013069744381494,0.018013069744381494,0.05784829942562433,-18.14269291164103,0.05767324252641538,0.058103805673717084,-18.339842954436367,-17.995074254399523,0.0013182828842791638,73.77537200016857,periodic reconstruction FFT,fast PRBS,7,4.194399894040544,5000.000126310628,0.9755864962807553,0.00039999998989515007,10-90% leave-one-period sensitivity; excludes systematic errors,<Ewe>/V,0.0
53.64295386324105,0.05523217113985687,-0.017815584441434815,0.017815584441434815,0.05803436721299142,-17.877526837199653,0.057911028089944416,0.05822889261491712,-18.02448059230433,-17.776740256909573,0.0012761039057849171,71.8285510919117,periodic reconstruction FFT,fast PRBS,7,4.194399894040544,5000.000126310628,0.9755864962807553,0.00039999998989515007,10-90% leave-one-period sensitivity; excludes systematic errors,<Ewe>/V,0.0
53.881366991522114,0.05547320987695201,-0.018866159049415108,0.018866159049415108,0.058593591555136756,-18.782910063182456,0.058391951012211334,0.05887106893621853,-18.95528674066348,-18.592871093568068,0.000966149841004839,68.68447992231258,periodic reconstruction FFT,fast PRBS,7,4.194399894040544,5000.000126310628,0.9755864962807553,0.00039999998989515007,10-90% leave-one-period sensitivity; excludes systematic errors,<Ewe>/V,0.0
54.11978011980319,0.05503570784914887,-0.01858923114117341,0.01858923114117341,0.05809034905108454,-18.663257447620634,0.05790954950892226,0.05825262013125375,-18.969323815385202,-18.419260669383302,0.0013946876078694754,73.57681746275644,periodic reconstruction FFT,fast PRBS,7,4.194399894040544,5000.000126310628,0.9755864962807553,0.00039999998989515007,10-90% leave-one-period sensitivity; excludes systematic errors,<Ewe>/V,0.0
54.358193248084255,0.05504477472296982,-0.018658945763959704,0.018658945763959704,0.058121282516173774,-18.725507849732544,0.05790952646609709,0.05835737424805027,-18.825691398420048,-18.61726443445592,0.0013202376466826032,73.63766893461882,periodic reconstruction FFT,fast PRBS,7,4.194399894040544,5000.000126310628,0.9755864962807553,0.00039999998989515007,10-90% leave-one-period sensitivity; excludes systematic errors,<Ewe>/V,0.0
54.59660637636533,0.05508192086507454,-0.020186902133899554,0.020186902133899554,0.058664546567326094,-20.127315116666974,0.058444156634501976,0.05890611273131023,-20.457881648493448,-19.706019622212445,0.0010236195007558297,71.98056838633441,periodic reconstruction FFT,fast PRBS,7,4.194399894040544,5000.000126310628,0.9755864962807553,0.00039999998989515007,10-90% leave-one-period sensitivity; excludes systematic errors,<Ewe>/V,0.0
54.835019504646404,0.05438633409292855,-0.01966083712441619,0.01966083712441619,0.05783097658262797,-19.87508847542496,0.05771005180217517,0.058011492947233165,-20.051693968253293,-19.696333541379996,0.0015039082678389441,72.26041069242262,periodic reconstruction FFT,fast PRBS,7,4.194399894040544,5000.000126310628,0.9755864962807553,0.00039999998989515007,10-90% leave-one-period sensitivity; excludes systematic errors,<Ewe>/V,0.0
55.07343263292747,0.053419902350034444,-0.019756759104953742,0.019756759104953742,0.056956259510420694,-20.296355523309316,0.056787412890034535,0.05719564033871984,-20.57515461938093,-19.798432491883798,0.0008609346160372092,70.54140763059081,periodic reconstruction FFT,fast PRBS,7,4.194399894040544,5000.000126310628,0.9755864962807553,0.00039999998989515007,10-90% leave-one-period sensitivity; excludes systematic errors,<Ewe>/V,0.0
55.311845761208545,0.053445492063461685,-0.01955639903912253,0.01955639903912253,0.056911100545350014,-20.098228556482567,0.056701677531044346,0.05713885607374471,-20.365750201632768,-19.89485974991767,0.0012102741346659094,69.6855044588043,periodic reconstruction FFT,fast PRBS,7,4.194399894040544,5000.000126310628,0.9755864962807553,0.00039999998989515007,10-90% leave-one-period sensitivity; excludes systematic errors,<Ewe>/V,0.0
55.55025888948961,0.0538904898144428,-0.01849651276430561,0.01849651276430561,0.05697636243988101,-18.94345384363791,0.05644645216503706,0.057342084052628355,-19.31242823441154,-18.61659216113568,0.0008174187835695078,67.73025138319801,periodic reconstruction FFT,fast PRBS,7,4.194399894040544,5000.000126310628,0.9755864962807553,0.00039999998989515007,10-90% leave-one-period sensitivity; excludes systematic errors,<Ewe>/V,0.0
55.788672017770686,0.053584303697322644,-0.018413663873036955,0.018413663873036955,0.056659867807435725,-18.964726884387733,0.0565276942688694,0.056729842928366546,-19.19914195393377,-18.79905580698141,0.001516340327311346,75.02928358675713,periodic reconstruction FFT,fast PRBS,7,4.194399894040544,5000.000126310628,0.9755864962807553,0.00039999998989515007,10-90% leave-one-period sensitivity; excludes systematic errors,<Ewe>/V,0.0
56.02708514605176,0.053429017555628774,-0.018076421760615066,0.018076421760615066,0.05640405074662037,-18.69201103688597,0.05624904898580561,0.056555729361060035,-18.802079059239766,-18.57060062451001,0.0013654923032308374,75.99610184267105,periodic reconstruction FFT,fast PRBS,7,4.194399894040544,5000.000126310628,0.9755864962807553,0.00039999998989515007,10-90% leave-one-period sensitivity; excludes systematic errors,<Ewe>/V,0.0
56.26549827433283,0.053178537894449,-0.01765917699583449,0.01765917699583449,0.056033948859254584,-18.369953444464464,0.055832096288464146,0.05623015586079278,-18.56866336179751,-18.157637327986386,0.0012850975747349179,73.7827127981624,periodic reconstruction FFT,fast PRBS,7,4.194399894040544,5000.000126310628,0.9755864962807553,0.00039999998989515007,10-90% leave-one-period sensitivity; excludes systematic errors,<Ewe>/V,0.0
56.5039114026139,0.053973041790766035,-0.017968456311130296,0.017968456311130296,0.05688545211521813,-18.41339442269055,0.056615397956597015,0.05713587350996474,-18.585169870917454,-18.247967452811,0.0010716521226021324,69.72107784231574,periodic reconstruction FFT,fast PRBS,7,4.194399894040544,5000.000126310628,0.9755864962807553,0.00039999998989515007,10-90% leave-one-period sensitivity; excludes systematic errors,<Ewe>/V,0.0
56.74232453089497,0.0545827786726127,-0.017936927875016013,0.017936927875016013,0.05745444377258342,-18.191495991981462,0.05724987266738704,0.05767263274032314,-18.41228450297816,-18.051133303258936,0.0010040605609446976,68.31816499878728,periodic reconstruction FFT,fast PRBS,7,4.194399894040544,5000.000126310628,0.9755864962807553,0.00039999998989515007,10-90% leave-one-period sensitivity; excludes systematic errors,<Ewe>/V,0.0
56.98073765917604,0.05390951682941463,-0.017767703094390012,0.017767703094390012,0.05676202320241356,-18.241382326761492,0.056574374245768326,0.056986174557906576,-18.503889488002397,-17.963720180514674,0.0008600501814723162,67.71791469159464,periodic reconstruction FFT,fast PRBS,7,4.194399894040544,5000.000126310628,0.9755864962807553,0.00039999998989515007,10-90% leave-one-period sensitivity; excludes systematic errors,<Ewe>/V,0.0
57.21915078745711,0.053838897059920045,-0.01878030366440695,0.01878030366440695,0.05702040549098194,-19.230001661199882,0.05688400413461558,0.05715483347599367,-19.31769256453793,-19.157955535591544,0.0015752649546775497,76.40123440705307,periodic reconstruction FFT,fast PRBS,7,4.194399894040544,5000.000126310628,0.9755864962807553,0.00039999998989515007,10-90% leave-one-period sensitivity; excludes systematic errors,<Ewe>/V,0.0
57.457563915738184,0.054989029513997006,-0.019471113509568785,0.019471113509568785,0.05833453203886824,-19.498589803869027,0.05809959947010656,0.058729876629853,-19.804855081571443,-19.252381085503185,0.0012152765200592074,71.75649254700792,periodic reconstruction FFT,fast PRBS,7,4.194399894040544,5000.000126310628,0.9755864962807553,0.00039999998989515007,10-90% leave-one-period sensitivity; excludes systematic errors,<Ewe>/V,0.0
57.69597704401926,0.053782838548563,-0.019321941214057937,0.019321941214057937,0.05714832573768285,-19.761256320451,0.05684648014862769,0.05738036212125268,-20.226362821334945,-19.351493235377593,0.0007850372212184995,69.11639743470543,periodic reconstruction FFT,fast PRBS,7,4.194399894040544,5000.000126310628,0.9755864962807553,0.00039999998989515007,10-90% leave-one-period sensitivity; excludes systematic errors,<Ewe>/V,0.0
57.934390172300326,0.05277853752492668,-0.020279535673646692,0.020279535673646692,0.05654054819692503,-21.0186876174768,0.05635761716139409,0.05677039629901408,-21.30667128260634,-20.79725166270198,0.0012221580406428824,72.83620086794775,periodic reconstruction FFT,fast PRBS,7,4.194399894040544,5000.000126310628,0.9755864962807553,0.00039999998989515007,10-90% leave-one-period sensitivity; excludes systematic errors,<Ewe>/V,0.0
58.1728033005814,0.051696058703088694,-0.019614259569704168,0.019614259569704168,0.05529196744465623,-20.77749606126164,0.05503478013259714,0.05553914267025839,-21.017318810881214,-20.60927460223213,0.0011823281886709357,74.47356399495112,periodic reconstruction FFT,fast PRBS,7,4.194399894040544,5000.000126310628,0.9755864962807553,0.00039999998989515007,10-90% leave-one-period sensitivity; excludes systematic errors,<Ewe>/V,0.0
58.41121642886247,0.052635699751621766,-0.020274752886363233,0.020274752886363233,0.05640551828452576,-21.06619317730467,0.05613046496216968,0.05665371405797278,-21.532194393450695,-20.780596574681812,0.0011419872681033174,71.26287478711271,periodic reconstruction FFT,fast PRBS,7,4.194399894040544,5000.000126310628,0.9755864962807553,0.00039999998989515007,10-90% leave-one-period sensitivity; excludes systematic errors,<Ewe>/V,0.0
58.64962955714354,0.05137172191991639,-0.019231726705001846,0.019231726705001846,0.05485356073285579,-20.524094368774016,0.05467790116958475,0.05504907450779127,-20.766740732398162,-20.224633886864684,0.0009751117517744295,69.58765972593467,periodic reconstruction FFT,fast PRBS,7,4.194399894040544,5000.000126310628,0.9755864962807553,0.00039999998989515007,10-90% leave-one-period sensitivity; excludes systematic errors,<Ewe>/V,0.0
58.888042685424615,0.052072022048394805,-0.019205475362556713,0.019205475362556713,0.05550086273302684,-20.24524665079606,0.05521898518718154,0.05576430586715859,-20.559998564300315,-19.992204285540247,0.0010428808030909723,71.86372131029684,periodic reconstruction FFT,fast PRBS,7,4.194399894040544,5000.000126310628,0.9755864962807553,0.00039999998989515007,10-90% leave-one-period sensitivity; excludes systematic errors,<Ewe>/V,0.0
59.12645581370568,0.05238306554302768,-0.017850351105387862,0.017850351105387862,0.055340948584847685,-18.817348532783697,0.05508850717073838,0.05557894932275412,-19.121285030627238,-18.47697213756015,0.0010157827501561588,66.84990428080444,periodic reconstruction FFT,fast PRBS,7,4.194399894040544,5000.000126310628,0.9755864962807553,0.00039999998989515007,10-90% leave-one-period sensitivity; excludes systematic errors,<Ewe>/V,0.0
59.36486894198676,0.05237979653237344,-0.01770685515030647,0.01770685515030647,0.0552917335963232,-18.677691689649002,0.05505742851539476,0.055511712627263565,-19.024288696706833,-18.2403843363571,0.0009831982777480665,69.45278143774969,periodic reconstruction FFT,fast PRBS,7,4.194399894040544,5000.000126310628,0.9755864962807553,0.00039999998989515007,10-90% leave-one-period sensitivity; excludes systematic errors,<Ewe>/V,0.0
59.603282070267824,0.05204628574704956,-0.018463708200402197,0.018463708200402197,0.055224309688516104,-19.532422451063837,0.05504073198431047,0.055391509658769364,-19.696204658267444,-19.338222989945567,0.0009051419713830801,74.73504941447078,periodic reconstruction FFT,fast PRBS,7,4.194399894040544,5000.000126310628,0.9755864962807553,0.00039999998989515007,10-90% leave-one-period sensitivity; excludes systematic errors,<Ewe>/V,0.0
59.8416951985489,0.052533743254070585,-0.017659734548121177,0.017659734548121177,0.05542256223411826,-18.580577060466087,0.05519776888070737,0.05560585305262753,-18.674506867367406,-18.513501888266568,0.0013566773872551825,72.79749290482818,periodic reconstruction FFT,fast PRBS,7,4.194399894040544,5000.000126310628,0.9755864962807553,0.00039999998989515007,10-90% leave-one-period sensitivity; excludes systematic errors,<Ewe>/V,0.0
60.08010832682997,0.052644152072931626,-0.01791917135305284,0.01791917135305284,0.05561028186817633,-18.79769832619825,0.05537877517547969,0.05585820005790092,-19.166047995630123,-18.404078629695313,0.0007350747770539019,68.03905323644545,periodic reconstruction FFT,fast PRBS,7,4.194399894040544,5000.000126310628,0.9755864962807553,0.00039999998989515007,10-90% leave-one-period sensitivity; excludes systematic errors,<Ewe>/V,0.0
60.31852145511104,0.05335641218831313,-0.018449604160327166,0.018449604160327166,0.05645613000624407,-19.074384906686863,0.05625895886428266,0.056706013339911134,-19.223088960328457,-18.91886495454688,0.0012629017973044868,72.80183939502913,periodic reconstruction FFT,fast PRBS,7,4.194399894040544,5000.000126310628,0.9755864962807553,0.00039999998989515007,10-90% leave-one-period sensitivity; excludes systematic errors,<Ewe>/V,0.0
60.55693458339211,0.05317879344471253,-0.019266099109274386,0.019266099109274386,0.05656117614692771,-19.914901508769706,0.056479711611166133,0.0566713268034968,-20.076433365873598,-19.73919546378249,0.0015016066729014264,73.61802810604412,periodic reconstruction FFT,fast PRBS,7,4.194399894040544,5000.000126310628,0.9755864962807553,0.00039999998989515007,10-90% leave-one-period sensitivity; excludes systematic errors,<Ewe>/V,0.0
60.79534771167318,0.05323564035406597,-0.018855743928855827,0.018855743928855827,0.05647630018882292,-19.503839582928677,0.056175483619832045,0.0568111807825865,-19.6037299455211,-19.36871316749197,0.0011439347716300093,71.95870532292231,periodic reconstruction FFT,fast PRBS,7,4.194399894040544,5000.000126310628,0.9755864962807553,0.00039999998989515007,10-90% leave-one-period sensitivity; excludes systematic errors,<Ewe>/V,0.0
61.033760839954255,0.052841783855342404,-0.01981698814843198,0.01981698814843198,0.056435513112665314,-20.55729925625255,0.05614960013714991,0.05673403473204489,-20.962811861290163,-20.17806627617895,0.0009087521712395341,69.17088101587684,periodic reconstruction FFT,fast PRBS,7,4.194399894040544,5000.000126310628,0.9755864962807553,0.00039999998989515007,10-90% leave-one-period sensitivity; excludes systematic errors,<Ewe>/V,0.0
61.27217396823533,0.05138680910151301,-0.020306002321876716,0.020306002321876716,0.05525339699902082,-21.561940690648456,0.0550649126374112,0.055390914316899444,-21.882255880233657,-21.21892381641835,0.0011658774230127102,75.30733565196107,periodic reconstruction FFT,fast PRBS,7,4.194399894040544,5000.000126310628,0.9755864962807553,0.00039999998989515007,10-90% leave-one-period sensitivity; excludes systematic errors,<Ewe>/V,0.0
61.510587096516396,0.053015434529907764,-0.018906068846317015,0.018906068846317015,0.05628566191861489,-19.626967764912866,0.055962013682360125,0.05655886875848307,-19.83631885414949,-19.423389108152456,0.0008398149397614843,69.9553822885676,periodic reconstruction FFT,fast PRBS,7,4.194399894040544,5000.000126310628,0.9755864962807553,0.00039999998989515007,10-90% leave-one-period sensitivity; excludes systematic errors,<Ewe>/V,0.0
61.74900022479747,0.05269701607278157,-0.019716591412997087,0.019716591412997087,0.05626472678261284,-20.513338881108698,0.056051758972112224,0.05655078545780437,-20.611013039579472,-20.40940342779426,0.001324540657922828,73.14437953169171,periodic reconstruction FFT,fast PRBS,7,4.194399894040544,5000.000126310628,0.9755864962807553,0.00039999998989515007,10-90% leave-one-period sensitivity; excludes systematic errors,<Ewe>/V,0.0
61.98741335307854,0.05184968948838795,-0.019511954221438116,0.019511954221438116,0.0553995185681405,-20.622205504872486,0.055206000655366426,0.05574693832102295,-20.910656597346705,-20.268157240021427,0.0011377373676254607,71.7189876841056,periodic reconstruction FFT,fast PRBS,7,4.194399894040544,5000.000126310628,0.9755864962807553,0.00039999998989515007,10-90% leave-one-period sensitivity; excludes systematic errors,<Ewe>/V,0.0
62.22582648135961,0.050866869599328006,-0.019564687924840663,0.019564687924840663,0.054499682902118304,-21.03800881330727,0.054382411393176865,0.05463798719339309,-21.335746137112373,-20.72299138711401,0.0010273787190158046,73.34549661619522,periodic reconstruction FFT,fast PRBS,7,4.194399894040544,5000.000126310628,0.9755864962807553,0.00039999998989515007,10-90% leave-one-period sensitivity; excludes systematic errors,<Ewe>/V,0.0
62.464239609640686,0.050718709943515156,-0.018478628998750957,0.018478628998750957,0.053980063616189844,-20.01848032802425,0.05378154730081062,0.05420619061096301,-20.141130777225534,-19.92488744727364,0.0011991710866748853,73.23836205253183,periodic reconstruction FFT,fast PRBS,7,4.194399894040544,5000.000126310628,0.9755864962807553,0.00039999998989515007,10-90% leave-one-period sensitivity; excludes systematic errors,<Ewe>/V,0.0
62.70265273792175,0.05261316096799336,-0.016583765791827007,0.016583765791827007,0.05516489821328552,-17.494948021988236,0.05483660856149342,0.05542565072835159,-17.75504741004966,-17.186387228990142,0.0005683307516419153,66.42139297963233,periodic reconstruction FFT,fast PRBS,7,4.194399894040544,5000.000126310628,0.9755864962807553,0.00039999998989515007,10-90% leave-one-period sensitivity; excludes systematic errors,<Ewe>/V,0.0
62.94106586620283,0.05187592317897873,-0.01809356626203246,0.01809356626203246,0.05494077307200784,-19.22802753493673,0.054778272656647045,0.05510267463037607,-19.48705050087929,-19.02259219906299,0.0013321903628532355,71.19049487612511,periodic reconstruction FFT,fast PRBS,7,4.194399894040544,5000.000126310628,0.9755864962807553,0.00039999998989515007,10-90% leave-one-period sensitivity; excludes systematic errors,<Ewe>/V,0.0
63.179478994483894,0.051883693457300505,-0.01807149157048628,0.01807149157048628,0.05494084504586077,-19.203622203907635,0.05475205477527222,0.05515823435658324,-19.33158261735901,-19.068936430716494,0.0013101120977765067,72.95373059730161,periodic reconstruction FFT,fast PRBS,7,4.194399894040544,5000.000126310628,0.9755864962807553,0.00039999998989515007,10-90% leave-one-period sensitivity; excludes systematic errors,<Ewe>/V,0.0
63.41789212276497,0.05266597453645579,-0.01772907984825438,0.01772907984825438,0.05557000221468764,-18.604906750829993,0.05491457638847441,0.05624608603832443,-18.841220873139598,-18.23667762389351,0.00044978413240255306,64.57546484070413,periodic reconstruction FFT,fast PRBS,7,4.194399894040544,5000.000126310628,0.9755864962807553,0.00039999998989515007,10-90% leave-one-period sensitivity; excludes systematic errors,<Ewe>/V,0.0
63.65630525104604,0.05294930086677656,-0.01875521968298512,0.01875521968298512,0.05617282908700128,-19.504700553783348,0.05578115893106938,0.056435356133205175,-19.680100781481936,-19.331440589476006,0.00122251344852377,71.19800795435063,periodic reconstruction FFT,fast PRBS,7,4.194399894040544,5000.000126310628,0.9755864962807553,0.00039999998989515007,10-90% leave-one-period sensitivity; excludes systematic errors,<Ewe>/V,0.0
63.89471837932711,0.052187329164484826,-0.019269717627157568,0.019269717627157568,0.055631280254481615,-20.26622879926177,0.055538882380296965,0.055762980257178185,-20.331313425671564,-20.17354667792808,0.001646480324027786,75.40723743492508,periodic reconstruction FFT,fast PRBS,7,4.194399894040544,5000.000126310628,0.9755864962807553,0.00039999998989515007,10-90% leave-one-period sensitivity; excludes systematic errors,<Ewe>/V,0.0
64.13313150760818,0.05187498824046413,-0.02006822561799583,0.02006822561799583,0.05562147143327903,-21.14933347828083,0.055391102818594294,0.05581602536631828,-21.554077734783025,-20.83655327683635,0.0007937561307265475,70.07913118282603,periodic reconstruction FFT,fast PRBS,7,4.194399894040544,5000.000126310628,0.9755864962807553,0.00039999998989515007,10-90% leave-one-period sensitivity; excludes systematic errors,<Ewe>/V,0.0
64.37154463588925,0.05202283491555226,-0.01953239384937038,0.01953239384937038,0.05556878406207685,-20.579052120806356,0.05528823912561771,0.055865118552565,-20.851652949196332,-20.162578792817513,0.00109654207849676,71.64520550897785,periodic reconstruction FFT,fast PRBS,7,4.194399894040544,5000.000126310628,0.9755864962807553,0.00039999998989515007,10-90% leave-one-period sensitivity; excludes systematic errors,<Ewe>/V,0.0
64.60995776417032,0.05127472266577849,-0.01960421563699115,0.01960421563699115,0.054894648693603526,-20.923697073199065,0.05466978816125159,0.05512889959704217,-21.119180086392017,-20.725968440146808,0.0014272850825071358,77.03920771838463,periodic reconstruction FFT,fast PRBS,7,4.194399894040544,5000.000126310628,0.9755864962807553,0.00039999998989515007,10-90% leave-one-period sensitivity; excludes systematic errors,<Ewe>/V,0.0
64.8483708924514,0.05096028904114515,-0.0195537864264575,0.0195537864264575,0.05458297924049742,-20.99212512570288,0.054411208736737104,0.054798532307590034,-21.16498809910035,-20.81719099794077,0.0014755982011845534,76.49809848288,periodic reconstruction FFT,fast PRBS,7,4.194399894040544,5000.000126310628,0.9755864962807553,0.00039999998989515007,10-90% leave-one-period sensitivity; excludes systematic errors,<Ewe>/V,0.0
65.08678402073247,0.05079718596565646,-0.01875453650861602,0.01875453650861602,0.05414874644608587,-20.264359879533192,0.0540361408411809,0.05425293943411533,-20.35295742376987,-20.152313431699568,0.0012082693439821642,73.05585988204429,periodic reconstruction FFT,fast PRBS,7,4.194399894040544,5000.000126310628,0.9755864962807553,0.00039999998989515007,10-90% leave-one-period sensitivity; excludes systematic errors,<Ewe>/V,0.0
65.32519714901353,0.050423711696456236,-0.018876491478291856,0.018876491478291856,0.05384117970269005,-20.523761235634463,0.053491901975354916,0.0542212125823733,-20.67718013337006,-20.36563396656697,0.0011027243240587378,74.09106781087816,periodic reconstruction FFT,fast PRBS,7,4.194399894040544,5000.000126310628,0.9755864962807553,0.00039999998989515007,10-90% leave-one-period sensitivity; excludes systematic errors,<Ewe>/V,0.0
65.56361027729461,0.050699644651297913,-0.018127450542473448,0.018127450542473448,0.05384290511235163,-19.67430227328296,0.05364238700599696,0.05405185386404808,-19.991333589198042,-19.471445849760876,0.001054733947105742,70.78384903025578,periodic reconstruction FFT,fast PRBS,7,4.194399894040544,5000.000126310628,0.9755864962807553,0.00039999998989515007,10-90% leave-one-period sensitivity; excludes systematic errors,<Ewe>/V,0.0
65.80202340557568,0.05088231519152808,-0.01887071668726515,0.01887071668726515,0.05426890405693703,-20.348298773195946,0.054036363584088885,0.054447177756517945,-20.574957837390826,-20.147232762366855,0.0013996074779890181,69.42275344802403,periodic reconstruction FFT,fast PRBS,7,4.194399894040544,5000.000126310628,0.9755864962807553,0.00039999998989515007,10-90% leave-one-period sensitivity; excludes systematic errors,<Ewe>/V,0.0
66.04043653385675,0.051975871095234806,-0.01876795348910539,0.01876795348910539,0.05526053975738644,-19.854130857093338,0.05504745746672967,0.0554865007171227,-20.138825565846805,-19.59676087152433,0.001108483162860878,68.82643296658958,periodic reconstruction FFT,fast PRBS,7,4.194399894040544,5000.000126310628,0.9755864962807553,0.00039999998989515007,10-90% leave-one-period sensitivity; excludes systematic errors,<Ewe>/V,0.0
66.27884966213783,0.05262630651010338,-0.01799512116932573,0.01799512116932573,0.055617915484078184,-18.877690002438097,0.055174149333109275,0.05612298291368565,-19.192583673007128,-18.41356062939454,0.0007699391223192049,67.25662714940385,periodic reconstruction FFT,fast PRBS,7,4.194399894040544,5000.000126310628,0.9755864962807553,0.00039999998989515007,10-90% leave-one-period sensitivity; excludes systematic errors,<Ewe>/V,0.0
66.5172627904189,0.05171997444631605,-0.017940865169893818,0.017940865169893818,0.05474331374489394,-19.13087510630951,0.05440912745588851,0.05503372621211617,-19.507675475485936,-18.76664505592074,0.0009479155019128725,68.47789629271729,periodic reconstruction FFT,fast PRBS,7,4.194399894040544,5000.000126310628,0.9755864962807553,0.00039999998989515007,10-90% leave-one-period sensitivity; excludes systematic errors,<Ewe>/V,0.0
66.75567591869996,0.05135665316165886,-0.018064728614253664,0.018064728614253664,0.05444116313850724,-19.37934837987153,0.05410231233669809,0.05466599828023639,-19.84128349427033,-18.99355693519665,0.0009031662757895063,71.53402150619283,periodic reconstruction FFT,fast PRBS,7,4.194399894040544,5000.000126310628,0.9755864962807553,0.00039999998989515007,10-90% leave-one-period sensitivity; excludes systematic errors,<Ewe>/V,0.0
66.99408904698103,0.052039104044248684,-0.019091775352325147,0.019091775352325147,0.05543071563521249,-20.146755872349413,0.05527172525369568,0.05559855142549385,-20.248212479977475,-20.04798770910178,0.0012632126040871435,74.98736880614717,periodic reconstruction FFT,fast PRBS,7,4.194399894040544,5000.000126310628,0.9755864962807553,0.00039999998989515007,10-90% leave-one-period sensitivity; excludes systematic errors,<Ewe>/V,0.0
67.23250217526211,0.05126638419207892,-0.01940609473544514,0.01940609473544514,0.05481640868399636,-20.733382925881276,0.05454833880531479,0.05504850242258574,-20.905135328153012,-20.601101896928412,0.0013228708262726806,75.5014278788987,periodic reconstruction FFT,fast PRBS,7,4.194399894040544,5000.000126310628,0.9755864962807553,0.00039999998989515007,10-90% leave-one-period sensitivity; excludes systematic errors,<Ewe>/V,0.0
67.47091530354318,0.051506285845779896,-0.019921512184975197,0.019921512184975197,0.05522466957224191,-21.14538736220909,0.054982587256527916,0.05547472395727691,-21.56859479334836,-20.77986234545498,0.0010385124351051341,70.12795819540439,periodic reconstruction FFT,fast PRBS,7,4.194399894040544,5000.000126310628,0.9755864962807553,0.00039999998989515007,10-90% leave-one-period sensitivity; excludes systematic errors,<Ewe>/V,0.0
67.70932843182425,0.05021837785055328,-0.020070510536984335,0.020070510536984335,0.05408059603181292,-21.784843785347,0.05391289061651596,0.05429337272648106,-22.05526135956527,-21.50255070690878,0.0011931800751223563,72.11930973548098,periodic reconstruction FFT,fast PRBS,7,4.194399894040544,5000.000126310628,0.9755864962807553,0.00039999998989515007,10-90% leave-one-period sensitivity; excludes systematic errors,<Ewe>/V,0.0
67.94774156010533,0.05095627206455101,-0.01954346969657868,0.01954346969657868,0.05457553362540425,-20.983523793160035,0.05437142961387895,0.0547893383247859,-21.31829023895609,-20.709429491925484,0.0013277165660917115,71.36610272585312,periodic reconstruction FFT,fast PRBS,7,4.194399894040544,5000.000126310628,0.9755864962807553,0.00039999998989515007,10-90% leave-one-period sensitivity; excludes systematic errors,<Ewe>/V,0.0
68.1861546883864,0.04990149092730605,-0.01995373497100023,0.01995373497100023,0.05374300267068193,-21.794617693291656,0.053464722228991415,0.0539693251262059,-22.052839871364217,-21.61614008816849,0.0010580958135635798,72.84179862871376,periodic reconstruction FFT,fast PRBS,7,4.194399894040544,5000.000126310628,0.9755864962807553,0.00039999998989515007,10-90% leave-one-period sensitivity; excludes systematic errors,<Ewe>/V,0.0
68.42456781666746,0.04972151031352715,-0.01923001821805675,0.01923001821805675,0.053310619847503,-21.144202967773804,0.05303121115967009,0.05357616400195477,-21.397753334738834,-20.809744145282266,0.0011308805254282535,70.21014796603781,periodic reconstruction FFT,fast PRBS,7,4.194399894040544,5000.000126310628,0.9755864962807553,0.00039999998989515007,10-90% leave-one-period sensitivity; excludes systematic errors,<Ewe>/V,0.0
68.66298094494854,0.050075325121575934,-0.018488008672250682,0.018488008672250682,0.053379252998676845,-20.26434603312556,0.05317124675015101,0.05357681526327755,-20.533471218217453,-19.907849925116565,0.001250521787907658,71.816677210987,periodic reconstruction FFT,fast PRBS,7,4.194399894040544,5000.000126310628,0.9755864962807553,0.00039999998989515007,10-90% leave-one-period sensitivity; excludes systematic errors,<Ewe>/V,0.0
68.90139407322961,0.050973986322526324,-0.01864938762606533,0.01864938762606533,0.05427842057794552,-20.095596238696537,0.05363006945161268,0.05486003141429436,-20.479394057158554,-19.751792486959122,0.000561588947665333,66.28262388426992,periodic reconstruction FFT,fast PRBS,7,4.194399894040544,5000.000126310628,0.9755864962807553,0.00039999998989515007,10-90% leave-one-period sensitivity; excludes systematic errors,<Ewe>/V,0.0
69.13980720151068,0.05084332120383646,-0.018572895207460322,0.018572895207460322,0.05412943512936181,-20.067079611899775,0.05370784669403768,0.05448728540415811,-20.358497279359224,-19.724236756448924,0.001145878195110129,71.66652588798316,periodic reconstruction FFT,fast PRBS,7,4.194399894040544,5000.000126310628,0.9755864962807553,0.00039999998989515007,10-90% leave-one-period sensitivity; excludes systematic errors,<Ewe>/V,0.0
69.37822032979174,0.05033149330715448,-0.01826368477189727,0.01826368477189727,0.05354270631911847,-19.9442108626854,0.053076773363484375,0.05386032064041269,-20.252440502906158,-19.657261787430713,0.001162073569303044,74.92633169371322,periodic reconstruction FFT,fast PRBS,7,4.194399894040544,5000.000126310628,0.9755864962807553,0.00039999998989515007,10-90% leave-one-period sensitivity; excludes systematic errors,<Ewe>/V,0.0
69.61663345807283,0.05091445751971022,-0.018508374333473847,0.018508374333473847,0.05417418116588722,-19.977168833630937,0.05393890474551629,0.05431975478405042,-20.281711723604957,-19.713941339541,0.0012946186536854662,70.9890433708564,periodic reconstruction FFT,fast PRBS,7,4.194399894040544,5000.000126310628,0.9755864962807553,0.00039999998989515007,10-90% leave-one-period sensitivity; excludes systematic errors,<Ewe>/V,0.0
69.8550465863539,0.05146055029381418,-0.019430272427278458,0.019430272427278458,0.055006578907803715,-20.68533651736904,0.05454972705615895,0.05535988816735502,-21.15401392794303,-20.205827227733494,0.0006625537590993038,68.36953109584412,periodic reconstruction FFT,fast PRBS,7,4.194399894040544,5000.000126310628,0.9755864962807553,0.00039999998989515007,10-90% leave-one-period sensitivity; excludes systematic errors,<Ewe>/V,0.0
70.09345971463496,0.05092675478718738,-0.019275496194339582,0.019275496194339582,0.05445253994711645,-20.731378277429446,0.0541686596412124,0.054727402163050436,-21.00735092506871,-20.568882585909126,0.001015917331840573,74.16707472099729,periodic reconstruction FFT,fast PRBS,7,4.194399894040544,5000.000126310628,0.9755864962807553,0.00039999998989515007,10-90% leave-one-period sensitivity; excludes systematic errors,<Ewe>/V,0.0
70.33187284291604,0.0508004022381647,-0.01974522767222227,0.01974522767222227,0.054502797023521836,-21.240233347551857,0.054272247293405025,0.054859398054736885,-21.57026766981597,-20.986364157147626,0.0011495404264102213,71.90353691208018,periodic reconstruction FFT,fast PRBS,7,4.194399894040544,5000.000126310628,0.9755864962807553,0.00039999998989515007,10-90% leave-one-period sensitivity; excludes systematic errors,<Ewe>/V,0.0
70.57028597119711,0.05048446063781598,-0.01981793996384378,0.01981793996384378,0.05423496575366953,-21.432750162421588,0.05398538393290352,0.05446301155885545,-21.743652057973975,-21.03410385208334,0.0008699265098675417,69.04114474689365,periodic reconstruction FFT,fast PRBS,7,4.194399894040544,5000.000126310628,0.9755864962807553,0.00039999998989515007,10-90% leave-one-period sensitivity; excludes systematic errors,<Ewe>/V,0.0
70.80869909947818,0.04913514278642154,-0.020793510749372145,0.020793510749372145,0.053353840966947154,-22.937605000299875,0.053174986762035324,0.053543370264085954,-23.30350779357429,-22.460432026085186,0.000915803831919524,70.65029422933509,periodic reconstruction FFT,fast PRBS,7,4.194399894040544,5000.000126310628,0.9755864962807553,0.00039999998989515007,10-90% leave-one-period sensitivity; excludes systematic errors,<Ewe>/V,0.0
71.04711222775924,0.0494961834686172,-0.020017040757299574,0.020017040757299574,0.05339058061716886,-22.01918816874948,0.053151989023743976,0.053562517439263276,-22.275042367902564,-21.79728250359829,0.001003235640673284,74.58345186807658,periodic reconstruction FFT,fast PRBS,7,4.194399894040544,5000.000126310628,0.9755864962807553,0.00039999998989515007,10-90% leave-one-period sensitivity; excludes systematic errors,<Ewe>/V,0.0
71.28552535604032,0.04895152078240757,-0.019753581957432854,0.019753581957432854,0.052786886506588894,-21.97572987947011,0.05242210808467392,0.05309867528699013,-22.261061791170313,-21.67234628413604,0.001036788393425564,70.23208086856694,periodic reconstruction FFT,fast PRBS,7,4.194399894040544,5000.000126310628,0.9755864962807553,0.00039999998989515007,10-90% leave-one-period sensitivity; excludes systematic errors,<Ewe>/V,0.0
71.52393848432139,0.049723581448192875,-0.01970601560099629,0.01970601560099629,0.053486087937909425,-21.61898082475543,0.053286120268647374,0.05373103181755998,-21.975659358704426,-21.252482989516647,0.0012783028775002095,73.93503302095286,periodic reconstruction FFT,fast PRBS,7,4.194399894040544,5000.000126310628,0.9755864962807553,0.00039999998989515007,10-90% leave-one-period sensitivity; excludes systematic errors,<Ewe>/V,0.0
71.76235161260246,0.04915883677262243,-0.01805137898880484,0.01805137898880484,0.052368344600863606,-20.16349609281136,0.05199752760463949,0.05278896263614826,-20.83290412703643,-19.603599909656847,0.0008160635851152196,69.24520898587457,periodic reconstruction FFT,fast PRBS,7,4.194399894040544,5000.000126310628,0.9755864962807553,0.00039999998989515007,10-90% leave-one-period sensitivity; excludes systematic errors,<Ewe>/V,0.0
72.00076474088354,0.04954506631407888,-0.01894945806521618,0.01894945806521618,0.053045221811505894,-20.930309204254932,0.052809404347002334,0.05339109694955671,-21.09319777001219,-20.677276307325755,0.0015288543923466318,76.5144565507594,periodic reconstruction FFT,fast PRBS,7,4.194399894040544,5000.000126310628,0.9755864962807553,0.00039999998989515007,10-90% leave-one-period sensitivity; excludes systematic errors,<Ewe>/V,0.0
72.2391778691646,0.04835333700375315,-0.017975836624753213,0.017975836624753213,0.05158658645189021,-20.393120764103756,0.05134974474027699,0.051900041720057376,-20.84912669469491,-19.87365839883162,0.0010155307479252974,70.2989185599618,periodic reconstruction FFT,fast PRBS,7,4.194399894040544,5000.000126310628,0.9755864962807553,0.00039999998989515007,10-90% leave-one-period sensitivity; excludes systematic errors,<Ewe>/V,0.0
72.47759099744567,0.04977309139519915,-0.018617954458599584,0.018617954458599584,0.05314121616276143,-20.508642868806074,0.0529768844968348,0.053387671118411965,-20.835950695376845,-20.216434462522034,0.0011997340146589143,71.98458348266996,periodic reconstruction FFT,fast PRBS,7,4.194399894040544,5000.000126310628,0.9755864962807553,0.00039999998989515007,10-90% leave-one-period sensitivity; excludes systematic errors,<Ewe>/V,0.0
72.71600412572676,0.0510332830891025,-0.0192443955512164,0.0192443955512164,0.05454120225099694,-20.661208203444733,0.05404659186130838,0.05513168353845735,-21.943518239830148,-19.900160258702616,0.0008076643926804974,65.87202055376525,periodic reconstruction FFT,fast PRBS,7,4.194399894040544,5000.000126310628,0.9755864962807553,0.00039999998989515007,10-90% leave-one-period sensitivity; excludes systematic errors,<Ewe>/V,0.0
72.95441725400782,0.04978419925535725,-0.018637405054438914,0.018637405054438914,0.05315843642038711,-20.524084061947345,0.05259932985675398,0.05369257224898914,-21.047064425330984,-20.04485467137269,0.0010632127793033064,69.61250305845981,periodic reconstruction FFT,fast PRBS,7,4.194399894040544,5000.000126310628,0.9755864962807553,0.00039999998989515007,10-90% leave-one-period sensitivity; excludes systematic errors,<Ewe>/V,0.0
73.19283038228889,0.050281129618917036,-0.01891488547877142,0.01891488547877142,0.053721177280746324,-20.615425783950542,0.05303537692671472,0.05430029795233901,-21.154541847219186,-20.094427516688945,0.0012478840112041692,72.30232374783846,periodic reconstruction FFT,fast PRBS,7,4.194399894040544,5000.000126310628,0.9755864962807553,0.00039999998989515007,10-90% leave-one-period sensitivity; excludes systematic errors,<Ewe>/V,0.0
73.43124351056996,0.050044919274251864,-0.019729395045556705,0.019729395045556705,0.05379352167343223,-21.5160313841845,0.05331787855030517,0.054274777188644534,-22.1155863999336,-20.932704097551518,0.0011348078974557972,73.04532320716228,periodic reconstruction FFT,fast PRBS,7,4.194399894040544,5000.000126310628,0.9755864962807553,0.00039999998989515007,10-90% leave-one-period sensitivity; excludes systematic errors,<Ewe>/V,0.0
73.66965663885104,0.05065090015309745,-0.019115945099089645,0.019115945099089645,0.05413809235049252,-20.676799066392423,0.05341398077634511,0.055119747117126576,-22.037826700743494,-19.13134338858032,0.0010082780707335764,66.86246683171666,periodic reconstruction FFT,fast PRBS,7,4.194399894040544,5000.000126310628,0.9755864962807553,0.00039999998989515007,10-90% leave-one-period sensitivity; excludes systematic errors,<Ewe>/V,0.0
73.9080697671321,0.05121963500587264,-0.022238076904687883,0.022238076904687883,0.05583890287741716,-23.469084594544167,0.05366541359588166,0.05782001607128977,-24.833370119644737,-22.12557991784645,0.0009888353524585883,71.88909286090303,periodic reconstruction FFT,fast PRBS,7,4.194399894040544,5000.000126310628,0.9755864962807553,0.00039999998989515007,10-90% leave-one-period sensitivity; excludes systematic errors,<Ewe>/V,0.0
74.14648289541317,0.05087571473529836,-0.02086414502842303,0.02086414502842303,0.05498773406492147,-22.2985479254497,0.05183933845349019,0.05720173681755804,-23.575039051071226,-20.62546912819275,0.0010627800112684683,68.06698777767541,periodic reconstruction FFT,fast PRBS,7,4.194399894040544,5000.000126310628,0.9755864962807553,0.00039999998989515007,10-90% leave-one-period sensitivity; excludes systematic errors,<Ewe>/V,0.0
74.38489602369425,0.05274065907849124,-0.019434798374291722,0.019434798374291722,0.05620754849558031,-20.228713440928047,0.05330092625022666,0.05860198885628053,-22.942561262419897,-18.160517919510387,0.001062572405988204,69.9394765950977,periodic reconstruction FFT,fast PRBS,7,4.194399894040544,5000.000126310628,0.9755864962807553,0.00039999998989515007,10-90% leave-one-period sensitivity; excludes systematic errors,<Ewe>/V,0.0
74.62330915197532,0.047993326280111666,-0.018266415281123816,0.018266415281123816,0.051351935646592045,-20.836986698627385,0.05024421262954642,0.052608585672357176,-22.667756483836715,-19.283235801089806,0.0014849955928619549,70.58929671747545,periodic reconstruction FFT,fast PRBS,7,4.194399894040544,5000.000126310628,0.9755864962807553,0.00039999998989515007,10-90% leave-one-period sensitivity; excludes systematic errors,<Ewe>/V,0.0
74.86172228025639,0.044188411011298584,-0.015256370278354506,0.015256370278354506,0.04674796788924319,-19.047606071677222,0.045061925917701334,0.048373968764227185,-20.8539814033782,-17.27781309270801,0.0012402806863455148,68.06691096220173,periodic reconstruction FFT,fast PRBS,7,4.194399894040544,5000.000126310628,0.9755864962807553,0.00039999998989515007,10-90% leave-one-period sensitivity; excludes systematic errors,<Ewe>/V,0.0
75.10013540853747,0.046891777882746254,-0.016517544105593165,0.016517544105593165,0.04971587368522277,-19.40472030613762,0.04697024477094814,0.0527843718710902,-23.056647717208463,-14.577936398581112,0.0012129203203027137,69.77197374508874,periodic reconstruction FFT,fast PRBS,7,4.194399894040544,5000.000126310628,0.9755864962807553,0.00039999998989515007,10-90% leave-one-period sensitivity; excludes systematic errors,<Ewe>/V,0.0
75.33854853681854,0.049348149511301044,-0.017712636909912993,0.017712636909912993,0.052430691073951464,-19.74469374000196,0.0481995474851016,0.05614801139891169,-23.492330340147852,-15.955400124698896,0.0008736985202779283,67.29009621444897,periodic reconstruction FFT,fast PRBS,7,4.194399894040544,5000.000126310628,0.9755864962807553,0.00039999998989515007,10-90% leave-one-period sensitivity; excludes systematic errors,<Ewe>/V,0.0
75.5769616650996,0.0501867339251288,-0.018127330252637276,0.018127330252637276,0.05336017582579589,-19.85960047496903,0.04975197559444773,0.05665641543865405,-23.34347858336157,-15.952213764427464,0.0006105741845218786,66.16345312996768,periodic reconstruction FFT,fast PRBS,7,4.194399894040544,5000.000126310628,0.9755864962807553,0.00039999998989515007,10-90% leave-one-period sensitivity; excludes systematic errors,<Ewe>/V,0.0
75.81537479338067,0.04999063459157824,-0.018904911490110993,0.018904911490110993,0.05344585320974518,-20.71506728367006,0.052236206153282505,0.05454689398602273,-21.75748751221801,-19.148170004032746,0.001177444066705307,69.2939638202317,periodic reconstruction FFT,fast PRBS,7,4.194399894040544,5000.000126310628,0.9755864962807553,0.00039999998989515007,10-90% leave-one-period sensitivity; excludes systematic errors,<Ewe>/V,0.0
76.05378792166175,0.048938313082183764,-0.019527063290385765,0.019527063290385765,0.05269027128490202,-21.752682668164862,0.05163291321930176,0.0538713923604101,-23.277832169897582,-20.31664299393013,0.0014371807282749505,76.71624071037024,periodic reconstruction FFT,fast PRBS,7,4.194399894040544,5000.000126310628,0.9755864962807553,0.00039999998989515007,10-90% leave-one-period sensitivity; excludes systematic errors,<Ewe>/V,0.0
76.29220104994282,0.049263072119733624,-0.01887507327615625,0.01887507327615625,0.05275527145086398,-20.964260577953322,0.051953647590108995,0.05351453286987688,-22.256166859901125,-19.630542521507618,0.0013441962324743557,73.18169004079931,periodic reconstruction FFT,fast PRBS,7,4.194399894040544,5000.000126310628,0.9755864962807553,0.00039999998989515007,10-90% leave-one-period sensitivity; excludes systematic errors,<Ewe>/V,0.0
76.53061417822389,0.05009695305636829,-0.01962639468745557,0.01962639468745557,0.05380427561039878,-21.393667915774937,0.052765250674236264,0.054763619729876194,-22.375888176136538,-20.66829155091115,0.0007909723860576798,69.6192858977183,periodic reconstruction FFT,fast PRBS,7,4.194399894040544,5000.000126310628,0.9755864962807553,0.00039999998989515007,10-90% leave-one-period sensitivity; excludes systematic errors,<Ewe>/V,0.0
76.76902730650497,0.049983808171856034,-0.019468480903262836,0.019468480903262836,0.05364142828114863,-21.28070222874589,0.05332861377290815,0.05402051159961893,-21.686200562125155,-20.94039744192474,0.0013266603379977304,72.57566005890499,periodic reconstruction FFT,fast PRBS,7,4.194399894040544,5000.000126310628,0.9755864962807553,0.00039999998989515007,10-90% leave-one-period sensitivity; excludes systematic errors,<Ewe>/V,0.0
77.00744043478603,0.04937188473580583,-0.02063508869466705,0.02063508869466705,0.053510652096591685,-22.682596963729353,0.05294098721089762,0.05406628282402748,-23.27321636904448,-22.05628129181472,0.0010460802507950343,71.15407673897772,periodic reconstruction FFT,fast PRBS,7,4.194399894040544,5000.000126310628,0.9755864962807553,0.00039999998989515007,10-90% leave-one-period sensitivity; excludes systematic errors,<Ewe>/V,0.0
77.2458535630671,0.04876888158282754,-0.02186650286359153,0.02186650286359153,0.05344668145285835,-24.150032438285553,0.05313024295796667,0.0537097010858062,-24.59648091040423,-23.606626429779308,0.0010653230512280602,70.7316419615999,periodic reconstruction FFT,fast PRBS,7,4.194399894040544,5000.000126310628,0.9755864962807553,0.00039999998989515007,10-90% leave-one-period sensitivity; excludes systematic errors,<Ewe>/V,0.0
77.48426669134817,0.047437089952148494,-0.020235192762761308,0.020235192762761308,0.05157267231077264,-23.101593370887585,0.05118274878626349,0.05201743975023736,-23.94462230147134,-22.53299792363667,0.001139262378920714,72.39205818728794,periodic reconstruction FFT,fast PRBS,7,4.194399894040544,5000.000126310628,0.9755864962807553,0.00039999998989515007,10-90% leave-one-period sensitivity; excludes systematic errors,<Ewe>/V,0.0
77.72267981962925,0.04732867015065182,-0.020127299112021678,0.020127299112021678,0.051430644442530454,-23.03842526138823,0.05096966053965548,0.05216646403933334,-23.57192040787144,-22.460170878308045,0.0009768429893713135,74.67441685043087,periodic reconstruction FFT,fast PRBS,7,4.194399894040544,5000.000126310628,0.9755864962807553,0.00039999998989515007,10-90% leave-one-period sensitivity; excludes systematic errors,<Ewe>/V,0.0
77.96109294791032,0.04689729989919991,-0.018923645016691106,0.018923645016691106,0.050571346418236025,-21.974689889568133,0.05022565870490503,0.05091156597832441,-22.31726133910254,-21.568519622647287,0.0008969488482904045,71.63026883708444,periodic reconstruction FFT,fast PRBS,7,4.194399894040544,5000.000126310628,0.9755864962807553,0.00039999998989515007,10-90% leave-one-period sensitivity; excludes systematic errors,<Ewe>/V,0.0
78.19950607619138,0.04754371241691233,-0.01870819301330436,0.01870819301330436,0.05109208428127701,-21.47936866462243,0.05093827411036121,0.05123913012711956,-21.824605130789042,-21.043476065644253,0.0012103585736972587,71.09728760614712,periodic reconstruction FFT,fast PRBS,7,4.194399894040544,5000.000126310628,0.9755864962807553,0.00039999998989515007,10-90% leave-one-period sensitivity; excludes systematic errors,<Ewe>/V,0.0
78.43791920447246,0.04717837097107204,-0.02027578209761534,0.02027578209761534,0.051350813305672885,-23.25651418164676,0.05096104151183749,0.05168736347592131,-23.707247259694228,-22.77638537209977,0.0007608872435287224,71.41323263474972,periodic reconstruction FFT,fast PRBS,7,4.194399894040544,5000.000126310628,0.9755864962807553,0.00039999998989515007,10-90% leave-one-period sensitivity; excludes systematic errors,<Ewe>/V,0.0
78.67633233275353,0.04864501807884066,-0.01848106816352864,0.01848106816352864,0.05203736796145368,-20.80263419794421,0.05186179539837747,0.0521957499832904,-21.126107342980085,-20.52964151305514,0.0014263400291418323,72.00490685397295,periodic reconstruction FFT,fast PRBS,7,4.194399894040544,5000.000126310628,0.9755864962807553,0.00039999998989515007,10-90% leave-one-period sensitivity; excludes systematic errors,<Ewe>/V,0.0
78.9147454610346,0.04983721328379167,-0.017824405889826547,0.017824405889826547,0.0529287943677109,-19.67971905407291,0.051732490255917925,0.054176417337296785,-20.681775714709765,-18.52482787468913,0.00040996877647768334,61.4898820962679,periodic reconstruction FFT,fast PRBS,7,4.194399894040544,5000.000126310628,0.9755864962807553,0.00039999998989515007,10-90% leave-one-period sensitivity; excludes systematic errors,<Ewe>/V,0.0
79.15315858931568,0.04902499144693496,-0.01874701919824974,0.01874701919824974,0.05248714619020156,-20.926713850149785,0.05231921480587966,0.05260860265513488,-21.269934341785667,-20.678626904253274,0.0013571222958601431,76.63948875552006,periodic reconstruction FFT,fast PRBS,7,4.194399894040544,5000.000126310628,0.9755864962807553,0.00039999998989515007,10-90% leave-one-period sensitivity; excludes systematic errors,<Ewe>/V,0.0
79.39157171759675,0.04900753333794847,-0.018086923569198245,0.018086923569198245,0.05223863635345154,-20.257295720588832,0.05211011794213783,0.05248665251110426,-20.63512941170768,-19.843294294650537,0.0010561832115217847,72.30048224315426,periodic reconstruction FFT,fast PRBS,7,4.194399894040544,5000.000126310628,0.9755864962807553,0.00039999998989515007,10-90% leave-one-period sensitivity; excludes systematic errors,<Ewe>/V,0.0
79.62998484587781,0.05018842506014584,-0.018695178475331083,0.018695178475331083,0.05355733104106625,-20.430352444973774,0.05317756716260704,0.05387947568724806,-20.61853587680846,-20.264361647608794,0.0010685208930650094,70.69095751830885,periodic reconstruction FFT,fast PRBS,7,4.194399894040544,5000.000126310628,0.9755864962807553,0.00039999998989515007,10-90% leave-one-period sensitivity; excludes systematic errors,<Ewe>/V,0.0
79.86839797415888,0.049309198867717514,-0.018881385417805357,0.018881385417805357,0.0528006042415409,-20.95274818436187,0.052213971187712184,0.05336593311221243,-21.61574074693706,-20.4927470415716,0.0005157053075840062,64.91645384742856,periodic reconstruction FFT,fast PRBS,7,4.194399894040544,5000.000126310628,0.9755864962807553,0.00039999998989515007,10-90% leave-one-period sensitivity; excludes systematic errors,<Ewe>/V,0.0
