frequency_Hz,Re_Z_ohm,Im_Z_ohm,minus_Im_Z_ohm,abs_Z_ohm,phase_deg,abs_Z_p10_ohm,abs_Z_p90_ohm,phase_p10_deg,phase_p90_deg,input_peak_amplitude_A,input_repeat_snr_dB,estimator,band,n_periods,period_s,sample_rate_Hz,phase_coverage,max_phase_interval_s,uncertainty_kind,voltage_channel,applied_delay_correction_s,quality_ok,quality_reason
2.718869019200994,0.07033614891924225,-0.0027866150865212265,0.0027866150865212265,0.07039132807690342,-2.2687882168207802,0.07034434671298932,0.0704274403626855,-2.3012893738874594,-2.2396475876475344,0.007615091680426585,93.16507060903865,periodic reconstruction FFT,slow PRBS,12,5.149199869920267,5000.000126310628,0.9923871669385536,0.00039999998989515007,10-90% leave-one-period sensitivity; excludes systematic errors,<Ewe>/V,0.0,True,pass
4.078303528801491,0.06974374056635349,-0.003461052960957653,0.003461052960957653,0.06982956562792994,-2.8409887448536364,0.06974036144945066,0.06986208204788405,-2.8468695593379922,-2.8023992190506304,0.003651000014549281,85.28478358852276,periodic reconstruction FFT,slow PRBS,12,5.149199869920267,5000.000126310628,0.9923871669385536,0.00039999998989515007,10-90% leave-one-period sensitivity; excludes systematic errors,<Ewe>/V,0.0,True,pass
5.437738038401988,0.06906064625788935,-0.004179881202833394,0.004179881202833394,0.06918702384426668,-3.463589889533629,0.06914093413177735,0.06921877859887561,-3.491488560261088,-3.436168928814638,0.007629340203841684,90.23436958795662,periodic reconstruction FFT,slow PRBS,12,5.149199869920267,5000.000126310628,0.9923871669385536,0.00039999998989515007,10-90% leave-one-period sensitivity; excludes systematic errors,<Ewe>/V,0.0,True,pass
6.797172548002484,0.06895979949888789,-0.004956108101398286,0.004956108101398286,0.06913766668350593,-4.110752577329724,0.06905666224599136,0.06921402410032935,-4.205557419692865,-4.012600926757291,0.002858171603336294,80.82482928484318,periodic reconstruction FFT,slow PRBS,12,5.149199869920267,5000.000126310628,0.9923871669385536,0.00039999998989515007,10-90% leave-one-period sensitivity; excludes systematic errors,<Ewe>/V,0.0,True,pass
8.156607057602981,0.06932087916677958,-0.0050587463984232625,0.0050587463984232625,0.06950521709612031,-4.173806504993405,0.06943200996883066,0.06957254485952016,-4.236122380779031,-4.135252701733217,0.0037114103489249636,85.52772952943586,periodic reconstruction FFT,slow PRBS,12,5.149199869920267,5000.000126310628,0.9923871669385536,0.00039999998989515007,10-90% leave-one-period sensitivity; excludes systematic errors,<Ewe>/V,0.0,True,pass
9.516041567203478,0.06879060913867872,-0.0059055741902251735,0.0059055741902251735,0.06904363629029632,-4.906729154707554,0.0689802960293639,0.06909855294960424,-4.927505307809497,-4.882674475646194,0.002888180085218409,83.83060735167582,periodic reconstruction FFT,slow PRBS,12,5.149199869920267,5000.000126310628,0.9923871669385536,0.00039999998989515007,10-90% leave-one-period sensitivity; excludes systematic errors,<Ewe>/V,0.0,True,pass
10.875476076803976,0.0688431648571901,-0.007073116870638156,0.007073116870638156,0.06920556574308138,-5.866126775697387,0.06917605544855722,0.06923063578274115,-5.891293486705259,-5.85176680682574,0.007542749330340322,89.97284278557814,periodic reconstruction FFT,slow PRBS,12,5.149199869920267,5000.000126310628,0.9923871669385536,0.00039999998989515007,10-90% leave-one-period sensitivity; excludes systematic errors,<Ewe>/V,0.0,True,pass
12.234910586404471,0.06827724571246666,-0.00817173918427151,0.00817173918427151,0.06876452285427642,-6.824961781553179,0.0687262319454466,0.06880150254193514,-6.846711159412431,-6.793824261061328,0.0075322868208962885,91.60976223409267,periodic reconstruction FFT,slow PRBS,12,5.149199869920267,5000.000126310628,0.9923871669385536,0.00039999998989515007,10-90% leave-one-period sensitivity; excludes systematic errors,<Ewe>/V,0.0,True,pass
13.594345096004968,0.06764710864489755,-0.008845254005286816,0.008845254005286816,0.06822294208279657,-7.449494308381338,0.06813672670175919,0.06828935801354367,-7.4974913826474925,-7.399340731443512,0.0028835219111527305,81.9964110785012,periodic reconstruction FFT,slow PRBS,12,5.149199869920267,5000.000126310628,0.9923871669385536,0.00039999998989515007,10-90% leave-one-period sensitivity; excludes systematic errors,<Ewe>/V,0.0,True,pass
14.953779605605465,0.06660011028666503,-0.009595951712793307,0.009595951712793307,0.06728786651001953,-8.19892898318656,0.06721964927994768,0.06741116648059935,-8.257209577188634,-8.16249846990419,0.0015481057118577454,77.60168528766452,periodic reconstruction FFT,slow PRBS,12,5.149199869920267,5000.000126310628,0.9923871669385536,0.00039999998989515007,10-90% leave-one-period sensitivity; excludes systematic errors,<Ewe>/V,0.0,True,pass
16.313214115205962,0.06632006128990063,-0.010077624997561489,0.010077624997561489,0.0670813614582147,-8.640248771084714,0.0670309864763557,0.06712445992917825,-8.668132428867075,-8.609170197009838,0.0034750579722260103,82.17373539173614,periodic reconstruction FFT,slow PRBS,12,5.149199869920267,5000.000126310628,0.9923871669385536,0.00039999998989515007,10-90% leave-one-period sensitivity; excludes systematic errors,<Ewe>/V,0.0,True,pass
17.67264862480646,0.0659045626170992,-0.010388957195544373,0.010388957195544373,0.06671837681899945,-8.958183791091585,0.06666090041403135,0.0667764368689414,-9.021237903533418,-8.901367506075603,0.0016080553702622934,78.99219108189749,periodic reconstruction FFT,slow PRBS,12,5.149199869920267,5000.000126310628,0.9923871669385536,0.00039999998989515007,10-90% leave-one-period sensitivity; excludes systematic errors,<Ewe>/V,0.0,True,pass
19.032083134406957,0.0658014476234479,-0.010679402628118695,0.010679402628118695,0.06666243432274903,-9.218575347433788,0.06661486051326991,0.06670891216552736,-9.25248156298918,-9.175029031639761,0.002729482902066288,83.81163375677468,periodic reconstruction FFT,slow PRBS,12,5.149199869920267,5000.000126310628,0.9923871669385536,0.00039999998989515007,10-90% leave-one-period sensitivity; excludes systematic errors,<Ewe>/V,0.0,True,pass
20.391517644007454,0.06521511550956198,-0.0112621722891624,0.0112621722891624,0.06618041867196285,-9.797923390795528,0.06608043363839265,0.06626601230693759,-9.875744504854977,-9.709955547313633,0.0016224838192698443,77.14154123704115,periodic reconstruction FFT,slow PRBS,12,5.149199869920267,5000.000126310628,0.9923871669385536,0.00039999998989515007,10-90% leave-one-period sensitivity; excludes systematic errors,<Ewe>/V,0.0,True,pass
21.75095215360795,0.06527491624019875,-0.01184883512011751,0.01184883512011751,0.0663416127620417,-10.28842019148492,0.06632389220338705,0.06636382424336061,-10.31338816283936,-10.262681213160624,0.007141995727102337,90.56794063552795,periodic reconstruction FFT,slow PRBS,12,5.149199869920267,5000.000126310628,0.9923871669385536,0.00039999998989515007,10-90% leave-one-period sensitivity; excludes systematic errors,<Ewe>/V,0.0,True,pass
23.11038666320845,0.06510715188742829,-0.01270921739814163,0.01270921739814163,0.06633600405334861,-11.045503432287273,0.06628094723327112,0.06637820889987345,-11.095738490352,-10.983000528442401,0.0028068275288377154,83.15045520093744,periodic reconstruction FFT,slow PRBS,12,5.149199869920267,5000.000126310628,0.9923871669385536,0.00039999998989515007,10-90% leave-one-period sensitivity; excludes systematic errors,<Ewe>/V,0.0,True,pass
24.469821172808942,0.06418778444585045,-0.01341324422069052,0.01341324422069052,0.065574284537392,-11.803179458520486,0.06554143850856448,0.06560859162883774,-11.830486232552476,-11.784412136043375,0.006936427307746491,90.01386171818338,periodic reconstruction FFT,slow PRBS,12,5.149199869920267,5000.000126310628,0.9923871669385536,0.00039999998989515007,10-90% leave-one-period sensitivity; excludes systematic errors,<Ewe>/V,0.0,True,pass
25.82925568240944,0.0635347318352003,-0.01386743684287251,0.01386743684287251,0.06503051555971143,-12.312589756954806,0.06499170463166237,0.06508286500798921,-12.358707392782945,-12.250665888780333,0.0031659161547359024,82.51615873609502,periodic reconstruction FFT,slow PRBS,12,5.149199869920267,5000.000126310628,0.9923871669385536,0.00039999998989515007,10-90% leave-one-period sensitivity; excludes systematic errors,<Ewe>/V,0.0,True,pass
27.188690192009936,0.06288798303267548,-0.014480909296258818,0.014480909296258818,0.06453367449606875,-12.967191034198107,0.06446589629137474,0.06460467832250294,-13.005321850391786,-12.923720789453602,0.0025796381627938344,82.80424292700746,periodic reconstruction FFT,slow PRBS,12,5.149199869920267,5000.000126310628,0.9923871669385536,0.00039999998989515007,10-90% leave-one-period sensitivity; excludes systematic errors,<Ewe>/V,0.0,True,pass
28.548124701610433,0.06236186694194326,-0.013827036533197556,0.013827036533197556,0.06387636016379625,-12.501526795546763,0.06378188320706939,0.06397035867401962,-12.609296454957834,-12.385332290318381,0.001461099786071829,75.81758927451911,periodic reconstruction FFT,slow PRBS,12,5.149199869920267,5000.000126310628,0.9923871669385536,0.00039999998989515007,10-90% leave-one-period sensitivity; excludes systematic errors,<Ewe>/V,0.0,True,pass
29.90755921121093,0.06173701522958389,-0.013896685195361304,0.013896685195361304,0.06328172650044284,-12.685556921156047,0.06315299132439003,0.06341107554941026,-12.819762826938714,-12.56485199940808,0.0015112859210834775,78.33786950247078,periodic reconstruction FFT,slow PRBS,12,5.149199869920267,5000.000126310628,0.9923871669385536,0.00039999998989515007,10-90% leave-one-period sensitivity; excludes systematic errors,<Ewe>/V,0.0,True,pass
20.02670277560999,0.0650584356081163,-0.012203443736545944,0.012203443736545944,0.06619308183493543,-10.623898067481532,0.06598637188865576,0.06643161690718676,-10.841124143725244,-10.452927151679226,0.0012145853241759725,73.16197285998763,periodic reconstruction FFT,fast PRBS,7,4.194399894040544,5000.000126310628,0.9755864962807553,0.00039999998989515007,10-90% leave-one-period sensitivity; excludes systematic errors,<Ewe>/V,0.0,True,pass
20.26511590389106,0.06540680193520362,-0.01215429443530806,0.01215429443530806,0.06652651059999402,-10.526980063574271,0.0662601612288641,0.06671082556479652,-10.707951555552318,-10.206232076237846,0.0010931994600964475,72.24928705893485,periodic reconstruction FFT,fast PRBS,7,4.194399894040544,5000.000126310628,0.9755864962807553,0.00039999998989515007,10-90% leave-one-period sensitivity; excludes systematic errors,<Ewe>/V,0.0,True,pass
20.503529032172132,0.06469413367642979,-0.012554090577971692,0.012554090577971692,0.06590095691553867,-10.9819281136309,0.06563414559754925,0.06614531330930022,-11.128957447326503,-10.818891946011048,0.0012119289081086555,70.98989522477929,periodic reconstruction FFT,fast PRBS,7,4.194399894040544,5000.000126310628,0.9755864962807553,0.00039999998989515007,10-90% leave-one-period sensitivity; excludes systematic errors,<Ewe>/V,0.0,True,pass
20.741942160453203,0.0643575160496567,-0.01092011895227241,0.01092011895227241,0.06527739938151335,-9.630169009195928,0.06506049122210183,0.06544740733888248,-9.8328676446209,-9.459039049753772,0.0011376447340714902,71.74335508096289,periodic reconstruction FFT,fast PRBS,7,4.194399894040544,5000.000126310628,0.9755864962807553,0.00039999998989515007,10-90% leave-one-period sensitivity; excludes systematic errors,<Ewe>/V,0.0,True,pass
20.980355288734273,0.06413847766110693,-0.011336668947888576,0.011336668947888576,0.06513266752957639,-10.023671881680098,0.06498899661210433,0.06521750437984408,-10.187753242184915,-9.866338927555134,0.0012578578038526195,70.15823682171958,periodic reconstruction FFT,fast PRBS,7,4.194399894040544,5000.000126310628,0.9755864962807553,0.00039999998989515007,10-90% leave-one-period sensitivity; excludes systematic errors,<Ewe>/V,0.0,True,pass
21.218768417015347,0.06454804993409537,-0.01133198558204335,0.01133198558204335,0.06553521684961534,-9.95731442328604,0.06531560887270825,0.06564584708765893,-10.05896798404457,-9.775964435349863,0.0011868517769982115,69.28940619828187,periodic reconstruction FFT,fast PRBS,7,4.194399894040544,5000.000126310628,0.9755864962807553,0.00039999998989515007,10-90% leave-one-period sensitivity; excludes systematic errors,<Ewe>/V,0.0,True,pass
21.457181545296418,0.0649366188197143,-0.011058111534200542,0.011058111534200542,0.0658714376223845,-9.66424052662925,0.06577774186167645,0.06600962066692555,-9.714752410846792,-9.582071754413501,0.001456705537434058,75.12114921345317,periodic reconstruction FFT,fast PRBS,7,4.194399894040544,5000.000126310628,0.9755864962807553,0.00039999998989515007,10-90% leave-one-period sensitivity; excludes systematic errors,<Ewe>/V,0.0,True,pass
21.69559467357749,0.066311283444344,-0.011479953206348361,0.011479953206348361,0.06729766442942935,-9.821817611027964,0.06711538596151673,0.06745735634777743,-9.98387616397174,-9.65242395460661,0.001046035950569767,69.67030569001838,periodic reconstruction FFT,fast PRBS,7,4.194399894040544,5000.000126310628,0.9755864962807553,0.00039999998989515007,10-90% leave-one-period sensitivity; excludes systematic errors,<Ewe>/V,0.0,True,pass
21.93400780185856,0.06657353428736917,-0.011116189491804459,0.011116189491804459,0.06749522306303775,-9.479571710339433,0.06742419381422773,0.06759416228856636,-9.758210873562348,-9.236909517661047,0.0011535021446289623,73.49527140975168,periodic reconstruction FFT,fast PRBS,7,4.194399894040544,5000.000126310628,0.9755864962807553,0.00039999998989515007,10-90% leave-one-period sensitivity; excludes systematic errors,<Ewe>/V,0.0,True,pass
22.17242093013963,0.06601992844438746,-0.011673830657463946,0.011673830657463946,0.0670440845565154,-10.02755112675262,0.06688338028582187,0.06723107513839342,-10.137396323548343,-9.93298979801967,0.0013673908790074248,74.22879673317341,periodic reconstruction FFT,fast PRBS,7,4.194399894040544,5000.000126310628,0.9755864962807553,0.00039999998989515007,10-90% leave-one-period sensitivity; excludes systematic errors,<Ewe>/V,0.0,True,pass
22.410834058420704,0.06560566573965017,-0.012725934636461163,0.012725934636461163,0.06682853274997283,-10.977684936558616,0.06665210288787765,0.06698409853948534,-11.130953773195522,-10.835345292988102,0.0013253583192731927,74.32860658731047,periodic reconstruction FFT,fast PRBS,7,4.194399894040544,5000.000126310628,0.9755864962807553,0.00039999998989515007,10-90% leave-one-period sensitivity; excludes systematic errors,<Ewe>/V,0.0,True,pass
22.649247186701775,0.06493229081885175,-0.012394116598704348,0.012394116598704348,0.06610458771708827,-10.806487327051313,0.0660300760412907,0.06619023141529577,-10.863300857441695,-10.748009890901342,0.0011735593911364126,72.65961905923332,periodic reconstruction FFT,fast PRBS,7,4.194399894040544,5000.000126310628,0.9755864962807553,0.00039999998989515007,10-90% leave-one-period sensitivity; excludes systematic errors,<Ewe>/V,0.0,True,pass
22.887660314982845,0.0652560851463241,-0.01317284089580843,0.01317284089580843,0.06657236953789901,-11.41257586371902,0.0664112663365959,0.06676467686734167,-11.530355501815711,-11.302270275365366,0.0012496818561600024,71.56287856487393,periodic reconstruction FFT,fast PRBS,7,4.194399894040544,5000.000126310628,0.9755864962807553,0.00039999998989515007,10-90% leave-one-period sensitivity; excludes systematic errors,<Ewe>/V,0.0,True,pass
23.126073443263916,0.06434219542017788,-0.012723787556744966,0.012723787556744966,0.06558820687652268,-11.18602327005861,0.06549723750458862,0.06568300750988798,-11.268783199744771,-11.13148508893786,0.0013467974364886415,74.92269418296571,periodic reconstruction FFT,fast PRBS,7,4.194399894040544,5000.000126310628,0.9755864962807553,0.00039999998989515007,10-90% leave-one-period sensitivity; excludes systematic errors,<Ewe>/V,0.0,True,pass
23.364486571544987,0.06376679445511646,-0.013856575324175429,0.013856575324175429,0.06525495195612067,-12.25982201450373,0.06503291207647649,0.0654661309744887,-12.54103452462481,-11.937399640582347,0.0010277050234662542,70.91645717234525,periodic reconstruction FFT,fast PRBS,7,4.194399894040544,5000.000126310628,0.9755864962807553,0.00039999998989515007,10-90% leave-one-period sensitivity; excludes systematic errors,<Ewe>/V,0.0,True,pass
23.60289969982606,0.0638018225745829,-0.012558363437197774,0.012558363437197774,0.06502603367928343,-11.1354012814347,0.06482484853576347,0.06524089020140292,-11.299517877483478,-10.980904168435735,0.0013446698242227772,72.90250924017573,periodic reconstruction FFT,fast PRBS,7,4.194399894040544,5000.000126310628,0.9755864962807553,0.00039999998989515007,10-90% leave-one-period sensitivity; excludes systematic errors,<Ewe>/V,0.0,True,pass
23.84131282810713,0.06379178572945561,-0.013316291544115177,0.013316291544115177,0.06516682857896838,-11.790957438531963,0.06487928541443147,0.06542117699318975,-12.010608560006451,-11.58897773666507,0.0011847796338377904,70.04579864947804,periodic reconstruction FFT,fast PRBS,7,4.194399894040544,5000.000126310628,0.9755864962807553,0.00039999998989515007,10-90% leave-one-period sensitivity; excludes systematic errors,<Ewe>/V,0.0,True,pass
24.079725956388202,0.06328731726173886,-0.013040132403529463,0.013040132403529463,0.0646167902273826,-11.642658098390422,0.06443600385790367,0.06477733723915613,-11.907682312550035,-11.481047638151395,0.0012965414852690756,72.8000177853556,periodic reconstruction FFT,fast PRBS,7,4.194399894040544,5000.000126310628,0.9755864962807553,0.00039999998989515007,10-90% leave-one-period sensitivity; excludes systematic errors,<Ewe>/V,0.0,True,pass
24.318139084669273,0.06348325517297417,-0.012267371163849199,0.012267371163849199,0.06465765293164136,-10.93691461973053,0.06453384573993469,0.06485360812711886,-11.108201263379831,-10.708030842886512,0.0012092428019977318,71.39599155322928,periodic reconstruction FFT,fast PRBS,7,4.194399894040544,5000.000126310628,0.9755864962807553,0.00039999998989515007,10-90% leave-one-period sensitivity; excludes systematic errors,<Ewe>/V,0.0,True,pass
24.556552212950344,0.06428147298247838,-0.012651523699123552,0.012651523699123552,0.06551464584889842,-11.134327635322293,0.06526610961528632,0.06577715268760433,-11.288921912755994,-10.998806099770029,0.001108714872634132,73.79825738153541,periodic reconstruction FFT,fast PRBS,7,4.194399894040544,5000.000126310628,0.9755864962807553,0.00039999998989515007,10-90% leave-one-period sensitivity; excludes systematic errors,<Ewe>/V,0.0,True,pass
24.794965341231418,0.06394402344351295,-0.011587176358457534,0.011587176358457534,0.06498538905097462,-10.27100747266387,0.06464794217749853,0.06526303659229979,-10.323586676368215,-10.211471927730905,0.0010355027354176478,69.91251259514603,periodic reconstruction FFT,fast PRBS,7,4.194399894040544,5000.000126310628,0.9755864962807553,0.00039999998989515007,10-90% leave-one-period sensitivity; excludes systematic errors,<Ewe>/V,0.0,True,pass
25.03337846951249,0.06481160750319061,-0.012466903071040895,0.012466903071040895,0.06599975863084927,-10.88819742485482,0.06589569088461505,0.06612483254592708,-11.02275031237227,-10.771013227606112,0.0014647031678930579,74.07251442267685,periodic reconstruction FFT,fast PRBS,7,4.194399894040544,5000.000126310628,0.9755864962807553,0.00039999998989515007,10-90% leave-one-period sensitivity; excludes systematic errors,<Ewe>/V,0.0,True,pass
25.27179159779356,0.06478790509068846,-0.01287751800288081,0.01287751800288081,0.06605530346576705,-11.24183510783199,0.0657681664306824,0.06641193410367871,-11.47270117953572,-11.003330835108114,0.0011451939224331428,71.5857294408926,periodic reconstruction FFT,fast PRBS,7,4.194399894040544,5000.000126310628,0.9755864962807553,0.00039999998989515007,10-90% leave-one-period sensitivity; excludes systematic errors,<Ewe>/V,0.0,True,pass
25.51020472607463,0.06475303958748722,-0.01380923410948752,0.01380923410948752,0.0662091465169981,-12.038557042653201,0.06603589542691503,0.06635877796609638,-12.16687014378701,-11.897455882020187,0.0013656363443706454,70.4753619319745,periodic reconstruction FFT,fast PRBS,7,4.194399894040544,5000.000126310628,0.9755864962807553,0.00039999998989515007,10-90% leave-one-period sensitivity; excludes systematic errors,<Ewe>/V,0.0,True,pass
25.7486178543557,0.06467875482662447,-0.014010290096867566,0.014010290096867566,0.06617876966611712,-12.222211857024892,0.06603491095437625,0.06634706222616402,-12.349588782684545,-12.002132552736875,0.0011908980697389465,72.65207915265667,periodic reconstruction FFT,fast PRBS,7,4.194399894040544,5000.000126310628,0.9755864962807553,0.00039999998989515007,10-90% leave-one-period sensitivity; excludes systematic errors,<Ewe>/V,0.0,True,pass
25.98703098263677,0.06402434339418629,-0.014981888879807188,0.014981888879807188,0.06575388613202703,-13.170405245874646,0.06550390017267113,0.06599040814640969,-13.393371628227,-12.999416218356302,0.0010678911121955088,71.83258413100671,periodic reconstruction FFT,fast PRBS,7,4.194399894040544,5000.000126310628,0.9755864962807553,0.00039999998989515007,10-90% leave-one-period sensitivity; excludes systematic errors,<Ewe>/V,0.0,True,pass
26.225444110917845,0.06360127419726233,-0.014208421539977874,0.014208421539977874,0.06516902118470902,-12.593009257073554,0.06500781002431923,0.06533537578563059,-12.775611941110002,-12.375942841688582,0.001332546743429024,70.79015440087306,periodic reconstruction FFT,fast PRBS,7,4.194399894040544,5000.000126310628,0.9755864962807553,0.00039999998989515007,10-90% leave-one-period sensitivity; excludes systematic errors,<Ewe>/V,0.0,True,pass
26.463857239198916,0.06251490316283174,-0.014444596111875506,0.014444596111875506,0.0641619784162976,-13.010348526306384,0.06399394435120671,0.06441572365877057,-13.210336146417228,-12.812624723474205,0.001313340504751583,72.93894509608396,periodic reconstruction FFT,fast PRBS,7,4.194399894040544,5000.000126310628,0.9755864962807553,0.00039999998989515007,10-90% leave-one-period sensitivity; excludes systematic errors,<Ewe>/V,0.0,True,pass
26.702270367479986,0.062423458819205406,-0.014240645415768083,0.014240645415768083,0.06402721447018189,-12.850947114406102,0.06387665839039759,0.06420855762096428,-13.087661316952545,-12.684007435395813,0.0011436036984592353,72.79357257832328,periodic reconstruction FFT,fast PRBS,7,4.194399894040544,5000.000126310628,0.9755864962807553,0.00039999998989515007,10-90% leave-one-period sensitivity; excludes systematic errors,<Ewe>/V,0.0,True,pass
26.940683495761057,0.063062912580851,-0.013677425688386986,0.013677425688386986,0.0645290858190429,-12.237093259663816,0.0643294775024694,0.06473892179943043,-12.443760588695348,-12.047091437905085,0.0012157738749337336,70.28016751502653,periodic reconstruction FFT,fast PRBS,7,4.194399894040544,5000.000126310628,0.9755864962807553,0.00039999998989515007,10-90% leave-one-period sensitivity; excludes systematic errors,<Ewe>/V,0.0,True,pass
27.179096624042128,0.06184067393677002,-0.013567417207760673,0.013567417207760673,0.0633114820758711,-12.374246846305942,0.0630245281403986,0.06360375583735713,-12.857647236170283,-12.018914121502833,0.0011129598051720102,71.63293641178699,periodic reconstruction FFT,fast PRBS,7,4.194399894040544,5000.000126310628,0.9755864962807553,0.00039999998989515007,10-90% leave-one-period sensitivity; excludes systematic errors,<Ewe>/V,0.0,True,pass
27.417509752323202,0.06291883875987528,-0.013591447069676469,0.013591447069676469,0.06437008392365975,-12.189484006726211,0.06412707375426961,0.0645963873364277,-12.382882588355237,-12.047258707147627,0.001115543406343939,75.26129094149086,periodic reconstruction FFT,fast PRBS,7,4.194399894040544,5000.000126310628,0.9755864962807553,0.00039999998989515007,10-90% leave-one-period sensitivity; excludes systematic errors,<Ewe>/V,0.0,True,pass
27.655922880604273,0.06281712283526951,-0.0133153060244248,0.0133153060244248,0.06421283591171956,-11.96780693845387,0.06382425130357257,0.06456481147629718,-12.071148125636958,-11.841626715062569,0.001039352892953867,74.68160898722832,periodic reconstruction FFT,fast PRBS,7,4.194399894040544,5000.000126310628,0.9755864962807553,0.00039999998989515007,10-90% leave-one-period sensitivity; excludes systematic errors,<Ewe>/V,0.0,True,pass
27.894336008885343,0.06254659909765514,-0.013214393277455458,0.013214393277455458,0.06392728093994031,-11.929605458659616,0.0636747300269733,0.06411835129218259,-12.078044069537924,-11.720223421709967,0.0012711764853767502,73.06510118440607,periodic reconstruction FFT,fast PRBS,7,4.194399894040544,5000.000126310628,0.9755864962807553,0.00039999998989515007,10-90% leave-one-period sensitivity; excludes systematic errors,<Ewe>/V,0.0,True,pass
28.132749137166414,0.06325100748671923,-0.01347120527434552,0.01347120527434552,0.0646696475916528,-12.023215421573532,0.06456858281655994,0.06476832945394374,-12.072391358472409,-11.9720145749031,0.0011399602827122444,70.62724069457201,periodic reconstruction FFT,fast PRBS,7,4.194399894040544,5000.000126310628,0.9755864962807553,0.00039999998989515007,10-90% leave-one-period sensitivity; excludes systematic errors,<Ewe>/V,0.0,True,pass
28.371162265447484,0.06346297144484062,-0.013616225614848643,0.013616225614848643,0.06490724416121144,-12.109445494461069,0.06485127850331089,0.06497519740671998,-12.184359521649675,-12.011706925419368,0.0012619401077595361,71.86153087862634,periodic reconstruction FFT,fast PRBS,7,4.194399894040544,5000.000126310628,0.9755864962807553,0.00039999998989515007,10-90% leave-one-period sensitivity; excludes systematic errors,<Ewe>/V,0.0,True,pass
28.609575393728555,0.06345720614250028,-0.014299450203313692,0.014299450203313692,0.06504837651724155,-12.698926920157506,0.06489615618185939,0.06519955272062627,-12.816062792872714,-12.576550506038469,0.0011517406388225882,72.75317966827426,periodic reconstruction FFT,fast PRBS,7,4.194399894040544,5000.000126310628,0.9755864962807553,0.00039999998989515007,10-90% leave-one-period sensitivity; excludes systematic errors,<Ewe>/V,0.0,True,pass
28.84798852200963,0.06390437699883764,-0.014327107599912865,0.014327107599912865,0.06549072767796256,-12.636531468608826,0.06531916957369178,0.0656979621710287,-12.863554246224977,-12.482854474594207,0.0011813472965214492,67.32286477941993,periodic reconstruction FFT,fast PRBS,7,4.194399894040544,5000.000126310628,0.9755864962807553,0.00039999998989515007,10-90% leave-one-period sensitivity; excludes systematic errors,<Ewe>/V,0.0,True,pass
29.0864016502907,0.0625818525201994,-0.014592563074718847,0.014592563074718847,0.06426065018306021,-13.125452978975625,0.06395909775960595,0.06447391472072593,-13.316056641747824,-12.98071470036755,0.0009502023524722943,67.29517558340115,periodic reconstruction FFT,fast PRBS,7,4.194399894040544,5000.000126310628,0.9755864962807553,0.00039999998989515007,10-90% leave-one-period sensitivity; excludes systematic errors,<Ewe>/V,0.0,True,pass
29.32481477857177,0.06291787349724372,-0.01495037449350938,0.01495037449350938,0.06466971859310461,-13.366579590559507,0.06453055597348285,0.06483679726393649,-13.505275773822198,-13.143346137926235,0.0013624856667693297,74.94726816161764,periodic reconstruction FFT,fast PRBS,7,4.194399894040544,5000.000126310628,0.9755864962807553,0.00039999998989515007,10-90% leave-one-period sensitivity; excludes systematic errors,<Ewe>/V,0.0,True,pass
29.56322790685284,0.061930055215344317,-0.014651104336385671,0.014651104336385671,0.063639505004763,-13.310040593330188,0.0633680134337255,0.06387290522178757,-13.529458869038399,-13.042116473887507,0.0009289251707918079,68.46662891050738,periodic reconstruction FFT,fast PRBS,7,4.194399894040544,5000.000126310628,0.9755864962807553,0.00039999998989515007,10-90% leave-one-period sensitivity; excludes systematic errors,<Ewe>/V,0.0,True,pass
29.801641035133912,0.061370122159953376,-0.015140581794037437,0.015140581794037437,0.0632101978401392,-13.858655773290856,0.06292932250735313,0.06341433062272939,-13.977071764354932,-13.715182158604048,0.0014019256776885516,75.46875721764016,periodic reconstruction FFT,fast PRBS,7,4.194399894040544,5000.000126310628,0.9755864962807553,0.00039999998989515007,10-90% leave-one-period sensitivity; excludes systematic errors,<Ewe>/V,0.0,True,pass
30.040054163414986,0.06143029183208264,-0.014884584846581249,0.014884584846581249,0.0632078446130693,-13.620293378907943,0.06308055294046068,0.06331776537384755,-13.84669691400785,-13.303493815473349,0.0011303080091920508,73.85651190494067,periodic reconstruction FFT,fast PRBS,7,4.194399894040544,5000.000126310628,0.9755864962807553,0.00039999998989515007,10-90% leave-one-period sensitivity; excludes systematic errors,<Ewe>/V,0.0,True,pass
30.278467291696057,0.060980232617794936,-0.014881638147527928,0.014881638147527928,0.06276983291418212,-13.714419558383248,0.06260407272569161,0.06290350192500485,-13.915662825622185,-13.535095499617897,0.00116515299947755,69.91083872616042,periodic reconstruction FFT,fast PRBS,7,4.194399894040544,5000.000126310628,0.9755864962807553,0.00039999998989515007,10-90% leave-one-period sensitivity; excludes systematic errors,<Ewe>/V,0.0,True,pass
30.516880419977127,0.0610556724520126,-0.013885672675819385,0.013885672675819385,0.06261475101146252,-12.812638924702235,0.06241790891587329,0.06283814010030107,-12.971516892961835,-12.622702575191978,0.0012451030748611037,72.90026232791013,periodic reconstruction FFT,fast PRBS,7,4.194399894040544,5000.000126310628,0.9755864962807553,0.00039999998989515007,10-90% leave-one-period sensitivity; excludes systematic errors,<Ewe>/V,0.0,True,pass
30.755293548258198,0.06088882205435662,-0.014641510387541351,0.014641510387541351,0.06262445590658323,-13.52081519665066,0.062363037203534116,0.06288743379440341,-13.706405731558965,-13.319180411647658,0.0012072556021792316,73.78628699937221,periodic reconstruction FFT,fast PRBS,7,4.194399894040544,5000.000126310628,0.9755864962807553,0.00039999998989515007,10-90% leave-one-period sensitivity; excludes systematic errors,<Ewe>/V,0.0,True,pass
30.99370667653927,0.06207703788905516,-0.014408530974290708,0.014408530974290708,0.06372726573387787,-13.067382433213734,0.06345478153457873,0.06402249677158235,-13.272582266443733,-12.889050348132447,0.001132115007698829,72.21521998446208,periodic reconstruction FFT,fast PRBS,7,4.194399894040544,5000.000126310628,0.9755864962807553,0.00039999998989515007,10-90% leave-one-period sensitivity; excludes systematic errors,<Ewe>/V,0.0,True,pass
31.232119804820343,0.062361787815208576,-0.01432467200885061,0.01432467200885061,0.06398584849535283,-12.936586102318934,0.06376532377423468,0.06420804399092228,-13.070176058487021,-12.82397761901094,0.0012023680183670523,75.32867882166622,periodic reconstruction FFT,fast PRBS,7,4.194399894040544,5000.000126310628,0.9755864962807553,0.00039999998989515007,10-90% leave-one-period sensitivity; excludes systematic errors,<Ewe>/V,0.0,True,pass
31.470532933101413,0.06202653625208152,-0.014388280493992276,0.014388280493992276,0.06367349381810757,-13.0599067365546,0.06347826511263993,0.06386101805332343,-13.149784486018094,-12.988217560464662,0.0013558424776185492,77.72747503439525,periodic reconstruction FFT,fast PRBS,7,4.194399894040544,5000.000126310628,0.9755864962807553,0.00039999998989515007,10-90% leave-one-period sensitivity; excludes systematic errors,<Ewe>/V,0.0,True,pass
31.708946061382484,0.06291337198875531,-0.01481379221312223,0.01481379221312223,0.0646338983408015,-13.249706247484072,0.06447073617395523,0.06479448374880044,-13.561991821802145,-12.950807589934268,0.0009993041855564102,71.40181170280763,periodic reconstruction FFT,fast PRBS,7,4.194399894040544,5000.000126310628,0.9755864962807553,0.00039999998989515007,10-90% leave-one-period sensitivity; excludes systematic errors,<Ewe>/V,0.0,True,pass
31.947359189663555,0.06255005256110109,-0.01574781614152477,0.01574781614152477,0.06450195957196787,-14.131297990074444,0.06435109111090713,0.06464896160404476,-14.27556949899036,-13.942889246714405,0.0010856381282299337,77.74021321474392,periodic reconstruction FFT,fast PRBS,7,4.194399894040544,5000.000126310628,0.9755864962807553,0.00039999998989515007,10-90% leave-one-period sensitivity; excludes systematic errors,<Ewe>/V,0.0,True,pass
32.185772317944625,0.06207282723369688,-0.015425046127877307,0.015425046127877307,0.06396067486222705,-13.9552820841238,0.06377149788107181,0.06416945941278916,-14.06629008506463,-13.847834143688015,0.001306076988903656,71.01784285584601,periodic reconstruction FFT,fast PRBS,7,4.194399894040544,5000.000126310628,0.9755864962807553,0.00039999998989515007,10-90% leave-one-period sensitivity; excludes systematic errors,<Ewe>/V,0.0,True,pass
32.4241854462257,0.061944048081335065,-0.016292732719458625,0.016292732719458625,0.0640509034453884,-14.736354483611848,0.06391634552622642,0.06415625393665234,-14.964156630071688,-14.479739539497551,0.0012586482548523645,71.80305377752406,periodic reconstruction FFT,fast PRBS,7,4.194399894040544,5000.000126310628,0.9755864962807553,0.00039999998989515007,10-90% leave-one-period sensitivity; excludes systematic errors,<Ewe>/V,0.0,True,pass
32.66259857450677,0.06095055049557766,-0.015549988993020144,0.015549988993020144,0.06290287563694533,-14.312258513990624,0.06265011141769944,0.06312596317293373,-14.387726991347588,-14.217048802881248,0.001428862857593215,74.09549497556061,periodic reconstruction FFT,fast PRBS,7,4.194399894040544,5000.000126310628,0.9755864962807553,0.00039999998989515007,10-90% leave-one-period sensitivity; excludes systematic errors,<Ewe>/V,0.0,True,pass
32.90101170278784,0.06046416229033648,-0.015668555615333944,0.015668555615333944,0.06246133649340976,-14.527939074375908,0.06216357210964659,0.062670976952213,-14.83056428894908,-14.161508786256897,0.000961115053773839,72.59729915279402,periodic reconstruction FFT,fast PRBS,7,4.194399894040544,5000.000126310628,0.9755864962807553,0.00039999998989515007,10-90% leave-one-period sensitivity; excludes systematic errors,<Ewe>/V,0.0,True,pass
33.139424831068915,0.06054571300816864,-0.015432787356991688,0.015432787356991688,0.062481631615008616,-14.29989215210378,0.06230070606247205,0.06267637326462927,-14.634474555406713,-14.082503295717906,0.0013956963200336635,74.39562549294831,periodic reconstruction FFT,fast PRBS,7,4.194399894040544,5000.000126310628,0.9755864962807553,0.00039999998989515007,10-90% leave-one-period sensitivity; excludes systematic errors,<Ewe>/V,0.0,True,pass
33.37783795934998,0.06080694840016001,-0.015429002330264365,0.015429002330264365,0.06273387511262973,-14.237611228045145,0.06255031125810519,0.0630087795210482,-14.517466462316117,-13.941129396224351,0.0010483041152420853,71.33371588642082,periodic reconstruction FFT,fast PRBS,7,4.194399894040544,5000.000126310628,0.9755864962807553,0.00039999998989515007,10-90% leave-one-period sensitivity; excludes systematic errors,<Ewe>/V,0.0,True,pass
33.616251087631056,0.05986003088939827,-0.015889653947567806,0.015889653947567806,0.06193306387264538,-14.86614465290093,0.061720589264054666,0.06210821502203269,-15.01625315715819,-14.709904689511442,0.0012345436805770822,71.27500593147172,periodic reconstruction FFT,fast PRBS,7,4.194399894040544,5000.000126310628,0.9755864962807553,0.00039999998989515007,10-90% leave-one-period sensitivity; excludes systematic errors,<Ewe>/V,0.0,True,pass
33.85466421591212,0.06048411118698952,-0.014249457913045426,0.014249457913045426,0.062139961030690735,-13.256587864585853,0.06186102189635231,0.0624690570420998,-13.387018727244095,-13.070794969618838,0.0013161103274051964,75.2113841931594,periodic reconstruction FFT,fast PRBS,7,4.194399894040544,5000.000126310628,0.9755864962807553,0.00039999998989515007,10-90% leave-one-period sensitivity; excludes systematic errors,<Ewe>/V,0.0,True,pass
34.0930773441932,0.06058097431076016,-0.014632375236610373,0.014632375236610373,0.062323036298835364,-13.578818291403216,0.06215870505106846,0.06246400764598646,-13.768031042975197,-13.433526014301068,0.001332103194005079,76.7345987020757,periodic reconstruction FFT,fast PRBS,7,4.194399894040544,5000.000126310628,0.9755864962807553,0.00039999998989515007,10-90% leave-one-period sensitivity; excludes systematic errors,<Ewe>/V,0.0,True,pass
34.33149047247427,0.06114618596664935,-0.015778502253400682,0.015778502253400682,0.06314916619899771,-14.469276203269942,0.06283283856175358,0.06336098638594442,-14.60282899764119,-14.292703831652311,0.0013232180319036452,75.78367878819459,periodic reconstruction FFT,fast PRBS,7,4.194399894040544,5000.000126310628,0.9755864962807553,0.00039999998989515007,10-90% leave-one-period sensitivity; excludes systematic errors,<Ewe>/V,0.0,True,pass
34.56990360075534,0.06131100361483066,-0.015252184949252144,0.015252184949252144,0.06317965107519961,-13.969760988229625,0.06276264596525372,0.06360106515127183,-14.563475524740543,-13.4916435844484,0.000977428277180943,69.04280422670328,periodic reconstruction FFT,fast PRBS,7,4.194399894040544,5000.000126310628,0.9755864962807553,0.00039999998989515007,10-90% leave-one-period sensitivity; excludes systematic errors,<Ewe>/V,0.0,True,pass
34.80831672903641,0.06176618650800788,-0.015835948535849124,0.015835948535849124,0.06376393229539783,-14.380058361395808,0.0636248511344108,0.06394443259022092,-14.637954124196364,-14.14509434637998,0.00131211482098234,71.60368574349435,periodic reconstruction FFT,fast PRBS,7,4.194399894040544,5000.000126310628,0.9755864962807553,0.00039999998989515007,10-90% leave-one-period sensitivity; excludes systematic errors,<Ewe>/V,0.0,True,pass
35.04672985731748,0.06144949616274575,-0.016314024293746225,0.016314024293746225,0.06357820355524561,-14.868280281764353,0.06324353881074563,0.06389947888441731,-15.03064668959903,-14.712800176838973,0.0012436447925860325,73.82277208105207,periodic reconstruction FFT,fast PRBS,7,4.194399894040544,5000.000126310628,0.9755864962807553,0.00039999998989515007,10-90% leave-one-period sensitivity; excludes systematic errors,<Ewe>/V,0.0,True,pass
35.285142985598554,0.06090302443478386,-0.015920608528958463,0.015920608528958463,0.06294953662447583,-14.64981683587416,0.06262181066179488,0.06320403045544906,-14.87126778586783,-14.373608661965255,0.001241281295385364,71.5152220382758,periodic reconstruction FFT,fast PRBS,7,4.194399894040544,5000.000126310628,0.9755864962807553,0.00039999998989515007,10-90% leave-one-period sensitivity; excludes systematic errors,<Ewe>/V,0.0,True,pass
35.52355611387962,0.060465239358209306,-0.015757922218376373,0.015757922218376373,0.06248485643166625,-14.60701631455052,0.06210342709017943,0.06311696314590394,-14.829788657656009,-14.428098373974716,0.0013392668908804792,72.12332190445125,periodic reconstruction FFT,fast PRBS,7,4.194399894040544,5000.000126310628,0.9755864962807553,0.00039999998989515007,10-90% leave-one-period sensitivity; excludes systematic errors,<Ewe>/V,0.0,True,pass
35.761969242160696,0.06054134795367392,-0.016538912424043747,0.016538912424043747,0.06275978358963649,-15.279459390209787,0.06216483090015896,0.06342004632926643,-15.777234013690823,-14.794926936735814,0.0011522508046190902,76.13950078045123,periodic reconstruction FFT,fast PRBS,7,4.194399894040544,5000.000126310628,0.9755864962807553,0.00039999998989515007,10-90% leave-one-period sensitivity; excludes systematic errors,<Ewe>/V,0.0,True,pass
36.00038237044177,0.059811606895635895,-0.016297635023664266,0.016297635023664266,0.0619922674758929,-15.242081178076079,0.06137224347978175,0.06284005109498662,-15.632825622890655,-14.754675071972672,0.0013817516126576313,73.31570680773753,periodic reconstruction FFT,fast PRBS,7,4.194399894040544,5000.000126310628,0.9755864962807553,0.00039999998989515007,10-90% leave-one-period sensitivity; excludes systematic errors,<Ewe>/V,0.0,True,pass
36.23879549872284,0.057467948054727915,-0.016148015018870733,0.016148015018870733,0.059693579576622656,-15.69492096212902,0.058690885472057336,0.060717692764139214,-16.03838782882668,-15.380191010005706,0.0010669637183048886,68.49464228698379,periodic reconstruction FFT,fast PRBS,7,4.194399894040544,5000.000126310628,0.9755864962807553,0.00039999998989515007,10-90% leave-one-period sensitivity; excludes systematic errors,<Ewe>/V,0.0,True,pass
36.47720862700391,0.05644227358070798,-0.014949721309792167,0.014949721309792167,0.05838856407037203,-14.835130823962022,0.057361327217687774,0.05934615405301464,-16.26908935607645,-13.60858505478901,0.0011387779640519094,74.13183553610696,periodic reconstruction FFT,fast PRBS,7,4.194399894040544,5000.000126310628,0.9755864962807553,0.00039999998989515007,10-90% leave-one-period sensitivity; excludes systematic errors,<Ewe>/V,0.0,True,pass
36.71562175528498,0.059008947970740265,-0.014419864690943335,0.014419864690943335,0.060745275028751385,-13.732104180169737,0.059822686550057354,0.061751282752442925,-14.596588727389792,-12.650501824235567,0.0011228296270285882,75.3732583342136,periodic reconstruction FFT,fast PRBS,7,4.194399894040544,5000.000126310628,0.9755864962807553,0.00039999998989515007,10-90% leave-one-period sensitivity; excludes systematic errors,<Ewe>/V,0.0,True,pass
36.95403488356605,0.059606757041364714,-0.017645583878025128,0.017645583878025128,0.06216375242361663,-16.490506957075382,0.06098164821843249,0.06337429599032623,-17.341666917197756,-15.396086062017298,0.0012108943215336405,71.10119464842106,periodic reconstruction FFT,fast PRBS,7,4.194399894040544,5000.000126310628,0.9755864962807553,0.00039999998989515007,10-90% leave-one-period sensitivity; excludes systematic errors,<Ewe>/V,0.0,True,pass
37.19244801184713,0.06214907865885621,-0.017597109969981064,0.017597109969981064,0.06459230803617644,-15.809127042065477,0.0602458331673584,0.06863469387970117,-18.048093158848456,-13.43849267649624,0.0011848368798195105,64.99425958835369,periodic reconstruction FFT,fast PRBS,7,4.194399894040544,5000.000126310628,0.9755864962807553,0.00039999998989515007,10-90% leave-one-period sensitivity; excludes systematic errors,<Ewe>/V,0.0,False,leave-one-period sensitivity exceeds 3 deg or 10 percent
37.430861140128194,0.056464842991215874,0.0017085085435106307,-0.0017085085435106307,0.05649068503271941,1.7331221659315197,0.05129021309594908,0.06149567379526809,-3.275465711601382,5.598832296110725,0.0011247221351112825,61.46632752604254,periodic reconstruction FFT,fast PRBS,7,4.194399894040544,5000.000126310628,0.9755864962807553,0.00039999998989515007,10-90% leave-one-period sensitivity; excludes systematic errors,<Ewe>/V,0.0,False,leave-one-period sensitivity exceeds 3 deg or 10 percent
37.66927426840927,0.06421128550007939,-0.014142722185182555,0.014142722185182555,0.06575032909712285,-12.421239242504436,0.0645917393616638,0.06754210052467739,-14.55082795857257,-11.172973413999651,0.001064825224354018,70.1418190676507,periodic reconstruction FFT,fast PRBS,7,4.194399894040544,5000.000126310628,0.9755864962807553,0.00039999998989515007,10-90% leave-one-period sensitivity; excludes systematic errors,<Ewe>/V,0.0,False,leave-one-period sensitivity exceeds 3 deg or 10 percent
37.907687396690335,0.06123398967991159,-0.01709904594218403,0.01709904594218403,0.0635765590784248,-15.6019172857771,0.06306631535816226,0.06406787462151728,-16.975700267254272,-14.274411940418052,0.001277826852930768,70.74325269516628,periodic reconstruction FFT,fast PRBS,7,4.194399894040544,5000.000126310628,0.9755864962807553,0.00039999998989515007,10-90% leave-one-period sensitivity; excludes systematic errors,<Ewe>/V,0.0,True,pass
38.14610052497141,0.061698193842436515,-0.016487337365946243,0.016487337365946243,0.06386313034010624,-14.961311858479345,0.06238077754624902,0.06479609106736071,-15.806812428813737,-14.177682741070528,0.001023303509566959,70.76070780916396,periodic reconstruction FFT,fast PRBS,7,4.194399894040544,5000.000126310628,0.9755864962807553,0.00039999998989515007,10-90% leave-one-period sensitivity; excludes systematic errors,<Ewe>/V,0.0,True,pass
38.38451365325248,0.06330854665505631,-0.01838204457326657,0.01838204457326657,0.06592322536306154,-16.190995720837083,0.0648181001119409,0.06690791312810383,-17.073868912681256,-15.62104927263836,0.001347446821149786,68.81637986380453,periodic reconstruction FFT,fast PRBS,7,4.194399894040544,5000.000126310628,0.9755864962807553,0.00039999998989515007,10-90% leave-one-period sensitivity; excludes systematic errors,<Ewe>/V,0.0,True,pass
38.62292678153355,0.05568545997190909,-0.015015794510165105,0.015015794510165105,0.057674470409832056,-15.091084170224693,0.056729929753223995,0.058346026363492405,-16.24544403961595,-14.254902507411352,0.0008630985694751528,71.64253902855411,periodic reconstruction FFT,fast PRBS,7,4.194399894040544,5000.000126310628,0.9755864962807553,0.00039999998989515007,10-90% leave-one-period sensitivity; excludes systematic errors,<Ewe>/V,0.0,True,pass
38.861339909814625,0.05757006756862423,-0.017334243139884492,0.017334243139884492,0.06012311256986445,-16.756953055150763,0.05956824179852776,0.06074847687173567,-17.272899430631508,-16.163207401986668,0.0009998402229532126,69.15772994810851,periodic reconstruction FFT,fast PRBS,7,4.194399894040544,5000.000126310628,0.9755864962807553,0.00039999998989515007,10-90% leave-one-period sensitivity; excludes systematic errors,<Ewe>/V,0.0,True,pass
39.09975303809569,0.05827127095663593,-0.017642887675754452,0.017642887675754452,0.060883597991913806,-16.844823406875996,0.06060305267477034,0.06120464491583238,-17.07846994618743,-16.605202842879244,0.0014531217395532122,74.98170427888155,periodic reconstruction FFT,fast PRBS,7,4.194399894040544,5000.000126310628,0.9755864962807553,0.00039999998989515007,10-90% leave-one-period sensitivity; excludes systematic errors,<Ewe>/V,0.0,True,pass
39.338166166376766,0.057836044543906374,-0.016917556385158846,0.016917556385158846,0.06025953669362013,-16.304666482021602,0.059682213792080385,0.060875659563055705,-16.599730798029093,-16.00792683746613,0.0010237691609359047,67.60846372049119,periodic reconstruction FFT,fast PRBS,7,4.194399894040544,5000.000126310628,0.9755864962807553,0.00039999998989515007,10-90% leave-one-period sensitivity; excludes systematic errors,<Ewe>/V,0.0,True,pass
39.57657929465784,0.05834721895633611,-0.017607469568005175,0.017607469568005175,0.06094604945791692,-16.792265158740562,0.06043826342576297,0.06130615602209377,-17.01900916075856,-16.570991917713123,0.0013006963924727518,72.65256381139906,periodic reconstruction FFT,fast PRBS,7,4.194399894040544,5000.000126310628,0.9755864962807553,0.00039999998989515007,10-90% leave-one-period sensitivity; excludes systematic errors,<Ewe>/V,0.0,True,pass
39.81499242293891,0.05825584849087021,-0.01673876543160249,0.01673876543160249,0.0606129536614529,-16.031048440952468,0.06036072228322229,0.060814822876883,-16.299032427328974,-15.670462688899997,0.0014118145726428769,73.06520404864669,periodic reconstruction FFT,fast PRBS,7,4.194399894040544,5000.000126310628,0.9755864962807553,0.00039999998989515007,10-90% leave-one-period sensitivity; excludes systematic errors,<Ewe>/V,0.0,True,pass
40.05340555121998,0.05671474535459789,-0.017036344754735384,0.017036344754735384,0.05921823522563875,-16.719559253002902,0.05874488518336558,0.05955969843653551,-17.143551948968863,-16.175729212758313,0.0008353060283821703,68.8890030608783,periodic reconstruction FFT,fast PRBS,7,4.194399894040544,5000.000126310628,0.9755864962807553,0.00039999998989515007,10-90% leave-one-period sensitivity; excludes systematic errors,<Ewe>/V,0.0,True,pass
40.29181867950105,0.05782252526647067,-0.016387517417311166,0.016387517417311166,0.06009987649982582,-15.82329270304642,0.059764825561171984,0.060467639911446894,-15.982096802944609,-15.631862983178626,0.0011754977602119435,76.71629319246412,periodic reconstruction FFT,fast PRBS,7,4.194399894040544,5000.000126310628,0.9755864962807553,0.00039999998989515007,10-90% leave-one-period sensitivity; excludes systematic errors,<Ewe>/V,0.0,True,pass
40.53023180778212,0.05917533333188743,-0.016147447214723016,0.016147447214723016,0.06133889570649486,-15.26297687098638,0.06110009078193862,0.06160236991094669,-15.49037040776032,-15.084634766523173,0.0012338383655800082,70.51851525547777,periodic reconstruction FFT,fast PRBS,7,4.194399894040544,5000.000126310628,0.9755864962807553,0.00039999998989515007,10-90% leave-one-period sensitivity; excludes systematic errors,<Ewe>/V,0.0,True,pass
40.7686449360632,0.058253884353406366,-0.015570061177528498,0.015570061177528498,0.06029877152423608,-14.964186542409122,0.0601049331335421,0.06048395207420675,-15.472276688448623,-14.530780403002428,0.0009255844469594504,71.89139012524637,periodic reconstruction FFT,fast PRBS,7,4.194399894040544,5000.000126310628,0.9755864962807553,0.00039999998989515007,10-90% leave-one-period sensitivity; excludes systematic errors,<Ewe>/V,0.0,True,pass
41.007058064344264,0.05853014422522664,-0.015909010138953947,0.015909010138953947,0.06065372524937912,-15.206127631316182,0.060383084270632076,0.06089330817496844,-15.383762511388587,-14.977900567211835,0.0011643796061518378,69.97955687352477,periodic reconstruction FFT,fast PRBS,7,4.194399894040544,5000.000126310628,0.9755864962807553,0.00039999998989515007,10-90% leave-one-period sensitivity; excludes systematic errors,<Ewe>/V,0.0,True,pass
41.24547119262534,0.05920381033796465,-0.016838434325129357,0.016838434325129357,0.0615517995598454,-15.876531528816692,0.06138470749458938,0.06175972088238175,-16.21189045412542,-15.646413681769516,0.0012164173196192102,72.86184986375062,periodic reconstruction FFT,fast PRBS,7,4.194399894040544,5000.000126310628,0.9755864962807553,0.00039999998989515007,10-90% leave-one-period sensitivity; excludes systematic errors,<Ewe>/V,0.0,True,pass
41.483884320906405,0.05869550676802735,-0.01743831484444118,0.01743831484444118,0.06123117947067002,-16.54657668246786,0.0608362740263535,0.06149627065595406,-16.892471225024625,-16.212902827073023,0.0010423765347285796,73.79224663323544,periodic reconstruction FFT,fast PRBS,7,4.194399894040544,5000.000126310628,0.9755864962807553,0.00039999998989515007,10-90% leave-one-period sensitivity; excludes systematic errors,<Ewe>/V,0.0,True,pass
41.72229744918748,0.05843107415410283,-0.018254863746380034,0.018254863746380034,0.06121625990863182,-17.349694624040147,0.060850113416226495,0.061464886318384274,-17.62802177837742,-17.086733854705347,0.0009558996999497323,70.49446015464757,periodic reconstruction FFT,fast PRBS,7,4.194399894040544,5000.000126310628,0.9755864962807553,0.00039999998989515007,10-90% leave-one-period sensitivity; excludes systematic errors,<Ewe>/V,0.0,True,pass
41.96071057746855,0.058211510452714145,-0.01777033044387341,0.01777033044387341,0.06086349146467776,-16.975950494525627,0.06074639847020248,0.060988769662000133,-17.09312885356993,-16.89174558898102,0.0014990729825430074,73.42460653563558,periodic reconstruction FFT,fast PRBS,7,4.194399894040544,5000.000126310628,0.9755864962807553,0.00039999998989515007,10-90% leave-one-period sensitivity; excludes systematic errors,<Ewe>/V,0.0,True,pass
42.19912370574962,0.05711004979995807,-0.018337662257835945,0.018337662257835945,0.05998189431183506,-17.80148358695555,0.05978513607125922,0.06023992289728018,-18.016069220441107,-17.49205916382407,0.001027882590322709,70.8115949653381,periodic reconstruction FFT,fast PRBS,7,4.194399894040544,5000.000126310628,0.9755864962807553,0.00039999998989515007,10-90% leave-one-period sensitivity; excludes systematic errors,<Ewe>/V,0.0,True,pass
42.437536834030695,0.057098153043905156,-0.017922927044418592,0.017922927044418592,0.059845053219666926,-17.426905745995295,0.05971103966860072,0.05994683929870364,-17.56749068544189,-17.268493960677475,0.0012645594445082886,74.49941948498702,periodic reconstruction FFT,fast PRBS,7,4.194399894040544,5000.000126310628,0.9755864962807553,0.00039999998989515007,10-90% leave-one-period sensitivity; excludes systematic errors,<Ewe>/V,0.0,True,pass
42.67594996231176,0.05733183175000261,-0.01772886246099951,0.01772886246099951,0.06001042822686441,-17.183305499593658,0.05978966765551018,0.060202334806438836,-17.323208978624727,-17.000167152364444,0.001186114075229617,70.0817936851567,periodic reconstruction FFT,fast PRBS,7,4.194399894040544,5000.000126310628,0.9755864962807553,0.00039999998989515007,10-90% leave-one-period sensitivity; excludes systematic errors,<Ewe>/V,0.0,True,pass
42.914363090592836,0.05666043431069022,-0.017270337200439512,0.017270337200439512,0.05923402200841106,-16.951440530478315,0.05905512096629573,0.05942715508967624,-17.088881048270668,-16.843248089125982,0.0012378122583635884,72.6699894878409,periodic reconstruction FFT,fast PRBS,7,4.194399894040544,5000.000126310628,0.9755864962807553,0.00039999998989515007,10-90% leave-one-period sensitivity; excludes systematic errors,<Ewe>/V,0.0,True,pass
43.1527762188739,0.056363264905070834,-0.01744544844053906,0.01744544844053906,0.05900136695069612,-17.198240626799457,0.05885211736134873,0.05921110395470007,-17.413792934757062,-16.929695904620647,0.0014634291584639369,73.80074099090965,periodic reconstruction FFT,fast PRBS,7,4.194399894040544,5000.000126310628,0.9755864962807553,0.00039999998989515007,10-90% leave-one-period sensitivity; excludes systematic errors,<Ewe>/V,0.0,True,pass
43.39118934715498,0.0580369759287709,-0.016628024970093636,0.016628024970093636,0.06037202820315705,-15.987401329183909,0.060110330370191804,0.060633019812844996,-16.214266468645896,-15.750812458697531,0.0009022229747783408,73.13483585278074,periodic reconstruction FFT,fast PRBS,7,4.194399894040544,5000.000126310628,0.9755864962807553,0.00039999998989515007,10-90% leave-one-period sensitivity; excludes systematic errors,<Ewe>/V,0.0,True,pass
43.62960247543605,0.05722802101456155,-0.0164254606341607,0.0164254606341607,0.05953857695887147,-16.014421246664224,0.059219674739812836,0.0598034862133318,-16.20415596031167,-15.811962027532825,0.0013572326002696234,74.45662593614118,periodic reconstruction FFT,fast PRBS,7,4.194399894040544,5000.000126310628,0.9755864962807553,0.00039999998989515007,10-90% leave-one-period sensitivity; excludes systematic errors,<Ewe>/V,0.0,True,pass
43.86801560371712,0.057219087884749414,-0.016381427040044742,0.016381427040044742,0.059517855894101114,-15.976049126781911,0.05933916872661948,0.05968151464451026,-16.095934708705823,-15.811672709183723,0.001642990325490009,76.84435650278911,periodic reconstruction FFT,fast PRBS,7,4.194399894040544,5000.000126310628,0.9755864962807553,0.00039999998989515007,10-90% leave-one-period sensitivity; excludes systematic errors,<Ewe>/V,0.0,True,pass
44.10642873199819,0.058649917675714015,-0.01653140031761363,0.01653140031761363,0.0609352118223054,-15.741323871467895,0.06072963028718583,0.061109384078108925,-15.965553629890548,-15.460275549707905,0.0009951115788631112,70.63512039509615,periodic reconstruction FFT,fast PRBS,7,4.194399894040544,5000.000126310628,0.9755864962807553,0.00039999998989515007,10-90% leave-one-period sensitivity; excludes systematic errors,<Ewe>/V,0.0,True,pass
44.34484186027926,0.058703593045897555,-0.018088573433556993,0.018088573433556993,0.061427260441594946,-17.125844920750712,0.06105709820575323,0.06176683579558772,-17.317492433730752,-16.947719064033855,0.0010079272494444625,74.39260124540964,periodic reconstruction FFT,fast PRBS,7,4.194399894040544,5000.000126310628,0.9755864962807553,0.00039999998989515007,10-90% leave-one-period sensitivity; excludes systematic errors,<Ewe>/V,0.0,True,pass
44.583254988560334,0.0582247894300468,-0.018107118401763028,0.018107118401763028,0.06097535437362177,-17.274983963436494,0.06084895840227383,0.06115213359205543,-17.41812958262515,-17.118580917869636,0.0013469773803926163,71.30728373597368,periodic reconstruction FFT,fast PRBS,7,4.194399894040544,5000.000126310628,0.9755864962807553,0.00039999998989515007,10-90% leave-one-period sensitivity; excludes systematic errors,<Ewe>/V,0.0,True,pass
44.82166811684141,0.05739674748188214,-0.018243660067131028,0.018243660067131028,0.06022638752360942,-17.63295276569176,0.06007673503995846,0.060417584302756136,-17.861434908282614,-17.408903307754706,0.0012369846633102758,74.41907344473506,periodic reconstruction FFT,fast PRBS,7,4.194399894040544,5000.000126310628,0.9755864962807553,0.00039999998989515007,10-90% leave-one-period sensitivity; excludes systematic errors,<Ewe>/V,0.0,True,pass
45.060081245122475,0.05726293847987383,-0.017875329251241086,0.017875329251241086,0.05998809481213827,-17.336394367258304,0.059901552137577425,0.06010913771641449,-17.521001020898634,-17.163513745954347,0.0012131680328369943,74.93543184496608,periodic reconstruction FFT,fast PRBS,7,4.194399894040544,5000.000126310628,0.9755864962807553,0.00039999998989515007,10-90% leave-one-period sensitivity; excludes systematic errors,<Ewe>/V,0.0,True,pass
45.29849437340355,0.057161667531591985,-0.01804553332815123,0.01804553332815123,0.0599424516356286,-17.52053739777773,0.05963222310364651,0.060139819439478395,-17.63158003893019,-17.379955974720716,0.0013167953252856378,70.23928294191003,periodic reconstruction FFT,fast PRBS,7,4.194399894040544,5000.000126310628,0.9755864962807553,0.00039999998989515007,10-90% leave-one-period sensitivity; excludes systematic errors,<Ewe>/V,0.0,True,pass
45.53690750168462,0.05630135431969103,-0.018961111324525607,0.018961111324525607,0.05940846943738279,-18.61244245041516,0.058805190750433535,0.05990750220795758,-18.756596749748127,-18.449125181064517,0.0007677685347409365,69.82531039406919,periodic reconstruction FFT,fast PRBS,7,4.194399894040544,5000.000126310628,0.9755864962807553,0.00039999998989515007,10-90% leave-one-period sensitivity; excludes systematic errors,<Ewe>/V,0.0,True,pass
45.77532062996569,0.055598649056025275,-0.018003489422130866,0.018003489422130866,0.05844087104268585,-17.942556541536938,0.058343866218677314,0.058510364984988864,-18.095344607017473,-17.802067051425205,0.0012535593948226178,72.27809798795539,periodic reconstruction FFT,fast PRBS,7,4.194399894040544,5000.000126310628,0.9755864962807553,0.00039999998989515007,10-90% leave-one-period sensitivity; excludes systematic errors,<Ewe>/V,0.0,True,pass
46.013733758246765,0.05551832448666214,-0.017445734622726538,0.017445734622726538,0.058194828037660774,-17.444481822758934,0.05813024885943028,0.05828328681984047,-17.77440985927373,-17.1691056285655,0.0010546804503061722,71.27905750300175,periodic reconstruction FFT,fast PRBS,7,4.194399894040544,5000.000126310628,0.9755864962807553,0.00039999998989515007,10-90% leave-one-period sensitivity; excludes systematic errors,<Ewe>/V,0.0,True,pass
46.25214688652783,0.0556269563999042,-0.01754316554587908,0.01754316554587908,0.058327702986548,-17.503797556912076,0.0582051551901978,0.05843676675933981,-17.75961994738082,-17.328654149496558,0.0013849413096831333,70.35857209110927,periodic reconstruction FFT,fast PRBS,7,4.194399894040544,5000.000126310628,0.9755864962807553,0.00039999998989515007,10-90% leave-one-period sensitivity; excludes systematic errors,<Ewe>/V,0.0,True,pass
46.490560014808906,0.05573666067549994,-0.01808509967886838,0.01808509967886838,0.058597322239590674,-17.976901254221815,0.05836658037335527,0.05880369940738094,-18.038797428482248,-17.930822685751927,0.001220415958889265,73.85396027638518,periodic reconstruction FFT,fast PRBS,7,4.194399894040544,5000.000126310628,0.9755864962807553,0.00039999998989515007,10-90% leave-one-period sensitivity; excludes systematic errors,<Ewe>/V,0.0,True,pass
46.72897314308997,0.057479869696988664,-0.01678151204146893,0.01678151204146893,0.059879500388536656,-16.275407205128513,0.05973329742936254,0.060060084223628234,-16.37937530230343,-16.1054540869178,0.0007780025987712478,69.18217098298666,periodic reconstruction FFT,fast PRBS,7,4.194399894040544,5000.000126310628,0.9755864962807553,0.00039999998989515007,10-90% leave-one-period sensitivity; excludes systematic errors,<Ewe>/V,0.0,True,pass
46.96738627137105,0.056513627189724476,-0.0173514607209234,0.0173514607209234,0.05911736840632298,-17.068132778750794,0.059005442665069234,0.05923917016290989,-17.282733068942495,-16.887201047396832,0.0014340083079584023,76.63177007772414,periodic reconstruction FFT,fast PRBS,7,4.194399894040544,5000.000126310628,0.9755864962807553,0.00039999998989515007,10-90% leave-one-period sensitivity; excludes systematic errors,<Ewe>/V,0.0,True,pass
47.20579939965212,0.05717600989843926,-0.017644090367141,0.017644090367141,0.0598365275796504,-17.149835844349624,0.0596939326700693,0.06001701422146933,-17.34576234765209,-16.949702215504463,0.0015403263654420517,72.87414427303683,periodic reconstruction FFT,fast PRBS,7,4.194399894040544,5000.000126310628,0.9755864962807553,0.00039999998989515007,10-90% leave-one-period sensitivity; excludes systematic errors,<Ewe>/V,0.0,True,pass
47.44421252793319,0.057178865684190075,-0.017112618788464203,0.017112618788464203,0.05968470828218856,-16.661507579723267,0.05941614406215793,0.05990285581650542,-16.829064199950945,-16.41882054561854,0.0010099653526534794,72.05283198733821,periodic reconstruction FFT,fast PRBS,7,4.194399894040544,5000.000126310628,0.9755864962807553,0.00039999998989515007,10-90% leave-one-period sensitivity; excludes systematic errors,<Ewe>/V,0.0,True,pass
47.68262565621426,0.05761285797981715,-0.018008337766311534,0.018008337766311534,0.060361756383559145,-17.357938231502832,0.060180630117755374,0.06057932014594456,-17.61025061708697,-17.149708486325576,0.0010330385376703115,70.2587446335828,periodic reconstruction FFT,fast PRBS,7,4.194399894040544,5000.000126310628,0.9755864962807553,0.00039999998989515007,10-90% leave-one-period sensitivity; excludes systematic errors,<Ewe>/V,0.0,True,pass
47.92103878449533,0.05734161672173745,-0.0187491218867648,0.0187491218867648,0.06032901938360513,-18.106312377802496,0.060053616553049055,0.06069634143006659,-18.32957786201488,-17.90151467859456,0.0011455267834191338,74.79763773037055,periodic reconstruction FFT,fast PRBS,7,4.194399894040544,5000.000126310628,0.9755864962807553,0.00039999998989515007,10-90% leave-one-period sensitivity; excludes systematic errors,<Ewe>/V,0.0,True,pass
48.159451912776404,0.05599235628800522,-0.019060387049906865,0.019060387049906865,0.0591476315432425,-18.79911429825558,0.0590163613566326,0.05929869624269085,-19.056607562845343,-18.54982842829213,0.0009455267615532891,70.37759687587766,periodic reconstruction FFT,fast PRBS,7,4.194399894040544,5000.000126310628,0.9755864962807553,0.00039999998989515007,10-90% leave-one-period sensitivity; excludes systematic errors,<Ewe>/V,0.0,True,pass
48.39786504105748,0.05608321013834332,-0.018650067058578582,0.018650067058578582,0.05910288876790248,-18.394173738685435,0.05890275620023369,0.05934865695004087,-18.47225525711233,-18.2659952369108,0.0014051029379385375,75.06033985858349,periodic reconstruction FFT,fast PRBS,7,4.194399894040544,5000.000126310628,0.9755864962807553,0.00039999998989515007,10-90% leave-one-period sensitivity; excludes systematic errors,<Ewe>/V,0.0,True,pass
48.636278169338546,0.05510826611531175,-0.01900025862840598,0.01900025862840598,0.05829177319469989,-19.023197725867522,0.05802262884769535,0.058504334328374985,-19.395194047740144,-18.590340518282357,0.0008583325402680542,68.54925771816148,periodic reconstruction FFT,fast PRBS,7,4.194399894040544,5000.000126310628,0.9755864962807553,0.00039999998989515007,10-90% leave-one-period sensitivity; excludes systematic errors,<Ewe>/V,0.0,True,pass
48.87469129761962,0.054950847606683256,-0.01934864611985292,0.01934864611985292,0.05825775278333543,-19.39758620844648,0.05812379354871897,0.058419017243284126,-19.64757882611126,-19.158372386747864,0.0012857741943131397,71.70808519385982,periodic reconstruction FFT,fast PRBS,7,4.194399894040544,5000.000126310628,0.9755864962807553,0.00039999998989515007,10-90% leave-one-period sensitivity; excludes systematic errors,<Ewe>/V,0.0,True,pass
49.11310442590069,0.055451005552505865,-0.01830340719147218,0.01830340719147218,0.05839373880478002,-18.267153138668352,0.05829859053804746,0.058501611940684047,-18.536969256386236,-18.032840372428836,0.0008935164985680869,67.91221719951635,periodic reconstruction FFT,fast PRBS,7,4.194399894040544,5000.000126310628,0.9755864962807553,0.00039999998989515007,10-90% leave-one-period sensitivity; excludes systematic errors,<Ewe>/V,0.0,True,pass
49.35151755418176,0.05390884067102635,-0.017861258314394165,0.017861258314394165,0.0567907356094955,-18.33123979608627,0.05650568823203854,0.0570541934726719,-18.515451868167112,-18.11944894474218,0.0011500603755351915,71.72197280285981,periodic reconstruction FFT,fast PRBS,7,4.194399894040544,5000.000126310628,0.9755864962807553,0.00039999998989515007,10-90% leave-one-period sensitivity; excludes systematic errors,<Ewe>/V,0.0,True,pass
49.589930682462835,0.05551507777642776,-0.01801903138666153,0.01801903138666153,0.05836616616359445,-17.982344574976437,0.05811275700492255,0.058526413194651766,-18.2786805552985,-17.753324644124447,0.0009938648294575824,71.82092007557623,periodic reconstruction FFT,fast PRBS,7,4.194399894040544,5000.000126310628,0.9755864962807553,0.00039999998989515007,10-90% leave-one-period sensitivity; excludes systematic errors,<Ewe>/V,0.0,True,pass
49.8283438107439,0.05567202125818117,-0.01769327801708455,0.01769327801708455,0.05841597416769854,-17.63091998513148,0.0580990333680463,0.05875556155111735,-18.083381211605968,-17.2845354483718,0.001233697749084695,71.05509616603382,periodic reconstruction FFT,fast PRBS,7,4.194399894040544,5000.000126310628,0.9755864962807553,0.00039999998989515007,10-90% leave-one-period sensitivity; excludes systematic errors,<Ewe>/V,0.0,True,pass
50.06675693902498,0.0551924225670589,-0.016116025878685165,0.016116025878685165,0.057497215575567154,-16.27764990088727,0.05711085744143836,0.057822026747283976,-16.583902554024576,-15.82153897346152,0.001070951262575035,70.00044283527163,periodic reconstruction FFT,fast PRBS,7,4.194399894040544,5000.000126310628,0.9755864962807553,0.00039999998989515007,10-90% leave-one-period sensitivity; excludes systematic errors,<Ewe>/V,0.0,True,pass
50.305170067306044,0.055967155126462435,-0.018209506078603686,0.018209506078603686,0.058854979097576914,-18.022845651773956,0.058441195851086696,0.05917868913506807,-18.239345151581183,-17.79664382351865,0.0009000753208149851,71.43473288544777,periodic reconstruction FFT,fast PRBS,7,4.194399894040544,5000.000126310628,0.9755864962807553,0.00039999998989515007,10-90% leave-one-period sensitivity; excludes systematic errors,<Ewe>/V,0.0,True,pass
50.54358319558712,0.05584894365438566,-0.017206485520928603,0.017206485520928603,0.05843943575440022,-17.12352749269788,0.058212210070518744,0.05865685277010091,-17.296714289533078,-16.88006702324935,0.001387306214733661,74.73384652458388,periodic reconstruction FFT,fast PRBS,7,4.194399894040544,5000.000126310628,0.9755864962807553,0.00039999998989515007,10-90% leave-one-period sensitivity; excludes systematic errors,<Ewe>/V,0.0,True,pass
50.781996323868185,0.05523490875409621,-0.017449873419718022,0.017449873419718022,0.0579257561662989,-17.53242614225684,0.0578159528781433,0.058036795534188286,-17.652303106944206,-17.414427322298412,0.0011407129599116154,72.615202358097,periodic reconstruction FFT,fast PRBS,7,4.194399894040544,5000.000126310628,0.9755864962807553,0.00039999998989515007,10-90% leave-one-period sensitivity; excludes systematic errors,<Ewe>/V,0.0,True,pass
51.02040945214926,0.05710776298589777,-0.018912977206532493,0.018912977206532493,0.060158102530484564,-18.323863515223284,0.060045158872662034,0.060291031474244146,-18.62494897337007,-17.86358774672797,0.0010462000627089268,69.89713751261144,periodic reconstruction FFT,fast PRBS,7,4.194399894040544,5000.000126310628,0.9755864962807553,0.00039999998989515007,10-90% leave-one-period sensitivity; excludes systematic errors,<Ewe>/V,0.0,True,pass
51.25882258043033,0.05562309967411299,-0.019175897319781476,0.019175897319781476,0.058835739609314944,-19.02147989100319,0.05865310018589354,0.05904768012438035,-19.19505494617956,-18.916231831295736,0.001298180537989347,73.22911555412647,periodic reconstruction FFT,fast PRBS,7,4.194399894040544,5000.000126310628,0.9755864962807553,0.00039999998989515007,10-90% leave-one-period sensitivity; excludes systematic errors,<Ewe>/V,0.0,True,pass
51.4972357087114,0.055179101510540715,-0.019377349283807382,0.019377349283807382,0.05848260347126508,-19.34984106628162,0.05818778640791176,0.05872277907608407,-19.625595970158138,-19.07329668234246,0.0012844337771222576,70.14679736913199,periodic reconstruction FFT,fast PRBS,7,4.194399894040544,5000.000126310628,0.9755864962807553,0.00039999998989515007,10-90% leave-one-period sensitivity; excludes systematic errors,<Ewe>/V,0.0,True,pass
51.735648836992475,0.054965434837728595,-0.019138935312320176,0.019138935312320176,0.05820221535121979,-19.19809023193098,0.058089976501162495,0.05832003342124518,-19.34842068705038,-19.091312361687134,0.0012109519163349379,69.94935717606873,periodic reconstruction FFT,fast PRBS,7,4.194399894040544,5000.000126310628,0.9755864962807553,0.00039999998989515007,10-90% leave-one-period sensitivity; excludes systematic errors,<Ewe>/V,0.0,True,pass
51.97406196527354,0.05443033721214749,-0.018980972262530153,0.018980972262530153,0.0576449383472567,-19.224708636109252,0.0573503246395744,0.0579665420471262,-19.44425430382026,-18.99188196879595,0.000983687636940637,71.6480927178767,periodic reconstruction FFT,fast PRBS,7,4.194399894040544,5000.000126310628,0.9755864962807553,0.00039999998989515007,10-90% leave-one-period sensitivity; excludes systematic errors,<Ewe>/V,0.0,True,pass
52.212475093554616,0.053516650407062036,-0.01812701515597601,0.01812701515597601,0.0565032791018068,-18.71212949965531,0.05625133309225041,0.05676386937499454,-18.912578813426048,-18.46042116590385,0.0010116975616655994,70.5292779543415,periodic reconstruction FFT,fast PRBS,7,4.194399894040544,5000.000126310628,0.9755864962807553,0.00039999998989515007,10-90% leave-one-period sensitivity; excludes systematic errors,<Ewe>/V,0.0,True,pass
52.45088822183569,0.05424841951077163,-0.01811952577044565,0.01811952577044565,0.05719447729949556,-18.469845479541643,0.056935776807463485,0.057419858178750734,-18.664022299871906,-18.28156192926651,0.0011342237723828141,73.57846421126715,periodic reconstruction FFT,fast PRBS,7,4.194399894040544,5000.000126310628,0.9755864962807553,0.00039999998989515007,10-90% leave-one-period sensitivity; excludes systematic errors,<Ewe>/V,0.0,True,pass
52.68930135011676,0.05411782040384161,-0.01843919356843631,0.01843919356843631,0.05717291618167398,-18.815164450250126,0.057039903184051804,0.05728552309504411,-18.928196972081885,-18.674519203740793,0.001418654144366696,74.3692369027955,periodic reconstruction FFT,fast PRBS,7,4.194399894040544,5000.000126310628,0.9755864962807553,0.00039999998989515007,10-90% leave-one-period sensitivity; excludes systematic errors,<Ewe>/V,0.0,True,pass
52.92771447839783,0.054514966147517115,-0.017944195666743348,0.017944195666743348,0.05739229645336827,-18.219523972611135,0.057272358888734116,0.05756350195236169,-18.41604458069028,-18.04557953807654,0.0012022042910390756,72.49923427606988,periodic reconstruction FFT,fast PRBS,7,4.194399894040544,5000.000126310628,0.9755864962807553,0.00039999998989515007,10-90% leave-one-period sensitivity; excludes systematic errors,<Ewe>/V,0.0,True,pass
53.1661276066789,0.05474640811815668,-0.018213169366870455,0.018213169366870455,0.05769652277413328,-18.401378865250155,0.05747699464084208,0.057906061028422044,-18.55819560689291,-18.251583960384583,0.0008768753125396811,70.42932197650289,periodic reconstruction FFT,fast PRBS,7,4.194399894040544,5000.000126310628,0.9755864962807553,0.00039999998989515007,10-90% leave-one-period sensitivity; excludes systematic errors,<Ewe>/V,0.0,True,pass
53.40454073495997,0.055039158216315665,-0.017954107806822488,0.017954107806822488,0.0578935136634462,-18.066640769102683,0.05773386871610977,0.05807456020815167,-18.243205992655806,-17.895411350077794,0.0013182828842791638,73.77537200016857,periodic reconstruction FFT,fast PRBS,7,4.194399894040544,5000.000126310628,0.9755864962807553,0.00039999998989515007,10-90% leave-one-period sensitivity; excludes systematic errors,<Ewe>/V,0.0,True,pass
53.64295386324105,0.05528261157337695,-0.017956482874746157,0.017956482874746157,0.058125746615453666,-17.994444059613947,0.05802098856364529,0.05826058828728199,-18.154189126041523,-17.8906490793815,0.0012761039057849171,71.8285510919117,periodic reconstruction FFT,fast PRBS,7,4.194399894040544,5000.000126310628,0.9755864962807553,0.00039999998989515007,10-90% leave-one-period sensitivity; excludes systematic errors,<Ewe>/V,0.0,True,pass
53.881366991522114,0.05554657306153165,-0.01847568552723864,0.01847568552723864,0.058538643087976405,-18.397956823607412,0.05839651905884317,0.05868098263395541,-18.550718134399958,-18.18836966238321,0.000966149841004839,68.68447992231258,periodic reconstruction FFT,fast PRBS,7,4.194399894040544,5000.000126310628,0.9755864962807553,0.00039999998989515007,10-90% leave-one-period sensitivity; excludes systematic errors,<Ewe>/V,0.0,True,pass
54.11978011980319,0.05525118987246155,-0.018496013227962353,0.018496013227962353,0.05826488211308554,-18.508601565515264,0.058088388840247834,0.05841289933289219,-18.724241310875158,-18.342108526360903,0.0013946876078694754,73.57681746275644,periodic reconstruction FFT,fast PRBS,7,4.194399894040544,5000.000126310628,0.9755864962807553,0.00039999998989515007,10-90% leave-one-period sensitivity; excludes systematic errors,<Ewe>/V,0.0,True,pass
54.358193248084255,0.05526947606711937,-0.018825154251911027,0.018825154251911027,0.05838751079933212,-18.80918715943672,0.05818160201666822,0.05853938078788422,-18.913225594469896,-18.730973234887234,0.0013202376466826032,73.63766893461882,periodic reconstruction FFT,fast PRBS,7,4.194399894040544,5000.000126310628,0.9755864962807553,0.00039999998989515007,10-90% leave-one-period sensitivity; excludes systematic errors,<Ewe>/V,0.0,True,pass
54.59660637636533,0.055063672722012645,-0.020198668391701133,0.020198668391701133,0.05865146424800344,-20.1442416322659,0.05849207122569856,0.05888692962058299,-20.378865210964655,-19.867367114805774,0.0010236195007558297,71.98056838633441,periodic reconstruction FFT,fast PRBS,7,4.194399894040544,5000.000126310628,0.9755864962807553,0.00039999998989515007,10-90% leave-one-period sensitivity; excludes systematic errors,<Ewe>/V,0.0,True,pass
54.835019504646404,0.05444158944929136,-0.019613905031382904,0.019613905031382904,0.057867019383629044,-19.812787769059685,0.057757227527093565,0.05801353985353464,-19.963822880489243,-19.69027009704662,0.0015039082678389441,72.26041069242262,periodic reconstruction FFT,fast PRBS,7,4.194399894040544,5000.000126310628,0.9755864962807553,0.00039999998989515007,10-90% leave-one-period sensitivity; excludes systematic errors,<Ewe>/V,0.0,True,pass
55.07343263292747,0.05351377857101559,-0.019539415244402426,0.019539415244402426,0.05696940621983762,-20.0585878463102,0.05682574177584138,0.05712893343865621,-20.302962286513544,-19.71789395691822,0.0008609346160372092,70.54140763059081,periodic reconstruction FFT,fast PRBS,7,4.194399894040544,5000.000126310628,0.9755864962807553,0.00039999998989515007,10-90% leave-one-period sensitivity; excludes systematic errors,<Ewe>/V,0.0,True,pass
55.311845761208545,0.053412314306188174,-0.019357291084974467,0.019357291084974467,0.05681179488179779,-19.92115011707399,0.056590027797561226,0.057043450780606256,-20.114322878383007,-19.76915483526665,0.0012102741346659094,69.6855044588043,periodic reconstruction FFT,fast PRBS,7,4.194399894040544,5000.000126310628,0.9755864962807553,0.00039999998989515007,10-90% leave-one-period sensitivity; excludes systematic errors,<Ewe>/V,0.0,True,pass
55.55025888948961,0.05363573557082687,-0.018611324622560804,0.018611324622560804,0.05677300004782204,-19.136511392750247,0.056476590422345506,0.05701963532288935,-19.46759002542201,-18.79717720829723,0.0008174187835695078,67.73025138319801,periodic reconstruction FFT,fast PRBS,7,4.194399894040544,5000.000126310628,0.9755864962807553,0.00039999998989515007,10-90% leave-one-period sensitivity; excludes systematic errors,<Ewe>/V,0.0,True,pass
55.788672017770686,0.05354908785862684,-0.01835915999864345,0.01835915999864345,0.056608864732890785,-18.92413959757733,0.05645342890233081,0.05669569548121459,-19.06149236632441,-18.80710640534556,0.001516340327311346,75.02928358675713,periodic reconstruction FFT,fast PRBS,7,4.194399894040544,5000.000126310628,0.9755864962807553,0.00039999998989515007,10-90% leave-one-period sensitivity; excludes systematic errors,<Ewe>/V,0.0,True,pass
56.02708514605176,0.053477911009254815,-0.017957390212902984,0.017957390212902984,0.056412364151595715,-18.561577186546273,0.05624981352658396,0.05657958354146257,-18.712575055413694,-18.436511902694097,0.0013654923032308374,75.99610184267105,periodic reconstruction FFT,fast PRBS,7,4.194399894040544,5000.000126310628,0.9755864962807553,0.00039999998989515007,10-90% leave-one-period sensitivity; excludes systematic errors,<Ewe>/V,0.0,True,pass
56.26549827433283,0.05313267109704158,-0.01745211546400107,0.01745211546400107,0.055925459963018835,-18.183437310095478,0.055739852611010395,0.05615278863447824,-18.275662730038807,-18.06620437748109,0.0012850975747349179,73.7827127981624,periodic reconstruction FFT,fast PRBS,7,4.194399894040544,5000.000126310628,0.9755864962807553,0.00039999998989515007,10-90% leave-one-period sensitivity; excludes systematic errors,<Ewe>/V,0.0,True,pass
56.5039114026139,0.05384020404814001,-0.018079487296544017,0.018079487296544017,0.0567946778567433,-18.562000289740745,0.05655218244707381,0.05699285466558207,-18.66552848953067,-18.468035048187772,0.0010716521226021324,69.72107784231574,periodic reconstruction FFT,fast PRBS,7,4.194399894040544,5000.000126310628,0.9755864962807553,0.00039999998989515007,10-90% leave-one-period sensitivity; excludes systematic errors,<Ewe>/V,0.0,True,pass
56.74232453089497,0.05450162240764331,-0.017958767496373443,0.017958767496373443,0.05738418052960351,-18.237509537546476,0.05718430650986773,0.05757613558378141,-18.355332354032264,-18.10689430696172,0.0010040605609446976,68.31816499878728,periodic reconstruction FFT,fast PRBS,7,4.194399894040544,5000.000126310628,0.9755864962807553,0.00039999998989515007,10-90% leave-one-period sensitivity; excludes systematic errors,<Ewe>/V,0.0,True,pass
56.98073765917604,0.05395874787487305,-0.017947398881554808,0.017947398881554808,0.056865240690933086,-18.397813034991998,0.05663179434645278,0.05713758806599284,-18.66084883822161,-18.137842047880504,0.0008600501814723162,67.71791469159464,periodic reconstruction FFT,fast PRBS,7,4.194399894040544,5000.000126310628,0.9755864962807553,0.00039999998989515007,10-90% leave-one-period sensitivity; excludes systematic errors,<Ewe>/V,0.0,True,pass
57.21915078745711,0.05389123214943361,-0.018711715706601257,0.018711715706601257,0.05704728921928556,-19.147646290401187,0.05688367737062787,0.05722728517814997,-19.28697858764383,-19.030905881560834,0.0015752649546775497,76.40123440705307,periodic reconstruction FFT,fast PRBS,7,4.194399894040544,5000.000126310628,0.9755864962807553,0.00039999998989515007,10-90% leave-one-period sensitivity; excludes systematic errors,<Ewe>/V,0.0,True,pass
57.457563915738184,0.05475980362927839,-0.019533084067799564,0.019533084067799564,0.058139293655124984,-19.631560697242385,0.057934704745424115,0.058399666150067586,-19.865340637599097,-19.40034393334314,0.0012152765200592074,71.75649254700792,periodic reconstruction FFT,fast PRBS,7,4.194399894040544,5000.000126310628,0.9755864962807553,0.00039999998989515007,10-90% leave-one-period sensitivity; excludes systematic errors,<Ewe>/V,0.0,True,pass
57.69597704401926,0.054243576046116085,-0.019500437791838354,0.019500437791838354,0.05764228149842905,-19.773391683506393,0.057350233337750925,0.057948255818852476,-20.146893198050012,-19.432235174656746,0.0007850372212184995,69.11639743470543,periodic reconstruction FFT,fast PRBS,7,4.194399894040544,5000.000126310628,0.9755864962807553,0.00039999998989515007,10-90% leave-one-period sensitivity; excludes systematic errors,<Ewe>/V,0.0,True,pass
57.934390172300326,0.052850857770741146,-0.0203644638339711,0.0203644638339711,0.056638543010464414,-21.072644621901777,0.056477894119477984,0.05680706229081692,-21.384081902418654,-20.817212340141804,0.0012221580406428824,72.83620086794775,periodic reconstruction FFT,fast PRBS,7,4.194399894040544,5000.000126310628,0.9755864962807553,0.00039999998989515007,10-90% leave-one-period sensitivity; excludes systematic errors,<Ewe>/V,0.0,True,pass
58.1728033005814,0.05183873039539224,-0.019561933156424426,0.019561933156424426,0.05540688763883585,-20.674568048774486,0.05518075708817676,0.055606898314921646,-20.857343542029408,-20.57328990373123,0.0011823281886709357,74.47356399495112,periodic reconstruction FFT,fast PRBS,7,4.194399894040544,5000.000126310628,0.9755864962807553,0.00039999998989515007,10-90% leave-one-period sensitivity; excludes systematic errors,<Ewe>/V,0.0,True,pass
58.41121642886247,0.05250676351086309,-0.020167552599230656,0.020167552599230656,0.056246692278110355,-21.01150177828631,0.05604321371521973,0.056433502947129316,-21.40183673883875,-20.695718264252022,0.0011419872681033174,71.26287478711271,periodic reconstruction FFT,fast PRBS,7,4.194399894040544,5000.000126310628,0.9755864962807553,0.00039999998989515007,10-90% leave-one-period sensitivity; excludes systematic errors,<Ewe>/V,0.0,True,pass
58.64962955714354,0.051217626563881326,-0.019194412748089744,0.019194412748089744,0.054696167613291075,-20.54408181154046,0.05455522030353349,0.05487095268862184,-20.799825340041448,-20.293875356314256,0.0009751117517744295,69.58765972593467,periodic reconstruction FFT,fast PRBS,7,4.194399894040544,5000.000126310628,0.9755864962807553,0.00039999998989515007,10-90% leave-one-period sensitivity; excludes systematic errors,<Ewe>/V,0.0,True,pass
58.888042685424615,0.05204153190700716,-0.019206242805244293,0.019206242805244293,0.05547252298140082,-20.256887912024695,0.055265215099792174,0.05567118850908361,-20.452768636025933,-20.116878192766574,0.0010428808030909723,71.86372131029684,periodic reconstruction FFT,fast PRBS,7,4.194399894040544,5000.000126310628,0.9755864962807553,0.00039999998989515007,10-90% leave-one-period sensitivity; excludes systematic errors,<Ewe>/V,0.0,True,pass
59.12645581370568,0.05237769074863332,-0.017866189498336817,0.017866189498336817,0.05534097230217363,-18.834664836786647,0.05519661112482074,0.05549885798918079,-19.11138443936692,-18.502174999460305,0.0010157827501561588,66.84990428080444,periodic reconstruction FFT,fast PRBS,7,4.194399894040544,5000.000126310628,0.9755864962807553,0.00039999998989515007,10-90% leave-one-period sensitivity; excludes systematic errors,<Ewe>/V,0.0,True,pass
59.36486894198676,0.052551324419703685,-0.017795438248320607,0.017795438248320607,0.05548260376653872,-18.70762605774595,0.05531696256903256,0.05570197590117763,-19.053279270002115,-18.390144540517454,0.0009831982777480665,69.45278143774969,periodic reconstruction FFT,fast PRBS,7,4.194399894040544,5000.000126310628,0.9755864962807553,0.00039999998989515007,10-90% leave-one-period sensitivity; excludes systematic errors,<Ewe>/V,0.0,True,pass
59.603282070267824,0.0519326257715308,-0.018486925949534876,0.018486925949534876,0.055124985719630364,-19.594663340899473,0.054957447594470306,0.05524876305130339,-19.741757690584816,-19.46283567731336,0.0009051419713830801,74.73504941447078,periodic reconstruction FFT,fast PRBS,7,4.194399894040544,5000.000126310628,0.9755864962807553,0.00039999998989515007,10-90% leave-one-period sensitivity; excludes systematic errors,<Ewe>/V,0.0,True,pass
59.8416951985489,0.05245255630651837,-0.01763190612302211,0.01763190612302211,0.0553367398445151,-18.58005038988809,0.055104065762075466,0.055532967305757214,-18.67402934888362,-18.490803761193593,0.0013566773872551825,72.79749290482818,periodic reconstruction FFT,fast PRBS,7,4.194399894040544,5000.000126310628,0.9755864962807553,0.00039999998989515007,10-90% leave-one-period sensitivity; excludes systematic errors,<Ewe>/V,0.0,True,pass
60.08010832682997,0.05284923596834414,-0.01808941875831819,0.01808941875831819,0.05585936638963527,-18.895226495920976,0.05568961967560019,0.056051557241716454,-19.21742228390258,-18.619384016540447,0.0007350747770539019,68.03905323644545,periodic reconstruction FFT,fast PRBS,7,4.194399894040544,5000.000126310628,0.9755864962807553,0.00039999998989515007,10-90% leave-one-period sensitivity; excludes systematic errors,<Ewe>/V,0.0,True,pass
60.31852145511104,0.05325745733886849,-0.018585015152091194,0.018585015152091194,0.05640708776745043,-19.2372251278176,0.056316803397504236,0.05655138675846774,-19.431525761054125,-19.017579055155135,0.0012629017973044868,72.80183939502913,periodic reconstruction FFT,fast PRBS,7,4.194399894040544,5000.000126310628,0.9755864962807553,0.00039999998989515007,10-90% leave-one-period sensitivity; excludes systematic errors,<Ewe>/V,0.0,True,pass
60.55693458339211,0.053227958445983006,-0.019301381385691933,0.019301381385691933,0.05661942143578676,-19.931523321410896,0.056507385126581745,0.05675149729855486,-20.13946326623395,-19.764295987363074,0.0015016066729014264,73.61802810604412,periodic reconstruction FFT,fast PRBS,7,4.194399894040544,5000.000126310628,0.9755864962807553,0.00039999998989515007,10-90% leave-one-period sensitivity; excludes systematic errors,<Ewe>/V,0.0,True,pass
60.79534771167318,0.05312369712443048,-0.01885488278891194,0.01885488278891194,0.05637050470903937,-19.541002495015874,0.05614526125337174,0.056627784715790025,-19.63791363907214,-19.44124751349075,0.0011439347716300093,71.95870532292231,periodic reconstruction FFT,fast PRBS,7,4.194399894040544,5000.000126310628,0.9755864962807553,0.00039999998989515007,10-90% leave-one-period sensitivity; excludes systematic errors,<Ewe>/V,0.0,True,pass
61.033760839954255,0.05288857221077382,-0.019841010384313032,0.019841010384313032,0.05648775764326863,-20.563449073444232,0.05633838338956121,0.056659427855928216,-20.777922918086123,-20.300411077906137,0.0009087521712395341,69.17088101587684,periodic reconstruction FFT,fast PRBS,7,4.194399894040544,5000.000126310628,0.9755864962807553,0.00039999998989515007,10-90% leave-one-period sensitivity; excludes systematic errors,<Ewe>/V,0.0,True,pass
61.27217396823533,0.051632188955610156,-0.020269492788478508,0.020269492788478508,0.05546832676627279,-21.43371749450342,0.055317394150053406,0.05559925376573646,-21.735114830566534,-21.12931015873318,0.0011658774230127102,75.30733565196107,periodic reconstruction FFT,fast PRBS,7,4.194399894040544,5000.000126310628,0.9755864962807553,0.00039999998989515007,10-90% leave-one-period sensitivity; excludes systematic errors,<Ewe>/V,0.0,True,pass
61.510587096516396,0.052676872152637236,-0.01880349007427035,0.01880349007427035,0.05593231712309506,-19.64448717122411,0.05574667491011524,0.056181240785708915,-19.94441547991302,-19.3395610407931,0.0008398149397614843,69.9553822885676,periodic reconstruction FFT,fast PRBS,7,4.194399894040544,5000.000126310628,0.9755864962807553,0.00039999998989515007,10-90% leave-one-period sensitivity; excludes systematic errors,<Ewe>/V,0.0,True,pass
61.74900022479747,0.05252730977187144,-0.01948455775748882,0.01948455775748882,0.056024693331378966,-20.35190620277084,0.055888650536005724,0.05616991743341306,-20.49913852829184,-20.23111159504114,0.001324540657922828,73.14437953169171,periodic reconstruction FFT,fast PRBS,7,4.194399894040544,5000.000126310628,0.9755864962807553,0.00039999998989515007,10-90% leave-one-period sensitivity; excludes systematic errors,<Ewe>/V,0.0,True,pass
61.98741335307854,0.05188143396144655,-0.01935404360156877,0.01935404360156877,0.05537384033663698,-20.45771484341705,0.055130102299718986,0.05562193030369424,-20.600551699100645,-20.289604773431954,0.0011377373676254607,71.7189876841056,periodic reconstruction FFT,fast PRBS,7,4.194399894040544,5000.000126310628,0.9755864962807553,0.00039999998989515007,10-90% leave-one-period sensitivity; excludes systematic errors,<Ewe>/V,0.0,True,pass
62.22582648135961,0.05091582692486504,-0.019132558426785056,0.019132558426785056,0.05439187644673748,-20.594633283832,0.054237985666656885,0.054557006693992396,-20.79610462519848,-20.35934383612487,0.0010273787190158046,73.34549661619522,periodic reconstruction FFT,fast PRBS,7,4.194399894040544,5000.000126310628,0.9755864962807553,0.00039999998989515007,10-90% leave-one-period sensitivity; excludes systematic errors,<Ewe>/V,0.0,True,pass
62.464239609640686,0.051004192113869466,-0.01831186658798669,0.01831186658798669,0.054191808155151344,-19.749492954723102,0.05402565850183521,0.05442102007064297,-19.883577546319458,-19.630898476103116,0.0011991710866748853,73.23836205253183,periodic reconstruction FFT,fast PRBS,7,4.194399894040544,5000.000126310628,0.9755864962807553,0.00039999998989515007,10-90% leave-one-period sensitivity; excludes systematic errors,<Ewe>/V,0.0,True,pass
62.70265273792175,0.052052289278342476,-0.016906470614985604,0.016906470614985604,0.05472905597369297,-17.993684125665247,0.0543220579832833,0.05508008827345577,-18.248243352655024,-17.783016449415634,0.0005683307516419153,66.42139297963233,periodic reconstruction FFT,fast PRBS,7,4.194399894040544,5000.000126310628,0.9755864962807553,0.00039999998989515007,10-90% leave-one-period sensitivity; excludes systematic errors,<Ewe>/V,0.0,True,pass
62.94106586620283,0.05178266484253283,-0.018035607908310936,0.018035607908310936,0.054833635031943787,-19.202936786673767,0.05468621194540813,0.05497341041759739,-19.380922522761466,-19.020539056506443,0.0013321903628532355,71.19049487612511,periodic reconstruction FFT,fast PRBS,7,4.194399894040544,5000.000126310628,0.9755864962807553,0.00039999998989515007,10-90% leave-one-period sensitivity; excludes systematic errors,<Ewe>/V,0.0,True,pass
63.179478994483894,0.05200116572349754,-0.018074683796897372,0.018074683796897372,0.055052842169687116,-19.166545652129003,0.054886728817841936,0.05521502786463114,-19.321731474031235,-18.969860578074297,0.0013101120977765067,72.95373059730161,periodic reconstruction FFT,fast PRBS,7,4.194399894040544,5000.000126310628,0.9755864962807553,0.00039999998989515007,10-90% leave-one-period sensitivity; excludes systematic errors,<Ewe>/V,0.0,True,pass
63.41789212276497,0.05246703445806007,-0.01742801690014229,0.01742801690014229,0.055285852420803895,-18.374980591159304,0.05444255158214798,0.05601554041252792,-18.78145536916403,-17.869474965406216,0.00044978413240255306,64.57546484070413,periodic reconstruction FFT,fast PRBS,7,4.194399894040544,5000.000126310628,0.9755864962807553,0.00039999998989515007,10-90% leave-one-period sensitivity; excludes systematic errors,<Ewe>/V,0.0,True,pass
63.65630525104604,0.05292895011914319,-0.018662628921737652,0.018662628921737652,0.05612278930154155,-19.422535841372547,0.055771421785471925,0.05641348357533836,-19.59075076435032,-19.298996746081077,0.00122251344852377,71.19800795435063,periodic reconstruction FFT,fast PRBS,7,4.194399894040544,5000.000126310628,0.9755864962807553,0.00039999998989515007,10-90% leave-one-period sensitivity; excludes systematic errors,<Ewe>/V,0.0,True,pass
63.89471837932711,0.05225329744100316,-0.019200006199179064,0.019200006199179064,0.05566908775529255,-20.17540404925932,0.05559780213744743,0.05575746881506319,-20.256811692008586,-20.046065690044237,0.001646480324027786,75.40723743492508,periodic reconstruction FFT,fast PRBS,7,4.194399894040544,5000.000126310628,0.9755864962807553,0.00039999998989515007,10-90% leave-one-period sensitivity; excludes systematic errors,<Ewe>/V,0.0,True,pass
64.13313150760818,0.05165543187966454,-0.019702195411850795,0.019702195411850795,0.05528526156871665,-20.877639034603522,0.05514464379007992,0.055429481565310926,-21.172138249224727,-20.557582806625277,0.0007937561307265475,70.07913118282603,periodic reconstruction FFT,fast PRBS,7,4.194399894040544,5000.000126310628,0.9755864962807553,0.00039999998989515007,10-90% leave-one-period sensitivity; excludes systematic errors,<Ewe>/V,0.0,True,pass
64.37154463588925,0.05203884303009516,-0.01969343380051545,0.01969343380051545,0.05564056540660031,-20.72850671451192,0.055421742429108876,0.05583082905398725,-20.994629227202815,-20.33964248182897,0.00109654207849676,71.64520550897785,periodic reconstruction FFT,fast PRBS,7,4.194399894040544,5000.000126310628,0.9755864962807553,0.00039999998989515007,10-90% leave-one-period sensitivity; excludes systematic errors,<Ewe>/V,0.0,True,pass
64.60995776417032,0.05113590523952735,-0.019486117077042092,0.019486117077042092,0.05472284315901461,-20.860105728315535,0.05453241601765057,0.05499300066092394,-20.98490110117543,-20.726477124039913,0.0014272850825071358,77.03920771838463,periodic reconstruction FFT,fast PRBS,7,4.194399894040544,5000.000126310628,0.9755864962807553,0.00039999998989515007,10-90% leave-one-period sensitivity; excludes systematic errors,<Ewe>/V,0.0,True,pass
64.8483708924514,0.05100698731570462,-0.019609711422278193,0.019609711422278193,0.05464662420579591,-21.029329385108557,0.054532503902406736,0.054773302311836046,-21.17646602921988,-20.893929625759785,0.0014755982011845534,76.49809848288,periodic reconstruction FFT,fast PRBS,7,4.194399894040544,5000.000126310628,0.9755864962807553,0.00039999998989515007,10-90% leave-one-period sensitivity; excludes systematic errors,<Ewe>/V,0.0,True,pass
65.08678402073247,0.05084825007921256,-0.0187562107574267,0.0187562107574267,0.054197232199579615,-20.24732297952249,0.05405081047154643,0.05432630893257868,-20.304241374327614,-20.19806986405121,0.0012082693439821642,73.05585988204429,periodic reconstruction FFT,fast PRBS,7,4.194399894040544,5000.000126310628,0.9755864962807553,0.00039999998989515007,10-90% leave-one-period sensitivity; excludes systematic errors,<Ewe>/V,0.0,True,pass
65.32519714901353,0.05044016877230589,-0.01894771593621062,0.01894771593621062,0.05388159764685929,-20.588556130346955,0.053578678137432355,0.0541847682036988,-20.717930620293316,-20.4103414862768,0.0011027243240587378,74.09106781087816,periodic reconstruction FFT,fast PRBS,7,4.194399894040544,5000.000126310628,0.9755864962807553,0.00039999998989515007,10-90% leave-one-period sensitivity; excludes systematic errors,<Ewe>/V,0.0,True,pass
65.56361027729461,0.05069053152397367,-0.01782200736527579,0.01782200736527579,0.05373224295254119,-19.37088607555713,0.05360632758716983,0.05384376169271259,-19.497390598366533,-19.255021888412735,0.001054733947105742,70.78384903025578,periodic reconstruction FFT,fast PRBS,7,4.194399894040544,5000.000126310628,0.9755864962807553,0.00039999998989515007,10-90% leave-one-period sensitivity; excludes systematic errors,<Ewe>/V,0.0,True,pass
65.80202340557568,0.050908571746917604,-0.01884117901090546,0.01884117901090546,0.05428326357020221,-20.30943064734217,0.05410911527301368,0.054416980948517095,-20.49041296292614,-20.157539680522575,0.0013996074779890181,69.42275344802403,periodic reconstruction FFT,fast PRBS,7,4.194399894040544,5000.000126310628,0.9755864962807553,0.00039999998989515007,10-90% leave-one-period sensitivity; excludes systematic errors,<Ewe>/V,0.0,True,pass
66.04043653385675,0.0519368687458697,-0.018672202422728334,0.018672202422728334,0.055191389531710815,-19.774388600562418,0.05499947681850274,0.0553434290036652,-20.06189136937684,-19.48040664579,0.001108483162860878,68.82643296658958,periodic reconstruction FFT,fast PRBS,7,4.194399894040544,5000.000126310628,0.9755864962807553,0.00039999998989515007,10-90% leave-one-period sensitivity; excludes systematic errors,<Ewe>/V,0.0,True,pass
66.27884966213783,0.052421060590480725,-0.018059516705697512,0.018059516705697512,0.05544469079248453,-19.009280387473492,0.05510240912996405,0.05579216844286889,-19.27605696055788,-18.596111317239412,0.0007699391223192049,67.25662714940385,periodic reconstruction FFT,fast PRBS,7,4.194399894040544,5000.000126310628,0.9755864962807553,0.00039999998989515007,10-90% leave-one-period sensitivity; excludes systematic errors,<Ewe>/V,0.0,True,pass
66.5172627904189,0.05167858445513318,-0.01784333951598511,0.01784333951598511,0.05467230428991491,-19.048529693843943,0.054471970020859815,0.05489467218423649,-19.39622192648862,-18.73811725525177,0.0009479155019128725,68.47789629271729,periodic reconstruction FFT,fast PRBS,7,4.194399894040544,5000.000126310628,0.9755864962807553,0.00039999998989515007,10-90% leave-one-period sensitivity; excludes systematic errors,<Ewe>/V,0.0,True,pass
66.75567591869996,0.051545033302685866,-0.018304176383712033,0.018304176383712033,0.05469856790868511,-19.550478641377257,0.054436898494500764,0.054938435920542796,-19.87738838793438,-19.183338472276755,0.0009031662757895063,71.53402150619283,periodic reconstruction FFT,fast PRBS,7,4.194399894040544,5000.000126310628,0.9755864962807553,0.00039999998989515007,10-90% leave-one-period sensitivity; excludes systematic errors,<Ewe>/V,0.0,True,pass
66.99408904698103,0.051959159656266865,-0.01916391381226316,0.01916391381226316,0.05538059104767013,-20.24530969275283,0.05525925377512802,0.05549763652442373,-20.35116384436266,-20.084061062627978,0.0012632126040871435,74.98736880614717,periodic reconstruction FFT,fast PRBS,7,4.194399894040544,5000.000126310628,0.9755864962807553,0.00039999998989515007,10-90% leave-one-period sensitivity; excludes systematic errors,<Ewe>/V,0.0,True,pass
67.23250217526211,0.051146240264358975,-0.019335141241508126,0.019335141241508126,0.05467893177457478,-20.70841762731081,0.054404193438352906,0.054884272089769176,-20.831101957902458,-20.595362582740783,0.0013228708262726806,75.5014278788987,periodic reconstruction FFT,fast PRBS,7,4.194399894040544,5000.000126310628,0.9755864962807553,0.00039999998989515007,10-90% leave-one-period sensitivity; excludes systematic errors,<Ewe>/V,0.0,True,pass
67.47091530354318,0.05158452960298817,-0.01993537848831896,0.01993537848831896,0.05530264921171583,-21.129543546661118,0.05498117566684318,0.055547808391459334,-21.464634643503683,-20.792286698782522,0.0010385124351051341,70.12795819540439,periodic reconstruction FFT,fast PRBS,7,4.194399894040544,5000.000126310628,0.9755864962807553,0.00039999998989515007,10-90% leave-one-period sensitivity; excludes systematic errors,<Ewe>/V,0.0,True,pass
67.70932843182425,0.050031901957225906,-0.019748010903571415,0.019748010903571415,0.053788243586354825,-21.539564925256748,0.05355323657092329,0.05397988942370588,-21.691595172559957,-21.337303230758184,0.0011931800751223563,72.11930973548098,periodic reconstruction FFT,fast PRBS,7,4.194399894040544,5000.000126310628,0.9755864962807553,0.00039999998989515007,10-90% leave-one-period sensitivity; excludes systematic errors,<Ewe>/V,0.0,True,pass
67.94774156010533,0.05064102759543962,-0.019477589823374553,0.019477589823374553,0.054257627862354066,-21.037778635239068,0.054062538799494166,0.05442749331939451,-21.281054269893453,-20.870308985045433,0.0013277165660917115,71.36610272585312,periodic reconstruction FFT,fast PRBS,7,4.194399894040544,5000.000126310628,0.9755864962807553,0.00039999998989515007,10-90% leave-one-period sensitivity; excludes systematic errors,<Ewe>/V,0.0,True,pass
68.1861546883864,0.05008016668241032,-0.019732583243142626,0.019732583243142626,0.05382748309539982,-21.505428172012827,0.05358472181987202,0.05399036470645136,-21.784437197549543,-21.245221708444824,0.0010580958135635798,72.84179862871376,periodic reconstruction FFT,fast PRBS,7,4.194399894040544,5000.000126310628,0.9755864962807553,0.00039999998989515007,10-90% leave-one-period sensitivity; excludes systematic errors,<Ewe>/V,0.0,True,pass
68.42456781666746,0.04988389063120582,-0.01904198435098377,0.01904198435098377,0.05339475360491154,-20.893162073221713,0.053213944873764886,0.053495557332135554,-21.11281618286026,-20.6478025726736,0.0011308805254282535,70.21014796603781,periodic reconstruction FFT,fast PRBS,7,4.194399894040544,5000.000126310628,0.9755864962807553,0.00039999998989515007,10-90% leave-one-period sensitivity; excludes systematic errors,<Ewe>/V,0.0,True,pass
68.66298094494854,0.0502762184955257,-0.018463058852170727,0.018463058852170727,0.05355915130384872,-20.164873376312066,0.05340298761678823,0.05375485693157377,-20.429891750191068,-19.909603551382165,0.001250521787907658,71.816677210987,periodic reconstruction FFT,fast PRBS,7,4.194399894040544,5000.000126310628,0.9755864962807553,0.00039999998989515007,10-90% leave-one-period sensitivity; excludes systematic errors,<Ewe>/V,0.0,True,pass
68.90139407322961,0.050701906814067284,-0.019090779772552396,0.019090779772552396,0.05417694368369683,-20.632852260191235,0.05392434350172581,0.054533410652083336,-20.983545192619346,-20.211404520978103,0.000561588947665333,66.28262388426992,periodic reconstruction FFT,fast PRBS,7,4.194399894040544,5000.000126310628,0.9755864962807553,0.00039999998989515007,10-90% leave-one-period sensitivity; excludes systematic errors,<Ewe>/V,0.0,True,pass
69.13980720151068,0.05046893418854287,-0.01851541847841644,0.01851541847841644,0.05375810673338818,-20.146452743650524,0.05348621552522542,0.05401464916426043,-20.44630946819864,-19.864223967543392,0.001145878195110129,71.66652588798316,periodic reconstruction FFT,fast PRBS,7,4.194399894040544,5000.000126310628,0.9755864962807553,0.00039999998989515007,10-90% leave-one-period sensitivity; excludes systematic errors,<Ewe>/V,0.0,True,pass
69.37822032979174,0.05003264750367687,-0.01835446067499964,0.01835446067499964,0.05329307687586908,-20.145546025022497,0.05307927223796293,0.0534425355949535,-20.32410252731969,-19.93682857649342,0.001162073569303044,74.92633169371322,periodic reconstruction FFT,fast PRBS,7,4.194399894040544,5000.000126310628,0.9755864962807553,0.00039999998989515007,10-90% leave-one-period sensitivity; excludes systematic errors,<Ewe>/V,0.0,True,pass
69.61663345807283,0.05087818171186467,-0.018502557289313343,0.018502557289313343,0.05413810119084196,-19.984499274858994,0.053949607072768205,0.05434801634979461,-20.220943874369496,-19.738633677260186,0.0012946186536854662,70.9890433708564,periodic reconstruction FFT,fast PRBS,7,4.194399894040544,5000.000126310628,0.9755864962807553,0.00039999998989515007,10-90% leave-one-period sensitivity; excludes systematic errors,<Ewe>/V,0.0,True,pass
69.8550465863539,0.05169239126782891,-0.019502600295467687,0.019502600295467687,0.055249024726877226,-20.67058014897289,0.055073111267710494,0.055415479088430836,-21.200941904637645,-20.285950844138725,0.0006625537590993038,68.36953109584412,periodic reconstruction FFT,fast PRBS,7,4.194399894040544,5000.000126310628,0.9755864962807553,0.00039999998989515007,10-90% leave-one-period sensitivity; excludes systematic errors,<Ewe>/V,0.0,True,pass
70.09345971463496,0.05084789067857324,-0.01958015861357031,0.01958015861357031,0.054487526992814665,-21.060356801958783,0.05428246109697198,0.05469232288649036,-21.26950912764568,-20.89479141359381,0.001015917331840573,74.16707472099729,periodic reconstruction FFT,fast PRBS,7,4.194399894040544,5000.000126310628,0.9755864962807553,0.00039999998989515007,10-90% leave-one-period sensitivity; excludes systematic errors,<Ewe>/V,0.0,True,pass
70.33187284291604,0.05086533964312605,-0.019593252826141255,0.019593252826141255,0.054508516154080575,-21.06661025738311,0.054210690929726364,0.05481152215919102,-21.163066171252925,-20.95884313343905,0.0011495404264102213,71.90353691208018,periodic reconstruction FFT,fast PRBS,7,4.194399894040544,5000.000126310628,0.9755864962807553,0.00039999998989515007,10-90% leave-one-period sensitivity; excludes systematic errors,<Ewe>/V,0.0,True,pass
70.57028597119711,0.05071108372005774,-0.01957143028018098,0.01957143028018098,0.054356737349427905,-21.103590989206268,0.0541940726846865,0.05460627180677464,-21.426743275556543,-20.78061945347579,0.0008699265098675417,69.04114474689365,periodic reconstruction FFT,fast PRBS,7,4.194399894040544,5000.000126310628,0.9755864962807553,0.00039999998989515007,10-90% leave-one-period sensitivity; excludes systematic errors,<Ewe>/V,0.0,True,pass
70.80869909947818,0.049453537771410976,-0.020834395629552017,0.020834395629552017,0.05366306401387334,-22.845318234351467,0.0534993307343695,0.05387771676795161,-23.12677012913756,-22.569675811462346,0.000915803831919524,70.65029422933509,periodic reconstruction FFT,fast PRBS,7,4.194399894040544,5000.000126310628,0.9755864962807553,0.00039999998989515007,10-90% leave-one-period sensitivity; excludes systematic errors,<Ewe>/V,0.0,True,pass
71.04711222775924,0.04947319966322769,-0.020128383022255864,0.020128383022255864,0.05341113449467471,-22.139160128336645,0.053264653387644856,0.05357811271902343,-22.34960494163744,-21.924518996610775,0.001003235640673284,74.58345186807658,periodic reconstruction FFT,fast PRBS,7,4.194399894040544,5000.000126310628,0.9755864962807553,0.00039999998989515007,10-90% leave-one-period sensitivity; excludes systematic errors,<Ewe>/V,0.0,True,pass
71.28552535604032,0.04913912920461995,-0.019782487425299033,0.019782487425299033,0.052971698365452166,-21.92878670365727,0.052819786999076475,0.053096293492889426,-22.15478512687746,-21.674552983394285,0.001036788393425564,70.23208086856694,periodic reconstruction FFT,fast PRBS,7,4.194399894040544,5000.000126310628,0.9755864962807553,0.00039999998989515007,10-90% leave-one-period sensitivity; excludes systematic errors,<Ewe>/V,0.0,True,pass
71.52393848432139,0.049733102308521696,-0.019378734602132956,0.019378734602132956,0.053375245385944514,-21.288606829976267,0.05324213314274637,0.05351640807102793,-21.53834093870239,-21.089437261251668,0.0012783028775002095,73.93503302095286,periodic reconstruction FFT,fast PRBS,7,4.194399894040544,5000.000126310628,0.9755864962807553,0.00039999998989515007,10-90% leave-one-period sensitivity; excludes systematic errors,<Ewe>/V,0.0,True,pass
71.76235161260246,0.0494181920556603,-0.01818255805074067,0.01818255805074067,0.052657032990082925,-20.200207991217685,0.05247006698483334,0.05296795184940256,-20.458981650574614,-19.932197123750043,0.0008160635851152196,69.24520898587457,periodic reconstruction FFT,fast PRBS,7,4.194399894040544,5000.000126310628,0.9755864962807553,0.00039999998989515007,10-90% leave-one-period sensitivity; excludes systematic errors,<Ewe>/V,0.0,True,pass
72.00076474088354,0.049535688634848946,-0.01909220189100219,0.01909220189100219,0.053087631531040166,-21.077818285699976,0.05298067177361551,0.053183188982686286,-21.20800123249098,-20.9514740670451,0.0015288543923466318,76.5144565507594,periodic reconstruction FFT,fast PRBS,7,4.194399894040544,5000.000126310628,0.9755864962807553,0.00039999998989515007,10-90% leave-one-period sensitivity; excludes systematic errors,<Ewe>/V,0.0,True,pass
72.2391778691646,0.04840771388050174,-0.018011699968511305,0.018011699968511305,0.05165005420028319,-20.40939144748136,0.051542214923080185,0.05172513549747555,-20.607327775397703,-20.13270011547471,0.0010155307479252974,70.2989185599618,periodic reconstruction FFT,fast PRBS,7,4.194399894040544,5000.000126310628,0.9755864962807553,0.00039999998989515007,10-90% leave-one-period sensitivity; excludes systematic errors,<Ewe>/V,0.0,True,pass
72.47759099744567,0.04971661791444122,-0.01848916378153929,0.01848916378153929,0.053043296222907585,-20.39971582978278,0.052880991007538874,0.053168522412931137,-20.624242123404642,-20.171211268288182,0.0011997340146589143,71.98458348266996,periodic reconstruction FFT,fast PRBS,7,4.194399894040544,5000.000126310628,0.9755864962807553,0.00039999998989515007,10-90% leave-one-period sensitivity; excludes systematic errors,<Ewe>/V,0.0,True,pass
72.71600412572676,0.05108876372314778,-0.018287574794376364,0.018287574794376364,0.05426322115963566,-19.69517776321057,0.054062603404872116,0.054447159573698736,-20.022017973463907,-19.367252977455067,0.0008076643926804974,65.87202055376525,periodic reconstruction FFT,fast PRBS,7,4.194399894040544,5000.000126310628,0.9755864962807553,0.00039999998989515007,10-90% leave-one-period sensitivity; excludes systematic errors,<Ewe>/V,0.0,True,pass
72.95441725400782,0.05043490106273029,-0.018626707517543414,0.018626707517543414,0.05376461176416604,-20.270286337489292,0.05353575451138829,0.05392918010451007,-20.43657669536672,-20.02373245774938,0.0010632127793033064,69.61250305845981,periodic reconstruction FFT,fast PRBS,7,4.194399894040544,5000.000126310628,0.9755864962807553,0.00039999998989515007,10-90% leave-one-period sensitivity; excludes systematic errors,<Ewe>/V,0.0,True,pass
73.19283038228889,0.050576694354585984,-0.018745371466249813,0.018745371466249813,0.053938770501791224,-20.33634770888292,0.05364271056239488,0.054222508404594666,-20.606860207641617,-20.10773074245502,0.0012478840112041692,72.30232374783846,periodic reconstruction FFT,fast PRBS,7,4.194399894040544,5000.000126310628,0.9755864962807553,0.00039999998989515007,10-90% leave-one-period sensitivity; excludes systematic errors,<Ewe>/V,0.0,True,pass
73.43124351056996,0.05007938684246522,-0.019321876963268286,0.019321876963268286,0.0536775550477195,-21.09785877845652,0.053463210707743306,0.05395031057194994,-21.414327506374395,-20.754936219039774,0.0011348078974557972,73.04532320716228,periodic reconstruction FFT,fast PRBS,7,4.194399894040544,5000.000126310628,0.9755864962807553,0.00039999998989515007,10-90% leave-one-period sensitivity; excludes systematic errors,<Ewe>/V,0.0,True,pass
73.66965663885104,0.05082930500885527,-0.019050679322752614,0.019050679322752614,0.054282102302154744,-20.545855657061193,0.05386646742778992,0.054746583298740395,-20.95248790669068,-20.145732220159097,0.0010082780707335764,66.86246683171666,periodic reconstruction FFT,fast PRBS,7,4.194399894040544,5000.000126310628,0.9755864962807553,0.00039999998989515007,10-90% leave-one-period sensitivity; excludes systematic errors,<Ewe>/V,0.0,True,pass
73.9080697671321,0.05001113765220838,-0.020908751112634093,0.020908751112634093,0.054205993786279875,-22.68892168102226,0.05370996616147975,0.0550870350867744,-23.34555725783664,-22.099364242174182,0.0009888353524585883,71.88909286090303,periodic reconstruction FFT,fast PRBS,7,4.194399894040544,5000.000126310628,0.9755864962807553,0.00039999998989515007,10-90% leave-one-period sensitivity; excludes systematic errors,<Ewe>/V,0.0,True,pass
74.14648289541317,0.048958164255662025,-0.020336118202009416,0.020336118202009416,0.053013767559101865,-22.556897276302657,0.052698667992987926,0.05339372675864007,-23.417506191411515,-21.764364818374165,0.0010627800112684683,68.06698777767541,periodic reconstruction FFT,fast PRBS,7,4.194399894040544,5000.000126310628,0.9755864962807553,0.00039999998989515007,10-90% leave-one-period sensitivity; excludes systematic errors,<Ewe>/V,0.0,True,pass
74.38489602369425,0.04892555755172306,-0.01955550092760554,0.01955550092760554,0.05268897226437944,-21.786545220145598,0.052454875026026346,0.053060480095455755,-22.449411566245434,-21.08971910848337,0.001062572405988204,69.9394765950977,periodic reconstruction FFT,fast PRBS,7,4.194399894040544,5000.000126310628,0.9755864962807553,0.00039999998989515007,10-90% leave-one-period sensitivity; excludes systematic errors,<Ewe>/V,0.0,True,pass
74.62330915197532,0.04828677769240585,-0.0183615636993313,0.0183615636993313,0.051660041825383994,-20.819841952076807,0.05119787129929045,0.05229171190078357,-21.31823907253688,-20.235019653935755,0.0014849955928619549,70.58929671747545,periodic reconstruction FFT,fast PRBS,7,4.194399894040544,5000.000126310628,0.9755864962807553,0.00039999998989515007,10-90% leave-one-period sensitivity; excludes systematic errors,<Ewe>/V,0.0,True,pass
74.86172228025639,0.04670559935491197,-0.01565723258492855,0.01565723258492855,0.04926014558768682,-18.532823291178964,0.04745714973584434,0.05160727114723515,-20.89090676410217,-16.066244628316724,0.0012402806863455148,68.06691096220173,periodic reconstruction FFT,fast PRBS,7,4.194399894040544,5000.000126310628,0.9755864962807553,0.00039999998989515007,10-90% leave-one-period sensitivity; excludes systematic errors,<Ewe>/V,0.0,False,leave-one-period sensitivity exceeds 3 deg or 10 percent
75.10013540853747,0.04811940648627761,-0.01865750859409099,0.01865750859409099,0.05160988187866928,-21.192983332996,0.05115925022255133,0.05195002468281651,-21.5127319027248,-20.913345920127085,0.0012129203203027137,69.77197374508874,periodic reconstruction FFT,fast PRBS,7,4.194399894040544,5000.000126310628,0.9755864962807553,0.00039999998989515007,10-90% leave-one-period sensitivity; excludes systematic errors,<Ewe>/V,0.0,True,pass
75.33854853681854,0.049678597722384386,-0.01833171176640479,0.01833171176640479,0.05295294824605179,-20.254374696005065,0.05235612060120357,0.053499457294893284,-20.533377471536514,-19.967288614297516,0.0008736985202779283,67.29009621444897,periodic reconstruction FFT,fast PRBS,7,4.194399894040544,5000.000126310628,0.9755864962807553,0.00039999998989515007,10-90% leave-one-period sensitivity; excludes systematic errors,<Ewe>/V,0.0,True,pass
75.5769616650996,0.04804498999448615,-0.020643954010719927,0.020643954010719927,0.052292388554807806,-23.25221202380914,0.0515188295153548,0.05282710703097115,-24.245389480181927,-22.64131593533112,0.0006105741845218786,66.16345312996768,periodic reconstruction FFT,fast PRBS,7,4.194399894040544,5000.000126310628,0.9755864962807553,0.00039999998989515007,10-90% leave-one-period sensitivity; excludes systematic errors,<Ewe>/V,0.0,True,pass
75.81537479338067,0.049465488447212755,-0.020850880211798508,0.020850880211798508,0.05368047832246011,-22.856580560978603,0.052959352609529345,0.05421848188820541,-23.35494552024096,-22.101536306038703,0.001177444066705307,69.2939638202317,periodic reconstruction FFT,fast PRBS,7,4.194399894040544,5000.000126310628,0.9755864962807553,0.00039999998989515007,10-90% leave-one-period sensitivity; excludes systematic errors,<Ewe>/V,0.0,True,pass
76.05378792166175,0.04929210688450876,-0.018771312492974732,0.018771312492974732,0.0527453692168587,-20.847724846971662,0.05237116930260074,0.053199739573643726,-21.340187433671787,-20.287514749016278,0.0014371807282749505,76.71624071037024,periodic reconstruction FFT,fast PRBS,7,4.194399894040544,5000.000126310628,0.9755864962807553,0.00039999998989515007,10-90% leave-one-period sensitivity; excludes systematic errors,<Ewe>/V,0.0,True,pass
76.29220104994282,0.049692479091148246,-0.01952954324778966,0.01952954324778966,0.0533923734038064,-21.45522519630882,0.05320621238150349,0.05358009384753151,-21.770882107240514,-21.113271013444532,0.0013441962324743557,73.18169004079931,periodic reconstruction FFT,fast PRBS,7,4.194399894040544,5000.000126310628,0.9755864962807553,0.00039999998989515007,10-90% leave-one-period sensitivity; excludes systematic errors,<Ewe>/V,0.0,True,pass
76.53061417822389,0.0494093571967658,-0.01948442859114467,0.01948442859114467,0.05311240472922505,-21.521645021844236,0.052514389452427715,0.053699490534700606,-21.910747114600934,-21.15209468212923,0.0007909723860576798,69.6192858977183,periodic reconstruction FFT,fast PRBS,7,4.194399894040544,5000.000126310628,0.9755864962807553,0.00039999998989515007,10-90% leave-one-period sensitivity; excludes systematic errors,<Ewe>/V,0.0,True,pass
76.76902730650497,0.049687081463404226,-0.019338094555190692,0.019338094555190692,0.053317614025540035,-21.265869845391904,0.053177506543536174,0.05342122346057214,-21.44947728048033,-21.055942950083644,0.0013266603379977304,72.57566005890499,periodic reconstruction FFT,fast PRBS,7,4.194399894040544,5000.000126310628,0.9755864962807553,0.00039999998989515007,10-90% leave-one-period sensitivity; excludes systematic errors,<Ewe>/V,0.0,True,pass
77.00744043478603,0.04913914890768866,-0.019569619442074266,0.019569619442074266,0.052892588899387506,-21.71487285390536,0.052697209148876406,0.05311304175842311,-21.949921102541463,-21.460128898364406,0.0010460802507950343,71.15407673897772,periodic reconstruction FFT,fast PRBS,7,4.194399894040544,5000.000126310628,0.9755864962807553,0.00039999998989515007,10-90% leave-one-period sensitivity; excludes systematic errors,<Ewe>/V,0.0,True,pass
77.2458535630671,0.04905537293883392,-0.02140730831073582,0.02140730831073582,0.05352291530997707,-23.576008568324497,0.053246582522143565,0.053744938707661345,-23.72081668090891,-23.429695419846126,0.0010653230512280602,70.7316419615999,periodic reconstruction FFT,fast PRBS,7,4.194399894040544,5000.000126310628,0.9755864962807553,0.00039999998989515007,10-90% leave-one-period sensitivity; excludes systematic errors,<Ewe>/V,0.0,True,pass
77.48426669134817,0.047253693279809605,-0.020079278061306365,0.020079278061306365,0.05134285671878399,-23.02185466773966,0.05121066888423095,0.051478520384644205,-23.45573598528647,-22.74866741156075,0.001139262378920714,72.39205818728794,periodic reconstruction FFT,fast PRBS,7,4.194399894040544,5000.000126310628,0.9755864962807553,0.00039999998989515007,10-90% leave-one-period sensitivity; excludes systematic errors,<Ewe>/V,0.0,True,pass
77.72267981962925,0.04726738413236008,-0.02043298895389568,0.02043298895389568,0.05149478265131437,-23.37811215714292,0.05124800788357351,0.05178308810580321,-23.552764252202376,-23.21249261988356,0.0009768429893713135,74.67441685043087,periodic reconstruction FFT,fast PRBS,7,4.194399894040544,5000.000126310628,0.9755864962807553,0.00039999998989515007,10-90% leave-one-period sensitivity; excludes systematic errors,<Ewe>/V,0.0,True,pass
77.96109294791032,0.047632508477122915,-0.01995339585111842,0.01995339585111842,0.05164294598311193,-22.72895119656284,0.051287740936760494,0.05197637631974094,-23.01440405216243,-22.457692647331054,0.0008969488482904045,71.63026883708444,periodic reconstruction FFT,fast PRBS,7,4.194399894040544,5000.000126310628,0.9755864962807553,0.00039999998989515007,10-90% leave-one-period sensitivity; excludes systematic errors,<Ewe>/V,0.0,True,pass
78.19950607619138,0.04737102551491641,-0.01825736410670449,0.01825736410670449,0.05076756250264182,-21.077263867134185,0.05066805831900568,0.05086232652076021,-21.295839120737647,-20.7814639471547,0.0012103585736972587,71.09728760614712,periodic reconstruction FFT,fast PRBS,7,4.194399894040544,5000.000126310628,0.9755864962807553,0.00039999998989515007,10-90% leave-one-period sensitivity; excludes systematic errors,<Ewe>/V,0.0,True,pass
78.43791920447246,0.047386663548041344,-0.019740492149715905,0.019740492149715905,0.05133403269302214,-22.615794317778985,0.05105642335930898,0.05164077840528851,-22.91991749858348,-22.304694303843302,0.0007608872435287224,71.41323263474972,periodic reconstruction FFT,fast PRBS,7,4.194399894040544,5000.000126310628,0.9755864962807553,0.00039999998989515007,10-90% leave-one-period sensitivity; excludes systematic errors,<Ewe>/V,0.0,True,pass
78.67633233275353,0.048560539661446286,-0.01845464488180865,0.01845464488180865,0.051949012790663926,-20.808481648511233,0.051744215658242894,0.05212746363420543,-21.04312702816764,-20.546117985428268,0.0014263400291418323,72.00490685397295,periodic reconstruction FFT,fast PRBS,7,4.194399894040544,5000.000126310628,0.9755864962807553,0.00039999998989515007,10-90% leave-one-period sensitivity; excludes systematic errors,<Ewe>/V,0.0,True,pass
78.9147454610346,0.048110764729900876,-0.01732095921566156,0.01732095921566156,0.05113375901541451,-19.80001909327406,0.05054236658990158,0.05177780361317394,-20.533629023259337,-19.123111616569382,0.00040996877647768334,61.4898820962679,periodic reconstruction FFT,fast PRBS,7,4.194399894040544,5000.000126310628,0.9755864962807553,0.00039999998989515007,10-90% leave-one-period sensitivity; excludes systematic errors,<Ewe>/V,0.0,True,pass
79.15315858931568,0.04893596422300576,-0.018913490418101003,0.018913490418101003,0.05246378478751698,-21.131252473182997,0.05228298422002405,0.05258750218112322,-21.367385970735047,-20.995284501944262,0.0013571222958601431,76.63948875552006,periodic reconstruction FFT,fast PRBS,7,4.194399894040544,5000.000126310628,0.9755864962807553,0.00039999998989515007,10-90% leave-one-period sensitivity; excludes systematic errors,<Ewe>/V,0.0,True,pass
79.39157171759675,0.048699449402386595,-0.01857337433058642,0.01857337433058642,0.05212107640983346,-20.876239291685604,0.05199605102061468,0.0522856487010104,-21.18741251947907,-20.592776328115672,0.0010561832115217847,72.30048224315426,periodic reconstruction FFT,fast PRBS,7,4.194399894040544,5000.000126310628,0.9755864962807553,0.00039999998989515007,10-90% leave-one-period sensitivity; excludes systematic errors,<Ewe>/V,0.0,True,pass
79.62998484587781,0.05040313333731749,-0.018535625370086448,0.018535625370086448,0.053703307701477736,-20.190871559590715,0.05340191241415878,0.05389003754219123,-20.31205773667273,-20.041790648761197,0.0010685208930650094,70.69095751830885,periodic reconstruction FFT,fast PRBS,7,4.194399894040544,5000.000126310628,0.9755864962807553,0.00039999998989515007,10-90% leave-one-period sensitivity; excludes systematic errors,<Ewe>/V,0.0,True,pass
79.86839797415888,0.049149481902233186,-0.01918671223350393,0.01918671223350393,0.052761742745944584,-21.324413642782677,0.05241468824200442,0.05325990903366135,-21.88120410250274,-20.783915665608824,0.0005157053075840062,64.91645384742856,periodic reconstruction FFT,fast PRBS,7,4.194399894040544,5000.000126310628,0.9755864962807553,0.00039999998989515007,10-90% leave-one-period sensitivity; excludes systematic errors,<Ewe>/V,0.0,True,pass
