time_s,dc_potential_V,filtered_dc_current_mA
2.0,1.399953201255787,7.963793851431888
2.001,1.4000452326181856,8.014744061711127
2.002,1.400137294449109,8.06629471140387
2.003,1.4002293886082506,8.118431654003473
2.004,1.4003215169436327,8.17114059866796
2.005,1.400413681291188,8.224407114146914
2.006,1.4005058834743465,8.278216632736203
2.007,1.4005981253036244,8.33255445426849
2.008,1.4006904085762193,8.3874057501356
2.009,1.400782735075608,8.442755567336192
2.01,1.4008751065711469,8.498588832558937
2.011,1.4009675248176796,8.55489035628878
2.012,1.4010599915551465,8.611644836941991
2.013,1.4011525085081988,8.668836865027913
2.014,1.4012450773858192,8.72645092733292
2.015,1.401337699880942,8.784471411130056
2.016,1.401430377670085,8.842882608411713
2.017,1.4015231124129786,8.901668720140009
2.018,1.401615905752206,8.960813860522364
2.019,1.401708759312842,9.0203020613027
2.02,1.4018016747021027,9.080117276072201
2.021,1.401894653508997,9.140243384596118
2.022,1.4019876973039807,9.20066419715721
2.023,1.402080807638622,9.261363458913223
2.024,1.402173986045266,9.322324854268587
2.025,1.4022672340367084,9.383532011256435
2.026,1.4023605531058718,9.444968505935392
2.027,1.4024539447254905,9.50661786679251
2.028,1.4025474103477962,9.568463579157992
2.029,1.4026409514042137,9.63048908962638
2.03,1.4027345693050597,9.69267781048498
2.031,1.4028282654392474,9.755013124146203
2.032,1.4029220411739969,9.817478387587059
2.033,1.4030158978545528,9.880056936789089
2.0340000000000003,1.4031098368039048,9.942732091182151
2.035,1.4032038593225167,10.005487158087476
2.036,1.4032979666880576,10.068305437161968
2.037,1.4033921601551462,10.131170224840531
2.0380000000000003,1.4034864409550918,10.194064818775502
2.039,1.4035808102956486,10.256972522271738
2.04,1.403675269360774,10.319876648719628
2.041,1.4037698193103891,10.382760526018018
2.0420000000000003,1.4038644612801539,10.445607500994015
2.043,1.403959196381238,10.50840094381104
2.044,1.404054025700108,10.571124252369742
2.045,1.404148950298313,10.633760856698146
2.0460000000000003,1.4042439712122832,10.696294223328778
2.047,1.404339089453126,10.758707859664241
2.048,1.4044343060064397,10.820985318328809
2.049,1.4045296218321248,10.883110201504039
2.05,1.4046250378642056,10.945066165249443
2.051,1.4047205550106567,11.006836923805565
2.052,1.4048161741532394,11.06840625387754
2.053,1.404911896147339,11.129757998901312
2.054,1.4050077218218133,11.190876073287484
2.055,1.405103651978847,11.251744466644595
2.056,1.40519968739381,11.312347247979801
2.057,1.4052958288151265,11.37266856987425
2.058,1.405392076964148,11.43269267263625
2.059,1.4054884325350312,11.49240388842658
2.06,1.4055848961946287,11.551786645356344
2.061,1.4056814685823802,11.61082547156019
2.062,1.4057781503102138,11.669504999236636
2.063,1.405874941962453,11.727809968659841
2.064,1.4059718440957307,11.785725232162406
2.065,1.4060688572389095,11.8432357580824
2.066,1.4061659818930103,11.900326634680184
2.067,1.4062632185311448,11.956983074020144
2.068,1.4063605675984572,12.013190415817249
2.069,1.4064580295120734,12.06893413124864
2.07,1.406555604661054,12.12419982672688
2.071,1.4066532934063545,12.17897324763581
2.072,1.406751096080796,12.233240282029314
2.073,1.4068490129890399,12.286986964286513
2.074,1.406947044407566,12.340199478730852
2.075,1.407045190584665,12.392864163203512
2.076,1.4071434517404324,12.4449675125975
2.077,1.407241828066769,12.496496182346178
2.078,1.4073403197273902,12.547436991868523
2.079,1.4074389268578424,12.597776927969988
2.08,1.4075376495655239,12.647503148195497
2.081,1.4076364879297125,12.696602984137542
2.082,1.4077354420016035,12.745063944695687
2.083,1.4078345118043496,12.792873719287726
2.084,1.4079336973331091,12.840020181011738
2.085,1.408032998555103,12.886491389758959
2.086,1.408132415409675,12.932275595274092
2.087,1.4082319478083605,12.977361240165095
2.088,1.4083315956349598,13.021736962862207
2.089,1.4084313587456225,13.065391600519945
2.09,1.408531236968932,13.108314191870221
2.091,1.4086312301060009,13.150493980017643
2.092,1.4087313379305715,13.191920415180178
2.093,1.4088315601891228,13.232583157375714
2.094,1.4089318966009823,13.272472079050686
2.095,1.409032346858447,13.311577267651074
2.096,1.4091329106269086,13.349889028138023
2.097,1.4092335875449835,13.387397885442425
2.098,1.4093343772246536,13.424094586862324
2.099,1.4094352792514089,13.459970104400782
2.1,1.4095362931843975,13.495015637041774
2.101,1.4096374185565819,13.529222612967814
2.102,1.4097386548749007,13.562582691715761
2.103,1.4098400016204378,13.595087766269188
2.104,1.4099414582485943,13.626729965091272
2.105,1.4100430241892705,13.657501654092556
2.106,1.4101446988470498,13.687395438537607
2.107,1.4102464816013904,13.716404164886512
2.108,1.4103483718068217,13.744520922572505
2.109,1.4104503687931464,13.771739045716302
2.11,1.4105524718656501,13.798052114774435
2.111,1.4106546803053124,13.823453958122258
2.112,1.4107569933690285,13.847938653572129
2.113,1.4108594102898293,13.871500529824758
2.114,1.4109619302771157,13.894134167854503
2.115,1.4110645525168894,13.915834402229223
2.116,1.4111672761719949,13.936596322359847
2.117,1.4112701003823631,13.956415273686787
2.118,1.4113730242652636,13.975286858796437
2.119,1.4114760469155554,13.99320693846957
2.12,1.4115791674059521,14.01017163266404
2.121,1.411682384787282,14.02617732142599
2.122,1.4117856980887593,14.041220645736004
2.123,1.4118891063182597,14.055298508284451
2.124,1.4119926084625956,14.068408074178052
2.125,1.4120962034878028,14.080546771580103
2.126,1.4121998903394255,14.091712292277748
2.127,1.41230366794281,14.101902592182284
2.128,1.4124075352034007,14.111115891762239
2.129,1.4125114910070395,14.11935067640212
2.13,1.4126155342202722,14.126605696696899
2.131,1.4127196636906567,14.132879968673848
2.132,1.4128238782470746,14.138172773945229
2.133,1.4129281767000497,14.142483659794351
2.134,1.413032557842067,14.145812439188063
2.135,1.413137020447898,14.148159190722893
2.136,1.413241563274927,14.14952425850143
2.137,1.413346185063485,14.149908251937589
2.138,1.4134508845371812,14.149312045495236
2.139,1.4135556604032449,14.14773677835585
2.14,1.4136605113528646,14.145183854018185
2.141,1.4137654360615337,14.141654939828953
2.142,1.413870433189399,14.137151966444307
2.143,1.4139755013816102,14.131677127223739
2.144,1.4140806392686756,14.125232877555419
2.145,1.414185845466817,14.117821934112328
2.146,1.4142911185783313,14.109447274042111
2.147,1.4143964571919514,14.100112134088818
2.148,1.4145018598832122,14.089820009646331
2.149,1.4146073252148175,14.078574653747111
2.15,1.414712851737009,14.06638007598012
2.151,1.4148184379879385,14.053240541346753
2.152,1.4149240824940446,14.03916056904788
2.153,1.415029783770426,14.024144931205583
2.154,1.4151355403212231,14.008198651519521
2.155,1.4152413506399946,13.991327003858984
2.156,1.4153472132101046,13.973535510789418
2.157,1.415453126505102,13.954829942034138
2.158,1.4155590889891099,13.935216312874388
2.1590000000000003,1.4156650991172113,13.91470088248306
2.16,1.415771155335837,13.893290152198489
2.161,1.4158772560831572,13.870990863733198
2.162,1.4159833997894742,13.847809997322642
2.1630000000000003,1.4160895848776112,13.823754769811558
2.164,1.4161958097633094,13.798832632678483
2.165,1.416302072855621,13.773051270002469
2.166,1.4164083725573064,13.746418596367477
2.1670000000000003,1.416514707265229,13.718942754708564
2.168,1.4166210753707524,13.690632114099287
2.169,1.4167274752601393,13.661495267480731
2.17,1.4168339053149506,13.631541029333519
2.1710000000000003,1.416940363912439,13.600778433292945
2.172,1.4170468494259554,13.56921672970688
2.173,1.4171533602253426,13.536865383140167
2.174,1.4172598946773376,13.503734069821022
2.1750000000000003,1.417366451145968,13.469832675037054
2.176,1.417473027992955,13.435171290474742
2.177,1.4175796235781104,13.399760211507072
2.178,1.4176862362597353,13.36360993442942
2.179,1.4177928643950206,13.326731153644289
2.18,1.4178995063404427,13.289134758794006
2.181,1.4180061604521628,13.250831831845446
2.182,1.4181128250864241,13.211833644124923
2.183,1.418219498599947,13.172151653303757
2.184,1.4183261793503241,13.13179750033899
2.185,1.4184328656964178,13.090783006363353
2.186,1.4185395559987495,13.04912016953439
2.187,1.4186462486198952,13.006821161835035
2.188,1.4187529419248768,12.963898325829874
2.189,1.4188596342815487,12.920364171381038
2.19,1.4189663240609918,12.876231372318912
2.191,1.419073009637896,12.831512763072055
2.192,1.419179689390948,12.786221335257153
2.193,1.4192863617032154,12.740370234227953
2.194,1.4193930249625277,12.693972755586913
2.195,1.4194996775618576,12.647042341657084
2.196,1.4196063178997007,12.599592577918031
2.197,1.4197129443804488,12.551637189405966
2.198,1.4198195554147686,12.503190037077914
2.199,1.4199261494199695,12.454265114141393
2.2,1.4200327248203783,12.404876542352795
2.201,1.4201392800477035,12.355038568280818
2.202,1.4202458135414016,12.304765559540272
2.203,1.4203523237490403,12.254072000996388
2.204,1.4204588091266592,12.202972490936276
2.205,1.4205652681391259,12.151481737216983
2.206,1.4206716992604915,12.099614553381997
2.207,1.4207781009743434,12.047385854753514
2.208,1.420884471774154,11.994810654499616
2.209,1.4209908101636248,11.941904059675466
2.21,1.4210971146570335,11.888681267243953
2.211,1.4212033837795703,11.835157560070996
2.212,1.4213096160676757,11.781348302902359
2.213,1.4214158100693752,11.727268938319156
2.214,1.4215219643446078,11.672934982674263
2.215,1.421628077465552,11.618362022010515
2.216,1.4217341480169523,11.563565707964003
2.217,1.421840174596434,11.5085617536473
2.218,1.4219461558148232,11.453365929523102
2.219,1.4220520902964564,11.397994059259787
2.22,1.4221579766794894,11.342462015576345
2.221,1.422263813616203,11.286785716076125
2.222,1.4223695997733015,11.230981119068701
2.223,1.4224753338322116,11.17506421938316
2.224,1.4225810144893725,11.119051044173034
2.225,1.422686640456527,11.06295764871335
2.226,1.422792210461003,11.006800112192906
2.227,1.4228977232459954,10.950594533500137
2.228,1.4230031775708414,10.894357027004745
2.229,1.4231085722112906,10.83810371833843
2.23,1.4232139059597744,10.781850740171933
2.231,1.423319177625666,10.725614227992025
2.232,1.4234243860355398,10.669410315878693
2.233,1.4235295300334234,10.61325513228401
2.234,1.423634608481048,10.557164795814302
2.235,1.4237396202580912,10.50115541101431
2.236,1.423844564262417,10.44524306415643
2.237,1.423949439410309,10.389443819038405
2.238,1.4240542446367024,10.333773712783625
2.239,1.424158978895406,10.278248751653678
2.24,1.4242636411593235,10.2228849068661
2.241,1.4243682304206693,10.167698110425178
2.242,1.424472745691176,10.112704250962935
2.243,1.4245771860023009,10.057919169592651
2.244,1.4246815504054255,10.003358655774392
2.245,1.4247858379720497,9.949038443197622
2.246,1.4248900477939812,9.894974205676846
2.247,1.4249941789835197,9.841181553064843
2.248,1.4250982306736355,9.78767602718429
2.249,1.4252022020181443,9.73447309777552
2.25,1.4253060921918737,9.68158815846732
2.251,1.4254099003908285,9.629036522765887
2.252,1.4255136258323444,9.57683342006625
2.253,1.425617267755246,9.524993991687523
2.254,1.4257208254199878,9.473533286929836
2.255,1.425824298108799,9.422466259158142
2.256,1.4259276851258182,9.371807761911029
2.257,1.426030985797223,9.321572545035991
2.258,1.426134199471356,9.271775250852656
2.259,1.4262373255188434,9.22243041034612
2.26,1.426340363332709,9.17355243938718
2.261,1.4264433123284814,9.12515563498657
2.262,1.426546171944297,9.077254171578772
2.263,1.4266489416409982,9.029862097338906
2.264,1.4267516209022209,8.982993330533958
2.265,1.4268542092344836,8.936661655907528
2.266,1.4269567061672663,8.890880721100672
2.267,1.4270591112530833,8.845664033108847
2.268,1.4271614240675545,8.801024954776665
2.269,1.4272636442094646,8.756976701329378
2.27,1.4273657713008232,8.71353233694586
2.271,1.4274678049869154,8.670704771369074
2.272,1.4275697449363465,8.628506756558764
2.273,1.4276715908410842,8.586950883385413
2.274,1.427773342416491,8.546049578366919
2.275,1.4278749994013538,8.505815100448487
2.276,1.427976561557906,8.466259537825849
2.277,1.428078028671846,8.427394804815904
2.278,1.428179400552349,8.389232638769855
2.279,1.42828067703207,8.35178459703583
2.28,1.4283818579671477,8.315062053966983
2.281,1.4284829432371966,8.279076197978284
2.282,1.428583932745298,8.243838028652476
2.283,1.4286848264179801,8.209358353896008
2.2840000000000003,1.4287856242051995,8.175647787142921
2.285,1.4288863260803097,8.142716744613551
2.286,1.4289869320400301,8.110575442621652
2.287,1.4290874421044062,8.079233894935797
2.2880000000000003,1.4291878563167626,8.048701910193074
2.289,1.4292881747436574,8.018989089366912
2.29,1.4293883974748216,7.9901048232893
2.291,1.4294885246231004,7.962058290228214
2.2920000000000003,1.4295885563243866,7.93485845351924
2.293,1.4296884927375473,7.90851405925585
2.294,1.429788334044346,7.883033634035485
2.295,1.4298880804493623,7.8584254827614615
2.2960000000000003,1.4299877321799,7.834697686506118
2.297,1.4300872894858947,7.81185810042868
2.298,1.4301867526398155,7.789914351755698
2.299,1.43028612193656,7.768873837819498
2.3000000000000003,1.4303853976933454,7.74874372415475
2.301,1.4304845802495922,7.729530942660276
2.302,1.4305836699668057,7.71124218981673
2.303,1.4306826672284512,7.693883924969697
2.3040000000000003,1.430781572439823,7.677462368672465
2.305,1.4308803860279078,7.661983501091413
2.306,1.4309791084412482,7.647453060475385
2.307,1.4310777401497945,7.633876541686732
2.308,1.4311762816447549,7.621259194795698
2.309,1.4312747334384412,7.609606023740952
2.31,1.43137309606411,7.598921785051317
2.311,1.4314713700757955,7.58921098663339
2.312,1.4315695560481412,7.580477886624877
2.313,1.431667654576228,7.57272649231092
2.314,1.4317656662753915,7.565960559107609
2.315,1.4318635917810412,7.560183589610617
2.316,1.4319614317484732,7.55539883270832
2.317,1.4320591868526757,7.55160928276392
2.318,1.4321568577881332,7.5488176788608286
2.319,1.432254445268626,7.547026504116133
2.32,1.4323519500270234,7.546237985060969
2.321,1.4324493728150756,7.54645409108619
2.322,1.432546714403197,7.54767653395669
2.323,1.4326439755802511,7.54990676739196
2.324,1.4327411571533264,7.553145986713332
2.325,1.4328382599475098,7.557395128559719
2.326,1.4329352848056578,7.562654870669348
2.327,1.4330322325881608,7.568925631729556
2.328,1.4331291041727068,7.57620757129483
2.329,1.433225900454037,7.584500589769718
2.33,1.4333226223437032,7.593804328462312
2.331,1.4334192707698166,7.604118169702986
2.332,1.4335158466767945,7.615441237030581
2.333,1.4336123510251062,7.627772395447579
2.334,1.4337087847910115,7.641110251740372
2.335,1.433805148966297,7.655453154868681
2.336,1.4339014445580132,7.6707991964201625
2.337,1.433997672588198,7.687146211133268
2.338,1.4340938340936116,7.7044917774863535
2.339,1.4341899301254535,7.722833218354111
2.34,1.4342859617490886,7.7421676017286245
2.341,1.4343819300437617,7.762491741509777
2.342,1.4344778361023152,7.783802198358387
2.343,1.4345736810308978,7.806095280617512
2.344,1.4346694659486776,7.829367045298824
2.345,1.4347651919875475,7.853613299133471
2.346,1.4348608602918278,7.878829599688913
2.347,1.4349564720179708,7.90501125655139
2.348,1.435052028334257,7.932153332569868
2.349,1.4351475304204948,7.96025064516779
2.35,1.4352429794677124,7.9892977677158115
2.351,1.4353383766778522,8.019289030970327
2.352,1.4354337232634595,8.05021852457321
2.353,1.4355290204473716,8.082080098614796
2.354,1.4356242694624035,8.114867365259627
2.355,1.4357194715510324,8.148573700434468
2.356,1.4358146279650794,8.183192245576166
2.357,1.4359097399653904,8.218715909441926
2.358,1.4360048088215176,8.25513736997982
2.359,1.4360998358113914,8.292449076259246
2.36,1.4361948222210015,8.330643250460824
2.361,1.43628976934407,8.369711889924744
2.362,1.436384678481722,8.409646769260291
2.363,1.4364795509421615,8.45043944250925
2.364,1.4365743880403385,8.492081245369633
2.365,1.436669191097621,8.534563297476836
2.366,1.4367639614414633,8.577876504737162
2.367,1.4368587004050708,8.622011561721877
2.368,1.4369534093270717,8.666958954112943
2.369,1.437048089551179,8.712708961204271
2.37,1.4371427424258563,8.759251658456805
2.371,1.4372373693039857,8.806576920107233
2.372,1.437331971542527,8.854674421827497
2.373,1.4374265505021866,8.903533643437939
2.374,1.4375211075470755,8.95314387167059
2.375,1.4376156440443784,9.003494202982452
2.376,1.4377101613640102,9.054573546420173
2.377,1.4378046608782844,9.106370626530222
2.378,1.437899143961572,9.158873986321822
2.379,1.4379936119899657,9.212071990273046
2.38,1.4380880663409439,9.265952827385902
2.381,1.4381825083930309,9.320504514287421
2.382,1.438276939525463,9.375714898373715
2.383,1.4383713611178517,9.431571661000277
2.384,1.4384657745498464,9.488062320715386
2.385,1.4385601812007998,9.54517423653553
2.386,1.438654582449436,9.602894611262087
2.387,1.4387489796735116,9.661210494841072
2.388,1.4388433742494864,9.720108787759827
2.389,1.4389377675521895,9.77957624448618
2.39,1.4390321609544883,9.839599476942979
2.391,1.4391265558269568,9.900164958021847
2.392,1.439220953537549,9.96125902513326
2.393,1.4393153554512683,10.022867883791065
2.394,1.4394097629298404,10.084977611232873
2.395,1.4395041773313904,10.14757416007373
2.396,1.4395986000101153,10.210643361992737
2.397,1.4396930323159638,10.27417093145094
2.398,1.439787475594314,10.338142469441635
2.399,1.4398819311856532,10.40254346726796
2.4,1.4399764004252606,10.467359310352762
2.401,1.4400708846428925,10.53257528207358
2.402,1.4401653851624654,10.59817656762688
2.403,1.4402599033017462,10.664148257916324
2.404,1.4403544403720399,10.730475353467355
2.405,1.4404489976778818,10.797142768365916
2.406,1.440543576516732,10.864135334219213
2.407,1.4406381781786717,10.931437804139392
2.408,1.4407328039460998,10.999034856747869
2.4090000000000003,1.440827455093435,11.066911100198581
2.41,1.4409221328868176,11.13505107622268
2.411,1.4410168385838162,11.203439264189171
2.412,1.4411115734331368,11.272060085181607
2.4130000000000003,1.4412063386743297,11.340897906093673
2.414,1.4413011355375065,11.409937043735994
2.415,1.4413959652430555,11.479161768959088
2.416,1.4414908290013586,11.548556310788626
2.4170000000000003,1.4415857280125157,11.618104860570597
2.418,1.4416806634660677,11.68779157612913
2.419,1.4417756365407246,11.757600585932877
2.42,1.441870648404098,11.827515993268989
2.4210000000000003,1.4419657002124313,11.897521880425941
2.422,1.4420607931103402,11.96760231288141
2.423,1.4421559282305523,12.03774134349598
2.424,1.4422511066936483,12.107923016710814
2.4250000000000003,1.4423463296078132,12.178131372747586
2.426,1.442441598068582,12.248350451811746
2.427,1.442536913158598,12.318564298296025
2.428,1.4426322759473669,12.388756964981994
2.4290000000000003,1.4427276874910184,12.458912517244613
2.43,1.442823148832072,12.529015037249152
2.431,1.442918660999204,12.599048628148878
2.432,1.4430142250070201,12.668997418276447
2.433,1.443109841855831,12.738845565328631
2.434,1.4432055125314307,12.808577260547096
2.435,1.4433012380048822,12.878176732889315
2.436,1.443397019232303,12.947628253190842
2.437,1.4434928571546575,13.016916138318606
2.438,1.4435887526975513,13.086024755312948
2.439,1.4436847067710308,13.154938525516883
2.44,1.4437807202693882,13.22364192869378
2.441,1.4438767940709665,13.292119507128675
2.442,1.4439729290379726,13.36035586971704
2.443,1.4440691260162937,13.42833569603593
2.444,1.4441653858353167,13.496043740396075
2.445,1.4442617093077528,13.56346483588068
2.446,1.444358097229467,13.63058389835868
2.447,1.44445455037931,13.697385930482397
2.448,1.444551069518957,13.763856025661667
2.449,1.4446476553927496,13.82997937201553
2.45,1.4447443087275411,13.89574125630108
2.451,1.4448410302325485,13.9611270678177
2.452,1.444937820599208,14.026122302285074
2.453,1.4450346805010343,14.090712565696393
2.454,1.4451316105934855,14.154883578142304
2.455,1.4452286115138329,14.21862117760736
2.456,1.4453256838810338,14.281911323737262
2.457,1.4454228282956096,14.34474010157463
2.458,1.445520045339531,14.407093725265284
2.459,1.445617335576104,14.468958541729734
2.46,1.4457146995498626,14.53032103430374
2.461,1.4458121377864663,14.591167826343892
2.462,1.4459096507926024,14.651485684796725
2.463,1.446007239055892,14.71126152373418
2.464,1.4461049030448017,14.770482407850935
2.465,1.4462026432085613,14.829135555922676
2.466,1.4463004599770821,14.887208344227872
2.467,1.446398353760886,14.944688309929802
2.468,1.446496324951033,15.001563154414214
2.469,1.4465943739190605,15.057820746592157
2.47,1.44669250101692,15.113449126154862
2.471,1.4467907065769252,15.168436506788154
2.472,1.4468889909117002,15.222771279343334
2.473,1.4469873543141365,15.27644201496166
2.474,1.4470857970573505,15.329437468155177
2.475,1.4471843193946503,15.38174657984024
2.476,1.4472829215595044,15.433358480323733
2.477,1.447381603765516,15.484262492241726
2.478,1.447480366206403,15.534448133450482
2.479,1.4475792090559811,15.58390511986606
2.48,1.4476781324681545,15.632623368256404
2.481,1.447777136576908,15.680592998979506
2.482,1.4478762214963077,15.72780433867257
2.483,1.4479753873205035,15.774247922888975
2.484,1.448074634123736,15.819914498679736
2.485,1.4481739619603546,15.864795027123847
2.486,1.4482733708648292,15.90888068580432
2.487,1.4483728608517792,15.952162871226946
2.488,1.4484724319159965,15.994633201187654
2.489,1.4485720840324812,16.036283517078303
2.49,1.4486718171564759,16.077105886141368
2.491,1.448771631223511,16.117092603663878
2.492,1.4488715261494496,16.156236195112925
2.493,1.4489715018305378,16.19452941821612
2.494,1.4490715581434632,16.23196526497955
2.495,1.4491716949454139,16.268536963648472
2.496,1.4492719120741453,16.304237980606857
2.497,1.449372209348049,16.33906202221634
2.498,1.449472586566228,16.37300303659501
2.499,1.4495730435085763,16.406055215334433
2.5,1.4496735799358615,16.438212995153705
2.501,1.4497741955898145,16.469471059492648
2.502,1.4498748901932212,16.499824340041044
2.503,1.4499756634500212,16.52926801820567
2.504,1.4500765150454076,16.557797526513212
2.505,1.4501774446459343,16.585408549948056
2.506,1.4502784518996266,16.612097027228486
2.507,1.4503795364360956,16.63785915201629
2.508,1.4504806978666576,16.66269137406084
2.509,1.4505819357844565,16.68659040028072
2.51,1.4506832497645934,16.70955319577544
2.511,1.4507846393642556,16.7315769847756
2.512,1.4508861041228562,16.7526592515253
2.513,1.4509876435621718,16.772797741096383
2.514,1.4510892571864853,16.791990460138848
2.515,1.451190944482738,16.81023567756411
2.516,1.451292704920679,16.82753192515807
2.517,1.4513945379530213,16.843877998133138
2.518,1.4514964430156045,16.859272955606073
2.519,1.451598419527554,16.8737161210136
2.52,1.451700466891454,16.887207082458303
2.521,1.4518025844935158,16.899745692986414
2.522,1.451904771703753,16.911332070799716
2.523,1.4520070278761628,16.921966599397635
2.524,1.4521093523489048,16.931649927652188
2.525,1.4522117444444902,16.940382969816653
2.526,1.4523142034699714,16.94816690546301
2.527,1.4524167287171326,16.955003179354776
2.528,1.4525193194626884,16.96089350124953
2.529,1.4526219749684837,16.96583984563496
2.53,1.4527246944816947,16.969844451396426
2.531,1.4528274772350387,16.972909821417872
2.532,1.4529303224469807,16.975038722112487
2.533,1.4530332293219486,16.976234182889442
2.5340000000000003,1.4531361970505476,16.97649949555006
2.535,1.4532392248097794,16.975838213618147
2.536,1.4533423117632647,16.97425415160356
2.537,1.4534454570614677,16.971751384196978
2.5380000000000003,1.453548659841923,16.9683342454002
2.539,1.453651919229468,16.964007327588604
2.54,1.4537552343364741,16.958775480506432
2.541,1.4538586042630837,16.952643810198524
2.5420000000000003,1.45396202809745,16.94561767787296
2.543,1.454065504915974,16.937702698700775
2.544,1.4541690337835538,16.92890474054913
2.545,1.4542726137538249,16.919229922649265
2.5460000000000003,1.4543762438694132,16.908684614200624
2.547,1.4544799231621823,16.897275432910916
2.548,1.4545836506534904,16.885009243469668
2.549,1.45468742535444,16.871893155962084
2.5500000000000003,1.4547912462661399,16.85793452421585
2.551,1.4548951123799623,16.84314094408859
2.552,1.4549990226778042,16.827520251690345
2.553,1.455102976132351,16.81108052154444
2.5540000000000003,1.455206971707342,16.79383006468896
2.555,1.4553110083578344,16.775777426714924
2.556,1.4554150850304752,16.75693138574391
2.557,1.4555192006637705,16.737300950347958
2.5580000000000003,1.4556233541883554,16.716895357406614
2.559,1.4557275445272688,16.695724069908678
2.56,1.455831770596229,16.673796774691866
2.561,1.4559360313039065,16.651123380127288
2.562,1.4560403255522048,16.627714013744693
2.563,1.456144652236536,16.603579019803362
2.564,1.4562490102461023,16.57872895680414
2.565,1.4563533984641783,16.55317459494701
2.566,1.4564578157683874,16.526926913535377
2.567,1.4565622610309914,16.49999709832339
2.568,1.4566667331191683,16.47239653881246
2.569,1.4567712308952998,16.444136825491412
2.57,1.4568757532172572,16.415229747028604
2.571,1.4569802989386842,16.385687287409993
2.572,1.4570848669092862,16.35552162302561
2.573,1.4571894559751162,16.324745119708822
2.574,1.457294064978861,16.293370329724084
2.575,1.4573986927601317,16.26140998870686
2.576,1.4575033381557492,16.22887701255516
2.577,1.4576080000000344,16.1957844942758
2.578,1.4577126771250963,16.16214570078145
2.579,1.4578173683611193,16.12797406964623
2.58,1.4579220725366544,16.09328320581237
2.581,1.458026788478905,16.058086878256447
2.582,1.4581315150140184,16.02239901661143
2.583,1.4582362509673714,15.986233707745953
2.584,1.4583409951638602,15.949605192303906
2.585,1.4584457464281886,15.912527861202378
2.586,1.4585505035851516,15.87501625209066
2.587,1.458655265459929,15.837085045770706
2.588,1.458760030878365,15.79874906257912
2.589,1.4588647986672587,15.76002325873445
2.59,1.4589695676546464,15.720922722645653
2.591,1.4590743366700896,15.681462671188555
2.592,1.4591791045449531,15.641658445945794
2.593,1.4592838701126938,15.601525509415566
2.594,1.4593886322091374,15.561079441187431
2.595,1.4594933896727633,15.520335934087953
2.596,1.4595981413449814,15.479310790294008
2.597,1.4597028860704129,15.438019917419453
2.598,1.459807622697166,15.39647932457234
2.599,1.4599123500771123,15.354705118385525
2.6,1.460017067066163,15.312713499020234
2.601,1.4601217725245415,15.270520756144535
2.602,1.4602264653170538,15.228143264889653
2.603,1.4603311443133615,15.18559748178086
2.604,1.4604358083882492,15.142899940646686
2.605,1.4605404564218922,15.10006724850804
2.606,1.4606450873001207,15.057116081446708
2.607,1.460749699914686,15.014063180454954
2.608,1.4608542931635196,14.970925347267325
2.609,1.4609588659509942,14.92771944017501
2.61,1.4610634171881824,14.884462369825428
2.611,1.4611679457931122,14.841171095007098
2.612,1.4612724506910202,14.797862618419074
2.613,1.4613769308146038,14.754553982430139
2.614,1.4614813851042707,14.711262264824583
2.615,1.4615858125083871,14.668004574539836
2.616,1.4616902119835202,14.624798047392005
2.617,1.4617945824946836,14.581659841794533
2.618,1.461898923015576,14.53860713447122
2.619,1.4620032325288181,14.495657116160729
2.62,1.46210751002619,14.452826987316016
2.621,1.462211754508861,14.410133953802614
2.622,1.4623159649876227,14.36759522259183
2.623,1.4624201404831128,14.325227997453283
2.624,1.4625242800260425,14.283049474645622
2.625,1.4626283826574158,14.24107683860936
2.626,1.46273244742875,14.199327257659647
2.627,1.4628364734022907,14.157817879685226
2.628,1.4629404596512257,14.116565827845207
2.629,1.4630444052598937,14.075588196276655
2.63,1.4631483093239925,14.034902045805012
2.631,1.463252170950782,13.994524399662254
2.632,1.4633559892592858,13.954472239213857
2.633,1.463459763380487,13.91476249969439
2.634,1.4635634924575256,13.875412065952702
2.635,1.463667175645886,13.836437768212178
2.636,1.4637708121135873,13.797856377837547
2.637,1.4638744010413671,13.759684603121514
2.638,1.4639779416228629,13.721939085082369
2.639,1.464081433064788,13.684636393277515
2.64,1.464184874587107,13.647793021636687
2.641,1.464288265423209,13.611425384309115
2.642,1.4643916048200687,13.575549811533492
2.643,1.4644948920384158,13.540182545525568
2.644,1.4645981263528909,13.505339736386588
2.645,1.4647013070522055,13.471037438037555
2.646,1.4648044334392907,13.437291604171136
2.647,1.4649075048314497,13.404118084232806
2.648,1.4650105205605,13.37153261942484
2.649,1.4651134799729184,13.33955083873667
2.65,1.4652163824299738,13.308188255003373
2.651,1.4653192273078663,13.277460260992314
2.652,1.465422013997853,13.247382125518769
2.653,1.4655247419063773,13.217968989592435
2.654,1.4656274104551876,13.189235862594956
2.655,1.465730019081459,13.161197618490434
2.656,1.465832567237907,13.13386899206833
2.657,1.4659350543928953,13.10726457522128
2.658,1.4660374800305445,13.081398813258119
2.6590000000000003,1.4661398436508348,13.056286001254193
2.66,1.4662421447697027,13.031940280435407
2.661,1.466344382919136,13.008375634605727
2.662,1.4664465576472652,12.98560588660834
2.6630000000000003,1.4665486685184475,12.96364469483099
2.664,1.4666507151133499,12.942505549749825
2.665,1.4667526970290277,12.922201770514917
2.666,1.4668546138789973,12.90274650158085
2.6670000000000003,1.4669564652933071,12.884152709377886
2.668,1.4670582509186012,12.866433179029357
2.669,1.4671599704181828,12.849600511113593
2.67,1.4672616234720701,12.833667118472647
2.6710000000000003,1.4673632097770493,12.81864522306735
2.672,1.4674647290467242,12.804546852880264
2.673,1.4675661810115608,12.791383838867034
2.674,1.467667565418927,12.77916781195718
2.6750000000000003,1.4677688820331298,12.767910200107195
2.676,1.467870130635447,12.757622225399459
2.677,1.467971311024155,12.748314901198782
2.678,1.468072423014552,12.739999029356824
2.6790000000000003,1.4681734664389785,12.732685197472875
2.68,1.4682744411468327,12.726383776206433
2.681,1.4683753470045806,12.721104916645189
2.682,1.468476183895762,12.716858547728506
2.6830000000000003,1.4685769517209974,12.713654373727167
2.684,1.4686776503979815,12.711501871778182
2.685,1.46877827986148,12.71041028947944
2.686,1.46887884006332,12.710388642539513
2.6870000000000003,1.4689793309723762,12.711445712488981
2.688,1.4690797525745507,12.71359004444885
2.689,1.4691801048727526,12.716829944958619
2.69,1.4692803878868723,12.721173479866636
2.691,1.469380601653749,12.726628472280211
2.692,1.4694807462271369,12.733202500576226
2.693,1.469580821677666,12.74090289647583
2.694,1.4696808280928018,12.749736743180662
2.695,1.4697807655767954,12.759710873571152
2.696,1.469880634250633,12.770831868471404
2.697,1.469980434251983,12.783106054973487
2.698,1.4700801657351361,12.796539504830918
2.699,1.4701798288709416,12.811138032914272
2.7,1.4702794238467412,12.826907195732247
2.701,1.4703789508662988,12.843852290019896
2.702,1.4704784101497248,12.861978351391883
2.703,1.4705778019333982,12.881290153062437
2.704,1.4706771264698844,12.901792204632258
2.705,1.4707763840278474,12.923488750943747
2.706,1.4708755748919622,12.946383771000285
2.707,1.4709746993628179,12.970480976959138
2.708,1.4710737577568234,12.995783813186307
2.709,1.4711727504061027,13.022295455384693
2.71,1.4712716776583927,13.050018809788071
2.711,1.471370539876933,13.07895651242454
2.712,1.4714693374403527,13.109110928450974
2.713,1.4715680707425571,13.140484151554006
2.714,1.471666740192605,13.173078003421722
2.715,1.4717653462145879,13.2068940332871
2.716,1.4718638892475027,13.24193351753658
2.717,1.4719623697451216,13.278197459394647
2.718,1.4720607881758587,13.315686588672904
2.719,1.4721591450226328,13.354401361593702
2.72,1.4722574407827282,13.394341960681118
2.721,1.4723556759676506,13.43550829472305
2.722,1.4724538511029788,13.477899998805853
2.723,1.4725519667282176,13.521516434417194
2.724,1.472650023396644,13.566356689617834
2.725,1.4727480216751465,13.612419579288641
2.726,1.472845962144073,13.6597036454436
2.727,1.4729438453970622,13.708207157615902
2.728,1.4730416720408805,13.757928113313213
2.729,1.4731394426952549,13.808864238541886
2.73,1.4732371579926982,13.861012988404966
2.731,1.4733348185783373,13.914371547767558
2.732,1.4734324251097346,13.96893683199103
2.733,1.47352997825671,14.024705487740832
2.734,1.473627478701155,14.081673893859957
2.735,1.473724927136852,14.139838162314575
2.736,1.4738223242692814,14.199194139207734
2.737,1.4739196708154336,14.259737405861657
2.738,1.4740169675036168,14.321463279969265
2.739,1.4741142150732593,14.384366816815657
2.74,1.4742114142747118,14.448442810564416
2.741,1.4743085658690491,14.51368579561526
2.742,1.474405670627864,14.580090048028168
2.743,1.4745027293330653,14.647649587013078
2.744,1.474599742776669,14.716358176490061
2.745,1.474696711760588,14.786209326712694
2.746,1.4747936370964243,14.857196295959753
2.747,1.4748905196052495,14.929312092292818
2.748,1.4749873601173955,15.002549475377037
2.749,1.4750841594722324,15.076900958370196
2.75,1.4751809185179507,15.152358809874215
2.751,1.4752776381113404,15.228915055951077
2.752,1.475374319117567,15.306561482202959
2.753,1.4754709624099476,15.385289635914916
2.754,1.4755675688697232,15.465090828260763
2.755,1.4756641393858323,15.545956136571036
2.756,1.4757606748546805,15.627876406661997
2.757,1.4758571761799082,15.71084225522634
2.758,1.47595364427216,15.794844072283944
2.759,1.4760500800488494,15.879872023692442
2.76,1.4761464844339254,15.965916053718196
2.761,1.4762428583576328,16.052965887663873
2.762,1.4763392027562785,16.14101103455559
2.763,1.4764355185719884,16.230040789888477
2.764,1.476531806752472,16.32004423842487
2.765,1.476628068250778,16.411010257054073
2.766,1.4767243040250535,16.5029275177028
2.767,1.4768205150383023,16.59578449030296
2.768,1.4769167022581402,16.689569445812978
2.769,1.4770128666565503,16.784270459290624
2.77,1.4771090092096395,16.879875413020883
2.771,1.477205130897392,16.976371999694422
2.772,1.477301232703421,17.073747725635428
2.773,1.477397315614726,17.171989914082516
2.774,1.4774933806214423,17.271085708516736
2.775,1.4775894287165938,17.371022076038862
2.776,1.4776854608958467,17.47178581079502
2.777,1.477781478157259,17.57336353744752
2.778,1.477877481501033,17.67574171469367
2.779,1.4779734719292663,17.77890663882839
2.78,1.4780694504457044,17.8828444473516
2.781,1.4781654180554888,17.987541122618502
2.782,1.4782613757649115,18.09298249553408
2.783,1.478357324581165,18.19915424928689
2.7840000000000003,1.4784532655120926,18.306041923124553
2.785,1.4785491995659417,18.413630916169012
2.786,1.4786451277511148,18.52190649127124
2.787,1.4787410510759222,18.630853778903102
2.7880000000000003,1.4788369705483353,18.740457781084487
2.789,1.4789328871757361,18.850703375350903
2.79,1.479028801964677,18.96157531875049
2.791,1.479124715920629,19.073058251878933
2.7920000000000003,1.47922063004774,19.18513670294623
2.793,1.4793165453485881,19.297795091874214
2.794,1.4794124628239413,19.411017734426636
2.795,1.4795083834725098,19.524788846369724
2.7960000000000003,1.4796043082907073,19.639092547657427
2.797,1.4797002382724092,19.7539128666507
2.798,1.47979617440871,19.86923374435805
2.799,1.4798921176876891,19.9850390387058
2.8000000000000003,1.4799880690941678,20.101312528830206
2.801,1.4800840296094742,20.218037919394938
2.802,1.4801800002112082,20.33519884492955
2.803,1.480275981873007,20.452778874193115
2.8040000000000003,1.48037197556431,20.57076151455074
2.805,1.4804679822501299,20.689130216378757
2.806,1.4805640028908202,20.807868377480332
2.807,1.4806600384418476,20.926959347522512
2.8080000000000003,1.4807560898535634,21.04638643248751
2.809,1.48085215807098,21.166132899139086
2.81,1.4809482440335437,21.286181979502558
2.811,1.481044348674916,21.406516875359173
2.8120000000000003,1.48114047292275,21.52712076274772
2.813,1.4812366176984726,21.647976796481267
2.814,1.4813327839170687,21.769068114670162
2.815,1.4814289724868641,21.890377843254747
2.816,1.481525184309314,22.011889100542746
2.817,1.4816214202787916,22.133585001754767
2.818,1.481717681282377,22.25544866357405
2.819,1.481813968199655,22.37746320869941
2.82,1.4819102819025052,22.499611770398083
2.821,1.4820066232549025,22.621877497064965
2.822,1.4821029931127159,22.7442435567784
2.823,1.4821993923235097,22.86669314185378
2.824,1.482295821726349,22.989209473399555
2.825,1.482392282151607,23.111775805863928
2.826,1.4824887744207706,23.23437543158242
2.827,1.482585299346256,23.356991685316956
2.828,1.4826818577312204,23.479607948786978
2.829,1.4827784503693795,23.602207655196437
2.83,1.4828750780448263,23.724774293748354
2.831,1.4829717415318533,23.847291414149794
2.832,1.4830684415947766,23.969742631107053
2.833,1.4831651789877638,24.0921116288051
2.834,1.483261954454662,24.214382165377046
2.835,1.4833587687288339,24.33653807735717
2.836,1.4834556225329911,24.458563284115847
2.837,1.483552516579032,24.580441792282002
2.838,1.483649451567885,24.702157700142408
2.839,1.4837464281893518,24.82369520202608
2.84,1.483843447121955,24.945038592664687
2.841,1.4839405090327873,25.066172271533404
2.842,1.4840376145773666,25.187080747168473
2.843,1.4841347643994904,25.307748641462574
2.844,1.484231959131097,25.428160693930707
2.845,1.484329199392127,25.548301765956182
2.846,1.4844264857903888,25.668156845005733
2.847,1.484523818921429,25.78771104881701
2.848,1.4846211993684022,25.906949629558042
2.849,1.4847186277019484,26.02585797795544
2.85,1.484816104480071,26.144421627390955
2.851,1.4849136302480184,26.26262625796842
2.852,1.4850112055381688,26.380457700541584
2.853,1.4851088308699203,26.49790194071477
2.854,1.485206506749581,26.614945122802084
2.855,1.4853042336702655,26.731573553752952
2.856,1.4854020121117937,26.847773707039764
2.857,1.4854998425405914,26.963532226506615
2.858,1.4855977254095978,27.07883593017874
2.859,1.485695661158173,27.19367181403237
2.86,1.485793650212012,27.308027055719492
2.861,1.4858916929830583,27.421889018257026
2.862,1.4859897898694263,27.535245253664755
2.863,1.486087941255322,27.648083506564042
2.864,1.4861861475109712,27.760391717730933
2.865,1.4862844089925484,27.872158027600292
2.866,1.4863827260421107,27.983370779725078
2.867,1.4864810989875359,28.094018524188172
2.868,1.4865795281424619,28.204090020961686
2.869,1.4866780138062323,28.313574243222604
2.87,1.4867765562638446,28.422460380610346
2.871,1.4868751557858997,28.530737842439578
2.872,1.48697381262856,28.63839626085678
2.873,1.487072527033507,28.745425493944296
2.874,1.4871712992279023,28.851815628771156
2.875,1.4872701294243564,28.957556984388944
2.876,1.4873690178208967,29.062640114770716
2.877,1.4874679646009417,29.167055811696812
2.878,1.4875669699332772,29.27079510757939
2.879,1.4876660339720376,29.373849278231667
2.88,1.4877651568566896,29.476209845579362
2.881,1.487864338712022,29.577868580310152
2.882,1.487963579648134,29.678817504463268
2.883,1.4880628797604338,29.779048893963804
2.884,1.488162239129634,29.87855528108598
2.885,1.4882616578217578,29.977329456863735
2.886,1.4883611358881417,30.075364473433098
2.887,1.4884606733654469,30.172653646312725
2.888,1.4885602702756728,30.269190556620792
2.889,1.4886599266261722,30.364969053226716
2.89,1.488759642409674,30.459983254838377
2.891,1.488859417604305,30.55422755202369
2.892,1.488959252173619,30.647696609163596
2.893,1.489059146066627,30.740385366343837
2.894,1.489159099217833,30.83228904117199
2.895,1.4892591115472702,30.923403130532648
2.896,1.4893591829605446,31.013723412271872
2.897,1.4894593133488796,31.103245946812592
2.898,1.489559502589164,31.19196707870171
2.899,1.4896597505440048,31.279883438087396
2.9,1.4897600570617824,31.36699194212487
2.901,1.4898604219767102,31.45328979631462
2.902,1.489960845108896,31.53877449576642
2.903,1.4900613262644078,31.623443826395068
2.904,1.4901618652353446,31.707295866042116
2.905,1.490262461799906,31.790328985527992
2.906,1.490363115722471,31.872541849627993
2.907,1.4904638267536752,31.953933417982896
2.908,1.4905645946304928,32.034502945928054
2.9090000000000003,1.4906654190763242,32.114249985255725
2.91,1.4907662998010824,32.193174384901766
2.911,1.490867236501287,32.27127629155959
2.912,1.4909682288601571,32.34855615021834
2.9130000000000003,1.4910692765477132,32.425014704630904
2.914,1.4911703792208741,32.50065299770374
2.915,1.491271536523565,32.575472371816474
2.916,1.4913727480868229,32.649474469062156
2.9170000000000003,1.4914740135289082,32.722661231418975
2.918,1.4915753324554182,32.79503490084266
2.919,1.4916767044594024,32.8665980192862
2.92,1.491778129121483,32.93735342864575
2.9210000000000003,1.4918796060099782,33.0073042706286
2.922,1.4919811346810234,33.07645398655052
2.923,1.4920827146787043,33.14480631705572
2.924,1.492184345535184,33.21236530176182
2.9250000000000003,1.492286026770837,33.27913527883226
2.926,1.4923877578943876,33.34512088447147
2.927,1.4924895384030448,33.410327052348464
2.928,1.492591367782648,33.47475901294317
2.9290000000000003,1.4926932455078084,33.53842229281935
2.93,1.4927951710420557,33.601322713823436
2.931,1.4928971438379885,33.66346639221169
2.932,1.4929991633374255,33.72485973769629
2.9330000000000003,1.4931012289715584,33.785509452427696
2.934,1.4932033401611102,33.8454225298942
2.935,1.4933054963164918,33.90460625375515
2.936,1.493407696837965,33.96306819659664
2.9370000000000003,1.493509941115806,34.02081621861622
2.938,1.493612228530467,34.07785846623467
2.939,1.4937145584527503,34.13420337063749
2.94,1.4938169302439723,34.189859646239526
2.9410000000000003,1.4939193432561402,34.24483628908442
2.942,1.4940217968321219,34.29914257516762
2.943,1.4941242903058243,34.35278805869214
2.944,1.4942268230023712,34.40578257025134
2.945,1.4943293942382827,34.45813621494227
2.946,1.4944320033216556,34.50985937041065
2.947,1.4945346495523493,34.56096268482682
2.948,1.4946373322221689,34.61145707478843
2.949,1.494740050615055,34.661353723162286
2.95,1.4948428040072668,34.71066407685258
2.951,1.4949455916675796,34.759399844504124
2.952,1.4950484128574706,34.80757299413881
2.953,1.4951512668313152,34.855195750724874
2.954,1.4952541528365806,34.90228059368278
2.955,1.4953570701140226,34.94884025432452
2.956,1.4954600178978827,34.99488771322707
2.957,1.4955629954160874,35.040436197545105
2.958,1.4956660018904473,35.08549917825847
2.959,1.4957690365368594,35.13009036735831
2.96,1.4958720985655094,35.174223714970005
2.961,1.495975187181075,35.21791340641616
2.962,1.496078301582929,35.26117385921753
2.963,1.49618144096535,35.30401972003699
2.964,1.4962846045177214,35.34646586156019
2.965,1.4963877914247452,35.3885273793228
2.966,1.4964910008666477,35.4302195884757
2.967,1.496594232019388,35.47155802049656
2.968,1.4966974840548692,35.51255841984356
2.969,1.4968007561411483,35.553236740554325
2.97,1.4969040474426474,35.593609142791834
2.971,1.4970073571203653,35.63369198933398
2.972,1.4971106843320892,35.6735018420124
2.973,1.4972140282326092,35.713055458100214
2.974,1.4973173879739294,35.7523697866457
2.975,1.4974207627054819,35.79146196475898
2.976,1.497524151574342,35.83034931384728
2.977,1.4976275537254404,35.86904933580301
2.978,1.497730968301778,35.90757970914443
2.979,1.4978343944446415,35.945958285109604
2.98,1.4979378312938159,35.98420308370345
2.981,1.4980412779878003,36.02233228970405
2.982,1.4981447336640228,36.0603642486203
2.983,1.4982481974590545,36.09831746261136
2.984,1.4983516685088223,36.13621058636101
2.985,1.4984551459488267,36.17406242291483
2.986,1.498558628914352,36.21189191947437
2.987,1.498662116540682,36.24971816315607
2.988,1.4987656079633138,36.28756037670774
2.989,1.4988691023181695,36.3254379141961
2.99,1.4989725987418092,36.363370256650526
2.991,1.499076096371644,36.40137700767799
2.992,1.4991795943461454,36.43947788904467
2.993,1.4992830918050588,36.47769273622045
2.994,1.4993865878896122,36.51604149389698
2.995,1.4994900817427266,36.554544211477115
2.996,1.4995935725092242,36.593221038527616
2.997,1.4996970593360377,36.63209222021291
2.998,1.4998005413724158,36.671178092696636
2.999,1.4999040177701315,36.71049907852047
3.0,1.5000074876836857,36.75007568195686
3.001,1.500110950270514,36.78992848433913
3.002,1.5002144046911878,36.83007813936857
3.003,1.5003178501096177,36.870545368404706
3.004,1.5004212856932546,36.91135095572849
3.005,1.50052471061329,36.95251574379405
3.006,1.5006281240448534,36.994060628458456
3.007,1.5007315251672126,37.036006554197414
3.008,1.5008349131639669,37.078374509306016
3.009,1.5009382872232429,37.121185521082246
3.01,1.5010416465378897,37.16446065100377
3.011,1.501144990305668,37.20822098988872
3.012,1.501248317729441,37.25248765304614
3.013,1.5013516280173664,37.29728177542145
3.014,1.5014549203830792,37.342624506728555
3.015,1.50155819404588,37.38853700658028
3.016,1.501661448230918,37.43504043961126
3.017,1.5017646821693753,37.482155970594306
3.018,1.5018678950986424,37.529904759559194
3.019,1.5019710862625022,37.578307956905064
3.02,1.502074254911304,37.6273866985137
3.021,1.5021774003021386,37.67716210086523
3.022,1.5022805216990107,37.72765525615296
3.023,1.5023836183730124,37.77888722740292
3.024,1.5024866896024882,37.830879043598486
3.025,1.5025897346732051,37.88365169480835
3.026,1.5026927528785163,37.93722612732359
3.027,1.502795743519523,37.99162323880274
3.028,1.5028987059052354,38.046863873421906
3.029,1.5030016393527326,38.102968817044314
3.03,1.5031045431873153,38.159958792390476
3.031,1.5032074167426632,38.21785445423063
3.032,1.5033102593609822,38.27667638458594
3.033,1.5034130703931585,38.33644508794756
3.0340000000000003,1.5035158491989005,38.39718098651083
3.035,1.5036185951468868,38.45890441542848
3.036,1.5037213076149054,38.52163561808142
3.037,1.5038239859899947,38.58539474137215
3.0380000000000003,1.5039266296685805,38.65020183103649
3.039,1.504029238056607,38.71607682697997
3.04,1.5041318105696742,38.78303955863788
3.041,1.5042343466331625,38.85110974035858
3.0420000000000003,1.5043368456823614,38.92030696681533
3.043,1.504439307162591,38.99065070844489
3.044,1.5045417305293267,39.06216030691178
3.045,1.5046441152483163,39.134854970606455
3.0460000000000003,1.5047464607956933,39.20875377017086
3.047,1.5048487666580936,39.28387563405807
3.048,1.5049510323327637,39.36023934412431
3.049,1.5050532573276687,39.43786353125353
3.0500000000000003,1.5051554411615957,39.516766671020164
3.051,1.5052575833642585,39.5969670793873
3.052,1.5053596834763927,39.67848290844014
3.053,1.505461741049855,39.76133214216186
3.0540000000000003,1.5055637556477144,39.84553259224634
3.055,1.5056657268443423,39.931101893952906
3.056,1.5057676542255014,40.01805750200309
3.057,1.5058695373884285,40.10641668651895
3.0580000000000003,1.5059713759419155,40.19619652900721
3.059,1.50607316950639,40.287413918388246
3.06,1.506174917713987,40.380085547068404
3.061,1.5062766202086249,40.474227907064
3.0620000000000003,1.5063782766460718,40.569857286168954
3.063,1.5064798866940134,40.66698976417474
3.064,1.5065814500321157,40.7656412091385
3.065,1.5066829663520855,40.86582727370314
3.0660000000000003,1.506784435357726,40.9675633914691
3.067,1.5068858567649916,41.070864773419444
3.068,1.5069872303020386,41.17574640439747
3.069,1.5070885557092748,41.28222303964219
3.0700000000000003,1.5071898327393993,41.390309201375736
3.071,1.5072910611574493,41.50001917545056
3.072,1.5073922407408349,41.611367008052746
3.073,1.5074933712793754,41.72436650246266
3.074,1.5075944525753322,41.839031215877526
3.075,1.5076954844434354,41.95537445629324
3.076,1.5077964667109127,42.073409279443695
3.077,1.5078973992175098,42.19314848580793
3.078,1.5079982818155098,42.31460461767436
3.079,1.5080991143697513,42.437789956272056
3.08,1.5081998967576409,42.562716518963995
3.081,1.5083006288691612,42.689396056505544
3.082,1.5084013106068819,42.81784005036951
3.083,1.508501941885959,42.94805971013736
3.084,1.5086025226341397,43.080065970955005
3.085,1.5087030527917562,43.21386949106008
3.086,1.5088035323117233,43.349480649375685
3.087,1.508903961159527,43.48690954317249
3.088,1.5090043393132153,43.62616598580227
3.089,1.5091046667633805,43.767259504500146
3.09,1.5092049435131445,43.91019933825879
3.091,1.5093051695781339,44.054994435775114
3.092,1.5094053449864595,44.20165345346463
3.093,1.5095054697786867,44.35018475355547
3.094,1.509605544007806,44.50059640224969
3.095,1.509705567739201,44.652896167959895
3.096,1.5098055410506084,44.807091519622716
3.097,1.5099054640320828,44.96318962508249
3.098,1.5100053367859518,45.121197349554144
3.099,1.5101051594267723,45.28112125415989
3.1,1.5102049320812805,45.44296759454072
3.101,1.5103046548883432,45.60674231954758
3.102,1.5104043279989,45.77245107000634
3.103,1.5105039515759096,45.94009917756208
3.104,1.5106035257942876,46.10969166359935
3.105,1.5107030508408466,46.28123323824107
3.106,1.5108025269142247,46.454728299426364
3.107,1.5109019542248248,46.6301809320668
3.108,1.5110013329947365,46.80759490727772
3.109,1.5111006634576656,46.986973681696156
3.11,1.5111999458588565,47.16832039687057
3.111,1.5112991804550113,47.35163787873425
3.112,1.511398367514209,47.53692863715759
3.113,1.5114975073158197,47.724194865579406
3.114,1.5115966001504169,47.91343844071967
3.115,1.5116956463196876,48.104660922371934
3.116,1.5117946461363378,48.29786355327418
3.117,1.511893599923999,48.493047259064156
3.118,1.5119925080171288,48.69021264831141
3.119,1.5120913707609103,48.889360012631556
3.12,1.5121901885111484,49.09048932688144
3.121,1.5122889616341653,49.29360024943304
3.122,1.5123876905066913,49.498692122530755
3.123,1.5124863755157565,49.70576397272846
3.124,1.5125850170585737,49.9148145114035
3.125,1.5126836155424268,50.12584213535788
3.126,1.5127821713845515,50.338844927493454
3.127,1.5128806850120164,50.553820657571976
3.128,1.5129791568615998,50.77076678305272
3.129,1.513077587379666,50.98968045001058
3.13,1.513175977022039,51.210558494135896
3.131,1.5132743262538724,51.43339744181151
3.132,1.5133726355495212,51.6581935112701
3.133,1.513470905392406,51.88494261383259
3.134,1.51356913627488,52.11364035522253
3.135,1.5136673286980915,52.34428203696188
3.136,1.5137654831718448,52.57686265784426
3.137,1.513863600214459,52.81137691548569
3.138,1.5139616803526277,53.04781920795434
3.139,1.5140597241212708,53.28618363547916
3.14,1.51415773206339,53.526464002230455
3.141,1.5142557047299219,53.76865381818413
3.142,1.514353642679585,54.012746301057504
3.143,1.5144515464787311,54.258734378322934
3.144,1.5145494167011904,54.50661068929672
3.145,1.5146472539281168,54.75636758730338
3.146,1.5147450587478324,55.007997141913414
3.147,1.5148428317556684,55.26149114125785
3.148,1.514940573553805,55.51684109441213
3.149,1.5150382847511144,55.77403823385802
3.15,1.5151359659629928,56.03307351801429
3.151,1.5152336178112016,56.29393763384035
3.152,1.5153312409236996,56.55662099951313
3.153,1.515428835934478,56.821113767171596
3.154,1.5155264034833924,57.08740582573367
3.155,1.5156239442159942,57.35548680378288
3.156,1.5157214587833605,57.62534607252078
3.157,1.5158189478419248,57.896972748792024
3.158,1.5159164120533022,58.17035569817341
3.1590000000000003,1.5160138520841193,58.445483538131086
3.16,1.5161112686058384,58.72234464124365
3.161,1.5162086622945838,59.00092713849022
3.162,1.5163060338309637,59.28121892260363
3.1630000000000003,1.5164033838998976,59.563207651487005
3.164,1.5165007131904358,59.84688075169291
3.165,1.5165980223955815,60.132225421965224
3.166,1.5166953122121143,60.41922863684153
3.1670000000000003,1.5167925833404081,60.707877150317636
3.168,1.5168898364842531,60.99815749956964
3.169,1.5169870723506738,61.29005600873515
3.17,1.5170842916497478,61.58355879275331
3.1710000000000003,1.5171814950944262,61.87865176126273
3.172,1.51727868340035,62.17532062254985
3.173,1.5173758572856675,62.47355088756056
3.174,1.5174730174708526,62.773327873959474
3.1750000000000003,1.5175701646785216,63.07463671024439
3.176,1.5176672996332494,63.377462339914416
3.177,1.5177644230613874,63.681789525686064
3.178,1.5178615356908782,63.98760285376294
3.1790000000000003,1.5179586382510748,64.2948867381523
3.18,1.5180557314725531,64.6036254250298
3.181,1.5181528160869318,64.91380299715212
3.182,1.518249892826687,65.2254033783155
3.1830000000000003,1.518346962424969,65.53841033785886
3.184,1.5184440256154195,65.85280749521007
3.185,1.5185410831319863,66.16857832447644
3.186,1.5186381357087446,66.48570615907518
3.1870000000000003,1.5187351840797094,66.80417419640699
3.188,1.5188322289786564,67.12396550256373
3.189,1.5189292711389393,67.44506301708245
3.19,1.5190263112933078,67.76744955772736
3.1910000000000003,1.5191233501737256,68.09110782531525
3.192,1.5192203885111928,68.41602040857094
3.193,1.5193174270355618,68.74216978901876
3.194,1.519414466475361,69.06953834590436
3.1950000000000003,1.5195115075576149,69.39810836115078
3.196,1.5196085510076647,69.72786202434
3.197,1.5197055975489921,70.05878143772796
3.198,1.5198026479030438,70.39084862128334
3.1990000000000003,1.5198997027890522,70.72404551775529
3.2,1.5199967629238629,71.05835399776396
3.201,1.5200938290217612,71.3937558649162
3.202,1.5201909017942956,71.73023286094329
3.203,1.520287981950109,72.06776667086143
3.204,1.520385070194766,72.40633892814765
3.205,1.520482167230581,72.74593121994099
3.206,1.520579273756453,73.08652509225595
3.207,1.5206763904676943,73.42810205521349
3.208,1.5207735180558652,73.77064358828916
3.209,1.5208706572086084,74.11413114557016
3.21,1.520967808609484,74.45854616102905
3.211,1.5210649729378076,74.80387005380689
3.212,1.5211621508684874,75.15008423350397
3.213,1.5212593430718655,75.4971701054827
3.214,1.521356550213557,75.84510907617405
3.215,1.5214537729542956,76.19388255839183
3.216,1.521551011949774,76.54347197664964
3.217,1.5216482678504917,76.89385877248263
3.218,1.5217455413016026,77.24502440976931
3.219,1.5218428329427627,77.59695038005572
3.22,1.5219401434079802,77.94961820787508
3.221,1.5220374733254691,78.30300945607017
3.222,1.5221348233175014,78.65710573110724
3.223,1.5222321940002634,79.01188868838773
3.224,1.5223295859837134,79.3673400375537
3.225,1.5224269998714395,79.72344154778398
3.226,1.5225244362605215,80.08017505308274
3.227,1.5226218957413935,80.43752245755817
3.228,1.5227193788977087,80.79546574068641
3.229,1.5228168863062057,81.15398696256769
3.23,1.5229144185365773,81.51306826916354
3.231,1.5230119761513403,81.87269189752087
3.232,1.5231095597057107,82.23284018097864
3.233,1.5232071697474743,82.59349555435497
3.234,1.5233048068168662,82.95464055911738
3.235,1.5234024714464494,83.31625784853077
3.236,1.5235001641609953,83.67833019278054
3.237,1.5235978854773666,84.04084048407825
3.238,1.523695635904403,84.40377174173653
3.239,1.5237934159428075,84.76710711722177
3.24,1.5238912260850381,85.13082989917753
3.241,1.5239890668151992,85.49492351841991
3.242,1.524086938608934,85.85937155290317
3.243,1.5241848419333242,86.22415773265494
3.244,1.524282777246786,86.58926594467518
3.245,1.5243807449989728,86.95468023780788
3.246,1.524478745630679,87.32038482757187
3.247,1.5245767795737453,87.68636410095809
3.248,1.5246748472509677,88.05260262119027
3.249,1.5247729490760076,88.4190851324436
3.25,1.524871085453305,88.7857965645276
3.251,1.5249692567779964,89.15272203752588
3.252,1.5250674634358299,89.51984686639196
3.253,1.525165705803088,89.8871565655051
3.254,1.5252639842465099,90.25463685317878
3.255,1.5253622991232176,90.6222736561251
3.256,1.5254606507806456,90.99005311386973
3.257,1.5255590395564675,91.35796158312237
3.258,1.525657465778535,91.72598564209366
3.259,1.5257559297648096,92.09411209476613
3.26,1.5258544318233027,92.46232797510851
3.261,1.5259529722520184,92.83062055124337
3.262,1.5260515513388948,93.19897732955502
3.263,1.5261501693617514,93.56738605874727
3.264,1.5262488265882383,93.93583473384254
3.265,1.5263475232757886,94.30431160012466
3.266,1.526446259671571,94.67280515702414
3.267,1.5265450360124486,95.04130416194567
3.268,1.5266438525249375,95.40979763403107
3.269,1.5267427094251704,95.77827485786602
3.27,1.5268416069188602,96.14672538712338
3.271,1.5269405452012677,96.51513904814146
3.272,1.527039524457174,96.88350594344092
3.273,1.527138544860851,97.25181645517617
3.274,1.5272376065760396,97.62006124851794
3.275,1.5273367097559258,97.98823127497545
3.276,1.5274358545431235,98.35631777564339
3.277,1.5275350410696587,98.72431228438606
3.278,1.5276342694569542,99.0922066309501
3.279,1.5277335398158198,99.45999294400542
3.28,1.5278328522464446,99.82766365411833
3.281,1.5279322068383916,100.19521149664948
3.282,1.528031603670594,100.56262951458118
3.283,1.5281310428113561,100.92991106127121
3.2840000000000003,1.5282305243183552,101.2970498031299
3.285,1.528330048238648,101.66403972222614
3.286,1.5284296146086773,102.03087511881418
3.287,1.5285292234542833,102.3975506137858
3.2880000000000003,1.5286288747907169,102.76406115104476
3.289,1.528728568622655,103.13040199980342
3.29,1.5288283049442197,103.49656875680115
3.291,1.5289280837389996,103.86255734844363
3.2920000000000003,1.5290279049800721,104.22836403286153
3.293,1.529127768630032,104.59398540189036
3.294,1.5292276746410183,104.9594183829681
3.295,1.5293276229547474,105.32466024095176
3.2960000000000003,1.5294276135025457,105.68970857985258
3.297,1.5295276462053886,106.05456134448708
3.298,1.5296277209739362,106.41921682204676
3.299,1.5297278377085783,106.78367364358482
3.3000000000000003,1.5298279962994765,107.1479307854138
3.301,1.5299281966266127,107.51198757042712
3.302,1.5300284385598366,107.87584366932867
3.303,1.530128721958918,108.23949910177987
3.3040000000000003,1.5302290466736015,108.6029542374625
3.305,1.5303294125436615,108.96620979705176
3.306,1.5304298193989643,109.32926685310687
3.307,1.5305302670595244,109.69212683087379
3.3080000000000003,1.5306307553355738,110.05479150899802
3.309,1.5307312840276235,110.41726302015593
3.31,1.5308318529265348,110.7795438515937
3.311,1.5309324618135884,111.14163684557984
3.3120000000000003,1.5310331104605583,111.50354519977198
3.313,1.5311337986297864,111.86527246749209
3.314,1.5312345260742595,112.2268225579158
3.315,1.5313352925376915,112.58819973617383
3.3160000000000003,1.531436097754602,112.94940862336097
3.317,1.5315369414504016,113.31045419646199
3.318,1.5316378233414796,113.67134178818421
3.319,1.5317387431352907,114.03207708670396
3.3200000000000003,1.5318397005304445,114.3926661353226
3.321,1.5319406952168007,114.7531153320348
3.322,1.532041726875561,115.11343142900753
3.323,1.5321427951793676,115.47362153197108
3.3240000000000003,1.5322438997924008,115.8336930995185
3.325,1.5323450403704781,116.19365394232112
3.326,1.5324462165611594,116.5535122222504
3.327,1.5325474280038491,116.91327645141601
3.3280000000000003,1.532648674329903,117.2729554911111
3.329,1.532749955162736,117.63255855067322
3.33,1.532851270117932,117.99209518625436
3.331,1.5329526188033558,118.3515752995065
3.332,1.5330540008192661,118.71100913617491
3.333,1.5331554157584293,119.07040728460915
3.334,1.5332568632062387,119.42978067418389
3.335,1.5333583427408308,119.78914057363357
3.336,1.5334598539332056,120.14849858930144
3.337,1.533561396347349,120.50786666330215
3.338,1.5336629695403536,120.86725707159722
3.339,1.5337645730625469,121.2266824219888
3.34,1.5338662064576134,121.58615565202301
3.341,1.5339678692627252,121.94569002681486
3.342,1.5340695610086688,122.30529913678404
3.343,1.5341712812199768,122.66499689531022
3.344,1.5342730294150577,123.0247975363034
3.345,1.5343748051063317,123.38471561169307
3.346,1.5344766078003609,123.74476598883368
3.347,1.5345784369979882,124.10496384783126
3.348,1.5346802921944722,124.46532467878419
3.349,1.5347821728796256,124.8258642789505
3.35,1.5348840785379525,125.18659874982829
3.351,1.53498600864879,125.54754449416181
3.352,1.5350879626864495,125.90871821286804
3.353,1.5351899401203568,126.2701369018832
3.354,1.5352919404151963,126.63181784893514
3.355,1.5353939630310538,126.99377863023895
3.356,1.5354960074235633,127.35603710711257
3.357,1.5355980730440502,127.7186114225248
3.358,1.5357001593396795,128.0815199975631
3.359,1.5358022657536015,128.44478152783026
3.36,1.5359043917251016,128.8084149797686
3.361,1.5360065366897462,129.17243958691233
3.362,1.5361087000795353,129.53687484606826
3.363,1.5362108813230495,129.90174051342885
3.364,1.5363130798456015,130.26705660061123
3.365,1.5364152950693877,130.63284337063416
3.366,1.5365175264136397,130.99912133382324
3.367,1.5366197732947742,131.36591124365026
3.368,1.5367220351265478,131.7332340925097
3.369,1.5368243113202087,132.1011111074272
3.37,1.5369266012846508,132.46956374570755
3.371,1.537028904426565,132.83861369051903
3.372,1.537131220150595,133.2082828464139
3.373,1.5372335478594892,133.57859333479448
3.374,1.537335886954257,133.94956748931276
3.375,1.5374382368343211,134.32122785121672
3.376,1.5375405968976736,134.6935971646383
3.377,1.5376429665410278,135.06669837182253
3.378,1.5377453451599754,135.44055460830583
3.379,1.5378477321491386,135.8151891980384
3.38,1.5379501269023255,136.19062564845197
3.381,1.5380525288126847,136.5668876454803
3.382,1.5381549372728593,136.9439990485252
3.383,1.538257351675139,137.32198388537586
3.384,1.5383597714116166,137.700866347079
3.385,1.5384621958743383,138.08067078276247
3.386,1.538564624455461,138.46142169441302
3.387,1.5386670565474005,138.8431437316109
3.388,1.5387694915429877,139.22586168621925
3.389,1.538871928835618,139.6096004870344
3.39,1.5389743678194048,139.99438519439207
3.391,1.5390768078893298,140.38024099473807
3.392,1.5391792484413926,140.7671931951583
3.393,1.5392816888727636,141.15526721787347
3.394,1.5393841285819305,141.54448859469738
3.395,1.5394865669688484,141.93488296146302
3.396,1.5395890034350879,142.3264760524128
3.397,1.5396914373839827,142.71929369456166
3.398,1.5397938682207761,143.113361802026
3.399,1.539896295352767,143.5087063703273
3.4,1.5399987181894532,143.90535347066645
3.401,1.540101136142681,144.3033292441727
3.402,1.5402035486267818,144.70265989612864
3.403,1.5403059550587175,145.10337169017197
3.404,1.5404083548582257,145.50549094247438
3.405,1.540510747447953,145.90904401590277
3.406,1.5406131322535999,146.31405731415896
3.407,1.5407155087040572,146.72055727590276
3.408,1.540817876231544,147.12857036886052
3.4090000000000003,1.540920234271743,147.5381230839168
3.41,1.5410225822639367,147.94924192919467
3.411,1.5411249196511396,148.36195342412435
3.412,1.5412272458802336,148.77628409349904
3.4130000000000003,1.541329560402096,149.19226046152664
3.414,1.5414318626717325,149.60990904586964
3.415,1.5415341521484043,150.0292563516816
3.416,1.5416364282957562,150.4503288656388
3.4170000000000003,1.541738690581942,150.87315304996898
3.418,1.5418409384797496,151.29775533647842
3.419,1.5419431714667255,151.72416212057948
3.42,1.5420453890252945,152.15239975531827
3.4210000000000003,1.5421475906428794,152.5824945454085
3.422,1.5422497758120233,153.0144727412654
3.423,1.5423519440305036,153.4483605330494
3.424,1.5424540948014478,153.88418404471543
3.4250000000000003,1.5425562276334492,154.32196932807068
3.426,1.5426583420406794,154.76174235684414
3.427,1.542760437542995,155.2035290207684
3.428,1.5428625136660525,155.64735511967004
3.4290000000000003,1.5429645699414116,156.0932463575822
3.43,1.5430666059066411,156.54122833686813
3.431,1.543168621105425,156.99132655236374
3.432,1.5432706150876627,157.4435663855398
3.4330000000000003,1.5433725874095696,157.89797309868482
3.434,1.543474537633775,158.35457182910915
3.435,1.543576465329421,158.8133875833749
3.436,1.5436783700722545,159.27444523154668
3.4370000000000003,1.5437802514447208,159.7377695014738
3.438,1.5438821090360555,160.20338497309666
3.439,1.5439839424423734,160.67131607278455
3.44,1.5440857512667547,161.14158706770309
3.4410000000000003,1.5441875351193308,161.61422206021433
3.442,1.5442892936173656,162.08924498231005
3.443,1.54439102638534,162.56667959008223
3.444,1.5444927330550282,163.04654945822512
3.4450000000000003,1.5445944132655764,163.52887797458126
3.446,1.5446960666635767,164.01368833472213
3.447,1.5447976929031404,164.5010035365711
3.448,1.5448992916459696,164.99084637506837
3.4490000000000003,1.5450008625614247,165.48323943687976
3.45,1.5451024053265912,165.97820509514838
3.451,1.5452039196263474,166.4757655042947
3.452,1.5453054051534212,166.97594259486158
3.4530000000000003,1.5454068616084553,167.47875806841068
3.454,1.545508288700062,167.98423339246668
3.455,1.5456096861448825,168.49238979551373
3.456,1.545711053667637,169.00324826204508
3.457,1.5458123910011787,169.51682952766473
3.458,1.5459136978865426,170.03315407424634
3.459,1.5460149740729923,170.5522421251489
3.46,1.5461162193180658,171.07411364048625
3.461,1.546217433387617,171.5987883124608
3.462,1.5463186160558577,172.1262855607532
3.463,1.546419767105395,172.656624527976
3.464,1.5465208863272668,173.18982407518828
3.465,1.5466219735209772,173.7259027774746
3.466,1.5467230284945266,174.26487891958894
3.467,1.5468240510644422,174.80677049166485
3.468,1.546925041055803,175.3515951849912
3.469,1.5470259983022685,175.89937038785928
3.47,1.5471269226460964,176.45011318147615
3.471,1.5472278139381668,177.00384033595003
3.472,1.5473286720379975,177.56056830634824
3.473,1.5474294968137623,178.1203132288244
3.474,1.547530288142302,178.6830909168231
3.475,1.5476310459091378,179.24891685735804
3.476,1.5477317700084778,179.81780620736288
3.477,1.5478324603432274,180.38977379012462
3.478,1.5479331168249888,180.9648340917886
3.479,1.5480337393740684,181.54300125794634
3.48,1.548134327919473,182.12428909030115
3.481,1.54823488239891,182.70871104341396
3.482,1.5483354027587808,183.29628022153122
3.483,1.548435888954176,183.88700937549555
3.484,1.5485363409488642,184.48091089973698
3.485,1.5486367587152836,185.07799682935192
3.486,1.5487371422345266,185.6782788372633
3.487,1.5488374914963252,186.28176823146845
3.488,1.5489378064990316,186.88847595237252
3.489,1.5490380872496006,187.49841257020915
3.49,1.5491383337635671,188.11158828254844
3.491,1.549238546065019,188.728012911896
3.492,1.549338724186574,189.34769590337555
3.493,1.5494388681693505,189.97064632250877
3.494,1.5495389780629347,190.59687285308036
3.495,1.5496390539253502,191.22638379509561
3.496,1.549739095823022,191.85918706283164
3.497,1.5498391038307395,192.49529018297858
3.498,1.549939078031617,193.13470029287478
3.499,1.5500390185170543,193.77742413883732
3.5,1.5501389253866902,194.42346807458193
3.501,1.550238798748361,195.07283805974305
3.502,1.5503386387180513,195.7255396584849
3.503,1.5504384454198432,196.38157803820985
3.504,1.5505382189858685,197.04095796836268
3.505,1.5506379595562534,197.70368381932997
3.506,1.5507376672790625,198.36975956143704
3.507,1.550837342310244,199.03918876404413
3.508,1.5509369848135686,199.7119745947346
3.509,1.551036594960571,200.3881198186073
3.51,1.5511361729304838,201.06762679766163
3.511,1.5512357189101758,201.75049749028432
3.512,1.5513352330940837,202.43673345083374
3.513,1.5514347156841464,203.12633582932233
3.514,1.5515341668897311,203.81930537119842
3.515,1.5516335869275646,204.51564241722863
3.516,1.551732976021658,205.21534690347661
3.517,1.551832334403233,205.91841836138434
3.518,1.551931662310644,206.62485591795095
3.519,1.5520309599892983,207.33465829601167
3.52,1.552130227691579,208.04782381461686
3.521,1.552229465676759,208.7643503895104
3.522,1.552328674210921,209.48423553370714
3.523,1.5524278535668707,210.20747635817236
3.524,1.5525270040240509,210.9340695725965
3.525,1.5526261258684517,211.6640114862756
3.526,1.5527252193925227,212.39729800908458
3.527,1.5528242848950828,213.13392465255498
3.528,1.552923322681223,213.87388653104938
3.529,1.5530223330622186,214.6171783630362
3.53,1.553121316355428,215.36379447246063
3.531,1.5532202728842013,216.11372879021923
3.532,1.5533192029777783,216.866974855727
3.533,1.55341810697119,217.62352581858744
3.5340000000000003,1.5535169852051602,218.38337444035804
3.535,1.5536158380260006,219.14651309641266
3.536,1.5537146657855094,219.91293377790444
3.537,1.553813468840867,220.68262809382065
3.5380000000000003,1.5539122475545295,221.45558727313852
3.539,1.554011002294124,222.23180216707522
3.54,1.5541097334323395,223.0112632514311
3.541,1.5542084413468178,223.79396062903385
3.5420000000000003,1.5543071264200454,224.57988403227137
3.543,1.5544057890392418,225.36902282572177
3.544,1.5545044295962478,226.16136600887674
3.545,1.554603048487413,226.956902218958
3.5460000000000003,1.5547016461134817,227.75561973382497
3.547,1.5548002228794802,228.55750647497666
3.548,1.5548987791945992,229.36255001064146
3.549,1.5549973154720793,230.17073755896203
3.5500000000000003,1.5550958321290933,230.98205599126587
3.551,1.55519432958663,231.79649183542705
3.552,1.5552928082693738,232.61403127931717
3.553,1.5553912686055873,233.43466017434235
3.5540000000000003,1.5554897110269912,234.25836403906823
3.555,1.5555881359686445,235.08512806293302
3.556,1.5556865438688214,235.91493711004034
3.557,1.555784935168894,236.74777572304433
3.5580000000000003,1.5558833103132061,237.5836281271125
3.559,1.5559816697489552,238.42247823397378
3.56,1.5560800139260649,239.26430964604944
3.561,1.5561783432970655,240.1091056606628
3.5620000000000003,1.5562766583169683,240.95684927433092
3.563,1.5563749594431433,241.8075231871358
3.564,1.5564732471351934,242.66110980717133
3.565,1.55657152185483,243.51759125507013
3.5660000000000003,1.5566697840657489,244.37694936860524
3.567,1.556768034233506,245.23916570736748
3.568,1.55686627282539,246.10422155751672
3.569,1.5569645003102976,246.9720979366058
3.5700000000000003,1.557062717158611,247.84277559847715
3.571,1.557160923842068,248.71623503823048
3.572,1.5572591208336393,249.5924564972579
3.573,1.5573573086074022,250.47141996835182
3.5740000000000003,1.5574554876384146,251.35310520087506
3.575,1.5575536584025906,252.2374917060015
3.576,1.5576518213765738,253.12455876201966
3.577,1.5577499770376129,254.01428541970026
3.5780000000000003,1.5578481258634358,254.90665050772606
3.579,1.5579462683321263,255.80163263818434
3.58,1.558044404921997,256.6992102121171
3.581,1.5581425361114671,257.59936142513254
3.5820000000000003,1.5582406623789369,258.5020642730719
3.583,1.5583387842026646,259.40729655773293
3.584,1.5584369020606417,260.3150358926497
3.585,1.5585350164304712,261.2252597089224
3.586,1.558633127789245,262.137945261102
3.587,1.55873123661342,263.05306963312654
3.588,1.5588293433786986,263.9706097443014
3.589,1.558927448559905,264.8905423553339
3.59,1.5590255526308663,265.8128440744096
3.591,1.5591236560642927,266.73749136331566
3.592,1.5592217593316549,267.664460543608
3.593,1.5593198629030693,268.5937278028193
3.594,1.559417967247177,269.5252692007075
3.595,1.5595160728310278,270.4590606755456
3.596,1.559614180119961,271.3950780504462
3.597,1.5597122895774929,272.3332970397244
3.598,1.5598104016651981,273.2736932552944
3.599,1.5599085168425977,274.2162422130978
3.6,1.5600066355670439,275.1609193395673
3.601,1.5601047582936083,276.1076999781153
3.602,1.5602028854749692,277.05655939565463
3.603,1.5603010175613012,278.00747278914594
3.604,1.560399155000165,278.96041529216694
3.605,1.5604972982363987,279.9153619815104
3.606,1.5605954477120099,280.8722878838005
3.607,1.5606936038660681,281.83116798212956
3.608,1.560791767134599,282.7919772227176
3.609,1.5608899379504808,283.7546905215847
3.61,1.5609881167433388,284.7192827712403
3.611,1.5610863039394438,285.6857288473893
3.612,1.561184499961611,286.6540036156458
3.613,1.5612827052290985,287.6240819382622
3.614,1.56138092015751,288.59593868086387
3.615,1.5614791451586967,289.5695487191935
3.616,1.5615773806406588,290.54488694586087
3.617,1.5616756270074539,291.5219282770953
3.618,1.5617738846590983,292.50064765950304
3.619,1.56187215399148,293.4810200768245
3.62,1.5619704353962631,294.4630205566887
3.621,1.5620687292608,295.4466241773692
3.622,1.5621670359680417,296.4318060745326
3.623,1.5622653558964525,297.41854144798265
3.624,1.562363689419923,298.40680556839675
3.625,1.562462036907687,299.3965737840532
3.626,1.562560398724236,300.38782152754777
3.627,1.5626587752292418,301.38052432249833
3.628,1.5627571667774751,302.37465779023313
3.629,1.5628555737187269,303.37019765646744
3.63,1.5629539963977326,304.3671197579581
3.631,1.5630524351540962,305.3654000491425
3.632,1.5631508903222178,306.3650146087548
3.633,1.563249362231221,307.36593964642077
3.634,1.5633478512048822,308.36815150922723
3.635,1.563446357561564,309.37162668826903
3.636,1.563544881614145,310.376341825163
3.637,1.5636434236699581,311.3822737185394
3.638,1.5637419840307232,312.38939933049744
3.639,1.5638405629924879,313.3976957930318
3.64,1.5639391608455655,314.4071404144242
3.641,1.5640377778744772,315.4177106855984
3.642,1.564136414357896,316.4293842864398
3.643,1.5642350705685897,317.4421390920763
3.644,1.5643337467733678,318.455953179116
3.645,1.5644324432330317,319.47080483184834
3.646,1.5645311602023235,320.4866725483956
3.647,1.5646298979298767,321.50353504682386
3.648,1.5647286566581724,322.5213712712055
3.649,1.5648274366234918,323.5401603976337
3.65,1.5649262380558766,324.5598818401872
3.651,1.5650250611790852,325.5805152568448
3.652,1.5651239062105557,326.6020405553446
3.653,1.5652227733613662,327.6244378989928
3.654,1.5653216628362028,328.6476877124122
3.655,1.5654205748333212,329.67177068723726
3.656,1.5655195095445198,330.69666778774797
3.657,1.5656184671551054,331.72236025644577
3.658,1.5657174478438678,332.7488296195635
3.659,1.5658164517830524,333.7760576925191
3.66,1.5659154791383356,334.80402658529715
3.661,1.5660145300688026,335.83271870777037
3.662,1.566113604726926,336.8621167749506
3.663,1.566212703258548,337.8922038121723
3.664,1.5663118258028608,338.9229631602051
3.665,1.5664109724923951,339.9543784802956
3.666,1.5665101434530027,340.9864337591363
3.667,1.5666093388038482,342.01911331376084
3.668,1.5667085586573974,343.0524017963613
3.669,1.56680780311941,344.08628419903306
3.67,1.5669070722889333,345.12074585843754
3.671,1.5670063662582991,346.15577246038845
3.672,1.567105685113119,347.19135004435645
3.673,1.5672050289322876,348.22746500789225
3.674,1.56730439778798,349.26410411096606
3.675,1.5674037917456567,350.30125448022517
3.676,1.5675032108640694,351.3389036131633
3.677,1.5676026551952664,352.377039382207
3.678,1.567702124784601,353.4156500387106
3.679,1.5678016196707434,354.4547242168659
3.68,1.5679011398856915,355.4942509375204
3.681,1.5680006854547859,356.53421961190554
3.682,1.5681002563967248,357.574620045272
3.683,1.5681998527235816,358.6154424404348
3.684,1.5682994744408252,359.6566774012199
3.685,1.5683991215473383,360.6983159358217
3.686,1.568498794035445,361.74034946006066
3.687,1.5685984918909297,362.78276980054477
3.688,1.568698215093067,363.825569197736
3.689,1.568797963614649,364.86874030891397
3.69,1.5688977374220134,365.9122762110445
3.691,1.5689975364750768,366.9561704035459
3.692,1.569097360727366,368.0004168109533
3.693,1.5691972101260532,369.0450097854828
3.694,1.5692970846119931,370.089944109493
3.695,1.569396984119759,371.1352149978417
3.696,1.5694969085776833,372.1808181001402
3.697,1.5695968579078987,373.22674950290104
3.698,1.569696832026381,374.273005731582
3.699,1.5697968308429935,375.31958375252333
3.7,1.56989685426153,376.3664809747774
3.701,1.5699969021797655,377.41369525183256
3.702,1.5700969744895044,378.46122488322754
3.703,1.5701970710766298,379.509068616058
3.704,1.5702971918211561,380.5572256463751
3.705,1.57039733659728,381.6056956204725
3.706,1.5704975052734396,382.65447863606494
3.707,1.570597697712366,383.7035752433561
3.708,1.5706979137711434,384.7529864459947
3.709,1.570798153301268,385.8027137019211
3.71,1.5708984161487056,386.8527589241007
3.711,1.5709987021539575,387.90312448114594
3.712,1.5710990111521201,388.95381319782615
3.713,1.5711993429729494,390.0048283554652
3.714,1.5712996974409288,391.0561736922238
3.715,1.571400074375333,392.10785340327516
3.716,1.5715004735902975,393.1598721408577
3.717,1.571600894894889,394.21223501422435
3.718,1.5717013380931721,395.2649475894705
3.719,1.571801802984285,396.3180158892523
3.72,1.5719022893625096,397.3714463923911
3.721,1.5720027970173462,398.4252460333619
3.722,1.5721033257335892,399.47942220166897
3.723,1.5722038752914012,400.53398274110896
3.724,1.5723044454663913,401.58893594891697
3.725,1.572405036029693,402.6442905748025
3.726,1.5725056467480452,403.70005581986817
3.727,1.5726062773838672,404.75624133541646
3.728,1.5727069276953456,405.812857221643
3.729,1.5728075974365112,406.8699140262162
3.73,1.5729082863573263,407.92742274274184
3.731,1.5730089942037655,408.98539480911916
3.732,1.5731097207179,410.04384210577757
3.733,1.5732104656379848,411.1027769538087
3.734,1.5733112286985451,412.16221211297767
3.735,1.57341200963046,413.2221607796294
3.736,1.5735128081610539,414.28263658448043
3.737,1.5736136240141834,415.34365359029925
3.738,1.5737144569103247,416.4052262894757
3.739,1.5738153065666673,417.4673696014825
3.74,1.5739161726971997,418.5300988702229
3.741,1.5740170550128039,419.593429861273
3.742,1.574117953221346,420.65737875901175
3.743,1.5742188670277675,421.7219621636445
3.744,1.5743197961341782,422.78719708811855
3.745,1.57442074023995,423.85310095493077
3.746,1.5745216990418094,424.91969159282905
3.747,1.5746226722339336,425.9869872334091
3.748,1.5747236595080414,427.05500650760166
3.749,1.574824660553492,428.12376844206227
3.75,1.5749256750573764,429.19329245544964
3.751,1.575026702704616,430.26359835460664
3.752,1.5751277431780577,431.3347063306357
3.753,1.5752287961585671,432.406636954874
3.754,1.575329861325129,433.4794111747679
3.755,1.575430938354941,434.5530503096485
3.756,1.5755320269235105,435.6275760464048
3.757,1.5756331267047543,436.7030104350642
3.758,1.575734237371091,437.77937588427073
3.759,1.5758353585935418,438.8566951566711
3.76,1.575936490041826,439.9349913642036
3.761,1.576037631384458,441.0142879632923
3.762,1.5761387822888462,442.0946087499506
3.763,1.5762399424213869,443.1759778547911
3.764,1.5763411114475652,444.2584197379434
3.765,1.5764422890320495,445.3419591838856
3.766,1.5765434748387892,446.426621296183
3.767,1.5766446685311128,447.5124314921426
3.768,1.5767458697718209,448.59941549737835
3.769,1.576847078223287,449.6875993402944
3.77,1.5769482935475516,450.7770093464807
3.771,1.5770495154064188,451.86767213302994
3.772,1.5771507434615502,452.9596146027685
3.773,1.5772519773745648,454.0528639384122
3.774,1.5773532168071283,455.14744759663887
3.775,1.5774544614210535,456.24339330208545
3.776,1.5775557108783913,457.34072904126964
3.777,1.5776569648415255,458.43948305643437
3.778,1.5777582229732665,459.5396838393208
3.779,1.5778594849369452,460.6413601248694
3.78,1.577960750396505,461.7445408848484
3.781,1.578062019016594,462.84925532141585
3.782,1.5781632904626561,463.9555328606116
3.783,1.5782645644010236,465.0634031457845
3.784,1.5783658404990062,466.1728960309551
3.785,1.5784671184249823,467.28404157411467
3.786,1.5785683978484877,468.39687003046095
3.787,1.5786696784403025,469.51141184557804
3.788,1.578770959872542,470.62769764855386
3.789,1.5788722418187429,471.74575824504257
3.79,1.5789735239539484,472.8656246102713
3.791,1.579074805954796,473.9873278819933
3.792,1.5791760874996017,475.1108993533895
3.793,1.5792773682684424,476.23637046591864
3.794,1.5793786479432432,477.3637728021197
3.795,1.579479926207857,478.4931380783674
3.796,1.5795812027481457,479.6244981375812
3.797,1.5796824772520643,480.7578849418925
3.798,1.5797837494097364,481.8933305652682
3.799,1.579885018913537,483.03086718609546
3.8,1.5799862854581688,484.17052707972755
3.801,1.5800875487407384,485.31234261099314
3.802,1.580188808460834,486.4563462266695
3.803,1.5802900643206002,487.60257044792684
3.804,1.58039131602481,488.7510478627347
3.805,1.5804925632809406,489.9018111182461
3.806,1.5805938057992432,491.0548929131481
3.807,1.5806950432928153,492.21032598998954
3.808,1.5807962754776685,493.3681431274856
3.809,1.5808975020728,494.52837713279723
3.81,1.5809987228002558,495.6910608337922
3.811,1.5810999373852013,496.85622707128994
3.812,1.5812011455559838,498.02390869128277
3.813,1.5813023470441967,499.19413853715156
3.814,1.581403541584743,500.3669494418618
3.815,1.5815047289158963,501.5423742201505
3.816,1.5816059087793608,502.7204456607069
3.817,1.5817070809203313,503.9011965183412
3.818,1.5818082450875488,505.0846595061518
3.819,1.5819094010333596,506.27086728768904
3.82,1.582010548513768,507.45985246911357
3.821,1.5821116872884926,508.65164759136144
3.822,1.5822128171210157,509.8462851223057
3.823,1.582313937778638,511.04379744892657
3.824,1.5824150490325257,512.2442168694852
3.825,1.5825161506577596,513.4475755857072
3.826,1.5826172424333835,514.6539056949749
3.827,1.5827183241424483,515.8632391825338
3.828,1.5828193955720573,517.0756079137092
3.829,1.5829204565134087,518.291043626144
3.83,1.5830215067618378,519.5095779220483
3.831,1.5831225461168559,520.7312422604737
3.832,1.5832235743821899,521.9560679496063
3.833,1.5833245913658203,523.1840861390848
3.834,1.5834255968800144,524.4153278123422
3.835,1.5835265907413645,525.6498237789773
3.836,1.5836275727708176,526.887604667153
3.837,1.5837285427937071,528.1287009160283
3.838,1.5838295006397853,529.373142768221
3.839,1.5839304461432504,530.6209602623063
3.84,1.5840313791427714,531.8721832253527
3.841,1.5841322994815186,533.1268412654966
3.842,1.5842332070071823,534.3849637645558
3.843,1.584334101572001,535.6465798706886
3.844,1.5844349830327755,536.9117184910933
3.845,1.5845358512508965,538.1804082847584
3.846,1.5846367060923563,539.4526776552559
3.847,1.5847375474277685,540.7285547435888
3.848,1.5848383751323831,542.0080674210878
3.849,1.5849391890860993,543.2912432823626
3.85,1.5850399891734774,544.5781096383063
3.851,1.5851407752837507,545.8686935091614
3.852,1.5852415473108334,547.16302161764
3.853,1.5853423051533293,548.4611203821071
3.854,1.5854430487145372,549.7630159098264
3.855,1.5855437779024557,551.0687339902688
3.856,1.5856444926297868,552.378300088489
3.857,1.5857451928139366,553.6917393385668
3.858,1.5858458783770173,555.0090765371208
3.859,1.5859465492458436,556.3303361368921
3.86,1.5860472053519323,557.6555422403985
3.861,1.5861478466314962,558.9847185936671
3.862,1.5862484730254398,560.3178885800398
3.863,1.5863490844793509,561.6550752140577
3.864,1.5864496809434931,562.9963011354241
3.865,1.5865502623727947,564.3415886030506
3.866,1.5866508287268393,565.6909594891822
3.867,1.586751379969849,567.0444352736097
3.868,1.5868519160706747,568.4020370379648
3.869,1.5869524370027772,569.7637854601057
3.87,1.5870529427442115,571.1297008085883
3.871,1.5871534332776065,572.4998029372284
3.872,1.5872539085901476,573.8741112797577
3.873,1.5873543686735534,575.252644844569
3.874,1.5874548135240536,576.635422209559
3.875,1.5875552431423652,578.0224615170672
3.876,1.5876556575336669,579.4137804689076
3.877,1.5877560567075717,580.8093963215065
3.878,1.5878564406781,582.2093258811337
3.879,1.587956809463651,583.6135854992381
3.88,1.588057163086968,585.0221910678868
3.881,1.5881575015751117,586.4351580153052
3.882,1.5882578249594226,587.8525013015251
3.883,1.5883581332754901,589.2742354141394
3.884,1.5884584265631139,590.7003743641598
3.885,1.5885587048662684,592.1309316819918
3.886,1.5886589682330647,593.5659204135103
3.887,1.5887592167157103,595.0053531162539
3.888,1.5888594503704696,596.4492418557281
3.889,1.5889596692576227,597.8975982018205
3.89,1.5890598734414194,599.3504332253344
3.891,1.5891600629900386,600.8077574946358
3.892,1.5892602379755423,602.2695810724144
3.893,1.5893603984738276,603.735913512568
3.894,1.5894605445645826,605.2067638571989
3.895,1.589560676331235,606.6821406337349
3.896,1.589660793860905,608.162051852167
3.897,1.5897608972443529,609.646505002411
3.898,1.5898609865759288,611.1355070517876
3.899,1.5899610619535203,612.6290644426301
3.9,1.590061123478499,614.1271830900107
3.901,1.5901611712556651,615.6298683795964
3.902,1.5902612053931935,617.137125165624
3.903,1.5903612260025775,618.6489577690071
3.904,1.5904612331985704,620.1653699755648
3.905,1.5905612270991298,621.6863650343803
3.906,1.590661207825356,623.2119456562862
3.907,1.5907611755014346,624.7421140124783
3.908,1.5908611302545757,626.276871733259
3.909,1.5909610722149525,627.8162199069093
3.91,1.5910610015156381,629.36015907869
3.911,1.5911609182925457,630.9086892499762
3.912,1.5912608226843616,632.4618098775193
3.913,1.5913607148324842,634.0195198728436
3.914,1.5914605948809584,635.5818176017691
3.915,1.5915604629764082,637.1487008840749
3.916,1.591660319267974,638.720166993285
3.917,1.591760163907243,640.2962126565957
3.918,1.5918599970481841,641.8768340549282
3.919,1.5919598188470787,643.4620268231201
3.92,1.5920596294624532,645.0517860502471
3.921,1.5921594290550103,646.6461062800779
3.922,1.5922592177875587,648.2449815116643
3.923,1.5923589958249442,649.8484052000642
3.924,1.5924587633339806,651.4563702571966
3.925,1.5925585204833772,653.0688690528336
3.926,1.5926582674436678,654.6858934157237
3.927,1.5927580043871412,656.3074346348476
3.928,1.5928577314877685,657.9334834608112
3.929,1.5929574489211302,659.5640301073695
3.93,1.5930571568643468,661.1990642530834
3.931,1.5931568554960034,662.8385750431125
3.932,1.5932565449960767,664.482551091136
3.933,1.5933562255458662,666.1309804814132
3.934,1.593455897327916,667.7838507709686
3.935,1.5935555605259446,669.4411489919158
3.936,1.593655215324771,671.1028616539091
3.937,1.5937548619102406,672.7689747467286
3.938,1.593854500469151,674.4394737429951
3.939,1.5939541311891807,676.1143436010178
3.94,1.5940537542588125,677.7935687677677
3.941,1.5941533698672625,679.4771331819866
3.942,1.5942529782044035,681.1650202774205
3.943,1.594352579460694,682.8572129861841
3.944,1.5944521738271034,684.5536937422521
3.945,1.5945517614950384,686.2544444850794
3.946,1.5946513426562707,687.9594466633449
3.947,1.5947509175028616,689.6686812388261
3.948,1.5948504862270907,691.3821286903942
3.949,1.5949500490213842,693.099769018138
3.95,1.5950496060782386,694.8215817476076
3.951,1.5951491575901513,696.5475459341847
3.952,1.5952487037495482,698.2776401675729
3.953,1.5953482447487097,700.0118425764103
3.954,1.595447780779702,701.7501308330009
3.955,1.5955473120343042,703.4924821581687
3.956,1.5956468387039373,705.2388733262263
3.957,1.5957463609795948,706.9892806700648
3.958,1.5958458790517718,708.7436800863563
3.959,1.5959453931103964,710.5020470408763
3.96,1.596044903344759,712.2643565739355
3.961,1.5961444099434459,714.0305833059303
3.962,1.5962439130942676,715.8007014429993
3.963,1.5963434129841958,717.5746847827966
3.964,1.596442909799292,719.35250672037
3.965,1.5965424037246436,721.1341402541522
3.966,1.5966418949442975,722.9195579920544
3.967,1.596741383641194,724.70873215767
3.968,1.596840869997103,726.5016345965812
3.969,1.5969403541925598,728.2982367827674
3.97,1.5970398364068008,730.0985098251188
3.971,1.5971393168177028,731.9024244740485
3.972,1.5972387956017193,733.7099511282037
3.973,1.5973382729338215,735.5210598412755
3.974,1.5974377489874343,737.3357203289031
3.975,1.5975372239343806,739.1539019756757
3.976,1.59763669794482,740.9755738422245
3.977,1.5977361711871927,742.8007046724093
3.978,1.5978356438281596,744.6292629005906
3.979,1.59793511603255,746.4612166589959
3.98,1.5980345879633013,748.2965337851692
3.981,1.5981340597814104,750.1351818295061
3.982,1.598233531645875,751.9771280628731
3.983,1.598333003713642,753.8223394843078
3.984,1.59843247613956,755.6707828288016
3.985,1.5985319490763228,757.522424575157
3.986,1.5986314226744227,759.3772309539238
3.987,1.5987308970821021,761.2351679554124
3.988,1.5988303724453048,763.0962013377736
3.989,1.5989298489076291,764.9602966351569
3.99,1.599029326610284,766.8274191659328
3.991,1.5991288056920425,768.6975340409854
3.992,1.5992282862891996,770.5706061720701
3.993,1.599327768535529,772.4466002802346
3.994,1.5994272525622426,774.3254809043001
3.995,1.5995267384979506,776.207212409407
3.996,1.5996262264686214,778.0917589956134
3.997,1.5997257165975451,779.9790847065526
3.998,1.5998252090052962,781.869153438142
3.999,1.5999247038096966,783.7619289473478
4.0,1.6000242011257853,785.6573748609956
4.001,1.6001237010657807,787.5554546846301
4.002,1.6002232037390527,789.4561318114224
4.003,1.6003227092520889,791.3593695311183
4.004,1.6004222177084666,793.2651310390296
4.005,1.600521729208826,795.1733794450657
4.006,1.600621243850839,797.0840777828
4.007,1.6007207617291892,798.9971890185745
4.008,1.600820282935543,800.9126760606358
4.009,1.6009198075585274,802.8305017683026
4.01,1.601019335683711,804.7506289611619
4.011,1.6011188673935786,806.6730204282924
4.0120000000000005,1.6012184027675174,808.5976389375107
4.013,1.6013179418817933,810.524447244643
4.014,1.6014174848095384,812.4534081028128
4.015,1.6015170316207359,814.3844842717492
4.016,1.6016165823822015,816.3176385271114
4.017,1.601716137157576,818.2528336698235
4.018,1.6018156960073116,820.1900325354229
4.019,1.6019152589886603,822.1291980034184
4.0200000000000005,1.6020148261556688,824.0702930066516
4.021,1.6021143975591676,826.0132805406679
4.022,1.602213973246768,827.9581236730816
4.023,1.6023135532628547,829.9047855529514
4.024,1.6024131376485844,831.8532294201447
4.025,1.6025127264418826,833.803418614702
4.026,1.6026123196774442,835.7553165861918
4.027,1.602711917386733,837.7088869030592
4.0280000000000005,1.6028115195979846,839.6640932619598
4.029,1.602911126336208,841.6208994970829
4.03,1.6030107376231937,843.5792695894561
4.031,1.603110353477516,845.5391676762328
4.032,1.603209973914543,847.50055805996
4.033,1.6033095989464443,849.4634052178212
4.034,1.6034092285822013,851.4276738108557
4.035,1.6035088628276186,853.3933286931499
4.0360000000000005,1.6036085016853356,855.3603349209984
4.037,1.603708145154843,857.3286577620352
4.038,1.603807793232496,859.2982627043273
4.039,1.6039074459115312,861.2691154654335
4.04,1.6040071031820855,863.241182001427
4.041,1.604106765031216,865.214428515872
4.042,1.6042064314429165,867.1888214687597
4.043,1.6043061023981449,869.1643275853996
4.0440000000000005,1.6044057778748422,871.1409138652607
4.045,1.6045054578479592,873.1185475907652
4.046,1.6046051422894803,875.0971963360271
4.047,1.604704831168452,877.0768279755391
4.048,1.6048045244510092,879.0574106928013
4.049,1.6049042221004077,881.0389129888911
4.05,1.6050039240770506,883.021303690972
4.051,1.605103630338523,885.004551960741
4.0520000000000005,1.6052033408396238,886.9886273028064
4.053,1.605303055532401,888.9734995730041
4.054,1.6054027743661854,890.9591389866375
4.055,1.6055024972876277,892.9455161266508
4.056,1.605602224240737,894.9326019517256
4.057,1.6057019551669187,896.9203678043039
4.058,1.6058016900050145,898.9087854185278
4.059,1.605901428691343,900.8978269281071
4.0600000000000005,1.6060011711597424,902.8874648740953
4.061,1.6061009173416143,904.8776722125901
4.062,1.6062006671659665,906.8684223223404
4.063,1.606300420559459,908.8596890122695
4.064,1.6064001774464498,910.8514465289063
4.065,1.6064999377490432,912.8436695637233
4.066,1.6065997013871376,914.8363332603818
4.067,1.6066994682784743,916.8294132218816
4.0680000000000005,1.6067992383386882,918.8228855176075
4.069,1.60689901148136,920.8167266902844
4.07,1.6069987876180658,922.8109137628211
4.071,1.6070985666584323,924.8054242450575
4.072,1.6071983485101908,926.800236140402
4.073,1.6072981330792313,928.7953279523633
4.074,1.6073979202696562,930.790678690972
4.075,1.6074977099838414,932.7862678790918
4.0760000000000005,1.607597502122489,934.7820755586176
4.077,1.6076972965846887,936.7780822965597
4.078,1.6077970932679742,938.7742691910099
4.079,1.607896892068384,940.7706178769922
4.08,1.607996692880522,942.7671105321929
4.081,1.6080964955976182,944.763729882568
4.082,1.60819630011159,946.7604592078303
4.083,1.6082961063131047,948.7572823468117
4.0840000000000005,1.6083959140916435,950.7541837026968
4.085,1.6084957233355637,952.7511482481339
4.086,1.6085955339321638,954.7481615302114
4.087,1.6086953457677473,956.7452096753099
4.088,1.6087951587276903,958.742279393816
4.089,1.6088949726965047,960.7393579847101
4.09,1.6089947875579058,962.7364333400111
4.091,1.6090946031948798,964.7334939490935
4.0920000000000005,1.6091944194897492,966.730528902861
4.093,1.6092942363242426,968.7275278977854
4.094,1.6093940535795608,970.7244812398021
4.095,1.6094938711364477,972.7213798480689
4.096,1.6095936888752558,974.7182152585779
4.097,1.6096935066760194,976.7149796276273
4.098,1.6097933244185196,978.7116657351463
4.099,1.6098931419823588,980.7082669878773
4.1,1.6099929592470263,982.7047774224067
4.101,1.6100927760919712,984.7011917080537
4.102,1.6101925923966718,986.6975051496031
4.103,1.6102924080407068,988.6937136898958
4.104,1.6103922229038248,990.6898139122634
4.105,1.6104920368660163,992.685803042814
4.106,1.6105918498075846,994.681678952561
4.107,1.610691661609215,996.6774401594063
4.108,1.610791472152049,998.6730858299611
4.109,1.6108912813177518,1000.6686157812177
4.11,1.6109910889885855,1002.6640304820619
4.111,1.6110908950474798,1004.6593310546318
4.112,1.6111906993781029,1006.6545192755175
4.113,1.6112905018649313,1008.6495975768033
4.114,1.6113903023933212,1010.6445690469541
4.115,1.611490100849579,1012.6394374315399
4.116,1.611589897121032,1014.6342071338021
4.117,1.6116896910960978,1016.6288832150614
4.118,1.6117894826643544,1018.6234713949627
4.119,1.6118892717166107,1020.6179780515623
4.12,1.6119890581449736,1022.6124102212515
4.121,1.61208884184292,1024.6067755985223
4.122,1.6121886227053632,1026.6010825355656
4.123,1.6122884006287221,1028.5953400417152
4.124,1.6123881755109892,1030.589557782722
4.125,1.6124879472517974,1032.583746079874
4.126,1.6125877157524893,1034.5779159089439
4.127,1.6126874809161793,1036.5720788989852
4.128,1.612787242647825,1038.566247330957
4.129,1.6128870008542884,1040.5604341361907
4.13,1.6129867554444042,1042.5546528946923
4.131,1.6130865063290412,1044.5489178332841
4.132,1.6131862534211687,1046.5432438235807
4.133,1.6132859966359183,1048.5376463798068
4.134,1.6133857358906458,1050.5321416564486
4.135,1.613485471104996,1052.5267464457468
4.136,1.6135852022009591,1054.5214781750262
4.1370000000000005,1.6136849291029352,1056.5163549038639
4.138,1.613784651737793,1058.5113953210957
4.139,1.613884370034926,1060.5066187416655
4.14,1.6139840839263144,1062.502045103308
4.141,1.6140837933465804,1064.4976949630793
4.142,1.614183498233042,1066.4935894937194
4.143,1.614283198525775,1068.4897504798637
4.144,1.614382894167661,1070.486200314093
4.1450000000000005,1.6144825851044433,1072.482961992823
4.146,1.6145822712847806,1074.4800591120404
4.147,1.6146819526602987,1076.477515862884
4.148,1.6147816291856385,1078.475357027064
4.149,1.6148813008185083,1080.4736079721329
4.15,1.614980967519732,1082.4722946465963
4.151,1.6150806292532953,1084.4714435748774
4.152,1.6151802859863928,1086.4710818521207
4.1530000000000005,1.6152799376894746,1088.4712371388525
4.154,1.6153795843362886,1090.4719376554826
4.155,1.6154792259039243,1092.4732121766642
4.156,1.615578862372855,1094.4750900254994
4.157,1.6156784937269775,1096.4776010675996
4.158,1.6157781199536532,1098.480775704999
4.159,1.6158777410437433,1100.4846448699225
4.16,1.61597735699165,1102.4892400184106
4.1610000000000005,1.6160769677953475,1104.4945931237994
4.162,1.6161765734564209,1106.5007366700586
4.163,1.616276173980096,1108.5077036449934
4.164,1.6163757693752712,1110.5155275333018
4.165,1.6164753596545505,1112.5242423094962
4.166,1.6165749448342701,1114.5338824306893
4.167,1.6166745249345262,1116.5444828292448
4.168,1.616774099979203,1118.5560789052927
4.1690000000000005,1.6168736699959951,1120.5687065191155
4.17,1.6169732350164332,1122.5824019834006
4.171,1.6170727950759043,1124.5972020553668
4.172,1.617172350213673,1126.61314392876
4.173,1.617271900472901,1128.6302652257277
4.174,1.6173714459006632,1130.6486039885638
4.175,1.6174709865479655,1132.6681986713356
4.176,1.6175705224697583,1134.689088131388
4.1770000000000005,1.617670053724949,1136.7113116207279
4.178,1.617769580376415,1138.7349087772927
4.179,1.6178691024910128,1140.759919616106
4.18,1.6179686201395853,1142.786384520312
4.181,1.6180681333969713,1144.8143442321084
4.182,1.6181676423420082,1146.8438398435599
4.183,1.6182671470575358,1148.8749127873111
4.184,1.6183666476304008,1150.9076048271904
4.1850000000000005,1.6184661441514543,1152.9419580487101
4.186,1.6185656367155516,1154.9780148494651
4.187,1.6186651254215507,1157.0158179294324
4.188,1.618764610372306,1159.055410281172
4.189,1.6188640916746628,1161.0968351799331
4.19,1.6189635694394509,1163.1401361736657
4.191,1.6190630437814728,1165.185357072943
4.192,1.6191625148194957,1167.2325419407916
4.1930000000000005,1.6192619826762347,1169.2817350824403
4.194,1.619361447478343,1171.332981034975
4.195,1.6194609093563936,1173.386324556924
4.196,1.6195603684448612,1175.4418106177504
4.197,1.6196598248821041,1177.4994843872769
4.198,1.619759278810342,1179.5593912250292
4.199,1.6198587303756353,1181.6215766695077
4.2,1.6199581797278584,1183.6860864273913
4.2010000000000005,1.6200576270206748,1185.7529663626692
4.202,1.6201570724115102,1187.8222624857094
4.203,1.6202565160615214,1189.8940209422628
4.204,1.620355958135567,1191.9682880024068
4.205,1.6204553988021737,1194.045110049431
4.206,1.620554838233502,1196.124533568666
4.207,1.6206542766053105,1198.20660513626
4.208,1.6207537140969186,1200.2913714079036
4.2090000000000005,1.6208531508911652,1202.3788791075071
4.21,1.620952587174372,1204.469175015832
4.211,1.6210520231362948,1206.5623059590803
4.212,1.6211514589700848,1208.6583187974406
4.213,1.62125089487224,1210.7572604136017
4.214,1.6213503310425579,1212.8591777012232
4.215,1.6214497676840869,1214.964117553383
4.216,1.6215492050030755,1217.072126850987
4.2170000000000005,1.6216486432089192,1219.1832524511567
4.218,1.6217480825141086,1221.2975411755895
4.219,1.6218475231341705,1223.4150397988997
4.22,1.6219469652876148,1225.5357950369375
4.221,1.6220464091958726,1227.6598535350968
4.222,1.6221458550832386,1229.7872618566023
4.223,1.6222453031768076,1231.9180664707926
4.224,1.6223447537064115,1234.052313741392
4.225,1.6224442069045564,1236.1900499147775
4.226,1.6225436630063523,1238.3313211082427
4.227,1.6226431222494524,1240.4761732982658
4.228,1.6227425848739756,1242.6246523087743
4.229,1.622842051122441,1244.7768037994224
4.23,1.6229415212396967,1246.9326732538714
4.231,1.6230409954728422,1249.0923059680865
4.232,1.6231404740711572,1251.2557470386437
4.233,1.6232399572860234,1253.423041351059
4.234,1.6233394453708476,1255.59423356813
4.235,1.6234389385809826,1257.76936811831
4.236,1.6235384371736474,1259.9484891840984
4.237,1.6236379414078446,1262.1316406904666
4.238,1.6237374515442788,1264.3188662933107
4.239,1.6238369678452718,1266.5102093679418
4.24,1.6239364905746767,1268.7057129976085
4.241,1.6240360199977932,1270.9054199620655
4.242,1.624135556381277,1273.109372726178
4.243,1.624235099993054,1275.3176134285784
4.244,1.6243346511022265,1277.5301838703638
4.245,1.624434209978987,1279.7471255038513
4.246,1.6245337768945198,1281.968479421382
4.247,1.6246333521209129,1284.194286344184
4.248,1.624732935931061,1286.4245866112951
4.249,1.6248325285985692,1288.6594201685461
4.25,1.6249321303976583,1290.8988265576095
4.251,1.6250317416030675,1293.1428449051166
4.252,1.6251313624899533,1295.3915139118437
4.253,1.6252309933337932,1297.644871841974
4.254,1.625330634410284,1299.902956512431
4.255,1.6254302859952396,1302.1658052822943
4.256,1.6255299483644927,1304.4334550422957
4.257,1.625629621793787,1306.705942204399
4.258,1.6257293065586775,1308.9833026914653
4.259,1.6258290029344253,1311.2655719270108
4.26,1.625928711195891,1313.5527848250524
4.261,1.6260284316174318,1315.844975780053
4.2620000000000005,1.6261281644727914,1318.1421786569572
4.263,1.6262279100349972,1320.444426781335
4.264,1.626327668576249,1322.7517529296215
4.265,1.6264274403678134,1325.0641893194643
4.266,1.6265272256799144,1327.3817676001777
4.267,1.6266270247816226,1329.7045188433094
4.268,1.6267268379407487,1332.0324735333147
4.269,1.62682666542373,1334.3656615583523
4.2700000000000005,1.6269265074955226,1336.704112201191
4.271,1.6270263644194891,1339.0478541302427
4.272,1.6271262364572878,1341.3969153907135
4.273,1.627226123868762,1343.7513233958814
4.274,1.6273260269118253,1346.1111049184997
4.275,1.6274259458423552,1348.4762860823355
4.276,1.6275258809140745,1350.8468923538298
4.277,1.6276258323784438,1353.2229485339042
4.2780000000000005,1.6277258004845467,1355.604478749893
4.279,1.6278257854789788,1357.9915064476231
4.28,1.627925787605733,1360.3840543836282
4.281,1.6280258071060882,1362.782144617511
4.282,1.6281258442184987,1365.1857985044471
4.283,1.6282258991784775,1367.59503668784
4.284,1.6283259722184875,1370.009879092123
4.285,1.628426063567827,1372.4303449157137
4.2860000000000005,1.6285261734525203,1374.856452624125
4.287,1.6286263020952023,1377.288219943226
4.288,1.6287264497150091,1379.725663852667
4.289,1.6288266165274676,1382.1688005794617
4.29,1.6289268027443813,1384.617645591729
4.291,1.6290270085737228,1387.072213592604
4.292,1.6291272342195222,1389.5325185143083
4.293,1.6292274798817565,1391.9985735123932
4.2940000000000005,1.6293277457562432,1394.470390960148
4.295,1.6294280320345267,1396.9479824431805
4.296,1.6295283389037754,1399.4313587541715
4.297,1.6296286665466693,1401.9205298878042
4.298,1.6297290151412978,1404.4155050358636
4.299,1.6298293848610483,1406.916292582523
4.3,1.6299297758745035,1409.422900099802
4.301,1.6300301883453363,1411.93533434321
4.3020000000000005,1.6301306224322059,1414.4536012475671
4.303,1.6302310782886527,1416.977705923016
4.304,1.6303315560629978,1419.507652651212
4.305,1.6304320558982397,1422.0434448817034
4.306,1.6305325779319562,1424.5850852284989
4.307,1.6306331222962023,1427.1325754668253
4.308,1.6307336891174118,1429.6859165300734
4.309,1.6308342785163024,1432.2451085069383
4.3100000000000005,1.630934890607775,1434.8101506387507
4.311,1.6310355255008226,1437.3810413170036
4.312,1.631136183298433,1439.957778081073
4.313,1.631236864097497,1442.540357616137
4.314,1.6313375679887159,1445.1287757512887
4.315,1.631438295056513,1447.7230274578515
4.316,1.6315390453789422,1450.3231068478904
4.317,1.6316398190276011,1452.9290071729256
4.3180000000000005,1.6317406160675447,1455.5407208228444
4.319,1.6318414365571998,1458.158239325019
4.32,1.6319422805482815,1460.7815533436215
4.321,1.6320431480857125,1463.410652679148
4.322,1.6321440392075401,1466.0455262681407
4.323,1.6322449539448607,1468.6861621831206
4.324,1.6323458923217373,1471.332547632719
4.325,1.6324468543551294,1473.9846689620204
4.3260000000000005,1.6325478400548148,1476.6425116531068
4.327,1.6326488494233193,1479.3060603258132
4.328,1.6327498824558448,1481.9752987386853
4.329,1.632850939140202,1484.6502097901478
4.33,1.6329520194567415,1487.3307755198794
4.331,1.6330531233782897,1490.0169771103956
4.332,1.6331542508700858,1492.7087948888393
4.333,1.633255401889719,1495.4062083289805
4.3340000000000005,1.6333565763870697,1498.1091960534225
4.335,1.6334577743042522,1500.8177358360192
4.336,1.6335589955755583,1503.5318046044988
4.337,1.6336602401274056,1506.2513784432967
4.338,1.633761507878283,1508.9764325965955
4.339,1.6338627987387035,1511.7069414715759
4.34,1.6339641126111566,1514.4428786418728
4.341,1.634065449390063,1517.1842168512408
4.3420000000000005,1.6341668089617303,1519.9309280174257
4.343,1.634268191204315,1522.6829832362466
4.344,1.6343695959877818,1525.4403527858785
4.345,1.6344710231738668,1528.2030061313503
4.346,1.6345724726160453,1530.9709119292388
4.347,1.6346739441594993,1533.744038032577
4.348,1.634775437641088,1536.5223514959598
4.349,1.6348769528893197,1539.3058185808607
4.3500000000000005,1.6349784897243294,1542.0944047611467
4.351,1.6350800479578553,1544.888074728799
4.352,1.635181627393219,1547.6867923998348
4.353,1.6352832278253064,1550.4905209204308
4.354,1.6353848490405567,1553.299222673247
4.355,1.6354864908169464,1556.112859283951
4.356,1.6355881529239813,1558.9313916279368
4.357,1.6356898351226878,1561.7547798372502
4.358,1.6357915371656095,1564.5829833076991
4.359,1.6358932587968043,1567.4159607061697
4.36,1.6359949997518433,1570.253669978128
4.361,1.6360967597578167,1573.0960683553246
4.362,1.636198538533336,1575.9431123636814
4.363,1.636300335788546,1578.794757831375
4.364,1.6364021512251314,1581.6509598971074
4.365,1.6365039845363338,1584.5116730185664
4.366,1.636605835406966,1587.376850981068
4.367,1.6367077035134312,1590.2464469063907
4.368,1.6368095885237453,1593.1204132617872
4.369,1.63691149009756,1595.9987018691806
4.37,1.6370134078861924,1598.8812639145406
4.371,1.6371153415326507,1601.7680499574403
4.372,1.6372172906716704,1604.6590099407863
4.373,1.6373192549297488,1607.554093200727
4.374,1.637421233925181,1610.4532484767333
4.375,1.6375232272681033,1613.3564239218504
4.376,1.6376252345605367,1616.2635671131204
4.377,1.6377272553964313,1619.1746250621734
4.378,1.6378292893617177,1622.089544225981
4.379,1.6379313360343581,1625.0082705177779
4.38,1.638033394984401,1627.9307493181434
4.381,1.6381354657740397,1630.8569254862425
4.382,1.6382375479576723,1633.7867433712236
4.383,1.6383396410819642,1636.7201468237738
4.384,1.6384417446859165,1639.6570792078282
4.385,1.6385438583009315,1642.5974834124247
4.386,1.6386459814508891,1645.5413018637137
4.3870000000000005,1.6387481136522173,1648.4884765371112
4.388,1.63885025441397,1651.438948969595
4.389,1.6389524032379101,1654.3926602721456
4.39,1.6390545596185904,1657.3495511423212
4.391,1.6391567230434383,1660.3095618769757
4.392,1.6392588929928475,1663.2726323851034
4.393,1.6393610689402665,1666.238702200822
4.394,1.6394632503522943,1669.2077104964796
4.3950000000000005,1.639565436688778,1672.1795960958918
4.396,1.6396676274029092,1675.1542974876966
4.397,1.6397698219413308,1678.1317528388386
4.398,1.6398720197442394,1681.1119000081608
4.399,1.6399742202454943,1684.0946765601234
4.4,1.6400764228727274,1687.080019778624
4.401,1.6401786270474574,1690.0678666809351
4.402,1.6402808321852058,1693.058154031744
4.4030000000000005,1.640383037695615,1696.0508183572995
4.404,1.6404852429825691,1699.0457959596574
4.405,1.640587447444321,1702.043022931026
4.406,1.640689650473616,1705.0424351682009
4.407,1.6407918514578208,1708.0439683871018
4.408,1.6408940497790592,1711.0475581373867
4.409,1.640996244814342,1714.0531398171615
4.41,1.6410984359357068,1717.0606486877637
4.4110000000000005,1.6412006225103575,1720.070019888633
4.412,1.6413028039008044,1723.0811884522525
4.413,1.6414049794650112,1726.0940893191669
4.414,1.6415071485565393,1729.1086573530672
4.415,1.641609310524701,1732.124827355944
4.416,1.6417114647147066,1735.1425340833039
4.417,1.6418136104678236,1738.1617122594448
4.418,1.6419157471215284,1741.1822965927881
4.4190000000000005,1.64201787400967,1744.2042217912667
4.42,1.6421199904626274,1747.2274225777567
4.421,1.6422220958074756,1750.2518337055649
4.422,1.642324189368149,1753.2773899739482
4.423,1.6424262704656132,1756.3040262436837
4.424,1.64252833841803,1759.3316774526666
4.425,1.6426303925409342,1762.360278631546
4.426,1.6427324321474055,1765.3897649193864
4.4270000000000005,1.6428344565482453,1768.4200715793581
4.428,1.6429364650521567,1771.4511340144477
4.429,1.6430384569659229,1774.4828877831878
4.43,1.6431404315945914,1777.5152686154024
4.431,1.6432423882416574,1780.5482124279638
4.432,1.6433443262092502,1783.5816553405562
4.433,1.643446244798322,1786.6155336914462
4.434,1.6435481433088381,1789.649784053251
4.4350000000000005,1.643650021039968,1792.6843432487085
4.436,1.643751877290278,1795.7191483664333
4.437,1.6438537113579283,1798.7541367766735
4.438,1.6439555225408702,1801.7892461470424
4.439,1.6440573101370415,1804.8244144582418
4.44,1.6441590734445697,1807.8595800197593
4.441,1.6442608117619717,1810.8946814855442
4.442,1.6443625243883582,1813.92965786965
4.4430000000000005,1.6444642106236367,1816.9644485618542
4.444,1.6445658697687189,1819.9989933432307
4.445,1.6446675011257261,1823.0332324016945
4.446,1.6447691039981998,1826.0671063474938
4.447,1.6448706776913096,1829.1005562286632
4.448,1.6449722215120641,1832.1335235464198
4.449,1.6450737347695252,1835.1659502705118
4.45,1.6451752167750178,1838.1977788545046
4.4510000000000005,1.6452766668423475,1841.2289522510086
4.452,1.6453780842880121,1844.2594139268383
4.453,1.645479468431422,1847.2891078781086
4.454,1.645580818595112,1850.3179786452529
4.455,1.6456821341049641,1853.34597132797
4.456,1.6457834142904229,1856.3730316000856
4.457,1.6458846584847162,1859.3991057243402
4.458,1.645985866025073,1862.4241405670757
4.4590000000000005,1.6460870362529478,1865.448083612849
4.46,1.646188168514239,1868.4708829789338
4.461,1.6462892621595093,1871.4924874297394
4.462,1.6463903165442115,1874.5128463911199
4.463,1.6464913310289082,1877.5319099645785
4.464,1.646592304979495,1880.5496289413682
4.465,1.6466932377674248,1883.5659548164758
4.466,1.6467941287699284,1886.5808398024924
4.4670000000000005,1.6468949773702406,1889.5942368433662
4.468,1.6469957829578228,1892.6060996280262
4.469,1.6470965449285857,1895.6163826038896
4.47,1.6471972626851135,1898.6250409902314
4.471,1.6472979356368873,1901.6320307914243
4.472,1.6473985632005075,1904.6373088100413
4.473,1.647499144799919,1907.6408326598207
4.474,1.6475996798666308,1910.6425607784827
4.4750000000000005,1.6477001678399408,1913.642452440403
4.476,1.6478006081671572,1916.640467769138
4.477,1.6479010003038193,1919.6365677497906
4.478,1.6480013437139187,1922.6307142412238
4.479,1.648101637870122,1925.6228699881146
4.48,1.6482018822539866,1928.6129986328401
4.481,1.6483020763561822,1931.6010647272033
4.482,1.6484022196767092,1934.5870337439821
4.483,1.6485023117251163,1937.5708720883126
4.484,1.6486023520207147,1940.55254710889
4.485,1.6487023400927963,1943.5320271089947
4.486,1.6488022754808478,1946.5092813573326
4.487,1.648902157734762,1949.4842800986924
4.488,1.6490019864150527,1952.4569945644137
4.489,1.6491017610930652,1955.4273969826647
4.49,1.6492014813511835,1958.3954605885208
4.491,1.6493011467830434,1961.3611596338526
4.492,1.6494007569937343,1964.3244693970094
4.493,1.6495003116000084,1967.2853661923007
4.494,1.649599810230483,1970.243827379269
4.495,1.6496992525258423,1973.1998313717602
4.496,1.64979863813904,1976.1533576467748
4.497,1.6498979667354965,1979.1043867531112
4.498,1.6499972379932963,1982.0529003197867
4.499,1.650096451603383,1984.9988810642437
4.5,1.6501956072697532,1987.9423128003295
4.501,1.6502947047096472,1990.883180446055
4.502,1.6503937436537375,1993.8214700311207
4.503,1.6504927238463183,1996.7571687042214
4.504,1.6505916450454865,1999.6902647401087
4.505,1.6506905070233264,2002.620747546427
4.506,1.6507893095660917,2005.5486076703069
4.507,1.6508880524743792,2008.4738368047224
4.508,1.6509867355633074,2011.3964277946054
4.509,1.651085358662688,2014.316374642717
4.51,1.6511839216171962,2017.23367251527
4.511,1.6512824242865385,2020.1483177473083
4.5120000000000005,1.651380866545618,2023.0603078478307
4.513,1.6514792482846956,2025.9696415046662
4.514,1.6515775694095494,2028.876318589093
4.515,1.6516758298416327,2031.7803401602018
4.516,1.6517740295182248,2034.681708469001
4.517,1.6518721683925837,2037.5804269622631
4.518,1.6519702464340917,2040.4765002861052
4.519,1.6520682636284016,2043.369934289312
4.5200000000000005,1.6521662199775753,2046.2607360263876
4.521,1.6522641155002231,2049.1489137603467
4.522,1.6523619502316385,2052.03447696523
4.523,1.6524597242239276,2054.9174363283564
4.524,1.6525574375461378,2057.7978037523
4.525,1.6526550902843817,2060.6755923565934
4.526,1.652752682541959,2063.5508164791595
4.527,1.6528502144394694,2066.4234916774694
4.5280000000000005,1.6529476861149321,2069.2936347294135
4.529,1.653045097723889,2072.1612636339078
4.53,1.653142449439516,2075.0263976112115
4.531,1.6532397414527202,2077.8890571029688
4.532,1.653336973972242,2080.7492637719643
4.533,1.6534341472247476,2083.607040501605
4.534,1.653531261454918,2086.4624113951077
4.535,1.6536283169255375,2089.3154017744127
4.5360000000000005,1.6537253139175745,2092.1660381788033
4.537,1.6538222527302597,2095.0143483632473
4.538,1.6539191336811596,2097.8603612964453
4.539,1.654015957106246,2100.7041071585986
4.54,1.6541127233599626,2103.5456173388807
4.541,1.6542094328152834,2106.3849244326316
4.542,1.6543060858637713,2109.222062238251
4.543,1.6544026829156295,2112.0570657538156
4.5440000000000005,1.65449922439975,2114.889971173392
4.545,1.6545957107637546,2117.7208158830745
4.546,1.6546921424740357,2120.5496384567214
4.547,1.6547885200157892,2123.3764786514103
4.548,1.654884843893044,2126.201377402592
4.549,1.6549811146286864,2129.024376818969
4.55,1.6550773327644808,2131.8455201770666
4.551,1.655173498861085,2134.6648519155297
4.5520000000000005,1.6552696134980587,2137.4824176291163
4.553,1.655365677273871,2140.2982640624123
4.554,1.6554616908059003,2143.112439103245
4.555,1.6555576547304307,2145.924991775819
4.556,1.6556535697026413,2148.7359722335536
4.557,1.655749436396594,2151.5454317516387
4.558,1.655845255505213,2154.3534227192963
4.559,1.6559410277402598,2157.1599986317597
4.5600000000000005,1.6560367538323075,2159.9652140819635
4.561,1.656132434530702,2162.769124751946
4.562,1.656228070603525,2165.571787403971
4.563,1.656323662837549,2168.3732598713596
4.564,1.656419212038188,2171.1736010490404
4.565,1.6565147190294403,2173.9728708838174
4.566,1.6566101846538306,2176.7711303643573
4.567,1.656705609772343,2179.568441510891
4.5680000000000005,1.6568009952643508,2182.3648673646394
4.569,1.6568963420275404,2185.160471976966
4.57,1.65699165097783,2187.9553203982364
4.571,1.657086923049282,2190.74947866642
4.572,1.657182159194011,2193.543013795404
4.573,1.657277360382088,2196.335993763044
4.574,1.6573725276014353,2199.1284874989306
4.575,1.6574676618577189,2201.9205648719035
4.5760000000000005,1.657562764174236,2204.7122966772768
4.577,1.6576578355917946,2207.5037546238145
4.578,1.6577528771685879,2210.2950113204315
4.579,1.6578478899800677,2213.0861402626333
4.58,1.6579428751188052,2215.877215818695
4.581,1.6580378336943529,2218.6683132155817
4.582,1.6581327668330952,2221.4595085246065
4.583,1.6582276756781011,2224.2508786468397
4.5840000000000005,1.658322561388962,2227.042501298258
4.585,1.658417425141632,2229.8344549946482
4.586,1.6585122681282578,2232.6268190362557
4.587,1.6586070915570068,2235.4196734921907
4.588,1.6587018966518863,2238.213099184588
4.589,1.6587966846525586,2241.007177672524
4.59,1.6588914568141535,2243.8019912356945
4.591,1.6589862144070684,2246.5976228578556
4.5920000000000005,1.6590809587167712,2249.394156210027
4.593,1.659175691043591,2252.1916756334695
4.594,1.659270412702508,2254.9902661224223
4.595,1.6593651250229349,2257.7900133066255
4.596,1.6594598293484941,2260.5910034336093
4.597,1.65955452703679,2263.3933233507655
4.598,1.6596492194591763,2266.1970604871995
4.599,1.6597439080005143,2269.0023028353694
4.6000000000000005,1.659838594058931,2271.809138932507
4.601,1.659933279045569,2274.6176578418354
4.602,1.660027964384331,2277.427949133574
4.603,1.6601226515116188,2280.2401028657487
4.604,1.6602173418760697,2283.0542095647875
4.605,1.6603120369382844,2285.8703602059372
4.606,1.6604067381705514,2288.68864619347
4.607,1.6605014470565642,2291.509159340709
4.6080000000000005,1.6605961650911392,2294.331991849867
4.609,1.6606908937799192,2297.1572362916922
4.61,1.6607856346390792,2299.984985584947
4.611,1.6608803891950248,2302.8153329756988
4.612,1.6609751589840847,2305.6483720164447
4.613,1.6610699455522004,2308.484196545063
4.614,1.6611647504546063,2311.3229006635975
4.615,1.6612595752555126,2314.1645787168873
4.616,1.6613544215277745,2317.009325271027
4.617,1.6614492908525629,2319.857235091683
4.618,1.661544184819029,2322.7084031222457
4.619,1.6616391050239603,2325.5629244618517
4.62,1.6617340530714382,2328.420894343247
4.621,1.6618290305724852,2331.28240811052
4.622,1.6619240391447105,2334.147561196696
4.623,1.6620190804119512,2337.016449101202
4.624,1.6621141560039068,2339.8891673672015
4.625,1.6622092675557716,2342.7658115588074
4.626,1.6623044167078604,2345.6464772381796
4.627,1.662399605105233,2348.531259942502
4.628,1.6624948343973087,2351.420255160849
4.629,1.6625901062374842,2354.3135583109542
4.63,1.6626854222827405,2357.211264715863
4.631,1.6627807841932498,2360.1134695804976
4.632,1.6628761936319756,2363.020267968128
4.633,1.6629716522642712,2365.931754776747
4.634,1.6630671617574717,2368.848024715364
4.635,1.6631627237804858,2371.7691722802233
4.636,1.6632583400033774,2374.695291730937
4.6370000000000005,1.663354012096951,2377.626477066552
4.638,1.6634497417323273,2380.5628220015515
4.639,1.66354553058052,2383.504419941787
4.64,1.663641380312003,2386.4513639603592
4.641,1.6637372925962803,2389.4037467734433
4.642,1.663833269101449,2392.36166071606
4.643,1.6639293114937597,2395.3251977178147
4.644,1.6640254214371726,2398.294449278582
4.6450000000000005,1.6641216005929138,2401.269506444166
4.646,1.6642178506190217,2404.2504597819257
4.647,1.664314173169899,2407.2373993563774
4.648,1.6644105698958547,2410.2304147047716
4.649,1.664507042442646,2413.22959481266
4.65,1.6646035924510174,2416.2350280894425
4.651,1.6647002215562359,2419.2468023439187
4.652,1.6647969313876256,2422.2650047598254
4.6530000000000005,1.664893723568098,2425.2897218713883
4.654,1.664990599713679,2428.32103953887
4.655,1.665087561433035,2431.359042924141
4.656,1.6651846103269978,2434.403816466259
4.657,1.665281747988083,2437.4554438570785
4.658,1.6653789760000115,2440.514008016877
4.659,1.6654762959372242,2443.579591070027
4.66,1.6655737093643976,2446.6522743206897
4.6610000000000005,1.6656712178359574,2449.732138228559
4.662,1.6657688228955871,2452.8192623846508
4.663,1.665866526075742,2455.9137254871403
4.664,1.6659643288971495,2459.0156053172605
4.665,1.6660622328683234,2462.1249787152533
4.666,1.6661602394850625,2465.241921556395
4.667,1.6662583502299557,2468.3665087270892
4.668,1.666356566571885,2471.4988141010313
4.6690000000000005,1.6664548899655245,2474.638910515459
4.67,1.6665533218508433,2477.786869747484
4.671,1.6666518636526,2480.9427624905175
4.672,1.666750516779843,2484.106658330786
4.673,1.666849282625409,2487.2786257239513
4.674,1.6669481625654154,2490.4587319718285
4.675,1.66704715795876,2493.647043199223
4.676,1.667146270146615,2496.8436243308734
4.6770000000000005,1.6672455004519207,2500.048539068517
4.678,1.6673448501788828,2503.2618498680777
4.679,1.6674443206124647,2506.4836179169843
4.68,1.6675439130178837,2509.7139031116176
4.681,1.667643628640103,2512.952764034906
4.682,1.6677434687033297,2516.2002579340488
4.683,1.667843434410508,2519.4564406984005
4.684,1.6679435269428133,2522.7213668375007
4.6850000000000005,1.6680437474591499,2525.99508945926
4.686,1.6681440970956467,2529.277660248313
4.687,1.6682445769651535,2532.5691294445337
4.688,1.6683451881567388,2535.86954582172
4.689,1.6684459317351905,2539.17895666646
4.69,1.6685468087405109,2542.4974077571705
4.691,1.6686478201874229,2545.8249433433293
4.692,1.6687489670648676,2549.1616061248865
4.6930000000000005,1.6688502503355096,2552.5074372318795
4.694,1.668951670935241,2555.8624762042373
4.695,1.6690532297726883,2559.2267609717946
4.696,1.6691549277287183,2562.600327834511
4.697,1.6692567656559505,2565.9832114428973
4.698,1.6693587443782658,2569.375444778663
4.699,1.6694608646903222,2572.7770591355857
4.7,1.6695631273570672,2576.188084100595
4.7010000000000005,1.6696655331132593,2579.6085475350974
4.702,1.6697680826629853,2583.038475556526
4.703,1.6698707766791827,2586.4778925201335
4.704,1.6699736158031664,2589.926821001019
4.705,1.670076600644154,2593.385281776408
4.706,1.6701797317787979,2596.85329380818
4.707,1.6702830097507166,2600.3308742256454
4.708,1.6703864350700328,2603.818038308584
4.7090000000000005,1.6704900082129108,2607.3147994705505
4.71,1.6705937296210993,2610.821169242433
4.711,1.6706975997014777,2614.3371572562924
4.712,1.6708016188256034,2617.86277122947
4.713,1.670905787329266,2621.398016948975
4.714,1.671010105512043,2624.9428982561494
4.715,1.6711145736368593,2628.4974170316214
4.716,1.6712191919295503,2632.0615731805447
4.7170000000000005,1.67132396057843,2635.635364618134
4.718,1.6714288797338632,2639.2187872554896
4.719,1.6715339495078407,2642.8118349857277
4.72,1.6716391699735587,2646.414499670408
4.721,1.6717445411650054,2650.0267711262723
4.722,1.6718500630765463,2653.64863711229
4.723,1.671955735662522,2657.280083317017
4.724,1.6720615588368422,2660.92109334627
4.7250000000000005,1.6721675324725913,2664.5716487111217
4.726,1.672273656401635,2668.2317288162176
4.727,1.6723799304142344,2671.9013109484195
4.728,1.672486354258662,2675.5803702657768
4.729,1.6725929276408271,2679.268879786828
4.73,1.6726996502239009,2682.9668103802433
4.731,1.6728065216279548,2686.674130754796
4.732,1.6729135414295961,2690.3908074496817
4.7330000000000005,1.6730207091616136,2694.1168048251775
4.734,1.6731280243126303,2697.8520850536465
4.735,1.6732354863267573,2701.5966081108954
4.736,1.6733430946032577,2705.3503317678765
4.737,1.6734508484962138,2709.1132115827504
4.738,1.6735587473142037,2712.8852008933004
4.739,1.673666790319979,2716.6662508097093
4.74,1.6737749767301535,2720.456310207692
4.741,1.6738833057148967,2724.2553257220006
4.742,1.6739917763976322,2728.063241740283
4.743,1.6741003878547465,2731.880000397321
4.744,1.6742091391152985,2735.7055415696304
4.745,1.6743180291607418,2739.53980287044
4.746,1.6744270569246518,2743.382719645034
4.747,1.674536221292456,2747.2342249664816
4.748,1.674645521101178,2751.094249631741
4.749,1.6747549551391832,2754.9627221581395
4.75,1.6748645221459337,2758.8395687802335
4.751,1.6749742208117513,2762.7247134470617
4.752,1.6750840497775865,2766.6180778197704
4.753,1.675194007634793,2770.519581269633
4.754,1.6753040929249172,2774.429140876453
4.755,1.675414304139485,2778.3466714273586
4.756,1.6755246397198034,2782.2720854159825
4.757,1.6756350980567696,2786.205293042039
4.758,1.675745677490683,2790.1462022112883
4.759,1.67585637631107,2794.0947185359
4.76,1.6759671927565156,2798.050745335203
4.761,1.676078125014501,2802.0141836368402
4.7620000000000005,1.6761891712212507,2805.9849321783113
4.763,1.6763003294615901,2809.962887408921
4.764,1.6764115977688072,2813.9479434921127
4.765,1.676522974124524,2817.93999230822
4.766,1.6766344564585787,2821.9389234575933
4.767,1.6767460426489134,2825.944624264147
4.768,1.6768577305214716,2829.956979779295
4.769,1.6769695178501032,2833.975872786291
4.7700000000000005,1.67708140235648,2838.001183804964
4.771,1.677193381710019,2842.032791096868
4.772,1.677305453527814,2846.070570670813
4.773,1.6774176153745746,2850.114396288814
4.774,1.6775298647625787,2854.1641394724343
4.775,1.6776421991516284,2858.2196695095276
4.776,1.6777546159490198,2862.2808534613864
4.777,1.6778671125095168,2866.3475561702858
4.7780000000000005,1.677979686135338,2870.41964026743
4.779,1.6780923340761522,2874.496966181301
4.78,1.6782050535290791,2878.579392146402
4.781,1.678317841638706,2882.666774212399
4.782,1.678430695497105,2886.758966253673
4.783,1.6785436121438713,2890.8558199792474
4.784,1.6786565885661557,2894.9571849431377
4.785,1.6787696216987216,2899.0629085550745
4.7860000000000005,1.6788827084240001,2903.172836091637
4.787,1.6789958455721594,2907.286810707775
4.788,1.6791090299211853,2911.4046734487238
4.789,1.6792222581969667,2915.526263262309
4.79,1.6793355270733918,2919.6514170116475
4.791,1.6794488331724584,2923.779969488234
4.792,1.6795621730643866,2927.9117534254137
4.793,1.679675543267746,2932.0465995122504
4.7940000000000005,1.679788940249591,2936.184336407764
4.795,1.6799023604256056,2940.3247907555715
4.796,1.6800158001602579,2944.4677871988906
4.797,1.680129255766964,2948.613148395939
4.798,1.6802427235082624,2952.7606950357003
4.799,1.6803561995959981,2956.9102458540747
4.8,1.6804696801915138,2961.0616176503986
4.801,1.6805831614058528,2965.214625304341
4.8020000000000005,1.6806966392999745,2969.3690817931674
4.803,1.6808101098849733,2973.5247982093715
4.804,1.680923569122312,2977.681583778679
4.805,1.6810370129240617,2981.839245878404
4.806,1.6811504371531558,2985.9975900561794
4.807,1.6812638376236486,2990.1564200490366
4.808,1.6813772101009867,2994.3155378028446
4.809,1.6814905503022883,2998.4747434921073
4.8100000000000005,1.681603853896635,3002.6338355401035
4.811,1.6817171165053681,3006.7926106393834
4.812,1.6818303337024016,3010.950863772606
4.813,1.6819435010145378,3015.1083882337216
4.814,1.6820566139217972,3019.2649756494893
4.815,1.6821696678577556,3023.4204160013423
4.816,1.6822826582098926,3027.574497647575
4.817,1.6823955803199468,3031.727007345866
4.8180000000000005,1.6825084294842843,3035.8777302761314
4.819,1.6826212009542731,3040.026450063697
4.82,1.6827338899366695,3044.1729488027963
4.821,1.6828464915940125,3048.317007080381
4.822,1.6829590010450268,3052.458404000249
4.823,1.6830714133650393,3056.5969172074865
4.824,1.6831837235863993,3060.732322913206
4.825,1.6832959266989125,3064.8643959196015
4.8260000000000005,1.68340801765028,3068.992909645291
4.827,1.6835199913465506,3073.117636150967
4.828,1.683631842652582,3077.238346165326
4.829,1.6837435663925056,3081.354809111298
4.83,1.6838551573502072,3085.4667931325544
4.831,1.683966610269815,3089.574065120296
4.832,1.6840779198561913,3093.6763907403206
4.833,1.6841890807754418,3097.7735344603598
4.8340000000000005,1.684300087655426,3101.8652595776853
4.835,1.6844109350862797,3105.9513282469798
4.836,1.6845216176209497,3110.031501508463
4.837,1.6846321297757278,3114.105539316283
4.838,1.6847424660308046,3118.1732005671433
4.839,1.6848526208308223,3122.2342431291945
4.84,1.684962588585443,3126.2884238711495
4.841,1.68507236366992,3130.3354986916524
4.8420000000000005,1.6851819404256827,3134.375222548868
4.843,1.6852913131609242,3138.4073494903087
4.844,1.6854004761511998,3142.4316326828766
4.845,1.6855094236400383,3146.447824443134
4.846,1.6856181498395495,3150.4556762677785
4.847,1.6857266489310523,3154.454938864335
4.848,1.6858349150657035,3158.4453621820476
4.849,1.685942942365135,3162.426695442973
4.8500000000000005,1.6860507249221015,3166.398687173267
4.851,1.6861582568011326,3170.3610852346637
4.852,1.6862655320391957,3174.3136368561363
4.853,1.6863725446463618,3178.2560886657407
4.854,1.6864792886064846,3182.1881867226252
4.855,1.686585757877881,3186.1096765492243
4.856,1.6866919463940226,3190.020303163601
4.857,1.6867978480642334,3193.9198111119613
4.8580000000000005,1.6869034567743932,3197.807944501311
4.859,1.6870087663876494,3201.684447032268
4.86,1.6871137707451347,3205.549062032018
4.861,1.6872184636666914,3209.4015324874044
4.862,1.6873228389516026,3213.2416010781485
4.863,1.687426890379331,3217.0690102102085
4.864,1.6875306117102602,3220.8835020492415
4.865,1.6876339966864489,3224.684818554201
4.866,1.6877370390323816,3228.4727015110275
4.867,1.6878397324557364,3232.24689256646
4.868,1.6879420706481496,3236.0071332619323
4.869,1.6880440472859903,3239.7531650675755
4.87,1.6881456560311419,3243.4847294162996
4.871,1.6882468905317833,3247.201567737964
4.872,1.6883477444231847,3250.9034214936196
4.873,1.6884482113284978,3254.5900322098314
4.874,1.6885482848595605,3258.2611415130514
4.875,1.6886479586177028,3261.9164911640696
4.876,1.6887472261945555,3265.555823092506
4.877,1.6888460811728685,3269.178879431355
4.878,1.688944517127329,3272.7854025515758
4.879,1.6890425276253884,3276.375135096714
4.88,1.689140106228091,3279.94782001756
4.881,1.6892372464909067,3283.5032006068286
4.882,1.6893339419645703,3287.041020533863
4.883,1.6894301861959224,3290.561023879345
4.884,1.6895259727287562,3294.0629551700217
4.885,1.6896212951046647,3297.546559413431
4.886,1.6897161468638962,3301.0115821326185
4.8870000000000005,1.6898105215462096,3304.4577694008553
4.888,1.6899044126917355,3307.884867876328
4.889,1.689997813841836,3311.292624836823
4.89,1.690090718539975,3314.6807882143657
4.891,1.6901831203325846,3318.0491066298428
4.892,1.690275012769937,3321.3973294275747
4.893,1.6903663894070209,3324.7252067098534
4.894,1.6904572438044154,3328.0324893714164
4.8950000000000005,1.6905475695291705,3331.3189291338804
4.896,1.6906373601556894,3334.584278580099
4.897,1.690726609266611,3337.8282911884626
4.898,1.6908153104536947,3341.0507213671162
4.899,1.6909034573187087,3344.2513244881056
4.9,1.6909910434743163,3347.429856921432
4.901,1.6910780625449695,3350.5860760690175
4.902,1.6911645081677973,3353.7197403985747
4.9030000000000005,1.691250373993499,3356.830609477374
4.904,1.6913356536872381,3359.918444005897
4.905,1.6914203409295359,3362.9830058513844
4.906,1.6915044294171675,3366.024058081256
4.907,1.6915879128640559,3369.04136499641
4.908,1.691670785002169,3372.0346921643854
4.909,1.6917530395824143,3375.0038064523965
4.91,1.6918346703755367,3377.9484760602136
4.9110000000000005,1.691915671173013,3380.8684705529054
4.912,1.6919960357879487,3383.763560893417
4.913,1.6920757580559722,3386.633519474999
4.914,1.6921548318361317,3389.4781201534634
4.915,1.6922332510117857,3392.297138279272
4.916,1.6923110094914993,3395.090350729446
4.917,1.6923881012099353,3397.8575359393017
4.918,1.692464520128745,3400.598473933985
4.9190000000000005,1.692540260237457,3403.3129463598284
4.92,1.692615315554367,3406.0007365154943
4.921,1.6926896801274232,3408.6616293829334
4.922,1.6927633480351092,3411.2954116581145
4.923,1.69283631338733,3413.9018717815543
4.924,1.6929085703262892,3416.480799968622
4.925,1.6929801130273694,3419.031988239619
4.926,1.693050935700006,3421.5552304496314
4.9270000000000005,1.6931210325885615,3424.050322318145
4.928,1.6931903979731948,3426.5170614584185
4.929,1.6932590261707299,3428.9552474066186
4.93,1.6933269115355172,3431.364681650695
4.931,1.6933940484602985,3433.7451676590053
4.932,1.6934604313770607,3436.096510908683
4.933,1.6935260547578925,3438.41851891373
4.934,1.6935909131158322,3440.7110012528487
4.9350000000000005,1.6936550010057165,3442.973769596996
4.936,1.693718313025021,3445.206637736653
4.937,1.6937808438146995,3447.409421608818
4.938,1.6938425880600163,3449.5819393237007
4.939,1.693903540491377,3451.724011191134
4.94,1.6939636958851527,3453.8354597466764
4.941,1.6940230490644983,3455.9161097774168
4.942,1.6940815949001697,3457.9657883474706
4.9430000000000005,1.694139328311332,3459.9843248231664
4.944,1.6941962442663643,3461.9715508979084
4.945,1.6942523377836576,3463.9273006167264
4.946,1.6943076039324119,3465.8514104004967
4.947,1.6943620378334185,3467.7437190698356
4.948,1.6944156346598458,3469.6040678686545
4.949,1.6944683896380148,3471.432300487385
4.95,1.6945202980481657,3473.2282630858535
4.9510000000000005,1.6945713552252266,3474.9918043158186
4.952,1.6946215565595646,3476.7227753431525
4.953,1.6946708974977394,3478.4210298696726
4.954,1.6947193735432469,3480.0864241546105
4.955,1.694766980257255,3481.7188170357294
4.956,1.6948137132593315,3483.3180699500635
4.957,1.6948595682281715,3484.8840469543015
4.958,1.6949045409023056,3486.4166147447904
4.9590000000000005,1.6949486270808136,3487.915642677164
4.96,1.6949918226240221,3489.381002785596
4.961,1.6950341234541961,3490.8125698016684
4.962,1.695075525556224,3492.2102211728516
4.963,1.6951160249782946,3493.573837080601
4.964,1.6951556178325655,3494.903300458058
4.965,1.695194300295823,3496.1984970073518
4.966,1.6952320686101316,3497.4593152165126
4.9670000000000005,1.6952689190834813,3498.6856463759746
4.968,1.6953048480904174,3499.877384594676
4.969,1.695339852072671,3501.034426815761
4.97,1.6953739275397701,3502.156672831853
4.971,1.6954070710696536,3503.244025299936
4.972,1.6954392793092647,3504.2963897558056
4.973,1.695470548975143,3505.3136746281157
4.974,1.6955008768540032,3506.2957912519846
4.9750000000000005,1.6955302598033057,3507.2426538822037
4.976,1.6955586947518184,3508.154179705999
4.977,1.695586178700166,3509.0302888553815
4.978,1.695612708721372,3509.8709044190555
4.979,1.6956382819613895,3510.6759524539048
4.98,1.6956628956396231,3511.4453619960404
4.981,1.6956865470494396,3512.1790650714156
4.982,1.6957092335586659,3512.876996705996
4.9830000000000005,1.6957309526100843,3513.539094935504
4.984,1.6957517017219075,3514.1653008147086
4.985,1.69577147848825,3514.75555842628
4.986,1.695790280579585,3515.3098148891977
4.987,1.6958081057431942,3515.8280203667164
4.988,1.6958249518036015,3516.3101280738756
4.989,1.6958408166630015,3516.756094284574
4.99,1.6958556983016708,3517.1658783381804
4.9910000000000005,1.6958695947783748,3517.539442645706
4.992,1.6958825042307568,3517.8767526955144
4.993,1.6958944248757213,3518.177777058587
4.994,1.6959053550097998,3518.442487393326
4.995,1.695915293009513,3518.670858449911
4.996,1.6959242373317118,3518.862868074195
4.997,1.6959321865139174,3519.0184972111465
4.998,1.6959391391746383,3519.137729907826
4.999,1.6959450940136847,3519.220553315923
5.0,1.6959500498124669,3519.266957693815
5.001,1.6959540054342814,3519.276936408185
5.002,1.6959569598245854,3519.250485935165
5.003,1.6959589120112604,3519.1876058610355
5.004,1.6959598611048625,3519.0882988824533
5.005,1.695959806298862,3518.95257080623
5.006,1.6959587468698654,3518.7804305486434
5.007,1.6959566821778331,3518.5718901342975
5.008,1.695953611666279,3518.3269646945173
5.009,1.6959495348624587,3518.04567246529
5.01,1.6959444513775466,3517.7280347847436
5.011,1.695938360906799,3517.3740760901715
5.0120000000000005,1.695931263229705,3516.9838239145993
5.013,1.6959231582101248,3516.5573088828924
5.014,1.6959140457964152,3516.094564707408
5.015,1.6959039260215434,3515.5956281832014
5.016,1.6958927990031847,3515.0605391827567
5.017,1.6958806649438118,3514.4893406502906
5.018,1.6958675241307692,3513.8820785955786
5.019,1.6958533769363329,3513.2388020873527
5.0200000000000005,1.6958382238177598,3512.559563246227
5.021,1.695822065317324,3511.844417237193
5.022,1.6958049020623378,3511.0934222616534
5.023,1.6957867347651632,3510.3066395490205
5.024,1.6957675642232064,3509.484133347859
5.025,1.6957473913189038,3508.6259709165943
5.026,1.6957262170196894,3507.732222513776
5.027,1.6957040423779548,3506.802961387898
5.0280000000000005,1.6956808685309925,3505.8382637667873
5.029,1.6956566967009274,3504.8382088465496
5.03,1.6956315281946346,3503.802878780083
5.031,1.6956053644036455,3502.732358665164
5.032,1.6955782068040386,3501.6267365320914
5.033,1.695550056956319,3500.486103330916
5.034,1.695520916505285,3499.310552918234
5.035,1.6954907871798792,3498.1001820435604
5.0360000000000005,1.6954596707930305,3496.8550903352825
5.037,1.6954275692414784,3495.575380286192
5.038,1.6953944845055886,3494.261157238598
5.039,1.6953604186491518,3492.9125293690395
5.04,1.6953253738191738,3491.529607672565
5.041,1.6952893522456478,3490.1125059466267
5.042,1.6952523562413162,3488.6613407745504
5.043,1.6952143882014226,3487.176231508618
5.0440000000000005,1.6951754506034433,3485.657300252735
5.045,1.6951355460068125,3484.104671844718
5.046,1.695094677052633,3482.518473838172
5.047,1.6950528464633716,3480.8988364839947
5.048,1.6950100570425453,3479.245892711472
5.049,1.694966311674394,3477.559778109015
5.05,1.6949216133235363,3475.840630904493
5.051,1.6948759650346212,3474.0885919452076
5.0520000000000005,1.6948293699319552,3472.3038046774773
5.053,1.6947818312191312,3470.4864151258685
5.054,1.6947333521786312,3468.6365718720454
5.055,1.694683936171428,3466.754426033268
5.056,1.6946335866365652,3464.840131240521
5.057,1.6945823070907313,3462.8938436163
5.058,1.694530101127819,3460.915721752034
5.059,1.6944769724184723,3458.9059266851677
5.0600000000000005,1.6944229247096212,3456.8646218759004
5.061,1.6943679618240075,3454.79197318358
5.062,1.6943120876596918,3452.68814884277
5.063,1.694255306189557,3450.553319438978
5.064,1.6941976214607943,3448.38765788406
5.065,1.6941390375943781,3446.1913393913082
5.066,1.69407955878453,3443.9645414502047
5.067,1.6940191892981746,3441.7074438008804
5.0680000000000005,1.6939579334743766,3439.420228408253
5.069,1.6938957957237715,3437.103079435861
5.07,1.6938327805279854,3434.7561832193987
5.071,1.6937688924390406,3432.3797282399587
5.072,1.6937041360787513,3429.973905096979
5.073,1.6936385161381102,3427.5389064809024
5.074,1.69357203737666,3425.074927145559
5.075,1.6935047046218588,3422.5821638802704
5.0760000000000005,1.69343652276843,3420.060815481678
5.077,1.6933674967777064,3417.511082725309
5.078,1.6932976316769595,3414.9331683368746
5.079,1.6932269325587208,3412.3272769633213
5.08,1.6931554045800925,3409.6936151436144
5.081,1.6930830529620473,3407.0323912792883
5.082,1.6930098829887181,3404.343815604746
5.083,1.6929359000066795,3401.628100157327
5.0840000000000005,1.6928611094242156,3398.8854587471383
5.085,1.692785516710583,3396.1161069266636
5.086,1.6927091273952604,3393.320261960145
5.087,1.6926319470671887,3390.4981427927582
5.088,1.6925539813740063,3387.6499700195636
5.089,1.6924752360212694,3384.775965854266
5.09,1.6923957167716654,3381.876354097762
5.091,1.6923154294442186,3378.9513601065028
5.0920000000000005,1.6922343799134858,3376.0012107606562
5.093,1.692152574108744,3373.0261344321016
5.094,1.6920700180131665,3370.0263609522253
5.095,1.6919867176629957,3367.0021215795646
5.096,1.691902679146704,3363.953648967267
5.097,1.6918179086041474,3360.8811771304
5.098,1.6917324122257078,3357.7849414130987
5.099,1.6916461962514382,3354.665178455562
5.1000000000000005,1.6915592669701849,3351.5221261609104
5.101,1.691471630718714,3348.3560236618996
5.102,1.6913832938808258,3345.167111287499
5.103,1.6912942628864616,3341.955630529351
5.104,1.6912045442108048,3338.7218240080974
5.105,1.6911141443733746,3335.4659354395976
5.106,1.6910230699371116,3332.188209601033
5.107,1.6909313275074607,3328.8888922969086
5.1080000000000005,1.6908389237314396,3325.568230324954
5.109,1.6907458652967122,3322.22647144193
5.11,1.6906521589306434,3318.8638643293516
5.111,1.6905578113993596,3315.48065855913
5.112,1.6904628295067934,3312.07710455913
5.113,1.6903672200937299,3308.653453578673
5.114,1.6902709900368427,3305.2099576539595
5.115,1.690174146247727,3301.746869573447
5.1160000000000005,1.690076695671928,3298.264442843167
5.117,1.6899786452879608,3294.762931652001
5.118,1.6898800021063296,3291.2425908369105
5.119,1.6897807731685388,3287.703675848141
5.12,1.6896809655461036,3284.146442714385
5.121,1.6895805863395503,3280.5711480079362
5.122,1.6894796426774183,3276.978048809814
5.123,1.6893781417152551,3273.367402674884
5.124,1.6892760906346076,3269.739467596974
5.125,1.6891734966420107,3266.0945019739843
5.126,1.6890703669679705,3262.43276457301
5.127,1.688966708865947,3258.754514495474
5.128,1.688862529611332,3255.0600111422773
5.129,1.6887578365004232,3251.3495141789745
5.13,1.688652636849398,3247.623283500976
5.131,1.6885469379932805,3243.881579198791
5.132,1.688440747284913,3240.1246615233053
5.133,1.688334072093918,3236.352790851114
5.134,1.688226919805661,3232.5662276498965
5.135,1.688119297820213,3228.765232443864
5.136,1.688011213551311,3224.950065779255
5.1370000000000005,1.6879026744253125,3221.120988189916
5.138,1.6877936878801545,3217.2782601629488
5.139,1.6876842613643097,3213.4221421044394
5.14,1.6875744023357375,3209.552894305282
5.141,1.6874641182608416,3205.6707769070827
5.142,1.6873534166134214,3201.776049868173
5.143,1.6872423048736234,3197.868972929722
5.144,1.6871307905268957,3193.9498055819586
5.1450000000000005,1.6870188810629385,3190.018807030508
5.146,1.6869065839746589,3186.0762361628495
5.147,1.686793906757122,3182.1223515149013
5.148,1.6866808569065033,3178.157411237735
5.149,1.6865674419190457,3174.181673064425
5.15,1.6864536692900118,3170.195394277045
5.151,1.6863395465126412,3166.198831673811
5.152,1.6862250810771058,3162.19224153637
5.1530000000000005,1.686110280469471,3158.1758795972573
5.154,1.685995152170654,3154.1500010075097
5.155,1.6858797036553872,3150.1148603044503
5.156,1.685763942391179,3146.0707113796475
5.157,1.6856478758372841,3142.017807447051
5.158,1.6855315114436686,3137.9564010113113
5.159,1.6854148566499831,3133.886743836293
5.16,1.6852979188845345,3129.8090869137777
5.1610000000000005,1.6851807055632635,3125.7236804323634
5.162,1.6850632240887242,3121.630773746577
5.163,1.684945481849066,3117.5306153461884
5.164,1.6848274862170194,3113.4234528257384
5.165,1.684709244548889,3109.3095328542904
5.166,1.6845907641835423,3105.189101145397
5.167,1.6844720524414107,3101.0624024273056
5.168,1.6843531166234886,3096.929680413387
5.1690000000000005,1.6842339640103414,3092.791177772805
5.17,1.684114601861114,3088.6471361014296
5.171,1.6839950374125476,3084.4977958929935
5.172,1.6838752778779973,3080.3433965105023
5.173,1.683755330446459,3076.1841761578953
5.174,1.6836352022815966,3072.0203718519724
5.175,1.6835149005207808,3067.8522193945814
5.176,1.6833944322741266,3063.6799533450708
5.1770000000000005,1.6832738046235414,3059.5038069930215
5.178,1.6831530246217772,3055.324012331249
5.179,1.6830320992914873,3051.14080002909
5.18,1.6829110356242938,3046.95439940597
5.181,1.682789840579854,3042.765038405267
5.182,1.682668521084941,3038.572943568457
5.183,1.6825470840325258,3034.3783400095654
5.184,1.68242553628087,3030.1814513899103
5.1850000000000005,1.6823038846526195,3025.982499893161
5.186,1.682182135933914,3021.781706200692
5.187,1.682060296873495,3017.5792894672536
5.188,1.681938374181828,3013.3754672969617
5.189,1.6818163745302268,3009.1704557195962
5.19,1.6816943045499912,3004.9644691672293
5.191,1.6815721708315479,3000.757720451177
5.192,1.6814499799236011,2996.550420739274
5.1930000000000005,1.6813277383322922,2992.342779533489
5.194,1.6812054525203666,2988.135004647867
5.195,1.6810831289063495,2983.9273021868116
5.196,1.6809607738637287,2979.7198765237135
5.197,1.6808383937201508,2975.512930279913
5.198,1.6807159947566195,2971.306664304019
5.199,1.6805935832067092,2967.1012776515727
5.2,1.6804711652557849,2962.896967565063
5.2010000000000005,1.6803487470402294,2958.6939294543
5.202,1.6802263346466844,2954.4923568771437
5.203,1.6801039341112987,2950.292441520597
5.204,1.679981551418985,2946.094373182253
5.205,1.6798591925026896,2941.8983397521197
5.206,1.6797368632426681,2937.704527194799
5.207,1.679614569465775,2933.5131195320505
5.208,1.6794923169447622,2929.32429882571
5.2090000000000005,1.6793701113975863,2925.138245160998
5.21,1.6792479584867266,2920.955136630195
5.211,1.6791258638185174,2916.7751493166975
5.212,1.6790038329424841,2912.598457279457
5.213,1.6788818713506983,2908.425232537795
5.214,1.6787599844771364,2904.255645056607
5.215,1.6786381776970536,2900.0898627319516
5.216,1.6785164563263661,2895.928051377022
5.2170000000000005,1.6783948256210488,2891.7703747085116
5.218,1.6782732907765374,2887.6169943333693
5.219,1.678151856927151,2883.468069735941
5.22,1.6780305291455175,2879.323758265509
5.221,1.677909312442014,2875.1842151242263
5.222,1.6777882117642213,2871.0495933554394
5.223,1.677667231996387,2866.920043832418
5.224,1.677546377958901,2862.795715247471
5.2250000000000005,1.677425654407784,2858.67675410147
5.226,1.6773050660341855,2854.563304693765
5.227,1.6771846174638982,2850.4555091125058
5.228,1.6770643132568797,2846.35350722536
5.229,1.6769441579067916,2842.2574366706363
5.23,1.676824155840544,2838.167432848805
5.231,1.6767043114178601,2834.083628914429
5.232,1.6765846289308488,2830.006155768484
5.2330000000000005,1.6764651126035877,2825.9351420510993
5.234,1.6763457665917265,2821.8707141346877
5.235,1.676226594982094,2817.8129961174886
5.236,1.6761076017923238,2813.7621098175086
5.237,1.6759887909704907,2809.71817476687
5.238,1.675870166394759,2805.6813082065632
5.239,1.6757517318730466,2801.651625081601
5.24,1.6756334911426993,2797.629238036575
5.2410000000000005,1.675515447870177,2793.6142574116247
5.242,1.6753976056507582,2789.606791238795
5.243,1.6752799680082515,2785.6069452388097
5.244,1.675162538394723,2781.6148228182383
5.245,1.6750453201902382,2777.6305250670744
5.246,1.6749283167026139,2773.654150756699
5.247,1.6748115311671854,2769.685796338265
5.248,1.6746949667465858,2765.7255559414625
5.249,1.6745786265305393,2761.7735213736937
5.25,1.6744625135356679,2757.829782119646
5.251,1.6743466307053105,2753.8944253412533
5.252,1.6742309809093556,2749.9675358780632
5.253,1.6741155669440868,2746.049196247993
5.254,1.6740003915320443,2742.139486648481
5.255,1.6738854573218953,2738.2384849580308
5.256,1.673770766888322,2734.3462667381436
5.257,1.6736563227319188,2730.4629052356463
5.258,1.673542127279108,2726.5884713853984
5.259,1.6734281828820625,2722.7230338133963
5.26,1.6733144918186493,2718.866658840251
5.261,1.6732010562923776,2715.0194104850616
5.2620000000000005,1.6730878784323686,2711.1813504696547
5.263,1.672974960293334,2707.3525382232237
5.264,1.6728623038555668,2703.5330308873235
5.265,1.6727499110249502,2699.7228833212603
5.266,1.672637783632975,2695.922148107843
5.267,1.6725259234367726,2692.1308755595105
5.268,1.6724143321191605,2688.3491137248293
5.269,1.6723030112887016,2684.576908395359
5.2700000000000005,1.6721919624797759,2680.8143031128775
5.271,1.672081187152666,2677.0613391769775
5.272,1.6719706866936563,2673.3180556530137
5.273,1.6718604624151423,2669.58448938042
5.274,1.6717505155557568,2665.8606749813666
5.275,1.671640847280506,2662.1466448697847
5.276,1.671531458680922,2658.442429260731
5.277,1.671422350775223,2654.748056180106
5.2780000000000005,1.6713135245084927,2651.063551474711
5.279,1.6712049807528673,2647.388938822655
5.28,1.6710967203077365,2643.7242397440896
5.281,1.6709887438999598,2640.0694736122896
5.282,1.670881052184092,2636.424657665063
5.283,1.6707736457426237,2632.7898070164892
5.284,1.670666525086233,2629.164934668985
5.285,1.6705596906540496,2625.5500515256963
5.2860000000000005,1.6704531428139333,2621.945166403206
5.287,1.6703468818627596,2618.350286044564
5.288,1.6702409080267253,2614.765415132626
5.289,1.670135221461661,2611.190556303706
5.29,1.6700298222533534,2607.625710161536
5.291,1.669924710417888,2604.0708752915243
5.292,1.6698198859019961,2600.52604827532
5.293,1.669715348583415,2596.991223705671
5.2940000000000005,1.6696110982712637,2593.4663942015727
5.295,1.6695071347064263,2589.9515504237097
5.296,1.6694034575619496,2586.4466810901795
5.297,1.6693000664434483,2582.9517729925
5.298,1.6691969608895278,2579.466811011893
5.299,1.6690941403722126,2575.991778135842
5.3,1.6689916042973874,2572.5266554749205
5.301,1.6688893520052521,2569.0714222798856
5.3020000000000005,1.6687873827707844,2565.6260559590337
5.303,1.6686856958042136,2562.190532095816
5.304,1.6685842902515087,2558.7648244667007
5.305,1.66848316519487,2555.3489050593016
5.306,1.6683823196532401,2551.9427440907275
5.307,1.66828175258282,2548.5463100261964
5.308,1.6681814628775933,2545.159569597874
5.309,1.6680814493698692,2541.7824878239485
5.3100000000000005,1.6679817108308252,2538.4150280279327
5.311,1.6678822459710665,2535.0571518581974
5.312,1.6677830534411944,2531.7088193077097
5.313,1.667684131832383,2528.3699887340053
5.314,1.6675854796769638,2525.040616879359
5.315,1.6674870954490242,2521.720658891166
5.316,1.6673889775650141,2518.410068342526
5.317,1.6672911243843564,2515.108797253026
5.3180000000000005,1.6671935342100748,2511.8167961097106
5.319,1.6670962052894231,2508.534013888251
5.32,1.6669991358145304,2505.2603980742892
5.321,1.666902323923047,2501.995894684964
5.322,1.6668057676988064,2498.7404482906127
5.323,1.6667094651724905,2495.4940020366475
5.324,1.6666134143223046,2492.256497665586
5.325,1.6665176130746615,2489.027875539254
5.3260000000000005,1.6664220593048724,2485.808074661138
5.327,1.6663267508378454,2482.5970326988927
5.328,1.6662316854487922,2479.3946860069886
5.329,1.6661368608639422,2476.2009696495115
5.33,1.666042274761264,2473.01581742309
5.331,1.665947924771193,2469.83916187996
5.332,1.6658538084773686,2466.6709343511566
5.333,1.6657599234173752,2463.5110649698236
5.3340000000000005,1.6656662670834916,2460.3594826946496
5.335,1.6655728369234473,2457.216115333409
5.336,1.6654796303411827,2454.080889566614
5.337,1.66538664469762,2450.9537309712723
5.338,1.6652938773114352,2447.8345640447355
5.339,1.6652013254598392,2444.723312228653
5.34,1.6651089863793642,2441.6198979330034
5.341,1.6650168572666548,2438.5242425602137
5.3420000000000005,1.664924935279264,2435.4362665293575
5.343,1.664833217536457,2432.355889300429
5.344,1.6647417011200172,2429.283029398681
5.345,1.6646503830750587,2426.2176044390308
5.346,1.6645592604108441,2423.159531150524
5.347,1.6644683301016034,2420.1087254008526
5.348,1.664377589087363,2417.065102220923
5.349,1.664287034274774,2414.0285758294685
5.3500000000000005,1.664196662537945,2410.999059657697
5.351,1.664106470719284,2407.9764663739834
5.352,1.6640164556303363,2404.960707908579
5.353,1.66392661405263,2401.9516954783576
5.354,1.6638369427385291,2398.9493396115736
5.355,1.6637474384120783,2395.9535501726377
5.356,1.6636580977698623,2392.9642363869043
5.357,1.6635689174818638,2389.981306865465
5.3580000000000005,1.6634798941923203,2387.004669629934
5.359,1.6633910245205905,2384.0342321372473
5.36,1.6633023050620173,2381.0699013044314
5.361,1.6632137323887946,2378.1115835333762
5.362,1.6631253030508377,2375.1591847355776
5.363,1.6630370135766546,2372.2126103568626
5.364,1.6629488604742158,2369.2717654020867
5.365,1.6628608402318306,2366.3365544597937
5.3660000000000005,1.6627729493190224,2363.406881726842
5.367,1.6626851841874035,2360.4826510329913
5.368,1.662597541271553,2357.563765865432
5.369,1.6625100169898936,2354.650129393278
5.37,1.6624226077455706,2351.74164449199
5.371,1.6623353099273328,2348.8382137677468
5.372,1.6622481199104067,2345.939739581746
5.373,1.6621610340573791,2343.0461240744407
5.3740000000000006,1.662074048719074,2340.1572691896945
5.375,1.6619871602354312,2337.2730766988643
5.376,1.6619003649363862,2334.393448224796
5.377,1.6618136591427422,2331.518285265735
5.378,1.6617270391670516,2328.647489219141
5.379,1.6616405013144886,2325.7809614054117
5.38,1.6615540418837238,2322.9186030915
5.381,1.6614676571677942,2320.0603155144286
5.382,1.6613813434549796,2317.205999904697
5.383,1.661295097029665,2314.3555575095734
5.384,1.6612089141732134,2311.5088896162642
5.385,1.6611227911648279,2308.665897574971
5.386,1.6610367242824147,2305.8264828218116
5.3870000000000005,1.6609507098034453,2302.9905469016167
5.388,1.660864744005812,2300.1579914905915
5.389,1.660778823168684,2297.3287184188357
5.39,1.6606929435733597,2294.502629692725
5.391,1.6606071015041157,2291.6796275171428
5.392,1.6605212932490503,2288.859614317565
5.393,1.6604355151009296,2286.042492761988
5.394,1.6603497633580215,2283.228165782699
5.3950000000000005,1.6602640343249349,2280.416536597885
5.396,1.6601783243134467,2277.607508733079
5.397,1.6600926296433312,2274.80098604243
5.398,1.6600069466431808,2271.996872729807
5.399,1.6599212716512253,2269.195073369723
5.4,1.6598356010161446,2266.395492928082
5.401,1.659749931097878,2263.598036782736
5.402,1.6596642582684258,2260.802610743862
5.4030000000000005,1.6595785789126514,2258.009121074142
5.404,1.659492889429073,2255.2174745087596
5.405,1.6594071862306505,2252.4275782751847
5.406,1.6593214657455715,2249.639340112769
5.407,1.6592357244180238,2246.8526682921342
5.408,1.6591499587089706,2244.067471634351
5.409,1.6590641650969127,2241.2836595299123
5.41,1.6589783400786509,2238.501141957491
5.4110000000000005,1.6588924801700333,2235.719829502478
5.412,1.6588065819067086,2232.939633375311
5.413,1.6587206418448601,2230.160465429569
5.414,1.6586346565619419,2227.382238179849
5.415,1.658548622657405,2224.6048648194183
5.416,1.6584625367534152,2221.8282592376245
5.417,1.6583763954955664,2219.0523360370835
5.418,1.6582901955535871,2216.277010550628
5.4190000000000005,1.6582039336220358,2213.502198858013
5.42,1.6581176064209917,2210.727817802386
5.421,1.6580312106967385,2207.953785006517
5.422,1.6579447432224381,2205.180018888765
5.423,1.6578582007987976,2202.4064386788205
5.424,1.6577715802547304,2199.632964433178
5.425,1.657684878448003,2196.859517050367
5.426,1.6575980922658817,2194.0860182859183
5.4270000000000005,1.6575112186257654,2191.3123907670847
5.428,1.6574242544758104,2188.5385580072907
5.429,1.6573371967955488,2185.764444420329
5.43,1.6572500425964978,2182.989975334288
5.431,1.6571627889227571,2180.215077005221
5.432,1.6570754328516026,2177.4396766305376
5.433,1.6569879714940658,2174.6637023621397
5.434,1.6569004019955083,2171.887083319275
5.4350000000000005,1.6568127215361845,2169.1097496011234
5.436,1.6567249273317959,2166.3316322991104
5.437,1.6566370166340358,2163.5526635089427
5.438,1.6565489867311243,2160.772776342368
5.439,1.656460834948335,2157.9919049386563
5.44,1.6563725586485099,2155.2099844758022
5.441,1.6562841552325658,2152.4269511814427
5.442,1.6561956221399907,2149.6427423435007
5.4430000000000005,1.6561069568493307,2146.8572963205324
5.444,1.6560181568786656,2144.0705525518047
5.445,1.6559292197860744,2141.282451567075
5.446,1.655840143170093,2138.492934996091
5.447,1.6557509246701592,2135.7019455778036
5.448,1.655661561967046,2132.909427169281
5.449,1.655572052783291,2130.1153247543534
5.45,1.6554823948836068,2127.3195844519446
5.4510000000000005,1.6553925860752856,2124.5221535241317
5.452,1.6553026242085953,2121.7229803839027
5.453,1.6552125071771577,2118.9220146026278
5.454,1.6551222329183244,2116.119206917233
5.455,1.6550317994135342,2113.3145092370896
5.456,1.654941204688667,2110.5078746505983
5.457,1.6548504468143796,2107.6992574314936
5.458,1.6547595239064377,2104.8886130448445
5.4590000000000005,1.6546684341260287,2102.0758981527633
5.46,1.6545771756800725,2099.261070619825
5.461,1.654485746821513,2096.444089518188
5.462,1.6543941458496052,2093.624915132419
5.463,1.6543023711101865,2090.803508964035
5.464,1.6542104209959376,2087.9798337357333
5.465,1.6541182939466346,2085.153853395347
5.466,1.6540259884493875,2082.3255331194946
5.4670000000000005,1.6539335030388678,2079.494839316936
5.468,1.6538408362975259,2076.661739631648
5.469,1.6537479868557943,2073.826202945591
5.47,1.6536549533922846,2070.9881993811982
5.471,1.6535617346339677,2068.147700303563
5.472,1.6534683293563437,2065.3046783223417
5.473,1.653374736383605,2062.4591072933654
5.474,1.6532809545887832,2059.61096231996
5.4750000000000005,1.653186982893883,2056.7602197539786
5.476,1.6530928202700115,2053.906857196549
5.477,1.65299846573749,2051.0508534985306
5.478,1.6529039183659568,2048.192188760686
5.479,1.6528091772744586,2045.3308443335723
5.48,1.6527142416315297,2042.4668028171395
5.481,1.6526191106552595,2039.6000480600587
5.482,1.6525237836133497,2036.7305651587542
5.4830000000000005,1.6524282598231608,2033.858340456169
5.484,1.652332538651744,2030.9833615402422
5.485,1.6522366195158642,2028.1056172421122
5.486,1.652140501882012,2025.2250976340447
5.487,1.6520441852664018,2022.3417940270829
5.488,1.6519476692349628,2019.4556989684268
5.489,1.651850953403314,2016.5668062385398
5.49,1.651754037436729,2013.6751108479866
5.4910000000000005,1.6516569210500944,2010.7806090339998
5.492,1.6515596040078508,2007.883298256783
5.493,1.6514620861239244,2004.9831771955464
5.494,1.6513643672616487,2002.0802457442805
5.495,1.651266447333676,1999.1745050072711
5.496,1.6511683263018737,1996.2659572943478
5.497,1.6510700041772148,1993.3546061158827
5.498,1.650971481019653,1990.4404561775305
5.4990000000000006,1.6508727569379904,1987.523513374715
5.5,1.6507738320897298,1984.6037847868647
5.501,1.650674706680923,1981.6812786714006
5.502,1.650575380966001,1978.7560044574752
5.503,1.6504758552475995,1975.82797273947
5.504,1.6503761298763686,1972.8971952702461
5.505,1.6502762052507771,1969.9636849541603
5.506,1.6501760818169022,1967.0274558398407
5.507,1.6500757600682099,1964.0885231127245
5.508,1.6499752405453272,1961.1469030873718
5.509,1.6498745238358,1958.202613199539
5.51,1.6497736105738448,1955.2556719980316
5.511,1.649672501440087,1952.30609913633
5.5120000000000005,1.6495711971612916,1949.3539153639933
5.513,1.6494696985100814,1946.3991425178428
5.514,1.6493680063046494,1943.4418035129293
5.515,1.6492661214084559,1940.4819223332845
5.516,1.6491640447299194,1937.519524022467
5.517,1.6490617772220977,1934.5546346738906
5.518,1.6489593198823584,1931.5872814209538
5.519,1.648856673752041,1928.6174924269662
5.5200000000000005,1.648753839916107,1925.6452968748713
5.521,1.6486508195027865,1922.6707249567762
5.522,1.6485476136832073,1919.6938078632852
5.523,1.6484442236710217,1916.714577772644
5.524,1.6483406507220224,1913.733067839696
5.525,1.6482368961337484,1910.7493121846544
5.526,1.6481329612450821,1907.763345881689
5.527,1.6480288474358404,1904.775204947343
5.5280000000000005,1.6479245561263534,1901.7849263287658
5.529,1.6478200887770373,1898.7925478917805
5.53,1.6477154468879598,1895.7981084087776
5.531,1.6476106319983916,1892.8016475464474
5.532,1.647505645686358,1889.803205853349
5.533,1.647400489568176,1886.8028247473212
5.534,1.6472951652979873,1883.8005465027336
5.535,1.6471896745672807,1880.796414237595
5.5360000000000005,1.6470840191044098,1877.7904719005028
5.537,1.646978200674099,1874.7827642574546
5.538,1.6468722210769493,1871.7733368785161
5.539,1.646766082148927,1868.7622361243477
5.54,1.646659785760855,1865.7495091326018
5.541,1.6465533338178897,1862.735203804183
5.542,1.6464467282589956,1859.719368789385
5.543,1.6463399710564106,1856.702053473904
5.5440000000000005,1.6462330642151064,1853.6833079647236
5.545,1.6461260097722406,1850.6631830758927
5.546,1.6460188097966046,1847.6417303141845
5.547,1.6459114663880634,1844.6190018646457
5.548,1.6458039816769894,1841.5950505760397
5.549,1.6456963578236938,1838.569929946189
5.55,1.6455885970178454,1835.5436941072155
5.551,1.6454807014778905,1832.5163978106898
5.5520000000000005,1.6453726734504632,1829.4880964126824
5.553,1.6452645152097933,1826.4588458587325
5.554,1.6451562290571045,1823.4287026687316
5.555,1.645047817320012,1820.3977239217222
5.556,1.6449392823519133,1817.3659672406247
5.557,1.6448306265313755,1814.333490776887
5.558,1.644721852261514,1811.3003531950678
5.559,1.6446129619693712,1808.2666136573523
5.5600000000000005,1.6445039581052905,1805.232331808004
5.561,1.6443948431422826,1802.1975677577616
5.562,1.6442856195753903,1799.1623820681782
5.563,1.64417628992105,1796.1268357359113
5.564,1.6440668567164485,1793.0909901769642
5.565,1.6439573225188746,1790.054907210884
5.566,1.643847689905071,1787.01864904492
5.567,1.6437379614705785,1783.9822782581473
5.5680000000000005,1.6436281398290826,1780.9458577855532
5.569,1.6435182276117501,1777.9094509021004
5.57,1.6434082274665691,1774.8731212067632
5.571,1.6432981420576844,1771.8369326065388
5.572,1.6431879740647268,1768.800949300447
5.573,1.6430777261821472,1765.7652357635106
5.574,1.6429674011185402,1762.7298567307284
5.575,1.6428570015959754,1759.6948771810407
5.5760000000000005,1.642746530349314,1756.6603623212918
5.577,1.6426359901255387,1753.6263775701923
5.578,1.6425253836830682,1750.5929885422875
5.579,1.6424147137910807,1747.560261031931
5.58,1.642303983228829,1744.5282609972728
5.581,1.6421931947849595,1741.4970545442611
5.582,1.642082351256826,1738.4667079106603
5.583,1.6419714554498064,1735.4372874500973
5.5840000000000005,1.6418605101766177,1732.4088596161264
5.585,1.641749518256629,1729.38149094633
5.586,1.6416384825151749,1726.3552480464468
5.587,1.64152740578287,1723.3301975745405
5.588,1.6414162908949237,1720.3064062252065
5.589,1.6413051406904502,1717.2839407138213
5.59,1.6411939580117874,1714.2628677608386
5.591,1.6410827457038075,1711.24325407614
5.5920000000000005,1.6409715066132353,1708.2251663434317
5.593,1.6408602435879622,1705.2086712047053
5.594,1.6407489594763636,1702.1938352447537
5.595,1.640637657126618,1699.1807249757549
5.596,1.6405263393860245,1696.1694068219203
5.597,1.6404150091003253,1693.1599471042123
5.598,1.6403036691130275,1690.1524120251395
5.599,1.6401923222647266,1687.1468676536256
5.6000000000000005,1.6400809713924327,1684.1433799099577
5.601,1.6399696193288986,1681.1420145508218
5.602,1.639858268901949,1678.142837154419
5.603,1.6397469229338149,1675.1459131056777
5.604,1.6396355842404657,1672.1513075815515
5.605,1.6395242556309495,1669.1590855364202
5.606,1.6394129399067312,1666.1693116875824
5.607,1.639301639861036,1663.1820505008554
5.6080000000000005,1.639190358278198,1660.197366176277
5.609,1.6390790979330052,1657.2153226339149
5.61,1.638967861590056,1654.2359834997892
5.611,1.6388566520031147,1651.2594120919043
5.612,1.638745471914471,1648.2856714064033
5.613,1.6386343240543018,1645.3148241038325
5.614,1.6385232111400434,1642.346932495539
5.615,1.6384121358757584,1639.3820585301833
5.6160000000000005,1.6383011009515147,1636.4202637803835
5.617,1.638190109042764,1633.4616094294915
5.618,1.6380791628097269,1630.5061562584988
5.619,1.637968264896783,1627.5539646330767
5.62,1.6378574179318641,1624.6050944907593
5.621,1.6377466245258525,1621.659605328262
5.622,1.6376358872719872,1618.7175561889449
5.623,1.6375252087452687,1615.7790056504232
5.6240000000000006,1.6374145915018787,1612.8440118123217
5.625,1.6373040380785948,1609.912632284182
5.626,1.6371935509922193,1606.9849241735242
5.627,1.637083132739008,1604.0609440740548
5.628,1.6369727857941063,1601.1407480540443
5.629,1.6368625126109946,1598.224391644853
5.63,1.6367523156209334,1595.3119298296247
5.631,1.6366421972324194,1592.4034170321393
5.632,1.6365321598306468,1589.4989071058365
5.633,1.6364222057769733,1586.5984533230016
5.634,1.6363123374083952,1583.7021083641243
5.635,1.6362025570370258,1580.809924307427
5.636,1.636092866949583,1577.92195261857
5.6370000000000005,1.6359832694068848,1575.0382441405268
5.638,1.635873766643347,1572.1588490836402
5.639,1.6357643608664925,1569.2838170158584
5.64,1.6356550542564654,1566.413196853147
5.641,1.6355458489655539,1563.5470368500874
5.642,1.6354367471177185,1560.6853845906578
5.643,1.6353277508081294,1557.8282869791997
5.644,1.6352188621027102,1554.9757902315719
5.6450000000000005,1.6351100830376892,1552.1279398664906
5.646,1.6350014156191612,1549.2847806970653
5.647,1.634892861822652,1546.4463568225183
5.648,1.6347844235926945,1543.612711620104
5.649,1.634676102842413,1540.7838877372178
5.65,1.6345679014531136,1537.9599270837032
5.651,1.6344598212738823,1535.140870824352
5.652,1.6343518641211943,1532.3267593716055
5.6530000000000005,1.634244031778529,1529.5176323784538
5.654,1.6341363259959953,1526.7135287315327
5.655,1.6340287484899618,1523.9144865444255
5.656,1.6339213009427007,1521.120543151162
5.657,1.6338139850020368,1518.331735099925
5.658,1.6337068022810037,1515.548098146956
5.659,1.6335997543575156,1512.7696672506686
5.66,1.6334928427740374,1509.9964765659668
5.6610000000000005,1.6333860690372755,1507.2285594387665
5.662,1.6332794346178663,1504.4659484007277
5.663,1.633172940950084,1501.708675164191
5.664,1.633066589431547,1498.9567706173234
5.665,1.6329603814229434,1496.2102648194711
5.666,1.632854318247758,1493.4691869967246
5.667,1.6327484011920128,1490.733565537687
5.668,1.632642631504016,1488.003427989459
5.6690000000000005,1.6325370103941177,1485.2788010538284
5.67,1.6324315390344784,1482.5597105836737
5.671,1.6323262185588452,1479.8461815795758
5.672,1.6322210500623384,1477.1382381866415
5.673,1.6321160346012458,1474.435903691537
5.674,1.6320111731928266,1471.7392005197357
5.675,1.631906466815128,1469.0481502329706
5.676,1.6318019164068067,1466.362773526905
5.6770000000000005,1.6316975228669643,1463.683090229008
5.678,1.6315932870549887,1461.009119296646
5.679,1.6314892097904086,1458.340878815381
5.68,1.6313852918527534,1455.6783859974803
5.681,1.6312815339814264,1453.02165718064
5.682,1.6311779368755877,1450.3707078269126
5.683,1.6310745011940424,1447.7255525218484
5.684,1.6309712275551453,1445.0862049738453
5.6850000000000005,1.630868116536709,1442.4526780137057
5.686,1.6307651686759246,1439.8249835944057
5.687,1.6306623844692942,1437.2031327910677
5.688,1.6305597643725676,1434.5871358011423
5.689,1.6304573088006946,1431.9770019447976
5.69,1.6303550181277837,1429.372739665512
5.691,1.63025289268707,1426.7743565308758
5.692,1.6301509327708963,1424.1818592335933
5.6930000000000005,1.6300491386307,1421.5952535926926
5.694,1.629947510477013,1419.0145445549351
5.695,1.6298460484794672,1416.439736196427
5.696,1.629744752766816,1413.8708317244361
5.697,1.6296436234269578,1411.3078334794022
5.698,1.6295426605069758,1408.750742937153
5.699,1.629441864013184,1406.1995607113117
5.7,1.6293412339111824,1403.6542865559063
5.7010000000000005,1.6292407701259244,1401.1149193681745
5.702,1.629140472541792,1398.5814571915575
5.703,1.6290403410026788,1396.0538972188956
5.704,1.6289403753120886,1393.532235795808
5.705,1.628840575233234,1391.0164684242686
5.706,1.6287409404891542,1388.5065897663694
5.707,1.6286414707628363,1386.0025936482696
5.708,1.6285421656973456,1383.5044730643367
5.7090000000000005,1.62844302489597,1381.0122201814656
5.71,1.6283440479223685,1378.525826343588
5.711,1.6282452343007319,1376.0452820763596
5.712,1.6281465835159517,1373.5705770920285
5.713,1.6280480950137972,1371.1017002944827
5.714,1.6279497682011046,1368.6386397844758
5.715,1.6278516024459728,1366.1813828650256
5.716,1.6277535970779666,1363.7299160469897
5.7170000000000005,1.627655751388332,1361.2842250548088
5.718,1.6275580646302212,1358.8442948324234
5.719,1.627460536018919,1356.4101095493593
5.72,1.6273631647320888,1353.9816526069749
5.721,1.6272659499100182,1351.5589066448797
5.722,1.627168890655877,1349.1418535475077
5.723,1.6270719860359832,1346.730474450858
5.724,1.6269752350800792,1344.3247497493903
5.7250000000000005,1.6268786367816115,1341.924659103078
5.726,1.6267821900980244,1339.5301814446157
5.727,1.6266858939510573,1337.1412949867781
5.728,1.6265897472270532,1334.7579772299305
5.729,1.6264937487772746,1332.3802049696862
5.73,1.6263978974182247,1330.0079543047123
5.731,1.626302191931981,1327.641200644673
5.732,1.626206631066533,1325.2799187183236
5.7330000000000005,1.6261112135361275,1322.9240825817328
5.734,1.6260159380216268,1320.5736656266513
5.735,1.6259208031708652,1318.2286405890104
5.736,1.625825807599023,1315.888979557553
5.737,1.6257309498890007,1313.5546539825928
5.738,1.6256362285918013,1311.225634684906
5.739,1.6255416422269249,1308.9018918647425
5.74,1.6254471892827613,1306.5833951109628
5.7410000000000005,1.6253528682170013,1304.2701134102922
5.742,1.6252586774570412,1301.9620151566978
5.743,1.625164615400407,1299.6590681608723
5.744,1.6250706804151749,1297.3612396598396
5.745,1.6249768708404062,1295.068496326662
5.746,1.6248831849865817,1292.7808042802615
5.747,1.6247896211360493,1290.4981290953397
5.748,1.6246961775434698,1288.2204358124068
5.7490000000000006,1.624602852436278,1285.9476889479022
5.75,1.6245096440151405,1283.6798525044205
5.751,1.6244165504544275,1281.4168899810243
5.752,1.6243235699026828,1279.1587643836524
5.753,1.6242307004831065,1276.9054382356185
5.754,1.624137940294037,1274.6568735881904
5.755,1.624045287409443,1272.4130320312588
5.756,1.6239527398794185,1270.1738747040827
5.757000000000001,1.6238602957306818,1267.939362306115
5.758,1.623767952967083,1265.7094551079026
5.759,1.6236757095701124,1263.4841129620581
5.76,1.623583563499418,1261.2632953143038
5.761,1.6234915126933214,1259.04696121458
5.7620000000000005,1.6233995550693459,1256.8350693282187
5.763,1.6233076885247413,1254.6275779471773
5.764,1.6232159109370201,1252.424445001334
5.765,1.6231242201644915,1250.2256280698361
5.766,1.623032614046803,1248.0310843925004
5.767,1.6229410904054853,1245.8407708812683
5.768,1.6228496470445002,1243.6546441317018
5.769,1.6227582817507922,1241.4726604345306
5.7700000000000005,1.622666992294845,1239.2947757872344
5.771,1.622575776431237,1237.1209459056688
5.772,1.6224846318992072,1234.9511262357257
5.773,1.6223935564232157,1232.7852719650245
5.774,1.6223025477135145,1230.6233380346362
5.775,1.6222116034667158,1228.4652791508352
5.776,1.6221207213663662,1226.3110497968723
5.777,1.6220298990835207,1224.1606042447734
5.7780000000000005,1.6219391342773228,1222.0138965671538
5.779,1.6218484245955809,1219.8708806490504
5.78,1.6217577676753536,1217.7315101997672
5.781,1.621667161143533,1215.5957387647286
5.782,1.6215766026174283,1213.4635197373427
5.783,1.621486089705355,1211.3348063708704
5.784,1.6213956200072226,1209.2095517902915
5.785,1.6213051911151277,1207.087709004175
5.7860000000000005,1.6212148006139402,1204.9692309165425
5.787,1.6211244460819003,1202.8540703387255
5.788,1.62103412509121,1200.7421800012155
5.789,1.6209438352086272,1198.6335125654987
5.79,1.6208535739960608,1196.5280206358775
5.791,1.6207633390111666,1194.4256567712753
5.792,1.6206731278079423,1192.3263734970183
5.793,1.6205829379373227,1190.230123316596
5.7940000000000005,1.6204927669477787,1188.136858723397
5.795,1.6204026123859088,1186.0465322124105
5.796,1.620312471797039,1183.959096291906
5.797,1.6202223427258153,1181.8745034950684
5.798,1.620132222716801,1179.7927063916043
5.799,1.620042109315068,1177.713657599306
5.8,1.619952000066795,1175.6373097955734
5.801,1.6198618925198556,1173.56361572889
5.8020000000000005,1.619771784224411,1171.492528230256
5.803,1.6196816727335028,1169.4240002245665
5.804,1.6195915556036402,1167.357984741941
5.805,1.6195014303953876,1165.294434928995
5.806,1.6194112946739514,1163.2333040600581
5.807,1.6193211460097636,1161.174545548326
5.808,1.6192309819790662,1159.1181129569568
5.809,1.619140800164489,1157.0639600100967
5.8100000000000005,1.6190505981556296,1155.0120406038427
5.811,1.6189603735496294,1152.9623088171302
5.812,1.6188701239517473,1150.914718922555
5.813,1.6187798469759307,1148.869225397113
5.814,1.6186895402453834,1146.8257829328693
5.815,1.6185992013931325,1144.784346447545
5.816,1.61850882806259,1142.7448710950202
5.817,1.618418417908114,1140.707312275758
5.8180000000000005,1.6183279685955625,1138.6716256471377
5.819,1.6182374778028494,1136.637767133701
5.82,1.6181469432204936,1134.6056929373076
5.821,1.618056362552163,1132.5753595471979
5.822,1.6179657335152202,1130.5467237499593
5.823,1.6178750538412583,1128.519742639397
5.824,1.6177843212766376,1126.494373626304
5.825,1.617693533583015,1124.4705744481294
5.8260000000000005,1.6176026885378694,1122.4483031785448
5.827,1.6175117839350275,1120.4275182369026
5.828,1.6174208175851774,1118.408178397589
5.829,1.6173297873163825,1116.3902427992657
5.83,1.6172386909745928,1114.3736709540012
5.831,1.6171475264241442,1112.3584227562892
5.832,1.61705629154826,1110.344458491948
5.833,1.6169649842495446,1108.3317388469081
5.8340000000000005,1.6168736024504702,1106.3202249158778
5.835,1.6167821440938621,1104.3098782108857
5.836,1.6166906071433746,1102.3006606697074
5.837,1.6165989895839665,1100.292534664161
5.838,1.6165072894223633,1098.2854630082807
5.839,1.616415504687524,1096.2794089663616
5.84,1.6163236334310926,1094.2743362608753
5.841,1.6162316737278482,1092.2702090802545
5.8420000000000005,1.6161396236761503,1090.2669920865476
5.843,1.6160474813983758,1088.264650422934
5.844,1.6159552450413477,1086.263149721111
5.845,1.615862912776765,1084.2624561085377
5.846,1.6157704828016157,1082.262536215545
5.847,1.6156779533385945,1080.2633571823053
5.848,1.6155853226365045,1078.2648866656587
5.849,1.6154925889706577,1076.2670928457997
5.8500000000000005,1.6153997506432671,1074.2699444328202
5.851,1.6153068059838331,1072.2734106731054
5.852,1.6152137533495199,1070.2774613555882
5.853,1.615120591125529,1068.2820668178517
5.854,1.6150273177254624,1066.287197952087
5.855,1.6149339315916809,1064.2928262108999
5.856,1.6148404311956528,1062.2989236129697
5.857,1.614746815038298,1060.3054627485517
5.8580000000000005,1.614653081650323,1058.3124167848346
5.859,1.6145592295925484,1056.319759471138
5.86,1.6144652574562297,1054.3274651439606
5.861,1.6143711638633689,1052.3355087318698
5.862,1.6142769474670216,1050.3438657602394
5.863,1.6141826069515932,1048.3525123558263
5.864,1.6140881410331276,1046.3614252511952
5.865,1.6139935484595904,1044.3705817889797
5.8660000000000005,1.6138988280111428,1042.3799599259896
5.867,1.6138039785004057,1040.3895382371566
5.868,1.6137089987727178,1038.3992959193185
5.869,1.6136138877063884,1036.4092127948493
5.87,1.6135186442129335,1034.419269315119
5.871,1.6134232672373132,1032.4294465638022
5.872,1.613327755758157,1030.4397262600166
5.873,1.6132321087879755,1028.4500907613044
5.8740000000000006,1.6131363253733768,1026.4605230664492
5.875,1.6130404045952595,1024.4710068181303
5.876,1.612944345569008,1022.4815263054143
5.877,1.612848147444675,1020.4920664660838
5.878,1.6127518094071558,1018.5026128888007
5.879,1.6126553306763547,1016.5131518151089
5.88,1.6125587105073425,1014.5236701412703
5.881,1.6124619481905067,1012.5341554199388
5.882000000000001,1.6123650430516892,1010.5445958616692
5.883,1.612267994452322,1008.5549803362644
5.884,1.6121708017895455,1006.5652983739556
5.885,1.612073464496328,1004.5755401664217
5.886,1.611975982041567,1002.5856965676429
5.8870000000000005,1.6118783539301886,1000.5957590945932
5.888,1.6117805797032356,998.6057199277662
5.889,1.611682658937946,996.6155719115425
5.89,1.6115845912478244,994.6253085543893
5.891,1.6114863762827047,992.6349240289017
5.892,1.6113880137288006,990.6444131716796
5.893,1.6112895033087526,988.6537714830438
5.894,1.6111908447816625,986.6629951265904
5.8950000000000005,1.6110920379431188,984.6720809285847
5.896,1.610993082625219,982.6810263771948
5.897,1.6108939786965726,980.689829621565
5.898,1.6107947260623057,978.6984894707305
5.899,1.6106953246640527,976.7070053923727
5.9,1.610595774479936,974.7153775114189
5.901,1.6104960755245428,972.7236066084803
5.902,1.6103962278488895,970.7316941181381
5.9030000000000005,1.610296231540378,968.739642127071
5.904,1.6101960867227436,966.747453372029
5.905,1.610095793555994,964.7551312376518
5.906,1.609995352236341,962.7626797541351
5.907,1.60989476299612,960.770103594744
5.908,1.6097940261037056,958.7774080731742
5.909,1.6096931418634148,956.7845991407642
5.91,1.6095921106154019,954.7916833835557
5.9110000000000005,1.6094909327355487,952.7986680192081
5.912,1.6093896086353425,950.8055608937638
5.913,1.6092881387617435,948.8123704782677
5.914,1.6091865235970526,946.8191058652408
5.915,1.6090847636587593,944.8257767650097
5.916,1.6089828594993916,942.8323935018964
5.917,1.608880811706349,940.838967010261
5.918,1.6087786209017352,938.8455088304074
5.9190000000000005,1.6086762877421743,936.8520311043501
5.92,1.6085738129186273,934.8585465714416
5.921,1.6084711971561938,932.8650685638643
5.922,1.608368441213908,930.8716110019873
5.923,1.608265545884529,928.8781883895881
5.924,1.6081625119943181,926.884815808945
5.925,1.6080593404028136,924.8915089157949
5.926,1.6079560320025936,922.8982839341659
5.9270000000000005,1.607852587719034,920.9051576510776
5.928,1.6077490085100559,918.9121474111205
5.929,1.6076452953658686,916.9192711109046
5.93,1.6075414493087017,914.9265471933902
5.931,1.607437471392533,912.9339946420948
5.932,1.6073333627028068,910.9416329751796
5.933,1.6072291243561434,908.94948223942
5.934,1.6071247575000471,906.9575630040576
5.9350000000000005,1.6070202633125985,904.9658963545387
5.936,1.6069156430021492,902.9745038861395
5.937,1.6068108978070008,900.98340769748
5.938,1.6067060289950827,898.9926303839292
5.939,1.6066010378636186,897.0021950309005
5.94,1.6064959257387927,895.0121252070451
5.941,1.6063906939754016,893.0224449573378
5.942,1.6062853439565035,891.0331787960631
5.9430000000000005,1.6061798770930613,889.0443516997005
5.944,1.6060742948235787,887.0559890997113
5.945,1.6059685986137282,885.0681168752297
5.946,1.6058627899559736,883.0807613456595
5.947,1.6057568703691905,881.093949263178
5.948,1.605650841398273,879.1077078051501
5.949,1.6055447046137412,877.1220645664545
5.95,1.6054384616113382,875.1370475517226
5.9510000000000005,1.605332114011625,873.1526851674938
5.952,1.6052256634595672,871.1690062142884
5.953,1.6051191116241168,869.1860398786012
5.954,1.605012460197789,867.2038157248165
5.955,1.6049057108962328,865.2223636870455
5.956,1.604798865457797,863.2417140608944
5.957,1.6046919256430914,861.2618974951563
5.958,1.6045848932345412,859.2829449834358
5.9590000000000005,1.6044777700359383,857.3048878557067
5.96,1.6043705578719873,855.3277577698034
5.961,1.6042632585878471,853.3515867028495
5.962,1.6041558740486652,851.3764069426275
5.963,1.6040484061391125,849.4022510788855
5.964,1.603940856762908,847.4291519945939
5.965,1.603833227842346,845.4571428571417
5.966,1.603725521317811,843.4862571094861
5.9670000000000005,1.6036177391472957,841.5165284612484
5.968,1.6035098833059125,839.5479908797655
5.969,1.6034019557853987,837.5806785810938
5.97,1.603293958593622,835.6146260209732
5.971,1.6031858937540808,833.649867885747
5.972,1.603077763305401,831.6864390832461
5.973,1.6029695693008292,829.7243747336358
5.974,1.602861313807722,827.7637101602297
5.9750000000000005,1.6027529989070368,825.8044808802716
5.976,1.6026446266928125,823.8467225956878
5.977,1.6025361992716527,821.8904711838131
5.978,1.602427718762205,819.9357626880928
5.979,1.6023191872946372,817.9826333087599
5.98,1.6022106070101096,816.0311193934951
5.981,1.6021019800602498,814.0812574280683
5.982,1.60199330860662,812.1330840269624
5.9830000000000005,1.6018845948201832,810.1866359239876
5.984,1.6017758408807738,808.2419499628818
5.985,1.601667048976555,806.2990630879041
5.986,1.6015582213034856,804.3580123344213
5.987,1.6014493600647794,802.4188348194913
5.988,1.6013404674703622,800.4815677324426
5.989,1.601231545736333,798.5462483254573
5.99,1.6011225970844194,796.6129139041542
5.9910000000000005,1.6010136237414332,794.6816018181795
5.992,1.6009046279387245,792.7523494518027
5.993,1.6007956119116389,790.8251942145234
5.994,1.600686577898968,788.9001735316896
5.995,1.600577528142404,786.9773248351296
5.996,1.600468464885992,785.0566855538012
5.997,1.6003593903755837,783.1382931044595
5.998,1.600250306858288,781.2221848823438
5.9990000000000006,1.600141216581925,779.3083982518888
6.0,1.600032121794479,777.3969705374627
6.001,1.5999230247435496,775.4879390141286
6.002,1.5998139276758079,773.5813408984388
6.003,1.5997048328364478,771.6772133392594
6.004,1.5995957424686431,769.7755934086299
6.005,1.5994866588130023,767.8765180926566
6.006,1.599377584107024,765.9800242824474
6.007000000000001,1.599268520584557,764.086148765084
6.008,1.599159470475256,762.1949282146375
6.009,1.599050436004046,760.3063991832286
6.01,1.5989414193905804,758.4205980921354
6.011,1.5988324228487052,756.5375612229473
6.0120000000000005,1.5987234485859254,754.6573247087713
6.013,1.5986144988028712,752.7799245254914
6.014,1.5985055756927666,750.9053964830808
6.015000000000001,1.5983966814409003,749.0337762169726
6.016,1.5982878182241007,747.1650991794884
6.017,1.598178988210209,745.299400631327
6.018,1.598070193557559,743.4367156331177
6.019,1.5979614364144588,741.5770790370343
6.0200000000000005,1.5978527189186713,739.7205254784803
6.021,1.5977440431969043,737.8670893678382
6.022,1.5976354113642963,736.0168048822909
6.023,1.5975268255239123,734.1697059577159
6.024,1.5974182877662362,732.3258262806507
6.025,1.597309800168674,730.4851992803369
6.026,1.5972013647950511,728.6478581208386
6.027,1.5970929836951235,726.813835693242
6.0280000000000005,1.5969846589040835,724.9831646079373
6.029,1.5968763924420775,723.1558771869772
6.03,1.5967681863137178,721.3320054565276
6.031,1.596660042507611,719.5115811393987
6.032,1.596551962995878,717.6946356476656
6.033,1.596443949733687,715.881200075378
6.034,1.5963360046587867,714.0713051913615
6.035,1.5962281296910468,712.2649814321087
6.0360000000000005,1.5961203267319992,710.462258894768
6.037,1.5960125976643866,708.663167330224
6.038,1.5959049443517177,706.8677361362788
6.039,1.5957973686378222,705.0759943509279
6.04,1.5956898723464148,703.2879706457386
6.041,1.595582457280664,701.5036933193287
6.042,1.5954751252227641,699.7231902909482
6.043,1.5953678779335143,697.9464890941633
6.0440000000000005,1.5952607171519024,696.1736168706507
6.045,1.5951536445946943,694.4046003640912
6.046,1.5950466619560293,692.6394659141774
6.047,1.594939770907021,690.8782394507286
6.048,1.5948329730953628,689.120946487915
6.049,1.5947262701449414,687.3676121185947
6.05,1.5946196636554548,685.6182610087639
6.051,1.5945131552020377,683.8729173921195
6.0520000000000005,1.5944067463348899,682.1316050647379
6.053,1.5943004385789155,680.3943473798697
6.054,1.594194233433364,678.6611672428515
6.055,1.5940881323714828,676.9320871061354
6.056,1.5939821368401703,675.2071289644387
6.057,1.5938762482596394,673.4863143500116
6.058,1.5937704680230877,671.7696643280298
6.059,1.5936647974963727,670.0571994921036
6.0600000000000005,1.593559238017695,668.3489399599157
6.061,1.5934537908972868,666.6449053689771
6.062,1.5933484574171106,664.9451148725115
6.063,1.5932432388305604,663.2495871354628
6.064,1.5931381363621744,661.5583403306293
6.065,1.5930331512073503,659.871392134925
6.066,1.592928284532074,658.1887597257657
6.067,1.5928235374726478,656.5104597775857
6.0680000000000005,1.5927189111354336,654.8365084584832
6.069,1.5926144065965955,653.1669214269929
6.07,1.5925100249018598,651.5017138289886
6.071,1.592405767066272,649.8409002947177
6.072,1.5923016340739684,648.1844949359645
6.073,1.5921976268779536,646.5325113433464
6.074,1.592093746399883,644.8849625837393
6.075,1.5919899935298587,643.2418611978367
6.0760000000000005,1.591886369126226,641.6032191978413
6.077,1.591782874015383,639.969048065288
6.078,1.5916795089915965,638.3393587489998
6.079,1.5915762748168256,636.7141616631781
6.08,1.5914731722205528,635.0934666856252
6.081,1.5913702018996234,633.4772831561007
6.082,1.5912673645180941,631.865619874813
6.083,1.591164660707086,630.2584851010398
6.0840000000000005,1.5910620910646505,628.6558865518904
6.085,1.590959656155641,627.0578314011943
6.086,1.59085735651159,625.4643262785285
6.087,1.5907551926305998,623.875377268377
6.088,1.5906531649772364,622.2909899094252
6.089,1.5905512739824355,620.7111691939871
6.09,1.5904495200434128,619.1359195675667
6.091,1.5903479035235852,617.5652449285539
6.0920000000000005,1.5902464247525014,615.999148628053
6.093,1.590145084025776,614.4376334698438
6.094,1.5900438816050355,612.8807017104787
6.095,1.5899428177178743,611.3283550595081
6.096,1.5898418925578124,609.7805946798427
6.097,1.5897411062842695,608.2374211882459
6.098,1.5896404590225395,606.698834655957
6.099,1.5895399508637786,605.1648346094485
6.1000000000000005,1.5894395818650022,603.635420031312
6.101,1.5893393520490844,602.1105893612769
6.102,1.5892392614047712,600.5903404973561
6.103,1.5891393098867008,599.0746707971252
6.104,1.5890394974154296,597.563577079128
6.105,1.5889398238774706,596.0570556244105
6.106,1.5888402891253341,594.555102178185
6.107,1.5887408929775853,593.0577119516187
6.1080000000000005,1.5886416352189001,591.5648796237502
6.109,1.5885425156001372,590.0765993435335
6.11,1.5884435338384144,588.5928647320034
6.111,1.588344689617192,587.1136688845688
6.112,1.5882459825863695,585.6390043734283
6.113,1.5881474123623838,584.1688632501075
6.114,1.5880489785283205,582.7032370481215
6.115,1.5879506806340307,581.2421167857558
6.1160000000000005,1.5878525181962568,579.7854929689669
6.117,1.5877544906987653,578.3333555944057
6.118,1.5876565975924892,576.8856941525556
6.119,1.5875588382956753,575.4424976309909
6.12,1.5874612121940441,574.0037545177506
6.121,1.5873637186409524,572.5694528048252
6.122,1.5872663569575662,571.1395799917632
6.123,1.5871691264330436,569.7141230893852
6.1240000000000006,1.5870720263247184,568.2930686236148
6.125,1.5869750558582993,566.8764026394173
6.126,1.5868782142280724,565.4641107048499
6.127,1.5867815005971109,564.0561779152202
6.128,1.586684914097494,562.6525888973536
6.129,1.5865884538305335,561.2533278139633
6.13,1.586492118867005,559.858378368131
6.131,1.586395908247389,558.4677238078848
6.132000000000001,1.586299820982119,557.0813469308862
6.133,1.5862038560518361,555.6992300892127
6.134,1.586108012407648,554.3213551942441
6.135,1.5860122889714023,552.9477037216458
6.136,1.5859166846359607,551.5782567164479
6.1370000000000005,1.5858211982654786,550.2129947982232
6.138,1.5857258286956997,548.8518981663567
6.139,1.585630574734248,547.4949466054081
6.140000000000001,1.585535435160934,546.1421194905679
6.141,1.5854404087280625,544.7933957932011
6.142,1.5853454941607485,543.4487540864798
6.143,1.585250690157241,542.1081725511033
6.144,1.585155995389251,540.7716289811035
6.1450000000000005,1.585061408502287,539.4391007897328
6.146,1.5849669281159977,538.1105650154357
6.147,1.5848725528245162,536.7859983278998
6.148,1.5847782811968185,535.4653770341869
6.149,1.5846841117770785,534.1486770849403
6.15,1.5845900430850355,532.8358740806686
6.151,1.5844960736163656,531.5269432781033
6.152,1.5844022018430584,530.2218595966285
6.1530000000000005,1.5843084262137987,528.9205976247816
6.154,1.5842147451543551,527.6231316268235
6.155,1.5841211570679732,526.3294355493738
6.156,1.584027660335774,525.039483028115
6.157,1.583934253317159,523.7532473945573
6.158,1.5838409343502167,522.4707016828679
6.159,1.5837477017521382,521.1918186367583
6.16,1.5836545538196372,519.9165707164318
6.1610000000000005,1.5835614888293694,518.6449301055868
6.162,1.583468505038367,517.3768687184761
6.163,1.583375600684466,516.1123582070165
6.164,1.5832827739867454,514.8513699679539
6.165,1.5831900231459712,513.5938751500737
6.166,1.5830973463450395,512.3398446614615
6.167,1.5830047417494282,511.08924917680815
6.168,1.5829122075076496,509.84205914475905
6.1690000000000005,1.5828197417517116,508.59824479530636
6.17,1.5827273425975765,507.35777614721917
6.171,1.5826350081456289,506.1206230155137
6.172,1.5825427364811429,504.88675501896046
6.173,1.5824505256747574,503.6561415876233
6.174,1.5823583737829505,502.42875197043315
6.175,1.5822662788485187,501.2045552427919
6.176,1.5821742389010611,499.9835203142052
6.1770000000000005,1.5820822519574627,498.7656159359416
6.178,1.581990316022385,497.5508107087174
6.179,1.5818984290887563,496.3390730904036
6.18,1.5818065891382644,495.13037140375457
6.181,1.5817147941418548,493.9246738441559
6.182,1.5816230420602293,492.72194848739
6.183,1.5815313308443462,491.5221632974158
6.184,1.5814396584359234,490.3252861341626
6.1850000000000005,1.5813480227679457,489.13128476133573
6.186,1.5812564217651706,487.94012685423206
6.187,1.5811648533446363,486.75178000756097
6.188,1.5810733154161754,485.56621174327444
6.189,1.5809818058829257,484.3833895183981
6.19,1.5808903226418423,483.2032807328658
6.191,1.5807988635842165,482.0258527373534
6.192,1.5807074265961878,480.8510728411111
6.1930000000000005,1.5806160095592654,479.6789083197918
6.194,1.5805246103508424,478.5093264232737
6.195,1.5804332268447192,477.34229438347455
6.196,1.5803418569116194,476.1777794221588
6.197,1.580250498419712,475.0157487587287
6.198,1.5801591492351328,473.8561696180085
6.199,1.5800678072225038,472.69900923800697
6.2,1.5799764702454557,471.54423487766763
6.2010000000000005,1.5798851361671487,470.39181382459765
6.202,1.5797938028507938,469.241713402777
6.203,1.5797024681601746,468.09390098024403
6.204,1.5796111299601674,466.94834397675766
6.205,1.57951978611726,465.8050098714327
6.206,1.579428434500075,464.6638662103473
6.207,1.579337072979886,463.52488061411964
6.208,1.5792456994311366,462.3880207854546
6.2090000000000005,1.579154311731957,461.2532545166553
6.21,1.5790629077646827,460.1205496971001
6.211,1.5789714854163663,458.9898743206819
6.212,1.578880042579293,457.86119649321034
6.213,1.5787885771514922,456.73448443977077
6.214,1.578697087037249,455.6097065120428
6.215,1.5786055701476123,454.4868311955755
6.216,1.5785140244009024,453.36582711701374
6.2170000000000005,1.578422447723216,452.2466630512805
6.218,1.5783308380489298,451.1293079287089
6.219,1.5782391933212023,450.01373084212145
6.22,1.5781475114924692,448.8999010538615
6.221,1.5780557905249448,447.7877880027652
6.222,1.5779640283911107,446.677361311082
6.223,1.5778722230742108,445.5685907913356
6.224,1.5777803725687383,444.46144645312773
6.2250000000000005,1.57768847488092,443.35589850987947
6.226,1.5775965280292,442.25191738551206
6.227,1.5775045300447206,441.14947372106474
6.228,1.5774124789717945,440.04853838124507
6.229,1.577320372868381,438.9490824609156
6.23,1.577228209806554,437.8510772915109
6.231,1.577135987872968,436.7544944473854
6.232,1.57704370516932,435.65930575209086
6.2330000000000005,1.5769513598128078,434.5654832845807
6.234,1.5768589499365844,433.4729993853411
6.235,1.5767664736902087,432.3818266624472
6.236,1.5766739292400906,431.2919379975423
6.237,1.5765813147699348,430.20330655173905
6.238,1.5764886284811777,429.1159057714435
6.239,1.5763958685934187,428.0297093940952
6.24,1.5763030333448533,426.9446914538289
6.2410000000000005,1.5762101209926922,425.8608262870518
6.242,1.5761171298135839,424.77808853793624
6.243,1.5760240581040288,423.6964531638282
6.244,1.5759309041807874,422.615895440568
6.245,1.575837666381286,421.5363909677238
6.246,1.5757443430640157,420.45791567373647
6.247,1.575650932608926,419.380445820974
6.248,1.5755574334178146,418.3039580106954
6.2490000000000006,1.57546384391471,417.22842918791997
6.25,1.57537016254625,416.1538366462082
6.251,1.5752763877820535,415.0801580323435
6.252,1.5751825181150878,414.0073713509213
6.253,1.5750885520620272,412.935454968841
6.254,1.5749944881636124,411.8643876197016
6.255,1.5749003249849949,410.794148408098
6.256,1.574806061116082,409.7247168138192
6.257000000000001,1.5747116951718743,408.65607269594653
6.258,1.5746172257927957,407.5881962968513
6.259,1.574522651645018,406.5210682460892
6.26,1.5744279714207778,405.45466956419517
6.261,1.5743331838386911,404.3889816663733
6.2620000000000005,1.5742382876440557,403.3239863660829
6.263,1.574143281609151,402.259665878521
6.264,1.5740481645335298,401.196002823998
6.265000000000001,1.5739529352443036,400.1329802312099
6.266,1.5738575925964222,399.07058154040095
6.267,1.573762135472943,398.0087906064207
6.268,1.5736665627852984,396.9475917016746
6.269,1.5735708734735518,395.8869695189627
6.2700000000000005,1.5734750665066504,394.8269091742139
6.271,1.573379140882666,393.767396209106
6.272,1.5732830956290336,392.7084165935812
6.273,1.5731869298027823,391.64995672824654
6.274,1.5730906424907536,390.5920034466672
6.275,1.5729942328098203,389.53454401754595
6.276,1.5728976999070907,388.4775661467937
6.277,1.5728010429601096,387.4210579794858
6.2780000000000005,1.5727042611770545,386.36500810170867
6.279,1.5726073537969156,385.30940554229204
6.28,1.5725103200896755,384.2542397744294
6.281,1.5724131593564816,383.1995007171858
6.282,1.5723158709298042,382.14517873689266
6.283,1.5722184541735957,381.091264648428
6.284,1.572120908483435,380.0377497163857
6.285,1.572023233286668,378.9846256561287
6.2860000000000005,1.5719254280425385,377.931884634731
6.287,1.571827492242314,376.87951927180376
6.288,1.5717294254093992,375.82752264020985
6.289,1.5716312270994464,374.775888266663
6.29,1.5715328969004543,373.7246101322151
6.291,1.5714344344328628,372.6736826726276
6.292,1.5713358393496353,371.6231007786321
6.293,1.5712371113363364,370.5728597960747
6.2940000000000005,1.5711382501112008,369.5229555259501
6.295,1.5710392554251937,368.4733842243199
6.296,1.5709401270620649,367.42414260211956
6.297,1.5708408648383918,366.3752278248525
6.298,1.570741468603618,365.3266375121709
6.299,1.5706419382400814,364.2783697373459
6.3,1.5705422736630346,363.2304230266237
6.301,1.5704424748206596,362.1827963584728
6.3020000000000005,1.5703425416940704,361.13548916271736
6.303,1.5702424742973127,360.0885013195617
6.304,1.57014227267735,359.04183315850355
6.305,1.5700419369140461,357.9954854571371
6.306,1.5699414671201386,356.9494594398477
6.307,1.5698408634412022,355.90375677639594
6.308,1.5697401260556068,354.85837958039394
6.309,1.5696392551744662,353.81333040767385
6.3100000000000005,1.5695382510415807,352.76861225454894
6.311,1.5694371139333665,351.724228555967
6.312,1.5693358441587857,350.6801831835588
6.313,1.5692344420592592,349.6364804435794
6.314,1.5691329080085807,348.5931250747466
6.315,1.5690312424128148,347.55012224597203
6.316,1.568929445710192,346.5074775539924
6.317,1.5688275183709952,345.46519702089466
6.3180000000000005,1.5687254608974377,344.4232870915422
6.319,1.5686232738235333,343.38175463089556
6.32,1.5685209577149606,342.34060692123774
6.321,1.5684185131689163,341.2998516592961
6.322,1.568315940813964,340.259496953267
6.323,1.5682132413098742,339.219551319742
6.324,1.5681104153474559,338.1800236805374
6.325,1.5680074636483825,337.1409233594275
6.3260000000000005,1.5679043869650087,336.1022600787838
6.327,1.5678011860801808,335.0640439561173
6.328,1.567697861807039,334.0262855005304
6.329,1.5675944149888126,332.9889956090757
6.33,1.5674908464986104,331.9521855630228
6.331,1.5673871572391973,330.915867024036
6.332,1.567283348142772,329.8800520302625
6.333,1.5671794201707316,328.84475299233293
6.3340000000000005,1.5670753743134322,327.80998268927465
6.335,1.5669712115899395,326.77575426433987
6.336,1.5668669330477762,325.74208122074856
6.337,1.5667625397626614,324.70897741734814
6.338,1.5666580328382411,323.67645706419205
6.339,1.5665534134058123,322.6445347180354
6.34,1.566448682624046,321.6132252777519
6.341,1.566343841678694,320.5825439796729
6.3420000000000005,1.5662388917822971,319.5525063928476
6.343,1.5661338341738849,318.5231284142286
6.344,1.5660286701186652,317.4944262637821
6.345,1.5659234009077139,316.4664164795248
6.346,1.5658180278576526,315.4391159124888
6.347,1.5657125523103237,314.412541721615
6.348,1.5656069756324578,313.3867113685794
6.349,1.5655012992153345,312.36164261254805
6.3500000000000005,1.5653955244744422,311.3373535048685
6.351,1.565289652849123,310.3138623836933
6.352,1.565183685802221,309.2911878685427
6.353,1.5650776248197185,308.26934885480205
6.354,1.564971471410372,307.2483645081595
6.355,1.564865227105337,306.2282542589856
6.356,1.5647588934577927,305.2090377966517
6.357,1.5646524720425563,304.1907350637947
6.3580000000000005,1.5645459644556978,303.1733662505259
6.359,1.5644393723141463,302.1569517885849
6.36,1.564332697255289,301.14151234544374
6.361,1.5642259409365709,300.12706881835936
6.362,1.564119105035086,299.1136423283766
6.363,1.5640121912471643,298.10125421428404
6.364,1.5639052012879553,297.0899260265257
6.365,1.563798136891005,296.0796795210651
6.3660000000000005,1.5636909998078303,295.07053665320996
6.367,1.5635837918074895,294.0625195713928
6.368,1.5634765146761451,293.05565061091477
6.369,1.5633691702166281,292.04995228764886
6.37,1.5632617602479932,291.0454472917088
6.371,1.5631542866050723,290.04215848108163
6.372,1.563046751138025,289.0401088752283
6.373,1.562939155711884,288.03932164865193
6.3740000000000006,1.5628315022060972,287.0398201244364
6.375,1.562723792514068,286.0416277677565
6.376,1.5626160285426876,285.0447681793625
6.377,1.562508212211872,284.04926508903804
6.378,1.5624003454540887,283.0551423490351
6.379,1.5622924302138823,282.06242392748914
6.38,1.5621844684474002,281.0711339018102
6.381,1.5620764621219116,280.08129645206066
6.382000000000001,1.5619684132153269,279.09293585431163
6.383,1.5618603237157114,278.1060764739869
6.384,1.5617521956208003,277.1207427591929
6.385,1.5616440309375093,276.1369592340367
6.386,1.5615358316814427,275.1547504919333
6.3870000000000005,1.5614275998764002,274.174141188906
6.388,1.5613193375538814,273.1951560368782
6.389,1.5612110467525901,272.21781979696084
6.390000000000001,1.5611027295179334,271.24215727273776
6.391,1.5609943879015247,270.2681933035461
6.392,1.5608860239606772,269.29595275775944
6.393,1.560777639757905,268.3254605260707
6.394,1.5606692373604178,267.3567415147794
6.3950000000000005,1.5605608188396136,266.3898206390824
6.396,1.560452386270576,265.42472281637225
6.397,1.560343941731563,264.4614729595425
6.398000000000001,1.5602354873035018,263.50009597030447
6.399,1.5601270250694805,262.5406167325126
6.4,1.5600185571142384,261.5830601055055
6.401,1.5599100855236556,260.6274509174603
6.402,1.559801612384247,259.67381395876305
6.4030000000000005,1.5596931397826483,258.72217397539754
6.404,1.5595846698051108,257.7725556623529
6.405,1.5594762045369883,256.8249836570525
6.406,1.559367746062232,255.8794825328062
6.407,1.5592592964628775,254.9360767922854
6.408,1.559150857818541,253.99479086102443
6.409,1.5590424322059078,253.05564908095
6.41,1.5589340216982281,252.11867570393864
6.4110000000000005,1.5588256283648116,251.18389488540404
6.412,1.5587172542705203,250.2513306779188
6.413,1.5586089014752667,249.3210070248657
6.414,1.5585005720335103,248.39294775412887
6.415,1.5583922679937585,247.46717657181645
6.416,1.5582839913980642,246.54371705602554
6.417,1.55817574428153,245.62259265064392
6.418,1.5580675286718115,244.7038266591934
6.4190000000000005,1.557959346588623,243.7874422387165
6.42,1.5578512000432445,242.87346239370623
6.421,1.5577430910380332,241.96190997008046
6.422,1.557635021565933,241.05280764920502
6.423,1.5575269936099911,240.14617794196263
6.424,1.5574190091428735,239.24204318287414
6.425,1.557311070126385,238.34042552426703
6.426,1.5572031785109917,237.44134693049978
6.4270000000000005,1.557095336235344,236.54482917223828
6.428,1.556987545225806,235.65089382078622
6.429,1.5568798073959857,234.75956224247432
6.43,1.55677212464627,233.87085559310503
6.431,1.5566644988633591,232.98479481245616
6.432,1.556556931919812,232.10140061884695
6.433,1.5564494256735844,231.22069350376296
6.434,1.556341981967582,230.3426937265452
6.4350000000000005,1.5562346026292078,229.46742130914242
6.436,1.55612728946992,228.5948960309288
6.437,1.5560200442847885,227.72513742358797
6.438,1.555912868852061,226.85816476606513
6.439,1.5558057649327277,225.99399707958605
6.44,1.555698734270094,225.132653122748
6.441,1.555591778589356,224.2741513866797
6.442,1.5554848995971804,223.4185100902749
6.4430000000000005,1.555378098981291,222.56574717549836
6.444,1.5552713784100545,221.71588030276456
6.445,1.5551647395320796,220.8689268463943
6.446,1.5550581839758109,220.0249038901453
6.447,1.5549517133491364,219.1838282228209
6.448,1.554845329238995,218.3457163339579
6.449,1.5547390332109914,217.51058440959048
6.45,1.5546328268090148,216.6784483280979
6.4510000000000005,1.5545267115548629,215.8493236561305
6.452,1.5544206889478729,215.0232256446193
6.453,1.5543147604645562,214.2001692248669
6.454,1.5542089275582422,213.38016900472377
6.455,1.5541031916587198,212.5632392648469
6.456,1.5539975541718947,211.74939395504595
6.457,1.5538920164794454,210.93864669071337
6.458,1.5537865799384882,210.13101074934323
6.4590000000000005,1.5536812458812468,209.326499067136
6.46,1.5535760156147291,208.52512423569308
6.461,1.55347089042041,207.7268984987989
6.462,1.5533658715539187,206.93183374929433
6.463,1.5532609602447354,206.13994152603846
6.464,1.5531561576958914,205.35123301096345
6.465,1.5530514650836778,204.5657190262197
6.466,1.5529468835573592,203.78341003141298
6.4670000000000005,1.5528424142388948,203.004316120935
6.468,1.552738058222666,202.22844702138735
6.469,1.5526338165752112,201.4558120890978
6.47,1.552529690334966,200.6864203077339
6.471,1.5524256805120118,199.9202802860068
6.472,1.5523217880878308,199.15740025547484
6.473,1.552218014015067,198.39778806843998
6.474,1.5521143592172957,197.64145119594102
6.4750000000000005,1.552010824588799,196.88839672584257
6.476,1.5519074109943503,196.13863136102262
6.477,1.5518041192690017,195.3921614176543
6.478,1.5517009502178851,194.64899282358797
6.479,1.5515979046160135,193.90913111682815
6.48,1.5514949832080953,193.17258144411056
6.481,1.551392186708353,192.43934855957647
6.482,1.551289515800352,191.70943682354417
6.4830000000000005,1.55118697113683,190.98285020138104
6.484,1.5510845533395454,190.25959226247292
6.485,1.5509822629991217,189.53966617929188
6.486,1.5508801006749076,188.8230747265642
6.487,1.5507780668948392,188.10982028053633
6.488,1.5506761621553142,187.39990481833993
6.489,1.550574386921071,186.6933299174566
6.49,1.5504727416250768,185.99009675528035
6.4910000000000005,1.5503712266684215,185.29020610878018
6.492,1.5502698424202237,184.593658354262
6.493,1.5501685892175383,183.9004534672273
6.494,1.5500674673652786,183.21059102233414
6.495,1.549966477136139,182.52407019345253
6.496,1.5498656187705333,181.8408897538225
6.497,1.5497648924765346,181.1610480763082
6.498,1.5496642984298261,180.48454313375046
6.4990000000000006,1.549563836773658,179.8113724994179
6.5,1.5494635076188155,179.14153334755574
6.501,1.5493633110435914,178.4750224540312
6.502,1.5492632470937666,177.8118361970782
6.503,1.5491633157826026,177.15197055813618
6.504,1.5490635170908365,176.49542112278877
6.505,1.5489638509666872,175.8421830817949
6.506,1.5488643173258687,175.19225123221923
6.507000000000001,1.5487649160516117,174.54561997865693
6.508,1.548665646994693,173.9022833345519
6.509,1.5485665099734702,173.2622349236117
6.51,1.5484675047739307,172.62546798131638
6.511,1.5483686311497413,171.99197535651876
6.5120000000000005,1.548269888822309,171.3617495131417
6.513,1.548171277480852,170.73478253196438
6.514,1.548072796782473,170.11106611250216
6.515000000000001,1.5479744463522445,169.49059157497794
6.516,1.547876225783303,168.8733498623848
6.517,1.5477781346369444,168.25933154263674
6.518,1.5476801724427347,167.64852681081302
6.519,1.547582338698624,167.04092549148677
6.5200000000000005,1.54748463287107,166.43651704114527
6.521,1.547387054395168,165.83529055069647
6.522,1.5472896026747882,165.23723474806206
6.523000000000001,1.5471922770827238,164.64233800085793
6.524,1.5470950769608423,164.05058831915798
6.525,1.5469980016202474,163.46197335834418
6.526,1.5469010503414453,162.87648042203958
6.527,1.5468042223745246,162.2940964651236
6.5280000000000005,1.5467075169393354,161.71480809683163
6.529,1.5466109332256814,161.13860158393223
6.53,1.5465144703935179,160.56546285398844
6.531,1.5464181275731572,159.99537749869523
6.532,1.5463219038654799,159.42833077729767
6.533,1.5462257983421546,158.86430762008504
6.534,1.546129810045866,158.3032926319633
6.535,1.5460339379905466,157.74527009610097
6.5360000000000005,1.5459381811616173,157.19022397765096
6.537,1.5458425385162373,156.63813792754686
6.538,1.5457470089835563,156.0889952863688
6.539,1.545651591464976,155.54277908828396
6.54,1.5455562848344198,154.9994720650562
6.541,1.5454610879386048,154.45905665012424
6.542,1.5453659995973261,153.9215149827505
6.543,1.5452710186037428,153.38682891223345
6.5440000000000005,1.545176143724672,152.85498000219087
6.545,1.5450813737008926,152.32594953490292
6.546,1.5449867072474481,151.79971851572307
6.547,1.5448921430539628,151.27626767754884
6.548,1.544797679784962,150.755577485356
6.549,1.5447033160801953,150.2376281407909
6.55,1.5446090505549694,149.722399586825
6.551,1.5445148818004872,149.2098715124622
6.5520000000000005,1.5444208083841886,148.70002335750888
6.553,1.5443268288501024,148.19283431739396
6.554,1.5442329417192007,147.68828334804618
6.555,1.5441391454897582,147.1863491708221
6.556,1.5440454386377205,146.68701027748807
6.557,1.5439518196170736,146.19024493524975
6.558,1.5438582868602237,145.6960311918329
6.559,1.5437648387783764,145.2043468806088
6.5600000000000005,1.543671473761926,144.71516962577041
6.561,1.5435781901808483,144.22847684754868
6.562,1.5434849863850963,143.7442457674753
6.563,1.543391860705005,143.26245341368815
6.564,1.5432988114516961,142.78307662627427
6.565,1.5432058369174928,142.30609206265592
6.566,1.5431129353763324,141.83147620301446
6.567,1.543020105084191,141.35920535574735
6.5680000000000005,1.5429273442795068,140.88925566296578
6.569,1.54283465118361,140.4216031060213
6.57,1.5427420240011571,139.95622351106914
6.571,1.5426494609205683,139.49309255465982
6.572,1.5425569601144693,139.0321857693615
6.573,1.5424645197401377,138.57347854941082
6.574,1.5423721379399518,138.1169461563906
6.575,1.542279812841843,137.6625637249319
6.5760000000000005,1.5421875425597555,137.21030626844203
6.577,1.5420953251941016,136.760148684853
6.578,1.5420031588322296,136.31206576239302
6.579,1.5419110415488875,135.86603218537536
6.58,1.541818971406694,135.42202254000838
6.581,1.541726946456611,134.98001132021878
6.582,1.541634964738418,134.5399729334938
6.583,1.5415430242811925,134.10188170673368
6.5840000000000005,1.5414511231037888,133.6657118921199
6.585,1.5413592592153227,133.231437672991
6.586,1.5412674306156564,132.79903316973065
6.587,1.5411756352958872,132.36847244566172
6.588,1.5410838712388377,131.93972951294788
6.589,1.5409921364195478,131.51277833849963
6.59,1.5409004288057693,131.08759284988452
6.591,1.5408087463584603,130.66414694123864
6.5920000000000005,1.540717087032286,130.24241447917979
6.593,1.5406254487761155,129.82236930871835
6.594,1.5405338295335222,129.40398525916777
6.595,1.5404422272432885,128.98723615004923
6.596,1.5403506398399058,128.572095796993
6.597,1.54025906525408,128.15853801763097
6.598,1.5401675014132379,127.74653663748396
6.599,1.5400759462420324,127.3360654958366
6.6000000000000005,1.539984397662849,126.92709845160296
6.601,1.5398928535963123,126.51960938917924
6.602,1.5398013119617955,126.11357222428258
6.603,1.539709770677929,125.70896090977428
6.604,1.5396182276631059,125.30574944146693
6.605,1.5395266808359938,124.90391186391284
6.606,1.5394351281160408,124.50342227617372
6.607,1.5393435674239844,124.10425483756788
6.6080000000000005,1.5392519966823608,123.70638377339704
6.609,1.5391604138160109,123.30978338064762
6.61,1.5390688167525883,122.91442803366836
6.611,1.538977203423065,122.52029218982045
6.612,1.538885571762239,122.12735039510031
6.613,1.5387939197092346,121.73557728973223
6.614,1.5387022452080124,121.34494761373332
6.615,1.5386105462078667,120.95543621244123
6.6160000000000005,1.5385188206639298,120.56701804201543
6.617,1.5384270665376707,120.17966817489715
6.618,1.5383352817973945,119.79336180523863
6.619,1.5382434644187382,119.40807425429334
6.62,1.5381516123851662,119.02378097576546
6.621,1.538059723688464,118.6404575611247
6.622,1.5379677963292302,118.2580797448754
6.623,1.5378758283173628,117.8766234097851
6.6240000000000006,1.5377838176725502,117.4960645920707
6.625,1.5376917624247521,117.11637948653859
6.626,1.5375996606146838,116.737544451678
6.627,1.5375075102942957,116.35953601471071
6.628,1.5374153095272487,115.98233087658693
6.629,1.5373230563893905,115.6059059169367
6.63,1.5372307489692252,115.23023819896866
6.631,1.5371383853683818,114.85530497431571
6.632000000000001,1.537045963702079,114.48108368783043
6.633,1.5369534820995885,114.1075519823225
6.634,1.5368609387046894,113.7346877032459
6.635,1.536768331676129,113.36246890332528
6.636,1.5366756591880677,112.99087384712729
6.6370000000000005,1.5365829194305318,112.61988101557276
6.638,1.5364901106098543,112.24946911039024
6.639,1.5363972309491147,111.87961705850638
6.640000000000001,1.5363042786885774,111.51030401637888
6.641,1.5362112520861195,111.14150937426325
6.642,1.536118149417662,110.7732127604176
6.643,1.536024968977589,110.4053940452425
6.644,1.5359317090791704,110.03803334535652
6.6450000000000005,1.535838368054973,109.67111102760303
6.646,1.535744944257271,109.30460771299195
6.647,1.5356514360584503,108.93850428057208
6.648000000000001,1.5355578418514084,108.57278187123512
6.649,1.5354641600499501,108.20742189144832
6.65,1.5353703890891761,107.84240601691849
6.651,1.535276527425868,107.47771619618224
6.652,1.5351825735388673,107.11333465412535
6.6530000000000005,1.5350885259294513,106.7492438954277
6.654,1.5349943831217,106.38542670793572
6.655,1.5349001436628589,106.02186616595804
6.656000000000001,1.5348058061237,105.658545633488
6.657,1.5347113690988683,105.29544876734852
6.658,1.5346168312072328,104.93255952025966
6.659,1.5345221910922238,104.5698621438307
6.66,1.5344274474221689,104.20734119147234
6.6610000000000005,1.534332598890621,103.84498152122903
6.662,1.5342376442166783,103.48276829853629
6.663,1.5341425821453052,103.12068699889186
6.664,1.5340474114476366,102.75872341045229
6.665,1.5339521309212845,102.39686363654349
6.666,1.5338567393906355,102.03509409809273
6.667,1.533761235707139,101.67340153597763
6.668,1.5336656187495934,101.31177301329188
6.6690000000000005,1.5335698874244224,100.95019591752708
6.67,1.5334740406659444,100.58865796267563
6.671,1.5333780774366408,100.22714719124178
6.672,1.5332819967274078,99.86565197617651
6.673,1.5331857975578105,99.50416102272149
6.674,1.5330894789763239,99.14266337017092
6.675,1.5329930400605711,98.78114839354751
6.676,1.5328964799175506,98.41960580519205
6.6770000000000005,1.5327997976838599,98.05802565626676
6.678,1.5327029925259097,97.69639833817457
6.679,1.5326060636401324,97.3347145838866
6.68,1.5325090102531806,96.97296546918989
6.681,1.5324118316221234,96.61114241384203
6.682,1.5323145270346281,96.24923718264117
6.683,1.5322170958091432,95.88724188640938
6.684,1.5321195372950642,95.52514898288555
6.6850000000000005,1.5320218508729013,95.16295127753433
6.686,1.5319240359544315,94.80064192426512
6.687,1.5318260919828517,94.43821442606215
6.688,1.531728018432912,94.07566263552997
6.689,1.5316298148110572,93.71298075534776
6.69,1.5315314806555433,93.3501633386378
6.691,1.5314330155365627,92.98720528924531
6.692,1.5313344190563478,92.62410186193013
6.6930000000000005,1.5312356908492788,92.26084866246995
6.694,1.5311368305819713,91.89744164767882
6.695,1.5310378379533676,91.53387712533333
6.696,1.5309387126948133,91.17015175401549
6.697,1.5308394545701294,90.80626254286516
6.698,1.5307400633756707,90.44220685124762
6.699,1.5306405389403859,90.07798238833178
6.7,1.530540881125861,89.71358721258403
6.7010000000000005,1.53044108982636,89.3490197311719
6.702,1.5303411649688548,88.98427869928658
6.703,1.530241106513048,88.61936321937382
6.704,1.5301409144513887,88.25427274028179
6.705,1.5300405888090802,87.88900705632446
6.706,1.529940129644076,87.52356630625744
6.707,1.5298395370470759,87.15795097216964
6.708,1.5297388111415047,86.79216187829184
6.7090000000000005,1.5296379520834886,86.42620018971886
6.71,1.5295369600618238,86.06006741105051
6.711,1.5294358352979351,85.69376538494737
6.712,1.5293345780458263,85.32729629060574
6.713,1.5292331885920238,84.96066264214738
6.714,1.5291316672555133,84.59386728693106
6.715,1.529030014387666,84.22691340378
6.716,1.5289282303721585,83.85980450112952
6.7170000000000005,1.5288263156248856,83.49254441509505
6.718,1.5287242705938622,83.12513730746015
6.719,1.5286220957591217,82.75758766358443
6.72,1.5285197916326023,82.38990029023498
6.721,1.5284173587580283,82.02208031333842
6.722,1.5283147977107832,81.65413317565682
6.723,1.5282121090977734,81.28606463438669
6.724,1.5281092935572875,80.91788075868189
6.7250000000000005,1.5280063517588438,80.54958792710175
6.726,1.5279032844030342,80.18119282498583
6.727,1.5278000922213564,79.81270244175263
6.728,1.527696775976043,79.44412406812809
6.729,1.527593336459879,79.07546529330028
6.73,1.5274897744960154,78.70673400200343
6.731,1.5273860909377726,78.33793837153146
6.732,1.5272822866684364,77.9690868686815
6.7330000000000005,1.5271783626010507,77.60018824662848
6.734,1.527074319678197,77.23125154173344
6.735,1.5269701588717717,76.86228607028112
6.736,1.5268658811827511,76.49330142515598
6.737,1.526761487640958,76.12430747244875
6.738,1.5266569793048084,75.75531434800115
6.739,1.5265523572610646,75.38633245388633
6.74,1.5264476226245711,75.01737245482667
6.7410000000000005,1.5263427765379889,74.64844527455
6.742,1.5262378201715228,74.27956209208625
6.743,1.526132754722639,73.91073433800253
6.744,1.5260275814157787,73.54197369058221
6.745,1.5259223015020642,73.17329207194408
6.746,1.5258169162589987,72.8047016441067
6.747,1.5257114269901586,72.43621480499618
6.748,1.525605835024881,72.06784418440003
6.7490000000000006,1.5255001417179441,71.69960263986775
6.75,1.5253943484492405,71.33150325255976
6.751,1.5252884566234453,70.9635593230428
6.752,1.5251824676696795,70.59578436703819
6.753,1.5250763830411629,70.2281921111206
6.754,1.5249702042148665,69.86079648836606
6.755,1.524863932691156,69.49361163395838
6.756,1.5247575699934277,69.12665188074453
6.757000000000001,1.5246511176677453,68.7599317547506
6.758,1.5245445772824637,68.39346597065125
6.759,1.5244379504278507,68.0272694271986
6.76,1.5243312387157046,67.66135720261067
6.761,1.5242244437789636,67.29574454991726
6.7620000000000005,1.5241175672713119,66.93044689227332
6.763,1.5240106108667804,66.56547981822825
6.764,1.523903576259341,66.20085907696495
6.765000000000001,1.5237964651624973,65.83660057349881
6.766,1.5236892793088723,65.47272036384992
6.767,1.5235820204497852,65.10923465017584
6.768,1.5234746903548313,64.74615977587841
6.769,1.523367290811451,64.38351222067882
6.7700000000000005,1.5232598236244992,64.02130859566458
6.771,1.5231522906158075,63.65956563830858
6.772,1.5230446936237407,63.298300207464166
6.773000000000001,1.5229370345027553,62.93752927833263
6.774,1.522829315122946,62.57726993741077
6.775,1.5227215373695957,62.21753937741275
6.776,1.5226137031427158,61.858354892174766
6.777,1.5225058143565868,61.499733871536876
6.7780000000000005,1.5223978729392933,61.14169379621005
6.779,1.5222898808322567,60.784252232622464
6.78,1.5221818399897624,60.427426827754445
6.781000000000001,1.5220737523784875,60.07123530395495
6.782,1.5219656199770213,59.715695453749504
6.783,1.5218574447753859,59.360825134632364
6.784,1.5217492287745518,59.00664226385106
6.785,1.521640973985952,58.65316481318129
6.7860000000000005,1.5215326824309947,58.30041080369335
6.787,1.5214243561405676,57.94839830051376
6.788,1.5213159971545491,57.59714540758037
6.789,1.521207607521308,57.246670262393465
6.79,1.5210991892972066,56.896991030768305
6.791,1.5209907445461028,56.54812590157984
6.792,1.520882275338842,56.200093081514595
6.793,1.520773783752759,55.852910789819234
6.7940000000000005,1.5206652718711677,55.50659725305535
6.795,1.520556741782856,55.16117069985464
6.796,1.5204481955815756,54.81664935568472
6.797,1.5203396353655332,54.47305143761588
6.798,1.5202310632368772,54.13039514910169
6.799,1.5201224813011864,53.788698674764206
6.8,1.520013891666956,53.44798017519338
6.801,1.519905296445084,53.108257781756606
6.8020000000000005,1.5197966977483557,52.76954959142125
6.803,1.5196880976909264,52.431873661594274
6.804,1.519579498387809,52.09524800497492
6.805,1.5194709019543544,51.759690584425144
6.806,1.5193623105057363,51.42521930786093
6.807,1.519253726156434,51.09185202315807
6.808,1.519145151019716,50.759606513086126
6.809,1.519036587207124,50.428500490257655
6.8100000000000005,1.5189280368279547,50.098551592104315
6.811,1.518819501988747,49.76977737587827
6.812,1.5187109847927645,49.442195313677
6.813,1.5186024873394812,49.11582278749714
6.814,1.518494011724069,48.790677084316684
6.815,1.5183855600368834,48.466775391204834
6.816,1.5182771343629529,48.1441347904652
6.817,1.518168736781467,47.822772254808484
6.8180000000000005,1.5180603693652681,47.50270464256032
6.819,1.517952034180342,47.183948692902725
6.82,1.5178437332853152,46.86652102114932
6.821,1.5177354687309437,46.55043811405962
6.822,1.5176272425596171,46.23571632519085
6.823,1.5175190568048522,45.92237187028553
6.824,1.5174109134907974,45.610420822704185
6.825,1.5173028146317336,45.2998791088935
6.8260000000000005,1.5171947622315811,44.99076250390168
6.827,1.5170867582834069,44.683086626933644
6.828,1.5169788047689337,44.37686693695251
6.829,1.5168709036580559,44.07211872832456
6.83,1.5167630569083517,43.76885712651425
6.831,1.516655266464605,43.46709708382125
6.832,1.5165475342583241,43.16685337517193
6.833,1.5164398622072683,42.86814059395624
6.8340000000000005,1.5163322522149754,42.57097314791698
6.835,1.5162247061702918,42.275365255088886
6.836,1.5161172259469085,41.981330939793565
6.837,1.5160098134028988,41.68888402868301
6.838,1.5159024703802597,41.39803814684345
6.839,1.515795198704459,41.10880671394767
6.84,1.5156880001839834,40.821202940470855
6.841,1.5155808766098922,40.53523982395674
6.8420000000000005,1.5154738297553774,40.25093014534667
6.843,1.5153668613753213,39.96828646536595
6.844,1.515259973205867,39.687321120968306
6.845,1.5151531669639862,39.40804622184342
6.846,1.5150464443470568,39.13047364698526
6.847,1.5149398070324407,38.85461504132073
6.848,1.5148332566770708,38.58048181240437
6.849,1.514726794917037,38.30808512717377
6.8500000000000005,1.5146204233671843,38.03743590877194
6.851,1.5145141436207112,37.76854483343311
6.852,1.5144079572487743,37.5014223274363
6.853,1.5143018658000964,37.236078564122906
6.854,1.514195870800585,36.97252346098526
6.855,1.5140899737529507,36.710766676819816
6.856,1.5139841761363357,36.450817608951
6.857,1.5138784794059428,36.19268539052415
6.8580000000000005,1.513772884992676,35.936378887867505
6.859,1.5136673943027812,35.68190669792601
6.86,1.5135620087174986,35.42927714576496
6.861,1.5134567295927144,35.178498282145576
6.862,1.5133515582586259,34.929577881175234
6.863,1.513246496019406,34.68252343802513
6.864,1.5131415441528806,34.43734216672733
6.865,1.513036703910203,34.19404099804108
6.8660000000000005,1.5129319765155471,33.95262657739508
6.867,1.512827363165795,33.71310526290516
6.868,1.5127228650302396,33.47548312346498
6.869,1.5126184832502905,33.23976593691362
6.87,1.5125142189391851,33.00595918828037
6.871,1.5124100731817096,32.77406806810094
6.872,1.5123060470339262,32.54409747081796
6.873,1.5122021415229046,32.31605199325026
6.8740000000000006,1.5120983576464637,32.08993593314588
6.875,1.5119946963729183,31.865753287808275
6.876,1.511891158640835,31.643507752803025
6.877,1.5117877453587916,31.423202720741543
6.878,1.511684457405147,31.204841280143754
6.879,1.5115812956278196,30.988426214377853
6.88,1.5114782608440667,30.773960000680745
6.881,1.511375353840279,30.561444809256173
6.882000000000001,1.5112725753717773,30.35088250245245
6.883,1.5111699261626172,30.142274634019316
6.884,1.5110674069054069,29.93562244844344
6.885,1.510965018261122,29.73092688036428
6.886,1.51086276085894,29.52818855407032
6.8870000000000005,1.510760635296073,29.32740778307067
6.888,1.5106586421376125,29.12858456975303
6.889,1.5105567819163825,28.93171860511478
6.890000000000001,1.5104550551327984,28.736809268577545
6.891,1.510353462254733,28.543855627880504
6.892,1.5102520037173952,28.352856439052076
6.893,1.5101506799232105,28.16381014646271
6.894,1.5100494912417115,27.976714882956564
6.8950000000000005,1.5099484380094421,27.79156847006162
6.896,1.5098475205298587,27.60836841827981
6.897,1.5097467390732484,27.42711192745756
6.898000000000001,1.5096460938766525,27.24779588723073
6.899,1.509545585143797,27.07041687755474
6.9,1.5094452130450322,26.894971169306807
6.901,1.5093449777172805,26.72145472497111
6.902,1.5092448792639916,26.54986319939922
6.9030000000000005,1.5091449177551066,26.380191940650235
6.904,1.509045093227029,26.212435990906968
6.905,1.508945405682607,26.046590087469575
6.906000000000001,1.5088458550911195,25.88264866382751
6.907,1.5087464413882736,25.720605850806194
6.908,1.508647164476209,25.560455477790377
6.909,1.5085480242235092,25.402191074023662
6.91,1.508449020465226,25.245805869984565
6.9110000000000005,1.5083501530029055,25.091292798834928
6.912,1.5082514216046257,24.938644497944686
6.913,1.508152826005043,24.787853310491315
6.914,1.5080543659054448,24.638911287131748
6.915,1.5079560409738129,24.491810187748072
6.916,1.5078578508448903,24.34654148326529
6.917,1.5077597951202613,24.20309635754184
6.918,1.5076618733684377,24.061465709333667
6.9190000000000005,1.5075640851249512,23.921640154323526
6.92,1.5074664298924578,23.78361002722884
6.921,1.5073689071408463,23.64736538397255
6.922,1.5072715163073562,23.51289600392765
6.923,1.5071742567967057,23.380191392228298
6.924,1.507077127981225,23.2492407821495
6.925,1.5069801292009968,23.120033137554564
6.926,1.5068832597640092,22.992557155409727
6.9270000000000005,1.506786518946311,22.866801268362693
6.928,1.5066899059921794,22.74275364738925
6.929,1.5065934201142914,22.620402204502703
6.93,1.5064970604939065,22.49973459552811
6.931,1.5064008262810549,22.38073822293895
6.932,1.5063047165947352,22.26340023875739
6.933,1.5062087305231162,22.147707547513967
6.934,1.5061128671237516,22.03364680927084
6.9350000000000005,1.5060171254237968,21.921204442702553
6.936,1.505921504420238,21.81036662823817
6.937,1.5058260030801236,21.701119311259433
6.938,1.5057306203408083,21.59344820535825
6.939,1.5056353551102009,21.4873387956509
6.94,1.5055402062670202,21.382776342145327
6.941,1.5054451726610591,21.279745883166484
6.942,1.505350253113454,21.178232238835022
6.9430000000000005,1.5052554464169627,21.07822001459605
6.944,1.5051607513362502,20.979693604803927
6.945,1.5050661666081775,20.88263719635667
6.946,1.5049716909421034,20.787034772378362
6.947,1.5048773230201862,20.6928701159559
6.948,1.5047830614976976,20.600126813917655
6.949,1.5046889050033412,20.508788260664012
6.95,1.5045948521395762,20.41883766204422
6.9510000000000005,1.5045009014829513,20.33025803927319
6.952,1.5044070515844399,20.243032232900447
6.953,1.5043133009697873,20.15714290681538
6.954,1.5042196481398584,20.072572552298084
6.955,1.5041260915709982,19.98930349211112
6.956,1.504032629715391,19.907317884630217
6.957,1.5039392610014315,19.82659772801395
6.958,1.5038459838340994,19.747124864413266
6.9590000000000005,1.5037527965953397,19.66888098421404
6.96,1.5036596976444492,19.59184763032033
6.961,1.503566685318469,19.516006202466812
6.962,1.503473757932582,19.4413379615696
6.963,1.503380913780515,19.367824034104842
6.964,1.5032881511349492,19.29544541652315
6.965,1.5031954682479323,19.224182979689573
6.966,1.503102863351299,19.154017473356973
6.9670000000000005,1.503010334657092,19.084929530662066
6.968,1.502917880357995,19.016899672654176
6.969,1.5028254986277645,18.949908312843846
6.97,1.5027331876216674,18.883935761779384
6.971,1.5026409454769267,18.81896223164459
6.972,1.5025487703131684,18.754967840879786
6.973,1.502456660232872,18.691932618822335
6.974,1.502364613321831,18.629836510368307
6.9750000000000005,1.5022726276496097,18.568659380651127
6.976,1.5021807012700108,18.50838101973821
6.977,1.5020888322215455,18.44898114734373
6.978,1.5019970185279017,18.390439417554532
6.979,1.5019052581984265,18.332735423573254
6.98,1.501813549228602,18.275848702470313
6.981,1.5017218896005327,18.219758739947025
6.982,1.5016302772834298,18.164444975114733
6.9830000000000005,1.5015387102341051,18.109886805272296
6.984,1.5014471863974628,18.056063590701655
6.985,1.5013557037069971,18.002954659462844
6.986,1.5012642600852923,17.950539312197193
6.987,1.5011728534445257,17.898796826933804
6.988,1.5010814816869735,17.847706463898078
6.989,1.5009901427055174,17.797247470322887
6.99,1.5008988343841585,17.74739908526037
6.9910000000000005,1.5008075545985267,17.69814054439
6.992,1.5007163012163987,17.649451084828357
6.993,1.500625072098214,17.60130994993351
6.994,1.5005338650975948,17.553696394103895
6.995,1.5004426780618676,17.50658968757459
6.996,1.5003515088325852,17.459969121203926
6.997,1.5002603552460525,17.413814011251844
6.998,1.5001692151338517,17.368103704151594
6.9990000000000006,1.5000780863233703,17.322817581268197
7.0,1.4999869666383299,17.277935063646453
7.001,1.4998958538993152,17.233435616746448
7.002,1.499804745924306,17.189298755162454
7.003,1.4997136405292077,17.145504047331343
7.004,1.4996225355283854,17.10203112021901
7.005,1.499531428735194,17.05885966399319
7.006,1.499440317962514,17.01596943667576
7.007000000000001,1.4993492010232847,16.97334026877587
7.008,1.499258075731038,16.930952067901273
7.009,1.4991669399004333,16.888784823348644
7.01,1.4990757913477881,16.84681861066825
7.011,1.4989846278916172,16.805033596207224
7.0120000000000005,1.4988934473531614,16.76341004162451
7.013,1.498802247556924,16.72192830838044
7.014,1.4987110263312005,16.68056886219857
7.015000000000001,1.4986197815086122,16.6393122774969
7.016,1.4985285109266362,16.598139241793277
7.017,1.498437212428137,16.55703056007212
7.018,1.4983458838618926,16.515967159128422
7.019,1.4982545230831248,16.47493009187025
7.0200000000000005,1.498163127954024,16.433900541591896
7.021,1.4980716963442742,16.392859826208834
7.022,1.497980226131578,16.35178940245862
7.023000000000001,1.4978887152021756,16.31067087006234
7.024,1.4977971614513657,16.269485975848838
7.025,1.4977055627840237,16.228216617838925
7.026,1.497613917115116,16.186844849288036
7.027,1.4975222223702145,16.145352882691384
7.0280000000000005,1.4974304764860076,16.10372309374023
7.029,1.497338677410807,16.061938025240963
7.03,1.4972468231050566,16.019980390986092
7.031000000000001,1.4971549115418326,15.977833079581515
7.032,1.497062940707345,15.935479158226343
7.033,1.4969709086014362,15.892901876446473
7.034,1.4968788132380733,15.850084669780642
7.035,1.4967866526458398,15.807011163415524
7.0360000000000005,1.4966944248684237,15.763665175773212
7.037,1.4966021279651014,15.720030722045749
7.038,1.4965097600112185,15.676092017680958
7.039000000000001,1.4964173190986652,15.631833481812833
7.04,1.4963248033363523,15.587239740640385
7.041,1.4962322108506785,15.54229563075252
7.042,1.4961395397859947,15.496986202397409
7.043,1.4960467883050677,15.451296722696739
7.0440000000000005,1.4959539545895328,15.40521267880301
7.045,1.4958610368403522,15.358719780999664
7.046,1.4957680332782557,15.31180396574507
7.047,1.4956749421441888,15.2644513986547
7.048,1.4955817616997502,15.216648477427185
7.049,1.495488490227624,15.168381834707532
7.05,1.4953951260320095,15.119638340892834
7.051,1.4953016674390456,15.070405106873025
7.0520000000000005,1.495208112797227,15.020669486713345
7.053,1.4951144604778206,14.97041908026921
7.054,1.4950207088752703,14.919641735744676
7.055,1.4949268564076006,14.868325552179655
7.056,1.4948329015168158,14.816458881878972
7.057,1.4947388426692874,14.764030332772464
7.058,1.4946446783561411,14.711028770710783
7.059,1.494550407093639,14.657443321695084
7.0600000000000005,1.4944560274235492,14.603263374041077
7.061,1.4943615379135156,14.548478580473187
7.062,1.4942669371574198,14.493078860155208
7.063,1.494172223775736,14.437054400648904
7.064,1.4940773964158782,14.380395659807235
7.065,1.4939824537525472,14.323093367595902
7.066,1.4938873944880617,14.265138527849473
7.067,1.4937922173526925,14.206522419952321
7.0680000000000005,1.493696921104981,14.147236600454818
7.069,1.4936015045320592,14.087272904615745
7.07,1.4935059664499573,14.026623447875437
7.071,1.4934103057039056,13.96528062725622
7.072,1.4933145211686325,13.903237122694492
7.073,1.493218611748651,13.840485898297274
7.074,1.4931225763785398,13.777020203529773
7.075,1.49302641402322,13.712833574329224
7.0760000000000005,1.4929301236782182,13.647919834146393
7.077,1.4928337043699311,13.58227309491565
7.078,1.4927371551558732,13.515887757950651
7.079,1.4926404751249254,13.448758514767292
7.08,1.4925436633975686,13.38088034783442
7.081,1.4924467191261162,13.31224853125049
7.082,1.492349641494936,13.24285863134675
7.083,1.4922524297206632,13.172706507217214
7.0840000000000005,1.4921550830524086,13.1017883111749
7.085,1.4920576007719561,13.030100489133872
7.086,1.4919599821939553,12.95763978091837
7.087,1.4918622266661035,12.884403220498086
7.088,1.49176433356932,12.81038813614893
7.089,1.4916663023179169,12.735592150541109
7.09,1.4915681323597538,12.660013180751335
7.091,1.491469823176391,12.58364943820601
7.0920000000000005,1.4913713742832337,12.506499428544473
7.093,1.4912727852296639,12.428561951413698
7.094,1.4911740555991697,12.349836100187488
7.095,1.4910751850094615,12.270321261612409
7.096,1.4909761731125828,12.190017115381778
7.097,1.4908770195950145,12.108923633634845
7.098,1.4907777241777627,12.027041080383285
7.099,1.4906782866164496,11.944370010868894
7.1000000000000005,1.4905787067013878,11.860911270841896
7.101,1.4904789842576476,11.776665995773726
7.102,1.490379119145118,11.691635609993924
7.103,1.4902791112585596,11.605821825756777
7.104,1.4901789605276448,11.519226642236035
7.105,1.4900786669169943,11.431852344449368
7.106,1.4899782304262037,11.343701502111614
7.107,1.4898776510898584,11.254776968416579
7.1080000000000005,1.489776928977545,11.16508187875067
7.109,1.489676064193852,11.074619649335105
7.11,1.4895750568783594,10.98339397580024
7.111,1.4894739072056264,10.891408831689617
7.112,1.489372615385162,10.798668466897439
7.113,1.4892711816613948,10.705177406034878
7.114,1.4891696063136288,10.6109404467324
7.115,1.489067889655995,10.515962657873075
7.1160000000000005,1.488966032037391,10.420249377758509
7.117,1.4888640338414134,10.323806212210798
7.118,1.488761895486283,10.226639032607423
7.119,1.4886596174247602,10.128753973850735
7.12,1.4885572001440506,10.030157432275175
7.121,1.4884546441657058,9.93085606348788
7.122,1.4883519500455138,9.830856780147144
7.123,1.4882491183733784,9.730166749679526
7.1240000000000006,1.488146149773196,9.628793391932561
7.125,1.4880430449027182,9.526744376766402
7.126,1.4879398044534111,9.424027621586433
7.127,1.487836429150303,9.32065128881355
7.128,1.487732919751824,9.216623783296882
7.129,1.4876292770496395,9.111953749666014
7.13,1.487525501868475,9.006650069626431
7.131,1.4874215950659293,8.90072185919712
7.132000000000001,1.4873175575322855,8.794178465890411
7.133,1.4872133901903088,8.687029465838805
7.134,1.4871090939950407,8.5792846608648
7.135,1.4870046699335786,8.470954075494475
7.136,1.4869001190248567,8.362047953921973
7.1370000000000005,1.4867954423194112,8.252576756918671
7.138,1.4866906408991416,8.142551158689443
7.139,1.4865857158770621,8.031982043680173
7.140000000000001,1.4864806683970488,7.920880503334317
7.141,1.4863754996335752,7.80925783279794
7.142,1.4862702107914416,7.697125527579914
7.143,1.486164803105499,7.584495280161661
7.144,1.4860592778403623,7.471378976561724
7.1450000000000005,1.4859536362901185,7.357788692852466
7.146,1.4858478797780257,7.243736691634695
7.147,1.4857420096562068,7.129235418466024
7.148000000000001,1.4856360273053348,7.0142974982469894
7.149,1.4855299341343113,6.89893573156418
7.15,1.4854237315799383,6.7831630909946625
7.151,1.4853174211065814,6.666992717366071
7.152,1.4852110042058286,6.550437915981803
7.1530000000000005,1.4851044823961417,6.433512152804383
7.154,1.4849978572224987,6.316229050603923
7.155,1.4848911302560313,6.1986023850687815
7.156000000000001,1.484784303093658,6.080646080882403
7.157,1.4846773773577064,5.96237420776356
7.158,1.4845703546955322,5.843800976476459
7.159,1.48446323677913,5.724940734805784
7.16,1.48435602530474,5.605807963502244
7.1610000000000005,1.4842487219924476,5.486417272197414
7.162,1.4841413285857752,5.366783395290042
7.163,1.4840338468512715,5.2469211878028545
7.164000000000001,1.4839262785780918,5.126845621214358
7.165,1.483818625577576,5.006571779263254
7.166,1.4837108896828168,4.886114853729495
7.167,1.4836030727482248,4.765490140189399
7.168,1.4834951766490896,4.64471303375106
7.1690000000000005,1.4833872032811322,4.5237990247651965
7.17,1.4832791545600554,4.40276369451837
7.171,1.4831710324210852,4.281622710904941
7.172,1.4830628388185123,4.160391824081344
7.173,1.4829545757252245,4.039086862103005
7.174,1.4828462451322357,3.9177237265467255
7.175,1.4827378490482117,3.796318388115921
7.176,1.4826293894989886,3.6748868822337215
7.1770000000000005,1.4825208685270885,3.5534453046229117
7.178,1.4824122881912323,3.4320098068747598
7.179,1.482303650565844,3.3105965920066893
7.18,1.482194957740556,3.1892219100114687
7.181,1.4820862118197065,3.0679020533968924
7.182,1.4819774149218348,2.9466533527222794
7.183,1.4818685691791722,2.825492172123262
7.184,1.481759676737132,2.704434904837484
7.1850000000000005,1.4816507397537892,2.583497968723009
7.186,1.4815417603993666,2.462697801776258
7.187,1.481432740855708,2.342050857648019
7.188,1.4813236833157553,2.221573601158923
7.189,1.4812145899830178,2.1012825038163783
7.19,1.481105463071044,1.9811940393348664
7.191,1.480996304802885,1.861324679155402
7.192,1.480887117410556,1.7416908879756647
7.1930000000000005,1.4807779031345025,1.6223091192791657
7.194,1.4806686642230533,1.503195810876349
7.195,1.48055940293188,1.3843673804496461
7.196,1.4804501215234493,1.2658402211100679
7.197,1.4803408222664765,1.1476306969617553
7.198,1.480231507435374,1.029755138680045
7.199,1.4801221793097028,0.9122298390991119
7.2,1.4800128401736146,0.7950710488150605
7.2010000000000005,1.4799034923153036,0.6782949718023588
7.202,1.4797941380264457,0.5619177610468142
7.203,1.4796847796016441,0.4459555141945941
7.204,1.4795754193378718,0.33042426921790025
7.205,1.47946605953391,0.2153400001023016
7.206,1.4793567024897913,0.10071861255201497
7.207,1.479247350506239,-0.01342406028462051
7.208,1.4791380058841046,-0.12707226206454436
7.209,1.4790286709238094,-0.24021031747916766
7.21,1.478919347924781,-0.35282263645750334
7.211,1.478810039184894,-0.46489371834556437
7.212,1.4787007469999056,-0.5764081560575534
7.213,1.4785914736628978,-0.68735064020197
7.214,1.4784822214637143,-0.7977059631763268
7.215,1.4783729926884026,-0.9074590232359867
7.216,1.4782637896186508,-1.0165948285298896
7.217,1.4781546145312312,-1.1250985011061942
7.218,1.4780454696974408,-1.2329552808842408
7.219,1.477936357382546,-1.3401505295943252
7.22,1.4778272798452239,-1.4466697346834962
7.221,1.4777182393370092,-1.5524985131838491
7.222,1.477609238101741,-1.6576226155465434
7.223,1.4775002783750095,-1.7620279294376502
7.224,1.4773913623836086,-1.8657004834955302
7.225,1.4772824923449839,-1.9686264510502554
7.226,1.4771736704666893,-2.0707921538004825
7.227,1.4770648989458417,-2.172184065452811
7.228,1.4769561799685782,-2.272788815316261
7.229,1.4768475157095178,-2.3725931918557137
7.23,1.4767389083312228,-2.471584146200314
7.231,1.4766303599836645,-2.5697487956087173
7.232,1.476521872803692,-2.6670744268882345
7.233,1.4764134489145015,-2.7635484997680635
7.234,1.4763050904251125,-2.859158650224657
7.235,1.4761967994298426,-2.95389269375994
7.236,1.4760885780077888,-3.047738628631322
7.237,1.4759804282223117,-3.1406846390321164
7.238,1.4758723521205221,-3.2327190982188085
7.239,1.4757643517327714,-3.323830571592808
7.24,1.475656429072147,-3.4140078197251853
7.241,1.4755485861339708,-3.503239801332498
7.242,1.4754408248953004,-3.591515676196508
7.243,1.475333147314438,-3.678824808032857
7.244,1.475225555330438,-3.7651567673027415
7.245,1.4751180508626265,-3.850501333970527
7.246,1.4750106358101165,-3.9348485002043674
7.247,1.4749033120513362,-4.018188473022661
7.248,1.4747960814435552,-4.10051167687817
7.249,1.47468894582242,-4.181808756190591
7.25,1.4745819070014923,-4.262070577815294
7.251,1.4744749667717936,-4.34128823345587
7.252,1.4743681269013533,-4.419453042015533
7.253,1.4742613891347638,-4.496556551890038
7.254,1.474154755192741,-4.572590543196668
7.255,1.4740482267716883,-4.64754702994604
7.256,1.4739418055432694,-4.721418262147154
7.257000000000001,1.473835493153983,-4.794196727855393
7.258,1.473729291224747,-4.865875155152281
7.259,1.4736232013504864,-4.936446514066418
7.26,1.4735172250997288,-5.005904018427827
7.261,1.4734113640142037,-5.074241127659732
7.262,1.4733056196084513,-5.141451548504008
7.263,1.473199993369434,-5.2075292366830155
7.264,1.4730944867561584,-5.272468398495661
7.265000000000001,1.4729891011992993,-5.33626349234703
7.266,1.4728838381008353,-5.398909230212865
7.267,1.4727786988336862,-5.4604005790360475
7.268,1.4726736847413617,-5.5207327620586
7.269,1.4725687971376138,-5.579901260083915
7.27,1.4724640373060964,-5.63790181267278
7.271,1.4723594065000356,-5.694730419273384
7.272,1.4722549059419026,-5.750383340279399
7.273000000000001,1.472150536823095,-5.804857098024755
7.274,1.472046300303629,-5.858148477705072
7.275,1.4719421975118334,-5.910254528234844
7.276,1.471838229544056,-5.961172563032832
7.277,1.4717343974643737,-6.010900160741315
7.278,1.4716307023043145,-6.05943516587233
7.279,1.4715271450625818,-6.106775689388911
7.28,1.4714237267047914,-6.152920109214804
7.281000000000001,1.471320448163214,-6.197867070674334
7.282,1.4712173103365276,-6.241615486864319
7.283,1.4711143140895724,-6.2841645389555225
7.284,1.4710114602531217,-6.32551367642489
7.285,1.4709087496236553,-6.365662617217424
7.286,1.4708061829631427,-6.4046113478397615
7.287,1.4707037609988345,-6.442360123382969
7.288,1.470601484423064,-6.47890946747664
7.289000000000001,1.4704993538930513,-6.514260172172442
7.29,1.4703973700307242,-6.548413297759637
7.291,1.47029553342254,-6.581370172509537
7.292,1.470193844619321,-6.613132392352298
7.293,1.4700923041360947,-6.643701820484054
7.294,1.469990912451947,-6.673080586903936
7.295,1.469889670009878,-6.701271087883583
7.296,1.4697885772166723,-6.728275985368072
7.297,1.4696876344427754,-6.7540982063069634
7.298,1.4695868420221778,-6.778740941918201
7.299,1.4694862002523104,-6.802207646883687
7.3,1.469385709393947,-6.824502038476581
7.301,1.4692853696711146,-6.845628095622587
7.302,1.4691851812710173,-6.865590057890415
7.303,1.469085144343962,-6.884392424420369
7.304,1.4689852590033001,-6.902039952780754
7.305,1.4688855253253723,-6.918537657762727
7.306,1.4687859433494657,-6.93389081010551
7.307,1.4686865130777802,-6.9481049351576445
7.308,1.4685872344754016,-6.96118581147293
7.309,1.468488107470284,-6.973139469341248
7.31,1.4683891319532443,-6.983972189253905
7.311,1.4682903077779612,-6.993690500306769
7.312,1.468191634760987,-7.002301178538204
7.313,1.468093112681766,-7.009811245204318
7.314,1.4679947412826628,-7.016227964991714
7.315,1.4678965202690002,-7.021558844167544
7.316,1.467798449309105,-7.025811628667981
7.317,1.4677005280343636,-7.028994302126392
7.318,1.467602756039286,-7.031115083838799
7.319,1.4675051328815791,-7.032182426671966
7.32,1.4674076580822304,-7.032205014908257
7.321,1.4673103311255968,-7.031191762035633
7.322,1.4672131514595075,-7.029151808475817
7.323,1.4671161184953707,-7.026094519256787
7.324,1.4670192316082933,-7.022029481627442
7.325,1.4669224901372069,-7.016966502615517
7.326,1.4668258933850056,-7.01091560652921
7.327,1.4667294406186877,-7.003887032405075
7.328,1.4666331310695118,-6.995891231399909
7.329,1.4665369639331571,-6.98693886412984
7.33,1.4664409383698958,-6.977040797955112
7.331,1.4663450535047724,-6.966208104213209
7.332,1.4662493084277923,-6.954452055400779
7.333,1.466153702194118,-6.941784122303773
7.334,1.4660582338242762,-6.92821597107708
7.335,1.46596290230437,-6.9137594602761965
7.336,1.4658677065863035,-6.898426637838639
7.337,1.4657726455880122,-6.882229738018964
7.338,1.465677718193702,-6.865181178274838
7.339,1.4655829232540984,-6.8472935561095625
7.34,1.4654882595867014,-6.828579645866483
7.341,1.4653937259760499,-6.80905239548126
7.342,1.4652993211739955,-6.788724923187658
7.343,1.4652050438999829,-6.767610514184071
7.344,1.4651108928413374,-6.745722617254316
7.345,1.4650168666535641,-6.72307484135041
7.346,1.46492296396065,-6.699680952132979
7.347,1.4648291833553784,-6.675554868473952
7.348,1.4647355233996489,-6.650710658919834
7.349,1.464641982624805,-6.625162538118687
7.35,1.46454855953197,-6.598924863208296
7.351,1.4644552525923915,-6.572012130171515
7.352,1.464362060247791,-6.54443897015571
7.353,1.4642689809107206,-6.5162201457578135
7.354,1.4641760129649335,-6.487370547278118
7.355,1.4640831547657513,-6.457905188940714
7.356,1.463990404640447,-6.427839205085903
7.357,1.4638977608886323,-6.39718784632889
7.358,1.4638052217826498,-6.365966475693355
7.359,1.4637127855679757,-6.3341905647145325
7.36,1.4636204504636252,-6.301875689518226
7.361,1.463528214662571,-6.269037526871557
7.362,1.4634360763321606,-6.2356918502101735
7.363,1.463344033614545,-6.2018545256416076
7.364,1.463252084627113,-6.167541507926401
7.365,1.4631602274629332,-6.132768836437577
7.366,1.4630684601911974,-6.097552631097443
7.367,1.4629767808576744,-6.061909088298847
7.368,1.4628851874851705,-6.025854476804199
7.369,1.4627936780739914,-5.989405133629262
7.37,1.4627022506024152,-5.9525774599096195
7.371,1.4626109030271666,-5.915387916752337
7.372,1.4625196332838981,-5.877853021073378
7.373,1.4624284392876805,-5.839989341422097
7.374,1.4623373189334914,-5.801813493791627
7.375,1.4622462700967147,-5.763342137423081
7.376,1.4621552906336435,-5.72459197059365
7.377,1.4620643783819882,-5.685579726400746
7.378,1.4619735311613882,-5.646322168536386
7.379,1.4618827467739297,-5.606836087054759
7.38,1.4617920230046686,-5.567138294134722
7.381,1.4617013576221567,-5.527245619838851
7.382000000000001,1.4616107483789718,-5.487174907866205
7.383,1.4615201930122543,-5.446943011306743
7.384,1.461429689244246,-5.406566788390137
7.385,1.4613392347828342,-5.366063098239053
7.386,1.461248827322097,-5.325448796618758
7.387,1.4611584645428575,-5.284740731693731
7.388,1.461068144113236,-5.243955739782734
7.389,1.4609778636892095,-5.203110641121526
7.390000000000001,1.4608876209151722,-5.162222235629059
7.391,1.460797413424502,-5.121307298681202
7.392,1.4607072388401268,-5.080382576890813
7.393,1.4606170947750958,-5.0394647838975
7.394,1.460526978833153,-4.99857059616653
7.395,1.4604368886093146,-4.957716648797998
7.396,1.4603468216904472,-4.91691953134962
7.397,1.4602567756558493,-4.87619578366963
7.398000000000001,1.460166748077834,-4.835561891745755
7.399,1.4600767365223155,-4.795034283569208
7.4,1.4599867385493974,-4.754629325012573
7.401,1.4598967517139614,-4.714363315727908
7.402,1.4598067735662603,-4.674252485059938
7.403,1.459716801652507,-4.634312987980948
7.404,1.4596268335154734,-4.5945609010445025
7.405,1.459536866695083,-4.555012218361455
7.406000000000001,1.4594468987290086,-4.515682847595855
7.407,1.4593569271532716,-4.476588605988553
7.408,1.4592669495028363,-4.437745216400316
7.409,1.4591769633122145,-4.399168303383647
7.41,1.4590869661160615,-4.360873389279519
7.411,1.4589969554497781,-4.322875890341777
7.412,1.4589069288501118,-4.285191112889777
7.413,1.4588168838557547,-4.247834249491277
7.414000000000001,1.458726818007948,-4.210820375172688
7.415,1.4586367288510806,-4.174164443664708
7.416,1.4585466139332883,-4.13788128367699
7.417,1.4584564708070553,-4.101985595208021
7.418,1.458366297029814,-4.066491945886185
7.419,1.4582760901645413,-4.031414767349531
7.42,1.4581858477803586,-3.9967683516591563
7.421,1.458095567453126,-3.9625668477497697
7.422000000000001,1.4580052467660398,-3.928824257918677
7.423,1.457914883310226,-3.8955544343519364
7.424,1.4578244746853324,-3.8627710756928053
7.425,1.4577340185001195,-3.8304877236467405
7.426,1.4576435123730516,-3.798717759631316
7.427,1.4575529539328824,-3.767474401465819
7.428,1.4574623408192413,-3.736770700104742
7.429,1.457371670683215,-3.7066195364156727
7.43,1.4572809411879317,-3.677033617999328
7.431,1.4571901500091367,-3.6480254760586774
7.432,1.4570992948357684,-3.619607462310924
7.433,1.457008373370534,-3.5917917459481146
7.434,1.4569173833304754,-3.5645903106449595
7.435,1.456826322447541,-3.53801495161548
7.436,1.456735188469146,-3.512077272719125
7.437,1.4566439791587358,-3.4867886836157282
7.438,1.4565526922963419,-3.462160396971896
7.439,1.4564613256791357,-3.438203425719607
7.44,1.456369877121978,-3.414928580365114
7.441,1.4562783444579679,-3.392346466352137
7.442,1.4561867255389807,-3.370467481476979
7.443,1.4560950182362091,-3.3493018133599293
7.444,1.456003220440697,-3.3288594369687132
7.445,1.4559113300638664,-3.309150112199575
7.446,1.4558193450380452,-3.2901833815129606
7.447,1.455727263316985,-3.271968567626317
7.448,1.4556350828763795,-3.2545147712630467
7.449,1.455542801714372,-3.237830868961325
7.45,1.4554504178520622,-3.221925510938064
7.451,1.4553579293340078,-3.2068071190139307
7.452,1.4552653342287185,-3.1924838845982038
7.453,1.4551726306291446,-3.1789637667307318
7.454,1.4550798166531638,-3.166254490185608
7.455,1.454986890444058,-3.154363543636734
7.456,1.4548938501709863,-3.1432981778832954
7.457,1.4548006940294513,-3.1330654041361896
7.458,1.4547074202417638,-3.123671992368415
7.459,1.45461402705749,-3.115124469726439
7.46,1.4545205127539094,-3.1074291190054026
7.461,1.4544268756364485,-3.1005919771870794
7.462,1.4543331140391227,-3.0946188340411567
7.463,1.4542392263249622,-3.0895152307919744
7.464,1.454145210886435,-3.0852864588474347
7.465,1.4540510661458639,-3.0819375585938076
7.466,1.453956790555834,-3.0794733182554666
7.467,1.453862382599596,-3.077898272819965
7.468,1.4537678407914583,-3.0772167030266218
7.469,1.4536731636771778,-3.07743263442471
7.47,1.4535783498343369,-3.0785498364935506
7.471,1.4534833978727195,-3.0805718218308726
7.472,1.4533883064346746,-3.0835018454066727
7.473,1.4532930741954742,-3.087342903884931
7.474,1.453197699863663,-3.0920977350104124
7.475,1.4531021821814025,-3.097768817063141
7.476,1.453006519924803,-3.104358368378996
7.477,1.4529107119042526,-3.111868346939346
7.478,1.4528147569647343,-3.1203004500251836
7.479,1.452718653986136,-3.1296561139403565
7.48,1.4526224018835536,-3.139936513801544
7.481,1.452525999607585,-3.1511425633956947
7.482,1.4524294461446157,-3.1632749151041395
7.483,1.4523327405170943,-3.1763339598949756
7.484,1.452235881783803,-3.1903198273822113
7.485,1.452138869040119,-3.2052323859529395
7.486,1.4520417014182603,-3.221071242961102
7.487,1.4519443780875358,-3.237835744987578
7.488,1.4518468982545731,-3.255524978170797
7.489,1.451749261163548,-3.2741377685995303
7.49,1.4516514660963975,-3.293672682776929
7.491,1.451553512373029,-3.314128028149213
7.492,1.4514553993515178,-3.3355018537007055
7.493,1.4513571264282965,-3.357791950617653
7.494,1.4512586930383344,-3.3809958530146105
7.495,1.4511600986553106,-3.4051108387309057
7.496,1.4510613427917705,-3.430133930190223
7.497,1.4509624249992854,-3.456061895327494
7.498,1.4508633448685893,-3.4828912485794348
7.499,1.4507641020297144,-3.510618251942134
7.5,1.450664696152119,-3.539238916092927
7.501,1.4505651269447961,-3.5687490015756396
7.502,1.4504653941563839,-3.599144020051156
7.503,1.450365497575258,-3.630419235613388
7.504,1.4502654370296206,-3.66256966616497
7.505,1.4501652123875761,-3.695590084859461
7.506,1.4500648235571976,-3.7294750216057366
7.507000000000001,1.4499642704865852,-3.7642187646332275
7.508,1.4498635531639144,-3.799815362121052
7.509,1.449762671617472,-3.8362586238883694
7.51,1.449661625915689,-3.873542123144432
7.511,1.4495604161671543,-3.91165919830199
7.512,1.4494590425206275,-3.9506029548475965
7.513,1.4493575051650371,-3.990366267274794
7.514,1.449255804329471,-4.030941781073565
7.515000000000001,1.4491539402831546,-4.072321914782179
7.516,1.4490519133354236,-4.114498862092901
7.517,1.4489497238356819,-4.157464594018691
7.518,1.4488473721733552,-4.201210861115683
7.519,1.44874485877783,-4.245729195761513
7.52,1.448642184118385,-4.291010914490556
7.521,1.4485393487041134,-4.337047120384284
7.522,1.448436353083837,-4.383828705515214
7.523000000000001,1.4483331978460023,-4.4313463534465996
7.524,1.4482298836185798,-4.479590541783935
7.525,1.4481264110689434,-4.528551544780143
7.526,1.4480227809037434,-4.57821943599194
7.527,1.4479189938687715,-4.628584090988753
7.528,1.4478150507488152,-4.679635190110588
7.529,1.4477109523675002,-4.7313622212775925
7.53,1.4476066995871268,-4.783754482846987
7.531000000000001,1.4475022933084958,-4.836801086519827
7.532,1.4473977344707234,-4.8904909602954945
7.533,1.4472930240510478,-4.9448128514718945
7.534,1.4471881630646262,-4.999755329692462
7.535,1.4470831525643244,-5.05530679003914
7.536,1.4469779936404932,-5.111455456169082
7.537,1.4468726874207385,-5.168189383494436
7.538,1.4467672350696796,-5.225496462407648
7.539000000000001,1.4466616377887034,-5.283364421545613
7.54,1.4465558968157033,-5.3417808310971395
7.541,1.4464500134248122,-5.400733106150682
7.542,1.4463439889261276,-5.460208510080221
7.543,1.4462378246654235,-5.520194157971318
7.544,1.44613152202386,-5.580677020083968
7.545,1.4460250824176764,-5.641643925353037
7.546,1.4459185072978815,-5.703081564923224
7.547000000000001,1.445811798149933,-5.7649764957214416
7.548,1.4457049564934081,-5.8273151440609325
7.549,1.4455979838816657,-5.890083809280014
7.55,1.445490881901499,-5.9532686674122175
7.551,1.4453836521727843,-6.01685577488837
7.552,1.4452762963481143,-6.080831072268921
7.553,1.445168816112429,-6.14518038800513
7.554,1.4450612131826368,-6.2098894422287145
7.555,1.4449534893072247,-6.274943850570281
7.556,1.4448456462658663,-6.340329128001258
7.557,1.4447376858690157,-6.406030692705585
7.558,1.4446296099574982,-6.472033869970787
7.559,1.444521420402089,-6.5383238961067605
7.56,1.4444131191030913,-6.6048859223849945
7.561,1.444304707989896,-6.67170501899858
7.562,1.4441961890205464,-6.738766179044788
7.563,1.4440875641812854,-6.806054322524346
7.564,1.4439788354861016,-6.873554300361931
7.565,1.4438700049762643,-6.941250898441297
7.566,1.4437610747198555,-7.0091288416579545
7.567,1.4436520468112914,-7.077172797987544
7.568,1.4435429233708386,-7.1453673825667465
7.569,1.4434337065441236,-7.213697161789071
7.57,1.4433243985016369,-7.282146657411118
7.571,1.4432150014382263,-7.3507003506713176
7.572,1.44310551757259,-7.41934268641657
7.573,1.4429959491467594,-7.488058077240851
7.574,1.442886298425575,-7.556830907627955
7.575,1.4427765676961601,-7.625645538103896
7.576,1.4426667592673865,-7.6944863093930564
7.577,1.4425568754693325,-7.763337546580189
7.578,1.4424469186527389,-7.832183563274683
7.579,1.4423368911884575,-7.901008665778946
7.58,1.4422267954668946,-7.9697971572560675
7.581,1.4421166338974483,-8.03853334189948
7.582,1.4420064089079425,-8.107201529101062
7.583,1.4418961229440552,-8.175786037617144
7.584,1.44178577846874,-8.24427119973214
7.585,1.441675377961646,-8.312641365417647
7.586,1.4415649239185329,-8.38088090648722
7.587,1.4414544188506768,-8.448974220743267
7.588,1.4413438652842785,-8.516905736119256
7.589,1.4412332657598634,-8.584659914811454
7.59,1.4411226228316782,-8.652221257401294
7.591,1.4410119390670841,-8.71957430697016
7.592,1.4409012170459459,-8.786703653198572
7.593,1.4407904593600187,-8.853593936455425
7.594,1.4406796686123275,-8.920229851873017
7.595,1.4405688474165497,-8.986596153407689
7.596,1.4404579983963874,-9.052677657883606
7.597,1.4403471241849426,-9.118459249021427
7.598,1.4402362274240859,-9.183925881447664
7.599,1.4401253107638223,-9.249062584686357
7.6,1.4400143768616585,-9.313854467130326
7.601,1.4399034283819632,-9.37828671999084
7.602,1.4397924679953267,-9.442344621227505
7.603,1.4396814983779198,-9.50601353945261
7.604,1.439570522210848,-9.569278937813095
7.605,1.439459542179507,-9.632126377847598
7.606,1.4393485609729324,-9.694541523316985
7.607,1.4392375812831542,-9.756510144008118
7.608,1.439126605804542,-9.818018119509489
7.609,1.4390156372331568,-9.879051442959309
7.61,1.4389046782660957,-9.939596224761047
7.611,1.4387937316008383,-9.999638696271461
7.612,1.4386827999345937,-10.059165213453667
7.613,1.4385718859636432,-10.118162260500384
7.614,1.4384609923826868,-10.176616453421104
7.615,1.4383501218841863,-10.234514543596319
7.616,1.4382392771577104,-10.291843421295553
7.617,1.4381284608892766,-10.348590119158757
7.618,1.4380176757606984,-10.404741815641117
7.619,1.4379069244489278,-10.46028583841941
7.62,1.4377962096254024,-10.515209667758242
7.621,1.4376855339553902,-10.569500939838662
7.622,1.4375749000973357,-10.623147450043177
7.623,1.4374643107022098,-10.676137156201293
7.624,1.4373537684128568,-10.728458181791211
7.625,1.4372432758633462,-10.780098819099095
7.626,1.4371328356783222,-10.831047532333614
7.627,1.4370224504723597,-10.881292960694907
7.628,1.4369121228493178,-10.930823921400261
7.629,1.436801855401697,-10.979629412659904
7.63,1.4366916507099998,-11.027698616607523
7.631,1.4365815113420894,-11.075020902183297
7.632000000000001,1.4364714398525564,-11.121585827965347
7.633,1.4363614387820836,-11.16738314495501
7.634,1.436251510656815,-11.212402799309416
7.635,1.4361416579877293,-11.256634935023598
7.636,1.4360318832700136,-11.300069896561311
7.637,1.435922188982441,-11.342698231433886
7.638,1.4358125775867547,-11.38451069272493
7.639,1.4357030515270508,-11.425498241562138
7.640000000000001,1.4355936132291673,-11.465652049533787
7.641,1.4354842651000774,-11.504963501052188
7.642,1.4353750095272855,-11.543424195659057
7.643,1.435265848878227,-11.581025950276285
7.644,1.4351567854996745,-11.617760801400635
7.645,1.435047821717145,-11.653621007238357
7.646,1.4349389598343156,-11.688599049784216
7.647,1.4348302021324404,-11.722687636842224
7.648000000000001,1.4347215508697737,-11.755879703985528
7.649,1.434613008280999,-11.788168416457879
7.65,1.4345045765766609,-11.819547171015813
7.651,1.4343962579426055,-11.85000959770899
7.652,1.4342880545394212,-11.8795495616002
7.653,1.4341799685018908,-11.908161164424612
7.654,1.4340720019384456,-11.93583874618568
7.655,1.4339641569306258,-11.962576886690613
7.656000000000001,1.4338564355325476,-11.988370407021392
7.657,1.433748839770376,-12.013214370944382
7.658,1.433641371641803,-12.03710408625497
7.659,1.4335340331155346,-12.060035106059843
7.66,1.4334268261307828,-12.082003229994342
7.661,1.433319752596759,-12.103004505375381
7.662,1.433212814392187,-12.123035228290306
7.663,1.4331060133648088,-12.142091944619807
7.664000000000001,1.4329993513309063,-12.160171450996017
7.665,1.4328928300748258,-12.177270795694966
7.666,1.4327864513485136,-12.193387279463522
7.667,1.4326802168710526,-12.208518456280132
7.668,1.4325741283282152,-12.222662134048335
7.669,1.4324681873720142,-12.235816375225838
7.67,1.4323623956202698,-12.247979497385742
7.671,1.4322567546561773,-12.25915007371097
7.672000000000001,1.4321512660278894,-12.269326933421766
7.673,1.4320459312481,-12.27850916213744
7.674,1.431940751793641,-12.286696102169074
7.675,1.4318357291050858,-12.293887352746552
7.676,1.4317308645863591,-12.300082770177582
7.677,1.43162615960436,-12.305282467940188
7.678,1.4315216154885868,-12.309486816706453
7.679,1.4314172335307773,-12.312696444300286
7.68,1.4313130149845525,-12.314912235587315
7.681,1.431208961065074,-12.316135332296625
7.682,1.4311050729487036,-12.316367132777302
7.683,1.4310013517726807,-12.315609291685305
7.684,1.4308977986347995,-12.313863719604058
7.685,1.4307944145931037,-12.311132582599598
7.686,1.4306912006655839,-12.307418301705255
7.687,1.4305881578298885,-12.302723552343167
7.688,1.430485287023042,-12.297051263675797
7.689,1.4303825891411734,-12.290404617893941
7.69,1.4302800650392553,-12.282787049434972
7.691,1.43017771553085,-12.274202244138394
7.692,1.4300755413878672,-12.264654138332318
7.693,1.4299735433403316,-12.254146917856744
7.694,1.4298717220761592,-12.242685017017976
7.695,1.4297700782409453,-12.230273117482767
7.696,1.42966861243776,-12.216916147101529
7.697,1.4295673252269556,-12.202619278671563
7.698,1.4294662171259835,-12.18738792863357
7.699,1.4293652886092214,-12.171227755704464
7.7,1.4292645401078117,-12.15414465944589
7.701,1.4291639720095053,-12.136144778772064
7.702,1.4290635846585245,-12.117234490389393
7.703,1.4289633783554279,-12.097420407180053
7.704,1.4288633533569886,-12.07670937651713
7.705,1.428763509876087,-12.055108478521646
7.706,1.4286638480816043,-12.032625024257314
7.707,1.428564368098338,-12.009266553865004
7.708,1.428465070006919,-11.98504083463493
7.709,1.428365953843744,-11.95995585902051
7.71,1.4282670196009162,-11.934019842592747
7.711,1.4281682672261986,-11.907241221934612
7.712,1.4280696966229756,-11.879628652478132
7.713,1.4279713076502278,-11.851191006283202
7.714,1.4278731001225147,-11.821937369758643
7.715,1.4277750738099708,-11.791877041327112
7.716,1.4276772284383108,-11.76101952903366
7.717,1.4275795636888449,-11.729374548099685
7.718,1.4274820791985072,-11.696952018419907
7.719,1.4273847745598924,-11.663762062006981
7.72,1.427287649321305,-11.62981500038191
7.721,1.4271907029868176,-11.595121351911246
7.722,1.4270939350163412,-11.559691829092046
7.723,1.4269973448257052,-11.523537335786173
7.724,1.42690093178675,-11.486668964401417
7.725,1.4268046952274276,-11.449097993026442
7.726,1.4267086344319149,-11.410835882510966
7.727,1.4266127486407376,-11.371894273502605
7.728,1.4265170370509024,-11.332284983432189
7.729,1.4264214988160435,-11.292020003453018
7.73,1.4263261330465768,-11.251111495334044
7.731,1.426230938809866,-11.209571788306889
7.732,1.4261359151303992,-11.167413375869401
7.733,1.4260410609899752,-11.124648912542824
7.734,1.4259463753279014,-11.081291210588091
7.735,1.425851857041202,-11.037353236679323
7.736,1.4257575049848343,-10.99284810853419
7.737,1.42566331797192,-10.947789091506863
7.738,1.425569294773983,-10.902189595137727
7.739,1.4254754341211977,-10.856063169666754
7.74,1.4253817347026492,-10.809423502508793
7.741,1.4252881951666048,-10.762284414689887
7.742,1.4251948141207897,-10.714659857249728
7.743,1.4251015901326822,-10.666563907607525
7.744,1.4250085217298085,-10.618010765894326
7.745,1.4249156074000555,-10.5690147512518
7.746,1.42482284559199,-10.519590298098308
7.747,1.4247302347151884,-10.469751952363737
7.748,1.4246377731405757,-10.419514367694717
7.749,1.4245454592007742,-10.368892301629188
7.75,1.4244532911904644,-10.317900611742573
7.751,1.4243612673667487,-10.266554251767758
7.752,1.4242693859495354,-10.214868267686867
7.753,1.4241776451219195,-10.162857793799105
7.754,1.4240860430305828,-10.110538048762123
7.755,1.4239945777861995,-10.057924331612298
7.756,1.4239032474638489,-10.005032017761664
7.757000000000001,1.423812050103441,-9.951876554971648
7.758,1.423720983710148,-9.898473459309201
7.759,1.4236300462548481,-9.844838311083066
7.76,1.4235392356745722,-9.790986750759131
7.761,1.4234485498729665,-9.736934474862764
7.762,1.4233579867207575,-9.682697231860786
7.763,1.4232675440562306,-9.628290818032198
7.764,1.4231772196857124,-9.573731073321156
7.765000000000001,1.4230870113840641,-9.519033877180462
7.766,1.4229969168951826,-9.464215144400939
7.767,1.422906933932509,-9.409290820930792
7.768,1.4228170601795458,-9.35427687968415
7.769,1.4227272932903814,-9.299189316343714
7.77,1.4226376308902215,-9.244044145152046
7.771,1.4225480705759312,-9.188857394700278
7.772,1.4224586099165792,-9.133645103708076
7.773000000000001,1.4223692464539963,-9.078423316801718
7.774,1.4222799777033321,-9.023208080287603
7.775,1.4221908011536302,-8.968015437924663
7.776,1.4221017142683983,-8.912861426694732
7.777,1.4220127144861954,-8.857762072574076
7.778,1.421923799221218,-8.802733386305164
7.779,1.421834965863898,-8.747791359171885
7.78,1.4217462117815047,-8.692951958777059
7.781000000000001,1.421657534318752,-8.6382311248247
7.782,1.4215689307984165,-8.583644764908584
7.783,1.4214803985219546,-8.529208750306978
7.784,1.4213919347701318,-8.47493891178489
7.785,1.4213035368036537,-8.420851035406073
7.786,1.4212152018638058,-8.366960858353437
7.787,1.4211269271730942,-8.313284064762698
7.788,1.4210387099358965,-8.259836281566123
7.789000000000001,1.4209505473391162,-8.206633074351828
7.79,1.4208624365528384,-8.153689943233516
7.791,1.420774374730997,-8.101022318741059
7.792,1.4206863590120404,-8.04864555772248
7.793,1.4205983865196068,-7.996574939266239
7.794,1.4205104543631994,-7.94482566064174
7.795,1.4204225596388698,-7.893412833259376
7.796,1.4203346994299009,-7.842351478649903
7.797000000000001,1.4202468708074991,-7.791656524469246
7.798,1.420159070831486,-7.741342800521082
7.799,1.420071296550996,-7.691425034809086
7.8,1.419983545005176,-7.641917849607424
7.801,1.4198958132238875,-7.592835757564799
7.802,1.4198080982284165,-7.54419315782782
7.803,1.419720397032179,-7.496004332198055
7.804,1.419632706641437,-7.448283441316221
7.805000000000001,1.4195450240560104,-7.401044520874791
7.806,1.4194573462699949,-7.354301477864766
7.807,1.4193696702724827,-7.308068086851037
7.808,1.4192819930482834,-7.262357986283973
7.809,1.4191943115786458,-7.217184674841775
7.81,1.4191066228419866,-7.172561507811267
7.811,1.4190189238146134,-7.12850169350088
7.812,1.418931211471456,-7.085018289693096
7.813,1.418843482786794,-7.0421242001345234
7.814,1.418755734734988,-6.999832171062536
7.815,1.4186679642912103,-6.9581547877740775
7.816,1.4185801684321784,-6.917104471233046
7.817,1.4184923441368857,-6.876693474721364
7.818,1.418404488387337,-6.836933880528846
7.819,1.4183165981692776,-6.797837596690357
7.82,1.418228670472932,-6.7594163537645215
7.821,1.4181407022937318,-6.7216817016574595
7.822,1.4180526906330522,-6.684645006492488
7.823,1.4179646324989406,-6.648317447528584
7.824,1.4178765249068523,-6.6127100141222
7.825,1.4177883648803766,-6.577833502741385
7.826,1.4177001494519708,-6.543698514025735
7.827,1.4176118756636846,-6.510315449899025
7.828,1.4175235405678899,-6.477694510729634
7.829,1.417435141228005,-6.44584569254495
7.83,1.4173466747192192,-6.414778784296416
7.831,1.4172581381292118,-6.3845033651781335
7.832,1.4171695285588766,-6.355028801997847
7.833,1.417080843123035,-6.326364246604044
7.834,1.4169920789511525,-6.298518633366811
7.835,1.4169032331880524,-6.271500676714965
7.836,1.416814302994622,-6.245318868729768
7.837,1.4167252855485242,-6.219981476794246
7.838,1.4166361780448957,-6.195496541302006
7.839,1.4165469776970514,-6.171871873423555
7.84,1.416457681737178,-6.149115052931123
7.841,1.4163682874170302,-6.12723342608426
7.842,1.4162787920086175,-6.106234103573257
7.843,1.4161891928048898,-6.086123958526628
7.844,1.4160994871204204,-6.066909624575615
7.845,1.4160096722920807,-6.048597493984801
7.846,1.4159197456797141,-6.031193715841482
7.847,1.415829704666802,-6.014704194309971
7.848,1.4157395466611291,-5.999134586947747
7.849,1.4156492690954396,-5.984490303087412
7.85,1.4155588694280898,-5.970776502279307
7.851,1.415468345143697,-5.957998092803194
7.852,1.4153776937537799,-5.94615973024095
7.853,1.4152869127973977,-5.935265816118303
7.854,1.4151959998417762,-5.925320496609359
7.855,1.4151049524829373,-5.9163276613090545
7.856,1.4150137683463149,-5.908290942072739
7.857,1.414922445087367,-5.901213711920477
7.858,1.4148309803921837,-5.895099084011093
7.859,1.4147393719780843,-5.889949910682645
7.86,1.414647617594212,-5.885768782560277
7.861,1.414555715022118,-5.882558027733992
7.862,1.4144636620763404,-5.880319711002059
7.863,1.414371456604979,-5.879055633185928
7.864,1.4142790964902543,-5.878767330512488
7.865,1.414186579649069,-5.8794560740658
7.866,1.4140939040335556,-5.88112286930739
7.867,1.4140010676316175,-5.883768455666683
7.868,1.413908068467463,-5.887393306201972
7.869,1.4138149046021335,-5.891997627328919
7.87,1.4137215741340166,-5.897581358620073
7.871,1.4136280751993586,-5.904144172674066
7.872,1.4135344059727664,-5.911685475056331
7.873,1.413440564667696,-5.92020440430673
7.874,1.4133465495369397,-5.929699832020347
7.875,1.4132523588730999,-5.940170362996355
7.876,1.413157991009055,-5.951614335458217
7.877,1.4130634443184182,-5.96402982134417
7.878,1.4129687172159815,-5.977414626665919
7.879,1.412873808158158,-5.991766291940024
7.88,1.4127787156434104,-6.007082092687298
7.881,1.4126834382126692,-6.023359040003697
7.882000000000001,1.4125879744497447,-6.040593881198305
7.883,1.412492322981726,-6.05878310050511
7.884,1.4123964824793724,-6.077922919860555
7.885,1.4123004516574946,-6.098009299752192
7.886,1.4122042292753232,-6.1190379401368915
7.887,1.412107814136872,-6.141004281427868
7.888,1.412011205091285,-6.163903505548646
7.889,1.4119144010331792,-6.187730537059011
7.890000000000001,1.4118174009029731,-6.21248004434662
7.891,1.4117202036872056,-6.238146440887817
7.892,1.4116228084188422,-6.264723886575197
7.893,1.411525214177578,-6.292206289115612
7.894,1.4114274200901178,-6.320587305491387
7.895,1.4113294253304576,-6.349860343491528
7.896,1.4112312291201474,-6.3800185633071465
7.897,1.4111328307285438,-6.411054879195788
7.898000000000001,1.411034229473057,-6.442961961207629
7.899,1.4109354247193773,-6.475732236981827
7.9,1.4108364158817,-6.509357893603465
7.901,1.4107372024229328,-6.5438308795280875
7.902,1.4106377838548931,-6.5791429065682365
7.903,1.4105381597384958,-6.615285451944814
7.904,1.410438329683927,-6.652249760401219
7.905,1.4103382933508077,-6.690026846380334
7.906000000000001,1.4102380504483463,-6.728607496262015
7.907,1.4101376007354776,-6.76798227066557
7.908,1.4100369440209928,-6.808141506809108
7.909,1.409936080163652,-6.849075320932485
7.91,1.4098350090722962,-6.890773610778638
7.911,1.4097337307059326,-6.933226058134608
7.912,1.409632245073822,-6.976422131430795
7.913,1.4095305522355435,-7.020351088399053
7.914000000000001,1.4094286523010549,-7.065001978786711
7.915,1.4093265454307362,-7.110363647128992
7.916,1.4092242318354233,-7.156424735576422
7.917,1.4091217117764308,-7.203173686778058
7.918,1.4090189855655582,-7.250598746818156
7.919,1.4089160535650909,-7.298687968209094
7.92,1.4088129161877818,-7.347429212935154
7.921,1.408709573896827,-7.396810155549758
7.922000000000001,1.4086060272058247,-7.446818286324245
7.923,1.4085022766787263,-7.497440914448063
7.924,1.4083983229297705,-7.548665171277719
7.925,1.4082941666234108,-7.600478013637087
7.926,1.408189808474225,-7.652866227163216
7.927,1.4080852492468183,-7.705816429703418
7.928,1.4079804897557104,-7.75931507475579
7.929,1.4078755308652118,-7.813348454958245
7.930000000000001,1.4077703734892868,-7.867902705620736
7.931,1.4076650185914088,-7.922963808302654
7.932,1.407559467184397,-7.978517594434322
7.933,1.407453720330246,-8.034549748978407
7.934,1.407347779139942,-8.091045814135526
7.935,1.4072416447732665,-8.147991193088728
7.936,1.4071353184385882,-8.205371153788747
7.937,1.407028801392644,-8.26317083277604
7.938,1.4069220949403058,-8.32137523904295
7.939,1.4068152004343408,-8.379969257931236
7.94,1.4067081192751505,-8.438937655064933
7.941,1.4066008529105092,-8.49826508031984
7.942,1.4064934028352818,-8.557936071824201
7.943,1.406385770591135,-8.617935059994679
7.944,1.4062779577662354,-8.678246371602057
7.945,1.4061699659949354,-8.738854233869034
7.946,1.4060617969574487,-8.799742778596979
7.947,1.4059534523795136,-8.8608960463215
7.948,1.4058449340320462,-8.922297990495636
7.949,1.4057362437307803,-8.98393248169964
7.95,1.4056273833358983,-9.045783311875255
7.951,1.4055183547516477,-9.1078341985871
7.952,1.4054091599259522,-9.170068789303002
7.953,1.4052998008500048,-9.232470665701243
7.954,1.4051902795578557,-9.295023347994686
7.955,1.4050805981259864,-9.357710299278324
7.956,1.4049707586728735,-9.420514929892718
7.957,1.404860763358543,-9.483420601808518
7.958,1.4047506143841115,-9.546410633024095
7.959,1.4046403139913215,-9.609468301981536
7.96,1.40452986446206,-9.672576851995387
7.961,1.4044192681178724,-9.73571949569535
7.962,1.404308527319465,-9.798879419480201
7.963,1.4041976444661928,-9.862039787984486
7.964,1.4040866219955448,-9.925183748553252
7.965,1.4039754623826142,-9.988294435726573
7.966,1.40386416813956,-10.051354975729893
7.967,1.403752741815059,-10.11434849097364
7.968,1.4036411859937514,-10.177258104555207
7.969,1.4035295032956696,-10.24006694476634
7.97,1.403417696375666,-10.302758149603036
7.971,1.4033057679228265,-10.365314871277775
7.972,1.403193720659877,-10.427720280731151
7.973,1.4030815573425792,-10.489957572143638
7.974,1.40296928075912,-10.55200996744503
7.975,1.402856893729492,-10.61386072082226
7.976,1.4027443991048618,-10.675493123220775
7.977,1.4026317997669353,-10.736890506842457
7.978,1.4025190986273106,-10.798036249635999
7.979,1.4024062986268258,-10.858913779781005
7.98,1.4022934027348972,-10.919506580160828
7.981,1.4021804139488478,-10.979798192827943
7.982,1.4020673352932347,-11.039772223456737
7.983,1.401954169819159,-11.09941234578369
7.984,1.4018409206035793,-11.158702306035536
7.985,1.4017275907486104,-11.217625927341203
7.986,1.4016141833808158,-11.276167114128214
7.987,1.4015007016504968,-11.334309856504007
7.988,1.4013871487309724,-11.392038234615399
7.989,1.4012735278178527,-11.449336422992275
7.99,1.4011598421283058,-11.506188694869522
7.991,1.40104609490032,-11.562579426486678
7.992,1.4009322893919587,-11.618493101365729
7.993,1.4008184288806076,-11.673914314565877
7.994,1.40070451666222,-11.728827776910393
7.995,1.4005905560505552,-11.78321831919115
7.996,1.4004765503764085,-11.83707089634369
7.997,1.4003625029868398,-11.890370591593665
7.998,1.4002484172443954,-11.943102620575758
7.999,1.4001342965263268,-11.995252335420119
8.0,1.4000201442237998,-12.04680522880848
