frequency_Hz,fft_magnitude_mA,power_mA2
0.0,3060379.1361087738,9365920456729.885
0.061035156249999944,3832842.9112395765,14690684782239.473
0.12207031249999989,3864250.94729829,14932435383695.732
0.18310546874999983,3491398.1432188028,12189860994471.703
0.24414062499999978,2878137.7390190377,8283676844765.618
0.3051757812499997,2358653.862411524,5563248042668.801
0.36621093749999967,1936470.4392333003,3749917762024.411
0.4272460937499996,1480507.6568489352,2191902921988.3245
0.48828124999999956,1068966.4638484553,1142689300832.671
0.5493164062499996,813552.6857702418,661867972523.9738
0.6103515624999994,637179.130210808,405997243976.20184
0.6713867187499993,459666.7299702622,211293502641.55396
0.7324218749999993,340832.0728204029,116166501863.05243
0.7934570312499993,304126.31994425453,92492818482.83507
0.8544921874999992,266180.31898674485,70851962215.88524
0.9155273437499991,206688.1372008124,42719986059.541855
0.9765624999999991,185394.1491151161,34370990526.117905
1.0375976562499991,190976.72073375466,36472107862.21851
1.0986328124999991,166037.36451154217,27568406413.93872
1.159667968749999,132105.26386175078,17451800739.982796
1.220703124999999,132201.01328343738,17477107913.167587
1.281738281249999,133531.0780686175,17830548810.16722
1.3427734374999987,106424.51957986843,11326178367.8058
1.4038085937499987,89099.28010137637,7938681714.583523
1.4648437499999987,97688.15250928194,9542975140.676727
1.5258789062499987,92192.2524329236,8499411408.655909
1.5869140624999987,69241.05594288207,4794323828.085324
1.6479492187499984,66576.21763439928,4432392754.502897
1.7089843749999984,75888.51208706708,5759066266.788926
1.7700195312499984,64282.46156340653,4132234864.6508374
1.8310546874999982,48838.8010237894,2385228485.4412923
1.8920898437499982,55280.98699285839,3055987522.904578
1.9531249999999982,59623.85126982941,3555003640.246738
2.0141601562499982,44780.08477730462,2005255992.6625888
2.0751953124999982,38250.299484059746,1463085410.6202612
2.1362304687499982,48009.1511615109,2304878595.248803
2.1972656249999982,45527.07580539446,2072714631.3901336
2.258300781249998,31671.177639869835,1003063493.096191
2.319335937499998,33355.14501402508,1112565698.9066422
2.380371093749998,41537.57116632184,1725369818.3972514
2.441406249999998,33345.11044769097,1111896390.7687094
2.502441406249998,24083.88951244158,580033734.0474935
2.563476562499998,31196.059957376725,973194156.8642435
2.624511718749998,34592.20160690657,1196620412.0128696
2.6855468749999973,23651.391521056958,559388320.8823249
2.7465820312499973,20802.347645076155,432737667.54660547
2.8076171874999973,29503.86438101043,870478013.4130559
2.8686523437499973,27116.81491661226,735321651.2218052
2.9296874999999973,17027.441359807206,289933759.2616731
2.9907226562499973,20216.103063607472,408690823.0783994
3.0517578124999973,26890.602677334355,723104512.3502616
3.1127929687499973,19853.780488131895,394172599.67092675
3.1738281249999973,13625.380818975376,185651002.4621021
3.234863281249997,20631.94975460346,425677350.67648184
3.295898437499997,22896.294068605504,524240282.0760596
3.356933593749997,13828.98663868591,191240871.45295343
3.417968749999997,12927.26221846666,167114108.46499553
3.479003906249997,20618.649575843207,425128710.3314192
3.540039062499997,17870.167881785233,319342900.12318856
3.601074218749997,9887.313557982556,97758969.39386566
3.6621093749999964,13859.682354320581,192090794.9626653
3.7231445312499964,19282.385841229057,371810403.73003083
3.7841796874999964,12697.39186328294,161223760.12976384
3.8452148437499964,8344.013663561325,69622564.0176981
3.9062499999999964,15157.007468705337,229734875.40638936
3.9672851562499964,16419.082928314274,269586284.20686126
4.0283203124999964,8423.897489379317,70962048.91157115
4.0893554687499964,8814.904206059859,77702536.16201179
4.1503906249999964,15702.648744341124,246573177.5881579
4.2114257812499964,12482.237817739317,155806260.93860158
4.2724609374999964,5881.267453050678,34589306.85431321
4.3334960937499964,10403.06519424027,108223765.43561333
4.3945312499999964,14812.775283953979,219418311.61291787
4.455566406249996,8365.997660179197,69989916.8501238
4.516601562499996,5361.810762416263,28749014.65196287
4.577636718749996,12033.097833367732,144795443.4673992
4.638671874999996,12407.049651651449,153934881.05854434
4.699707031249996,5077.296475585307,25778939.500990983
4.760742187499996,6475.067303845655,41926496.589331046
4.821777343749996,12742.429519131209,162369510.0500264
4.882812499999996,8992.120553210578,80858232.04347211
4.943847656249996,3400.163315863022,11561110.57454062
5.004882812499996,8405.363253671298,70650131.42616774
5.065917968749996,11966.270564164357,143191631.21478635
5.126953124999996,5461.929665686898,29832675.672910593
5.187988281249996,3547.5753862253255,12585291.120951768
5.249023437499996,10168.771646123232,103403916.79099979
5.310058593749996,9708.864463870646,94262049.17781025
5.371093749999995,2794.150399747908,7807276.456411394
5.432128906249995,5084.735678914862,25854536.924429778
5.493164062499995,10881.553864609312,118408214.50839385
5.554199218749995,6525.243369599149,42578801.03249766
5.615234374999995,1744.7176915986834,3044039.8233774384
5.676269531249995,7247.402209240436,52524838.78250315
5.737304687499995,10056.38146089757,101130808.08708434
5.798339843749995,3324.0609483515877,11049381.188356057
5.859374999999995,2384.052232449707,5683705.047048432
5.920410156249995,9076.521056686748,82383234.49247792
5.981445312499995,7768.057195065754,60342712.58581283
6.042480468749995,1087.8737908964538,1183469.3849194213
6.103515624999995,4265.175645662614,18191723.2883535
6.164550781249995,9720.072679315224,94479812.89117025
6.225585937499995,4628.130328595346,21419590.33846407
6.286621093749995,653.577289133274,427163.27287079924
6.347656249999995,6650.012639179747,44222668.10125038
6.408691406249994,8741.97952029295,76422205.93322137
6.469726562499994,1582.4589883206254,2504176.449716737
6.530761718749994,1603.5621909147897,2571411.70013144
6.591796874999994,8540.970380312836,72948175.03738119
6.652832031249994,6281.416160882381,39456188.98619434
6.713867187499994,451.8238393563624,204144.78181072397
6.774902343749994,3842.5804642858416,14765424.624511193
6.835937499999994,9078.814850899429,82424879.09691203
6.896972656249994,3021.6212987149243,9130195.272847665
6.958007812499994,794.9111123397413,631883.6765212048
7.019042968749994,6514.404175533881,42437461.76221327
7.080078124999994,7852.796877259567,61666418.7954976
7.141113281249994,85.74365404081858,7351.974208271585
7.202148437499994,1043.8359654868655,1089593.5228438966
7.263183593749994,8514.907851697513,72503655.72289996
7.324218749999993,5060.065128570905,25604259.105379283
7.385253906249993,1827.9697620784455,3341473.4510731283
7.446289062499993,3771.7232769698985,14225896.478036549
7.507324218749993,8930.964066840543,79762119.16319697
7.568359374999993,1490.3055647087697,2221010.6762019247
7.629394531249993,1701.8836992211088,2896408.1256745257
7.690429687499993,6900.2250679246235,47613105.988015376
7.751464843749993,7335.22466288948,53805520.85506208
7.812499999999993,1818.393032830626,3306553.221846962
7.873535156249993,575.3507128012328,331028.44272088667
7.934570312499993,9148.09648904538,83687669.37288441
7.995605468749993,3966.0427110795445,15729494.786107183
8.056640624999993,3554.5298564247496,12634682.500214951
8.117675781249993,4157.897302190233,17288109.975560818
8.178710937499993,9456.284434667929,89421315.30934295
8.239746093749993,779.5426908170051,607686.8068062168
8.300781249999993,2947.4362339469185,8687380.353183193
8.361816406249993,8164.800804357072,66663972.174829885
8.422851562499993,7291.510433532653,53166124.40231554
8.483886718749993,4315.720105250786,18625440.02686586
8.544921874999993,324.17332420933303,105088.34412892934
8.605957031249993,11154.10972884492,124414163.8431129
8.666992187499993,3050.2672547252296,9304130.325248988
8.728027343749993,6449.687367009594,41598467.132163145
8.789062499999993,5847.8648991647515,34197523.87888317
8.850097656249991,11783.610787526244,138853483.19190487
8.911132812499991,5143.118752738081,26451670.50476611
8.972167968749991,6387.419218943518,40799124.27852902
9.033203124999991,11757.097851428387,138229349.888062
9.094238281249991,7985.820431749347,63773327.96814533
9.155273437499991,10101.64310424475,102043193.40553549
9.216308593749991,4960.018851957988,24601787.011778638
9.277343749999991,19779.74913205619,391238475.7270776
9.338378906249991,10180.578863222194,103644185.9902865
9.399414062499991,15222.35093147183,231719967.8808813
9.460449218749991,14120.180529563188,199379498.18745533
9.521484374999991,29129.92260103386,848552390.7422234
9.582519531249991,46931.580800789714,2202573276.461054
9.643554687499991,88128.71023578453,7766669567.822873
9.704589843749991,145064.21763156014,21043627237.056644
9.765624999999991,202693.84922868054,41084796515.13908
9.826660156249991,268571.2185682447,72130499443.23187
9.887695312499991,312811.56378773187,97851074439.32625
9.948730468749991,393168.2529402472,154581275120.08618
10.009765624999991,445562.5675364931,198526001589.712
10.070800781249991,358327.34123574774,128398483477.08
10.131835937499991,301275.8564558221,90767141683.18913
10.192871093749991,246392.68763355515,60709356519.28668
10.253906249999991,184699.52328144413,34113913900.39272
10.314941406249991,124062.4951277186,15391502697.315203
10.375976562499991,74821.82384556146,5598305323.57623
10.437011718749991,35030.558808516624,1227140050.4369416
10.498046874999991,26449.624617429294,699582642.4029217
10.559082031249991,5908.382737744674,34908986.57567925
10.620117187499991,14053.212176526999,197492772.4784867
10.681152343749991,12968.191151707935,168173981.74723598
10.74218749999999,14678.774138026582,215466410.195198
10.80322265624999,6672.024204671586,44515906.98772351
10.86425781249999,5140.876151769608,26428607.607833497
10.92529296874999,9898.095758518877,97972299.64480938
10.98632812499999,5578.340486995842,31117882.58885701
11.04736328124999,7643.671179392174,58425709.09867055
11.10839843749999,3704.6609000691487,13724512.384501155
11.16943359374999,9441.721100003786,89146097.3302567
11.23046874999999,1747.1843472149233,3052653.1431528376
11.29150390624999,4681.6752822560775,21918083.448487524
11.35253906249999,5173.075590195287,26760711.06187432
11.41357421874999,6268.997563725524,39300330.453996554
11.47460937499999,2752.5034047396916,7576274.9931035945
11.53564453124999,1483.3952170631408,2200461.3700058027
11.59667968749999,6384.542632288631,40762384.62351104
11.65771484374999,2705.9704697347797,7322276.183076665
11.71874999999999,3352.6036935199445,11239951.525803573
11.77978515624999,1913.7825005245418,3662563.4593139677
11.84082031249999,5764.460259186378,33229002.079739083
11.90185546874999,250.0912083906443,62545.61251429268
11.96289062499999,2201.646940045538,4847249.248611881
12.02392578124999,3947.885281749647,15585798.197855491
12.08496093749999,3910.4177620463142,15291367.073727304
12.14599609374999,1765.737459945001,3117828.7774530244
12.20703124999999,480.8287209060942,231196.25884819063
12.26806640624999,4679.089378469546,21893877.411706526
12.32910156249999,1654.8065084181073,2738384.5803029276
12.39013671874999,1962.7057965216154,3852214.0436995486
12.45117187499999,1967.3906353968862,3870625.9122473635
12.51220703124999,4124.516816625923,17011638.970630035
12.57324218749999,242.43304109026093,58773.779412272146
12.63427734374999,1054.3982707299206,1111755.7133182469
12.69531249999999,3303.8990331835175,10915748.821470981
12.756347656249988,2723.9909966590517,7420126.949879574
12.817382812499988,1219.8861570989613,1488122.2362816718
12.878417968749988,562.2510222499486,316126.2120211122
12.939453124999988,3679.4069627070667,13538035.597217241
13.000488281249988,1091.9254106754552,1192301.1024787615
13.061523437499988,1208.5792165409662,1460663.7226547757
13.122558593749988,1948.23403506172,3795615.8553728717
13.183593749999988,3131.148741671785,9804092.442472802
13.244628906249988,305.2407414516696,93171.910241965
13.305664062499988,428.7378667345331,183816.15837207827
13.366699218749988,2851.289495495902,8129851.7871252755
13.427734374999988,1995.580579085409,3982341.8476228565
13.488769531249988,880.7140488227859,775657.2357938245
13.549804687499988,818.557245586858,670035.9643027438
13.610839843749988,3001.353403212362,9008122.250974428
13.671874999999988,755.7697909149634,571187.9768596475
13.732910156249988,734.4385374519405,539399.9652945454
13.793945312499988,1884.4210270359208,3551042.6071351147
13.854980468749988,2457.1175397803863,6037426.604296418
13.916015624999988,322.8209545088339,104213.3686699946
13.977050781249988,129.9122052303866,16877.18106782209
14.038085937499988,2497.712218761341,6238566.3277497
14.099121093749988,1503.5721052829472,2260729.075784994
14.160156249999988,642.9141681878625,413338.6276566912
14.221191406249988,978.3698510727054,957207.5654880278
14.282226562499988,2499.1785096652966,6245893.223172853
14.343261718749988,543.0180370018602,294868.58850935363
14.404296874999988,410.0038519313779,168103.15859856724
14.465332031249988,1797.4433861260097,3230802.7263281355
14.526367187499988,1966.3930471434667,3866701.615854168
14.587402343749988,313.0140286345225,97977.78212201367
14.648437499999986,278.89663929562806,77783.33541039567
14.709472656249986,2206.0100747322,4866480.449819966
14.770507812499986,1152.6379282562766,1328574.1936549214
14.831542968749986,461.78658901821126,213246.85379707435
14.892578124999986,1067.9640348355006,1140547.1797021222
14.953613281249986,2106.9279827182354,4439145.524361133
15.014648437499986,406.228083322014,165021.25567947715
15.075683593749986,176.02466796602152,30984.683732548125
15.136718749999986,1699.2125300975904,2887323.2224406544
15.197753906249986,1592.8347139882244,2537122.4260859485
15.258789062499986,286.9715299113051,82352.65897963507
15.319824218749986,445.1618182850067,198169.04445881333
15.380859374999986,1957.390955522053,3831379.3527595354
15.441894531249986,894.1082274372326,799429.5223709501
15.502929687499986,315.76418082007314,99707.01788897184
15.563964843749986,1112.1766305498743,1236936.8575412715
15.624999999999986,1789.843768492512,3203540.715611477
15.686035156249986,318.599073648034,101505.36972938539
15.747070312499986,38.17460275790879,1457.3002957241372
15.808105468749986,1596.3696423287706,2548396.034948887
15.869140624999986,1300.2375142353842,1690617.593425011
15.930175781249986,250.80959904426595,62905.45497274545
15.991210937499986,566.175388969499,320554.57107476343
16.052246093749986,1741.2292899481006,3031879.4401731663
16.113281249999986,700.3152722808334,490441.48058977776
16.174316406249986,193.2622655965516,37350.30330351205
16.235351562499986,1126.6271419229429,1269288.716917459
16.296386718749986,1527.7913718585312,2334146.475925373
16.357421874999986,262.1200109211424,68706.90012529981
16.418457031249986,151.40081761356072,22922.20757405468
16.479492187499986,1492.8887728310244,2228716.888044922
16.540527343749986,1067.072499282266,1138643.7187245018
16.601562499999986,208.09773703267166,43304.66815811896
16.662597656249986,652.6796449854942,425990.71897839074
16.723632812499986,1551.1812237324248,2406163.188860023
16.784667968749986,554.2633697506673,307207.8830473649
16.845703124999986,87.46579727567567,7650.265693069593
16.906738281249986,1121.4939865520325,1257748.7618723705
16.967773437499986,1308.5971466322837,1712426.4921741546
17.028808593749986,223.62601986182074,50008.596759239445
17.089843749999986,261.41392232491904,68337.2387852988
17.150878906249986,1391.7352955044187,1936927.1327527715
17.211914062499986,879.9599570514641,774329.5260140146
17.272949218749986,161.06644782239053,25942.40061412285
17.333984374999986,714.1981071988401,510078.93632640596
17.395019531249986,1383.2115264915062,1913274.1270189628
17.456054687499986,444.6607675471715,197723.19819563968
17.517089843749986,13.555445905176025,183.75011368815348
17.578124999999986,1104.0381803440919,1218900.3036574936
17.639160156249982,1125.6545481959627,1267098.1618742568
17.700195312499982,194.35253728195644,37772.90874793427
17.761230468749982,356.41559076030126,127032.07333701455
17.822265624999982,1299.9726813284099,1689928.9722001755
17.883300781249982,734.6566063981691,539720.3293244743
17.944335937499982,106.74413325507822,11394.309984377896
18.005371093749982,761.5544754374114,579965.2190587508
18.066406249999982,1234.231316324345,1523326.9421957254
18.127441406249982,358.30391392913356,128381.69473693596
18.188476562499982,80.71809178743133,6515.41034180419
18.249511718749982,1060.8830442244582,1125472.8335229538
18.310546874999982,956.6538771200451,915186.6406088143
18.371582031249982,181.50605396881215,32944.44762732935
18.432617187499982,437.92410202074143,191777.51913067274
18.493652343749982,1244.7572699113182,1549420.6609970783
18.554687499999982,681.3754653646167,464272.52480084804
18.615722656249982,109.41607841011866,11971.878214649234
18.676757812499982,936.180686137249,876434.2770964104
18.737792968749982,1242.498127980849,1543801.5980359141
18.798828124999982,344.69829157669864,118816.91221589474
18.859863281249982,198.48352449487018,39395.70949590573
18.920898437499982,909.0311671643325,826337.6628761486
18.981933593749982,548.0864871022162,300398.7973440478
19.042968749999982,535.8674042185968,287153.874903977
19.104003906249982,157.35940220109225,24761.981461085117
19.165039062499982,654.8924261242056,428884.0897948481
19.226074218749982,558.5665891124875,311996.6344727584
19.287109374999982,399.1564576633739,159325.8776943728
19.348144531249982,1816.041361324455,3298006.2260411796
19.409179687499982,2898.0925193659373,8398940.250804806
19.470214843749982,2943.526343508239,8664347.334926981
19.531249999999982,3611.6674219649226,13044141.56688275
19.592285156249982,4312.425922387276,18597017.336077746
19.653320312499982,3054.0375804364444,9327145.542718092
19.714355468749982,746.5423722341914,557325.513541054
19.775390624999982,1546.2382861635676,2390852.8375980468
19.836425781249982,3823.678689924639,14620518.723783804
19.897460937499982,7011.882330304064,49166493.81403036
19.958496093749982,8863.598072570428,78563370.79207422
20.019531249999982,8386.697165824515,70336689.35124895
20.080566406249982,7220.415288025824,52134396.931557044
20.141601562499982,5706.867605587047,32568337.86769884
20.202636718749982,2758.865594848761,7611339.3704402065
20.263671874999982,801.0188741496135,641631.2367439143
20.324707031249982,2388.9682558606105,5707169.327509687
20.385742187499982,3113.482752697221,9693774.851343064
20.446777343749982,4001.246460258675,16009973.235732578
20.507812499999982,3964.7595433812635,15719318.236832805
20.568847656249982,2531.76786690263,6409848.5318806935
20.629882812499982,1450.7709801443464,2104736.4368289877
20.690917968749982,1312.9250554540774,1723772.2012390923
20.751953124999982,803.6144403506374,645796.1687400682
20.812988281249982,601.1063456151036,361328.8387387444
20.874023437499982,318.917381146591,101708.29599740001
20.935058593749982,410.98569412361746,168909.24077427166
20.996093749999982,296.53743777924035,87934.45200467684
21.057128906249982,177.0925026389278,31361.754490918654
21.118164062499982,550.4874406781901,303036.42234442383
21.179199218749982,907.5951526473413,823728.9611089507
21.240234374999982,365.9514180854361,133920.44039874166
21.301269531249982,298.17638061791274,88909.15395839837
21.362304687499982,901.198533810323,812158.797341876
21.423339843749982,755.6545957724894,571013.8681120843
21.48437499999998,175.57581015798328,30826.865112632186
21.54541015624998,384.8637221538306,148120.08463010093
21.60644531249998,838.1799732847495,702545.6676156234
21.66748046874998,435.9696238255347,190069.51289857825
21.72851562499998,62.515138002697455,3908.1424794963077
21.78955078124998,575.5151918822575,331217.7360872716
21.85058593749998,750.5440184978484,563316.3237028986
21.91162109374998,236.09130243350532,55739.10308474887
21.97265624999998,178.03257627912004,31695.598216580693
22.03369140624998,747.4815596057084,558728.6819505822
22.09472656249998,582.5156578777461,339324.49167274334
22.15576171874998,114.81609930631858,13182.73665991841
22.21679687499998,393.6752672699816,154980.21606009145
22.27783203124998,777.0863297366351,603863.1638635544
22.33886718749998,368.1187957446409,135511.44778048465
22.39990234374998,64.6398536084383,4178.310674520334
22.46093749999998,590.94133430733,349211.6605929275
22.52197265624998,678.0750090067099,459785.71783944976
22.58300781249998,196.77621617677553,38720.879252849096
22.64404296874998,206.684191139463,42718.35486697408
22.70507812499998,711.4573746340659,506171.5959211976
22.76611328124998,498.95094919967454,248952.0497072562
22.82714843749998,90.9693194704401,8275.417084914992
22.88818359374998,410.56286635304855,168561.86722803122
22.94921874999998,713.9894801665417,509780.9777884885
23.01025390624998,306.67315411353604,94048.42345394463
23.07128906249998,78.20423584412633,6115.902503963734
23.13232421874998,587.697711658088,345388.60028815316
23.19335937499998,604.3621642362415,365253.6255603137
23.25439453124998,162.43607934719472,26385.47987368814
23.31542968749998,236.83790243421925,56092.192029440754
23.37646484374998,678.5412015438709,460418.1621926
23.43749999999998,430.061614258132,184952.99205831034
23.49853515624998,70.85515647013803,5020.453198407743
23.55957031249998,428.3871748598618,183515.5715844138
23.62060546874998,656.6307359494251,431163.9233934836
23.68164062499998,257.40370916445715,66256.66949162044
23.74267578124998,100.81783539238575,10164.235933206188
23.80371093749998,580.9943487665917,337554.433298716
23.86474609374998,537.2839354718217,288674.0273160886
23.92578124999998,134.14620485040007,17995.2042757655
23.98681640624998,265.040475014561,70246.45339594415
24.04785156249998,644.2649889279527,415077.375958335
24.10888671874998,370.2189917651344,137062.10186359263
24.16992187499998,56.210665277357,3159.638890923068
24.23095703124998,442.41750870626174,195733.25200985518
24.29199218749998,601.8307753157648,362200.28211717453
24.35302734374998,216.5424223952115,46890.620696786194
24.41406249999998,126.71995949641897,16057.948134774064
24.47509765624998,570.6779869899987,325673.36483495706
24.53613281249998,476.1658915677498,226733.95629251003
24.59716796874998,109.83887984919753,12064.57952652645
24.65820312499998,290.5897519249452,84442.40392380118
24.71923828124998,608.7112740221613,370529.41512168274
24.78027343749998,318.15687654954615,101223.79809576315
24.84130859374998,51.4881255768337,2651.027075415797
24.90234374999998,452.1753719919859,204462.56703609083
24.96337890624998,549.2701953000098,301697.747444911
25.02441406249998,182.2444327901691,33213.03328301046
25.08544921874998,153.23605409798557,23481.28827552076
25.14648437499998,556.7930919629841,310018.5472577001
25.20751953124998,420.4703229888894,176795.29251438097
25.26855468749998,88.36351897257035,7808.1114852158
25.32958984374998,312.96347397585,97946.13604303253
25.39062499999998,572.1352575679032,327338.75295229093
25.451660156249975,272.9193138817079,74484.9518896622
25.512695312499975,59.076767177735874,3490.064420172411
25.573730468749975,457.68645466768965,209476.89078627914
25.634765624999975,499.03288688676724,249033.82219454102
25.695800781249975,153.09440572324394,23437.897063753226
25.756835937499975,179.06555107547138,32064.471581962247
25.817871093749975,539.6757395282823,291249.9038353984
25.878906249999975,369.8999776650759,136825.99347662364
25.939941406249975,69.46773934355207,4825.766809503692
26.000976562499975,331.90922352362173,110163.7326600535
26.062011718749975,534.9215956272171,286141.113468368
26.123046874999975,233.70005633317126,54615.71633012742
26.184082031249975,75.18721662672928,5653.117544074716
26.245117187499975,459.13765650156694,210807.38761775088
26.306152343749975,451.2890636969452,203661.81901246548
26.367187499999975,127.91076882221789,16361.164780690868
26.428222656249975,203.45654284076042,41394.56482471418
26.489257812499975,519.7496945597538,270139.7449949574
26.550292968749975,324.2226541530743,105120.32946606402
26.611328124999975,54.108009801066515,2927.67672463231
26.672363281249975,347.3258997172375,120635.28061438854
26.733398437499975,497.50088368289863,247507.12926526504
26.794433593749975,199.76787024416225,39907.201981888444
26.855468749999975,95.23836030520806,9070.34527362463
26.916503906249975,456.81729362888825,208682.03975842192
26.977539062499975,406.2397291529775,165030.7175422845
27.038574218749975,105.73059473132341,11178.958662239353
27.099609374999975,225.92953398015734,51044.15432449107
27.160644531249975,497.43815569709034,247444.71874332268
27.221679687499975,283.12949843099904,80162.31288178908
27.282714843749975,45.00414282577474,2025.3728714827323
27.343749999999975,359.1180280753514,128965.75808872886
27.404785156249975,460.22682529540253,211808.73072148496
27.465820312499975,170.49780208583476,29069.50051610048
27.526855468749975,116.64793501876811,13606.740744142748
27.587890624999975,451.19655428232164,203578.33059624003
27.648925781249975,364.484967272637,132849.29136773525
27.709960937499975,86.35035968122384,7456.384617076727
27.770996093749975,246.55499636903605,60789.36623453538
27.832031249999975,473.56208065916184,224261.0442382345
27.893066406249975,246.08425399207766,60557.46006283739
27.954101562499975,45.18066814184644,2041.2927737436578
28.015136718749975,366.81828032280487,134555.65077897985
28.076171874999975,421.7826370400311,177900.5929084426
28.137207031249975,143.0876187392635,20474.066636472828
28.198242187499975,136.41123749563738,18608.025715091186
28.259277343749975,441.0943418242506,194564.21838936882
28.320312499999975,327.2388798496173,107085.28448523227
28.381347656249975,75.12364749390129,5643.562412787941
28.442382812499975,266.60663115413325,71079.09577535605
28.503417968749975,455.0854790326592,207102.79322638488
28.564453124999975,222.5752966254823,49539.76266792144
28.625488281249975,62.39485682722924,3893.1181584904352
28.686523437499975,376.88920333511066,142045.4715905744
28.747558593749975,381.13660992165103,145265.11542256878
28.808593749999975,96.44369311335436,9301.385941342875
28.869628906249975,155.91521454838315,24309.554127668347
28.930664062499975,409.25040930276907,167485.897514484
28.991699218749975,261.46246006943414,68362.61802556044
29.052734374999975,52.250472239618944,2730.11184926319
29.113769531249975,266.180398422104,70852.00450415004
29.174804687499975,444.0584850163655,197187.9381150297
29.235839843749975,269.83229800214815,72809.46904512009
29.29687499999997,139.112247869754,19352.217507375874
29.35791015624997,429.31195660550384,184308.756084446
29.41894531249997,422.5197930524739,178522.97552110537
29.47998046874997,125.2285353878161,15682.186075377507
29.54101562499997,215.29240722339352,46350.82060804351
29.60205078124997,412.2938111967697,169986.18675115757
29.66308593749997,173.29738821182596,30031.984761040316
29.72412109374997,116.97456778299109,13683.049508017577
29.78515624999997,294.27334143799334,86596.7994810818
29.84619140624997,353.49012119201916,124955.26578034839
29.90722656249997,149.5122358584783,22353.908671401245
29.96826171874997,82.24877388964825,6764.8608063504835
30.02929687499997,370.3887989874943,137187.86241539844
30.09033203124997,307.4089449803816,94500.25945395128
30.15136718749997,22.5238525079352,507.32393179921877
30.21240234374997,220.43269837715678,48590.57451383458
30.27343749999997,365.6134989849777,133673.2306400383
30.33447265624997,136.48991575302873,18629.49710226888
30.39550781249997,99.51306045772749,9902.849201663326
30.45654296874997,329.1305033633821,108326.88824423328
30.51757812499997,402.9686114632143,162383.70182459097
30.57861328124997,209.80386973087644,44017.66375405057
30.63964843749997,163.39232456295966,26697.05172608755
30.70068359374997,423.9706793905736,179751.13698290454
30.76171874999997,360.1079128708071,129677.70891216882
30.82275390624997,129.82590856571855,16854.766534914314
30.88378906249997,199.60697982577966,39842.94639516921
30.94482421874997,364.4225843195468,132803.81996213718
31.00585937499997,171.37717595050142,29370.136436769124
31.06689453124997,29.028311117177804,842.6428463156685
31.12792968749997,296.10106536348894,87675.84090939316
31.18896484374997,322.11249654047515,103756.46042753762
31.24999999999997,99.85133418941042,9970.288939405324
31.31103515624997,131.34036945287215,17250.29264801695
31.37207031249997,369.24184824874817,136339.54249815157
31.43310546874997,267.82726994745946,71731.44652750932
31.49414062499997,60.3898168745921,3646.929982146769
31.55517578124997,231.01090295995817,53366.03728637521
31.61621093749997,366.34723317020496,134210.29525146453
31.67724609374997,176.11624841363513,31016.93295529324
31.73828124999997,51.41601041619892,2643.606127118676
31.79931640624997,310.5618966807036,96448.69166991604
31.86035156249997,309.4892206182464,95783.5776788896
31.92138671874997,95.92098056987619,9200.834513486567
31.98242187499997,142.06069135121177,20181.240027184256
32.04345703124997,353.14603252394033,124712.12028739993
32.10449218749997,230.9353371236147,53331.12993239757
32.16552734374997,38.00834696341502,1444.6344388913399
32.22656249999997,240.55247165972756,57865.49162160403
32.28759765624997,342.39915394979494,117237.18062553537
32.34863281249997,150.00064059929733,22500.192180199567
32.40966796874997,67.44908239580714,4549.378716036381
32.47070312499997,314.1218827170772,98672.5572017212
32.53173828124997,285.0905874576009,81276.64305692
32.59277343749997,80.77090809748542,6523.939594892436
32.65380859374997,159.0475981558971,25296.138479159723
32.71484374999997,342.7483283010229,117476.4165531458
32.77587890624997,205.72820437901328,42324.094077013055
32.83691406249997,29.750961145031006,885.1196890531446
32.89794921874997,250.27001340400142,62635.07960923905
32.95898437499997,320.72329771270347,102863.43369571143
33.02001953124997,129.10839173737617,16668.976817011782
33.08105468749997,83.07100640339046,6900.792104872138
33.14208984374997,313.21667498085543,98104.68548606282
33.20312499999997,259.39706670953814,67286.83821751257
33.26416015624997,64.94299503011632,4217.592603481713
33.32519531249997,174.3206162037783,30387.67723366497
33.38623046874997,330.10782606500766,108971.17682936534
33.44726562499997,182.146138856437,33177.21590030843
33.50830078124997,29.771114385516697,886.3192517555192
33.56933593749997,258.22437211177686,66679.8263525214
33.63037109374997,299.19975400407714,89520.49279610027
33.69140624999997,110.66755272926963,12247.307227085674
33.75244140624997,99.00478623781564,9801.947697995569
33.81347656249997,310.08643183366655,96153.59520733514
33.87451171874997,234.90819190736568,55181.85862518774
33.93554687499997,50.36583649633451,2536.7174859755014
33.99658203124997,188.00284323340222,35345.06906384321
34.05761718749997,315.8929243818357,99788.33967450817
34.11865234374997,160.46065276528515,25747.62108586141
34.17968749999997,37.8659537065957,1433.8304501100483
34.24072265624997,263.9345747393458,69661.45974283932
34.30175781249997,277.5923366607419,77057.50537277068
34.36279296874997,93.84890732547593,8807.617406185771
34.42382812499997,114.6304573849757,13140.14176028873
34.48486328124997,304.85248278436177,92935.03625978959
34.54589843749997,211.71737760492698,44824.24797990724
34.60693359374997,37.19415416780921,1383.4051042587591
34.66796874999997,200.0442352064213,40017.69603932201
34.72900390624997,300.4847186954915,90291.06616950866
34.79003906249997,140.65007359671696,19782.443202761897
34.85107421874997,50.09124446133367,2509.1327716850915
34.91210937499997,267.4376748648831,71522.90993713491
34.97314453124997,256.1612955581467,65618.6093420282
35.03417968749997,78.3433822817602,6137.685547346018
35.09521484374997,129.5820999746725,16791.52063384602
35.15624999999997,297.6908809685514,88619.86061183225
35.217285156249964,189.90671133573247,36064.559010353216
35.278320312499964,26.565907974706036,705.7474665205498
35.339355468749964,210.33182589548238,44239.476984527515
35.400390624999964,284.1598848165369,80746.8401389475
35.461425781249964,122.55712332162518,15020.248476872044
35.522460937499964,63.877887359421486,4080.384493502939
35.583496093749964,268.8014321497232,72254.20992574225
35.644531249999964,235.14257047042048,55292.02844743666
35.705566406249964,63.88764966805488,4081.6317801081123
35.766601562499964,143.60326526808453,20621.897795655852
35.827636718749964,288.81256962552857,83412.70037370079
35.888671874999964,169.5330597134373,28741.458335799896
35.949707031249964,21.84711506353307,477.29643659925364
36.010742187499964,218.78871550361325,47868.502031721015
36.071777343749964,267.1866962744164,71388.73066603726
36.132812499999964,105.9894814345165,11233.77017475772
36.193847656249964,78.10661883112631,6100.643905230855
36.254882812499964,268.118838425286,71887.71151852462
36.315917968749964,214.73806968193324,46112.438570722814
36.376953124999964,50.297976740067284,2529.8864641443497
36.437988281249964,156.49152209342876,24489.596487118102
36.499023437499964,278.43863130294915,77528.07140185965
36.560058593749964,150.6078241573735,22682.71669741834
36.621093749999964,26.133888147226777,682.9801096917603
36.682128906249964,225.372556342641,50792.78915241689
36.743164062499964,249.82385215996584,62411.957108044466
36.804199218749964,90.73441855538631,8232.734710584033
36.865234374999964,92.23308058679761,8506.941154530703
36.926269531249964,265.51408816560837,70497.73101441446
36.987304687499964,195.11681052765843,38070.56975048616
37.048339843749964,37.54615145752621,1409.7134892714973
37.109374999999964,168.08976040991763,28254.167554663512
37.170410156249964,266.7898872115845,71176.84391837
37.231445312499964,133.08423062794276,17711.412441831457
37.292480468749964,36.16515415349398,1307.9183749459828
37.353515624999964,230.04439105511005,52920.4218559164
37.414550781249964,232.29918550506167,53962.91158631506
37.475585937499964,76.6036283689141,5868.115879282701
37.536621093749964,105.89862573238231,11214.518932007186
37.597656249999964,261.1517068198689,68200.21397493075
37.658691406249964,176.46497514146532,31139.887451677972
37.719726562499964,26.055812254007204,678.905352216072
37.780761718749964,178.39873768498293,31826.10960759535
37.841796874999964,254.18110433283718,64608.03379986066
37.902832031249964,116.79329792228123,13640.674439562741
37.963867187499964,48.398024688963964,2342.3687937935656
38.024902343749964,232.76302020810246,54178.62357639751
38.085937499999964,214.61983731677836,46061.67456988041
38.146972656249964,63.36508129853935,4015.1335279705013
38.208007812499964,118.37251947228653,14012.053366216853
38.269042968749964,254.77132977172553,64908.43047365332
38.330078124999964,158.98215968390605,25275.327097759
38.391113281249964,18.103351305590568,327.7313284936277
38.452148437499964,187.3696784462087,35107.39640103564
38.513183593749964,241.49830731144974,58321.43243429542
38.574218749999964,101.99305185199783,10402.582626084319
38.635253906249964,62.89790620349158,3956.1466047832246
38.696289062499964,235.17971113568294,55309.49652986327
38.757324218749964,197.40164479728656,38967.409368674096
38.818359374999964,49.35874344867939,2436.2855548325506
38.879394531249964,129.96821412814796,16891.73668366012
38.940429687499964,245.18936101132428,60117.82275314151
39.001464843749964,141.01956981535952,19886.519070909057
39.062499999999964,14.146043499372833,200.1105466861484
39.123535156249964,190.49244895741222,36287.3731097923
39.184570312499964,226.0025418464234,51077.14892104437
39.245605468749964,90.20498867991748,8136.93998274404
39.306640624999964,75.5095401020729,5701.690646426556
39.367675781249964,237.18720849192124,56257.77187219012
39.428710937499964,184.00798284257945,33858.93774979501
39.489746093749964,37.209616824475326,1384.5555842242773
39.550781249999964,146.7155288187425,21525.446396563264
39.611816406249964,240.58082010368665,57879.131001762435
39.672851562499964,125.66313811756112,15791.224281553243
39.733886718749964,24.020171195256268,576.9686242494189
39.794921874999964,197.84286929048602,39141.80092909234
39.855957031249964,210.91017992826875,44483.103997374696
39.916992187499964,75.03158854504623,5629.739279593113
39.978027343749964,86.00831300239493,7397.429905517936
40.039062499999964,230.165892875779,52976.33824330458
40.100097656249964,164.03699908498464,26908.137068807253
40.161132812499964,27.29780341160274,745.1700710985101
40.222167968749964,150.56172064271396,22668.83172289464
40.283203124999964,228.1326871871137,52044.52296321347
40.344238281249964,111.05757270111181,12333.784454262735
40.405273437499964,39.173346363387616,1534.5510653059337
40.466308593749964,207.90603228842468,43224.91826191549
40.527343749999964,200.956958551077,40383.69919009928
40.588378906249964,62.58715895617544,3917.152466205572
40.649414062499964,101.95562589663257,10394.949651974093
40.710449218749964,228.8145208918043,52356.08497094595
40.771484374999964,150.83831326259147,22752.19674790368
40.832519531249964,19.385972053685084,375.8159124662591
40.893554687499964,156.97954630266455,24642.5779573904
40.954589843749964,215.6584885382987,46508.583678623516
41.015624999999964,98.19984894159002,9643.210332151099
41.076660156249964,45.40374890800147,2061.5004149008446
41.137695312499964,204.5525633255234,41841.75116304227
41.198730468749964,182.2188079273951,33203.6939624809
41.259765624999964,49.75360094096628,2475.4208065929206
41.320800781249964,111.79468198712685,12498.050920602825
41.381835937499964,222.9455961531598,49704.73884408783
41.442871093749964,134.99896952328598,18224.721772349098
41.503906249999964,12.056408668181403,145.35698997419968
41.564941406249964,168.50244202648884,28393.072968890232
41.625976562499964,207.1560222847288,42913.617568831054
41.687011718749964,86.25492372083566,7439.911866087179
41.748046874999964,58.59922387281215,3433.8690384959577
41.809082031249964,205.94736475811237,42414.31705081098
41.870117187499964,168.4858419349418,28387.478932526188
41.931152343749964,40.026109533235896,1602.0894443665975
41.992187499999964,120.64043856397717,14554.11541690875
42.053222656249964,215.21499093306173,46317.49232231784
42.114257812499964,120.58525214394226,14540.803034618131
42.175292968749964,15.762218890610322,248.4475443555129
42.236328124999964,174.2421359584849,30360.32194337514
42.297363281249964,195.03739650770123,38039.58603650227
42.358398437499964,73.89459702771808,5460.411469888842
42.419433593749964,70.82086835344627,5015.595394336167
42.480468749999964,205.58211251803564,42264.00498737827
42.541503906249964,154.66995400547708,23922.794672056396
42.602539062499964,29.25823385115475,856.0442480888577
42.663574218749964,130.35575406218032,16992.622617119643
42.724609374999964,207.68487088163226,43133.005593120266
42.785644531249964,107.60454115945457,11578.737278136752
42.846679687499964,25.186066437687632,634.3379426036154
42.907714843749964,178.6984982787614,31933.153287084493
42.96874999999996,182.72969473494743,33390.141337927074
43.02978515624996,62.61199870448256,3920.2623817701256
43.09082031249996,82.07514538294761,6736.329489631987
43.15185546874996,203.3748762431712,41361.3402869252
43.21289062499996,141.06026923808818,19897.999557521925
43.27392578124996,18.858897749315826,355.65802431914955
43.33496093749996,138.98856039666904,19317.819921138518
43.39599609374996,199.19512156678897,39678.696456007834
43.45703124999996,95.30860698527873,9083.730565474321
43.51806640624996,35.891809055812665,1288.221957298916
43.57910156249996,181.8594333713983,33072.85350616606
43.64013671874996,170.34409231624875,29017.109787046677
43.70117187499996,51.872533753719374,2690.7597580307556
43.76220703124996,92.8037944986896,8612.54427335501
43.82324218749996,199.8595603553059,39943.84386541616
43.88427734374996,128.00431137938588,16385.103731710777
43.94531249999996,9.807592716998707,96.18887490252608
44.00634765624996,146.46203079076588,21451.126463355253
44.06738281249996,189.9245333596626,36071.3283718856
44.12841796874996,83.7298294336658,7010.684336990767
44.18945312499996,46.8029539630278,2190.5164996652993
44.25048828124996,183.6223288194435,33717.159641075836
44.31152343749996,157.9599590471037,24951.348662162676
44.37255859374996,41.511122286680056,1723.1732734997056
44.43359374999996,102.8788064899769,10584.048824802112
44.49462890624996,195.15177720766252,38084.21614730915
44.55566406249996,115.54695677001975,13351.099218812813
44.61669921874996,8.31627581680761,69.16044346121907
44.67773437499996,152.7463887137104,23331.459265079913
44.73876953124996,180.0596257948911,32421.468841396214
44.79980468749996,72.80235929208493,5300.1835184938245
44.86083984374996,57.605268883062955,3318.367003089981
44.92187499999996,184.02464809428872,33865.0711062268
44.98291015624996,145.71807024260357,21233.75599522835
45.04394531249996,31.43174597184159,987.95465483838
45.10498046874996,112.1791351437274,12584.158361594655
45.16601562499996,189.3733516817408,35862.26632717627
45.22705078124996,103.71442731085251,10756.68243241811
45.28808593749996,16.43134118694831,269.9889732019039
45.34912109374996,157.8015772471366,24901.337781684022
45.41015624999996,169.7624369803162,28819.285009495834
45.47119140624996,62.429531396719696,3897.4463904140102
45.53222656249996,68.1247833173709,4640.986102038736
45.59326171874996,183.124573330309,33534.60935740772
45.65429687499996,133.73760151389465,17885.746058689274
45.71533203124996,21.572889490741986,465.38956097976603
45.77636718749996,120.60603565923404,14545.815837436432
45.83740234374996,182.65955523249383,33364.513117732466
45.89843749999996,92.50735269669939,8557.610302951534
45.95947265624996,26.32688554115123,693.1049022968778
46.02050781249996,161.6069452663608,26116.80475832454
46.08154296874996,159.18801389989534,25340.82376939327
46.14257812499996,52.50689791993273,2756.9743291742366
46.20361328124996,78.22786721171984,6119.599208494472
46.26464843749996,180.99602822623842,32759.562233673296
46.32568359374996,122.1139268389199,14911.811128021081
46.38671874999996,11.99427286890081,143.86258165365007
46.44775390624996,128.07638686559463,16403.56087254546
46.50878906249996,175.1511847000469,30677.937501829947
46.56982421874996,81.89952277491156,6707.5318307582575
46.63085937499996,36.46007259446653,1329.3368935937694
46.69189453124996,164.16205342561557,26949.17978491466
46.75292968749996,148.48239402876752,22047.021336514175
46.81396484374996,42.93023522993906,1843.0050968979006
46.87499999999996,87.79968463882159,7708.784622676523
46.93603515624996,177.72876698765378,31587.514614951735
46.99707031249996,110.91730421296968,12302.648373872462
47.05810546874996,4.147022991744847,17.19779969406038
47.11914062499996,134.5227279510192,18096.36433538392
47.18017578124996,166.98844712722516,27885.14147396207
47.24121093749996,71.83905357404697,5160.849618414791
47.30224609374996,46.51666291309203,2163.7999285702313
47.36328124999996,165.48110788153298,27383.997065699557
47.42431640624996,137.77904410638493,18983.064994869164
47.48535156249996,33.60935120725506,1129.588488572617
47.54638671874996,96.73744919057312,9358.134075898715
47.60742187499996,173.43511977214064,30079.740770376768
47.66845703124996,100.20434636364061,10040.911030164456
47.72949218749996,9.06965901619799,82.2587146701015
47.79052734374996,139.90996147491185,19574.79731991132
47.85156249999996,158.31512313622227,25063.67821363722
47.91259765624996,62.23699539736776,3873.4435960919755
47.97363281249996,56.35386967152013,3175.7586269546764
48.03466796874996,165.57164054713536,27413.9681534698
48.09570312499996,127.15237755360157,16167.72711753364
48.15673828124996,24.462535401988067,598.4156382935195
48.21777343749996,104.90514794159473,11005.090064647879
48.27880859374996,168.20919136217836,28294.332058717937
48.33984374999996,90.04353315610628,8107.83786323481
48.40087890624996,18.306542662859542,335.12950426709654
48.46191406249996,144.2553683316675,20809.611292505062
48.52294921874996,149.38437038237544,22315.690114538727
48.58398437499996,53.0663372650938,2816.036150732683
48.64501953124996,65.95118338030946,4349.558589263206
48.70605468749996,164.56777152509622,27082.55142473627
48.76708984374996,116.64976794533032,13607.168361699414
48.82812499999996,15.278862829187648,233.443649353132
48.88916015624996,112.20809103121807,12590.655692870123
48.95019531249996,161.9731910416862,26235.314616226573
49.01123046874996,80.20204831484361,6432.368553896508
49.07226562499996,27.64438266984881,764.2118931970372
49.13330078124996,147.32326308382932,21704.143845667186
49.19433593749996,140.21080887065534,19659.070924163443
49.25537109374996,44.422389756772795,1973.3487117026325
49.31640624999996,75.01804417281284,5627.706951514097
49.37744140624996,162.64464731008917,26453.281298623297
49.43847656249996,106.78864464996958,11403.814626177478
49.49951171874996,6.363500857822564,40.49414316750851
49.56054687499996,118.86051568215677,14127.822188228236
49.62158203124996,155.36207023281676,24137.37286702669
49.68261718749996,70.86853875518275,5022.34978529484
49.74365234374996,37.169655761939616,1381.583309461091
49.80468749999996,149.3483196649269,22304.92058673719
49.86572265624996,130.62930449625142,17064.01519317437
49.92675781249996,35.59679288862236,1267.1316639554755
49.98779296874996,83.51440631826219,6974.656062691792
50.04882812499996,159.39560509129237,25406.958922419228
50.10986328124996,96.97838964999463,9404.808059106184
50.17089843749996,2.8164362557653306,7.932313182789435
50.23193359374996,124.40458556269634,15476.500909026234
50.29296874999996,148.08621065634892,21929.52578655655
50.35400390624996,61.9963682795846,3843.549679857884
50.41503906249996,46.42115289574662,2154.923436170285
50.47607421874996,150.32330636317226,22597.096435956148
50.53710937499996,121.30452240056269,14714.787154828615
50.59814453124996,27.165478694997926,737.9632327283862
50.65917968749996,91.55748781388878,8382.773574790393
50.72021484374996,155.6002012050395,24211.422615048774
50.78124999999996,87.87339764550563,7721.734013765155
50.84228515624995,11.483128632475108,131.86224318996963
50.90332031249995,128.9654639691036,16632.09089676616
50.96435546874995,140.36632350802498,19702.704775159524
51.02539062499995,53.55816103666377,2868.476613629209
51.08642578124995,55.239964530994214,3051.453681385499
51.14746093749995,150.0212131774343,22506.36440322919
51.20849609374995,111.80933817241046,12501.328102552443
51.26953124999995,18.683021285657833,349.0552843603437
51.33056640624995,98.77630650023492,9756.758725828353
51.39160156249995,150.64846478776533,22694.959942910573
51.45263671874995,78.70790883227762,6194.934912750126
51.51367187499995,20.498451978380466,420.18653350997005
51.57470703124995,132.70088587598252,17609.525112270538
51.63574218749995,132.48590997189646,17552.516341081453
51.69677734374995,45.436223092660725,2064.450368926036
51.75781249999995,63.90600981547947,4083.9780905361586
51.81884765624995,149.02383406605938,22208.1031197484
51.87988281249995,102.87342173605533,10582.940899684301
51.94091796874995,10.531603610334905,110.9146746052192
52.00195312499995,105.20135208274023,11067.324480036672
52.06298828124995,145.0679288975367,21044.70399462076
52.12402343749995,70.08190510945647,4911.473423770861
52.18505859374995,29.247841021377212,855.4362044117556
52.24609374999995,135.2314708426054,18287.550706254435
52.30712890624995,124.19242615354203,15423.758713902991
52.36816406249995,37.39436404970841,1398.3384626821246
52.42919921874995,72.12406528525536,5201.880793271776
52.49023437499995,146.97422734156194,21601.423502649133
52.55126953124995,94.04679526430097,8844.799699485344
52.61230468749995,2.5463813353363447,6.484057904949306
52.67333984374995,110.91313333907004,12301.723147090332
52.73437499999995,138.99917843718617,19320.771606212722
52.79541015624995,61.889437705993814,3830.302499564089
52.85644531249995,37.86165557685901,1433.5049630206988
52.91748046874995,136.81128043340107,18717.32645382671
52.97851562499995,115.87251783659468,13426.440389791953
53.03955078124995,29.579357262703205,874.9383760746329
53.10058593749995,79.79035549304604,6366.5008297066615
53.16162109374995,144.00672891992636,20737.937974217155
53.22265624999995,85.47532308024726,7306.03085567265
53.28369140624995,6.262459723463167,39.218401787998374
53.34472656249995,115.74755840075922,13397.497275737165
53.40576171874995,132.43039606340972,17537.809801511565
53.46679687499995,53.99484409495779,2915.4431888387985
53.52783203124995,46.2852755504535,2142.3267327814083
53.58886718749995,137.42318344830016,18885.13134906516
53.64990234374995,107.57112529271011,11571.546996739937
53.71093749999995,21.892886139132983,479.2984635010411
53.77197265624995,86.87937742043019,7548.026220961555
53.83300781249995,140.251186562826,19670.395332280626
53.89404296874995,77.22174666705132,5963.1981583102515
53.95507812499995,14.404167663068769,207.480046065796
54.01611328124995,119.68589037534645,14324.712354939447
54.07714843749995,125.48949219743909,15747.612651971127
54.13818359374995,46.36849489592714,2150.0373189136217
54.19921874999995,54.432666659318805,2962.915199644517
54.26025390624995,137.08561621482698,18792.466172998837
54.32128906249995,99.35711183845017,9871.835672878295
54.38232421874995,14.33120457747875,205.3834246415479
54.44335937499995,93.3205481858913,8708.724713715259
54.50439453124995,135.7929373714885,18439.721839977
54.56542968749995,69.28632086146094,4800.594258517317
54.62646484374995,22.54655853544341,508.3473017921761
54.68749999999995,122.71445564439534,15058.837624100272
54.74853515624995,118.28715529270544,13991.85110724061
54.80957031249995,38.9606993975746,1517.9360975481698
54.87060546874995,62.23245897624789,3872.8789502303766
54.93164062499995,135.84662346228106,18454.30510610277
54.99267578124995,91.2988114822356,8335.472978068796
55.05371093749995,7.098963156652986,50.39527789951653
55.11474609374995,99.05383176353708,9811.661587039107
55.17578124999995,130.72633535944695,17089.37475651059
55.23681640624995,61.657128720839786,3801.6015220982063
55.29785156249995,30.599773368328837,936.3461301930868
55.35888671874995,124.82822935040097,15582.086842756307
55.41992187499995,110.92359914645819,12304.04484760414
55.48095703124995,31.72411047866249,1006.4191856623831
55.54199218749995,69.61289565915442,4845.95524205232
55.60302734374995,133.76471545896226,17892.999101817135
55.66406249999995,83.44707232238812,6963.413879177874
55.72509765624995,3.629717274710971,13.17484749433524
55.78613281249995,104.03064382652661,10822.37485496164
55.84716796874995,125.14994193389482,15662.507966057246
55.90820312499995,54.309172521801486,2949.4862200027974
55.96923828124995,38.50446782770032,1482.5940426944087
56.03027343749995,126.0358224387775,15885.028537819051
56.09130859374995,103.49080645219313,10710.347020125299
56.15234374999995,24.627221694365304,606.500048383417
56.21337890624995,76.50415227940199,5852.885315989929
56.27441406249995,130.9078686375308,17136.870071221023
56.33544921874995,75.8354586827551,5751.016793623857
56.39648437499995,9.646109063167598,93.04742005852408
56.45751953124995,108.2134852828888,11710.15839706999
56.51855468749995,119.1630151802175,14199.824186840746
56.57958984374995,47.20775032837148,2228.571691065858
56.64062499999995,46.19905518609229,2134.3527000876006
56.70166015624995,126.35896355989895,15966.587671931871
56.76269531249995,96.07037041802667,9229.516072256854
56.82373046874995,17.678461177098967,312.5279895901954
56.88476562499995,82.84115947463778,6862.657703102368
56.94580078124995,127.35222210016465,16218.588473849666
57.00683593749995,68.48042886264096,4689.56913721123
57.06787109374995,16.989536211037603,288.6443406661579
57.12890624999995,111.57656322550997,12449.329461216224
57.18994140624995,112.86279282289085,12738.010003782783
57.25097656249995,40.31376188197368,1625.1993970764743
57.31201171874995,53.61790451499542,2874.8796845791667
57.37304687499995,125.831108349932,15833.467828572326
57.43408203124995,88.73201842868457,7873.371094428418
57.49511718749995,11.025079579272028,121.55237972928107
57.55615234374995,88.56537490681073,7843.82563238394
57.61718749999995,123.18133732428002,15173.641864998062
57.67822265624995,61.383269291222675,3767.9057488787607
57.73925781249995,24.43221537652389,596.9331482048503
57.80029296874995,114.10824779636197,13020.692215155945
57.86132812499995,106.34222221496331,11308.668225616637
57.92236328124995,33.587440248650786,1128.1161424566867
57.98339843749995,60.69523464295669,3683.91150836357
58.04443359374995,124.49459400728787,15498.903937039437
58.10546874999995,81.52870896322881,6646.930385210865
58.16650390624995,5.6948719941907395,32.43156703021801
58.22753906249995,93.6208502634398,8764.863604049417
58.28857421874995,118.4808613375777,14037.714503294315
58.34960937499995,54.537834386902354,2974.3753796131887
58.41064453124995,31.81147823089003,1011.9701472343904
58.47167968749995,115.81057603070099,13412.089520562773
58.53271484374995,99.6959051318525,9939.273500059333
58.59374999999994,27.001642057077973,729.088673778562
58.65478515624994,67.37577245433494,4539.494713818318
58.71582031249994,122.4124560708941,14984.809401308576
58.77685546874994,74.49460724276867,5549.446508254362
58.83789062499994,6.695514094518349,44.829908989893866
58.89892578124994,97.97035507126778,9598.190472790284
58.95996093749994,113.32943693232062,12843.561275396836
59.02099609374994,47.912187150409395,2295.577677535855
59.08203124999994,39.04124749531961,1524.2190059907996
59.14306640624994,116.67556343546306,13613.187102982765
59.20410156249994,92.9968207587332,8648.40867123195
59.26513671874994,20.587299048529182,423.8368821135706
59.32617187499994,73.57230114182248,5412.883495303013
59.38720703124994,119.64663983033057,14315.318422688846
59.44824218749994,67.67764668139097,4580.26386033119
59.50927734374994,12.579809929214111,158.25161785515394
59.57031249999994,101.5988929034164,10322.335039199876
59.63134765624994,107.83958760910068,11629.3766557009
59.69238281249994,41.46908784004765,1719.6852462855877
59.75341796874994,46.088393666638474,2124.1400307710414
59.81445312499994,116.75171090294855,13630.961998765673
59.87548828124994,86.30705893671966,7448.9084223064
59.93652343749994,14.415790886016648,207.81502686936065
59.99755859374994,79.23967753551408,6278.9264959322545
60.05859374999994,116.25399471927301,13514.991288188758
60.11962890624994,61.06884195816691,3729.403458111567
60.18066406249994,19.263436276304315,371.07997717123703
60.24169921874994,104.45896306108516,10911.674963797153
60.30273437499994,102.07909590128348,10420.14182002343
60.36376953124994,35.199718199776,1239.0201613436418
60.42480468749994,52.85676964094231,2793.8380968756405
60.48583984374994,116.06133428070157,13470.233315016754
60.54687499999994,79.69772690874623,6351.727674421093
60.60791015624994,8.959532206898421,80.2732173664501
60.66894531249994,84.33613354985069,7112.58342213825
60.72998046874994,112.32897926435962,12617.799582572932
60.79101562499994,54.6760023860384,2989.4652369180767
60.85205078124994,26.069800383561596,679.6344920387484
60.91308593749994,106.54983695121675,11352.867754330873
60.97412109374994,96.1364961188883,9242.225886017026
61.03515624999994,29.0869768247978,846.0522208063244
61.09619140624994,59.279129697782714,3514.0152177265445
61.15722656249994,114.6360814792919,13141.431176926852
61.21826171874994,73.20230173072187,5358.576978675646
61.27929687499994,6.428921942795748,41.331037346560656
61.34033203124994,88.80442825301144,7886.226477344256
61.40136718749994,107.93374714907614,11649.693773640702
61.46240234374994,48.46459748755248,2348.8172096304784
61.52343749999994,32.857352927966666,1079.6056414329596
61.58447265624994,107.89475663963314,11641.278510325661
61.64550781249994,90.09366777774348,8116.868973646413
61.70654296874994,23.111611541902,534.1465880637778
61.76757812499994,65.3213175630226,4266.874528169245
61.82861328124994,112.55528490523525,12668.692160098679
61.88964843749994,66.87681313231272,4472.508134734275
61.95068359374994,9.514201861869527,90.52003706840156
62.01171874999994,92.60388081299877,8575.478741628081
62.07275390624994,103.15610913821195,10641.182852534694
62.13378906249994,42.44601854255427,1801.6644901148609
62.19482421874994,39.49803851465218,1560.095046504947
62.25585937499994,108.47414349846414,11766.63980772539
62.31689453124994,84.00269050783595,7056.452012555272
62.37792968749994,17.352363525603025,301.10451992467824
62.43896484374994,70.91233958714132,5028.55990572205
62.49999999999994,109.85966109342318,12069.1451355618
62.56103515624994,60.713001386132284,3686.0685373125007
62.62207031249994,15.085911015592153,227.58471117036467
62.68310546874994,95.7291341915838,9164.067133070257
62.74414062499994,98.0831345675731,9620.301286600652
62.80517578124994,36.586291977312996,1338.5567606491973
62.86621093749994,45.93932011396142,2110.4211325330207
62.92724609374994,108.33050562622095,11735.49844923269
62.98828124999994,77.93978134734111,6074.6095164713415
63.04931640624994,12.074692395372166,145.79819644285843
63.11035156249994,75.99345323186267,5775.004934103299
63.17138671874994,106.61490879743486,11366.738777885354
63.23242187499994,54.72693948876558,2995.0379058070093
63.29345703124994,21.229635724740454,450.69743300517615
63.35449218749994,98.15236159048393,9633.886085789107
63.41552734374994,92.78356634402694,8608.790183516448
63.47656249999994,30.866311832239294,952.7292061250355
63.53759765624994,52.11879500046078,2716.3687923000552
63.59863281249994,107.49536441257531,11555.253370192364
63.65966796874994,71.94840332091314,5176.572740428785
63.72070312499994,8.223963838153454,67.63358121125569
63.78173828124994,80.52511487595075,6484.294125785064
63.84277343749994,102.89492654235582,10587.3659081568
63.90380859374994,48.91653998527145,2392.8278841306605
63.96484374999994,27.49641012472782,756.0525697472345
64.02587890624994,99.86946513473208,9973.910066297467
64.08691406249994,87.33287909508569,7627.0317710368545
64.14794921874994,25.291137834325298,639.6416529548405
64.20898437499994,57.973192119793836,3360.891004558526
64.27001953124994,106.00910474985105,11237.930289864891
64.33105468749994,66.06468276591764,4364.542308961335
64.39208984374994,8.178595590197984,66.88942582800591
64.45312499999994,84.46868352025436,7134.958495644891
64.51416015624994,98.77132891008993,9755.775414665168
64.57519531249994,43.26948919804059,1872.2486954593512
64.63623046874994,33.7289914528164,1137.6448644241618
64.69726562499994,100.88610692222576,10178.006569922769
64.75830078124994,81.79868482698973,6691.024839425199
64.81933593749994,19.905143895700313,396.2147535085354
64.88037109374994,63.44555182656033,4025.338046576753
64.94140624999994,103.92170515197688,10799.720801694419
65.00244140624994,60.3140478734522,3637.784370881084
65.06347656249994,11.985126571277489,143.6432589295417
65.12451171874994,87.7941207678901,7707.807641406873
65.18554687499994,94.31717548022742,8895.729590568013
65.24658203124994,37.77119160178757,1426.6629150189478
65.30761718749994,39.836064310682154,1586.9120197648044
65.36865234374994,101.21718939399305,10244.91942881946
65.42968749999994,76.24048306778532,5812.61125840926
65.49072265624994,14.862638390723916,220.8980199334204
65.55175781249994,68.48331997067696,4689.965114206122
65.61279296874994,101.28935775059625,10259.533993528274
65.67382812499994,54.710260546849405,2993.2126091041464
65.73486328124994,17.237753093291097,297.1401317052668
65.79589843749994,90.4806336663711,8186.745068668049
65.85693359374994,89.60471014938602,8029.004080955482
65.91796874999994,32.409706951309055,1050.3891046697304
65.97900390624994,45.746692980404255,2092.759918643368
66.04003906249994,100.8870764557242,10178.20219578314
66.10107421874994,70.7088156740922,4999.736614032746
66.16210937499994,10.644509495574779,113.30558240138163
66.22314453124994,73.03936615490933,5334.749008310915
66.28417968749994,98.17319395516614,9637.976011358669
66.34521484374994,49.256974874694535,2426.2495738062885
66.40624999999994,22.917826572648224,525.226774813981
66.46728515624994,92.51678713945354,8559.355902606956
66.52832031249994,84.70342263994097,7174.669806920464
66.58935546874994,27.184982303401075,739.0232628362296
66.65039062499994,51.39818559934723,2641.773482904945
66.71142578124994,99.9288604308093,9985.777147000163
66.77246093749994,65.24423075832264,4256.809647245254
66.83349609374994,8.58610558839401,73.72120917505086
66.89453124999994,77.07310147921166,5940.262971624858
66.95556640624994,94.6378247224152,8956.317868190583
67.01660156249994,43.949945527765,1931.597711893511
67.07763671874994,28.703755520329068,823.9055809708215
67.13867187499994,93.90058591612701,8817.320035391951
67.19970703124994,79.678286580215,6348.62935235887
67.26074218749994,22.126179074321335,489.56780042893536
67.32177734374994,56.73272786140707,3218.602410596474
67.38281249999994,98.38338587388576,9679.290616009903
67.44384765624994,59.87684133558585,3585.2361283269224
67.50488281249994,10.12627945092926,102.5415355183122
67.56591796874994,80.55138936292805,6488.526328298038
67.62695312499994,90.74992697922502,8235.549246734674
67.68798828124994,38.78038416716727,1503.9181961530778
67.74902343749994,34.45371208194527,1187.0582762255815
67.81005859374994,94.63959642042212,8956.653210620376
67.87109374999994,74.58812562332542,5563.388484000975
67.93212890624994,17.330842717798074,300.35810930905456
67.99316406249994,61.69702036350086,3806.52232173424
68.05419921874994,96.29784693107682,9273.275323561102
68.11523437499994,54.62604901194989,2984.0052306559514
68.17626953124994,14.131818511418857,199.70829443968066
68.23730468749994,83.44861828394849,6963.671893500143
68.29833984374994,86.57628014417136,7495.452283602041
68.35937499999994,33.74029515498279,1138.407517145355
68.42041015624994,40.07862347903585,1606.2960599743235
68.48144531249994,94.75082052773124,8977.717990678335
68.54248046874994,69.4852079026686,4828.194117277079
68.60351562499994,13.070475890964477,170.83734001628366
68.66455078124994,66.24362443508252,4388.217778296263
68.72558593749994,93.72592149583859,8784.548360244098
68.78662109374994,49.50126343233108,2450.3750813970382
68.84765624999994,19.084170901021274,364.20557897938716
68.90869140624994,85.74807304268623,7352.732030533853
68.96972656249994,82.18105123132581,6753.725181485797
69.03076171874994,28.82822076798457,831.0663126476568
69.09179687499994,45.50851258682746,2071.024717865433
69.15283203124994,94.25774342452559,8884.522195483696
69.21386718749994,64.41205228610808,4148.912479708321
69.27490234374994,10.062241709278954,101.24870821595304
69.33593749999994,70.32895568329819,4946.162007503321
69.39697265624994,90.72538672481554,8231.095796367335
69.45800781249994,44.50598610883361,1980.7827995196903
69.51904296874994,24.362525922878337,593.532669342919
69.58007812499994,87.44321089611618,7646.315131822652
69.64111328124994,77.62830704062003,6026.154053992777
69.70214843749994,24.062758684635522,579.0163555150023
69.76318359374994,50.68421041208886,2568.8891850968967
69.82421874999994,93.1942169140896,8685.162066230383
69.88525390624994,59.40177650370426,3528.571051796032
69.94628906249994,9.59714847090669,92.10525877262663
70.00732421874994,73.91728726083112,5463.765356000226
70.06835937499994,87.35488295532743,7630.875576138954
70.12939453124994,39.63542941385521,1570.967264820699
70.19042968749994,29.723257992626127,883.472065696213
70.25146484374994,88.5334156472123,7838.165686162055
70.31249999999994,72.97477907717246,5325.318381362127
70.37353515624993,19.5082555875382,380.5720360687155
70.43457031249993,55.55020357510886,3085.825117236037
70.49560546874993,91.60002451759084,8390.564491623243
70.55664062499993,54.479603338914316,2968.027179965444
70.61767578124993,11.990194146007292,143.76475565894754
70.67871093749993,76.98032475016637,5925.970398641078
70.73974609374993,83.67672951539826,7001.795062393123
70.80078124999993,34.88508300194966,1216.9690160529171
70.86181640624993,35.04060077490911,1227.8437026665608
70.92285156249993,89.02869020550507,7926.107679707795
70.98388671874993,68.27242358756392,4661.123822519755
71.04492187499993,15.330518650576275,235.024802095667
71.10595703124993,60.05667805533029,3606.8045790415904
71.16699218749993,89.51995041682314,8013.821522630473
71.22802734374993,49.660057687498885,2466.121329525717
71.28906249999993,15.999185106278404,255.9739240649607
71.35009765624993,79.49636010638955,6319.671270164763
71.41113281249993,79.75087755572122,6360.202470907639
71.47216796874993,30.253191540030087,915.2555983577481
71.53320312499993,40.23138625101743,1618.5644396785547
71.59423828124993,88.94739541192473,7911.639150565289
71.65527343749993,63.56599628116313,4040.635883216845
71.71630859374993,11.93366360506037,142.4123270387425
71.77734374999993,64.16076478266483,4116.6037374964435
71.83837890624993,87.00612383294312,7570.065584433432
71.89941406249993,44.951913494109924,2020.674526781942
71.96044921874993,20.672056924575795,427.33393749290207
72.02148437499993,81.45240864925225,6634.494874764782
72.08251953124993,75.63727182388,5720.996888959511
72.14355468749993,25.75379205795883,663.2578053645833
72.20458984374993,45.22735065410381,2045.5132471892641
72.26562499999993,88.31334304131738,7799.246559133401
72.32666015624993,58.890843838666456,3468.131488030199
72.38769531249993,10.164424869104627,103.3155329196726
72.44873046874993,67.82326362365897,4599.995088564343
72.50976562499993,84.11059789576596,7074.592678383229
72.57080078124993,40.354655275827334,1628.4982024308588
72.63183593749993,25.595860733380505,655.14808668261
72.69287109374993,82.84465660789621,6863.237128480241
72.75390624999993,71.3922043718523,5096.846845072327
72.81494140624993,21.42803463413211,459.1606682815653
72.87597656249993,49.97198682681902,2497.1994674197736
72.93701171874993,87.16059132279095,7596.968679738581
72.99804687499993,54.276472111090975,2945.9354248260365
73.05908203124993,10.87658252680855,118.30004746247705
73.12011718749993,71.01208180326343,5042.715762033376
73.18115234374993,80.88942712642461,6543.099420841157
73.24218749999993,35.867503145901765,1286.477781921273
73.30322265624993,30.57748041330228,934.9823084258845
73.36425781249993,83.6754791317023,7001.585807919948
73.42529296874993,67.06604527450148,4497.854428761482
73.48632812499993,17.38177883866317,302.1262355961988
73.54736328124993,54.41394937089477,2960.8778861382993
73.60839843749993,85.52741293951023,7314.938364125502
73.66943359374993,49.74199204238722,2474.2657723449133
73.73046874999993,13.696029726320479,187.5812302642542
73.79150390624993,73.70294687765129,5432.124378449887
73.85253906249993,77.39954921580295,5990.690218809503
73.91357421874993,31.49052264467603,991.6530164348538
73.97460937499993,35.50586780381151,1260.666648501739
74.03564453124993,83.95641819278502,7048.680155761804
74.09667968749993,62.704393831280825,3931.841005748369
74.15771484374993,13.85980546923206,192.0942076449549
74.21874999999993,58.50710038425204,3423.0807953729454
74.27978515624993,83.45736072178387,6965.131058645953
74.34082031249993,45.29929525773687,2052.0261508476224
74.40185546874993,17.62454183593672,310.6244749266837
74.46289062499993,75.87836122445519,5757.525702108905
74.52392578124993,73.69663384321585,5431.193839821028
74.58496093749993,27.232052195786626,741.5846667940472
74.64599609374993,40.30282726416972,1624.3178854855023
74.70703124999993,83.70641682586445,7006.764217825364
74.76806640624993,58.34573927959979,3404.2252920830338
74.82910156249993,11.38040439868907,129.51360427770152
74.89013671874993,62.2111509717876,3870.2273052345495
74.95117187499993,80.99821397581222,6560.710667271462
75.01220703124993,40.95411288093994,1677.2393618647707
75.07324218749993,22.040520613003984,485.78454889225355
75.13427734374993,77.5285360089697,6010.673895694111
75.19531249999993,69.83430781274923,4876.830547685809
75.25634765624993,23.120541411154168,534.5594351448948
75.31738281249993,44.90529218314278,2016.4852660534239
75.37841796874993,82.95131717238424,6880.921020633488
75.43945312499993,54.021037300649645,2918.2724710381804
75.50048828124993,10.725920254415453,115.04536530407965
75.56152343749993,65.49174161021229,4289.168219138812
75.62255859374993,78.20050220927467,6115.318545782773
75.68359374999993,36.708225131986254,1347.493792340587
75.74462890624993,26.646750284965805,710.0493007493252
75.80566406249993,78.6514172669861,6186.04543810556
75.86669921874993,65.86271924398685,4337.897786212235
75.92773437499993,19.22594504546539,369.6369628912552
75.98876953124993,49.25891787102985,2426.440989824864
76.04980468749993,81.72324199650107,6678.688282418677
76.11083984374993,49.75357837179127,2475.418560797976
76.17187499999993,12.21503168575203,149.20699908392606
76.23291015624993,68.32090312976214,4667.745804466343
76.29394531249993,75.11625478346566,5642.451732694528
76.35498046874993,32.5630429716297,1060.3517675722023
76.41601562499993,31.287052082693048,978.8796280251474
76.47705078124993,79.25254813282179,6280.966385545234
76.53808593749993,61.82729159366852,3822.613985808514
76.59912109374993,15.703218377046541,246.5910673972122
76.66015624999993,53.31570455858736,2842.5643525785736
76.72119140624993,80.05973214248806,6409.560710726935
76.78222656249993,45.55931623370093,2075.6512956823653
76.84326171874993,15.232013632033484,232.0142392864539
76.90429687499993,70.67746766343383,4995.304435315735
76.96533203124993,71.7976847223472,5154.907531489568
77.02636718749993,28.524895443488653,813.6696600619597
77.08740234374993,35.8631524987931,1286.1657071516897
77.14843749999993,79.34479735780862,6295.596867751713
77.20947265624993,57.76768877604797,3337.1058665263386
77.27050781249993,12.874382776729583,165.74973188175133
77.33154296874993,57.03329629352815,3252.7968861053723
77.39257812499993,78.00276449186501,6084.431268373357
77.45361328124993,41.447874697164956,1717.926316911887
77.51464843749993,19.043383161791972,362.650442246822
77.57568359374993,72.54736422285107,5263.120055683012
77.63671874999993,68.29587922523163,4664.327119147425
77.69775390624993,24.613384790543623,605.8187108473642
77.75878906249993,40.30265579872279,1624.3040644303237
77.81982421874993,78.94795377641624,6232.779405483156
77.88085937499993,53.71703930042936,2885.5203112038726
77.94189453124993,11.302903526095777,127.75562812022835
78.00292968749993,60.3750049798665,3645.141226318905
78.06396484374993,75.59763836956081,5715.002927054893
78.12499999999993,37.424298455052316,1400.5781148528313
78.18603515624993,23.22051402305245,539.1922714947754
78.24707031249993,73.9237034905257,5464.713937755161
78.30810546874993,64.65948600872387,4180.849130912358
78.36914062499993,20.87587309398656,435.80207743623197
78.43017578124993,44.54639460471054,1984.3812722785844
78.49121093749993,78.08816287684375,6097.761181480479
78.55224609374993,49.70161672826571,2470.250705403422
78.61328124999993,11.544450083470435,133.27432772974055
78.67431640624993,63.31016442798225,4008.176919898149
78.73535156249993,72.89191126839869,5313.230728360108
78.79638671874993,33.49174787890858,1121.6971759843775
78.85742187499993,27.539445738692514,758.4210715943892
78.91845703124993,74.80686254205182,5596.066683385436
78.97949218749993,60.933404820329024,3712.879822998096
79.04052734374993,17.41428645423168,303.2573727100369
79.10156249999993,48.543419204003406,2356.4635480156066
79.16259765624993,76.7970532242479,5897.7873839279655
79.22363281249993,45.740804315419474,2092.221179421497
79.28466796874993,13.516010440496423,182.68253822760832
79.34570312499993,65.81425303788872,4331.515902935244
79.40673828124993,69.93413085643581,4890.782658645088
79.46777343749993,29.655835976500104,879.4686074650779
79.52880859374993,31.870256901727526,1015.713274982111
79.58984374999993,75.2043612631552,5655.695952999159
79.65087890624993,57.15796667142935,3267.0331540122284
79.71191406249993,14.434975162167735,208.36850793239944
79.77294921874993,52.249211439787665,2729.9800960796383
79.83398437499993,75.11115895739165,5641.686199922557
79.89501953124993,41.847652266740894,1751.2260002380642
79.95605468749993,16.606078632442223,275.7618475468542
80.01708984374993,67.86942558588191,4606.258929357563
80.07812499999993,66.7724864089069,4458.564941227657
80.13916015624993,25.930584076054878,672.3951905253508
80.20019531249993,36.125512604593716,1305.0526609446595
80.26123046874993,75.13035371645503,5644.570049559648
80.32226562499993,53.367843710325324,2848.1267422897104
80.38330078124993,12.316679000864992,151.70058161034865
80.44433593749993,55.62481550124292,3094.1200995473146
80.50537109374993,73.07076963695062,5339.337375336304
80.56640624999993,38.030348826695835,1446.3074318801653
80.62744140624993,20.283596469722035,411.4242857465202
80.68847656249993,69.46460548663372,4825.331415413663
80.74951171874993,63.45376220948072,4026.3799385373236
80.81054687499993,22.348710061049065,499.4648413928357
80.87158203124993,40.23852093634134,1619.1385671443802
80.93261718749993,74.60538835681409,5565.963971871051
80.99365234374993,49.59158879470482,2459.3256791830927
81.05468749999993,11.574228374902944,133.96276247440844
81.11572265624993,58.636996083570565,3438.2973097046697
81.17675781249993,70.71892616137586,5001.166517418132
81.23779296874993,34.29418682001317,1176.0912496459648
81.29882812499993,24.238418087626027,587.5009113905566
81.35986328124993,70.59553524568037,4983.729596624099
81.42089843749993,60.02200287276026,3602.640828857641
81.48193359374993,18.97913212696756,360.2074562928922
81.54296874999993,44.15419721032829,1949.5931312885627
81.60400390624993,73.65573952450869,5425.167964902272
81.66503906249993,45.851409646257956,2102.351766548957
81.72607421874993,12.47970554395361,155.74305046378646
81.78710937499993,61.25847291997121,3752.600504486846
81.84814453124993,68.10042695351704,4637.6681512513105
81.90917968749993,30.64486130428058,939.1075243585933
81.97021484374993,28.294845140060914,800.5982615000288
82.03124999999993,71.26474717317932,5078.664189657169
82.09228515624993,56.51758316296725,3194.237206582919
82.15332031249993,15.958456383980455,254.67233015940653
82.21435546874993,47.825021254096754,2287.232657954806
82.27539062499993,72.31257291874658,5229.108202129041
82.33642578124993,42.16348195992654,1777.759210985051
82.39746093749993,14.738970018307416,217.23723720056492
82.45849609374993,63.46801388477259,4028.188786477686
82.51953124999993,65.26042393538347,4258.922932225972
82.58056640624993,27.093001831609442,734.0307482475926
82.64160156249993,32.34290106375019,1046.0632492195332
82.70263671874993,71.48143754394418,5109.595913348793
82.76367187499993,52.9761455264025,2806.4719948345755
82.82470703124993,13.539024016310913,183.3051713142437
82.88574218749993,51.209811103838625,2622.444753290834
82.94677734374993,70.61140707069953,4985.970808504036
83.00781249999993,38.53896171588211,1485.251570138227
83.06884765624993,17.831958577766574,317.97874671918294
83.12988281249993,65.25074443930778,4257.659649883855
83.19091796874993,62.24352947561612,3874.256961581893
83.25195312499993,23.66190243441468,559.8856268157595
83.31298828124993,36.3043393770321,1318.0050576027236
83.37402343749993,71.26090378496656,5078.116408250261
83.43505859374993,49.427931336000626,2443.1203961563924
83.49609374999993,12.115570549650869,146.78704974356745
83.55712890624993,54.27298477782464,2945.556876693985
83.61816406249993,68.59088259725016,4704.709175469755
83.67919921874993,34.98529837217454,1223.9711021900785
83.74023437499993,21.368827192075933,456.62677556480384
83.80126953124993,66.59833292851194,4435.337948856917
83.86230468749993,59.0925599034836,3491.9306359467973
83.92333984374993,20.399275569385413,416.13044375572457
83.98437499999993,40.117846863514586,1609.441636964407
84.04541015624993,70.62429803677665,4987.791473187454
84.10644531249993,45.897547052048395,2106.584825394996
84.16748046874993,12.075136607147027,145.8089240812622
84.22851562499993,56.984570525770685,3247.2412780065333
84.28955078124993,66.29189899518072,4394.615872387242
84.35058593749993,31.508908215934046,992.811296960156
84.41162109374993,25.115704355257925,630.798605260722
84.47265624999993,67.50887738801526,4557.448526190079
84.53369140624993,55.84742502253361,3118.9348816475135
84.59472656249993,17.39780794489493,302.6837212874491
84.65576171874993,43.73226955871838,1912.5114007564061
84.71679687499993,69.59791845986904,4843.870253946579
84.77783203124993,42.4038869282433,1798.0896266232432
84.83886718749993,13.447312798975496,180.8302215134902
84.89990234374993,59.3204119887156,3518.9112785109533
84.96093749999993,63.75655294972004,4064.898044030455
85.02197265624993,28.118787412540495,790.6662055516458
85.08300781249993,28.930584003617785,836.9786907903853
85.14404296874993,67.986850553379,4622.211848167491
85.20507812499993,52.544231428977966,2760.896256461996
85.26611328124993,14.82795339547535,219.86820189838895
85.32714843749993,47.10363664020937,2218.7525847328748
85.38818359374993,68.2125003740248,4652.945207276333
85.44921874999993,38.9606999282058,1517.9361388956952
85.51025390624993,15.869416213925714,251.83837097080834
85.57128906249993,61.26231964743454,3753.0718085844437
85.63232421874993,61.02702797013305,3724.2981428674016
85.69335937499993,24.832016512894874,616.6290440966837
85.75439453124993,32.71862811853148,1070.5086259587586
85.81542968749993,68.04285122476702,4629.829602795779
85.87646484374993,49.214506336775585,2422.067633972524
85.93749999999991,12.972561366663916,168.28734841186116
85.99853515624991,50.19396310846884,2519.4339325343312
86.05957031249991,66.50240922077641,4422.570432167608
86.12060546874991,35.577731291541696,1265.7749638531452
86.18164062499991,18.924309569253783,358.1294926729503
86.24267578124991,62.798215783295014,3943.615905565283
86.30371093749991,58.14450692056141,3380.7836850352137
86.36474609374991,21.68235975489117,470.12472454052426
86.42578124999991,36.40959142914476,1325.6583480372517
86.48681640624991,67.6932262716191,4582.3728830606215
86.54785156249991,45.88469141834588,2105.4049065568242
86.60888671874991,12.192307288039958,148.65235700599226
86.66992187499991,52.97084681333964,2805.9106121222944
86.73095703124991,64.50473693374344,4160.861086891446
86.79199218749991,32.26260209727193,1040.875494086895
86.85302734374991,22.3188505687199,498.13109070884855
86.91406249999991,63.92219886240746,4086.047507405166
86.97509765624991,55.14812444475051,3041.3156297736887
87.03613281249991,18.734182142458128,350.969580546797
87.09716796874991,39.947166665613445,1595.776124610298
87.15820312499991,66.95957646028646,4483.584879740948
87.21923828124991,42.575968392471914,1812.7130845567674
87.28027343749991,12.71128841663353,161.57685321084173
87.34130859374991,55.407435322654734,3069.9838890341675
87.40234374999991,62.258336684044004,3876.1004866637795
87.46337890624991,29.023654061211673,842.3724950648888
87.52441406249991,25.87048190664166,669.2818340818735
87.58544921874991,64.6344953869075,4177.6179939201675
87.64648437499991,52.0740091861196,2711.702432716069
87.70751953124991,16.104666818324993,259.36029332925807
87.76855468749991,43.28402128631947,1873.5064987145572
87.82958984374991,65.86814324828234,4338.612294976242
87.89062499999991,39.30451080903551,1544.8445699375895
87.95166015624991,14.399985889456934,207.3595936165588
88.01269531249991,57.482531939269734,3304.2414781491652
88.07373046874991,59.80280019984281,3576.374911742319
88.13476562499991,25.874151795244536,669.4717311233561
88.19580078124991,29.461486745414703,867.9792012502462
88.25683593749991,64.94129887991323,4217.37230021022
88.31787109374991,48.95446617413778,2396.5397583947997
88.37890624999991,13.9927798931281,195.79788913753003
88.43994140624991,46.379545719732135,2151.0622611687236
88.50097656249991,64.44910574074402,4153.687230781603
88.56201171874991,36.08226547482229,1301.9298817955528
88.62304687499991,16.904884218585426,285.7751104437786
88.68408203124991,59.180732842414656,3502.3591397652567
88.74511718749991,57.17743704049604,3269.2593065198885
88.80615234374991,22.83860360203753,521.6018144910016
88.86718749999991,33.00910323009874,1089.600896055315
88.92822265624991,64.85448702609429,4206.104487417832
88.98925781249991,45.81734358154447,2099.2289728692945
89.05029296874991,12.686926586076122,160.95810620048513
89.11132812499991,49.19890985113315,2420.532730539927
89.17236328124991,62.73575865411319,3935.775413907138
89.23339843749991,32.91833552824483,1083.616813950106
89.29443359374991,19.89702880838114,395.891755401549
89.35546874999991,60.49250347499904,3659.342976672771
89.41650390624991,54.42026521057196,2961.565265588989
89.47753906249991,19.96260739850066,398.50569414667325
89.53857421874991,36.44993050471894,1328.5974337988405
89.59960937499991,64.3912398282297,4146.2317666165945
89.66064453124991,42.68573266950443,1822.071773532398
89.72167968749991,12.470881774135128,155.52289222445572
89.78271484374991,51.71275271788172,2674.208793660783
89.84374999999991,60.76366393894914,3692.2228552855486
89.90478515624991,29.821182660246322,889.3029352557759
89.96582031249991,23.150233787146167,535.9333243995239
90.02685546874991,61.41418624927853,3771.702272661072
90.08789062499991,51.567035413540886,2659.15914134138
90.14892578124991,17.328189249890556,300.26614268002265
90.20996093749991,39.73228801765721,1578.6547111180669
90.27099609374991,63.57348790777207,4041.5883647596415
90.33203124999991,39.57794098361809,1566.4134125027565
90.39306640624991,13.416065226340868,179.99080615743264
90.45410156249991,53.89714270596599,2904.901991867263
90.51513671874991,58.569673380950974,3430.406639951277
90.57617187499991,26.801858741587456,718.339632004008
90.63720703124991,26.51781511648471,703.1945185520649
90.69824218749991,61.94791747106602,3837.5444790020065
90.75927734374991,48.6504133298905,2366.862717169187
90.82031249999991,15.075525886819664,227.2714807641698
90.88134765624991,42.81248933173646,1832.909242780048
90.94238281249991,62.42735577756437,3897.1747493785997
91.00341796874991,36.50802283187276,1332.8357310925426
91.06445312499991,15.312808752081688,234.48211187782954
91.12548828124991,55.733656690337554,3106.240488076408
91.18652343749991,56.191025733415444,3157.4313729733567
91.24755859374991,23.87880530852863,570.197342962615
91.30859374999991,29.9001864983737,894.0211526375289
91.36962890624991,62.101419358007895,3856.586286279158
91.43066406249991,45.6992550242633,2088.4219097726545
91.49169921874991,13.421090722393172,180.1256761787081
91.55273437499991,45.65316968875187,2084.211902629973
91.61376953124991,60.98240208306112,3718.853363820137
91.67480468749991,33.486700448409344,1121.3591069214986
91.73583984374991,17.848297813183056,318.56173482807503
91.79687499999991,57.20946872817117,3272.923312159595
91.85791015624991,53.664320193616796,2879.8592618430275
91.91894531249991,21.084985035461916,444.5765939456529
91.97998046874991,33.22434454088144,1103.8570701711983
92.04101562499991,61.88768716342817,3830.085822438352
92.10205078124991,42.73817250991839,1826.5513894875442
92.16308593749991,12.62997730754686,159.51632678914862
92.22412109374991,48.222520999721525,2325.4115315685835
92.28515624999991,59.27085193018964,3513.0338885304654
92.34619140624991,30.523092267336267,931.659161560323
92.40722656249991,20.762658848640722,431.08800246503887
92.46826171874991,58.31737794731028,3400.916570649431
92.52929687499991,51.024602833246796,2603.510094290577
92.59033203124991,18.47880249628281,341.4661416966278
92.65136718749991,36.432863387285344,1327.353534596597
92.71240234374991,61.324572660667606,3760.703212013501
92.77343749999991,39.78733682182833,1583.0321713736166
92.83447265624991,12.886179612176543,166.0536249972744
92.89550781249991,50.494073002608495,2549.651408392756
92.95654296874991,57.326750606622774,3286.3563351139246
93.01757812499991,27.627189414639453,763.2615949523663
93.07861328124991,23.876936134306316,570.1080791617427
93.13964843749991,59.055776837717744,3487.5847779063197
93.20068359374991,48.304517032828585,2333.326365774827
93.26171874999991,16.15992523163563,261.1431834920538
93.32275390624991,39.47829690251909,1558.5359263234484
93.38378906249991,60.434256525177304,3652.2993617509355
93.44482421874991,36.86271455467765,1358.8597243396437
93.50585937499991,14.145551561346826,200.09662897472163
93.56689453124991,52.44664645082995,2750.650723938354
93.62792968749991,55.185052287904256,3045.389996018727
93.68896484374991,24.813520967890938,615.7108228239632
93.74999999999991,27.070395276939667,732.8063004497575
93.81103515624991,59.42852040150111,3531.7490371116337
93.87207031249991,45.53354547603258,2073.303763617927
93.93310546874991,14.28704025901402,204.1195193626874
93.99414062499991,42.32044129988685,1791.0197518171688
94.05517578124991,59.24263867827188,3509.6902375642753
94.11621093749991,33.97673223735324,1154.418333528799
94.17724609374991,16.173498416407014,261.5820510255202
94.23828124999991,54.06440720057658,2922.960125949757
94.29931640624991,52.8807137080319,2796.3698822708325
94.36035156249991,22.10653432635423,488.69885992227785
94.42138671874991,30.25738769891396,915.5095103623897
94.48242187499991,59.44467898155219,3533.669859219792
94.54345703124991,42.73745330463417,1826.4899149657863
94.60449218749991,13.078399844565178,171.04454249432246
94.66552734374991,44.925017628085904,2018.2572088838292
94.72656249999991,57.778624963072836,3338.3695026234236
94.78759765624991,31.139497758057047,969.6683206240399
94.84863281249991,18.704885987337875,349.87275979930877
94.90966796874991,55.33691795188571,3062.174488413731
94.97070312499991,50.447785478375366,2544.9790596721805
95.03173828124991,19.5485307562561,382.14505472829063
95.09277343749991,33.3729425638248,1113.753295368349
95.15380859374991,59.1182116410994,3494.9629476418204
95.21484374999991,39.937978923856505,1595.0421605224064
95.27587890624991,12.750436610157788,162.57363374965203
95.33691406249991,47.2631093958111,2233.8015097604075
95.39794921874991,56.07336003544259,3144.2217056643703
95.45898437499991,28.360739633222853,804.3315525434575
95.52001953124991,21.532257865206265,463.6381287737371
95.58105468749991,56.25912621167917,3165.089282101646
95.64208984374991,47.91855236459355,2296.1876607182944
95.70312499999991,17.211201160553777,296.2254453890477
95.76416015624991,36.364874175933,1322.4040738314386
95.82519531249991,58.46752351094709,3418.4513055031507
95.88623046874991,37.15283232228353,1380.3329495677158
95.94726562499991,13.387166125891264,179.21621688221052
96.00830078124991,49.310978182958316,2431.572569360191
96.06933593749991,54.15939933075253,2933.2405358679175
96.13037109374991,25.652640321568633,658.0579554677688
96.19140624999991,24.51076624232819,600.7776617860552
96.25244140624991,56.831286321999954,3229.795105013139
96.31347656249991,45.322764502459364,2054.1529821453905
96.37451171874991,15.210269792428129,231.35230715845162
96.43554687499991,39.18965801178378,1535.8292950805685
96.49658203124991,57.51493183553546,3307.96738404629
96.55761718749991,34.39609078625026,1183.0910613759702
96.61865234374991,14.872064643182643,221.17830675100328
96.67968749999991,51.05003550535271,2606.1061250977723
96.74072265624991,52.06985060750734,2711.2693422881325
96.80175781249991,23.033933938741576,530.562112694311
96.86279296874991,27.538978522467776,758.3953380609414
96.92382812499991,57.0587938214434,3255.705952357988
96.98486328124991,42.687009422577404,1822.180773443212
97.04589843749991,13.715260792983306,188.10837861954508
97.10693359374991,41.810358781112726,1748.10610140537
97.16796874999991,56.28604688721966,3168.11907419029
97.22900390624991,31.679074658414688,1003.5637712134117
97.29003906249991,16.97685419519457,288.21357836489545
97.35107421874991,52.4668655959138,2752.7719854596835
97.41210937499991,49.83750489197476,2483.7768938576082
97.47314453124991,20.535842804374774,421.72083968599117
97.53417968749991,30.542223631214174,932.8274243390975
97.59521484374991,56.951914118949226,3243.520521812168
97.65624999999991,40.03428164000433,1602.7437064311878
97.71728515624991,12.928436350276161,167.14446646314198
97.77832031249991,44.19563896571394,1953.2545035877324
97.83935546874991,54.80907793933614,3004.0350245602235
97.90039062499991,29.011809490949265,841.6850899391338
97.96142578124991,19.48067254677684,379.4966028747449
98.02246093749991,53.553242001055715,2867.949728823638
98.08349609374991,47.493997098281234,2255.6797603715463
98.14453124999991,18.210608961687537,331.62627875549447
98.20556640624991,33.46227462862784,1119.7238233217104
98.26660156249991,56.52542686957563,3195.123882787743
98.32763671874991,37.38381856540482,1397.5498905311063
98.38867187499991,13.001982935344863,169.05156025099902
98.44970703124991,46.31932647019614,2145.4800046526125
98.51074218749991,53.114075787697416,2821.1050467812647
98.57177734374991,26.405224726250793,697.2358928438063
98.63281249999991,22.215531741598184,493.52985056195644
98.69384765624991,54.30608717318636,2949.1511040617165
98.75488281249991,45.069024489256584,2031.2169684132098
98.81591796874991,16.142887272393274,260.5928094891968
98.87695312499991,36.251598681439845,1314.178406960171
98.93798828124991,55.798175190469266,3113.4363545863
98.99902343749991,34.75126660755639,1207.6505308294636
99.06005859374991,13.936261834908464,194.21939393112623
99.12109374999991,48.160270459023614,2319.4116506863024
99.18212890624991,51.23213164233834,2624.731312617885
99.24316406249991,23.874328921089973,569.9835814323931
99.30419921874991,25.061764682508276,628.0920490014191
99.36523437499991,54.727343773739946,2995.0821565291126
99.42626953124991,42.58967039275096,1813.8800241631677
99.48730468749991,14.461012395582221,209.12087950518267
99.54833984374991,38.87027644699431,1510.8983910657607
99.60937499999991,54.792519141974836,3002.220153923679
99.67041015624991,32.14925705975542,1033.5747294942337
99.73144531249991,15.578677952840915,242.69520675833158
99.79248046874991,49.702318774823894,2470.320491594212
99.85351562499991,49.194566322336584,2420.105355642773
99.91455078124991,21.442712836745848,459.78993379914516
99.97558593749991,27.932703961726947,780.2359506134762
100.03662109374991,54.82379203636659,3005.648173246773
100.09765624999991,40.07989066903347,1606.397636041676
100.15869140624991,13.334994156955409,177.82206916603488
100.21972656249991,41.28445539049433,1704.4062568897164
100.28076171874991,53.53371017232634,2865.8581248146365
100.34179687499991,29.58849808603127,875.479218987076
100.40283203124991,17.721614791697885,314.05563082532524
100.46386718749991,50.93430349060701,2594.3032720732613
100.52490234374991,47.03209320369856,2212.017791121388
100.58593749999991,19.14901155714378,366.68464361562604
100.64697265624991,30.762511040451805,946.3320855139192
100.70800781249991,54.60674008669748,2981.896062896133
100.76904296874991,37.56021335057371,1410.7696269406156
100.83007812499991,12.935059348818545,167.31576035745803
100.89111328124991,43.465580583229546,1889.2566954372212
100.95214843749991,52.04922056113262,2709.121361021431
101.01318359374991,27.07944809883957,733.296509337746
101.07421874999991,20.181744663803453,407.30281767495916
101.13525390624991,51.850050300850036,2688.427716200679
101.19628906249991,44.77406577451531,2004.716965980623
101.25732421874991,17.055592281506524,290.8932280729849
101.31835937499991,33.49871518948712,1122.1639193463752
101.37939453124991,54.0916693568405,2925.9086938097576
101.44042968749991,35.04772190346398,1228.3428106225488
101.50146484374991,13.345622421335696,178.10563781285805
101.56249999999991,45.390091207408176,2060.260379816833
101.6235351562499,50.368000740002614,2536.935498544904
101.6845703124999,24.634795272846514,606.8731381350609
101.7456054687499,22.820927274039693,520.7947216470087
101.8066406249999,52.4482865017662,2750.8227569713504
101.8676757812499,42.44776276266857,1801.8125635557922
101.9287109374999,15.258708219422612,232.8281765254752
101.9897460937499,36.0979287840294,1303.0604624968582
102.0507812499999,53.29774561680176,2840.6496878333114
102.1118164062499,32.55638733452077,1059.9183562753444
102.1728515624999,14.506909121421868,210.450412257193
102.2338867187499,47.039271782612275,2212.6930898384635
102.2949218749999,48.51970115102835,2354.161399785102
102.3559570312499,22.272954572656335,496.0845053956127
102.4169921874999,25.53851766950941,652.2158847558444
102.4780273437499,52.73249074132354,2780.7155797837727
102.5390624999999,40.07780943627838,1606.2308092106443
102.6000976562499,13.893867267874294,193.03954765730867
102.6611328124999,38.523573686816,1484.0657296035422
102.7221679687499,52.247279532636874,2729.778218561496
102.7832031249999,30.097827042258015,905.8791926656778
102.8442382812499,16.25541219772132,264.23842571782706
102.9052734374999,48.39924898776256,2342.4873025794354
102.9663085937499,46.533898428137405,2165.403702920209
103.0273437499999,20.022981875342296,400.91980318028607
103.0883789062499,28.259386181571266,798.592907359181
103.1494140624999,52.71067494537029,2778.4152531964874
103.2104492187499,37.68578233226226,1420.21818999465
103.2714843749999,13.120036970928158,172.1353701185217
103.3325195312499,40.74469413369255,1660.1301000481599
103.3935546874999,50.965114668334316,2597.4429131564657
103.4545898437499,27.68258926196566,766.3257482466964
103.5156249999999,18.408661347231785,338.8788125970656
103.5766601562499,49.46096723907605,2446.387280224954
103.6376953124999,44.4393329391323,1974.854312075049
103.6987304687499,17.931287759850235,321.5310807265549
103.7597656249999,30.92497508933037,956.3540842757039
103.8208007812499,52.39506972903303,2745.243331910234
103.8818359374999,35.29003594160267,1245.386636759608
103.9428710937499,13.06439326292892,170.67837132846256
104.0039062499999,42.73537976803184,1826.3126839179051
104.0649414062499,49.47794760885865,2448.0672995849613
104.1259765624999,25.322066043015397,641.2070286868335
104.1870117187499,20.813904976316394,433.2186403631284
104.2480468749999,50.22013856159348,2522.062317145648
104.3090820312499,42.26319411077413,1786.177576444973
104.3701171874999,16.07000170249715,258.24495471826134
104.4311523437499,33.48776744520431,1121.4305684640858
104.4921874999999,51.80172569114827,2683.4187845809706
104.5532226562499,32.90583434450868,1082.7939339082473
104.6142578124999,13.750270717093644,189.06994479336294
104.6752929687499,44.47452024381733,1977.9829509177175
104.7363281249999,47.813614674092676,2286.1417482026104
104.7973632812499,23.031229560563553,530.4375350713764
104.8583984374999,23.355809509933987,545.4938378643229
104.9194335937499,50.67714125630006,2568.1726459109896
104.9804687499999,40.03050265597396,1602.4411428899384
105.0415039062499,14.544339906961504,211.53782332923296
105.1025390624999,35.908123521160874,1289.3933348109467
105.1635742187499,50.95003376516431,2595.9059406713827
105.2246093749999,30.545844150817892,933.0485948860556
105.2856445312499,15.080854097115656,227.4321602984901
105.3466796874999,45.9457086687115,2111.008145070111
105.4077148437499,46.000349120506385,2116.0321192084725
105.4687499999999,20.832443908417567,433.99071919736417
105.5297851562499,25.948394788310765,673.3191920900332
105.5908203124999,50.83684794729901,2584.3851092167997
105.6518554687499,37.76363257387963,1426.0919451749828
105.7128906249999,13.489948397926923,181.97870777873118
105.7739257812499,38.15255709347338,1455.6176127707463
105.8349609374999,49.86218233715761,2486.2372274239524
105.8959960937499,28.221078527117758,796.429273233747
105.9570312499999,16.89669262373799,285.4982216210818
106.0180664062499,47.13720710519908,2221.916293678431
106.0791015624999,44.06604157028521,1941.816019674104
106.1401367187499,18.76067259047501,351.96283604700034
106.2011718749999,28.525758857760128,813.7189184110804
106.2622070312499,50.708369365792514,2571.3387237376446
106.3232421874999,35.48202086825759,1258.9738048954673
106.3842773437499,13.044016187090918,170.14635828908987
106.4453124999999,40.19283716980362,1615.4641597583473
106.5063476562499,48.5625431415686,2358.3205963767114
106.5673828124999,25.942369690509164,673.0065451590485
106.6284179687499,19.040002001154388,362.5216762039631
106.6894531249999,48.04191556751069,2308.025651395826
106.7504882812499,42.03753540400966,1767.1543828433655
106.8115234374999,16.87018700190433,284.60320947922185
106.8725585937499,31.035423616860157,963.1975190779613
106.9335937499999,50.304722636456866,2530.565119530856
106.9946289062499,33.20212953889601,1102.381405917631
107.0556640624999,13.28642098507414,176.52898259261846
107.1166992187499,42.005547925618565,1764.4660565314382
107.1777343749999,47.077007471262654,2216.24463244932
107.2387695312499,23.722510437624837,562.7575014632193
107.2998046874999,21.382531242259514,457.2126423262042
107.3608398437499,48.657295608159075,2367.5324158997764
107.4218749999999,39.93998366945867,1595.2022955166253
107.4829101562499,15.241734618609794,232.31047418412822
107.5439453124999,33.43422009926238,1117.8470736459208
107.6049804687499,49.642425715903855,2464.3704309590325
107.6660156249999,30.9377269537376,957.1429490640219
107.7270507812499,14.19210536951677,201.41585481946674
107.7880859374999,43.571900016414,1898.5104710403782
107.8491210937499,45.43229147919499,2064.0931090505333
107.9101562499999,21.57924837653657,465.66396049625615
107.9711914062499,23.826602567223812,567.7069898964363
108.0322265624999,48.985235940192794,2399.5533401163557
108.0932617187499,37.79630680161312,1428.5608078416662
108.1542968749999,13.985600168287403,195.59701206720064
108.2153320312499,35.685908595700525,1273.4840723006926
108.2763671874999,48.74100453314517,2375.6855229000785
108.3374023437499,28.700538088947216,823.7208865951098
108.3984374999999,15.645802055461518,244.79112195868385
108.4594726562499,44.87765379935626,2014.0038105348754
108.5205078124999,43.65523262703646,1905.7793357206688
108.5815429687499,19.53935736841695,381.7864863707098
108.6425781249999,26.297760274811065,691.572195471431
108.7036132812499,49.031862548226314,2404.1235449481583
108.7646484374999,35.62682041691247,1269.2703330189315
108.8256835937499,13.229736258012972,175.02592145658306
108.8867187499999,37.75987579451545,1425.808220017234
108.9477539062499,47.6224502989436,2267.897772475353
109.0087890624999,26.501357829498446,702.3219668071185
109.0698242187499,17.499708605005868,306.2398012601164
109.1308593749999,45.91307685955257,2108.0106267111814
109.1918945312499,41.77209216870043,1744.907684150404
109.2529296874999,17.643975884466723,311.3098850116433
109.3139648437499,28.737626151246825,825.8511568088254
109.3749999999999,48.80725844456422,2382.1484768744854
109.4360351562499,33.449060962241695,1118.8396792557614
109.4970703124999,13.081561011667999,171.12723850199228
109.5581054687499,39.630448069628386,1570.5724141995122
109.6191406249999,46.310606882907784,2144.672309863226
109.6801757812499,24.351729266565485,593.0067182721019
109.7412109374999,19.618188321053587,384.8733130003234
109.8022460937499,46.672880858812455,2178.357807660902
109.8632812499999,39.8078956274837,1584.6685542886362
109.9243164062499,15.95486647502561,254.55776423589617
109.9853515624999,31.098897345399845,967.1414160997175
110.0463867187499,48.32511665657338,2335.316899871426
110.1074218749999,31.277874651947787,978.3054427429579
110.1684570312499,13.57577421030589,184.3016454092065
110.2294921874999,41.276569494795254,1703.755189258662
110.2905273437499,44.830534977363556,2009.7768663566171
110.3515624999999,22.266292957772126,495.7878020813326
110.4125976562499,21.89253230525793,479.2829707367621
110.4736328124999,47.15614153270128,2223.7016842521543
110.5346679687499,37.78588041302511,1427.7727585874347
110.5957031249999,14.559411681573325,211.97646851353377
110.6567382812499,33.34225202539952,1111.7057701252581
110.7177734374999,47.60231817659305,2265.9806957856013
110.7788085937499,29.125842796141825,848.3147185855667
110.8398437499999,14.653364230603328,214.72108327472506
110.9008789062499,42.68164307471699,1821.7226555575367
110.9619140624999,43.20783133018738,1866.9166882579223
111.0229492187499,20.266007310172782,410.71105229597663
111.0839843749999,24.238924009455854,587.5254371361755
111.1450195312499,47.3661246814378,2243.5497673375116
111.2060546874999,35.72702032709243,1276.419981452476
111.2670898437499,13.568016640807045,184.0910755652169
111.3281249999999,35.43455455328936,1255.6076563900397
111.3891601562499,46.65843236636946,2177.0093108870733
111.4501953124999,27.004092539242553,729.2210138679753
111.5112304687499,16.193640218963907,262.23398354124544
111.5722656249999,43.83346255335531,1921.3724394164024
111.6333007812499,41.46795325651449,1719.5911472844707
111.6943359374999,18.382404206881876,337.9127844251885
111.7553710937499,26.592138246575267,707.1418165249711
111.8164062499999,47.31008790106352,2238.2444172063565
111.8774414062499,33.649769605214196,1132.3069944839972
111.9384765624999,13.093462142330917,171.43875087265295
111.9995117187499,37.347868121881156,1394.8632532494266
112.0605468749999,45.51519504913024,2071.63298036037
112.1215820312499,24.923587878593572,621.1852327419765
112.1826171874999,18.063385429960537,326.2858931913106
112.2436523437499,44.72416699266023,2000.251113187359
112.3046874999999,39.63558641417714,1570.9797103957035
112.3657226562499,16.66281142263404,277.6492845062634
112.4267578124999,28.900041174597508,835.2123798934313
112.4877929687499,46.99896336658651,2208.9025575337405
112.5488281249999,31.569989405214802,996.6642310453749
112.6098632812499,13.209316781796264,174.48604984184442
112.6708984374999,39.058931339590515,1525.6001173908462
112.7319335937499,44.19587815344408,1953.2756457540754
112.7929687499999,22.896977912634497,524.271597531672
112.8540039062499,20.14598089568316,405.8605462492308
112.9150390624999,45.35015949363977,2056.6369660985656
112.9760742187499,37.734034655857215,1423.8573714094334
113.0371093749999,15.175577624458164,230.2981562359553
113.0981445312499,31.11979567506418,968.4416828577431
113.1591796874999,46.44701117256053,2157.3248468639626
113.2202148437499,29.501181071792224,870.3196846306719
113.2812499999999,13.911785811164803,193.53778445572632
113.3422851562499,40.54890747242364,1644.2138972071739
113.4033203124999,42.72467600605104,1825.3979398220335
113.4643554687499,20.94116264886236,438.532293086108
113.5253906249999,22.34834574984969,499.4485577548246
113.5864257812499,45.71199107423534,2089.5861279709716
113.6474609374999,35.78472202807781,1280.5463306267973
113.7084960937499,14.011868998776844,196.3324728388836
113.7695312499999,33.215523737305524,1103.2710171435067
113.8305664062499,45.67138333109452,2085.875255375778
113.8916015624999,27.455044067975365,753.7794447744693
113.9526367187499,15.121055378896287,228.64631577164832
114.0136718749999,41.80326878531401,1747.5132811372087
114.0747070312499,41.12606862844084,1691.353520831226
114.1357421874999,19.080685344930306,364.07255323223814
114.1967773437499,24.597697113630737,605.0467032939179
114.2578124999999,45.81418940178615,2098.9399505427346
114.3188476562499,33.80684076917843,1142.9024827925848
114.3798828124999,13.276701888939625,176.270813047773
114.4409179687499,35.156942413599275,1236.0105998731356
114.5019531249999,44.69162485030043,1997.3413317599907
114.5629882812499,25.442444091244134,647.3179613360835
114.6240234374999,16.719131136589066,279.529345962462
114.6850585937499,42.81172310479195,1832.843635201377
114.7460937499999,39.42416970684259,1554.265157073925
114.8071289062499,17.35202485952232,301.0927667254806
114.8681640624999,26.83634272719639,720.1892909715465
114.9291992187499,45.66501429132076,2085.293530226529
114.9902343749999,31.81716595552352,1012.332049441325
115.0512695312499,13.061725952318444,170.60868485346916
115.1123046874999,36.91861216129959,1362.983923916458
115.1733398437499,43.529135033234894,1894.7855967415974
115.2343749999999,23.4748707632205,551.0695573499047
115.2954101562499,18.587715896087253,345.5031822336548
115.3564453124999,43.568151803261294,1898.1838515520203
115.4174804687499,37.642132485221744,1416.9301380349862
115.4785156249999,15.808382719050591,249.90496419197737
115.5395507812499,29.017412226174077,842.0102123037168
115.6005859374999,45.27614538772028,2049.929341169984
115.6616210937499,29.83011621236489,889.8358332431945
115.7226562499999,13.406647693904135,179.73820238846508
115.7836914062499,38.47954363465398,1480.6752783312395
115.8447265624999,42.20657954007704,1781.3953564728495
115.9057617187499,21.566464661429464,465.1123979926859
115.9667968749999,20.626161698903598,425.43854642931774
116.0278320312499,44.07052364257912,1942.2110541311251
116.0888671874999,35.80162038594361,1281.7560222592128
116.1499023437499,14.523187495245335,210.92297502205045
116.2109374999999,31.101975199755625,967.3328613262139
116.2719726562499,44.6623079351861,1994.7217500973873
116.3330078124999,27.858107218121933,776.0741377763774
116.3940429687499,14.278068262437724,203.8632333068314
116.4550781249999,39.82299754964169,1585.8711338387682
116.5161132812499,40.74727486041112,1660.340408549892
116.5771484374999,19.736746494573076,389.5391621910426
116.6381835937499,22.753963303199967,517.7428460033708
116.6992187499999,44.320753365880265,1964.329178919187
116.7602539062499,33.92237689985556,1150.7276545358538
116.8212890624999,13.587813041868618,184.62866326077489
116.8823242187499,33.0572617133845,1092.7825519871967
116.9433593749999,43.84083660685596,1922.0189543890415
117.0043945312499,25.91225229410771,671.4448189534902
117.0654296874999,15.585815650683312,242.91764949708488
117.1264648437499,40.93638993583741,1675.7880209789305
117.18749999999989,39.17457761865345,1534.647531599904
117.24853515624989,18.014119479843558,324.50850063407916
117.30957031249989,24.907260623901045,620.3716317869315
117.37060546874989,44.32450348038247,1964.6616087824375
117.43164062499989,32.02195491189828,1025.405596379646
117.49267578124989,13.096498374298854,171.51826966801252
117.55371093749989,34.85562393944798,1214.914520208219
117.61474609374989,42.831175387826804,1834.5095851027806
117.67578124999989,24.003482966843258,576.1671945395344
117.73681640624989,17.219018365957258,296.49459348717335
117.79785156249989,41.81122187335754,1748.178274543132
117.85888671874989,37.51128438534881,1407.0964562385134
117.91992187499989,16.440007523619133,270.2738473766537
117.98095703124989,27.03459816530018,730.8694979592519
118.04199218749989,44.09092971853028,1944.010083444377
118.10302734374989,30.115644386717733,906.9520368272433
118.16406249999989,13.11615142423054,172.03342818334485
118.22509765624989,36.473963246830785,1330.3499949311629
118.28613281249989,41.65434083796368,1735.0841106452488
118.34716796874989,22.14416240263984,490.36392851448784
118.40820312499989,19.073344681935755,363.7924773559269
118.46923828124989,42.44300635639968,1801.4087885693834
118.53027343749989,35.779080508919726,1280.1426020637596
118.59130859374989,15.072771273936539,227.18843387640652
118.65234374999989,29.09361194559774,846.4382560410276
118.71337890624989,43.63235399260144,1903.7823149356825
118.77441406249989,28.216641962941292,796.1788836648194
118.83544921874989,13.655923131288041,186.4842365676478
118.89648437499989,37.89342692417815,1435.9118040580295
118.95751953124989,40.332348182936116,1626.69830994959
119.01855468749989,20.35026074292838,414.13311230517195
119.07958984374989,21.061430720852194,443.58386400925656
119.14062499999989,42.831158327350224,1834.5081236625424
119.20166015624989,33.998070680938255,1155.8688100260733
119.26269531249989,13.988791532493332,195.68628853955715
119.32373046874989,31.048832789131616,964.0300175674546
119.38476562499989,42.96387347450157,1845.8944239329794
119.44580078124989,26.336536514781965,693.6131555944438
119.50683593749989,14.661898849452648,214.97127787158087
119.56787109374989,39.09925196922856,1528.7515045532234
119.62890624999989,38.88761974832687,1512.246969690462
119.68994140624989,18.64423490680513,347.607495260131
119.75097656249989,23.11298262231087,534.2099656992442
119.81201171874989,42.97883856922983,1847.1805647599176
119.87304687499989,32.186438199384455,1035.9668039627948
119.93408203124989,13.275662650318589,176.24321880506398
119.99511718749989,32.870324824056546,1080.458254038988
120.05615234374989,42.102926784372315,1772.6564438102157
120.11718749999989,24.486144797991088,599.571287068186
120.17822265624989,16.04097407109166,257.31284914943495
120.23925781249989,40.080689365183204,1606.46165998831
120.30029296874989,37.342396621777944,1394.4545854581727
120.36132812499989,17.05849782438783,290.9923480246443
120.42236328124989,25.171447206019774,633.6017544454407
120.48339843749989,42.89273502080826,1839.7867175652714
120.54443359374989,30.360252589117593,921.7449372750215
120.60546874999989,13.012310489714132,169.32022428072443
120.66650390624989,34.53287273116054,1192.519299066531
120.72753906249989,41.06878651137526,1686.6452255169183
120.78857421874989,22.67677960472761,514.2363332413901
120.84960937499989,17.691389084999944,312.98524775685513
120.91064453124989,40.83091578346606,1667.1636837164979
120.97167968749989,35.71818870396135,1275.7890042917925
121.03271484374989,15.639157057851595,244.58323348014935
121.09374999999989,27.190620132922888,739.3298232129115
121.15478515624989,42.58279743134011,1813.294637078546
121.21582031249989,28.533500832065094,814.1606697334594
121.27685546874989,13.239926490375735,175.29565347055313
121.33789062499989,36.01558155223881,1297.1221145459642
121.39892578124989,39.882039250953056,1590.5770548145601
121.45996093749989,20.921990517650464,437.72968722065593
121.52099609374989,19.521297355516364,381.08105044249015
121.58203124999989,41.34696426062852,1709.571453569692
121.64306640624989,34.03527390036816,1158.3998694730822
121.70410156249989,14.448570370997468,208.76118576566589
121.76513671874989,29.132054363637653,848.6765914459396
121.82617187499989,42.06188875167807,1769.2024853585422
121.88720703124989,26.718387319938675,713.8722209782597
121.94824218749989,13.942484328449748,194.39286924906682
122.00927734374989,37.301607804308766,1391.4099447864687
122.07031249999989,38.56401572553524,1487.1833088793294
122.13134765624989,19.239905699652393,370.17397133151667
122.19238281249989,21.454354329656645,460.28931970245685
122.25341796874989,41.62958657668152,1733.022478545422
122.31445312499989,32.31229214534503,1044.0842236861263
122.37548828124989,13.563441111161453,183.96693477594462
122.43652343749989,30.963380725526733,958.7309459539204
122.49755859374989,41.34539877526772,1709.4419998859094
122.55859374999989,24.925924574573568,621.3017158973305
122.61962890624989,15.053530109764914,226.60876876559885
122.68066406249989,38.37806148936255,1472.875603681293
122.74169921874989,37.13622921410143,1379.0995202422803
122.80273437499989,17.65613142673545,311.73897695815515
122.86376953124989,23.42862551104374,548.9004933367296
122.92480468749989,41.68307861130077,1737.4790425158799
122.98583984374989,30.565979277917492,934.2790892180815
123.04687499999989,13.063588132264048,170.65733488943008
123.10791015624989,32.65724399713105,1066.4955854881518
123.16894531249989,40.450787522925864,1636.2662112248947
123.22998046874989,23.166912060412034,536.7058144148646
123.29101562499989,16.481831551624552,271.6507712961266
123.35205078124989,39.23590861366712,1539.4565247400378
123.41308593749989,35.6198219052076,1268.7717125587073
123.47412109374989,16.207079262699406,262.6694182274211
123.53515624999989,25.393651801015995,644.8375517912428
123.59619140624989,41.515057369691576,1723.4999884087829
123.65722656249989,28.811078565869703,830.0782481287166
123.71826171874989,13.009523519724583,169.2477022102671
123.77929687499989,34.19071740943145,1169.0051569715988
123.84033203124989,39.39710236674527,1552.1316748958059
123.90136718749989,21.453334741082266,460.24557151292726
123.96240234374989,18.135251330894743,328.88734083471957
124.02343749999989,39.86990197627504,1589.6090835977802
124.08447265624989,34.035049589551136,1158.384600563205
124.14550781249989,14.942981713970287,223.29270250405037
124.20654296874989,27.307702383745653,745.710609479228
124.26757812499989,41.13616043679528,1692.183695481761
124.32861328124989,27.060468093492887,732.2689334389465
124.38964843749989,13.418141245421541,180.04651448208276
124.45068359374989,35.54496101806414,1263.4442537756995
124.51171874999989,38.204447853297886,1459.5798357753574
124.57275390624989,19.800242766368758,392.0496136071383
124.63378906249989,19.93281450943319,397.3170942674703
124.69482421874989,40.27848295913121,1622.3561894890233
124.75585937499989,32.40084313804463,1049.8146360561736
124.81689453124989,13.928598555139413,194.00585771023174
124.87792968749989,29.135776425959403,848.8934679434917
124.93896484374989,40.559705112473935,1645.0896788108444
124.99999999999989,25.32556991007572,641.3844912701328
125.06103515624989,14.254387270099079,203.18755644596266
125.12207031249989,36.705035715343236,1347.2596468646225
125.18310546874989,36.893444092027785,1361.1262169715799
125.24414062499989,18.22816559014868,332.2660207818804
125.30517578124989,21.80733259761364,475.5597550229425
125.36621093749989,40.463634129321456,1637.305686951588
125.42724609374989,30.734469469568445,944.6076135758349
125.48828124999989,13.237982477558546,175.2441800761471
125.54931640624989,30.84829431142083,951.6172619240388
125.61035156249989,39.80128752574135,1584.1424887067342
125.67138671874989,23.617074844814205,557.7662242255559
125.73242187499989,15.445577759813267,238.5658723344382
125.79345703124989,37.65980356545657,1418.2608045887755
125.85449218749989,35.484688809952125,1259.1631399391415
125.91552734374989,16.765989453741373,281.0984023629669
125.97656249999989,23.70380926653534,561.8705737442867
126.03759765624989,40.4306877329301,1634.6405105577048
126.09863281249989,29.051344449167956,843.9806143042018
126.15966796874989,12.939662467905897,167.43486478333253
126.22070312499989,32.420299135104955,1051.075796009687
126.28173828124989,38.87832594376885,1511.52422818993
126.34277343749989,21.94603441616943,481.62842659569304
126.40380859374989,16.90513978166804,285.7837510377354
126.46484374999989,38.40185296484436,1474.7023111335254
126.52587890624989,33.99823781484821,1155.8801745149747
126.58691406249989,15.453921976331062,238.82370445052814
126.64794921874989,25.576909714936622,654.1783105660194
126.70898437499989,40.18808485389884,1615.0821642241735
126.77001953124989,27.36504028093098,748.8454295769751
126.83105468749989,13.074390677217115,170.93969158050183
126.89208984374989,33.83098924723071,1144.53583344624
126.95312499999989,37.809580615980536,1429.5643863563312
127.01416015624989,20.32538901796757,413.1214387317167
127.07519531249989,18.550236024259625,344.11125655573954
127.13623046874989,38.92740598859957,1515.3429370012575
127.19726562499989,32.45313183787009,1053.2057660861772
127.25830078124989,14.345425969545039,205.79124624769722
127.31933593749989,27.3887784287923,750.1451838214784
127.38037109374989,39.74706443243672,1579.8291309962765
127.44140624999989,25.68751221067108,659.8482835733759
127.50244140624989,13.6379018946562,185.99236808826714
127.56347656249989,35.06346172319109,1229.4463480136867
127.62451171874989,36.61463786130965,1340.6317057148503
127.68554687499989,18.77194994598301,352.38610477449157
127.74658203124989,20.309238591559442,412.46517216888736
127.80761718749989,39.23621065532346,1539.4802265889184
127.86865234374989,30.86702148283173,952.7730152215956
127.92968749999989,13.505669913335085,182.40311980796452
127.99072265624989,29.107478455593018,847.2453020428117
128.0517578124999,39.12131091764805,1530.4769679152887
128.1127929687499,24.029618750122918,577.422577276259
128.1738281249999,14.582053937723652,212.63629704268186
128.2348632812499,36.104571619548274,1303.5400918310906
128.2958984374999,35.313383050933695,1247.035022501971
128.3569335937499,17.308843330712563,299.59605744715276
128.4179687499999,22.122606411212292,489.4097144254112
128.4790039062499,39.331381772944646,1546.9575921691223
128.5400390624999,29.255898723880087,855.9076101419284
128.6010742187499,13.00303327518987,169.07887435569498
128.6621093749999,30.70597702565949,942.8570251003284
128.7231445312499,38.32655320015579,1468.9246802043722
128.7841796874999,22.401967535595926,501.8481494658938
128.8452148437499,15.832492800136372,250.66782826637004
128.9062499999999,36.94483876011153,1364.9211110106392
128.9672851562499,33.925494866597,1150.9392019434993
129.0283203124999,15.96822833625858,254.98431619889146
129.0893554687499,23.941154506822357,573.1788791195405
129.1503906249999,39.21918824141486,1538.1447263155337
129.2114257812499,27.633985456647572,763.6371522182095
129.2724609374999,12.892143233881152,166.20735716290756
129.3334960937499,32.16153171592087,1034.3641223141842
129.3945312499999,37.3801006233098,1397.2719226087659
129.4555664062499,20.816126650889984,433.3111287458923
129.5166015624999,17.30869351059536,299.590871043726
129.5776367187499,37.57836813346294,1412.133751574063
129.6386718749999,32.469956801657816,1054.2980947015246
129.6997070312499,14.793671157903171,218.85270632817617
129.7607421874999,25.723929129715025,661.7205298706011
129.8217773437499,38.9088038255555,1513.8950151355625
129.8828124999999,26.01383626405281,676.719677172949
129.9438476562499,13.194341135123038,174.0906379899999
130.0048828124999,33.45533464743531,1119.2594163718854
130.0659179687499,36.30037831704953,1317.7174659609195
130.1269531249999,19.286248475050535,371.95938024138906
130.1879882812499,18.936388398132237,358.5868055649172
130.2490234374999,38.00275563215979,1444.2094356376526
130.3100585937499,30.96464848793549,958.8094559814057
130.3710937499999,13.840632828709145,191.56311709914132
130.4321289062499,27.436467703101115,752.7597600233106
130.4931640624999,38.411981967190655,1475.4803586477801
130.5541992187499,24.406674045605758,595.6857379684458
130.6152343749999,13.8882950618411,192.8847397247599
130.6762695312499,34.572313539095255,1195.244863445509
130.7373046874999,35.10641438063735,1232.4603306650206
130.7983398437499,17.831125967717735,317.94905327661775
130.8593749999999,20.651945805479784,426.502865552474
130.9204101562499,38.21895819262508,1460.6887653296237
130.9814453124999,29.426001978477892,865.8895924373849
131.0424804687499,13.172449732490545,173.51343195499024
131.1035156249999,29.049586259391138,843.8784618418064
131.1645507812499,37.742697274195685,1424.5111975315783
131.2255859374999,22.82300913439956,520.8897459488857
131.2866210937499,14.91789074587828,222.5434643059608
131.3476562499999,35.5010149049529,1260.322059281688
131.4086914062499,33.81734700005634,1143.6129581222194
131.4697265624999,16.476591848972678,271.4780789576329
131.5307617187499,22.402249108240152,501.86076510764667
131.5917968749999,38.23112770864063,1461.6191258743893
131.6528320312499,27.868836801062056,776.6720646442308
131.7138671874999,12.84906012421091,165.09834607558687
131.7749023437499,30.538583295641672,932.6050697048446
131.8359374999999,36.91673418172462,1362.845262644115
131.8969726562499,21.273601961842587,452.56614043091275
131.9580078124999,16.210136863338366,262.7685371281614
132.0190429687499,36.23351261311071,1312.867436284453
132.0800781249999,32.45193072484932,1053.1278077704192
132.1411132812499,15.257916011039539,232.8040009999367
132.2021484374999,24.143040306830716,582.8863952572526
132.2631835937499,38.046377565807255,1447.5268458799617
132.3242187499999,26.306308697774544,692.0218773026086
132.3852539062499,12.909739403274264,166.66137146045216
132.4462890624999,31.882786265943462,1016.5120600798331
132.5073242187499,35.95124055408863,1292.4916973779468
132.5683593749999,19.770777798000825,390.88365473792237
132.6293945312499,17.691045389615045,312.97308697741977
132.6904296874999,36.765341989504854,1351.6903716052489
132.7514648437499,31.028109184103208,962.7435595406298
132.8124999999999,14.221326942066742,202.2461399931534
132.8735351562499,25.837151903974306,667.5584185090431
132.9345703124999,37.67452814351379,1419.3700708364127
132.9956054687499,24.750117289316194,612.5683058349084
133.0566406249999,13.358154852724066,178.4403010693555
133.1176757812499,33.06525752529458,1093.3112552140497
133.1787109374999,34.86425602530805,1215.5163481982288
133.2397460937499,18.33013476693158,335.9938405738738
133.3007812499999,19.29403789461278,372.259898278754
133.3618164062499,37.09537217495732,1376.0666367985978
133.4228515624999,29.56263434898628,873.9493496518634
133.4838867187499,13.422771576948358,180.1707968069327
133.5449218749999,27.453129900930655,753.6743413573728
133.6059570312499,37.12776298818813,1378.4707845070725
133.6669921874999,23.210934830465302,538.7474957041073
133.7280273437499,14.160235969759894,200.51228271928193
133.7890624999999,34.07265036488535,1160.9455028877217
133.8500976562499,33.674224291597156,1133.953381640792
133.9111328124999,16.97261377493229,288.0696183530214
133.9721679687499,20.962305691938692,439.4182599222853
134.0332031249999,37.22568072741681,1385.7513056195712
134.0942382812499,28.070811947077193,787.9704833681717
134.1552734374999,12.921405202777656,166.9627124143695
134.2163085937499,28.964280337071152,838.9295354444465
134.2773437499999,36.42026978758883,1326.4360514007556
134.3383789062499,21.699138530496338,470.8526129656708
134.3994140624999,15.255922925601313,232.74318431188772
134.4604492187499,34.89510396952784,1217.6682810441575
134.5214843749999,32.399515394365594,1049.7285977897332
134.5825195312499,15.72675183300197,247.33072321683082
134.6435546874999,22.648180882336515,512.9400972790332
134.7045898437499,37.16136352278081,1380.966938872264
134.7656249999999,26.56637860554607,705.772472213216
134.8266601562499,12.766539681919554,162.9845354500266
134.8876953124999,30.3480665410425,921.0051427795432
134.9487304687499,35.567829884044066,1265.0705226602981
135.0097656249999,20.225867115403492,409.08570056996035
135.0708007812499,16.575449806574976,274.74553629028645
135.1318359374999,35.52616424540403,1262.108345991424
135.1928710937499,31.057975341982083,964.597832343167
135.2539062499999,14.63059515238322,214.05431451293938
135.3149414062499,24.31162296613993,591.0550112477424
135.3759765624999,36.910296021760836,1362.3699524140138
135.4370117187499,25.061564266914072,628.0820035046643
135.4980468749999,12.98186224151941,168.52874725778736
135.5590820312499,31.58573898075576,997.6589069604339
135.6201171874999,34.58737057390803,1196.2862032168393
135.6811523437499,18.804427294737522,353.6064858830695
135.7421874999999,18.051302786562836,325.8495322921712
135.8032226562499,35.96269411561654,1293.3153680534008
135.8642578124999,29.666526216009167,880.1027777251592
135.9252929687499,13.732078689986887,188.56998514799199
135.9863281249999,25.91878096875808,671.7832069064561
136.0473632812499,36.48285351031239,1330.9986002549128
136.1083984374999,23.56736968041356,555.4209136532763
136.1694335937499,13.55602589998544,183.7658382010761
136.2304687499999,32.662126318547124,1066.8144956487288
136.2915039062499,33.4965060361452,1122.0159166295118
136.3525390624999,17.45205685955093,304.57428862899866
136.4135742187499,19.623695751526533,385.0894349484805
136.4746093749999,36.204756113647846,1310.784365248721
136.5356445312499,28.240853727797557,797.5458192748572
136.5966796874999,13.08589638903724,171.24068430461787
136.6577148437499,27.440893884814955,753.0026571976748
136.7187499999999,35.8915775025299,1288.2053356201104
136.7797851562499,22.094103613605633,488.14941448874146
136.8408203124999,14.446246617436072,208.69404133178315
136.9018554687499,33.565510166398454,1126.643472730598
136.9628906249999,32.31306823564048,1044.1343788011577
137.0239257812499,16.19194225118251,262.17899386562937
137.0849609374999,21.241657592480866,451.20801727620005
137.1459960937499,36.25545675697268,1314.4581446567158
137.2070312499999,26.795209628510474,717.9832590358204
137.2680664062499,12.744829677276059,162.43068350277656
137.3291015624999,28.853545526299456,832.5270894382354
137.3901367187499,35.15080096410642,1235.578808418225
137.4511718749999,20.65221450457144,426.51396394283097
137.5122070312499,15.591484885573898,243.0944009370793
137.5732421874999,34.28753359198387,1175.6349598214226
137.6342773437499,31.05465287010754,964.3914648828784
137.6953124999999,15.055203221226408,226.659144032426
137.7563476562499,22.862177232494016,522.6791478099677
137.8173828124999,36.12075019083192,1304.7085943484842
137.8784179687499,25.342360552284063,642.2352383619634
137.9394531249999,12.746146230554416,162.46424373067654
138.0004882812499,30.13620201926785,908.1906721461236
138.0615234374999,34.27623691960167,1174.8604173686647
138.1225585937499,19.253432390233254,370.694658805283
138.1835937499999,16.926190616578797,286.4959287887601
138.2446289062499,34.8231204979378,1212.6497212138959
138.3056640624999,29.738201856853966,884.3606496789927
138.3666992187499,14.082115176922041,198.3059678560981
138.4277343749999,24.448869377918495,597.7472138585207
138.4887695312499,35.80918610278851,1282.2978093441416
138.5498046874999,23.893738428890533,570.9107361082403
138.6108398437499,13.098802651872507,171.57863091270224
138.6718749999999,31.27192254228641,977.933139490761
138.7329101562499,33.28454661392241,1107.8610432943738
138.7939453124999,17.912250835462316,320.8487299925205
138.8549804687499,18.388969498378593,338.15419921229824
138.9160156249999,35.170382215738975,1236.9557852011683
138.9770507812499,28.3796603522991,805.4051217118575
139.0380859374999,13.32114262167127,177.4528407469069
139.0991210937499,25.970821561337218,674.4835725708181
139.1601562499999,35.331622871362036,1248.3235747241529
139.2211914062499,22.459811571723268,504.4431358373144
139.2822265624999,13.77952829228851,189.8753999579795
139.3432617187499,32.24720365155528,1039.8821433448802
139.4042968749999,32.192877987317786,1036.38139310633
139.4653320312499,16.647694359189952,277.1457274770049
139.5263671874999,19.9259871611204,397.044964345135
139.5874023437499,35.33048130612172,1248.2429093222163
139.6484374999999,26.993698068294385,728.65973540224
139.7094726562499,12.823896237117227,164.45231470034938
139.7705078124999,27.401691384164863,750.8526907130149
139.8315429687499,34.70088155901545,1204.1511809728186
139.8925781249999,21.050712252848243,443.13248635221515
139.9536132812499,14.740238583123144,217.2746334873922
140.0146484374999,33.0518533853092,1092.4250122039753
140.0756835937499,31.018431806333144,962.1431117241397
140.1367187499999,15.485204417459379,239.79155585050344
140.1977539062499,21.49128866574532,461.8754885143932
140.2587890624999,35.307472344281656,1246.617603342214
140.3198242187499,25.593595617319092,655.0321366228551
140.3808593749999,12.634937076996573,159.6416349396627
140.4418945312499,28.719178851660235,824.7912339136485
140.5029296874999,33.93137864256149,1151.338456584878
140.5639648437499,19.677147455843144,387.19013199899433
140.6249999999999,15.92094945666352,253.4766316016344
140.68603515624986,33.678950087924285,1134.2716790248953
140.74707031249986,29.778026229649555,886.7308461336969
140.80810546874986,14.458209911682363,209.03983385027013
140.86914062499986,23.045882814259134,531.1127146885644
140.93017578124986,35.10808888075148,1232.5779048587458
140.99121093749986,24.191260764518354,585.2170973769252
141.05224609374986,12.778954629442868,163.30168142135932
141.11328124999986,29.904608420542534,894.2856047859834
141.17431640624986,33.03870208604691,1091.5558355305604
141.23535156249986,18.35164882914467,336.7830147482469
141.29638671874986,17.260740807330404,297.93317321784104
141.35742187499986,34.12469886995594,1164.4950729651723
141.41845703124986,28.487720635927044,811.5502270306235
141.47949218749986,13.608484860022411,185.1908601854592
141.54052734374986,24.55658094834342,603.0256678725431
141.60156249999986,34.74147255112687,1206.9699150207016
141.66259765624986,22.79747230283461,519.7247433985111
141.72363281249986,13.251846467275383,175.61143479223907
141.78466796874986,30.942742341554215,957.453303615812
141.84570312499986,32.03919742392237,1026.5101715690737
141.90673828124986,17.090062951839105,292.07025169782355
141.96777343749986,18.703840610233975,349.8336535730376
142.02880859374986,34.38838014942501,1182.560689301368
142.08984374999986,27.16250659529215,737.8017645392896
142.15087890624986,12.983658094639539,168.5753775184988
142.21191406249986,25.99509079810931,675.7447456019473
142.27294921874986,34.21888990090123,1170.9324260500002
142.33398437499986,21.42231737879706,458.9156818779106
142.39501953124986,14.021512145904236,196.60280285774002
142.45605468749986,31.821644862762042,1012.6170817717499
142.51708984374986,30.949524757756464,957.8730827309803
142.57812499999986,15.913286014344502,253.23267177433232
142.63916015624986,20.201614250341365,408.1052183195953
142.70019531249986,34.472178702931046,1188.3311045268129
142.76123046874986,25.816115438909314,666.4718163550918
142.82226562499986,12.63047908590628,159.52900193951595
142.88330078124986,27.337299918687794,747.3279668442876
142.94433593749986,33.55337789783671,1125.8291683550372
143.00537109374986,20.075929772928017,403.0429562475376
143.06640624999986,15.037288108318144,226.12003365256626
143.12744140624986,32.53258667285175,1058.3691956266114
143.18847656249986,29.78622923848261,887.2194522474363
143.24951171874986,14.848923090306979,220.49051694185175
143.31054687499986,21.71244370802736,471.430211774257
143.37158203124986,34.38101301591598,1182.0540560005843
143.43261718749986,24.46093807754864,598.337491633669
143.49365234374986,12.583987765281043,158.35674807674297
143.55468749999986,28.56283311059175,815.8354353035164
143.61572265624986,32.75936624200136,1073.1760765775784
143.67675781249986,18.769482856039133,352.2934866831469
143.73779296874986,16.241511181255884,263.7866854508599
143.79882812499986,33.069963694037796,1093.622498724978
143.85986328124986,28.56535452167521,815.9794789489904
143.92089843749986,13.932307280634854,194.10918616203097
143.98193359374986,23.200821001228416,538.2780951310415
144.04296874999986,34.122310296006056,1164.3320599369208
144.10400390624986,23.108141760904516,533.9862156420593
144.16503906249986,12.856594360248913,165.29201854398414
144.22607421874986,29.654775905152768,879.4057339848291
144.28710937499986,31.852273761625653,1014.5673437855461
144.34814453124986,17.516466332910284,306.82659279197946
144.40917968749986,17.57795413677178,308.9844716344521
144.47021484374986,33.4312139859163,1117.6460685721256
144.53124999999986,27.302096597808365,745.4044786360591
144.59228515624986,13.205754918112623,174.39196295725574
144.65332031249986,24.636407097175894,606.9525546577788
144.71435546874986,33.70573948188782,1136.0768740208912
144.77539062499986,21.767981381514062,473.84501342594285
144.83642578124986,13.433296975219228,180.45346762443407
144.89746093749986,30.599493536336418,936.3290046802942
144.95849609374986,30.8480892913119,951.604612924752
145.01953124999986,16.334219522285004,266.80672740219654
145.08056640624986,18.995920063684412,360.844979065888
145.14160156249986,33.616694670452766,1130.0821605664473
145.20263671874986,26.010545749843764,676.5484902047156
145.26367187499986,12.714615094238367,161.6614369946341
145.32470703124986,25.993268587332373,675.6500118531999
145.38574218749986,33.1429020905585,1098.4519589843471
145.44677734374986,20.45033533450673,418.21621529377444
145.50781249999986,14.275985332804181,203.8037572224401
145.56884765624986,31.386532513526745,985.1144232226716
145.62988281249986,29.76295213293133,885.8333196671615
145.69091796874986,15.245532415534806,232.42625863312253
145.75195312499986,20.45131687709919,418.2563620075222
145.81298828124986,33.62953377430881,1130.945541877377
145.87402343749986,24.703548778079625,610.2653222309593
145.93505859374986,12.499235563356217,156.23088966826882
145.99609374999986,27.24932992768523,742.5259815078421
146.05712890624986,32.44698286411999,1052.806696984496
146.11816406249986,19.165509000115232,367.316735233498
146.17919921874986,15.33342494173232,235.11392044373878
146.24023437499986,32.008535493648786,1024.546344448174
146.30126953124986,28.612749379266788,818.689427040732
146.36230468749986,14.2799672654039,203.91746510100697
146.42333984374986,21.90629189011178,479.8856243747772
146.48437499999986,33.47543784741362,1120.6049390760525
146.54541015624986,23.392710927757317,547.2189245496166
146.60644531249986,12.584445586950578,158.36827073091987
146.66748046874986,28.386024029769306,805.7663602186404
146.72851562499986,31.632373218994072,1000.6070354657334
146.78955078124986,17.925308067904258,321.31666932927345
146.85058593749986,16.551017960611084,273.93619553247066
146.91162109374986,32.461156929012596,1053.7267091699825
146.97265624999986,27.412749879625206,751.4588559628918
147.03369140624986,13.474160989705698,181.55301437650684
147.09472656249986,23.32841261538818,544.2148351538025
147.15576171874986,33.16245641940665,1099.7485157690455
147.21679687499986,22.088570989926005,487.90496837700067
147.27783203124986,12.971372047943419,168.25649280616784
147.33886718749986,29.388078579207342,863.6591625776654
147.39990234374986,30.714271250876152,943.3664584723973
147.46093749999986,16.74434939887058,280.37323679145754
147.52197265624986,17.877049539925707,319.58890025295796
147.58300781249986,32.74297270054833,1072.102261268853
147.64404296874986,26.177314042660047,685.2517704880469
147.70507812499986,12.869909737265044,165.63457664534957
147.76611328124986,24.68987702255289,609.5900273887851
147.82714843749986,32.700710063250426,1069.3364386407677
147.88818359374986,20.801001962764726,432.681682654942
147.94921874999986,13.636455598988908,185.95292130319595
148.01025390624986,30.243378810529503,914.6619618771849
148.07128906249986,29.708274924949254,882.5815990163686
148.13232421874986,15.641541889670375,244.65783268631307
148.19335937499986,19.265365462231777,371.154306393353
148.25439453124986,32.85534824169338,1079.473908082944
148.31542968749986,24.919679259682383,620.9904144054443
148.37646484374986,12.508843140457813,156.47115671257848
148.43749999999986,25.966895956559824,674.279685618803
148.49853515624986,32.102069056362616,1030.5428376994741
148.55957031249986,19.539826835045425,381.8048327435613
148.62060546874986,14.537956860700854,211.35218968359902
148.68164062499986,30.942870774472475,957.4612517657029
148.74267578124986,28.62998331630914,819.6759446921398
148.80371093749986,14.641498383700034,214.3734749198907
148.86474609374986,20.67585289766436,427.49089304585567
148.92578124999986,32.802278604245956,1075.989481630572
148.98681640624986,23.651884501183712,559.4116404573343
149.04785156249986,12.42371194009789,154.3486183705309
149.10888671874986,27.13927896344028,736.5404626554321
149.16992187499986,31.379804409700252,984.6921247910434
149.23095703124986,18.315696898309515,335.4647528707448
149.29199218749986,15.625474880196137,244.15546523164048
149.35302734374986,31.480489411724754,991.0212136017144
149.41406249999986,27.494609815634334,755.9535689139759
149.47509765624986,13.775410354246507,189.76193042788188
149.53613281249986,22.073961824484357,487.25979062879276
149.59716796874986,32.590182681964414,1062.1200072438132
149.65820312499986,22.38483698073539,501.0809266540987
149.71923828124986,12.629102993684352,159.49424242508707
149.78027343749986,28.19015294907763,794.6847232923901
149.84130859374986,30.548218582586113,933.1936585694596
149.90234374999986,17.141206438193887,293.82095815677957
149.96337890624986,16.847823393181113,283.84915308782075
150.02441406249986,31.853078782228827,1014.6186279068763
150.08544921874986,26.316672077024737,692.5672292096535
150.14648437499986,13.080481578968094,171.09899833772363
150.20751953124986,23.429982977954015,548.9641023472149
150.26855468749986,32.22766575431263,1038.6224399716953
150.32958984374986,21.128575800046352,446.41671533830436
150.39062499999986,13.116335891270111,172.0382672126205
150.45166015624986,29.105793998102442,847.1472442599761
150.51269531249986,29.622247599982693,877.4775528746804
150.57373046874986,16.032216297921664,257.03195942334503
150.63476562499986,18.15751522644541,329.69535919859686
150.69580078124986,32.060275984953954,1027.8612962314153
150.75683593749986,25.109719093890696,630.497992974099
150.81787109374986,12.596821670421187,158.67991619639284
150.87890624999986,24.718397816084654,610.9991905942186
150.93994140624986,31.725226885966705,1006.4900209660647
151.00097656249986,19.892727262289412,395.7205979318324
151.06201171874986,13.85556041586403,191.97655443765822
151.12304687499986,29.875514894846944,892.5463902322216
151.18408203124986,28.61706614000885,818.936474461641
151.24511718749986,15.00922717358071,225.2769003481536
151.30615234374986,19.512442389070447,380.73540798679323
151.36718749999986,32.10438044874624,1030.6912439978398
151.42822265624986,23.886192246443702,570.5501800340672
151.48925781249986,12.361025219051415,152.79494446602507
151.55029296874986,25.917396975228392,671.7114659715778
151.61132812499986,31.094942079456384,966.8954229247473
151.67236328124986,18.687218139672567,349.2121217997074
151.73339843749986,14.803298888845996,219.1376579925091
151.79443359374986,30.4915968684691,929.7374795892346
151.85546874999986,27.547710478982477,758.876352633841
151.91650390624986,14.09852732487376,198.76847273021207
151.97753906249986,20.875988807759477,435.80690870169894
152.03857421874986,31.99018493966806,1023.3719324741653
152.09960937499986,22.657396720085227,513.3576261313289
152.16064453124986,12.39752715976428,153.69867967709297
152.22167968749986,27.008532118379712,729.4608071895485
152.28271484374986,30.350119021187403,921.1297246002414
152.34374999999986,17.523194599266457,307.0623489637611
152.40478515624986,15.910900702178088,253.15676115457117
152.46582031249986,30.94919115681137,957.8524332608511
152.52685546874986,26.428730179975783,698.4777789259628
152.58789062499986,13.332458715328148,177.75445539592948
152.64892578124986,22.216519882127557,493.573755672969
152.70996093749986,31.7247492840566,1006.4597171362498
152.77099609374986,21.43364656379331,459.4012050216088
152.83203124999986,12.711199925617237,161.57460354901164
152.89306640624986,27.976522181742244,782.6857933855158
152.95410156249986,29.50491548122518,870.5400375542413
153.01513671874986,16.414182174494094,269.4253764574797
153.07617187499986,17.13068348036565,293.4603165044726
153.13720703124986,31.2462545085879,976.3284208154496
153.19824218749986,25.27389514479007,638.7697757898432
153.25927734374986,12.747937228893457,162.5099035918078
153.32031249999986,23.506766582112576,552.5680751459246
153.38134765624986,31.31716224274262,980.7646509382639
153.44238281249986,20.224595674530672,409.03427019824477
153.50341796874986,13.285292687577929,176.4990017946116
153.56445312499986,28.809106501127033,829.9646173932799
153.62548828124986,28.573967346618762,816.4716099256352
153.68652343749986,15.377360562236749,236.4632178610341
153.74755859374986,18.419051347813262,339.26145255338156
153.80859374999986,31.383420027735504,984.9190526372699
153.86962890624986,24.095988423634058,580.6166581119065
153.93066406249986,12.382199995776658,153.31887673541146
153.99169921874986,24.723289480676094,611.2410427453092
154.05273437499986,30.778239989135812,947.3000568288388
154.11376953124986,19.03977027791342,362.51285223571523
154.17480468749986,14.08569704163948,198.40686114885122
154.23583984374986,29.49695368733803,870.0702768329647
154.29687499999986,27.572001172834494,760.2152486747867
154.35791015624986,14.434786096115857,208.36304964061966
154.41894531249986,19.73749372291935,389.5686584622807
154.47998046874986,31.363850833300624,983.6911390935322
154.54101562499986,22.906710244675846,524.7173742335374
154.60205078124986,12.265758023326503,150.4488198867985
154.66308593749986,25.846095577504546,668.0206566015
154.72412109374986,30.120207703738537,907.2269121163503
154.78515624999986,17.889342363963042,320.0285702150828
154.84619140624986,15.068608511508737,227.06296247311354
154.90722656249986,30.033594971622872,902.0168269194907
154.96826171874986,26.513479813866848,702.9646118403248
155.02929687499986,13.614146747735294,185.34499166887147
155.09033203124986,21.05248355951419,443.20706402361526
155.15136718749986,31.1930611779599,973.0070656519491
155.21240234374986,21.716716299516246,471.6157668336746
155.27343749999986,12.414479408231918,154.1192989774143
155.33447265624986,26.858377320976626,721.3724323159515
155.39550781249986,29.35634870324197,861.7952091863365
155.45654296874986,16.78510235099311,281.73966093331444
155.51757812499986,16.187686852115228,262.0412056221442
155.57861328124986,30.41534095874773,925.0929656368774
155.63964843749986,25.41228590853848,645.7842750973033
155.70068359374986,12.94835849536388,167.65998772446198
155.76171874999986,22.334984990622726,498.85155453134246
155.82275390624986,30.878691321098188,953.4935777036645
155.88378906249986,20.53582894148086,421.72027031376297
155.94482421874986,12.824503849439752,164.46789898429503
156.00585937499986,27.746347561605077,769.859803009388
156.06689453124986,28.500640559660717,812.2865123109775
156.12792968749986,15.741610208029151,247.79829194152757
156.18896484374986,17.398673661876376,302.7138451924707
156.24999999999986,30.64118855808235,938.8824362519568
156.31103515624986,24.281470801768,589.5898242971118
156.37207031249986,12.473091892210363,155.5780213515239
156.43310546874986,23.55992576505418,555.0701020548638
156.49414062499986,30.430243606352555,925.9997259419605
156.55517578124986,19.373439593746376,375.3301616925397
156.61621093749986,13.472799396120255,181.5163235680983
156.67724609374986,28.49912727212895,812.200255273004
156.73828124999986,27.56737830431527,759.9603465732322
156.79931640624986,14.777397852236577,218.3714872832862
156.86035156249986,18.661521173989048,348.25237252724156
156.92138671874986,30.71269585336996,943.2696865816084
156.98242187499986,23.133090000212146,535.1398529579152
157.04345703124986,12.221615230779044,149.36787884921029
157.10449218749986,24.705775643272773,610.3753501357302
157.16552734374986,29.858793211667095,891.547532057097
157.22656249999986,18.2391133883772,332.66525719408037
157.28759765624986,14.32270142112537,205.13977599870668
157.34863281249986,29.108671622511725,847.3147636272193
157.40966796874986,26.57082021539552,706.0084869188713
157.47070312499986,13.91595439475804,193.65378671698562
157.53173828124986,19.9409194160291,397.6402671565663
157.59277343749986,30.633823993256804,938.4311724498363
157.65380859374986,21.978165396112743,483.0397541788876
157.71484374999986,12.217624875804479,149.2703576058764
157.77587890624986,25.754231570890777,663.2804438070673
157.83691406249986,29.176656883159605,851.2773068776248
157.89794921874986,17.143404131496812,293.89630521582194
157.95898437499986,15.331097658722065,235.0425554212732
158.02001953124986,29.56969970772386,874.3671408049645
158.08105468749986,25.524849614878853,651.5179478621811
158.14208984374986,13.186000098027774,173.87059858518847
158.20312499999986,21.206089369461843,449.69822634560256
158.26416015624986,30.410745718400275,924.8134551492006
158.32519531249986,20.82679057766012,433.75520576571233
158.38623046874986,12.468649995396259,155.46723270769513
158.44726562499986,26.69002043541445,712.357190842841
158.50830078124986,28.397047666727428,806.3923161863896
158.56933593749986,16.098869762749846,259.17360763798126
158.63037109374986,16.454236276765467,270.7418914516247
158.69140624999986,29.87960488527311,892.7907881000367
158.75244140624986,24.442691254529564,597.445155764256
158.81347656249986,12.620322056095581,159.2725287995726
158.87451171874986,22.430323891441567,503.1194298749744
158.93554687499986,30.051607431781317,903.0991092338941
158.99658203124986,19.688403889067935,387.6332476990654
159.05761718749986,12.963349484390168,168.04842985443884
159.11865234374986,27.50076532880156,756.292093669814
159.17968749999986,27.53371443044753,758.1054303374347
159.24072265624986,15.121183874949422,228.65020178003041
159.30175781249986,17.651118676381117,311.5619905276903
159.36279296874986,30.038363943368754,902.3033083942761
159.42382812499986,23.33669870424946,544.6015064129184
159.48486328124986,12.252375789650161,150.1207124908054
159.54589843749986,23.59055538202408,556.5143032323452
159.60693359374986,29.566275558833137,874.1646504208537
159.66796874999986,18.572254395322066,344.92863332455977
159.72900390624986,13.674110553823514,186.98129943818762
159.79003906249986,28.176900092954558,793.9376988483425
159.85107421874986,26.60059371917435,707.5915862125778
159.91210937499986,14.230204219817091,202.49871213770015
159.97314453124986,18.884907060838593,356.63971469651136
160.03417968749986,30.048390587902155,902.9057769231268
160.09521484374986,22.21825574335148,493.65088827697105
160.15624999999986,12.110523961650683,146.66479062571537
160.21728515624986,24.667008328831347,608.4612998946351
160.27832031249986,28.96601419680151,839.0299784493066
160.33935546874986,17.488074098144175,305.83273566218116
160.40039062499986,14.563070083615804,212.08301026030563
160.46142578124986,28.711598826387803,824.3559071674334
160.52246093749986,25.611447124354292,655.9462238035958
160.58349609374986,13.450637049557315,180.91963703892392
160.64453124999986,20.123157397789207,404.9414636561985
160.70556640624986,29.914381797995024,894.870238356216
160.76660156249986,21.09776822925065,445.11582425517815
160.82763671874986,12.211292360378177,149.11566111063044
160.88867187499986,25.642962945198033,657.5615486087994
160.94970703124986,28.263184953648828,798.8076237241615
161.01074218749986,16.446934590135893,270.5016574122085
161.07177734374986,15.588485626184076,243.00088411774755
161.13281249999986,29.10069819497196,846.8506354348444
161.19384765624986,24.579580068023812,604.1557563203935
161.25488281249986,12.811766872097019,164.14137038496264
161.31591796874986,21.337541855585997,455.2906924388843
161.37695312499986,29.643101846559944,878.7134870855256
161.43798828124986,19.984859994496457,399.3946289996249
161.49902343749986,12.554476363365003,157.61487675829056
161.56005859374986,26.504588792531976,702.4932270612117
161.62109374999986,27.4708822476943,754.6493714666857
161.68212890624986,15.462255112497306,239.0813331639491
161.74316406249986,16.709291644590447,279.20042726398015
161.80419921874986,29.34261755988839,860.9892052658704
161.86523437499986,23.51756642837518,553.0759307130393
161.92626953124986,12.345476248509199,152.41078380250477
161.98730468749986,22.503464218628036,506.4059018390723
162.04833984374986,29.243147059567445,855.1616499474881
162.10937499999986,18.888686841565832,356.7824905987422
162.17041015624986,13.122657386394382,172.204136880691
162.23144531249986,27.240846330994728,742.0637088288689
162.29248046874986,26.602598747220117,707.6982601055973
162.35351562499986,14.550862296984414,211.72759358580254
162.41455078124986,17.887541106272675,319.96412682859466
162.47558593749986,29.438242820008863,866.6101403298034
162.53662109374986,22.43710913877507,503.4238665053038
162.59765624999986,12.082072997418694,145.97648791495394
162.65869140624986,23.59969016760004,556.9453760067181
162.71972656249986,28.72467608149376,825.1070159867398
162.78076171874986,17.818483543827085,317.49835580163665
162.84179687499986,13.885126351511097,192.79673379742786
162.90283203124986,27.84341307100451,775.2556514425847
162.96386718749986,25.671870325139846,659.0449259907958
163.02490234374986,13.733841764258072,188.61840960567926
163.08593749999986,19.089297437792858,364.401276668525
163.14697265624986,29.39078786877346,863.8184115472412
163.20800781249986,21.348954370075774,455.77785269557745
163.26904296874986,12.044318475599814,145.06560754167504
163.33007812499986,24.608077103135304,605.557458713852
163.39111328124986,28.099103018794615,789.5595904608326
163.45214843749986,16.78427329271015,281.71182996438324
163.51318359374986,14.803864287460886,219.1543978415598
163.57421874999986,28.306613159171352,801.2643485429728
163.63525390624986,24.691965735831797,609.6931718994915
163.69628906249986,13.036831549329943,169.95897684560455
163.75732421874986,20.284675521982955,411.4680610321345
163.81835937499986,29.20561390264868,852.9678834305857
163.87939453124986,20.262980360559368,410.58837309241466
163.94042968749986,12.24158027761918,149.85628769339488
164.00146484374986,25.513385010113723,650.9328146742956
164.06249999999986,27.37877202560137,749.5971576298522
164.12353515624986,15.797753527607574,249.56901651903755
164.18457031249986,15.838911760138235,250.87112574544526
164.24560546874986,28.62734359015933,819.5248010290366
164.30664062499986,23.675601320672325,560.5340978954212
164.36767578124986,12.489104022618804,155.97771928779318
164.42871093749986,21.4475646174242,459.9980280185864
164.48974609374986,28.890018571434084,834.6331730578063
164.55078124999986,19.188423020376074,368.19557800889845
164.61181640624986,12.66681727580938,160.44825989874298
164.67285156249986,26.303149472962968,691.855672197032
164.73388671874986,26.5766263101135,706.3170660274171
164.79492187499986,14.873284828877013,221.21460160090314
164.85595703124986,16.951871662140178,287.3659528496712
164.91699218749986,28.804983656262753,829.7270834375643
164.97802734374986,22.63473103392532,512.331048978142
165.03906249999986,12.120831033807912,146.91454495012098
165.10009765624986,22.55528891414285,508.7410580004553
165.16113281249986,28.45298771001834,809.5725096264548
165.22216796874986,18.134269396957215,328.851726561419
165.28320312499986,13.29791256992589,176.83447871739298
165.34423828124986,26.96760101332588,727.251504413935
165.40527343749986,25.70586208231559,660.7913453950305
165.46630859374986,14.028823367854645,196.80788508646455
165.52734374999986,18.10762104546841,327.88593992629046
165.58837890624986,28.84127450147493,831.8191148694281
165.64941406249986,21.580430898725805,465.71499777467943
165.71044921874986,11.958350962721024,143.00215774761085
165.77148437499986,23.588307249975006,556.4082389192234
165.83251953124986,27.904919614573746,778.6845386958225
165.89355468749986,17.10985267451864,292.7470585437326
165.95458984374986,14.10232756002385,198.87564261020825
166.01562499999986,27.499593090840506,756.2276201618029
166.07666015624986,24.779602058382174,614.0286781717781
166.13769531249986,13.286527008663546,176.53179995194589
166.19873046874986,19.27484118870344,371.51950284973867
166.25976562499986,28.740161074609244,825.9968585944844
166.32080078124986,20.52287916102537,421.1885690580493
166.38183593749986,12.018403690879742,144.44202727695182
166.44287109374986,24.530001847723238,601.7209906493055
166.50390624999986,27.25731953351381,742.9614681520736
166.56494140624986,16.12560429914438,260.03511401258373
166.62597656249986,15.042624875009587,226.28056313025718
166.68701171874986,27.89454173802109,778.1054587742007
166.74804687499986,23.810603236039576,566.9448264640984
166.80908203124986,12.67257631469676,160.59419045181332
166.87011718749986,20.42595588480072,417.21967380782525
166.93115234374986,28.507613031740732,812.684000767474
166.99218749999986,19.47149475657031,379.139108055145
167.05322265624986,12.303548915609689,151.37731591880035
167.11425781249986,25.366527922452136,643.4607388405439
167.17529296874986,26.522478466516898,703.4418640068525
167.23632812499986,15.193944203190096,230.85594044965393
167.29736328124986,16.080862627209413,258.59414283518043
167.35839843749986,28.15034666786081,792.4420175207422
167.41943359374986,22.811008242497007,520.3420970392664
167.48046874999986,12.215599078581588,149.22086084864335
167.54150390624986,21.536863278178124,463.8364798629374
167.60253906249986,28.15140110485535,792.501384166451
167.66357421874986,18.43522150605066,339.85739197715276
167.72460937499986,12.800973228430754,163.8649155950009
167.78564453124986,26.086712977654425,680.5165939785238
167.84667968749986,25.713142380596544,661.1656910848301
167.90771484374986,14.330205216482083,205.3547815464903
167.96874999999986,17.18122034702753,295.1943326131128
168.02978515624986,28.26728661955245,799.039492831929
168.09082031249986,21.792170793246928,474.89870788204445
168.15185546874986,11.943261826259716,142.64150305059258
168.21289062499986,22.58664737978792,510.1566398588805
168.27392578124986,27.68084151561646,766.2289870126758
168.33496093749986,17.422984909401993,303.5604031532496
168.39599609374986,13.485148356123002,181.8492261866469
168.45703124999986,26.68198583619833,711.9283681630883
168.51806640624986,24.84218246627702,617.1340296878014
168.57910156249986,13.553412555356143,183.69499189568555
168.64013671874986,18.31116774999158,335.2988643683317
168.70117187499986,28.247889758935212,797.9432758329568
168.76220703124986,20.76458383413802,431.16794180494594
168.82324218749986,11.877280603902179,141.0697945438309
168.88427734374986,23.557344087834938,554.9484604726517
168.94531249999986,27.106520893687556,734.76347495992
169.00634765624986,16.444332603451837,270.41607477294906
169.06738281249986,14.322705028106446,205.13987932214567
169.12841796874986,27.146327678374682,736.9231064216914
169.18945312499986,23.922294266053118,572.2761629516378
169.25048828124986,12.886557498819839,166.0633641703898
169.31152343749986,19.441755245286352,377.9818470176194
169.37255859374986,28.09678242358445,789.4291825582441
169.43359374999986,19.737918079981434,389.585410132058
169.49462890624986,12.028259224451176,144.67901997059482
169.55566406249986,24.433760216552418,597.0086383199797
169.61669921874986,26.439985582314524,699.0728375929999
169.67773437499986,15.510204158331852,240.56643303313467
169.73876953124986,15.277302889360941,233.39598357327617
169.79980468749986,27.476181896152998,754.9405715904858
169.86083984374986,22.965720159168022,527.4243024292165
169.92187499999986,12.355894953077044,152.66814009147478
169.98291015624986,20.547496869537508,422.19962760365365
170.04394531249986,27.82048333885038,773.9792932072515
170.10498046874986,18.721213184737906,350.4838231084044
170.16601562499986,12.392555465457905,153.5754309644506
170.22705078124986,25.20337305067112,635.2100131312953
170.28808593749986,25.693434027974078,660.1525521498562
170.34912109374986,14.633806331851826,214.14828775814658
170.41015624999986,16.313113886288566,266.11768466702085
170.47119140624986,27.67039266290508,765.6506301193513
170.53222656249986,21.984039909382506,483.2980107373228
170.59326171874986,11.98873245102137,143.72970578217286
170.65429687499986,21.606126173852925,466.8246882404524
170.71533203124986,27.42717385259348,752.2498655403875
170.77636718749986,17.72321630104013,314.1123960534545
170.83740234374986,12.952704111376097,167.77254379685922
170.89843749999986,25.85623287463743,668.5447784674815
170.95947265624986,24.879373211906305,618.9832114173211
171.02050781249986,13.831452329051203,191.30907353081594
171.08154296874986,17.396762040777137,302.6473295034243
171.14257812499986,27.73007912293454,768.95728816421
171.20361328124986,20.988032860827616,440.49752336717984
171.26464843749986,11.809517064161437,139.46469328872016
171.32568359374986,22.59835511630334,510.68565396255326
171.38671874999986,26.926450397523052,725.0337310102693
171.44775390624986,16.75289796162137,280.65959011249737
171.50878906249986,13.68089148265552,187.16679176019636
171.56982421874986,26.384914943862448,696.1637365948559
171.63085937499986,24.010333636009072,576.4961213124686
171.69189453124986,13.123097961845321,172.21570011618883
171.75292968749986,18.498088912426724,342.1792934120445
171.81396484374986,27.65850765975956,764.9930459649783
171.87499999999983,19.98765776075638,399.5064627611248
171.93603515624983,11.834898501027025,140.06482252961172
171.99707031249983,23.507688725662124,552.6114292226222
172.05810546874983,26.329035716476508,693.2181217594956
172.11914062499983,15.820121157773285,250.27623344662592
172.18017578124983,14.54369512516205,211.51906789366237
172.24121093749983,26.784458915647043,717.4072394039844
172.30224609374983,23.098566483043236,533.5437735715683
172.36328124999983,12.532262944456487,157.05761450899718
172.42431640624983,19.590295768636523,383.77968830265803
172.48535156249983,27.460920673798622,754.1021642526606
172.54638671874983,18.992145241039903,360.7015808567547
172.60742187499983,12.06950271726687,145.67289584211235
172.66845703124983,24.320280641744457,591.4760504932102
172.72949218749983,25.6464745973464,657.7416592723342
172.79052734374983,14.936420862171104,223.0966681719002
172.85156249999983,15.506191953171955,240.4419888886147
172.91259765624983,27.052289415168204,731.8263626020216
172.97363281249983,22.15579803391676,490.8793865197098
173.03466796874983,12.08474825778178,146.04114045395974
173.09570312499983,20.649801562479226,426.41430456976946
173.15673828124983,27.144326372620505,736.814454223341
173.21777343749983,18.010232152129785,324.36846217360943
173.27880859374983,12.504288720136753,156.35723639653924
173.33984374999983,25.024851234484405,626.2431793080757
173.40087890624983,24.89082238908284,619.5530392048676
173.46191406249983,14.115835916800425,199.2568236300329
173.52294921874983,16.534682068447154,273.3957111046278
173.58398437499983,27.18813136091217,739.1944868982158
173.64501953124983,21.1930629343329,449.14591653859503
173.70605468749983,11.80586861491719,139.3785337526867
173.76708984374983,21.656028627547368,468.98357591715114
173.82812499999983,26.71727101605699,713.8125705454389
173.88916015624983,17.050570862385435,290.7219667332272
173.95019531249983,13.118212462748993,172.087498217823
174.01123046874983,25.612623035739716,656.0064587709047
174.07226562499983,24.07433476378137,579.5735943186122
174.13330078124983,13.375601925661421,178.90672687375752
174.19433593749983,17.598070943673335,309.6921009385597
174.25537109374983,27.19389640359068,739.5080016092222
174.31640624999983,20.22060460608579,408.8728506356578
174.37744140624983,11.716244207732169,137.2703783352176
174.43847656249983,22.591200100374294,510.36232197515153
174.49951171874983,26.189575316837438,685.8938552763008
174.56054687499983,16.122275658383767,259.92777240491375
174.62158203124983,13.882131218029144,192.71356715457932
174.68261718749983,26.077255903614397,680.0232754625919
174.74365234374983,23.20916952685273,538.6655501261894
174.80468749999983,12.73642869167639,162.21661581815755
174.86572265624983,18.668375049734493,348.50822699754934
174.92675781249983,27.073529790925615,732.9760153401368
174.98779296874983,19.24789790838191,370.48157389149264
175.04882812499983,11.827259628219842,139.88407031331897
175.10986328124983,23.440196685224244,549.4428206419976
175.17089843749983,25.572050028281875,653.9297426489511
175.23193359374983,15.235616339594884,232.12400524733062
175.29296874999983,14.763123865902575,217.94982627998218
175.35400390624983,26.414793394723326,697.741310085919
175.41503906249983,22.30712391068511,497.6077771666594
175.47607421874983,12.221967398139657,149.37648708118866
175.53710937499983,19.720756624772147,388.90824185349453
175.59814453124983,26.832832638390887,720.0009073998953
175.65917968749983,18.283796114880793,334.29720037053
175.72021484374983,12.13796189487481,147.33011896143287
175.78124999999983,24.19044701531824,585.1777268009192
175.84228515624983,24.876195348118536,618.8250949977543
175.90332031249983,14.402792501414634,207.4404318388056
175.96435546874983,15.727882818913542,247.3662979654758
176.02539062499983,26.623586108527128,708.8153372781587
176.08642578124983,21.379421454328234,457.0796617217904
176.14746093749983,11.857010757880065,140.5887041124836
176.20849609374983,20.7333814393961,429.87310591149475
176.26953124999983,26.47925155857656,701.1507631023792
176.33056640624983,17.336827190029457,300.56557701694464
176.39160156249983,12.634792539880083,159.6379825258094
176.45263671874983,24.83185764049603,616.621153877861
176.51367187499983,24.1138936116705,581.4798651149632
176.57470703124983,13.638681662441256,186.01363748941137
176.63574218749983,16.744777187434313,280.38756305682057
176.69677734374983,26.704193400196374,713.1139451550915
176.75781249999983,20.43657005445544,417.65339559066484
176.81884765624983,11.66424311117719,136.05456735664453
176.87988281249983,21.687229856590754,470.33593885260143
176.94091796874983,26.021642486142046,677.1258776765928
177.00195312499983,16.415633854848295,269.4730348564415
177.06298828124983,13.294130285323101,176.73390004314487
177.12402343749983,25.356755815225686,642.9650654729817
177.18505859374983,23.297110028843374,542.7553356960345
177.24609374999983,12.961342375286396,167.99639616939479
177.30712890624983,17.78484175120332,316.3005961153448
177.36816406249983,26.659256164603104,710.7159392499286
177.42919921874983,19.488312246470255,379.7943142159225
177.49023437499983,11.660020986124879,135.95608939687258
177.55126953124983,22.565939205427924,509.22161222306903
177.61230468749983,25.470003084230527,648.7210571107125
177.67333984374983,15.529571027293589,241.16757629175643
177.73437499999983,14.08625732317843,198.42264537479792
177.79541015624983,25.759838354307032,663.5692720400276
177.85644531249983,22.437622556615093,503.4469059931224
177.91748046874983,12.39198005600734,153.56116970848367
177.97851562499983,18.82208301260808,354.2708089335096
178.03955078124983,26.49334532956962,701.8973467518284
178.10058593749983,18.543696085277986,343.8686645031541
178.16162109374983,11.85049330829858,140.43419165002942
178.22265624999983,23.355687568397464,545.4881417925958
178.28369140624983,24.83518444708364,616.7863865206651
178.34472656249983,14.68939848274771,215.77842778495074
178.40576171874983,14.979151474738782,224.37497890316902
178.46679687499983,26.038101690842364,677.982739662648
178.52783203124983,21.546770016962316,464.26329816386624
178.58886718749983,11.953945991245751,142.89682476162037
178.64990234374983,19.8334614754421,393.3661940978459
178.71093749999983,26.212771178171124,687.1093728391588
178.77197265624983,17.61127190101181,310.15689797136815
178.83300781249983,12.229702783168111,149.56563016462985
178.89404296874983,24.045111302110246,578.1673775308699
178.95507812499983,24.128603611201378,582.1895122264801
179.01611328124983,13.908023335633183,193.4331131045172
179.07714843749983,15.941204542893786,254.12200227837747
179.13818359374983,26.19076826489906,685.9563423056437
179.19921874999983,20.63528230680653,425.81487588160263
179.26025390624983,11.670443957710612,136.19926217006412
179.32128906249983,20.79874717779544,432.58788416585384
179.38232421874983,25.825367116300264,666.949586691683
179.44335937499983,16.69943960476078,278.87128311305287
179.50439453124983,12.7804752718489,163.34054817434122
179.56542968749983,24.625243899493405,606.4026371095372
179.62646484374983,23.361935420275508,545.7800265811234
179.68749999999983,13.20112083831156,174.2695913877037
179.74853515624983,16.942775827657147,287.0576527462433
179.80957031249983,26.219177807336873,687.4452848927464
179.87060546874983,19.713161248380864,388.608726404665
179.93164062499983,11.560986188481424,133.65640165025823
179.99267578124983,21.700376083429653,470.9063221622857
180.05371093749983,25.3402449371111,642.1280134727847
180.11474609374983,15.81692390857713,250.1750819297188
180.17578124999983,13.477486176541806,181.64263363887548
180.23681640624983,25.08946960328029,629.4814849739256
180.29785156249983,22.546840298682497,508.36000745429305
180.35888671874983,12.587426728450565,158.44331164411167
180.41992187499983,17.95687181252024,322.44924529128394
180.48095703124983,26.126651413855058,682.6019141010945
180.54199218749983,18.789702266238923,353.0529112539041
180.60302734374983,11.63740539407266,135.42920430599145
180.66406249999983,22.523306482873814,507.2993349214656
180.72509765624983,24.767532298727648,613.4306561685172
180.78613281249983,14.973412473494106,224.20308110138888
180.84716796874983,14.291019644499872,204.23324247948125
180.90820312499983,25.433458976798327,646.8608355244834
180.96923828124983,21.694694650923275,470.65977599679894
181.03027343749983,12.088327114921734,146.12765243735203
181.09130859374983,18.959324895161338,359.45600048028444
181.15234374999983,25.918331242242367,671.7598943825967
181.21337890624983,17.873577688376095,319.46477938241577
181.27441406249983,11.90085445352867,141.63033672407317
181.33544921874983,23.25495259047358,540.7928199851738
181.39648437499983,24.11808098226968,581.6818302673184
181.45751953124983,14.180209275183069,201.07833508798794
181.51855468749983,15.19022024277531,230.74279102402076
181.57958984374983,25.65512495365791,658.1854363878008
181.64062499999983,20.81638444814842,433.32186149311536
181.70166015624983,11.726397382626592,137.50839557527178
181.76269531249983,19.92875121274801,397.1551248996053
181.82373046874983,25.600985946087903,655.4104814117903
181.88476562499983,16.97311404636109,288.08660043078015
181.94580078124983,12.341061985707906,152.30181093508477
182.00683593749983,23.885090911540786,570.4975678525683
182.06787109374983,23.403185410280773,547.7090873479789
182.12890624999983,13.450944811590988,180.9279163244665
182.18994140624983,16.145194950692744,260.6673199958745
182.25097656249983,25.75450277472056,663.2944131730891
182.31201171874983,19.92215408517733,396.89222339354774
182.37304687499983,11.522697067313892,132.77254770508418
182.43408203124983,20.846411674812643,434.5728797157649
182.49511718749983,25.182781607099358,634.1724894708617
182.55615234374983,16.096659351696488,259.102442284558
182.61718749999983,12.938104044912151,167.39453627697216
182.67822265624983,24.4058316522929,595.6446186400619
182.73925781249983,22.63428877719352,512.3110284493886
182.80029296874983,12.802021081481032,163.89174377068477
182.86132812499983,17.128190963979677,293.37492569855505
182.92236328124983,25.733663918772546,662.221458684336
182.98339843749983,19.021546012848656,361.8192127189186
183.04443359374983,11.49313928705544,132.09225067165724
183.10546874999983,21.696095343494765,470.7205531540152
183.16650390624983,24.673043408394236,608.7590710325062
183.22753906249983,15.253120142429001,232.65767407937332
183.28857421874983,13.665667100576957,186.75045730379142
183.34960937499983,24.81156111459987,615.6135649435242
183.41064453124983,21.82271925935084,476.2310758724421
183.47167968749983,12.252639542469327,150.12717575768295
183.53271484374983,18.114039173342842,328.11841517339906
183.59374999999983,25.59655929191364,655.1838475844504
183.65478515624983,18.123433898391202,328.4588562693553
183.71582031249983,11.64497778010141,135.60550749905556
183.77685546874983,22.464020088516648,504.6321985372795
183.83789062499983,24.081979273095648,579.9417257098083
183.89892578124983,14.452570363878568,208.87679012286108
183.95996093749983,14.494490180229114,210.0902455847582
184.02099609374983,25.09888885097292,629.9542215534927
184.08203124999983,20.979450700704607,440.13735170329505
184.14306640624983,11.824002384985892,139.80703240015205
184.20410156249983,19.08025872474782,364.05627300331537
184.26513671874983,25.348851590019564,642.5642769328374
184.32617187499983,17.2361949479546,297.08641628389574
184.38720703124983,11.974768914288072,143.39509055059992
184.44824218749983,23.13875530676988,535.4019971465713
184.50927734374983,23.420405311914095,548.515384974334
184.57031249999983,13.706924011760625,187.87976586418
184.63134765624983,15.395019484781505,237.0066249368022
184.69238281249983,25.26657463985084,638.3997940311536
184.75341796874983,20.114918178403467,404.60993332386624
184.81445312499983,11.537417486715215,133.11200226276205
184.87548828124983,20.006990836786997,400.27968234327886
184.93652343749983,24.99771509639913,624.8857600407409
184.99755859374983,16.36799588952627,267.91128943954885
185.05859374999983,12.468670401185216,155.4677415733923
185.11962890624983,23.711175011450962,562.2198204236565
185.18066406249983,22.699459490943823,515.2654611809996
185.24169921874983,13.030500832549327,169.7939519470687
185.30273437499983,16.33906769845895,266.9651332548247
185.36376953124983,25.315431989022976,640.8710967908478
185.42480468749983,19.2389052834915,370.1354765071572
185.48583984374983,11.411305242988995,130.2178873486681
185.54687499999983,20.876887256575785,435.84442152377636
185.60791015624983,24.55160326499838,602.7812228818791
185.66894531249983,15.527223331741627,241.09466439378156
185.72998046874983,13.104783481489498,171.73535009672003
185.79101562499983,24.174412206952212,584.4022055516401
185.85205078124983,21.93032659075481,480.9392243771675
185.91308593749983,12.440311531558665,154.7613510022315
185.97412109374983,17.30065181925052,299.31255337093626
186.03515624999983,25.248210297973202,637.47212325068
186.09619140624983,18.360520430772166,337.1087104888021
186.15722656249983,11.457700310677211,131.27889640929266
186.21826171874983,21.675013442113293,469.80620771579197
186.27929687499983,24.020005565994374,576.9606673904008
186.34033203124983,14.723033172374418,216.76770579483752
186.40136718749983,13.856400117949255,191.9998242287041
186.46240234374983,24.523808926895736,601.417204282891
186.52343749999983,21.12398904344221,446.2229131074666
186.58447265624983,11.95576456558865,142.94030634778517
186.64550781249983,18.256297373429256,333.29239378707996
186.70654296874983,25.069439865145593,628.4768151521511
186.76757812499983,17.48827953390709,305.8399210560736
186.82861328124983,11.679390960675647,136.40817321231202
186.88964843749983,22.388770925568256,501.25706355757046
186.95068359374983,23.41317243878103,548.1766436480956
187.01171874999983,13.96596282932648,195.0481177501289
187.07275390624983,14.695006703636084,215.94322201990946
187.13378906249983,24.756861798694075,612.902206119638
187.19482421874983,20.291013498445835,411.7252287941111
187.25585937499983,11.597474424896008,134.501413036117
187.31689453124983,19.185077565005628,368.06720117528226
187.37792968749983,24.78525592351418,614.3089111940947
187.43896484374983,16.63031644471289,276.56742505128796
187.49999999999983,12.068867421427726,145.65756083599953
187.56103515624983,23.007835321477042,529.3604861802066
187.62207031249983,22.741842327618578,517.191392454264
187.68310546874983,13.26853729070691,176.05408183487987
187.74414062499983,15.592446270598037,243.12438070148664
187.80517578124983,24.873136008766764,618.6728949106098
187.86621093749983,19.44139475785263,377.96783013065976
187.92724609374983,11.3849973014518,129.61816355406478
187.98828124999983,20.068555719167886,402.74692865334606
188.04931640624983,24.4031905666121,595.5157098303857
188.11035156249983,15.794720227492586,249.47318706476347
188.17138671874983,12.609449397597405,158.99821411056956
188.23242187499983,23.524126920814673,553.3845473865977
188.29345703124983,22.01697043334287,484.74698706269413
188.35449218749983,12.645717499284007,159.91417107169778
188.41552734374983,16.5221815165975,272.982482067396
188.47656249999983,24.874173702596753,618.7245173869559
188.53759765624983,18.584478174202232,345.38282900739915
188.59863281249983,11.333715132121744,128.45309869608542
188.65966796874983,20.890685843859625,436.42075502683696
188.72070312499983,23.931936682642537,572.7375933820115
188.78173828124983,14.989995638181677,224.69996923270568
188.84277343749983,13.277941476819361,176.3037298618399
188.90380859374983,23.93174914626632,572.7286171998187
188.96484374999983,21.249459420614613,451.53952566834715
189.02587890624983,12.114953141591801,146.77208962296504
189.08691406249983,17.45988368137908,304.84753816728744
189.14794921874983,24.763353967549374,613.2236997221434
189.20898437499983,17.728978264323498,314.316670296855
189.27001953124983,11.451651504022088,131.14032216957136
189.33105468749983,21.637737776925228,468.1916961029771
189.39208984374983,23.381107251322998,546.6761762978689
189.45312499999983,14.225613067888661,202.36806715728463
189.51416015624983,14.04769224404082,197.33765738328458
189.57519531249983,24.226959974896175,586.9455896252213
189.63623046874983,20.449938827966673,418.1999980675789
189.69726562499983,11.695551729381014,136.78593025462723
189.75830078124983,18.383651788573246,337.95865308351233
189.81933593749983,24.54573844013599,602.4932755715697
189.88037109374983,16.883106132822377,285.03927269214455
189.94140624999983,11.737409326968258,137.76677770880147
190.00244140624983,22.298235161383463,497.2112913123578
190.06347656249983,22.760948943241377,518.0607967968408
190.12451171874983,13.512615838318887,182.59078679398644
190.18554687499983,14.891150629284349,221.74636706403567
190.24658203124983,24.40808959493681,595.7548376744626
190.30761718749983,19.62856183715457,385.2804397950008
190.36865234374983,11.407122175194973,130.12243631982489
190.42968749999983,19.274005862101646,371.4873019723286
190.49072265624983,24.227884571820997,586.9903908254819
190.55175781249983,16.054821682651934,257.7572992617507
190.61279296874983,12.18000490350436,148.35251944939026
190.67382812499983,22.862914037505774,522.7128382863785
190.73486328124983,22.08209529426626,487.6189325850561
190.79589843749983,12.864134119142955,165.4859466352979
190.85693359374983,15.781580231812026,249.05827461312012
190.91796874999983,24.475473449565275,599.0488005803747
190.97900390624983,18.794900125367008,353.2482707225208
191.04003906249983,11.267021195176849,126.94576661256434
191.10107421874983,20.113835383745712,404.56637384442104
191.16210937499983,23.81763878706574,567.2799173911384
191.22314453124983,15.252208751812725,232.6298718088727
191.28417968749983,12.760608336364006,162.83312511408258
191.34521484374983,23.324685163605803,544.0409379813327
191.40624999999983,21.355290195118492,456.048419317724
191.46728515624983,12.295672543757819,151.1835633033199
191.52832031249983,16.694018131432085,278.6902413725832
191.58935546874983,24.43132738986371,596.8897580307048
191.65039062499983,17.957890836232675,322.4858432860495
191.71142578124983,11.287298620791608,127.40311015492414
191.77246093749983,20.88831871604565,436.321858783103
191.83349609374983,23.323888114348048,544.0037567706262
191.89453124999983,14.483956237676319,209.78498829492273
191.95556640624983,13.455298581149643,181.0450599078876
192.01660156249983,23.67858276980097,560.6752819863153
192.07763671874983,20.591133963302404,423.9947978946658
192.13867187499983,11.824902814562618,139.82832657385092
192.19970703124983,17.605692614484813,309.96041243572506
192.26074218749983,24.279612453677448,589.499580900769
192.32177734374983,17.125895152812134,293.29628478511415
192.38281249999983,11.472007267340121,131.60695074190457
192.44384765624983,21.584866907768493,465.9064794260794
192.50488281249983,22.75632052049649,517.8501236315697
192.56591796874983,13.759918070140822,189.33534529698792
192.62695312499983,14.237821005052194,202.71554697190547
192.68798828124983,23.9217325813981,572.2492896959234
192.74902343749983,19.799893305747638,392.0357749189901
192.81005859374983,11.4706960116847,131.57686699247927
192.87109374999983,18.49616285721247,342.1080404405262
192.93212890624983,24.025879261126985,577.2428742702517
192.99316406249983,16.306878938375213,265.9143007108251
193.05419921874983,11.815943886761435,139.61652993509492
193.11523437499983,22.193076682032288,492.5326526145653
193.17626953124983,22.125154907962393,489.5224797013324
193.23730468749983,13.09165999769133,171.39156149515136
193.29833984374983,15.081710598846943,227.4579945873722
193.35937499999983,24.053263298859672,578.5594753242697
193.42041015624983,18.99132141612941,360.67028913073557
193.48144531249983,11.251225406159227,126.59007314020286
193.54248046874983,19.347295936398634,374.3178600505871
193.60351562499983,23.67706290608538,560.6033078587242
193.66455078124983,15.508691112404374,240.51950001997042
193.72558593749983,12.305273107201826,151.4197462428245
193.78662109374983,22.704689785876166,515.5029382728695
193.84765624999983,21.440880602074774,459.7113609924263
193.90869140624983,12.492873626246325,156.071891441361
193.96972656249983,15.961649232105783,254.77424620878313
194.03076171874983,24.074223802642383,579.5682516997131
194.09179687499983,18.17457913700107,330.3153268071146
194.15283203124983,11.181278264956088,125.02098363837942
194.21386718749983,20.14322708894198,405.749597556686
194.27490234374983,23.24127230985973,540.1567385810527
194.33593749999983,14.739484131292972,217.25239245663735
194.39697265624983,12.919639200907888,166.9170770816358
194.45800781249983,23.11356378222662,534.2368307150582
194.51904296874983,20.71400402073851,429.0699625711712
194.58007812499983,11.979473282831773,143.50778013408024
194.64111328124983,16.854169688778047,284.06303589812467
194.70214843749983,23.987463276210143,575.3983944275302
194.76318359374983,17.35822766792277,301.30806777143954
194.82421874999983,11.269402661349819,126.99943634363838
194.88525390624983,20.870295251620632,435.5692238898187
194.94628906249983,22.727550946167977,516.5415720106608
195.00732421874983,14.008198779240804,196.22963303872353
195.06835937499983,13.634849120651554,185.90911054293244
195.12939453124983,23.415629464227333,548.2917032059912
195.19042968749983,19.954818912174932,398.19479781769434
195.25146484374983,11.569097271816503,133.84401168475205
195.31249999999983,17.73795722966733,314.63512668150753
195.37353515624983,23.797485809890564,566.3203308719427
195.43457031249983,16.550326964148375,273.9133226202168
195.49560546874983,11.5158472334379,132.61473750387933
195.55664062499983,21.516994008503165,462.9810311619611
195.61767578124983,22.14562472806338,490.42869459621215
195.67871093749983,13.325109793716297,177.55855101459397
195.73974609374983,14.425287146993755,208.08890927322324
195.80078124999983,23.608829785034214,557.3768438187186
195.86181640624983,19.173219395169,367.61234197528466
195.92285156249983,11.279813488202736,127.23419232864038
195.98388671874983,18.593928944697208,345.73419360044863
196.04492187499983,23.51027664627,552.7331079841485
196.10595703124983,15.758648070514008,248.33498901031487
196.16699218749983,11.912078965450865,141.89762527913695
196.22802734374983,22.073940133130876,487.25883300104596
196.28906249999983,21.505642487920333,462.49265881824425
196.35009765624983,12.702303393686426,161.3485115052577
196.41113281249983,15.26565566084497,233.0402427554881
196.47216796874983,23.69304630954747,561.3604434263609
196.53320312499983,18.37856603002244,337.7716893198948
196.59423828124983,11.127964710157599,123.8315985905129
196.65527343749983,19.405221045669453,376.5626038312927
196.71630859374983,23.133105061102643,535.1405497680128
196.77734374999983,14.991003988874112,224.73020059443954
196.83837890624983,12.442008229850229,154.80356879166084
196.89941406249983,22.533843310392164,507.7740943373057
196.96044921874983,20.817927641344646,433.38611128026145
197.02148437499983,12.153963226986882,147.71882212294938
197.08251953124983,16.132015902873643,260.2419370905681
197.14355468749983,23.670005099572382,560.2691414137826
197.20458984374983,17.579634063896,309.04353382049254
197.26562499999983,11.125477827188005,123.77625688325193
197.32666015624983,20.15714046489602,406.31031172154854
197.38769531249983,22.67430121140811,514.1239354256633
197.44873046874983,14.25567419468555,203.22424674502352
197.50976562499983,13.084293000689089,171.19872332788148
197.57080078124983,22.891466519747578,524.0192394247243
197.63183593749983,20.092728751112638,403.7177486657884
197.69287109374983,11.696228871858942,136.8017698229067
197.75390624999983,17.002317986185705,289.07881690337393
197.81494140624983,23.54314275831805,554.2795709385437
197.87597656249983,16.78464596923491,281.72434031255364
197.93701171874983,11.2773647862798,127.17895652282365
197.99804687499983,20.837122950629183,434.18569285963747
198.05908203124983,22.1430216757288,490.3134089317955
198.12011718749983,13.561910782349237,183.9254240684005
198.18115234374983,13.81482389848951,190.84935934627694
198.24218749999983,23.14358497959786,535.6255257078677
198.30322265624983,19.340015411279488,374.0361961085281
198.36425781249983,11.346418349427449,128.7412093602239
198.42529296874983,17.856611514639084,318.8585747847411
198.48632812499983,23.317456727782726,543.70378825202
198.54736328124983,16.00140421883277,256.04493697447924
198.60839843749983,11.5803496502297,134.10449802157513
198.66943359374983,21.43469891530899,459.4463175899483
198.73046874999983,21.548996391743703,464.35924549138315
198.79150390624983,12.920432501577025,166.93757602780795
198.85253906249983,14.608796035352228,213.41692160252296
198.91357421874983,23.28892578794941,542.374064356615
198.97460937499983,18.569317911578246,344.81956770126067
199.03564453124983,11.121428298726064,123.68616740370491
199.09667968749983,18.677087861894083,348.83361100091133
199.15771484374983,22.999326193539257,528.969005356821
199.21874999999983,15.237553070712513,232.18302358278035
199.27978515624983,12.023082159865456,144.55450462287502
199.34082031249983,21.941462449714383,481.4277744322263
199.40185546874983,20.902271761201305,436.9049647791135
199.46289062499983,12.343820898160889,152.36991436587348
199.52392578124983,15.442106834750453,238.45866349584665
199.58496093749983,23.32808594545819,544.199593878684
199.64599609374983,17.789614902980713,316.47039839635346
199.70703124999983,11.035426120048518,121.78062965104908
199.76806640624983,19.448073229902697,378.2275523556579
199.82910156249983,22.596311490165697,510.5932929605943
199.89013671874983,14.500926235922616,210.27686169966887
199.95117187499983,12.58778334878146,158.4522896358598
200.01220703124983,22.35104176519181,499.5690679893486
200.07324218749983,20.21297786200998,408.5644740501055
200.13427734374983,11.84663292122301,140.34271157020484
200.19531249999983,16.292153526109875,265.4342665183344
200.25634765624983,23.263415485177923,541.186500036016
200.31738281249983,17.00932164573716,289.3170228481427
200.37841796874983,11.09727633183798,123.14954198517141
200.43945312499983,20.15598801394365,406.26385281824
200.50048828124983,22.116923431522363,489.1583020758229
200.56152343749983,13.799997782038158,190.4399387842581
200.62255859374983,13.252564010542487,175.63045285352598
200.68359374999983,22.65906960903862,513.4334355472577
200.74462890624983,19.491090611429172,379.9026132229424
200.80566406249983,11.445026955625403,130.98864201499208
200.86669921874983,17.13822371164601,293.7187119904255
200.92773437499983,23.098901949271426,533.5592712620553
200.98876953124983,16.23636047865246,263.6194015927476
201.04980468749983,11.308554669295967,127.88340870845562
201.11083984374983,20.789309827164967,432.19540308985785
201.17187499999983,21.570390472159477,465.28174512142834
201.23291015624983,13.144366960577125,172.77438279431152
201.29394531249983,13.993674395227567,195.8229230796476
201.35498046874983,22.86312584175413,522.7225232558854
201.41601562499983,18.746250133630568,351.4218940726441
201.47705078124983,11.15568310675687,124.4492655783806
201.53808593749983,17.96164290446449,322.6206158274996
201.59912109374983,22.839988868910737,521.6650915319664
201.66015624999983,15.47833252554198,239.57877777125077
201.72119140624983,11.66281941553076,136.02135671928127
201.78222656249983,21.33855985845354,455.33413683280475
201.84326171874983,20.96641130365327,439.59040295395965
201.90429687499983,12.54520509095844,157.38217077420956
201.96533203124983,14.787230340769742,218.66218115098124
202.02636718749983,22.962683811482695,527.2848478261294
202.08740234374983,17.9876230331163,323.55458238149606
202.14843749999983,10.993976929872373,120.86752873456597
202.20947265624983,18.745807551623823,351.40530076251673
202.27050781249983,22.493410964251336,505.9535368067022
202.33154296874983,14.74280813336096,217.35039165709406
202.39257812499983,12.146426310371048,147.53567211327402
202.45361328124983,21.796264381418048,475.07714098467306
202.51464843749983,20.314904784914102,412.6953564201259
202.57568359374983,12.015525390732051,144.3728504153266
202.63671874999983,15.610324586366747,243.68223369172617
202.69775390624983,22.959005385387858,527.1159282862686
202.75878906249983,17.22382707195478,296.66021900460237
202.81982421874983,10.971605735069867,120.37613240581798
202.88085937499983,19.476164500834876,379.32098366358065
202.94189453124983,22.066972280816938,486.95126564234306
203.00292968749983,14.037709124852714,197.05727747397316
203.06396484374983,12.740398511754687,162.31775423832104
203.12499999999983,22.156936582607777,490.9298387257028
203.1860351562498,19.625781354046534,385.1712937568406
203.2470703124998,11.570119711669449,133.86767014236193
203.3081054687498,16.44163434791953,270.3273400306872
203.3691406249998,22.8550352299119,522.352635360514
203.4301757812498,16.46294781714539,271.0286508300522
203.4912109374998,11.094308458842349,123.0836801799409
203.5522460937498,20.14018971432511,405.627241729007
203.6132812499998,21.569327366449055,465.23588304104817
203.6743164062498,13.371753128228775,178.80378172229604
203.7353515624998,13.42266907826358,180.16804518457326
203.7963867187498,22.417035792044,502.5234937017818
203.8574218749998,18.908735198604944,357.54026681096155
203.9184570312498,11.224911569546261,125.99863974413351
203.9794921874998,17.261711306251353,297.9666772203658
204.0405273437498,22.65525853047813,513.260739082802
204.1015624999998,15.712648508660122,246.88732315669915
204.1625976562498,11.360402984752202,129.05875597596673
204.2236328124998,20.72736194854951,429.6235333461782
204.2846679687498,21.009740478764105,441.4091949850189
204.3457031249998,12.754915251717815,162.68786307850374
204.4067382812498,14.170045532788679,200.7901904013044
204.4677734374998,22.574913211731136,509.626706517193
204.5288085937498,18.173071166809123,330.2605156339091
204.5898437499998,10.995627751432082,120.90382964806334
204.6508789062498,18.053085432696133,325.9138936402253
204.7119140624998,22.365532211810386,500.217031117528
204.7729492187498,14.980381126325284,224.4118186899628
204.8339843749998,11.76071016328637,138.31430354482734
204.8950195312498,21.229144486977667,450.6765756489743
204.9560546874998,20.39784534408034,416.0720946810201
205.0170898437498,12.198796155305361,148.81062763869286
205.0781249999998,14.959627414385634,223.7904523772382
205.1391601562498,22.630741846990055,512.1504765451068
205.2001953124998,17.42760236604396,303.721324228941
205.2612304687498,10.895794366794211,118.71833488346446
205.3222656249998,18.800282679788072,353.4506288399394
205.3833007812498,21.992896868596805,483.6875126727352
205.4443359374998,14.27370584080777,203.73867842990984
205.5053710937498,12.27977993883365,150.79299534618136
205.5664062499998,21.638959456304097,468.2445663515725
205.6274414062498,19.743406931164394,389.80211724955024
205.6884765624998,11.716758671281516,137.2824337610506
205.7495117187498,15.769684139713993,248.68293786634706
205.8105468749998,22.586413710490095,510.146084301415
205.8715820312498,16.68060421655574,278.2425570293771
205.9326171874998,10.93444467878426,119.56208043339342
205.9936523437498,19.489818839712033,379.8530384047941
206.0546874999998,21.545364228962615,464.20271975866183
206.1157226562498,13.60068209723694,184.9785535101014
206.1767578124998,12.897872975818286,166.35512730034364
206.2377929687498,21.952165860592164,481.8975859709481
206.2988281249998,19.056100101311756,363.13495107121395
206.3598632812498,11.323642468178202,128.2248787471289
206.4208984374998,16.58011511397273,274.900217192587
206.4819335937498,22.44542318085122,503.7970217674932
206.5429687499998,15.939868238281496,254.07939945377527
206.6040039062498,11.11420816597346,123.52562315659115
206.6650390624998,20.11017405769509,404.4191006307926
206.7260742187498,21.031692449859865,442.33208730549245
206.7871093749998,12.97031382496622,168.22904071810987
206.8481445312498,13.593029723572656,184.77045706592972
206.9091796874998,22.16601460826209,491.3322036136883
206.9702148437498,18.345322063723984,336.550841621758
207.0312499999998,11.034871257769622,121.76838367555011
207.0922851562498,17.37266805443693,301.8095953296534
207.1533203124998,22.212715909862833,493.40474809227345
207.2143554687498,15.212843478238009,231.4306066933687
207.2753906249998,11.430432554116196,130.6547883741993
207.3364257812498,20.65178242034186,426.4961171371411
207.3974609374998,20.461147901086804,418.6585734301489
207.4584960937498,12.392963453152502,153.5855431511736
207.5195312499998,14.342753753404882,205.71458523080983
207.5805664062498,22.279587124247993,496.38000242695693
207.6416015624998,17.620049922555502,310.4661592733482
207.7026367187498,10.864900822636574,118.04606988572891
207.7636718749998,18.131007562548607,328.73343523319477
207.8247070312498,21.894516927768933,479.3698715003604
207.8857421874998,14.506889668324247,210.44984784893276
207.9467773437498,11.871632036870341,140.93564721884624
208.0078124999998,21.107013580008967,445.506022266683
208.0688476562498,19.84327100521385,393.7554041863607
208.1298828124998,11.880618454403141,141.14909485910448
208.1909179687498,15.125158468956405,228.77041871104367
208.2519531249998,22.293721485141887,497.010017657077
208.3129882812498,16.888750749805777,285.22990188906516
208.3740234374998,10.825135385322474,117.18355611056074
208.4350585937498,18.840732657080206,354.9732070555686
208.4960937499998,21.498136147255032,462.1698578059134
208.5571289062498,13.82960448295168,191.2579601548772
208.6181640624998,12.421010226281894,154.28149504139938
208.6791992187498,21.470148248570194,460.96726581558175
208.7402343749998,19.18764725611517,368.165807225104
208.8012695312498,11.446864656429012,131.03071046260368
208.8623046874998,15.919661197387033,253.43561263959032
208.9233398437498,22.210898338598962,493.32400500757814
208.9843749999998,16.159386595402967,261.1257751396891
209.0454101562498,10.921836132178932,119.28650449816925
209.1064453124998,19.48937365611239,379.8356855075677
209.1674804687498,21.03175168774966,442.33457905516076
209.2285156249998,13.189241865564775,173.9561009883666
209.2895507812498,13.058427629038249,170.5225321428295
209.3505859374998,21.73735681705508,472.51268139197094
209.4116210937498,18.503701846752566,342.38698203351436
209.4726562499998,11.106381980002233,123.35172068571832
209.5336914062498,16.707326768156776,279.13476773796793
209.5947265624998,22.035124171956475,485.54669727354053
209.6557617187498,15.43948592730364,238.37772569940714
209.7167968749998,11.154645053857788,124.42610627755401
209.7778320312498,20.066372121594778,402.6592901223161
209.8388671874998,20.504189452304406,420.42178509599125
209.8999023437498,12.595117599612488,158.63698734806823
209.9609374999998,13.76225021194715,189.39953089623936
210.0219726562498,21.90663927637359,479.90084438515396
210.0830078124998,17.800529588399264,316.8588536274777
210.1440429687498,10.873820392587506,118.2399699302519
210.2050781249998,17.47103012376407,305.2368935854716
210.2661132812498,21.771758090082177,474.0094503330587
210.3271484374998,14.73633865919134,217.1596770783772
210.3881835937498,11.516272226218078,132.62452598836188
210.4492187499998,20.563073845904697,422.84000599212976
210.5102539062498,19.92468298691928,396.9929921292306
210.5712890624998,12.057972283063501,145.3946955791276
210.6323242187498,14.510766267173818,210.56233766054956
210.6933593749998,21.97777526299307,483.0226055106301
210.7543945312498,17.086778855498984,291.9580116567272
210.8154296874998,10.762060853293967,115.82195381000247
210.8764648437498,18.195515278312595,331.07677624330705
210.9374999999998,21.427360736018404,459.13178811146315
210.9985351562498,14.057253763452353,197.60638337009536
211.0595703124998,11.993361027443056,143.84070873458995
211.1206054687498,20.972725526512612,439.8552160104337
211.1816406249998,19.302658157468912,372.5926119441011
211.2426757812498,11.590101919374664,134.33046250149226
211.3037109374998,15.28311564130982,233.57362370564886
211.3647460937498,21.95222838498654,481.90033106660877
211.4257812499998,16.37059499780056,267.9963805820127
211.4868164062498,10.780187121443165,116.21243437332906
211.5478515624998,18.867397769284533,355.978698584403
211.6088867187498,21.009465662272103,441.39764741419054
211.6699218749998,13.409931270651628,179.82625668360038
211.7309570312498,12.568179268888587,157.95913013492085
211.7919921874998,21.290425848521455,453.2822328113905
211.8530273437498,18.64749704989984,347.72914622602326
211.9140624999998,11.205174079961242,125.55592616223528
211.9750976562498,16.059823395113757,257.91792748224316
212.0361328124998,21.833033500713128,476.6813518432618
212.0971679687498,15.659648602893382,245.22459436610066
212.1582031249998,10.931660664713242,119.50120488843875
212.2192382812498,19.475178123261625,379.2825629327682
212.2802734374998,20.52638488279317,421.33247635656
212.3413085937498,12.80284860664285,163.91293244461679
212.4023437499998,13.220472919302166,174.78090421000192
212.4633789062498,21.513119633003544,462.81431634392254
212.5244140624998,17.968360404259666,322.8619756173666
212.5854492187498,10.917474949462967,119.19125927215141
212.6464843749998,16.82306198201471,283.0154144507087
212.7075195312498,21.62465931686233,467.6258905703608
212.7685546874998,14.961251445046104,223.83904480189412
212.8295898437498,11.213345763516777,125.73912321217965
212.8906249999998,20.009216440462026,400.36874256125583
212.9516601562498,19.986975425445078,399.47918665734545
213.0126953124998,12.245655382507207,149.95607574712773
213.0737304687498,13.929097122775646,194.01974665571677
213.1347656249998,21.63952963164449,468.26924267881986
213.1958007812498,17.274044405522872,298.39261012397606
213.2568359374998,10.740590036830122,115.36027433925449
213.3178710937498,17.556781611596563,308.2405805572952
213.3789062499998,21.33285713421205,455.0907935087019
213.4399414062498,14.282572207095551,203.9918688508983
213.5009765624998,11.61567592404471,134.92392717243195
213.5620117187498,20.461743658824737,418.68295355945435
213.6230468749998,19.40041507389005,376.3761050392202
213.6840820312498,11.74942829442494,138.04906524583333
213.7451171874998,14.673186236073477,215.3023943184961
213.8061523437498,21.670090744316155,469.5928328668967
213.8671874999998,16.572874566099713,274.66017138367476
213.9282226562498,10.685582618206533,114.1816758905176
213.9892578124998,18.246742790423134,332.9436224598586
214.0502929687498,20.964463391807243,439.5087253064261
214.1113281249998,13.630931409291582,185.8022910848118
214.1723632812498,12.123844368955767,146.98760228266048
214.2333984374998,20.82683167470822,433.7569176066296
214.2944335937498,18.775975435176044,352.5372535423342
214.3554687499998,11.32668506613429,128.29379458738956
214.4165039062498,15.432895114399832,238.1742516120662
214.4775390624998,21.606856455114308,466.85624587191484
214.5385742187498,15.872690040089527,251.94228910875725
214.5996093749998,10.759076737158333,115.7577322360616
214.6606445312498,18.880538455390575,356.4747323654823
214.7216796874998,20.527211328400945,421.3664049208321
214.7827148437498,13.014166954175483,169.36854151115315
214.8437499999998,12.719525501927452,161.78632899418278
214.9047851562498,21.10037597662319,445.2258663548571
214.9658203124998,18.122827960730447,328.4368932942333
215.0268554687498,10.9909862003084,120.80177765536969
215.0878906249998,16.18981338888352,262.11005756687206
215.1489257812498,21.45337259388996,460.24719565226883
215.2099609374998,15.180905764084592,230.4598998180168
215.2709960937498,10.961805468056555,120.1611791195146
215.3320312499998,19.447590561091786,378.2087786318663
215.3930664062498,20.029504804581048,401.1810627167353
215.4541015624998,12.441018427645874,154.7789395170242
215.5151367187498,13.382587137799504,179.09363850079671
215.5761718749998,21.280059657397246,452.8409390223858
215.6372070312498,17.449862719736785,304.4977089376597
215.6982421874998,10.755983579750644,115.69118276786548
215.7592773437498,16.927173623371832,286.52920687577506
215.8203124999998,21.214543046012817,450.05683665113077
215.8813476562498,14.504656763769795,210.38506783477285
215.9423828124998,11.288112477951524,127.42148331488488
216.0034179687498,19.939149573940753,397.56968573198174
216.0644531249998,19.480202785292775,379.4783005561284
216.1254882812498,11.921457757193794,142.1211550565561
216.1865234374998,14.092487290674583,198.59819803782466
216.2475585937498,21.365291337690202,456.47567394438
216.3085937499998,16.765569300057518,281.0843139550311
216.3696289062498,10.633933063618775,113.08053240152458
216.4306640624998,17.62994219585905,310.81486182933145
216.4916992187498,20.896458805182107,436.6619905966728
216.5527343749998,13.851039807611174,191.8513037520294
216.6137695312498,11.726537496211689,137.5116816500587
216.6748046874998,20.348287256942477,414.0527942910476
216.7358398437498,18.888394404581085,356.77144318301004
216.7968749999998,11.4668473948386,131.4885891765168
216.8579101562498,14.829235298739015,219.90621954536718
216.9189453124998,21.357128973388118,456.1269579859342
216.9799804687498,16.077968397871093,258.5010678029416
217.0410156249998,10.633870128573788,113.0791939113739
217.1020507812498,18.28485235991761,334.33582582398464
217.1630859374998,20.50620882677957,420.50460044749235
217.2241210937498,13.227430802683308,174.9649256397752
217.2851562499998,12.261197618382512,150.33696703702898
217.3461914062498,20.66987728520409,427.243826985396
217.4072265624998,18.26318516801851,333.54393248133124
217.4682617187498,11.089794885490475,122.9835506022507
217.5292968749998,15.573984167249403,242.54898284173507
217.5903320312498,21.25817464199617,451.909989109609
217.6513671874998,15.394617950083695,236.99426182903912
217.7124023437498,10.759906246134019,115.77558242559387
217.7734374999998,18.88042839544991,356.4705763957113
217.8344726562498,20.051679203328398,402.06983887319257
217.8955078124998,12.641850882634385,159.81639373876376
217.9565429687498,12.8734622923399,165.72603139229727
218.0175781249998,20.900575451754456,436.834054214481
218.0786132812498,17.613514794122835,310.235903402784
218.1396484374998,10.803558107284285,116.71686777746801
218.2006835937498,16.30934679100978,265.99479274942104
218.2617187499998,21.072455865505994,444.04839620369796
218.3227539062498,14.722706876288747,216.75809776511994
218.3837890624998,11.01018944427347,121.22427159879095
218.4448242187498,19.406981913358297,376.6309469854161
218.5058593749998,19.54133670094302,381.86384005962265
218.5668945312498,12.103312640562992,146.49017687521192
218.6279296874998,13.543504959135655,183.42652657813207
218.6889648437498,21.03876987164939,442.62983771222207
218.7499999999998,16.94799635140159,287.23458032712153
218.8110351562498,10.620903418136372,112.80358941738086
218.8720703124998,17.019562383776574,289.6655037352625
218.9331054687498,20.80526766310368,432.8591625333877
218.9941406249998,14.069237191358733,197.94343514671175
219.0551757812498,11.376846495623697,129.4326361849852
219.1162109374998,19.85661387366368,394.2851145277729
219.1772460937498,18.984010809594903,360.39266641881613
219.2382812499998,11.622088691548443,135.0729455542182
219.2993164062498,14.251464745270813,203.10424738569685
219.3603515624998,21.084520768873812,444.55701605307115
219.4213867187498,16.274821488411323,264.86981447965496
219.4824218749998,10.552518003189114,111.35563620763037
219.5434570312498,17.6905671602548,312.9561664514856
219.6044921874998,20.46300269864894,418.73447944491375
219.6655273437498,13.44127955152987,180.66799598237503
219.7265624999998,11.846890518370925,140.3488149542669
219.7875976562498,20.223207124152086,408.9781063863557
219.8486328124998,18.388674044914367,338.1433331301073
219.9096679687498,11.209744508367779,125.65837194288157
219.9707031249998,14.978241900838984,224.34773044004862
220.0317382812498,21.039473120077385,442.65942917045885
220.0927734374998,15.601716524261093,243.41355850340165
220.1538085937498,10.605264160551918,112.47162791508698
220.2148437499998,18.310029772737522,335.2571902785345
220.2758789062498,20.0529682055983,402.12153385473636
220.3369140624998,12.846313291255417,165.02776517708557
220.3979492187498,12.403691310876527,153.85155813551384
220.4589843749998,20.5024055286917,420.348632462928
220.5200195312498,17.764250971330583,315.56861257241957
220.5810546874998,10.878830580333275,118.34895479559444
220.6420898437498,15.705952994464008,246.67695946431294
220.7031249999998,20.906747211244202,437.0920789548672
220.7641601562498,14.935987576527408,223.08372488618107
220.8251953124998,10.780766122064167,116.22491817864645
220.8862304687498,18.86736188444739,355.97734447869817
220.9472656249998,19.583165906696003,383.5003869291807
221.0083007812498,12.292564803599857,151.107149450702
221.0693359374998,13.028562550080219,169.74344212135276
221.1303710937498,20.691594054297262,428.1420645078298
221.1914062499998,17.11943335988733,293.07499856362324
221.2524414062498,10.64208729751602,113.25402204795185
221.3134765624998,16.41819689349391,269.55718923353305
221.3745117187498,20.690808705266413,428.1095648779284
221.4355468749998,14.284635892120148,204.0508225704472
221.4965820312498,11.074786270339224,122.65089093369419
221.5576171874998,19.353729845624283,374.56685893740814
221.6186523437498,19.06209645413832,363.3635212268727
221.6796874999998,11.789326582390927,138.98822126626933
221.7407226562498,13.702105929069289,187.74770689143574
221.8017578124998,20.789831818310684,432.21710703364334
221.8627929687498,16.462558791717903,271.0158419707684
221.9238281249998,10.511148485898,110.48424249259581
221.9848632812498,17.100175221545314,292.4159926075523
222.0458984374998,20.397307350389234,416.05014714624264
222.1069335937498,13.65456764812151,186.4472176571266
222.1679687499998,11.477557678652222,131.73433026678856
222.2290039062498,19.762055970099375,390.53885616534035
222.2900390624998,18.49852685717169,342.19549588550234
222.3510742187498,11.347127379510406,128.75729976683468
222.4121093749998,14.405199309363864,207.50976714249714
222.4731445312498,20.797800236537533,432.5484946789207
222.5341796874998,15.80152807154045,249.68828939568084
222.5952148437498,10.494937917468036,110.14372189150832
222.6562499999998,17.73874972143562,314.6632416797323
222.7172851562498,20.03290952353792,401.31746397825634
222.7783203124998,13.052879518073796,170.37766371335042
222.8393554687498,11.974909960629201,143.39846856517647
222.9003906249998,20.087001317130238,403.4876219143919
222.9614257812498,17.901298085876373,320.4564731594011
223.0224609374998,10.977631452745241,120.5083923123016
223.0834960937498,15.119624207102834,228.60303616401
223.1445312499998,20.717693584469746,429.2228274599789
223.2055664062498,15.143794631485404,229.33451584060614
223.2666015624998,10.598064827376742,112.31897808528002
223.3276367187498,18.322481903292655,335.7133430964868
223.3886718749998,19.605092205936657,384.35964040327826
223.4497070312498,12.487182165848035,155.92971844307323
223.5107421874998,12.54975625721109,157.49638211540892
223.5717773437498,20.324954853814127,413.10378980958245
223.6328124999998,17.27912810595553,298.5682681020223
223.6938476562498,10.693156797771406,114.34360230172484
223.7548828124998,15.828441600681952,250.53956350619904
223.8159179687498,20.553117316940966,422.43063144393864
223.8769531249998,14.496438433013585,210.14672724215336
223.9379882812498,10.819757655670283,117.0671557274357
223.9990234374998,18.841641955409536,355.00747157584885
224.0600585937498,19.12195251650018,365.64906804328757
224.1210937499998,11.965933533379946,143.18356532526667
224.1821289062498,13.183539049332559,173.80570186527643
224.2431640624998,20.47399201870135,419.1843491818465
224.3041992187498,16.640459968354225,276.9049079583995
224.3652343749998,10.50570260761701,110.36978727969085
224.4262695312498,16.516191756681156,272.7845901434626
224.4873046874998,20.30893775544054,412.4529527543582
224.5483398437498,13.866309350676655,192.27453500866284
224.6093749999998,11.15363721421821,124.40362310639334
224.6704101562498,19.28821932984384,372.0354049161616
224.7314453124998,18.59198416974111,345.66187536790403
224.7924804687498,11.498687792080815,132.2198209397484
224.8535156249998,13.857391273934866,192.02729291892615
224.9145507812498,20.533819519827762,421.6377440728596
224.9755859374998,15.993354440518152,255.78738626004167
225.0366210937498,10.425558571326864,108.69227152416704
225.0976562499998,17.168994432688944,294.77436982970397
225.1586914062498,19.991126365935273,399.6451333787924
225.2197265624998,13.260265129332986,175.83463130020434
225.2807617187498,11.588369829484465,134.29031530490582
225.3417968749998,19.655923056176682,386.3553111903381
225.4028320312498,18.023872657987976,324.8599855913665
225.4638671874998,11.096162256577117,123.12481682428657
225.5249023437498,14.552954820318595,211.78849400223422
225.5859374999998,20.50569913407648,420.4836969772649
225.6469726562498,15.345432784521794,235.4823073442763
225.7080078124998,10.459724071938547,109.4058276610907
225.7690429687498,17.77460367057516,315.93653564602397
225.8300781249998,19.606581021539437,384.41801935419045
225.8911132812498,12.685463770613696,160.92099107555265
225.9521484374998,12.108914741279964,146.62581621158722
226.0131835937498,19.940169770556604,397.6103704786194
226.0742187499998,17.42630114995935,303.6759717690746
226.1352539062498,10.769994031764595,115.992771444245
226.1962890624998,15.2528864352217,232.65054460577016
226.2573242187498,20.392348462820507,415.8478758290979
226.3183593749998,14.703897493300218,216.20460149348042
226.3793945312498,10.610547688283328,112.58372224533467
226.4404296874998,18.322435219799623,335.7116323837536
226.5014648437498,19.162924343431147,367.21766939206606
226.5624999999998,12.149682759343895,147.61479115269827
226.6235351562498,12.697965379864153,161.23832478822857
226.6845703124998,20.138056732837054,405.5413289749638
226.7456054687498,16.80777290982609,282.50123018828384
226.8066406249998,10.53208089772917,110.92472803631168
226.8676757812498,15.94115617291947,254.12046012940854
226.9287109374998,20.197816141824987,407.951776898966
226.9897460937498,14.075632490789499,198.12343001576897
227.0507812499998,10.875012866994332,118.26590485729228
227.1118164062498,18.80358749826137,353.5749028047712
227.1728515624998,18.668306021302012,348.50564970498095
227.2338867187498,11.661612323412076,135.99320198155638
227.2949218749998,13.337243044824488,177.8820520367192
227.3559570312498,20.248325767941058,409.99469640466583
227.4169921874998,16.176475998099598,261.67837571709236
227.4780273437498,10.3934651151897,108.02411710066525
227.5390624999998,16.60320786293752,275.6665113399103
227.6000976562498,19.92733767998005,397.09878701195265
227.6611328124998,13.467378184768217,181.37027517157088
227.7221679687498,11.244870445073015,126.4471113264766
227.7832031249998,19.210842359698525,369.05646416918717
227.8442382812498,18.131189572670593,328.7400353201188
227.9052734374998,11.231036823513692,126.13618813112053
227.9663085937498,14.008479851907452,196.23750776129705
228.0273437499998,20.271294901476793,410.92539698263903
228.0883789062498,15.540195317139247,241.4976704948366
228.1494140624998,10.362896842597005,107.38963097030697
228.2104492187498,17.226042635047968,296.7365448644903
228.2714843749998,19.587171374013785,383.65728243498506
228.3325195312498,12.885982762722163,166.04855176117272
228.3935546874998,11.707530575147949,137.06627216802406
228.4545898437498,19.538669286822355,381.7595974998152
228.5156249999998,17.560158686314935,308.3591730885619
228.5766601562498,10.868773315442814,118.13023338248178
228.6376953124998,14.694097372166233,215.9164975827026
228.6987304687498,20.208779335306577,408.3947622231141
228.7597656249998,14.906292017859052,222.19754172168848
228.8208007812498,10.445355826478071,109.10545834173939
228.8818359374998,17.798272349315436,316.7784986204064
228.9428710937498,19.18440768435695,368.04149819961407
229.0039062499998,12.33869907119454,152.243494769497
229.0649414062498,12.247358564390039,149.99779180473803
229.1259765624998,19.78320831842456,391.3753313701827
229.1870117187498,16.96371375708102,287.7675844321799
229.2480468749998,10.586285597042965,112.06944274215931
229.3090820312498,15.377606009306511,236.47076657745973
229.3701171874998,20.063980631674575,402.5633187882125
229.4311523437498,14.281739694409602,203.96808869887488
229.4921874999998,10.640986123756667,113.23058568598194
229.5532226562498,18.31013508279262,335.2610467501131
229.6142578124998,18.726785855452814,350.6925084759876
229.6752929687498,11.833494357506599,140.0315887091405
229.7363281249998,12.847028160250154,165.04613255026047
229.7973632812498,19.942240051727506,397.69293828072466
229.8583984374998,16.350137218867346,267.32698707579124
229.9194335937498,10.394854658359371,108.05300336841552
229.9804687499998,16.0438576731722,257.40536903700655
230.0415039062498,19.84136065777335,393.67959275183614
230.1025390624998,13.673261400150095,186.95807731683453
230.1635742187498,10.944712669067822,119.7867354084537
230.2246093749998,18.75352844060295,351.6948289725037
230.2856445312498,18.222478952999822,332.0587391925215
230.3466796874998,11.379280917935782,129.4880342092974
230.4077148437498,13.488646308401322,181.9435792331486
230.4687499999998,20.015143258682695,400.60595966559134
230.5297851562498,15.727360354546224,247.34986372175234
230.5908203124998,10.304361018596154,106.17985600156398
230.6518554687498,16.679163543142366,278.1944964988894
230.7128906249998,19.546487794391574,382.06518509629876
230.7739257812498,13.087524354733024,171.28329373573004
230.8349609374998,11.346707442960582,128.74776979613708
230.8959960937498,19.12199820402997,365.65081531492547
230.9570312499998,17.679892958036838,312.57861500764056
231.0180664062498,10.98602044061409,120.69264512159063
231.0791015624998,14.15459462595162,200.3525490250185
231.1401367187498,20.00281272934733,400.11251708533956
231.2011718749998,15.102901793680099,228.09764258954553
231.2622070312498,10.321862168259896,106.54083862055488
231.3232421874998,17.271372818615816,298.30031903962123
231.3842773437498,19.185868274367614,368.0975414413857
231.4453124999998,12.531406661941626,157.03615292695494
231.5063476562498,11.833409836077841,140.02958834858381
231.5673828124998,19.410746274424916,376.77707093010076
231.6284179687498,17.107480301891986,292.66588227962234
231.6894531249998,10.664524331679267,113.73207922097912
231.7504882812498,14.828070992995185,219.8716893733052
231.8115234374998,19.90758861782089,396.3120845763918
231.8725585937498,14.483874085621025,209.78260852812429
231.9335937499998,10.450283065849243,109.20841615637546
231.9946289062498,17.80992094657231,317.1932841231551
232.0556640624998,18.766764441958763,352.1914476199678
232.1166992187498,12.012284959003425,144.2949899362999
232.1777343749998,12.388831616171858,153.4831488138594
232.2387695312498,19.616612609351247,384.8114902653583
232.2998046874998,16.51355900963686,272.6976311647587
232.3608398437498,10.425914946446632,108.69970247053928
232.4218749999998,15.493427532097458,240.04629669235553
232.4829101562498,19.733121927178153,389.39610099287927
232.5439453124998,13.877057072982424,192.57271300681154
232.6049804687498,10.687661451642304,114.22610730492089
232.6660156249998,18.285843659359518,334.3720783345387
232.7270507812498,18.296988508238226,334.77978847060166
232.7880859374998,11.538321929882859,133.1328729576157
232.8491210937498,12.995777444710585,168.89023139244838
232.9101562499998,19.738031020960367,389.58986858439374
232.9711914062498,15.90617206377168,253.0063097223106
233.0322265624998,10.280661927081129,105.69200965893546
233.0932617187498,16.136359679332834,260.38210370079844
233.1542968749998,19.484252356597747,379.63608989558486
233.2153320312498,13.289040735735474,176.59860367603684
233.2763671874998,11.027103834169111,121.59701896954711
233.3374023437498,18.69180333165945,349.3835117894353
233.3984374999998,17.784709743781743,316.2959006705653
233.4594726562498,11.118635091647459,123.62404630121429
233.5205078124998,13.636830254590123,185.96313939250453
233.5815429687498,19.77498323100002,391.04996178633206
233.6425781249998,15.29299711611982,233.8757607936491
233.7036132812498,10.237305226317709,104.80241829679187
233.7646484374998,16.74401632718591,280.36208276506835
233.8256835937498,19.166851404247353,367.3681927524987
233.8867187499998,12.726460288629472,161.96279147806294
233.9477539062498,11.457470381191909,131.27362753588986
234.0087890624998,19.02209058245252,361.8399301270289
234.0698242187498,17.238258579947953,297.1575588691492
234.1308593749998,10.763281083330613,115.84821967878261
234.1918945312498,14.2950477192221,204.34838929483698
234.2529296874998,19.728920688738913,389.23031154255034
234.3139648437498,14.681300074526636,215.5405718782958
234.37499999999977,10.301095071817006,106.1125596786126
234.43603515624977,17.305067372610942,299.46535677060376
234.49707031249977,18.78763928907213,352.9753900562867
234.55810546874977,12.196253603708087,148.74860196596248
234.61914062499977,11.964497567267763,143.14920203715621
234.68017578124977,19.27261254019655,371.43359412454134
234.74121093749977,16.66593408647805,277.7533589748309
234.80224609374977,10.482943656729473,109.8921077101647
234.86328124999977,14.954399016291989,223.6340499384748
234.92431640624977,19.602664504256495,384.2644556664375
234.98535156249977,14.077966011243067,198.18912701371502
235.04638671874977,10.472930250014036,109.68226802165906
235.10742187499977,17.80973708944152,317.18673519502886
235.16845703124977,18.354008657393898,336.86963379569016
235.22949218749977,11.705947976411165,137.02921802644465
235.29052734374977,12.532040792060073,157.05204641385765
235.35156249999977,19.44087768544703,377.9477251805123
235.41259765624977,16.07585335560473,258.43306111090783
235.47363281249977,10.288232527843972,105.84772854698676
235.53466796874977,15.600052001572271,243.36162245175902
235.59570312499977,19.400290507979374,376.3712717939946
235.65673828124977,13.489603357532065,181.96939874354035
235.71777343749977,10.748890965396011,115.538656985972
235.77880859374977,18.249834351888936,333.05645387138543
235.83984374999977,17.873825154911067,319.47362566833164
235.90087890624977,11.26389648048627,126.87536392311098
235.96191406249977,13.143163038477134,172.74273465599148
236.02294921874977,19.525948716210774,381.2626732680932
236.08398437499977,15.475825562749327,239.5011768486455
236.14501953124977,10.18861907868109,103.80795873046429
236.20605468749977,16.218520730138597,263.0404146739354
236.26708984374977,19.126983842645338,365.8415109168158
236.32812499999977,12.922712805806682,166.99650626136003
236.38916015624977,11.120503619440697,123.66560074999364
236.45019531249977,18.618763642251924,346.6583595660421
236.51123046874977,17.35522729492933,301.20391445866
236.57226562499977,10.879371874755657,118.36073238922442
236.63330078124977,13.780980536496724,189.91542454730154
236.69433593749977,19.52838228070824,381.35771450147956
236.75537109374977,14.873274331974567,221.2142893541735
236.81640624999977,10.19114381208892,103.8594121986783
236.87744140624977,16.797761796298488,282.164801365185
236.93847656249977,18.788877323395063,353.02191107358925
236.99951171874977,12.383926024036997,153.36162376882078
237.06054687499977,11.575586601268801,133.9942051634738
237.12158203124977,18.91153020752542,357.64597479014645
237.18261718749977,16.80643935134014,282.4564036702743
237.24365234374977,10.56244474776756,111.5652390496425
237.30468749999977,14.429237281634634,208.20288852971484
237.36572265624977,19.450151070047088,378.30837664765386
237.42675781249977,14.275226222683136,203.78208370878022
237.48779296874977,10.299201409075629,106.07354966470541
237.54882812499977,17.32723375148623,300.2330294786436
237.60986328124977,18.392879502634983,338.2980163984501
237.67089843749977,11.880274595190897,141.14092445713825
237.73193359374977,12.099403966943969,146.39557635529945
237.79296874999977,19.124724232429205,365.75507696646486
237.85400390624977,16.23559841559132,263.59465591235136
237.91503906249977,10.32352686780152,106.57520699021987
237.97607421874977,15.072669623693702,227.18536958501886
238.03710937499977,19.29453488530365,372.27907644019956
238.09814453124977,13.688364316332992,187.37131765665836
238.15917968749977,10.511727217373084,110.49640909246207
238.22021484374977,17.797927544968246,316.76622489593944
238.28124999999977,17.946486131876593,322.0763644816389
238.34228515624977,11.419442471737856,130.4036663653304
238.40332031249977,12.675815812354774,160.67630650874332
238.46435546874977,19.256496474366287,370.8126564672812
238.52539062499977,15.650611063267016,244.94162665365593
238.58642578124977,10.172535117027985,103.48047070716757
238.64746093749977,15.69723595057025,246.40321648787508
238.70849609374977,19.065994164281847,363.5121334724294
238.76953124999977,13.119155428709345,172.11223916263387
238.83056640624977,10.823034804751938,117.13808238487182
238.89160156249977,18.20239783073262,331.32728678825964
238.95263671874977,17.457577421959567,304.7670094437124
239.01367187499977,11.00995536114351,121.2191170543727
239.07470703124977,13.288242028103834,176.5773761974651
239.13574218749977,19.306508702104793,372.7412782644481
239.19677734374977,15.059044054204772,226.7748078264801
239.25781249999977,10.11777104769323,102.36929097353936
239.31884765624977,16.290242682408486,265.37200665176323
239.37988281249977,18.770026569944534,352.31389743642376
239.44091796874977,12.574042738837127,158.1065507981027
239.50195312499977,11.223313460825487,125.96276503994658
239.56298828124977,18.534768644737728,343.5376487139528
239.62402343749977,16.934241971540818,286.76855115069463
239.68505859374977,10.661188839442366,113.66094747025045
239.74609374999977,13.920369002727938,193.77667317210881
239.80712890624977,19.27586728192089,371.5590594702282
239.86816406249977,14.4680806309025,209.3253571422961
239.92919921874977,10.16466831064956,103.32048186552338
239.99023437499977,16.840425681050547,283.5999371189868
240.05126953124977,18.413000640093156,339.03859257207097
240.11230468749977,12.059689209862452,145.43610383847283
240.17333984374977,11.699589808638024,136.88040169038672
240.23437499999977,18.790732308377308,353.09162068509477
240.29541015624977,16.384578545238018,268.45441410507397
240.35644531249977,10.383114137196493,107.80905918604968
240.41748046874977,14.556636507575814,211.89566641368899
240.47851562499977,19.16703486671414,367.37522558183554
240.53955078124977,13.884525143955313,192.78003847312732
240.60058593749977,10.314755108013365,106.39417293828781
240.66162109374977,17.338005052188343,300.6064191897085
240.72265624999977,18.001978418811017,324.0712269913376
240.78369140624977,11.583238346413902,134.17141058983347
240.84472656249977,12.23685067251632,149.74051438146313
240.90576171874977,18.96754090275131,359.767607897544
240.96679687499977,15.816547665477215,250.16318005431273
241.02783203124977,10.185713957641887,103.74876882690076
241.08886718749977,15.182532743163788,230.50930049724056
241.14990234374977,18.983714187080036,360.38140433674386
241.21093749999977,13.314881464420573,177.28606841157054
241.27197265624977,10.565117649555582,111.62171094895086
241.33300781249977,17.774717170666815,315.9405704971977
241.39404296874977,17.54452252275745,307.81027055154345
241.45507812499977,11.152536648996982,124.37907370722083
241.51611328124977,12.819094767909625,164.32919066864793
241.57714843749977,19.063960091737847,363.4345743793733
241.63818359374977,15.23783637533919,232.1916574016102
241.69921874999977,10.078049921688557,101.56709022404672
241.76025390624977,15.78478471481652,249.15942849310528
241.82128906249977,18.730726492681352,350.84011494363506
241.88232421874977,12.76550835815312,162.95820364207717
241.94335937499977,10.908507509646837,118.99553608802144
242.00439453124977,18.143835914761592,329.1987817017926
242.06542968749977,17.048513608827047,290.65181627036105
242.12646484374977,10.776247512833802,116.1275104578567
242.18749999999977,13.430164057394878,180.36930660854125
242.24853515624977,19.08022327326152,364.05492015751054
242.30957031249977,14.655775448776616,214.79175400496342
242.37060546874977,10.067100176487486,101.34650596343437
242.43164062499977,16.35146224786863,267.37031764347296
242.49267578124977,18.413844820948505,339.06968108997205
242.55371093749977,12.242821178321828,149.88667040436547
242.61474609374977,11.334023598730187,128.46009093657278
242.67578124999977,18.44018184165403,340.04030635326706
242.73681640624977,16.52195541875879,272.97501085945294
242.79785156249977,10.463769764879798,109.49047769241263
242.85888671874977,14.054350779729807,197.52477583969184
242.91992187499977,19.017958437429666,361.6827431278022
242.98095703124977,14.077315080529281,198.17079987649714
243.04199218749977,10.156621413561771,103.1569585384215
243.10302734374977,16.872060371047258,284.66642116426334
243.16406249999977,18.039643351415553,325.42873224627135
243.22509765624977,11.753542863863457,138.14576985267558
243.28613281249977,11.82811635517046,139.90433651145094
243.34716796874977,18.660117237646567,348.1999753227145
243.40820312499977,15.972810596144592,255.13067834030898
243.46923828124977,10.22485289595646,104.54761674394919
243.53027343749977,14.676784916113425,215.40801547385456
243.59130859374977,18.880086770560638,356.4576764638988
243.65234374999977,13.509053515158511,182.49452687541654
243.71337890624977,10.346316450729498,107.04626409863583
243.77441406249977,17.337535201892994,300.59012687687874
243.83544921874977,17.615303262307297,310.2989090230541
243.89648437499977,11.30494140103456,127.80170008082523
243.95751953124977,12.375665158692557,153.15708812007688
244.01855468749977,18.8015217518202,353.4972201841681
244.07958984374977,15.408847149852615,237.43257048752108
244.14062499999977,10.068896136716912,101.38266941199275
244.20166015624977,15.28369227341551,233.59124950846095
244.26269531249977,18.670709411849064,348.5953899417092
244.32373046874977,12.957347181612551,167.89284598484272
244.38476562499977,10.631571874436785,113.0303205213153
244.44580078124977,17.74034520907967,314.71984813731603
244.50683593749977,17.148434121501843,294.0687928194887
244.56787109374977,10.905013578607665,118.91932114961756
244.62890624999977,12.96091017324047,167.9851925188083
244.68994140624977,18.86375600884518,355.8412907612426
244.75097656249977,14.837532300714237,220.15236477473832
244.81201171874977,10.00394057418836,100.07882701189212
244.87304687499977,15.86254364062901,251.62029075085985
244.93408203124977,18.394966857652086,338.37480569411866
244.99511718749977,12.428474940335557,154.4669893425489
245.05615234374977,11.003794144852566,121.08348558229163
245.11718749999977,18.074462952649245,326.6862110266901
245.17822265624977,16.64688220982228,277.11868730769754
245.23925781249977,10.562515437562203,111.56673236873985
245.30029296874977,13.568172731364017,184.0953112681301
245.36132812499977,18.847599524717264,355.23200784412245
245.42236328124977,14.265964156793707,203.5177333229228
245.48339843749977,10.035530036398944,100.71186311146539
245.54443359374977,16.402153951657574,269.0306542538762
245.60546874999977,18.058886643846364,326.1233868152926
245.66650390624977,11.928856858601991,142.29762595301577
245.72753906249977,11.451214463832372,131.13031269668372
245.78857421874977,18.335380786238133,336.1861885763505
245.84960937499977,16.118554569907566,259.8078014230881
245.91064453124977,10.28677217767301,105.81768183534751
245.97167968749977,14.182358123456405,201.13928194196987
246.03271484374977,18.755169227144002,351.7563727388093
246.09374999999977,13.70087227396989,187.7139010676369
246.15478515624977,10.165713157906152,103.34172400882628
246.21582031249977,16.892749096888704,285.3649720504341
246.27685546874977,17.669209590930098,312.2009675682162
246.33789062499977,11.465295290713708,131.45299610326194
246.39892578124977,11.959908667983841,143.03941534651503
246.45996093749977,18.520107119536597,342.99436771911013
246.52099609374977,15.571255589270047,242.46400062637366
246.58203124999977,10.0871816884382,101.75123441556293
246.64306640624977,14.789287197033671,218.72301579634404
246.70410156249977,18.58981908101676,345.5813734649348
246.76513671874977,13.148675896057439,172.8876778195619
246.82617187499977,10.39245164148084,108.0030511205178
246.88720703124977,17.32600183287387,300.1903395127487
246.94824218749977,17.233212890143474,296.98362651700717
247.00927734374977,11.04519077636405,121.99623928627749
247.07031249999977,12.514780361226814,156.61972748974833
247.13134765624977,18.627128882513713,346.96993040577655
247.19238281249977,15.012555665409064,225.37682760700577
247.25341796874977,9.972400591364998,99.44877355465697
247.31445312499977,15.375903193539445,236.4183990170965
247.37548828124977,18.356013617033998,336.94323590873756
247.43652343749977,12.615604260877838,159.15347086707905
247.49755859374977,10.709602968459327,114.69559574203284
247.55859374999977,17.69506969948425,313.11549166960566
247.61962890624977,16.758520738470708,280.8480173417528
247.68066406249977,10.67666058054232,113.99108115210628
247.74169921874977,13.100394158350863,171.6203271041534
247.80273437499977,18.656373825373894,348.06028431209614
247.86376953124977,14.449698531631842,208.79378765504342
247.92480468749977,9.949307560984266,98.9887209430587
247.98583984374977,15.930402576296295,253.77772624286763
248.04687499999977,18.059187558207782,326.1342552625267
248.10791015624977,12.107889518170785,146.60098858422995
248.16894531249977,11.107446684279072,123.37537184410215
248.22998046874977,17.99460246849636,323.8057179992153
248.29101562499977,16.252924556533134,264.15755664035777
248.35205078124977,10.36848978743223,107.50558047208645
248.41308593749977,13.701586811064438,187.73348114113494
248.47412109374977,18.60913914404085,346.3000596822734
248.53515624999977,13.889557536604366,192.91980856264314
248.59619140624977,10.021931261173401,100.43910620368469
248.65722656249977,16.44232218421696,270.34995880959315
248.71826171874977,17.705586228643448,313.4877836999285
248.77929687499977,11.631980174869152,135.302962788549
248.84033203124977,11.573560444279195,133.94730135738405
248.90136718749977,18.220747477705768,331.9956386463211
248.96240234374977,15.724215795744465,247.25096239113975
249.02343749999977,10.129826196958586,102.61337878058845
249.08447265624977,14.30388986656967,204.60126531495447
249.14550781249977,18.48800711407601,341.80640705012513
249.20654296874977,13.338662020483023,177.91990449667622
249.26757812499977,10.190630205472953,103.84894398469773
249.32861328124977,16.902596480215664,285.69776777299893
249.38964843749977,17.302092238091305,299.3623958154194
249.45068359374977,11.194778965056345,125.32307607646801
249.51171874999977,12.09380128248103,146.2600294601398
249.57275390624977,18.37112831256288,337.49835547664946
249.63378906249977,15.18002562244837,230.43317789818906
249.69482421874977,9.969572868293378,99.39238317621145
249.75585937499977,14.893799294566847,221.8252574268399
249.81689453124977,18.29673063168119,334.77035180830075
249.87792968749977,12.80326751597502,163.92365908562118
249.93896484374977,10.45173957323397,109.23886010670502
249.99999999999977,17.30359789406247,299.4145000794031
250.06103515624977,16.856047399707947,284.12633394120104
250.12207031249977,10.803804636133565,116.72219461574112
250.18310546874977,12.653219890377079,160.10397359423413
250.24414062499977,18.44482317705431,340.21150203279984
250.30517578124977,14.627723149212091,213.9702845299953
250.36621093749977,9.895494162413598,97.92080471836161
250.42724609374977,15.4589649964632,238.97959876187446
250.48828124999977,18.04011077819278,325.4455968894673
250.54931640624977,12.289509455406357,151.03204265452226
250.61035156249977,10.797776046698171,116.59196755464879
250.67138671874977,17.639161172538593,311.14000687079306
250.73242187499977,16.375067776218796,268.1428446757592
250.79345703124977,10.46726102258943,109.56355331501992
250.85449218749977,13.236760592992312,175.21183099619418
250.91552734374977,18.44229693582048,340.11831626897344
250.97656249999977,14.074330223961216,198.08677125310817
251.03759765624977,9.913192909281383,98.27139365662669
251.09863281249977,15.988284065413087,255.625227356342
251.15966796874977,17.723843742851848,314.1346370210286
251.22070312499977,11.803600283324554,139.3249796484995
251.28173828124977,11.218101301739523,125.84579681608999
251.34277343749977,17.90459000906413,320.57434339267905
251.40380859374977,15.866866809333626,251.75746234513304
251.46484374999977,10.193882747977154,103.91524547950625
251.52587890624977,13.829804237246645,191.26348524056525
251.58691406249977,18.36534048646049,337.2857311836248
251.64794921874977,13.52650607711416,182.9663666542063
251.70898437499977,10.02513779965405,100.50338790205245
251.77001953124977,16.471999296532974,271.3267608249828
251.83105468749977,17.354364537004997,301.17396848325666
251.89208984374977,11.352040933147094,128.86883334784716
251.95312499999977,11.69982332411685,136.88586581554864
252.01416015624977,18.096665473364947,327.48930125487897
252.07519531249977,15.339100678241962,235.28800961724303
252.13623046874977,9.992521951797531,99.85049495715555
252.19726562499977,14.418504791123071,207.89328041163895
252.25830078124977,18.21696864105292,331.8579464691054
252.31933593749977,12.990594025970447,168.75553314757906
252.38037109374977,10.23005243509575,104.65397282480849
252.44140624999977,16.90173250860901,285.6685617925707
252.50244140624977,16.93866825743297,286.91848233536723
252.56347656249977,10.941834135682383,119.72373425278424
252.62451171874977,12.228730043017276,149.5418384649933
252.68554687499977,18.213611991777643,331.73566178702634
252.74658203124977,14.799224612620938,219.01704913480535
252.80761718749977,9.871441029100385,97.44534799100647
252.86865234374977,14.990033694786739,224.70111017084176
252.92968749999977,18.001311442500192,324.04721364988836
252.99072265624977,12.472714648170925,155.56861069469755
253.05175781249977,10.522788140843037,110.72907025706687
253.11279296874977,17.270535859395608,298.2714088706696
253.17382812499977,16.48413393831468,271.7266716962979
253.23486328124977,10.5806073753663,111.94925243165575
253.29589843749977,12.7900953528243,163.58653913433776
253.35693359374977,18.255063471099934,333.24734233388716
253.41796874999977,14.254395617204986,203.18779441179274
253.47900390624977,9.837385267050005,96.7741488923725
253.54003906249977,15.532716501078665,241.26528190288147
253.60107421874977,17.723470805772266,314.1214174030618
253.66210937499977,11.978937373295617,143.4949405933385
253.72314453124977,10.89471368174184,118.69478620713282
253.78417968749977,17.572899752241938,308.8068057023448
253.84521484374977,15.998344272271723,255.94701945412945
253.90624999999977,10.276591539342457,105.60833366648497
253.96728515624977,13.369302719769339,178.73825521283183
254.02832031249977,18.2220060549031,332.0415046649253
254.08935546874977,13.71142044539842,188.00305063048984
254.15039062499977,9.894585856285413,97.90282926740335
254.21142578124977,16.036146438387618,257.1579925934119
254.27246093749977,17.38937916052759,302.3905075885912
254.33349609374977,11.51547561079116,132.60617854272604
254.39453124999977,11.334468228926358,128.470170032541
254.45556640624977,17.80476883311334,317.0097932006041
254.51660156249977,15.48892030575331,239.90665223797717
254.57763671874977,10.038380006534354,100.76907315558864
254.63867187499977,13.952284800452839,194.66625115294732
254.69970703124977,18.116693789803552,328.2145938735066
254.76074218749977,13.176760085008219,173.6270063378658
254.82177734374977,10.04395374244671,100.88100678040928
254.88281249999977,16.491245033204486,271.9611627451916
254.94384765624977,17.005629599188364,289.1914380647914
255.00488281249977,11.08890037242586,122.96371146958637
255.06591796874977,11.828856568619418,139.92184772097076
255.12695312499977,17.96353136738088,322.6884591868768
255.18798828124977,14.963364859226232,223.90228791032646
255.24902343749977,9.874402348184573,97.503821733833
255.31005859374977,14.525822159772629,210.99950941734156
255.37109374999977,17.94254866020515,321.9350524238297
255.43212890624977,12.656588457215161,160.18923137531206
255.49316406249977,10.28266279735912,105.73315420419327
255.55419921874977,16.890307802672314,285.28249766901325
255.61523437499977,16.57930132929748,274.8732325676452
255.67626953124977,10.706314597356199,114.62517225756243
255.73730468749977,12.363710044146389,152.8613260557263
255.79833984374977,18.047988880150502,325.7299026180362
255.85937499999977,14.42894534125854,208.19446366102653
255.92041015624977,9.792146608133107,95.88613519517271
255.98144531249977,15.07774032049804,227.3382531723723
256.0424804687498,17.704042967241463,313.4331373859319
256.1035156249998,12.156916055142478,147.79060797178096
256.1645507812498,10.604241551667538,112.44993888611236
256.2255859374998,17.227042473032537,296.77099236766696
256.2866210937498,16.11778565743027,259.783014498865
256.3476562499998,10.375418103852978,107.64930082976012
256.4086914062498,12.924603225367887,167.04536853319
256.4697265624998,18.05831347223021,326.10268546133113
256.5307617187498,13.892612511981753,193.00468240807194
256.5917968749998,9.797219349872421,95.98550698951458
256.6528320312498,15.597038349063236,243.26760526214926
256.7138671874998,17.4065571043006,302.9882302252777
256.7749023437498,11.68377141529747,136.51051448492223
256.8359374999998,10.999103255963009,120.98027243533606
256.8969726562498,17.496583390049818,306.13043032496716
256.9580078124998,15.628612049134047,244.2535145823379
257.0190429687498,10.104407692213174,102.09905481045676
257.0800781249998,13.497385411797945,182.17941295461597
257.1411132812498,17.99598231371453,323.85537943552623
257.2021484374998,13.360965104219472,178.51538851617045
257.2631835937498,9.892431476063804,97.86020050861788
257.3242187499998,16.073978791588917,258.3727941924503
257.3852539062498,17.05622769515977,290.91490318913515
257.4462890624998,11.243394056206743,126.41390990314511
257.5073242187498,11.455340245722322,131.22482014526554
257.5683593749998,17.69549156837814,313.1304218465419
257.6293945312498,15.119285155082895,228.59278360071002
257.6904296874998,9.901627470457356,98.04222656371574
257.7514648437498,14.068553928558845,197.92420964076854
257.8124999999998,17.86368565049762,319.11126501979453
257.8735351562498,12.840272583771421,164.872600025552
257.9345703124998,10.077165517748515,101.5492648720997
257.9956054687498,16.500144880370797,272.25478107322664
258.0566406249998,16.659774538218507,277.5480876642737
258.1176757812498,10.842431772951027,117.55832675109795
258.1787109374998,11.959598253490556,143.03199038489436
258.2397460937498,17.821742116257784,317.6144920583965
258.3007812499998,14.597148332784831,213.076739449323
258.3618164062498,9.774959478118506,95.5498327988588
258.4228515624998,14.6255092110852,213.90551968353805
258.4838867187498,17.665229093508568,312.0603189261415
258.5449218749998,12.33656956386652,152.19094860411778
258.6059570312498,10.347160500105735,107.06373041494837
258.6669921874998,16.86849154587021,284.5460070330947
258.7280273437498,16.2243395708824,263.2291945113005
258.7890624999998,10.488073447588613,109.9996846420133
258.8500976562498,12.497847413307271,156.19618996631124
258.9111328124998,17.874694006855453,319.50468583871424
258.9721679687498,14.069274372209115,197.9444813605002
259.0332031249998,9.730990486017621,94.69217583896545
259.0942382812498,15.156722145140169,229.72622618498238
259.1552734374998,17.40539593023976,302.9478074884068
259.2163085937498,11.855779049320994,140.5594968663186
259.2773437499998,10.6947941543183,114.37862200324089
259.3383789062498,17.173363622646818,294.924418115649
259.3994140624998,15.757300820464371,248.29252914660714
259.4604492187498,10.188050644415165,103.79637593316826
259.5214843749998,13.05601449081575,170.45951438439084
259.5825195312498,17.855031956103304,318.8021661534702
259.6435546874998,13.542410239808985,183.39687510328326
259.7045898437498,9.774092530314668,95.532884791153
259.7656249999998,15.65184545645106,244.98026619262768
259.8266601562498,17.089819572342908,292.06193301523473
259.8876953124998,11.40391270291168,130.04922493563035
259.9487304687498,11.10969755097875,123.42537967422322
260.0097656249998,17.41051902472069,303.12617271016103
260.0708007812498,15.266114071109127,233.05423883211608
260.1318359374998,9.950442203409377,99.01130004339046
260.1928710937498,13.620438572599951,185.5163469099686
260.2539062499998,17.76469911279903,315.5845345682826
260.3149414062498,13.02295262047666,169.5972949551799
260.3759765624998,9.905643127375997,98.12176576693133
260.4370117187498,16.101795120465823,259.267806101457
260.4980468749998,16.72480374229167,279.7190602181734
260.5590820312498,10.987248546808262,120.71963062934026
260.6201171874998,11.579590769334724,134.08692238526194
260.6811523437498,17.577116306035187,308.95501763588805
260.7421874999998,14.758148375348092,217.80294346878955
260.8032226562498,9.78323511486103,95.71168931264992
260.8642578124998,14.178191095813538,201.0211027494063
260.9252929687498,17.606797555305086,309.99932015349714
260.9863281249998,12.517003495552666,156.67537650767767
261.0473632812498,10.12355434387927,102.48635255347685
261.1083984374998,16.49880797923595,272.2106647356998
261.1694335937498,16.317180191608863,266.25036940543265
261.2304687499998,10.612516640930943,112.62550945403619
261.2915039062498,12.091067065755865,146.19390278860615
261.3525390624998,17.671701672554217,312.28904000375553
261.4135742187498,14.240582040379902,202.7941768487906
261.4746093749998,9.693635003871707,93.96655958828683
261.5356445312498,14.717280020943647,216.59833121486704
261.5966796874998,17.385485763614316,302.25511523683605
261.6577148437498,12.030471873063277,144.73225348856664
261.7187499999998,10.422271133637222,108.62373558304772
261.7797851562498,16.8364695256341,283.46670608760576
261.8408203124998,15.874120186029641,251.98769168051373
261.9018554687498,10.286966425000177,105.82167822908092
261.9628906249998,12.630319435803743,159.5249690504418
262.0239257812498,17.694163405775118,313.0834186302713
262.0849609374998,13.72029318629773,188.24644511796794
262.1459960937498,9.687215349502255,93.8421412276321
262.2070312499998,15.2268132086348,231.85584049065523
262.2680664062498,17.105835255634556,292.60959979291016
262.3291015624998,11.569224743821549,133.84696117305276
262.3901367187498,10.793185087687235,116.4928443370741
262.4511718749998,17.109755125714646,292.7437204619186
262.5122070312498,15.402966215530427,237.2513682367717
262.5732421874998,10.018301920798558,100.36637337627609
262.6342773437498,13.18366608446775,173.80905142674524
262.6953124999998,17.64567801756871,311.3699526997076
262.7563476562498,13.203819740236701,174.3408557326644
262.8173828124998,9.767056619249347,95.39539500362248
262.8784179687498,15.697081567549054,246.39836973828827
262.9394531249998,16.77369296338436,281.35677562988997
263.0004882812498,11.139268293629945,124.08329811746938
263.0615234374998,11.22532774802948,126.00798305068061
263.1225585937498,17.31502278910287,299.8100141871517
263.1835937499998,14.911078519024334,222.34026260050894
263.2446289062498,9.814396165348528,96.3223720904079
263.3056640624998,13.737956226665792,188.73144128578542
263.3666992187498,17.528628297044175,307.2528099759378
263.4277343749998,12.697377390335584,161.22339259260528
263.4887695312498,9.933108143160847,98.66663738372834
263.5498046874998,16.119641615552144,259.84284581384054
263.6108398437498,16.395518405519475,268.81302378572786
263.6718749999998,10.746942569574136,115.49677459372474
263.7329101562498,11.706167285070816,137.03435250606222
263.7939453124998,17.450012315162812,304.5029297993338
263.8549804687498,14.405689375429878,207.52388638137327
263.9160156249998,9.682763346397254,93.75590602233414
263.9770507812498,14.280826388933335,203.9420023508547
264.0380859374998,17.346505207685134,300.90124292024746
264.0991210937498,12.206913930992913,149.00874771866884
264.1601562499998,10.18190883391486,103.67126750215348
264.2211914062498,16.48735996088848,271.83303847990857
264.2822265624998,15.978215370625161,255.30336643008215
264.3432617187498,10.399039149730916,108.14001523763629
264.4042968749998,12.22236173683873,149.38612642613944
264.4653320312498,17.51381546339693,306.7337320859215
264.5263671874998,13.893792939546653,193.03748224699643
264.5874023437498,9.629813531610681,92.73330865359218
264.6484374999998,14.800894960599981,219.0664916347139
264.7094726562498,17.10378658090298,292.5395154050769
264.7705078124998,11.73823861050804,137.7862456772217
264.8315429687498,10.506754168311502,110.39188315333114
264.8925781249998,16.794449083193697,282.05352000798564
264.9536132812498,15.528962862525198,241.1486875856868
265.0146484374998,10.10283715788572,102.0673186387564
265.0756835937498,12.760378643777015,162.82726313256055
265.1367187499998,17.506833500249602,306.4892192054617
265.1977539062498,13.382071243799013,179.07983077411245
265.2587890624998,9.66001266407926,93.31584467017167
265.3198242187498,15.287887775151663,233.71951262563167
265.3808593749998,16.805808060092392,282.43518455266644
265.4418945312498,11.297178014092315,127.6262310820908
265.5029296874998,10.898219564653262,118.77118967939114
265.5639648437498,17.03648795842468,290.2419219575491
265.6249999999998,15.055050048185416,226.6545319533677
265.6860351562498,9.865946693232381,97.33690415370295
265.7470703124998,13.30696523365016,177.07532372957408
265.8081054687498,17.430708759034882,303.8296078422954
265.8691406249998,12.876871072023775,165.81380860552272
265.9301757812498,9.775121694160891,95.55300413565489
265.9912109374998,15.732723656532826,247.51859365282763
266.0522460937498,16.45860749494191,270.885760672558
266.1132812499998,10.889761732817995,118.58691059754717
266.1743164062498,11.344884562351565,128.70640573308285
266.2353515624998,17.210422002959206,296.19862551994237
266.2963867187498,14.56372689128163,212.1021409638397
266.3574218749998,9.695933463482868,94.01112572828688
266.4184570312498,13.849483606021106,191.8081961534474
266.4794921874998,17.288238380482635,298.8831863003929
266.5405273437498,12.384230874036248,153.36917434143263
266.6015624999998,9.973702672571422,99.47474500085832
266.6625976562498,16.12758379589134,260.09895909349694
266.7236328124998,16.068762468741706,258.20512727684206
266.7846679687498,10.522380796450994,110.72049762552065
266.8457031249998,11.834096073076944,140.04582986681515
266.9067382812498,17.314550876242034,299.7936720459738
266.9677734374998,14.062070526786348,197.7418275003133
267.0288085937498,9.599723443273392,92.15469018733275
267.0898437499998,14.376140136130449,206.6734052136608
267.1508789062498,17.083273909813226,291.83824747770524
267.2119140624998,11.909969640824675,141.84737684536546
267.2729492187498,10.251033281422767,105.08368333683723
267.3339843749998,16.465952616392634,271.12759556528744
267.3950195312498,15.643230554388365,244.71066217774973
267.4560546874998,10.201880824435703,104.07837235598889
267.5170898437498,12.352652910496994,152.58803392720986
267.5781249999998,17.348495303676184,300.97028930167465
267.6391601562498,13.55689064676052,183.78928400822286
267.7001953124998,9.582824119649798,91.83051810814193
267.7612304687498,14.876152277344403,221.29990657873907
267.8222656249998,16.820591781563444,282.93230788199963
267.8833007812498,11.459815565046455,131.327372784881
267.9443359374998,10.599411880295907,112.34753220815801
268.0053710937498,16.74265016998964,280.31633471465415
268.0664062499998,15.189175291682766,230.71104604146623
268.1274414062498,9.935518721274192,98.71453226078997
268.1884765624998,12.887347135012899,166.08371617832518
268.2495117187498,17.31314348137437,299.7449372066559
268.3105468749998,13.0546770309807,170.42459238321507
268.3715820312498,9.648529639167638,93.09412419789639
268.4326171874998,15.339852857447104,235.3110856881281
268.4936523437498,16.505759343654752,272.44009151064614
268.5546874999998,11.039577983951357,121.87228206374351
268.6157226562498,11.008758835909564,121.1927711072169
268.6767578124998,16.953845018816285,287.43286092204175
268.7377929687498,14.71381288456683,216.49628960204484
268.7988281249998,9.730729331591098,94.68709332468734
268.8598632812498,13.42537519374753,180.24069909289156
268.9208984374998,17.210578558515383,296.2040143188294
268.9819335937498,12.561589236719684,157.7935241520718
269.0429687499998,9.797269834191681,95.98649620396229
269.1040039062498,15.758775967544882,248.33901999527012
269.1650390624998,16.144975426686507,260.66023152831116
269.2260742187498,10.655317663379346,113.53579450752389
269.2871093749998,11.467335683800918,131.49978768497388
269.3481445312498,17.097052357292082,292.3091993079867
269.4091796874998,14.22426477073465,202.32970826796284
269.4702148437498,9.594676030923575,92.05780813837936
269.5312499999998,13.954619936113918,194.731417561388
269.5922851562498,17.04399285817253,290.4976925494362
269.6533203124998,12.083509579158166,146.01120374960715
269.7143554687498,10.0262989655952,100.52667094749539
269.7753906249998,16.12571324722024,260.03862773157437
269.8364257812498,15.744916970799492,247.90241041736985
269.8974609374998,10.313474117808022,106.36774837869596
269.9584960937498,11.962474937235722,143.1008066239928
270.0195312499998,17.171112938545527,294.8471195482856
270.0805664062498,13.727446675951798,188.44279224110008
270.1416015624998,9.533576253049931,90.88907617271757
270.2026367187498,14.463855051062955,209.20310293815936
270.2636718749998,16.817566456812415,282.8305415293021
270.3247070312498,11.626142631517384,135.16719248838595
270.3857421874998,10.329756793585792,106.70387541463182
270.4467773437498,16.434751811140252,270.1010670937778
270.5078124999998,15.312567152759604,234.47471280777236
270.5688476562498,10.020917022771481,100.41877797727125
270.6298828124998,12.48117902639632,155.77982988895542
270.6909179687498,17.176153192268096,295.0202384842615
270.7519531249998,13.229983684703823,175.03246829752936
270.8129882812498,9.551947069960937,91.23969282733533
270.8740234374998,14.942886707105865,223.28986314140116
270.9350585937498,16.536351429169414,273.4509185889933
270.9960937499998,11.195160526988085,125.33161922503213
271.0571289062498,10.699094945516833,114.47063265318386
271.1181640624998,16.681307254282963,278.2660117117934
271.1791992187498,14.855052587065375,220.6725873644777
271.2402343749998,9.784823128533805,95.74276365669009
271.3012695312498,13.010606111330247,169.27587138418397
271.3623046874998,17.11352927839539,292.8728843624962
271.4233398437498,12.738172533254147,162.26103948695038
271.4843749999998,9.651867294325903,93.15854226727804
271.5454101562498,15.382645833643453,236.6257928433083
271.6064453124998,16.206117358204494,262.638239827897
271.6674804687498,10.79637038160333,116.56161341676163
271.7285156249998,11.123724431862334,123.73724523601099
271.7895507812498,16.86211975079781,284.3310824902456
271.8505859374998,14.379497722456074,206.76995475011944
271.9116210937498,9.61236798226242,92.3976182264237
271.9726562499998,13.538413073838546,183.28862855788248
272.0336914062498,16.985741055272594,288.51539919677293
272.0947265624998,12.25800095228529,150.25858734622707
272.1557617187498,9.832468410702345,96.67743504745951
272.2167968749998,15.775267031614947,248.85904991875745
272.2778320312498,15.833201637745894,250.69027410151926
272.3388671874998,10.435866562281154,108.90731090573787
272.3999023437498,11.59171783208878,134.367922298765
272.4609374999998,16.9752577890042,288.15937700314777
272.5219726562498,13.892886984100967,193.01230875300206
272.5830078124998,9.510196009907814,90.44382814686651
272.6440429687498,14.053012309024156,197.48715495758444
272.7050781249998,16.796348143706187,282.11731096458226
272.7661132812498,11.79520928938171,139.12696218031658
272.8271484374998,10.089778173025257,101.8036235808569
272.8881835937498,16.11414034811906,259.6655191588787
272.9492187499998,15.424351186551691,237.91060952607856
273.0102539062498,10.120131056734175,102.41705260547558
273.0712890624998,12.090469232354199,146.17944625850353
273.1323242187498,17.02008260410506,289.68321185055964
273.1933593749998,13.401965083095547,179.61266808851224
273.2543945312498,9.483727936735766,89.94109557802244
273.3154296874998,14.54373689755562,211.52028294532076
273.3764648437498,16.54983943807153,273.8971854259478
273.4374999999998,11.355409467327284,128.9453241706661
273.4985351562498,10.416937924882756,108.51259573086065
273.5595703124998,16.39394531147169,268.7614428755246
273.6206054687498,14.986550840867762,224.59670610591422
273.6816406249998,9.85601103557717,97.14095353341897
273.7426757812498,12.607246033663124,158.94265255331456
273.8037109374998,16.997206563814537,288.90503097297994
273.8647460937498,12.913169568422623,166.7499483028361
273.9257812499998,9.536412984324524,90.94317260759338
273.9868164062498,15.00096993377551,225.0290989540368
274.0478515624998,16.251508011406475,264.11151264480884
274.1088867187498,10.944235726336544,119.77629563362117
274.1699218749998,10.804702339462498,116.74159264438637
274.2309570312498,16.610670120368702,275.9143618477096
274.2919921874998,14.526875354740822,211.0301075721763
274.3530273437498,9.650537745447942,93.13287877631544
274.4140624999998,13.12959461090763,172.38625464677466
274.4750976562498,16.908427306990962,285.89491399579765
274.5361328124998,12.432616883594438,154.56996257423748
274.5971679687498,9.669098574838362,93.49146724994124
274.6582031249998,15.416233161614322,237.6602448932571
274.7192382812498,15.90730290608325,253.04228574588464
274.7802734374998,10.567504494241941,111.67215123582362
274.8413085937498,11.242104010267505,126.38490257767273
274.9023437499998,16.7616195691103,280.9518905795814
274.9633789062498,14.052338284724549,197.46821126833527
275.0244140624998,9.510532393543755,90.45022640864511
275.0854492187498,13.645650779704878,186.20378520166037
275.1464843749998,16.756647754644533,280.78524397323366
275.2075195312498,11.966130689640382,143.1882836815534
275.2685546874998,9.879668123444622,97.60784222940778
275.3295898437498,15.782250468328206,249.07942984504587
275.3906249999998,15.523676812769317,240.98454178731174
275.4516601562498,10.231344873816436,104.68041792696987
275.5126953124998,11.717127981747934,137.2910881406604
275.5737304687498,16.845389391052127,283.76714373617153
275.6347656249998,13.569776717680707,184.1388401677094
275.6958007812498,9.442022975128275,89.1517978628502
275.7568359374998,14.144350223601565,200.06264324789765
275.8178710937498,16.54576029565642,273.7621837613205
275.8789062499998,11.519329116637342,132.69494329740886
275.9399414062498,10.163035844728254,103.28729758123134
276.0009765624998,16.092998431986786,258.9845985319291
276.0620117187498,15.10741865788742,228.23409850468494
276.1230468749998,9.942251176447499,98.84835845557168
276.1840820312498,12.217309857209083,149.26266014705823
276.2451171874998,16.861847627361964,284.3219054083723
276.3061523437498,13.085760003133831,171.23711485961712
276.3671874999998,9.449536056799584,89.29373168875543
276.4282226562498,14.615582714967992,213.61525809807114
276.4892578124998,16.28053733503476,265.05589591746076
276.5502929687498,11.097751775440397,123.16009446929048
276.6113281249998,10.51147601410229,110.49112799504775
276.6723632812498,16.343731687415907,267.1175654702428
276.7333984374998,14.665496443784807,215.07678594266483
276.7944335937498,9.70700789432834,94.22600226055272
276.8554687499998,12.730215497124584,162.05838660323093
276.9165039062498,16.812070779268343,282.64572388712844
276.9775390624998,12.606541567519857,158.924890293606
277.0385742187498,9.53540912826726,90.92402724344258
277.0996093749998,15.050302059163382,226.51159207205754
277.1606445312498,15.966492755604055,254.92889091475675
277.2216796874998,10.707008268780548,114.64002606773504
277.2827148437498,10.915186805582051,119.1413030007525
277.3437499999998,16.531002316619706,273.2740375920861
277.4047851562498,14.204911669954415,201.7795155512071
277.4658203124998,9.532417943363026,90.86699184694938
277.5268554687498,13.243808565428983,175.3984653177301
277.5878906249998,16.698278975445046,278.83252074179006
277.6489257812498,12.138064004875526,147.3325977864549
277.7099609374998,9.699270148518044,94.07584141393325
277.7709960937498,15.440609511496863,238.41242208652739
277.8320312499998,15.609727660736711,243.66359764236879
277.8930664062498,10.35293360996756,107.18323433239591
277.9541015624998,11.362945671000324,129.116534322105
278.0151367187498,16.65265667007524,277.3109741714013
278.0761718749998,13.732554451373275,188.58305175993195
278.1372070312498,9.424855410700575,88.8278995126119
278.1982421874998,13.7467049117159,188.97189592979407
278.2592773437498,16.523743385023046,273.0340954540929
278.3203124999998,11.686002350302115,136.56265093126655
278.3813476562498,9.937825259562974,98.76037088960788
278.4423828124998,15.779803889434886,249.00221078902436
278.5034179687498,15.216779514618752,231.5503787965209
278.5644531249998,10.04168035326838,100.83534431721617
278.6254882812498,11.842734799966408,140.2503675423354
278.6865234374998,16.707805791443256,279.15077436458483
278.7475585937498,13.255106887331342,175.69785859457878
278.8085937499998,9.389632309320884,88.16519490424264
278.8696289062498,14.22836596085384,202.4463979159842
278.9306640624998,16.292674588643248,265.4512452514214
278.9916992187498,11.255872690910012,126.6946700339738
279.0527343749998,10.244989647999509,104.95981288761709
279.1137695312498,16.062437872496094,258.00191040779686
279.1748046874998,14.794462125852942,218.87610959329714
279.2358398437498,9.779727865943173,95.6430771319054
279.2968749999998,12.342287534055808,152.3320615733094
279.3579101562498,16.69680198573168,278.7831965507333
279.4189453124998,12.778959046833807,163.3017943206556
279.4799804687498,9.430311380568906,88.93077273448742
279.5410156249998,14.679230725492893,215.4798146922546
279.6020507812498,16.010102041884483,256.3233673915537
279.6630859374998,10.853154225010709,117.7909566318678
279.7241210937498,10.612311960475669,112.62116514645493
279.7851562499998,16.284329241561235,265.1793788475663
279.8461914062498,14.349704675040211,205.9140242608709
279.9072265624998,9.573729436228867,91.65629531811508
279.9682617187498,12.849509786376332,165.10990175018114
280.0292968749998,16.621166617369575,276.26317972236075
280.0903320312498,12.31018698357313,151.54070357053334
280.1513671874998,9.548089668691068,91.1660163213651
280.2124023437498,15.090817016010526,227.73275821071283
280.2734374999998,15.681730089658558,245.9166586049026
280.3344726562498,10.483451229062485,109.90274967213173
280.3955078124998,11.029559652975749,121.65118613855053
280.4565429687498,16.442578362262385,270.35838319913915
280.5175781249998,13.889416016602388,192.91587728225093
280.5786132812498,9.430186683638011,88.92842088826367
280.6396484374998,13.352790612493415,178.29701714109225
280.7006835937498,16.483516515332735,271.70631671124704
280.7617187499998,11.854566752928983,140.53075289964923
280.8227539062498,9.741413265911344,94.89513241727352
280.8837890624998,15.45579128897603,238.88148436838733
280.9448242187498,15.313788754663445,234.51212602245658
281.0058593749998,10.152612984848442,103.0755504201132
281.0668945312498,11.485355859909566,131.913399228759
281.1279296874998,16.535554772854635,273.4245716460757
281.1889648437498,13.420356355937082,180.10596472034084
281.2499999999998,9.354922827276514,87.51458110429921
281.3110351562497,13.841236311817326,191.5798226395705
281.3720703124997,16.287472030773323,265.28174515322326
281.4331054687497,11.417643598766459,130.36258534845268
281.4941406249997,10.005899840267325,100.11803161346168
281.5551757812497,15.76802497217174,248.63061152303158
281.6162109374997,14.912877208239877,222.39390662804038
281.6772460937497,9.866801527745192,97.35377238791486
281.7382812499997,11.967761713448164,143.22732042987573
281.7993164062497,16.56287156943938,274.3287146257433
281.8603515624997,12.949038524589987,167.67759871131562
281.9213867187497,9.352454124098706,87.4683981433709
281.9824218749997,14.304826933866915,204.62807360788432
282.0434570312497,16.03753380594908,257.20249057695963
282.1044921874997,11.004841680697599,121.10654041721915
282.1655273437497,10.334590871808244,106.80376848766228
282.2265624999997,16.022626910039286,256.7245730983151
282.2875976562497,14.48581021661404,209.8386976317597
282.3486328124997,9.632433734494496,92.78377964942759
282.4096679687497,12.464754957439357,155.37011614900902
282.4707031249997,16.525342985517455,273.08696078899095
282.5317382812497,12.481683185646297,155.79241514684549
282.5927734374997,9.425319872364499,88.83665469638913
282.6538085937497,14.734550282447428,217.10697202597157
282.7148437499997,15.73896458570801,247.7150062301709
282.7758789062497,10.621607191953196,112.81853934015184
282.8369140624997,10.718433244623926,114.88481121945938
282.8979492187497,16.215969432098166,262.95766462274213
282.9589843749997,14.039460699171242,197.10645672357384
283.0200195312497,9.455973000387877,89.4154253840645
283.0810546874997,12.964601606846621,168.08089482424998
283.1420898437497,16.424911836428144,269.77772883443737
283.2031249999997,12.024185522928205,144.58103748979622
283.2641601562497,9.573581983004605,91.65347198531038
283.3251953124997,15.12247315310054,228.68919426624657
283.3862304687497,15.397633146001658,237.0871064988489
283.4472656249997,10.273536674449927,105.54555580126767
283.5083007812497,11.146884123680422,124.25302566675866
283.5693359374997,16.3456830278779,267.18135364785564
283.6303710937497,13.58063253513569,184.43358005438603
283.6914062499997,9.343522467049429,87.30141209225744
283.7524414062497,13.456133971183181,181.06754145043004
283.8134765624997,16.26457470404411,264.5363903034316
283.8745117187497,11.582174481705158,134.14676572466215
283.9355468749997,9.794554832765838,95.93330437205664
283.9965820312497,15.461823910369297,239.0679986352677
284.0576171874997,15.019873039484525,225.5965861222341
284.1186523437497,9.96649497934744,99.33102217335772
284.1796874999997,11.608504833410347,134.7573844673114
284.2407226562497,16.41064675419483,269.3093268909653
284.3017578124997,13.115939504485754,172.02786908533
284.3627929687497,9.300274665015802,86.4951088447348
284.4238281249997,13.928945020010568,194.0155093704772
284.4848632812497,16.048272476660426,257.54704948513654
284.5458984374997,11.161077572495559,124.56965257926336
284.6069335937497,10.082868569680413,101.66423859344913
284.6679687499997,15.74703058072311,247.96897211022878
284.7290039062497,14.612325590726865,213.5200591694112
284.7900390624997,9.706620957050957,94.21849040386083
284.8510742187497,12.091493174959597,146.20420720009452
284.9121093749997,16.410956948770554,269.31950797440055
284.9731445312497,12.65172950038891,160.066259351011
285.0341796874997,9.329867291774127,87.04642368211668
285.0952148437497,14.373539058064377,206.5986250537022
285.1562499999997,15.780775699629203,249.03288168200754
285.2172851562497,10.766248364032405,115.91210383603044
285.2783203124997,10.430817383406849,108.8019512859825
285.3393554687497,15.973751916654654,255.16075029482823
285.4003906249997,14.181782284779132,201.12294877287522
285.4614257812497,9.50022487265059,90.25427263092891
285.5224609374997,12.584111979517203,158.3598743130284
285.5834960937497,16.347868809676196,267.2528146183838
285.6445312499997,12.19404372202907,148.69470229475658
285.7055664062497,9.433791893509664,88.99642949004865
285.7666015624997,14.781436693200211,218.4908707150856
285.8276367187497,15.467548538053181,239.24505777703112
285.8886718749997,10.403101532421314,108.22452149386669
285.9497070312497,10.82887233251082,117.26447599381831
286.0107421874997,16.138895115583992,260.46393555182084
286.0717773437497,13.735043285982306,188.65141406780762
286.1328124999997,9.353498306579194,87.48793057117985
286.1938476562497,13.075011097671938,170.95591520424435
286.2548828124997,16.22372794113355,263.2093483079175
286.3159179687497,11.748618442158461,138.03003529942592
286.3769531249997,9.61098812560621,92.37109275054358
286.4379882812497,15.145256095912332,229.37878221076966
286.4990234374997,15.114604949470063,228.45128277854494
286.5600585937497,10.07724090961804,101.5507843504794
286.6210937499997,11.26627864889048,126.92903459444551
286.6821289062497,16.24061188384239,263.7574743616027
286.7431640624997,13.278791329319805,176.32629916761883
286.8041992187497,9.27206718249671,85.97122983673246
286.8652343749997,13.553469485868654,183.6965351043727
286.9262695312497,16.041885303600754,257.34208409388185
286.9873046874997,11.320937855459546,128.163633927177
287.0483398437497,9.85771675475355,97.17457961694886
287.1093749999997,15.458771287177207,238.97360970925445
287.1704101562497,14.728359010005942,216.9245591276232
287.2314453124997,9.794525326142308,95.93272636444308
287.2924804687497,11.731614867269984,137.63078739395013
287.3535156249997,16.27827334441117,264.9821830753672
287.4145507812497,12.819490899126013,164.33934691277466
287.4755859374997,9.260402767662002,85.75505941932208
287.5366210937497,14.009572765603734,196.26812907474584
287.5976562499997,15.806580989518048,249.84800257819336
287.6586914062497,10.916331326764332,119.16628963569633
287.7197265624997,10.167732150678804,103.3827770879474
287.7807617187497,15.716958269997106,247.0227772608304
287.8417968749997,14.315466948358816,204.93259394955368
287.9028320312497,9.56104096191325,91.41350427538303
287.9638671874997,12.21326950891624,149.1639520974231
288.0249023437497,16.25243638056094,264.1416883041808
288.0859374999997,12.363320731366464,152.8516995066358
288.1469726562497,9.321212784177433,86.88500776791281
288.2080078124997,14.4343386284541,208.35013164088218
288.2690429687497,15.522826130705377,240.95813108410968
288.3300781249997,10.540097130076624,111.09364751144949
288.3911132812497,10.532694596409536,110.93765546123464
288.4521484374997,15.916011564780945,253.31942413024078
288.5131835937497,13.882680666248913,192.72882248104136
288.5742187499997,9.382928228233736,88.03934213618547
288.6352539062497,12.699816456889607,161.2853380386841
288.6962890624997,16.164780622545013,261.3001325750067
288.7573242187497,11.916149036373497,141.99460785706503
288.8183593749997,9.454925829264795,89.39562243689856
288.8793945312497,14.819821312402377,219.6271037315357
288.9404296874997,15.196268974440388,230.92659074353952
289.0014648437497,10.197631434579952,103.99168687553316
289.0624999999997,10.942714593705574,119.74300267929695
289.1235351562497,16.05336486067839,257.7105233500637
289.1845703124997,13.4367120101067,180.54522964254562
289.2456054687497,9.266033748631733,85.85938143078224
289.3066406249997,13.18030665119487,173.72048341953175
289.3676757812497,16.01803333214713,256.5773918297765
289.4287109374997,11.48355711695349,131.87208405833314
289.4897460937497,9.659402514128434,93.30405692995072
289.5507812499997,15.159175943136377,229.80061527496468
289.6118164062497,14.833039246085178,220.01905327590316
289.6728515624997,9.894534934335962,97.90182156679475
289.7338867187497,11.38691849075244,129.66191271503982
289.7949218749997,16.12767192824197,260.10180182500403
289.8559570312497,12.984112974555565,168.58718973602217
289.9169921874997,9.215415358826855,84.92388023570189
289.9780273437497,13.64447440730651,186.17168185164232
290.0390624999997,15.815876757345045,250.1419576035272
290.1000976562497,11.070903717496638,122.56490912208088
290.1611328124997,9.929936505163402,98.60363899657676
290.2221679687497,15.44671981660082,238.6011530925685
290.2832031249997,14.439609897577274,208.50233399421157
290.3442382812497,9.636641708196624,92.86486341215475
290.4052734374997,11.853966975354888,140.5165330528043
290.4663085937497,16.13877941343002,260.4602009553526
290.5273437499997,12.531188966940984,157.03069692518346
290.5883789062497,9.234755422060482,85.28070770527547
290.6494140624997,14.082893230564114,198.32788174346854
290.7104492187497,15.562825321208033,242.2015319784339
290.7714843749997,10.683434432636428,114.13577127644164
290.8325195312497,10.259513628664152,105.25761989674548
290.8935546874997,15.677960974757193,245.79846032600952
290.9545898437497,14.022631761935092,196.63420153083084
291.0156249999997,9.429944346491792,88.92385037793252
291.0766601562497,12.332478737163743,152.09003180259583
291.1376953124997,16.08768861836411,258.8137250814421
291.1987304687497,12.083950045184302,146.0218486945097
291.2597656249997,9.325789803190883,86.97035545329905
291.3208007812497,14.487094952098081,209.8759201511057
291.3818359374997,15.264108898427509,232.99302046305385
291.4428710937497,10.32640103177054,106.63455826895168
291.5039062499997,10.639283021836633,113.19434321874124
291.5649414062497,15.849624022359505,251.2105816501555
291.6259765624997,13.588798607056399,184.6554475831379
291.6870117187497,9.280344447275874,86.12479306008416
291.7480468749997,12.811369700108985,164.13119359287057
291.8090820312497,15.976483638978664,255.24802946655294
291.8701171874997,11.648099935617505,135.67823211013254
291.9311523437497,9.48789529375591,90.02015710527554
291.9921874999997,14.849657440914626,220.51232611251112
292.0532226562497,14.925532791491252,222.77152910988065
292.1142578124997,10.005187654643287,100.10378000462643
292.1752929687497,11.059092172871328,122.30351968806386
292.2363281249997,15.959649452477818,254.71041064597551
292.2973632812497,13.144719179716116,172.78364231359672
292.3583984374997,9.193263533034608,84.51609438782397
292.4194335937497,13.2800995803643,176.36104486439206
292.4804687499997,15.808250402860049,249.90078079952488
292.5415039062497,11.22907241306928,126.09206725795356
292.6025390624997,9.717912670570106,94.43782667282701
292.6635742187497,15.164268541766909,229.9550404068215
292.7246093749997,14.553322006603782,211.79918142789793
292.7856445312497,9.725382914349634,94.58307283072378
292.8466796874997,11.50802887033085,132.43472848036836
292.9077148437497,16.007177805961845,256.22974131167746
292.9687499999997,12.696805189200933,161.20886201251975
293.0297851562497,9.17311717468491,84.14607870049926
293.0908203124997,13.728859843092527,188.48159259127857
293.1518554687497,15.586975996539532,242.95382071669954
293.2128906249997,10.832119053955049,117.33480319905603
293.2739257812497,10.010259597473583,100.20529720881198
293.3349609374997,15.425775313666307,237.95454402771685
293.3959960937497,14.153980328259392,200.33515913275383
293.4570312499997,9.492769284083993,90.11266868084851
293.5180664062497,11.974890842829588,143.3980106976839
293.5791015624997,15.992519579505753,255.76068250087488
293.6401367187497,12.251200621979207,150.0919166799837
293.7011718749997,9.222735579624596,85.05885157167343
293.7622070312497,14.148715005044002,200.18613629395728
293.8232421874997,15.317431065383076,234.6236944427625
293.8842773437497,10.462412269394651,109.46207049477974
293.9453124999997,10.3572713763738,107.27307036385204
294.0063476562497,15.63021176836115,244.30351992381537
294.0673828124997,13.734139089880701,188.6265765401891
294.1284179687497,9.313187777127387,86.73546657203497
294.1894531249997,12.44856335849002,154.96672969034032
294.2504882812497,15.917098294882337,253.3540181289462
294.3115234374997,11.813747151026115,139.56462174837765
294.3725585937497,9.342866156960028,87.28914802686904
294.4335937499997,14.531705316934778,211.17045941823048
294.4946289062497,15.00503938579651,225.1512069693045
294.5556640624997,10.125169471045577,102.51905681739338
294.6166992187497,10.749688486392406,115.55580255447747
294.6777343749997,15.774816163810211,248.8448250020079
294.7387695312497,13.300416803284753,176.9010871410994
294.7998046874997,9.192237120419156,84.49722327801186
294.8608398437497,12.918319031140673,166.88296659033128
294.9218749999997,15.783380999722528,249.1151157824021
294.9829101562497,11.389991295128203,129.73190170309624
295.0439453124997,9.531857387965083,90.85630526450453
295.1049804687497,14.870925767011002,221.14443316795175
295.1660156249997,14.655736244072692,214.79060485582593
295.2270507812497,9.825759662562522,96.54555294644076
295.2880859374997,11.177188649489121,124.92954610626845
295.3491210937497,15.858025985481857,251.47698815621783
295.4101562499997,12.85930320671196,165.3616789621525
295.4711914062497,9.13483523659822,83.44521479979647
295.5322265624997,13.374039428249967,178.8649306283847
295.5932617187497,15.594792503474272,243.19755322641734
295.6542968749997,10.985234797640654,120.6753835592951
295.7153320312497,9.785607337133532,95.75811095656162
295.7763671874997,15.160588854605471,229.84345441838764
295.8374023437497,14.275821995965556,203.79909366049398
295.8984374999997,9.56974341053419,91.57998894346257
295.9594726562497,11.628888630526912,135.2310507811981
296.0205078124997,15.879454523143524,252.1570759525833
296.0815429687497,12.417065807588662,154.18352326998746
296.1425781249997,9.144679958940426,83.62517155144667
296.2036132812497,13.80637588335351,190.61601503244543
296.2646484374997,15.355605201975484,235.79461111893656
296.3256835937497,10.604631328440517,112.45820561214208
296.3867187499997,10.097756837262777,101.96469314448716
296.4477539062497,15.396063357257258,237.03876690067963
296.5087890624997,13.871812620233372,192.42718537086586
296.5698242187497,9.362814257650772,87.66229082326858
296.6308593749997,12.093766727247973,146.25919365309014
296.6918945312497,15.839852675346757,250.9009327766898
296.7529296874997,11.979683227912039,143.51281024111702
296.8139648437497,9.223709221476234,85.07681180234572
296.8749999999997,14.206879145423713,201.83541505267522
296.9360351562497,15.070817278258636,227.12953343465904
296.9970703124997,10.253293124461731,105.1300198961342
297.0581054687497,10.46009748649475,109.41363942697377
297.1191406249997,15.573897323501903,242.54627784297975
297.1801757812497,13.450296045029782,180.9104636989438
297.2412109374997,9.2106048902995,84.83524244520906
297.3022460937497,12.561007143771915,157.77890046588908
297.3632812499997,15.741050049247654,247.7806566529196
297.4243164062497,11.552834714525414,133.4679899411435
297.4853515624997,9.371678780505908,87.82836316498471
297.5463867187497,14.568094121968336,212.2293663465284
297.6074218749997,14.746023261792327,217.44520203732043
297.6684570312497,9.93641116964525,98.7322669322509
297.7294921874997,10.863058861139448,118.00604782058029
297.7905273437497,15.691832568567653,246.23360935996052
297.8515624999997,13.01780154425309,169.46315704555812
297.9125976562497,9.11833725707401,83.14407433374399
297.9736328124997,13.020253131509197,169.52699160857503
298.0346679687497,15.585879652949846,242.919644556236
298.0957031249997,11.141914939050553,124.14226850903788
298.1567382812497,9.585961371805231,91.89065542174203
298.2177734374997,14.88362963676498,221.52243116438882
298.2788085937497,14.387269105001916,206.99351229974263
298.3398437499997,9.659331331512048,93.30268177193031
298.4008789062497,11.296234480192881,127.60491343149853
298.4619140624997,15.748786643956802,248.02428075687214
298.5229492187497,12.580693730403565,158.2738547382156
298.5839843749997,9.090351497161793,82.63449034195165
298.6450195312497,13.461813965121006,181.22043523152695
298.7060546874997,15.378078249473704,236.48529064693622
298.7670898437497,10.752109865554536,115.60786656095517
298.8281249999997,9.861584090209575,97.25084076827461
298.8891601562497,15.14821307909765,229.4683594897451
298.9501953124997,14.000904412001224,196.02532435399536
299.0112304687497,9.42756094131863,88.8789053022766
299.0722656249997,11.748821536789448,138.03480750332756
299.1333007812497,15.744831856380452,247.89973018569273
299.1943359374997,12.145083299071244,147.50304834137924
299.2553710937497,9.129567428727892,83.34900143568922
299.3164062499997,13.876802451118303,192.56564626736295
299.3774414062497,15.122183359730672,228.68042956531522
299.4384765624997,10.388485084052835,107.92062234158824
299.4995117187497,10.191521570341784,103.86711191874187
299.5605468749997,15.357725163692562,235.85972220351573
299.6215820312497,13.593437498202308,184.7815430175326
299.6826171874997,9.246662931031107,85.50077536010478
299.7436523437497,12.210023196579806,149.08466646101695
299.8046874999997,15.681141219528502,245.89818994679584
299.8657226562497,11.71678817527872,137.28312514435126
299.9267578124997,9.23700733105677,85.3223044339965
299.9877929687497,14.257254288427978,203.26929984489797
300.0488281249997,14.823395383380056,219.73305069201317
300.1098632812497,10.056104751657845,101.12524277631549
300.1708984374997,10.567120235437285,111.66403007018813
300.2319335937497,15.509219744709506,240.5358970896872
300.2929687499997,13.171396961312583,173.48569791247434
300.3540039062497,9.121996783950847,83.21082532640959
300.4150390624997,12.669339252406026,160.51215709255607
300.4760742187497,15.559934319227882,242.11155601868563
300.5371093749997,11.301328873639793,127.72003431016448
300.5981445312497,9.41144922609579,88.57537653537905
300.6591796874997,14.59621357607831,213.04945075849275
300.7202148437497,14.487462203536882,209.88656109890974
300.7812499999997,9.760131994658996,95.2601765531662
300.8422851562497,10.978590758746243,120.52945504802841
300.9033203124997,15.60092705707629,243.3889250402151
300.9643554687497,12.741212936390568,162.33850709044634
301.0253906249997,9.05833497641392,82.05343254492378
301.0864257812497,13.116801285035693,172.050475951114
301.1474609374997,15.384383863638078,236.67926686376768
301.2084960937497,10.903961247128104,118.89637087887147
301.2695312499997,9.649348272503524,93.10992208406674
301.3305664062497,14.887795641567042,221.6464590650626
301.3916015624997,14.120509112647081,199.38877760034927
301.4526367187497,9.50587792709078,90.36171516475169
301.5136718749997,11.415506488312765,130.31378838471085
301.5747070312497,15.632231465976824,244.36666060587592
301.6357421874997,12.309106205675459,151.5140955825981
301.6967773437497,9.05937246513961,82.07222946212974
301.7578124999997,13.543146817436067,183.41682571862867
301.8188476562497,15.15852146804731,229.78077309725117
301.8798828124997,10.529761616518096,110.87587970069778
301.9409179687497,9.94495722889806,98.90217428461179
302.0019531249997,15.127237616707909,228.83331791234278
302.0629882812497,13.728919442099071,188.4832290476459
302.1240234374997,9.298765974227331,86.46704864344797
302.1850585937497,11.86720231767876,140.83049084872013
302.2460937499997,15.603647225801156,243.47380674725213
302.3071289062497,11.881035473073382,141.15900391242803
302.3681640624997,9.12720577502365,83.30588525962507
302.4291992187497,13.939952923811742,194.32228751808753
302.4902343749997,14.887121466717343,221.62638556479632
302.5512695312497,10.183724156101627,103.7082376875678
302.6123046874997,10.290676753621506,105.89802804752605
302.6733398437497,15.310920777655356,234.4242950596385
302.7343749999997,13.319173936205278,177.40039434289
302.7954101562497,9.144175218036914,83.61594041816043
302.8564453124997,12.323131406173802,151.8595676538271
302.9174804687497,15.516755828979038,240.76971145615497
302.9785156249997,11.46265885119081,131.39254793878303
303.0395507812497,9.261927653853295,85.7833038652124
303.1005859374997,14.299738240473236,204.48251374605258
303.1616210937497,14.575575075130416,212.44738877076304
303.2226562499997,9.870870705516214,97.43408848501817
303.2836914062497,10.677505945534804,114.00913321693109
303.3447265624997,15.436395892041242,238.28231813582772
303.4057617187497,12.89772717577749,166.35136630078918
303.4667968749997,9.047129254405938,81.85054774592774
303.5278320312497,12.773131369855939,163.15288499159786
303.5888671874997,15.374140308635253,236.36419022960328
303.6499023437497,11.059340057158725,122.30900249987555
303.7109374999997,9.461381911008434,89.51774766595761
303.7719726562497,14.616038959378809,213.62859486207918
303.8330078124997,14.22974265608747,202.4855760584753
303.8940429687497,9.596331105271455,92.08957068200046
303.9550781249997,11.095521361569906,123.1105942850541
304.0161132812497,15.50236497758466,240.32331989824345
304.0771484374997,12.470891053261681,155.52312366232223
304.1381835937497,9.011882595234843,81.21402791029668
304.1992187499997,13.207628638617845,174.44145425563826
304.2602539062497,15.179298454737422,230.4111015779939
304.3212890624997,10.676211730996096,113.98149692505865
304.3823242187497,9.721168364842576,94.50111437761609
304.4433593749997,14.883474056050067,221.51779997711543
304.5043945312497,13.855825803529347,191.98390869774968
304.5654296874997,9.365362975026951,87.71002365400567
304.6264648437497,11.534331013004463,133.04079191755656
304.6874999999997,15.508670296936868,240.5188543790919
304.7485351562497,12.044747921770544,145.07595249899583
304.8095703124997,9.041418227548183,81.74724356544053
304.8706054687497,13.617795550169582,185.44435564621847
304.9316406249997,14.93653244462286,223.10000146927132
304.9926757812497,10.318252564700924,106.46633598895718
305.0537109374997,10.034856884310429,100.69835268859241
305.1147460937497,15.097776562870017,227.94285714234718
305.1757812499997,13.460208859350022,181.1772225373248
305.2368164062497,9.183268647332383,84.33242304907795
305.2978515624997,11.983447414366209,143.60301193288018
305.3588867187497,15.456246543965591,238.8955572278483
305.4199218749997,11.625093480069022,135.1427984203433
305.4809570312497,9.136983774478685,83.48447249508675
305.5419921874997,13.995671274046789,195.87881441117847
305.6030273437497,14.650833322482743,214.64691704317073
305.6640624999997,9.990391426370492,99.80792085209703
305.7250976562497,10.394376309897197,108.04305887175207
305.7861328124997,15.255827265491662,232.74026555451883
305.8471679687497,13.049331366485008,170.2850491123295
305.9082031249997,9.055184732690924,81.99637054315879
305.9692382812497,12.432604600917205,154.56965716274766
306.0302734374997,15.347066651746374,235.53245481314565
306.0913085937497,11.21742915621368,125.83071687467275
306.1523437499997,9.297750522434574,86.4481647774324
306.2133789062497,14.33425294790621,205.47080757455785
306.2744140624997,14.32775120242975,205.28445451872716
306.3354492187497,9.697611761872679,94.04367388401133
306.3964843749997,10.79046415576852,116.43411669692524
306.4575195312497,15.355653920227242,235.79610731779027
306.5185546874997,12.629557517425631,159.50572308596227
306.5795898437497,8.985735933422314,80.74345026519698
306.6406249999997,12.871991525909579,165.688165843088
306.7016601562497,15.184061942370887,230.55573706975596
306.7626953124997,10.826976224467424,117.22341416518289
306.8237304687497,9.520672697308616,90.6432086092777
306.8847656249997,14.627569136747116,213.96577885031678
306.9458007812497,13.973251799117119,195.2517658415298
307.0068359374997,9.445000801153915,89.2080401337981
307.0678710937497,11.213131450499754,125.73431692618671
307.1289062499997,15.396423767244698,237.04986482057743
307.1899414062497,12.207074411177533,149.01266568002532
307.2509765624997,8.978587015492776,80.61502479477548
307.3120117187497,13.292435872063237,176.68885141291355
307.3730468749997,14.971027798403282,224.13167334056382
307.4340820312497,10.45874996839615,109.38545090142647
307.4951171874997,9.800573724855294,96.05124533632397
307.5561523437497,14.870730742034976,221.1386328021041
307.6171874999997,13.593576957858449,184.78533450922018
307.6782226562497,9.237736522280713,85.33577605507895
307.7392578124997,11.652073058875274,135.77080656936698
307.8002929687497,15.37841859764253,236.4957585643176
307.8613281249997,11.78781461920943,138.95257349684755
307.9223632812497,9.035968749738705,81.64873124625446
307.9833984374997,13.685547472048006,187.29420960967957
308.0444335937497,14.71251840256954,216.45819774594736
308.1054687499997,10.11764107123274,102.36666084629557
308.1665039062497,10.130438840966033,102.62579111055321
308.2275390624997,15.059964057622418,226.80251741687908
308.2885742187497,13.1951020593166,174.1107183557812
308.3496093749997,9.080955636169048,82.4637552660704
308.4106445312497,12.097018037437865,146.33784539809704
308.4716796874997,15.302979582984484,234.18118411723998
308.5327148437497,11.377417932474795,129.44563881019906
308.5937499999997,9.158260627070726,83.87373771335389
308.6547851562497,14.04382664883374,197.22906694249272
308.7158203124997,14.413720178827484,207.7553293935386
308.7768554687497,9.808526774135272,96.20719747892848
308.8378906249997,10.501807646749729,110.28796384933108
308.8989257812497,15.192632126917559,230.81607094384754
308.9599609374997,12.784206035834972,163.43592396667933
309.0209960937497,8.979494206640256,80.63131620708592
309.0820312499997,12.537997515826348,157.20138170686766
309.1430664062497,15.172450245569562,230.20324645428389
309.2041015624997,10.981229385330442,120.5873988132448
309.2651367187497,9.343735668566305,87.30539624403822
309.3261718749997,14.360749678149153,206.231131318461
309.3872070312497,14.080318608333577,198.2553721121848
309.4482421874997,9.53634225546832,90.9418236134306
309.5092773437497,10.905242916356805,118.92432306475027
309.5703124999997,15.26723691754568,233.08852309646974
309.6313476562497,12.36714913455117,152.94637771622973
309.6923828124997,8.937506854807305,79.87902877972756
309.7534179687497,12.965565243868996,168.1058820930237
309.8144531249997,14.990089805043029,224.70279236325496
309.8754882812497,10.60433879968173,112.45200137843537
309.9365234374997,9.588515015738853,91.93962020704946
309.9975585937497,14.630825711678474,214.06106100551193
310.0585937499997,13.718361071632863,188.19343049169194
310.1196289062497,9.306122575046462,86.6039173817894
310.1806640624997,11.33074440178178,128.38576869850917
310.2416992187497,15.28339174451068,233.58206321617723
310.3027343749997,11.949984937646299,142.8021400099734
310.3637695312497,8.958020416012165,80.24612977369075
310.4248046874997,13.370956759130637,178.78248465454126
310.4858398437497,14.759974663582542,217.85685206959855
310.5468749999997,10.251651074841229,105.09634976029332
310.6079101562497,9.886736788653986,97.74756432812413
310.6689453124997,14.849654834599523,220.512248706745
310.7299804687497,13.334112177767961,177.79854756929984
310.7910156249997,9.122930347242782,83.22785812064332
310.8520507812497,11.768145922784951,138.48925845996007
310.9130859374997,15.241801943675489,232.3125264902299
310.9741210937497,11.538494760624722,133.13686134096417
311.0351562499997,9.042468920010561,81.76624416935697
311.0961914062497,13.746222583781941,188.95863532287666
311.1572265624997,14.48688494731391,209.86983547671036
311.2182617187497,9.92798506536931,98.56488745819605
311.2792968749997,10.230881787992333,104.67094215987319
311.3403320312497,15.013950148022888,225.4186990473165
311.4013671874997,12.933919033361649,167.28626156155474
311.4624023437497,8.99168685911842,80.85043257244288
311.5234374999997,12.207414545908344,149.02096989565462
311.5844726562497,15.144202345939446,229.3468646947578
311.6455078124997,11.138161283487031,124.05863677696948
311.7065429687497,9.19036702039504,84.46284596956481
311.7675781249997,14.084319965125518,198.36806888003326
311.8286132812497,14.17617999708977,200.96407930988812
311.8896484374997,9.638161288565405,92.89415302440074
311.9506835937497,10.612195542077268,112.61869422328465
312.0117187499997,15.121544828355944,228.6611179959784
312.0727539062497,12.524082781855236,156.8526495267628
312.1337890624997,8.916868526278947,79.51054431494407
312.1948242187497,12.638901557474616,159.74183257953428
312.2558593749997,14.99328617549784,224.79863034037464
312.3168945312497,10.75418329968009,115.65245844311815
312.3779296874997,9.399128503810251,88.34361663113833
312.4389648437497,14.379198334327715,206.76134473793292
312.4999999999997,13.833662343508626,191.37021383420858
312.5610351562497,9.387071161993047,88.1171050003215
312.6220703124997,11.021125713234353,121.46521198691542
312.6831054687497,15.171397483912006,230.17130161485156
312.7441406249997,12.11075083297214,146.6702857383354
312.8051757812497,8.902100577275819,79.24739468793447
312.8662109374997,13.053532209766349,170.39470315140753
312.9272460937497,14.792619398607558,218.8215886720606
312.9882812499997,10.391522714484703,107.98374432565153
313.0493164062497,9.664110168312094,93.39502534527321
313.1103515624997,14.625850389175673,213.91549960655018
313.1713867187497,13.465436014213207,181.31796705287005
313.2324218749997,9.179664268940197,84.26623609045737
313.2934570312497,11.447726594348941,131.050444178964
313.3544921874997,15.163563221611724,229.93364957581574
313.4155273437497,11.699837313668755,136.8861931663157
313.4765624999997,8.94971182236901,80.09734170345165
313.5375976562497,13.44295690138726,180.7130902525554
313.5986328124997,14.546538743206224,211.6017894075997
313.6596679687497,10.054991962963912,101.10286337526887
313.7207031249997,9.97884311431124,99.57730990003687
313.7817382812497,14.82035468359429,219.64291294753522
313.8427734374997,13.07777112251412,171.02809753286422
313.9038085937497,9.020855772486035,81.37583886799462
313.9648437499997,11.88199894860945,141.18189901475608
314.0258789062497,15.099152915142003,227.98441875484124
314.0869140624997,11.296967101588011,127.62146569436183
314.1479492187497,9.060331763679567,82.0896116679409
314.2089843749997,13.799663793558302,190.43072081524392
314.2700195312497,14.26003098711202,203.348483753395
314.3310546874997,9.749336993310095,95.04957180912473
314.3920898437497,10.335396465778297,106.82042010482252
314.4531249999997,14.959897266692419,223.7985262299913
314.5141601562497,12.676967608769846,160.70550775379988
314.5751953124997,8.915296914509359,79.48251907386009
314.6362304687497,12.314176297503638,151.6389378860004
314.6972656249997,14.980273224104858,224.40858586883294
314.7583007812497,10.907471347048688,118.97293118668811
314.8193359374997,9.232617604785926,85.24122783620301
314.8803710937497,14.117070914481086,199.29169120448785
314.9414062499997,13.938605174067982,194.28471419855472
315.0024414062497,9.47932875410878,89.8576736284735
315.0634765624997,10.724796944071377,115.02126949156275
315.1245117187497,15.042778667677734,226.2851900447403
315.1855468749997,12.269236825458995,150.5341722791991
315.2465820312497,8.867042387268622,78.62444069761843
315.3076171874997,12.734943391687287,162.1787831894797
315.3686523437497,14.809952043660038,219.33467953551013
315.4296874999997,10.536407226265343,111.01587723769654
315.4907226562497,9.463173104248723,89.55164520097641
315.5517578124997,14.389596178725927,207.0604781868038
315.6127929687497,13.588158007268586,184.63803803049737
315.6738281249997,9.249793233039057,85.55867485397513
315.7348632812497,11.137443481247299,124.04264729797795
315.7958984374997,15.0684019210131,227.0567364531913
315.8569335937497,11.860603642551194,140.67391876569866
315.9179687499997,8.879130047843693,78.83895040652075
315.9790039062497,13.135605735765388,172.54413804547255
316.0400390624997,14.592041755448935,212.92768259276525
316.1010742187497,10.188623437785889,103.80804755699995
316.1621093749997,9.746663468694198,94.99744877197801
316.2231445312497,14.612706057148248,213.5311783126171
316.2841796874997,13.214831235844482,174.631764591851
316.3452148437497,9.065577076223912,82.18468772495649
316.4062499999997,11.563483555696362,133.71415194286016
316.4672851562497,15.037244891676558,226.11873393225272
316.5283203124997,11.45683387505832,131.25904244068386
316.5893554687497,8.953159005028937,80.15905616933074
316.6503906249997,13.508231920631014,182.47232962155465
316.7114257812497,14.331118851241381,205.3809675284061
316.7724609374997,9.868841452237174,97.39403160939473
316.8334960937497,10.076100887009185,101.52780908518727
316.8945312499997,14.782953161936135,218.53570418799757
316.9555664062497,12.824881031263043,164.47757346605061
317.0166015624997,8.931398478279291,79.76987877780964
317.0776367187497,11.993122229985104,143.83498082336288
317.1386718749997,14.950808726241048,223.52668156864547
317.1997070312497,11.063400273252007,122.39882560619259
317.2607421874997,9.088941318948907,82.6088542992967
317.3217773437497,13.845747124764085,191.70471344291292
317.3828124999997,14.032352354179022,196.90691259183353
317.4438476562497,9.581744915516191,91.80983562602039
317.5048828124997,10.443223974176565,109.06092697481617
317.5659179687497,14.897988664544856,221.95006624890704
317.6269531249997,12.42454528465553,154.36932553045597
317.6879882812497,8.85158506228633,78.3505581148905
317.7490234374997,12.416879486027806,154.17889617053817
317.8100585937497,14.811556785651073,219.38221441456633
317.8710937499997,10.685486153856772,114.17961434426479
317.9321289062497,9.284307325718762,86.19836251839507
317.9931640624997,14.142028577447476,199.9969722853411
318.0541992187497,13.701381321345847,187.72785011292487
318.1152343749997,9.332046976971538,87.08710078040363
318.1762695312497,10.838906725431503,117.48189900260427
318.2373046874997,14.956566993421594,223.69889622870826
318.2983398437497,12.019931702160063,144.4787581245925
318.3593749999997,8.829709004446535,77.96376110320422
318.4204101562497,12.825783177717055,164.50071412180978
318.4814453124997,14.62282988778176,213.82715392700354
318.5424804687497,10.32801384545843,106.66786999198104
318.6035156249997,9.535107684285661,90.91827855092346
318.6645507812497,14.391958795184797,207.12847796229704
318.7255859374997,13.344175155152863,178.06701057139892
318.7866210937497,9.124494206953445,83.25639453272697
318.8476562499997,11.253558726319836,126.64258400672934
318.9086914062497,14.958526327620776,223.7575098941239
318.9697265624997,11.616934816173686,134.95317452322834
319.0307617187497,8.868174445838926,78.64451800183055
319.0917968749997,13.211530209692022,174.5445304816049
319.1528320312497,14.388751517329315,207.03617022744666
319.2138671874997,9.995726850119468,99.91455526219926
319.2749023437497,9.835395318825796,96.73500107758038
319.3359374999997,14.59147361610023,212.9111022893491
319.3969726562497,12.96689390457653,168.14033753254395
319.4580078124997,8.963793048181866,80.34958581063356
319.5190429687497,11.677457619161554,136.36301644731424
319.5800781249997,14.904748969599256,222.15154184677007
319.6411132812497,11.221170652865398,125.91467082072766
319.7021484374997,8.967824180591426,80.42187053400029
319.7631835937497,13.566602189812258,184.05269497661877
319.8242187499997,14.114110205597568,199.20810689575342
319.8852539062497,9.693266247303818,93.95941054111944
319.9462890624997,10.177742967896402,103.58645192056466
320.0073242187497,14.73758974314237,217.1965514371752
320.0683593749997,12.57576229687938,158.14979734761295
320.1293945312497,8.854418284872233,78.40072316347974
320.1904296874997,12.101043098569141,146.43524407342784
320.2514648437497,14.797112487069993,218.95453795500273
320.3124999999997,10.837959263544962,117.46136099826005
320.3735351562497,9.127658624341397,83.31415196251388
320.4345703124997,13.88437094045541,192.77575641216265
320.4956054687497,13.804240039860742,190.55704307809452
320.5566406249997,9.425251723966909,88.83537006014119
320.6176757812497,10.553634176383609,111.37919432893213
320.6787109374997,14.828418416679765,219.88199274012763
320.7397460937497,12.176939370782916,148.27785243972303
320.8007812499997,8.800316969213059,77.44557875861932
320.8618164062497,12.515134694986601,156.62859643365738
320.9228515624997,14.6384189539048,214.2833094700393
320.9838867187497,10.472339055597562,109.66988529539404
321.0449218749997,9.344722742606221,87.32384313618194
321.1059570312497,14.159162794605642,200.48189104414465
321.1669921874997,13.464887512917468,181.30319573552075
321.2280273437497,9.196329244023374,84.57247156447953
321.2890624999997,10.953856250615305,119.98696675914398
321.3500976562497,14.863154172435706,220.91335195359295
321.4111328124997,11.776422318656499,138.68412262735092
321.4721679687497,8.804526745228538,77.51969120744462
321.5332031249997,12.911115597828374,166.69690598048714
321.5942382812497,14.432304590843907,208.29141580289414
321.6552734374997,10.12911135693774,102.5988968812451
321.7163085937497,9.614177794800973,92.43241467004411
321.7773437499997,14.386324268798539,206.96632596702182
321.8383789062497,13.10207421053398,171.6643486183396
321.8994140624997,9.011143224652802,81.20070221520609
321.9604492187497,11.368872890014655,129.25127078931018
322.0214843749997,14.842055302269266,220.28660559561922
322.0825195312497,11.379964262621598,129.50358661854474
322.1435546874997,8.868776253959272,78.65519224279186
322.2045898437497,13.281076845611045,176.3870021790258
322.2656249999997,14.183138664394896,201.16142237345343
322.3266601562497,9.812918205343781,96.29336370476742
322.3876953124997,9.92954278595911,98.59581993819262
322.4487304687497,14.562252209227957,212.05918940516452
322.5097656249997,12.72196109926766,161.84829421127958
322.5708007812497,8.874221183395079,78.75180161181795
322.6318359374997,11.789132685810614,138.98364948364818
322.6928710937497,14.766394680504279,218.04641186042505
322.7539062499997,10.99303220545314,120.84675707012993
322.8149414062497,8.993140130777808,80.8765694118063
322.8759765624997,13.61792104254169,185.44777352089974
322.9370117187497,13.895903728535684,193.09614043273191
322.9980468749997,9.528326270404934,90.7890015152888
323.0590820312497,10.283027761640167,105.74065994666238
323.1201171874997,14.68442444031102,215.6323211432036
323.1811523437497,12.330721788935174,152.04669983612064
323.2421874999997,8.789744851067498,77.2596145468676
323.3032226562497,12.2053238912894,148.9699312912798
323.3642578124997,14.638414118359865,214.28316790059742
323.4252929687497,10.620797103648671,112.801331116872
323.4863281249997,9.175828816680255,84.19583447301977
323.5473632812497,13.91545766332184,193.63996197970252
323.6083984374997,13.576078847900947,184.3099168844235
323.6694335937497,9.279891573710401,86.11638761982131
323.7304687499997,10.66593238977369,113.76211374322351
323.7915039062497,14.751396329981148,217.60369368418128
323.8525390624997,11.934427388377717,142.43055708846018
323.9135742187497,8.761225099803985,76.75906524943535
323.9746093749997,12.608586019913462,158.97644142155718
324.0356445312497,14.461231647558394,209.12722076434446
324.0966796874997,10.26815679659135,105.43504399938514
324.1577148437497,9.413145615834361,88.60731038490165
324.2187499999997,14.168466868014173,200.74545339001534
324.2797851562497,13.229495019865896,175.01953848065654
324.3408203124997,9.07217429464143,82.30434643235273
324.4018554687497,11.0690125641962,122.52303914633333
324.4628906249997,14.762793048027918,217.94005857890141
324.5239257812497,11.538948761612616,133.14733852312133
324.5849609374997,8.791118215490672,77.2837594787319
324.6459960937497,12.990665334771569,168.7573858400357
324.7070312499997,14.238757565077595,202.74221699705444
324.7680664062497,9.939799000695691,98.79960417423106
324.8291015624997,9.699638427996813,94.0829856338725
324.8901367187497,14.372749168479263,206.57591866002136
324.9511718749997,12.862207435708486,165.43638011919467
325.0122070312497,8.909690042676672,79.38257665657184
325.0732421874997,11.48282836515325,131.85534726356804
325.1342773437497,14.719281166298389,216.65723805254646
325.1953124999997,11.149900859837944,124.32028918421491
325.2563476562497,8.880446325201232,78.86232693478007
325.3173828124997,13.344049541281116,178.06365816016475
325.3784179687497,13.975589844008994,195.31711148796734
325.4394531249997,9.640276021556621,92.93492177179957
325.5004882812497,10.028362220880286,100.56804883317898
325.5615234374997,14.5251604898101,210.98028725474038
325.6225585937497,12.480358092863563,155.75933812610504
325.6835937499997,8.796745954594794,77.38273938967987
325.7446289062497,11.898023250682229,141.5629572737749
325.8056640624997,14.622511391460112,213.81783939338072
325.8666992187497,10.772596572200564,116.04883690738735
325.9277343749997,9.028517470387465,81.51412771309167
325.9887695312497,13.662063390089275,186.65197607481764
326.0498046874997,13.676887697166674,187.05725708090912
326.1108398437497,9.374078365732109,87.87334520688675
326.1718749999997,10.391243392062755,107.97793923308787
326.2329101562497,14.623626921283563,213.85046433288937
326.2939453124997,12.090057363419314,146.16948705076956
326.3549804687497,8.737177165788465,76.33826482637535
326.4160156249997,12.305560905970365,151.4268292105462
326.4770507812497,14.475064674697819,209.5274973366847
326.5380859374997,10.41205984215662,108.41099015665053
326.5991210937497,9.232779509606376,85.24421747300734
326.6601562499997,13.938954364796622,194.2944487838828
326.7211914062497,13.348246953267175,178.17569672540643
326.7822265624997,9.145688348692392,83.64361537140778
326.8432617187497,10.779456154314852,116.19667498279634
326.9042968749997,14.667142295053676,215.1250631033524
326.9653320312497,11.697272270660417,136.8261785739611
327.0263671874997,8.734007890087288,76.28289382410699
327.0874023437497,12.696909456385999,161.2115097436642
327.1484374999997,14.280362331021298,203.92874830525204
327.2094726562497,10.073060386424368,101.46654554855184
327.2705078124997,9.488859976587616,90.03846365528634
327.3315429687497,14.169951676744846,200.78753052128408
327.3925781249997,12.995567352528447,168.88477081410323
327.4536132812497,8.95956900909763,80.27387682878268
327.5146484374997,11.183775644329113,125.07683766268907
327.5756835937497,14.655749759651245,214.79100101751754
327.6367187499997,11.307747652701071,127.86515697716658
327.6977539062497,8.789068588065884,77.24772664572643
327.7587890624997,13.064183742286858,170.67289685223224
327.8198242187497,14.042572070719547,197.19383036135267
327.8808593749997,9.760176458495783,95.26104450097529
327.9418945312497,9.790752864133932,95.8588416465468
328.0029296874997,14.351308861747501,205.96006604527236
328.0639648437497,12.624917211380534,159.38853459421244
328.1249999999997,8.820066404142473,77.79357137348273
328.1860351562497,11.594895685574988,134.44160595936546
328.2470703124997,14.590507665296979,212.8829139310899
328.3081054687497,10.926944928725424,119.39812547539827
328.3691406249997,8.902663263383419,79.2574131811967
328.4301757812497,13.400274930196934,179.56736820486444
328.4912109374997,13.766494813988292,189.51637946356652
328.5522460937497,9.47787294531174,89.83007556747224
328.6132812499997,10.131131260345136,102.63982061434241
328.6743164062497,14.480331325561782,209.6799952980458
328.7353515624997,12.242403496015646,149.87644335925611
328.7963867187497,8.731223408371626,76.23426220689664
328.8574218749997,12.003680577736247,144.0883474123224
328.9184570312497,14.473430947502806,209.48020339213195
328.9794921874997,10.560032016068336,111.51427618038828
329.0405273437497,9.073342206776418,82.32553880127037
329.1015624999997,13.698928849619087,187.66065162692612
329.1625976562497,13.457444974700808,181.10282524710001
329.2236328124997,9.230566964885806,85.20336649324116
329.2846679687497,10.501703806879188,110.28578284742083
329.3457031249997,14.555385062685197,211.85923432303935
329.4067382812497,11.854056139355515,140.5186469549922
329.4677734374997,8.6964795876092,75.6287572177035
329.5288085937497,12.401384340421483,153.79433355885118
329.5898437499997,14.307421867889948,204.7023205057755
329.6508789062497,10.211889255248838,104.28268216146667
329.7119140624997,9.297836421852871,86.4497621275338
329.7729492187497,13.9548310011342,194.73730827021615
329.8339843749997,13.121118752626863,172.16375732053632
329.8950195312497,9.022656979340255,81.4083389668374
329.9560546874997,10.893574029730653,118.66995514122213
330.0170898437497,14.575891577800629,212.4566152877993
330.0781249999997,11.465733443302652,131.46304339286888
330.1391601562497,8.718323894041875,76.00917152142148
330.2001953124997,12.779809005517059,163.32351821749492
330.2612304687497,14.096187676261682,198.70250700439172
330.3222656249997,9.887163832552076,97.75600865172586
330.3833007812497,9.5711494843707,91.60690245216952
330.4443359374997,14.163652980761407,200.6090657594315
330.5053710937497,12.763462310144737,162.90597014248522
330.5664062499997,8.858479514830458,78.47265931467088
330.6274414062497,11.297582491658684,127.63537015583283
330.6884765624997,14.542299854496761,211.4784850580965
330.7495117187497,11.083039141965115,122.83375662233082
330.8105468749997,8.797931585189525,77.40360017767547
330.8715820312497,13.131454053091598,172.43508554845576
330.9326171874997,13.844129815167301,191.6599303392042
330.9936523437497,9.590332000562928,91.97446788102133
331.0546874999997,9.886803652791487,97.7488864688511
331.1157226562497,14.322098453704378,205.12250411760132
331.1767578124997,12.390537980819186,153.52543145412278
331.2377929687497,8.742177410257321,76.4256658724134
331.2988281249997,11.704585214170844,136.99731503578676
331.3598632812497,14.456045581204249,208.97725384585488
331.4208984374997,10.711288861919478,114.73170908348025
331.4819335937497,8.934880368792575,79.83208720463495
331.5429687499997,13.449608159116133,180.89195963376326
331.6040039062497,13.556236757730877,183.77155503165378
331.6650390624997,9.325776440137929,86.97010621143167
331.7260742187497,10.23715357799404,104.79931337943617
331.7871093749997,14.427914666352075,208.16472161953732
331.8481445312497,12.008404166221696,144.2017706193306
331.9091796874997,8.677481752893486,75.29868957179941
331.9702148437497,12.105688848012553,146.5477024848955
332.0312499999997,14.319491109791448,205.04782564339632
332.0922851562497,10.355499234380137,107.2363643932476
332.1533203124997,9.126989716917087,83.30194129271025
332.2143554687497,13.728441871803069,188.47011622747576
332.2753906249997,13.237953902681996,175.2434235295335
332.3364257812497,9.097831921826229,82.77054567780033
332.3974609374997,10.613753534608788,112.65176409342055
332.4584960937497,14.47989858183974,209.6674629403645
332.5195312499997,11.622998398535055,135.09409177234843
332.5805664062497,8.667386012820263,75.12358029523233
332.6416015624997,12.492450793298444,156.06132682298292
332.7026367187497,14.135846261966455,199.82214954195098
332.7636718749997,10.020420790324577,100.40883281516902
332.8247070312497,9.370316234143365,87.8028263278507
332.8857421874997,13.96307597123015,194.9674905783448
332.9467773437497,12.895059874386215,166.28256916400542
333.0078124999997,8.910797917276094,79.40231952253197
333.0688476562497,11.007690210847942,121.16924377799761
333.1298828124997,14.477889142312295,209.60927401708423
333.1909179687497,11.240054581867991,126.33882700337162
333.2519531249997,8.713800610592063,75.93032108115462
333.3129882812497,12.857023144002772,165.30304412542293
333.3740234374997,13.909080170333612,193.4625111847677
333.4350585937497,9.710577207463974,94.29530970211883
333.4960937499997,9.659310610568262,93.30228147143661
333.5571289062497,14.149623903805747,200.21185661915098
333.6181640624997,12.533526428619243,157.08928473689704
333.6791992187497,8.768854509035242,76.89280940062768
333.7402343749997,11.409901662086718,130.18585593848923
333.8012695312497,14.42272669293782,208.0150452591811
333.8623046874997,10.865036804778626,118.04902476919413
333.9233398437497,8.817229910530516,77.74354329515397
333.9843749999997,13.192283120730686,174.03633393751576
334.0454101562497,13.643811978426475,186.15360530265377
334.1064453124997,9.430352161440217,88.93154188878017
334.1674804687497,9.987088586962821,99.74193844384304
334.2285156249997,14.285229545698293,204.06778317329145
334.2895507812497,12.159395837816508,147.8509071407094
334.3505859374997,8.67590577953636,75.2713410953924
334.4116210937497,11.811435972615861,139.510019735204
334.4726562499997,14.316212863059091,204.95395074041858
334.5336914062497,10.503112716248904,110.31537673022942
334.5947265624997,8.976530153792668,80.57809360194902
334.6557617187497,13.491927307410641,182.03210246845296
334.7167968749997,13.345195277555419,178.09423699608746
334.7778320312497,9.184043400258586,84.34665317783329
334.8388671874997,10.345757865010775,107.03470580143231
334.8999023437497,14.368074504512686,206.44156496722746
334.9609374999997,11.778658243247834,138.73679001123017
335.0219726562497,8.635317146906317,74.56870222765426
335.0830078124997,12.203662003427187,148.92936629389246
335.1440429687497,14.16103616869215,200.53494537100724
335.2050781249997,10.15915521423664,103.20843466695149
335.2661132812497,9.18881916851638,84.43439771169406
335.3271484374997,13.750548679241632,189.07758898019378
335.3881835937497,13.018788750587582,169.48886053242578
335.4492187499997,8.97589878548047,80.56675900718979
335.5102539062497,10.726767522489814,115.06354148154226
335.5712890624997,14.397381993392727,207.28460826366916
335.6323242187497,11.397148935101525,129.8950038488858
335.6933593749997,8.64959167320423,74.81543611316394
335.7543945312497,12.578450418177173,158.2174149225415
335.8154296874997,13.960699258827242,194.90112379541952
335.8764648437497,9.837778946997224,96.7818946099818
335.9374999999997,9.449539217570544,89.29379142440374
335.9985351562497,13.963699959419232,194.98491655668465
336.0595703124997,12.67043008752495,160.53979860285753
336.1206054687497,8.81009423522497,77.61776043354425
336.1816406249997,11.121236760183447,123.68190707605561
336.2426757812497,14.373390563380097,206.59435628746402
336.3037109374997,11.020472309394485,121.45080992213062
336.3647460937497,8.720033378230466,76.03898211745344
336.4257812499997,12.928310722913666,167.1412181482045
336.4868164062497,13.719414325247142,188.2223294277965
336.5478515624997,9.543402379750695,91.07652898183123
336.6088867187497,9.752650363254219,95.11418910788265
336.6699218749997,14.127933826480998,199.598514205426
336.7309570312497,12.30610143408072,151.44013250588355
336.7919921874997,8.690623307376212,75.52693347071065
336.8530273437497,11.520234685787845,132.71580721562935
336.9140624999997,14.297323859434645,204.41346954155915
336.9750976562497,10.653947819155333,113.50660413328467
337.0361328124997,8.8464606177893,78.25986546209703
337.0971679687497,13.246504570566174,175.46988333803054
337.1582031249997,13.441997387288458,180.68729375986973
337.2192382812497,9.280314777666508,86.12424237257537
337.2802734374997,10.090929444979025,101.8268570635447
337.3413085937497,14.240827658893034,202.80117241029285
337.4023437499997,11.931805684677384,142.36798689689954
337.4633789062497,8.621103929570765,74.32343296446048
337.5244140624997,11.915020751456822,141.9677195076467
337.5854492187497,14.171330136004364,200.8265978236255
337.6464843749997,10.302593990481892,106.1434429327136
337.7075195312497,9.027024846147677,81.4871775729675
337.7685546874997,13.52713426975892,182.98336155208617
337.8295898437497,13.133746724094811,172.49530301267117
337.8906249999997,9.052725290587379,81.95183518684034
337.9516601562497,10.456295793362155,109.3341217182831
338.0126953124997,14.300991632116933,204.51836166187854
338.0737304687497,11.55345268405547,133.48226892270856
338.1347656249997,8.60449226112641,74.03728707178428
338.1958007812497,12.2972449261012,151.22223277252172
338.2568359374997,13.99841439826535,195.95560566556267
338.3178710937497,9.971142692648845,99.42368659716446
338.3789062499997,9.258187219396978,85.71403058940555
338.4399414062497,13.765216555052394,189.48118680748848
338.5009765624997,12.800316901101692,163.84811276862962
338.5620117187497,8.864781424958265,78.58434971228509
338.6230468749997,10.840151326238516,117.50888077575065
338.6840820312497,14.30805825812811,204.720531117988
338.7451171874997,11.176766434052746,124.92010792136814
338.8061523437497,8.642760556614524,74.6973100389718
338.8671874999997,12.65910134451884,160.2528468507987
338.9282226562497,13.782345591923766,189.95305001522047
338.9892578124997,9.664085616075871,93.39455079484455
339.0502929687497,9.534828306332072,90.91295083123133
339.1113281249997,13.956735083122727,194.79045418046874
339.1723632812497,12.447582548620765,154.94231130472824
339.2333984374997,8.720511917166924,76.04732809745033
339.2944335937497,11.233680144280981,126.19556958401277
339.3554687499997,14.262663214997284,203.42356198443665
339.4165039062497,10.807213823246403,116.79587062136814
339.4775390624997,8.736584557236714,76.32790972574703
339.5385742187497,12.99346164676471,168.83004556594548
339.5996093749997,13.52756337093723,182.99497075472263
339.6606445312497,9.385736403029664,88.09204782715622
339.7216796874997,9.850488175343733,97.0321172925867
339.7827148437497,14.098673818972655,198.772603453785
339.8437499999997,12.081518450393634,145.9630880672018
339.9047851562497,8.62368761623948,74.36798810248216
339.9658203124997,11.628113048992574,135.21301308015137
340.0268554687497,14.16639407164996,200.68672099327912
340.0878906249997,10.449966184870657,109.2017932649402
340.1489257812497,8.885093573773398,78.94488781470933
340.2099609374997,13.293976263303756,176.7298048892837
340.2709960937497,13.239063876210267,175.27281231837563
340.3320312499997,9.140288229401609,83.5448689165376
340.3930664062497,10.197666050090362,103.99239286916557
340.4541015624997,14.189037838285039,201.32879477628455
340.5151367187497,11.708074390369463,137.07900593042527
340.5761718749997,8.577594311864583,73.57512417893166
340.6372070312497,12.014943302141804,144.3588625536822
340.6982421874997,14.021730252350709,196.60891926968708
340.7592773437497,10.109897581566097,102.21002910975601
340.8203124999997,9.085765057624311,82.5511266823469
340.8813476562497,13.55515439351774,183.74221063210328
340.9423828124997,12.922265233906055,166.9849387754171
341.0034179687497,8.93186029658671,79.77812835774202
341.0644531249997,10.568151120357038,111.68581810270372
341.1254882812497,14.226857053096982,202.40346160925534
341.1865234374997,11.333067309438876,128.43841464027213
341.2475585937497,8.584738512056182,73.69773532038059
341.3085937499997,12.386112039342407,153.41577145114292
341.3696289062497,13.83197508198955,191.32353466877979
341.4306640624997,9.79160351228298,95.8754993417524
341.4916992187497,9.334445039712504,87.13186419941337
341.5527343749997,13.772436675759751,189.6800119878123
341.6137695312497,12.582898358064721,158.32933108938786
341.6748046874997,8.764479050446631,76.81609302571789
341.7358398437497,10.953339028618938,119.97563587586686
341.7968749999997,14.212167683828982,201.98571027327284
341.8579101562497,10.962098072342943,120.16759414766487
341.9189453124997,8.64652790852791,74.76244487295203
341.9799804687497,12.73414788268693,162.15852229814
342.0410156249997,13.6011504818042,184.99129442868264
342.1020507812497,9.499456349453363,90.23967093516981
342.1630859374997,9.625518543623539,92.65060723364061
342.2241210937497,13.94222983527831,194.38577277972465
342.2851562499997,12.22686097280005,149.496129248181
342.3461914062497,8.641997685942048,74.68412400382772
342.4072265624997,11.344516949777605,128.69806482379136
342.4682617187497,14.145983336481594,200.10884455601493
342.5292968749997,10.600493661374214,112.3704658648349
342.5903320312497,8.76299025160264,76.78999814968289
342.6513671874997,13.052290209757366,170.36227971972798
342.7124023437497,13.333903515822733,177.79298296926984
342.7734374999997,9.237665634825392,85.33446638083402
342.8344726562497,9.952164262450522,99.04557350679734
342.8955078124997,14.061948522256735,197.73839624259836
342.9565429687497,11.860101776432689,140.66201414734184
343.0175781249997,8.567923911587359,73.40932015475043
343.0786132812497,11.733099688716052,137.66562830534872
343.1396484374997,14.030243151621779,196.84772289362982
343.2006835937497,10.253280185052585,105.12975455319197
343.2617187499997,8.932582866823756,79.79103667267331
343.3227539062497,13.334578708207767,177.8109893253879
343.3837890624997,13.03538200286649,169.92118396065558
343.4448242187497,9.010334914512669,81.18613527168601
343.5058593749997,10.306664424100845,106.227331551026
343.5668945312497,14.130017863072377,199.65740481074445
343.6279296874997,11.48849897276248,131.98560864716455
343.6889648437497,8.54517155747908,73.01995694674945
343.74999999999966,12.110834623796473,146.67231528494744
343.81103515624966,13.867747771699163,192.3144282594671
343.87207031249966,9.9251825814154,98.50924927443168
343.93310546874966,9.152139253037582,83.76165290699132
343.99414062499966,13.575935821898478,184.3060334403063
344.05517578124966,12.711119150643436,161.5725500618543
344.11621093749966,8.821474091164,77.8184051410777
344.17724609374966,10.68073103378308,114.07801541601697
344.23828124999966,14.145878494685055,200.10587838639313
344.29931640624966,11.117769667431348,123.60480237805656
344.36035156249966,8.575754446701875,73.54356433012698
344.42138671874966,12.46996435874404,155.50001110834665
344.48242187499966,13.662073412787665,186.65224993639958
344.54345703124966,9.620668841407898,92.5572689560368
344.60449218749966,9.416946906066878,88.67888903168254
344.66552734374966,13.772214944440032,189.67390447585734
344.72656249999966,12.36689050200714,152.9399806886344
344.78759765624966,8.674971617308547,75.25513256110887
344.84863281249966,11.065794571518287,122.45180949904359
344.90966796874966,14.10995692857018,199.0908845261056
344.97070312499966,10.753383103051185,115.63524816098673
345.03173828124966,8.660490688613962,75.00409896756913
345.09277343749966,12.803361580763713,163.9260677677763
345.15380859374966,13.41748094014645,180.02879477919328
345.21484374999966,9.343996392608005,87.31026858507141
345.27587890624966,9.720950725433044,94.49688300629721
345.33691406249966,13.920252747337434,193.7734365497554
345.39794921874966,12.008603597956704,144.2065603728587
345.45898437499966,8.574473668089656,73.52159868476288
345.52001953124966,11.453271635621284,131.17743115932706
345.58105468749966,14.023635386057675,196.662349441089
345.64208984374966,10.40052325661335,108.17088401135518
345.70312499999966,8.798760806745271,77.4181917343167
345.76416015624966,13.104634494737393,171.73144524066117
345.82519531249966,13.138803622702326,172.62816063593579
345.88623046874966,9.099273529575182,82.79677876602759
345.94726562499966,10.057032678656464,101.14390629956401
346.00830078124966,14.017880697668373,196.50097925406354
346.06933593749966,11.642163436661935,135.53996948594803
346.13037109374966,8.52318196232493,72.64463076290104
346.19140624999966,11.834787476968307,140.06219462500587
346.25244140624966,13.88918920680034,192.90957682229907
346.31347656249966,10.064067176406292,101.28544813121852
346.37451171874966,8.988364787228775,80.79070154829418
346.43554687499966,13.368219659626845,178.7092968680337
346.49658203124966,12.83132762401193,164.64296859473166
346.55761718749966,8.890504686170834,79.04107357482556
346.61865234374966,10.41731448446817,108.52044106831033
346.67968749999966,14.06394198418201,197.79446413443742
346.74072265624966,11.273368358534857,127.08883414721488
346.80175781249966,8.523596085375797,72.6516902266336
346.86279296874966,12.202354308282368,148.89745066485727
346.92382812499966,13.70971991727831,187.9564202102176
346.98486328124966,9.748600489019859,95.03521149451824
347.04589843749966,9.225533037166747,85.1104598198551
347.10693359374966,13.58944375000284,184.67298143449125
347.16796874999966,12.500667855035493,156.26669682191766
347.22900390624966,8.72157994366082,76.06595671366668
347.29003906249966,10.793472455078632,116.49904763854116
347.35107421874966,14.05827357653359,197.63505595266255
347.41210937499966,10.9078184738991,118.9805038595345
347.47314453124966,8.577206767444347,73.5684759314931
347.53417968749966,12.548530564015612,157.46561931603398
347.59521484374966,13.489065615775372,181.95489118669343
347.65624999999966,9.458465067366756,89.46256143059722
347.71728515624966,9.505049999429447,90.34597549165373
347.77832031249966,13.764581996234547,189.46371753106422
347.83935546874966,12.15264133741559,147.68669147586218
347.90039062499966,8.596224787166555,73.8950805914967
347.96142578124966,11.177008507933035,124.92551918640746
348.02246093749966,14.001686240639794,196.04721758132172
348.08349609374966,10.550850417237642,111.32044452692374
348.14453124999966,8.684225224740985,75.4157677540276
348.20556640624966,12.8665360308696,165.54774943366564
348.26660156249966,13.231704961138572,175.0780161786191
348.32763671874966,9.197805465802873,84.5996253867532
348.38867187499966,9.820481974202188,96.4418662056301
348.44970703124966,13.890887333664358,192.9567509165569
348.51074218749966,11.793139725482154,139.0781445847453
348.57177734374966,8.517837212466999,72.55355077808757
348.63281249999966,11.559499522399701,133.62202920835892
348.69384765624966,13.895912944999374,193.09639657500117
348.75488281249966,10.207499698234184,104.19305008945095
348.81591796874966,8.8433853539708,78.20546451882527
348.87695312499966,13.150357380416716,172.9318992326804
348.93798828124966,12.942635374640592,167.51181044089802
348.99902343749966,8.970630303708452,80.4722080458124
349.06005859374966,10.1644714854543,103.31648057861354
349.12109374999966,13.966609275785881,195.06617466246823
349.18212890624966,11.42801093103855,130.59943383993658
349.24316406249966,8.489280875987472,72.06788979140661
349.30419921874966,11.932794300507533,142.39157981822507
349.36523437499966,13.743553052631693,188.88525051050192
349.42626953124966,9.882499121193263,97.66378888038561
349.48730468749966,9.051862456209346,81.93621392613228
349.54833984374966,13.394821474625363,179.4212423370848
349.60937499999966,12.627264635444803,159.44781217355498
349.67041015624966,8.780834918272456,77.10306186195285
349.73144531249966,10.529028672857502,110.86044479385541
349.79248046874966,13.99099456280685,195.74792885649086
349.85351562499966,11.062960463059193,122.38909420721087
349.91455078124966,8.512599126873608,72.46434389484932
349.97558593749966,12.289189990657812,151.02419062648417
350.03662109374966,13.547991600012361,183.5480763940055
350.09765624999966,9.580295406425211,91.782060074372
350.15869140624966,9.30532952000875,86.58915747594627
350.21972656249966,13.595669020423074,184.84221611289172
350.28076171874966,12.291272118319082,151.07537028656805
350.34179687499966,8.632174517304936,74.5144368972087
350.40283203124966,10.905837831808318,118.93729881370156
350.46386718749966,13.964274503990678,195.0009624228041
350.52490234374966,10.70346358878959,114.56413279654454
350.58593749999966,8.588732033761845,73.76631794776688
350.64697265624966,12.621564749925556,159.30389673656336
350.70800781249966,13.313311759254598,177.24426999910673
350.76904296874966,9.305108572591395,86.58504554771388
350.83007812499966,9.598120633556446,92.123919696302
350.89111328124966,13.749583985677557,189.05105977920073
350.95214843749966,11.940493997999193,142.57539691625473
351.01318359374966,8.528176592949587,72.72979600053321
351.07421874999966,11.286502618762857,127.38514136334082
351.13525390624966,13.887623239095538,192.86607923106644
351.19628906249966,10.354720584630178,107.22023838576392
351.25732421874966,8.717277016964124,75.99091859049094
351.31835937499966,12.923492944443318,167.01666988507623
351.37939453124966,13.044187386611318,170.1508245770298
351.44042968749966,9.060975891724304,82.10128411040905
351.50146484374966,9.923485146635315,98.47555745549171
351.56249999999966,13.85423617536483,191.93986000278753
351.62353515624966,11.580790962674378,134.11471932116055
351.68457031249966,8.471962536417005,71.77414921845325
351.74560546874966,11.662781381030372,136.02046954170874
351.80664062499966,13.763117203799865,189.42339516553182
351.86767578124966,10.0216158121055,100.43278348544298
351.92871093749966,8.89633635037479,79.14480045899984
351.98974609374966,13.18934211286033,173.958745370071
352.05078124999966,12.745767500240685,162.4545891701917
352.11181640624966,8.851798684387008,78.35433994891557
352.17285156249966,10.273878521227848,105.55257986894692
352.23388671874966,13.908286602003692,193.4404362034754
352.29492187499966,11.217940105244525,125.84218020485353
352.35595703124966,8.46601094953223,71.6733413975996
352.41699218749966,12.026769714959936,144.6431897766775
352.47802734374966,13.593661208068022,184.78762503973337
352.53906249999966,9.708736731440517,94.2595689204223
352.60009765624966,9.122492290603862,83.2198655921269
352.66113281249966,13.414334992640462,179.9443832947784
352.72216796874966,12.423555617676868,154.34473418551048
352.78320312499966,8.681351214797468,75.36585891466548
352.84423828124966,10.64124718347805,113.23614161987955
352.90527343749966,13.911378180599462,193.52644288365877
352.96630859374966,10.857543172827267,117.88624374980799
353.02734374999966,8.511879619016698,72.45209464863184
353.08837890624966,12.371054498156848,153.04298939636678
353.14941406249966,13.38290954619393,179.10226792160864
353.21044921874966,9.42040260563144,88.74398525218761
353.27148437499966,9.39091204156007,88.1892289723179
353.33251953124966,13.594616671492753,184.81360244482872
353.39355468749966,12.083282351482278,146.0057123856431
353.45458984374966,8.553234250981255,73.15781615215887
353.51562499999966,11.017317085363892,121.38127575945113
353.57666015624966,13.864121444943008,192.2138634401286
353.63769531249966,10.504946721360769,110.35390561862836
353.69873046874966,8.609939073924217,74.131050856687
353.75976562499966,12.68884541596237,161.00679799018923
353.82080078124966,13.135171421530455,172.5327282729904
353.88183593749966,9.160709924444818,83.91860631982179
353.94287109374966,9.695535489634123,94.00340843075479
354.00390624999966,13.727285632047437,188.438370823816
354.06494140624966,11.730781397887169,137.61123220501565
354.12597656249966,8.470745434183744,71.75352821074475
354.18701171874966,11.393824888784575,129.81924559628683
354.24804687499966,13.768046918177461,189.5591159411359
354.30908203124966,10.165201493681986,103.33132140715448
354.37011718749966,8.759171753710296,76.7230898109963
354.43115234374966,12.974077879615672,168.3266968263327
354.49218749999966,12.855295725152402,165.25862818112162
354.55322265624966,8.93358723024073,79.80898080032026
354.61425781249966,10.02935152878168,100.58789208787542
354.67529296874966,13.810419441339773,190.72768514573556
354.73632812499966,11.371869190092186,129.3194088765679
354.79736328124966,8.436690880006886,71.17775300479136
354.85839843749966,11.76272960593143,138.36180778225577
354.91943359374966,13.625556422858713,185.65578783250632
354.98046874999966,9.843050568466756,96.88564449339373
355.04150390624966,8.957069724845514,80.22909805574409
355.10253906249966,13.221497687680598,174.8080011053434
355.16357421874966,12.548564227934301,157.4664641825924
355.22460937499966,8.742825876014535,76.43700429830933
355.28564453124966,10.384674609243646,107.84146673986967
355.34667968749966,13.843081726284927,191.63091168060367
355.40771484374966,11.012239395827642,121.26941651101835
355.46874999999966,8.453131666490599,71.45543497102612
355.52978515624966,12.11638588480661,146.80680690954085
355.59082031249966,13.439847220204737,180.62949330244498
355.65185546874966,9.542937279711067,91.06765192449926
355.71289062499966,9.199666673240337,84.63386689872893
355.77392578124966,13.426726487654648,180.27698417428692
355.83496093749966,12.22056072988468,149.34210455279958
355.89599609374966,8.59206432010019,73.82356928073875
355.95703124999966,10.753433192480315,115.63632542513739
356.01806640624966,13.82530464223578,191.1390484506262
356.07910156249966,10.657378376699038,113.57971386413222
356.14013671874966,8.521107964045418,72.60928093491826
356.20117187499966,12.447685914942241,154.94488463705144
356.26220703124966,13.214824324489749,174.63158192712595
356.32324218749966,9.269050422124911,85.91529572789399
356.38427734374966,9.481669397863444,89.90205457038012
356.44531249999966,13.586314114850644,184.58793122738984
356.50634765624966,11.877044324657113,141.06418188986976
356.56738281249966,8.484717951587674,71.99043871799414
356.62841796874966,11.127425888026707,123.81960689352695
356.68945312499966,13.758066310589511,189.28438860657806
356.75048828124966,10.31249688418374,106.34759198629936
356.81152343749966,8.640410341726785,74.65669087341918
356.87255859374966,12.75017446729609,162.5669489464891
356.93359374999966,12.955002655026426,167.83209379174176
356.99462890624966,9.025370136302383,81.4573060972589
357.05566406249966,9.79668422804676,95.97502186406012
357.11669921874966,13.697767384395965,187.62883131702188
357.17773437499966,11.523831305960044,132.79868796822478
357.23876953124966,8.423825830472564,70.96084162213678
357.29980468749966,11.498547666951197,132.21659844914882
357.36083984374966,13.643242390943296,186.13806293803216
357.42187499999966,9.982499153649977,99.65028935262251
357.48291015624966,8.809414676662863,77.60578694540305
357.54394531249966,13.018153015020555,169.47230792248877
357.60498046874966,12.665394363755869,160.41221438945894
357.66601562499966,8.81571456900168,77.71682336210847
357.72705078124966,10.137486713416468,102.76863686469542
357.78808593749966,13.75956850222061,189.32572536730152
357.84912109374966,11.166680495958927,124.6947532988295
357.91015624999966,8.411841443216893,70.75907646582127
357.97119140624966,11.858977913095586,140.63535714328896
358.03222656249966,13.483545942535656,181.80601118446975
358.09326171874966,9.671980257218824,93.5472020960307
358.15429687499966,9.025034323610294,81.45124454234391
358.21533203124966,13.246750326343019,175.4763942084689
358.27636718749966,12.351390144726524,152.5568385072475
358.33740234374966,8.643750090021786,74.71441561875164
358.39843749999966,10.496302746298246,110.17237134194811
358.45947265624966,13.771174631950919,189.6452507436885
358.52050781249966,10.811187876888756,116.8817833093864
358.58154296874966,8.450371789107342,71.40878337414122
358.64257812499966,12.201343029822743,148.87277173140404
358.70361328124966,13.282447228585692,176.42340438016373
358.76464843749966,9.385246646248163,88.08285461091239
358.82568359374966,9.282795259108415,86.17028782252567
358.88671874999966,13.431983677463364,180.41818551164224
358.94775390624966,12.018632619066647,144.4475300320928
359.00878906249966,8.51296547745679,72.47058122037112
359.06982421874966,10.865075096877742,118.04985686079289
359.13085937499966,13.732997276346268,188.59521419213402
359.19189453124966,10.46271623326646,109.46843097785752
359.25292968749966,8.539924402661732,72.93030880317735
359.31396484374966,12.518846549760845,156.721518936459
359.37499999999966,13.044086039353834,170.1481806020656
359.43603515624966,9.126358779116599,83.29042456515862
359.49707031249966,9.576998852986332,91.71890703010152
359.55810546874966,13.570806633088674,184.16679267268356
359.61914062499966,11.6728957836987,136.25649597709088
359.68017578124966,8.4265614157794,71.00693729390213
359.74121093749966,11.235707981512457,126.24113384582273
359.80224609374966,13.646371726427832,186.22346129584892
359.86328124999966,10.126335684935926,102.54267440400675
359.92431640624966,8.679703671216096,75.33725582012218
359.98535156249966,12.805379098159964,163.9777338475921
360.04638671874966,12.773168271591658,163.15382769439583
360.10742187499966,8.899181594014495,79.19543304324637
360.16845703124966,9.900969647871515,98.02919996807299
360.22949218749966,13.661129058213735,186.62644714517168
360.29052734374966,11.319963528170994,128.1415742791215
360.35156249999966,8.387284298433277,70.3465379027454
360.41259765624966,11.600273320271885,134.5663411050117
360.47363281249966,13.513505308006472,182.6148257095191
360.53466796874966,9.806804193696777,96.1734084935087
360.59570312499966,8.867496359156704,78.63249167965739
360.65673828124966,13.055608707052649,170.44891871166894
360.71777343749966,12.474845422372187,155.62176831208032
360.77880859374966,8.707415060929408,75.8190770433003
360.83984374999966,10.247321724404832,105.00760252345923
360.90087890624966,13.701833066556027,187.74022938376814
360.96191406249966,10.965519013685837,120.24260723950562
361.02294921874966,8.397199064108406,70.51295212226309
361.08398437499966,11.951188911878585,142.83091640740963
361.14501953124966,13.33740421998406,177.88635132724863
361.20605468749966,9.508569168931846,90.41288764036125
361.26708984374966,9.099670436922006,82.80400206059232
361.32812499999966,13.265048586921418,175.9615140133859
361.38916015624966,12.1545997293192,147.73429457996636
361.45019531249966,8.554594120750792,73.18108057078402
361.51123046874966,10.60822948118166,112.53453272541171
361.57226562499966,13.692759864039777,187.49167269425863
361.63330078124966,10.615053203171662,112.67935450616497
361.69433593749966,8.45743367532965,71.5281843726
361.75537109374966,12.281364790374802,150.8319211142579
361.81640624999966,13.121800709941366,172.18165387141775
361.87744140624966,9.235801513681245,85.30002960011679
361.93847656249966,9.371290587251405,87.82108727070678
361.99951171874966,13.430113659138875,180.3679528973886
362.06054687499966,11.818118469295438,139.66792415430194
362.12158203124966,8.444027386717366,71.3015985076329
362.18261718749966,10.975687055698328,120.46570634462384
362.24365234374966,13.63469244167773,185.90483797914382
362.30468749999966,10.273797880319034,105.55092288564786
362.36572265624966,8.567945199241066,73.40968493719804
362.42675781249966,12.584323187686115,158.3651900921344
362.48779296874966,12.871051077604399,165.66395584230136
362.54882812499966,8.992439256249893,80.86396377734414
362.60986328124966,9.676307584410527,93.63092846812069
362.67089843749966,13.548156010822868,183.55253129359582
362.73193359374966,11.471170638724429,131.5877558227334
362.79296874999966,8.378676255674472,70.2022157974032
362.85400390624966,11.341729805682602,128.6348349851091
362.91503906249966,13.52931066674477,183.0422471172938
362.97607421874966,9.946677833884701,98.93639993109325
363.03710937499966,8.727357706764336,76.16677254181884
363.09814453124966,12.854307186959225,165.2332132567116
363.15917968749966,12.590028618912088,158.5088206250254
363.22021484374966,8.782226924947476,77.1275097612724
363.28124999999966,10.007812021397282,100.15630145562395
363.34228515624966,13.617485879516389,185.43592167882824
363.40332031249966,11.119490136923284,123.64306090513419
363.46435546874966,8.360960391889668,69.90565867474783
363.52539062499966,11.698627059695337,136.85787508183597
363.58642578124966,13.379135993015238,179.00127991959585
363.64746093749966,9.638301133139882,92.89684873308552
363.70849609374966,8.932892472064687,79.79656791746994
363.76953124999966,13.086353155994301,171.252638923402
363.83056640624966,12.284009584900993,150.89689148193946
363.89160156249966,8.608738869871937,74.11038492964396
363.95263671874966,10.358302229247945,107.29442507244295
364.01367187499966,13.637374736242924,185.97798969671675
364.07470703124966,10.768673686418268,115.9643329645572
364.13574218749966,8.392522482388607,70.43443361739823
364.19677734374966,12.03904783384319,144.93867274556442
364.25781249999966,13.187458840150024,173.909070660651
364.31884765624966,9.352975123281505,87.47814365672268
364.37988281249966,9.180413209154342,84.27998669081552
364.44091796874966,13.27636150356854,176.26177477343668
364.50195312499966,11.958550705901446,143.00693498561597
364.56298828124966,8.475361890436613,71.83175917386528
364.62402343749966,10.71994365420656,114.91719194936348
364.68505859374966,13.60804622972841,185.1789221904256
364.74609374999966,10.424098178998673,108.66182284540345
364.80712890624966,8.473988603909826,71.80848285919359
364.86816406249966,12.356197494392077,152.67561652042104
364.92919921874966,12.958252937328773,167.91631918778975
364.99023437499966,9.094734726395421,82.71419974350279
365.05126953124966,9.464569811912646,89.5780817245682
365.11230468749966,13.421140561552715,180.12701397295552
365.17333984374966,11.61936245489683,135.0095838582661
365.23437499999966,8.38520382003945,70.31164310360418
365.29541015624966,11.084806940324706,122.87294490427077
365.35644531249966,13.530636173764664,183.07811526678887
365.41748046874966,10.090856081322572,101.82537645396474
365.47851562499966,8.604759987195315,74.04189443723752
365.53955078124966,12.64392592117841,159.8688627002473
365.60058593749966,12.696071785572823,161.19023878441828
365.66162109374966,8.867393031949812,78.63065918307207
365.72265624999966,9.7790128460087,95.62909224240316
365.78369140624966,13.518441889941373,182.74827113172168
365.84472656249966,11.272192481758463,127.06232334581202
365.90576171874966,8.34095197217498,69.57147980212967
365.96679687499966,11.445084853773622,130.98996731007838
366.02783203124966,13.407161943108342,179.75199136873266
366.08886718749966,9.77372562970552,95.52571268476257
366.14990234374966,8.78289346229974,77.1392175701075
366.21093749999966,12.896828738189889,166.3281915022006
366.27197265624966,12.405942530690032,153.9074100747838
366.33300781249966,8.674574906686194,75.2482498117098
366.39404296874966,10.116648006057957,102.34656687847644
366.45507812499966,13.566966467292662,184.06257912464355
366.51611328124966,10.922712667467444,119.30565201605376
366.57714843749966,8.344665595817316,69.63344390601716
366.63818359374966,11.793259481398376,139.0809691955927
366.69921874999966,13.240444488804433,175.3093702611117
366.76025390624966,9.477167735379961,89.81670828452694
366.82128906249966,9.005073348591038,81.09134601350462
366.88232421874966,13.110317172182059,171.8804163552118
366.94335937499966,12.09324652563171,146.24661152970342
367.00439453124966,8.519719255856232,72.58561619860748
367.06542968749966,10.469900336665965,109.6188130597181
367.12646484374966,13.566373540247499,184.04649103352745
367.18749999999966,10.576423580143349,111.86073574661225
367.24853515624966,8.397539268085993,70.51866575904623
367.30957031249966,12.122267117567338,146.94936006965435
367.37060546874966,13.034040692189668,169.88621676565612
367.43164062499966,9.205345548629035,84.7383866696644
367.49267578124966,9.266699227986502,85.87171458196562
367.55371093749966,13.280677008403956,176.37638180154943
367.61474609374966,11.763591374250804,138.38208202034792
367.67578124999966,8.406041676179138,70.66153666166056
367.73681640624966,10.830956474139377,117.30961814470169
367.79785156249966,13.517251088716307,182.71607699540218
367.85888671874966,10.238572737544438,104.8283717019882
367.91992187499966,8.499681400026343,72.24458390195379
367.98095703124966,12.425612664420486,154.39585008620676
368.04199218749966,12.792149557443853,163.63909030001096
368.10302734374966,8.962164563088065,80.32039365587148
368.16406249999966,9.562057229190149,91.43293845430759
368.22509765624966,13.405109768268524,179.6969678993282
368.28613281249966,11.42269978748624,130.47807043503818
368.34716796874966,8.336424530627609,69.49597395484975
368.40820312499966,11.191998320066414,125.26082639636944
368.46923828124966,13.42108659637921,180.12556542750968
368.53027343749966,9.914114073623162,98.28965786481285
368.59130859374966,8.649939397085754,74.82145157325627
368.65234374999966,12.69748461518669,161.22611555290268
368.71337890624966,12.519505010620064,156.73800571094088
368.77441406249966,8.751312691701225,76.58547382793094
368.83544921874966,9.884546445007581,97.70425842351202
368.89648437499966,13.481758970245544,181.7578249317962
368.95751953124966,11.076280513787674,122.68399002011255
369.01855468749966,8.313248554222405,69.1101015242809
369.07958984374966,11.545388863383764,133.29600400674582
369.14062499999966,13.280214730811583,176.36410329646495
369.20166015624966,9.607675199131034,92.30742273199755
369.26269531249966,8.845817039467399,78.24847909573177
369.32373046874966,12.932834998412842,167.2582210961721
369.38476562499966,12.22126985320573,149.3594368248752
369.44580078124966,8.576284545312724,73.55265660216988
369.50683593749966,10.226932369276089,104.59014568574703
369.56787109374966,13.50971724746363,182.51246010641628
369.62890624999966,10.729930022083384,115.13139827880632
369.68994140624966,8.338182713784303,69.52529096845136
369.75097656249966,11.883845248751713,141.2257778962787
369.81201171874966,13.09774502864065,171.55092483528088
369.87304687499966,9.323570145196895,86.92896025240684
369.93408203124966,9.083498874445986,82.50995180206151
369.99511718749966,13.127449413259011,172.32992809767435
370.05615234374966,11.902907668360173,141.6792109615074
370.11718749999966,8.440373822607508,71.23991026535809
370.17822265624966,10.581604443191466,111.97035259216938
370.23925781249966,13.489016065144455,181.95355440572519
370.30029296874966,10.389035948047024,107.93206792981333
370.36132812499966,8.411952223819862,70.76094021582792
370.42236328124966,12.200578709099462,148.8541208369311
370.48339843749966,12.877483539379694,165.82958230699498
370.54443359374966,9.065821144339786,82.18911302115835
370.60546874999966,9.35796619214022,87.57153125323931
370.66650390624966,13.278001060408192,176.30531216020108
370.72753906249966,11.570067533427757,133.86646272807906
370.78857421874966,8.346601432237271,69.66575546862528
370.84960937499966,10.940804490068983,119.70120288991362
370.91064453124966,13.420605686410918,180.11265699012506
370.97167968749966,10.058720390030743,101.17785588482022
371.03271484374966,8.534134737334101,72.83145571497259
371.09374999999966,12.489404419365316,155.9852227504619
371.15478515624966,12.62383875824217,159.36130499409722
371.21582031249966,8.838203869171256,78.11384763303376
371.27685546874966,9.663186405420024,93.37717150589437
371.33789062499966,13.38208062024796,179.08008172681602
371.39892578124966,11.228460744162746,126.0783306832038
371.45996093749966,8.297595688468009,68.8500942092829
371.52099609374966,11.29684511697276,127.61870959687128
371.58203124999966,13.306308481115469,177.05784539460547
371.64306640624966,9.74378539933601,94.94135390831362
371.70410156249966,8.703033253356288,75.74278780902534
371.76513671874966,12.74485263035151,162.43126856937778
371.82617187499966,12.341705772638345,152.31770137837466
371.88720703124966,8.644278464884971,74.72355017847407
371.94824218749966,9.992354317937673,99.84714481520767
372.00927734374966,13.438219949324653,180.58575540642707
372.07031249999966,10.883744737706271,118.45589951554895
372.13134765624966,8.295401696375487,68.81368930422931
372.19238281249966,11.642282675029636,135.5427458852952
372.25341796874966,13.148765296778956,172.8900288297786
372.31445312499966,9.448713081434853,89.27817889527812
372.37548828124966,8.915624204223372,79.48835495093363
372.43652343749966,12.962237542878965,168.0196021180209
372.49755859374966,12.036365156001073,144.87408616859673
372.55859374999966,8.487402288667829,72.03599760968389
372.61962890624966,10.33813995235337,106.87713767444492
372.68066406249966,13.445895771265223,180.792113091728
372.74169921874966,10.541425480331947,111.12165115739163
372.80273437499966,8.34126966335444,69.5767795967971
372.86376953124966,11.970082148138298,143.28286663317917
372.92480468749966,12.951357493974365,167.73766093672594
372.98583984374966,9.177666612802577,84.22956445575113
373.04687499999966,9.167629978844984,84.04543942901728
373.10791015624966,13.13771950005775,172.59967366219766
373.16894531249966,11.713346356780265,137.2024828738975
373.22998046874966,8.370703422498313,70.06867578742497
373.29101562499966,10.692927451359642,114.33869748004061
373.35205078124966,13.405507291138361,179.70762573276377
373.41308593749966,10.20677511805566,104.17825831056012
373.47412109374966,8.435435740504946,71.15657613218823
373.53515624999966,12.27373772773441,150.64463780921105
373.59619140624966,12.718127749045419,161.7507734410391
373.65722656249966,8.93453251344686,79.82587123383905
373.71826171874966,9.453656233920078,89.37161618913596
373.77929687499966,13.268356781593432,176.04929168365643
373.84033203124966,11.378320215620215,129.46617092919166
373.90136718749966,8.296988470660853,68.84001768227913
373.96240234374966,11.049045186817073,122.08139954032553
374.02343749999966,13.318351701449291,177.37849204349723
374.08447265624966,9.884774957651947,97.70877596342305
374.14550781249966,8.576948640223264,73.5640479770277
374.20654296874966,12.547387527846073,157.4369337739472
374.26757812499966,12.453670051880602,155.0938977611078
374.32861328124966,8.722954205479533,76.08993007089308
374.38964843749966,9.767402056492662,95.40214293317707
374.45068359374966,13.35212894092396,178.27934725505918
374.51171874999966,11.03696928795868,121.81469106334313
374.57275390624966,8.268598787537902,68.36972590927327
374.63378906249966,11.398956774790246,129.93621555353644
374.69482421874966,13.186577617375058,173.88582925905686
374.75585937499966,9.580078571940783,91.77790544455895
374.81689453124966,8.763576054421106,76.80026526162301
374.87792968749966,12.785905360892606,163.47937589770228
374.93896484374966,12.163030866791233,147.9393198665163
374.99999999999966,8.546359088519935,73.0402536699273
375.06103515624966,10.101901062697532,102.04840508052953
375.12207031249966,13.38795230743126,179.23726698605398
375.18310546874966,10.694887277047442,114.38061386875125
375.24414062499966,8.287218496158944,68.67799040307891
375.30517578124966,11.735431638471793,137.72035574124476
375.36621093749966,13.013115773514869,169.3411821349015
375.42724609374966,9.297015636063831,86.43449973721536
375.48828124999966,8.99180261661215,80.8525142961131
375.54931640624966,12.984968233149731,168.60940001590765
375.61035156249966,11.851583184548737,140.46002398027838
375.67138671874966,8.407956730533394,70.6937363825218
375.73242187499966,10.44976202152199,109.19752630644334
375.79345703124966,13.375676257720032,178.90871535133536
375.85449218749966,10.357479931604793,107.27739053359603
375.91552734374966,8.35365262445588,69.7835121700786
375.97656249999966,12.051690955563414,145.24325488840898
376.03759765624966,12.80160812690406,163.8811706348161
376.09863281249966,9.03960679138639,81.71449094287895
376.15966796874966,9.256924440495442,85.69065009704187
376.22070312499966,13.141115944846625,172.6889282759022
376.28173828124966,11.524909072844556,132.82352913733476
376.34277343749966,8.310690693737799,69.06757980698006
376.40380859374966,10.803402475202612,116.71350504121392
376.46484374999966,13.316060812190809,177.31747555396376
376.52587890624966,10.029892505320733,100.59874366828902
376.58691406249966,8.467639626358899,71.70092084188347
376.64794921874966,12.341524271015741,152.3132213320706
376.70898437499966,12.556312123714939,157.66097414815076
376.77001953124966,8.811600651793912,77.6443060466949
376.83105468749966,9.5532185990008,91.26398560029482
376.89208984374966,13.251788763361816,175.6099054287625
376.95312499999966,11.188681238820104,125.18658786392498
377.01416015624966,8.257125437993633,68.18012049876154
377.07519531249966,11.155258823158164,124.43979941164807
377.13623046874966,13.210742061820946,174.52370582396514
377.19726562499966,9.716959856989051,94.41930886233669
377.25830078124966,8.627700707728774,74.43721950214359
377.31933593749966,12.599399639089171,158.74487126548033
377.38037109374966,12.281996042350482,150.8474267843129
377.44140624999966,8.616505736757556,74.24417111157588
377.50244140624966,9.874160582489477,97.49904720878892
377.56347656249966,13.315350765142759,177.29856599878784
377.62451171874966,10.84854126473101,117.69084757257149
377.68554687499966,8.249292218185836,68.0508221010214
377.74658203124966,11.497965626851997,132.20321355627004
377.80761718749966,13.062177150277568,170.62047190523342
377.86865234374966,9.423186953629223,88.79645236304799
377.92968749999966,8.831091975362995,77.98818547732068
377.99072265624966,12.820535045582185,164.366118855001
378.05175781249966,11.983832697278347,143.61224611635762
378.11279296874966,8.457610591361236,71.53117691510576
378.17382812499966,10.212663704961235,104.29849995063255
378.23486328124966,13.331096595610967,177.71813644151032
378.29589843749966,10.510003597885095,110.46017562755765
378.35693359374966,8.28848016680534,68.69890347552547
378.41796874999966,11.824520686630352,139.81928946854913
378.47900390624966,12.873578234323624,165.72901655525095
378.54003906249966,9.152751596815817,83.77286179301448
378.60107421874966,9.07383522870646,82.33448575771443
378.66210937499966,13.000978109357746,169.0254317999993
378.72314453124966,11.667275147205535,136.12530936059994
378.78417968749966,8.337961165171782,69.52159639191278
378.84521484374966,10.561312751108035,111.54132702671718
378.90624999999966,13.2992434954683,176.86987755175588
378.96728515624966,10.178363230825235,103.59907805861512
379.02832031249966,8.375036542190756,70.14123708303049
379.08935546874966,12.128412530908644,147.0983905199018
379.15039062499966,12.648826093744642,159.99280154979533
379.21142578124966,8.909532371098313,79.37976707164873
379.27246093749966,9.350844018824768,87.43828386439094
379.33349609374966,13.137643328244035,172.597672220155
379.39453124999966,11.337938460572952,128.54884853573935
379.45556640624966,8.260296456466032,68.23249754870528
379.51660156249966,10.912584845011866,119.08450799958264
379.57763671874966,13.220902292285862,174.79225742216957
379.63867187499966,9.85862950188856,97.19257565550747
379.69970703124966,8.508191075547025,72.38931537801804
379.76074218749966,12.403739667204063,153.85275773177156
379.82177734374966,12.392381340459481,153.57111528736834
379.88281249999966,8.697135805669694,75.64017122226184
379.94384765624966,9.656111744707113,93.24049402627064
380.00488281249966,13.228354392574072,174.98935993553374
380.06591796874966,11.001479555902591,121.03255241894267
380.12695312499966,8.226914105951458,67.68211570670307
380.18798828124966,11.259046385572645,126.76612551247645
380.24902343749966,13.098036422551179,171.55855812647727
380.31005859374966,9.555491154826083,91.3074112099595
380.37109374999966,8.685954779925648,75.44581043891321
380.43212890624966,12.64529483875415,159.90348155902237
380.49316406249966,12.10916594508808,146.6318998856809
380.55419921874966,8.518937038032222,72.57228825795721
380.61523437499966,9.982933724073263,99.65896573923926
380.67626953124966,13.271852546075364,176.1420700047671
380.73730468749966,10.663486208740885,113.70993812400705
380.79833984374966,8.239504072486229,67.88942736051715
380.85937499999966,11.59352577605257,134.40983991999533
380.92041015624966,12.933398186699975,167.2727886557342
380.98144531249966,9.27329856998392,85.99406636806582
381.04248046874966,8.90509242712782,79.30067113568923
381.10351562499966,12.848658320806237,165.08802064482336
381.16455078124966,11.804464310971927,139.34537766900993
381.22558593749966,8.378072285954126,70.19209522867258
381.28662109374966,10.324140553430622,106.58787816699075
381.34765624999966,13.267808938210651,176.03475402086244
381.40869140624966,10.329380701185121,106.69610567001563
381.46972656249966,8.29893981418561,68.87240203947509
381.53076171874966,11.909258761064287,141.83044423798646
381.59179687499966,12.730465429265013,162.06475004571163
381.65283203124966,9.016081703282241,81.2897292802608
381.71386718749966,9.16119978982569,83.92758158910225
381.77490234374966,13.010238173833253,169.266297339868
381.83593749999966,11.48378958372393,131.87742320324622
381.89697265624966,8.27741114378706,68.5155352432902
381.95800781249966,10.672324388430651,113.89850785189167
382.01904296874966,13.216799725215834,174.68379497646535
382.08007812499966,10.0043366388961,100.08675158435894
382.14111328124966,8.405095939901184,70.64563775894337
382.20214843749966,12.200014677775423,148.84035813793577
382.26318359374966,12.493347147121328,156.08372293848464
382.32421874999966,8.787572021768211,77.22142203776345
382.38525390624966,9.448852822902113,89.28081966886523
382.44628906249966,13.127327797905258,172.3267351136561
382.50732421874966,11.152771358426238,124.38430897333262
382.56835937499966,8.21946226648834,67.55955995022565
382.62939453124966,11.02004821719775,121.44146270936332
382.69042968749966,13.120271941192406,172.14153581084076
382.75146484374966,9.693222379231347,93.95856009323143
382.81249999999966,8.556699769167272,73.21711093966725
382.87353515624966,12.460202159716314,155.2566378609991
382.93457031249966,12.226681548352058,149.4917416848127
382.99560546874966,8.59123910684309,73.80938939095006
383.05664062499966,9.761804026183578,95.29281784561391
383.11767578124966,13.19812898023168,174.1906085788313
383.17871093749966,10.817037716751194,117.0083049656179
383.23974609374966,8.206230167950796,67.34221356938575
383.30078124999966,11.360033010762237,129.05035000560773
383.36181640624966,12.980505317632504,168.49351830108571
383.42285156249966,9.400575148465196,88.37081312194144
383.48388671874966,8.751258660018133,76.58452813454237
383.54492187499966,12.684956076810243,160.9081106706051
383.60595703124966,11.935534293024363,142.45697885996057
383.66699218749966,8.430313743179934,71.07018980844846
383.72802734374966,10.093207003016502,101.87282760574136
383.78906249999966,13.221761817765502,174.8149855657217
383.85009765624966,10.482107088892922,109.87456902301926
383.91113281249966,8.239038476937568,67.88175502445772
383.97216796874966,11.68531254398813,136.54652925068635
384.03320312499966,12.800540321542059,163.85383252342407
384.09423828124966,9.130593122404017,83.36773076689154
384.15527343749966,8.985082081087628,80.73170000388197
384.21630859374966,12.870206630821025,165.6422187200295
384.27734374999966,11.625277361852445,135.14707373999894
384.33837890624966,8.307771163634651,69.01906170731945
384.39941406249966,10.435844901688819,108.90685881210452
384.46044921874966,13.19826039164659,174.19407736570722
384.52148437499966,10.153297109676993,103.08944219737518
384.58251953124966,8.318326048384103,69.19454824722548
384.64355468749966,11.989375306855427,143.74512024863466
384.70458984374966,12.584100664013432,158.3595895220233
384.76562499999966,8.887154004512485,78.9815062999223
384.82666015624966,9.253377726529138,85.62499934982556
384.88769531249966,13.012734964555065,169.3312712577539
384.94873046874966,11.301469937969715,127.7232227588332
385.00976562499966,8.226283591676994,67.67174173069415
385.07080078124966,10.7823483546666,116.25903604138155
385.13183593749966,13.128551499571696,172.35886447690623
385.19287109374966,9.835652226657515,96.74005472375295
385.25390624999966,8.443488838733348,71.29250376981462
385.31494140624966,12.266280752644631,150.46164350270013
385.37597656249966,12.335505474622362,152.16469531443826
385.43701171874966,8.673846436899277,75.23561201091029
385.49804687499966,9.550425301332387,91.21062343632983
385.55908203124966,13.11020889765733,171.87757734021343
385.62011718749966,10.969740334275615,120.33520300143329
385.68115234374966,8.188105550372441,67.04507250403998
385.74218749999966,11.125390966250068,123.77432415191862
385.80322265624966,13.014414145699902,169.37497555579372
385.86425781249966,9.533895620261982,90.89516569805059
385.92529296874966,8.612752418201946,74.17950421724348
385.98632812499966,12.51075503119325,156.51899145052724
386.04736328124966,12.059559442061637,145.432973936618
386.10839843749966,8.493998562836902,72.14801158547536
386.16943359374966,9.869775786718705,97.41247408009883
386.23046874999966,13.161205304124774,173.21732505732209
386.29150390624966,10.635670886089532,113.11749519721249
386.35253906249966,8.194925314686811,67.15680091329473
386.41357421874966,11.457864379353515,131.2826561356581
386.47460937499966,12.858429215837564,165.33920189870503
386.53564453124966,9.252409891777143,85.60708880545552
386.59667968749966,8.823150296184824,77.84798114906636
386.65771484374966,12.7182770462899,161.75457102618455
386.71874999999966,11.761448424447128,138.33166904092982
386.77978515624966,8.350687242901934,69.7339774287651
386.84082031249966,10.204480794937062,104.13142829423934
386.90185546874966,13.165215825667655,173.3229077364101
386.96289062499966,10.304697027740588,106.1867808335257
387.02392578124966,8.247672639308293,68.02410396519463
387.08496093749966,11.773023574461645,138.60408408482965
387.14599609374966,12.663908922109998,160.3745891874972
387.20703124999966,8.995238037702613,80.91430735493196
387.26806640624966,9.07056232662186,82.27510092113175
387.32910156249966,12.885134474249298,166.02669041948775
387.39013671874966,11.44661961638958,131.02510064231473
387.45117187499966,8.246714347082007,68.00829752236821
387.51220703124966,10.547309964332559,111.24574748370888
387.57324218749966,13.122632867476911,172.2034933745853
387.63427734374966,9.982021750197053,99.64075822140703
387.69531249999966,8.34634388401812,69.66145623028667
387.75634765624966,12.064622748680245,145.55512206797286
387.81738281249966,12.434809668465789,154.62449149097026
387.87841796874966,8.766108350979408,76.84465562111092
387.93945312499966,9.34985252196559,87.41974218250628
388.00048828124966,13.008476837138218,169.22046962236155
388.06152343749966,11.120657801264771,123.66902993283102
388.12255859374966,8.184531572281337,66.98655705767001
388.18359374999966,10.89095802643394,118.61296673354587
388.24462890624966,13.034723599276692,169.90401930954073
388.30566406249966,9.672553466511872,93.55829056253083
388.36669921874966,8.489845835812448,72.07748231586196
388.42773437499966,12.327017358555791,151.95535695813578
388.48876953124966,12.175641281064609,148.24624060516462
388.54980468749966,8.568464643345745,73.41858634426613
388.61083984374966,9.65504122169525,93.2198209926345
388.67187499999966,13.086345669268143,171.25244297557308
388.73291015624966,10.789172474675016,116.40624268828502
388.79394531249966,8.16612023772481,66.6855197369787
388.85498046874966,11.22823050883249,126.07316035947673
388.91601562499966,12.903588235031627,166.5025893392466
388.97705078124966,9.38086564837963,88.00064031294899
389.03808593749966,8.675923592774605,75.27165018766301
389.09912109374966,12.555261058849993,157.63458025587505
389.16015624999966,11.89136274897827,141.40450802778804
389.22119140624966,8.40548844844613,70.65223605696133
389.28222656249966,9.979519811831397,99.59081567473535
389.34326171874966,13.117691400128532,172.07382766900605
389.40429687499966,10.45768688237791,109.36321492985901
389.46533203124966,8.192823234387138,67.12235254991373
389.52636718749966,11.552206540307132,133.4534759499149
389.58740234374966,12.732095855523093,162.10626487422834
389.64843749999966,9.111181248401518,83.01362374122345
389.70947265624966,8.90115602056231,79.23057850239265
389.77050781249966,12.745176375287247,162.43952083718017
389.83154296874966,11.58726032260699,134.26460178386225
389.89257812499966,8.280093339726024,68.55994571457526
389.95361328124966,10.316273299833444,106.42549479685641
390.01464843749966,13.102367937043851,171.67204555767475
390.07568359374966,10.131542588302981,102.64815521859707
390.13671874999966,8.26516093511167,68.31288528329601
390.19775390624966,11.856377275073418,140.57368208887738
390.25878906249966,12.523814213020295,156.84592244224913
390.31982421874966,8.867392862001036,78.63065616906694
390.38085937499966,9.161032282743983,83.92451248547744
390.44189453124966,12.893411645394629,166.24006385759782
390.50292968749966,11.268837244313138,126.98669283881893
390.56396484374966,8.194889738317634,67.15621782318367
390.62499999999966,10.658086493068803,113.59480769373565
390.68603515624966,13.041121518288595,170.0708504547698
390.74707031249966,9.815818352087543,96.35028992117861
390.80810546874966,8.382670929517692,70.26917191258102
390.86914062499966,12.134772322719945,147.25269932425002
390.93017578124966,12.282919865184986,150.87012041455597
390.99121093749966,8.653075575751771,74.87571691967185
391.05224609374966,9.450109360335324,89.3045669222973
391.11328124999966,12.997486008427245,168.934642539262
391.17431640624966,10.941686859268483,119.7205113262886
391.23535156249966,8.152091909704094,66.45660250426295
391.29638671874966,10.997744284056894,120.95037933750609
391.35742187499966,12.935549846172298,167.32844982280818
391.41845703124966,9.515276377826806,90.54048454642883
391.47949218749966,8.543783604151798,72.99623827457309
391.54052734374966,12.382052154491271,153.31521555654194
391.60156249999966,12.014098853088253,144.33857125177647
391.66259765624966,8.471526335771271,71.76675845766621
391.72363281249966,9.76218940828987,95.30034204332694
391.78466796874966,13.05581260142471,170.45424268352028
391.84570312499966,10.611388083822916,112.60155706549898
391.90673828124966,8.153378393616265,66.47757922948854
391.96777343749966,11.32820247732345,128.32817136723713
392.02880859374966,12.7880597855719,163.53447307936122
392.08984374999966,9.234338921912771,85.27301532475312
392.15087890624966,8.745774379033467,76.48856948895822
392.21191406249966,12.593599764399956,158.59875502589463
392.27294921874966,11.722439877806476,137.4155966887875
392.33398437499966,8.325771428722025,69.31846988332398
392.39501953124966,10.090542603023948,101.81905002344132
392.45605468749966,13.067707910649371,170.76499003804815
392.51708984374966,10.283388559106514,105.74808025756275
392.57812499999966,8.199725109309481,67.23549186824039
392.63916015624966,11.642745483822209,135.55352240106242
392.70019531249966,12.601799041434429,158.8053390806977
392.76123046874966,8.9770705258534,80.58779522614583
392.82226562499966,8.984798761442615,80.72660878362075
392.88330078124966,12.765588490176748,162.96024950053308
392.94433593749966,11.4133182285679,130.2638329865603
393.00537109374966,8.218552336477616,67.54460250742169
393.06640624999966,10.42811802412383,108.74564552505629
393.12744140624966,13.033386257375462,169.86915733394355
393.18847656249966,9.96292316910004,99.2598380733904
393.24951171874966,8.29122946029128,68.74448596320204
393.31054687499966,11.935113070242307,142.44692399946877
393.37158203124966,12.380574375940602,153.27862187819704
393.43261718749966,8.74720642694301,76.51362027555308
393.49365234374966,9.2559923771358,85.67339488559605
393.55468749999966,12.895027706950081,166.28173956301026
393.61572265624966,11.092270776051816,123.03847096925315
393.67675781249966,8.152269893647581,66.45950441887274
393.73779296874966,10.767744364741516,115.94431870442267
393.79882812499966,12.953934046161933,167.80440727231328
393.85986328124966,9.65493777707811,93.21782347925001
393.92089843749966,8.426968144819167,71.013792113797
393.98193359374966,12.199615309237668,148.83061369338608
394.04296874999966,12.128766161628242,147.10696860345828
394.10400390624966,8.548174033118038,73.07127930047349
394.16503906249966,9.55364093934868,91.27205519799914
394.22607421874966,12.979804153095728,168.4753158527211
394.28710937499966,10.764891240594759,115.88288342183377
394.34814453124966,8.128875007419424,66.07860888624815
394.40917968749966,11.10231814189557,123.2614681238635
394.47021484374966,12.831274644433956,164.64160900089374
394.53124999999966,9.364048473832996,87.68540382029407
394.59228515624966,8.604899290923843,74.04429180694166
394.65332031249966,12.431229352123397,154.5354632050943
394.71435546874966,11.851220870076267,140.45143611133128
394.77539062499966,8.383114757043302,70.27661302975717
394.83642578124966,9.87137097116153,97.44396485029054
394.89746093749966,13.018698704027095,169.48651594623675
394.95849609374966,10.436702396298088,108.92475690889425
395.01953124999966,8.149723228964815,66.41798870872869
395.08056640624966,11.424966359847978,130.52985632365798
395.14160156249966,12.66810571020955,160.4809022850438
395.20263671874966,9.094513927068714,82.7101835696468
395.26367187499966,8.821854530167743,77.82511735144112
395.32470703124966,12.625673705999136,159.40763653035793
395.38574218749966,11.553140387463577,133.47505281244204
395.44677734374966,8.254893704992185,68.1432700807196
395.50781249999966,10.20236439227256,104.08823919271106
395.56884765624966,13.011393145523225,169.29635158736878
395.62988281249966,10.113069910144315,102.27418300746635
395.69091796874966,8.215404848864145,67.4928768307405
395.75195312499966,11.729189882841156,137.57389530774336
395.81298828124966,12.467840023612865,155.44703485440286
395.87402343749966,8.850245138587773,78.32683901309652
395.93505859374966,9.073596260807701,82.33014910414349
395.99609374999966,12.779469365777288,163.31483727084017
396.05712890624966,11.239966384146275,126.33684431673828
396.11816406249966,8.166065702000099,66.68462904938237
396.17919921874966,10.539565768413388,111.08244658671128
396.24023437499966,12.958450294819341,167.92143404330346
396.30126953124966,9.79910806028831,96.02251877720732
396.36230468749966,8.325583107827761,69.31533408534696
396.42333984374966,12.00898883153654,144.21581275596935
396.48437499999966,12.23451145011435,149.68327042297915
396.54541015624966,8.634818813992204,74.56009595047374
396.60644531249966,9.354942644170887,87.51495187572698
396.66748046874966,12.889990045294391,166.1518433677885
396.72851562499966,10.9172619602129,119.1866087079116
396.78955078124966,8.118801661177327,65.91494041353573
396.85058593749966,10.875871556720316,118.284582118278
396.91162109374966,12.861291780182999,165.41282625500276
396.97265624999966,9.499626212898423,90.24289818478684
397.03369140624966,8.478872213802278,71.89127401798834
397.09472656249966,12.25896694153301,150.28227047359923
397.15576171874966,11.972685883014767,143.3452072533411
397.21679687499966,8.451509325147102,71.42800987304842
397.27783203124966,9.659947773433169,93.31459098545643
397.33886718749966,12.955489764914875,167.84471504881407
397.39990234374966,10.590593184891029,112.1606640078603
397.46093749999966,8.11476856769604,65.84946890726764
397.52197265624966,11.204311769031152,125.53660221764999
397.58300781249966,12.722150650814056,161.8531171820085
397.64404296874966,9.219082109319123,84.99147493836793
397.70507812499966,8.672777620618385,75.21707165669909
397.76611328124966,12.47441789286277,155.6111017657748
397.82714843749966,11.687350795607774,136.59416861959366
397.88818359374966,8.303301705753706,68.9448192167724
397.94921874999966,9.982099529126817,99.64231100939382
398.01025390624966,12.975112675779531,168.35354894917467
398.07128906249966,10.265422021105488,105.37888927139748
398.13232421874966,8.154977478448354,66.50365767399987
398.19335937499966,11.518198632381177,132.6688997349876
398.25439453124966,12.54400963861545,157.3521778136773
398.31542968749966,8.96157806889975,80.30988148498496
398.37646484374966,8.903707854985084,79.2760135669231
398.43749999999966,12.651399792509874,160.05791670991889
398.49853515624966,11.383808141200014,129.5910877956517
398.55957031249966,8.192887109616763,67.12339919092452
398.62060546874966,10.31452249032368,106.38937420339302
398.68164062499966,12.948897443147393,167.6739449931491
398.74267578124966,9.947015003975483,98.94310748931339
398.80371093749966,8.239615658212193,67.89126619505555
398.86474609374966,11.811266408358778,139.50601416922447
398.92578124999966,12.33052822314707,152.04192626182643
398.98681640624966,8.730862698506668,76.22796346017513
399.04785156249966,9.167065179145693,84.03508399870546
399.10888671874966,12.786789917262633,163.50199638820934
399.16992187499966,11.067551150676982,122.49068847285139
399.23095703124966,8.122615993045159,65.97689057047299
399.29199218749966,10.650184276035265,113.4264251135088
399.35302734374966,12.877752748311604,165.83651584664707
399.41406249999966,9.640360331691081,92.93654732484298
399.47509765624966,8.367904998178396,70.02183405853899
399.53613281249966,12.077785634066464,145.87290582246226
399.59716796874966,12.08595229323395,146.07024283432696
399.65820312499966,8.530357120763858,72.76699260776665
399.71923828124966,9.457390112869843,89.44222774700827
399.78027343749966,12.87832219175248,165.8511824745844
399.84130859374966,10.744142640123524,115.4366010713205
399.90234374999966,8.09441287906876,65.5195198568342
399.96337890624966,10.982074735745089,120.60596550149056
400.02441406249966,12.763423831966008,162.90498791439788
400.08544921874966,9.35011727087188,87.42469297905662
400.14648437499966,8.538007952191276,72.89757979168145
400.20751953124966,12.312656538310566,151.60151103040195
400.26855468749966,11.815016122177822,139.59460596732185
400.32958984374966,8.36317736401825,69.94273562202726
400.39062499999966,9.768541275217807,95.42439864563393
400.45166015624966,12.92461570344397,167.0456910817105
400.51269531249966,10.419113930856893,108.55793510417618
400.57373046874966,8.10963765700603,65.76622292793024
400.63476562499966,11.303373440335527,127.76625113168261
400.69580078124966,12.608442903876933,158.97283246032458
400.75683593749966,9.080587687254997,82.45707274592706
400.81787109374966,8.746990021555238,76.5098344371869
400.87890624999966,12.511500431367047,156.5376430440978
400.93994140624966,11.52283710750968,132.77577500620205
401.00097656249966,8.23214404711931,67.76819561252188
401.06201171874966,10.093899407770346,101.88680525418654
401.12304687499966,12.925173672448363,167.0601144629523
401.18408203124966,10.097850145799907,101.9665775670312
401.24511718749966,8.168935306205498,66.7315040369707
401.30615234374966,11.607598107542593,134.73633382622637
401.36718749999966,12.416062978612208,154.15861988886465
401.42822265624966,8.835710211822768,78.06977494730914
401.48925781249966,8.990869449813474,80.83573346358924
401.55029296874966,12.670718384641507,160.5471043828923
401.61132812499966,11.214792823782865,125.77157808037165
401.67236328124966,8.139764681132425,66.25576906421084
401.73339843749966,10.426566767406904,108.71329455519405
401.79443359374966,12.88038614340695,165.90434720326977
401.85546874999966,9.785505340295769,95.75611476495702
401.91650390624966,8.272082394043004,68.42734713383624
401.97753906249966,11.888722478350862,141.34172216724508
402.03857421874966,12.190175569053073,148.6003804043384
402.09960937499966,8.619073347301729,74.28842536616703
402.16064453124966,9.26472186948269,85.83507131887083
402.22167968749966,12.787541639509366,163.52122118218588
402.28271484374966,10.896409477879526,118.73173950962277
402.34374999999966,8.088168819888809,65.41847485902153
402.40478515624966,10.759557942199985,115.76808711155877
402.46582031249966,12.791500104127142,163.62247491388467
402.52685546874966,9.486931543116778,90.0018701037841
402.58789062499966,8.417859114819812,70.860352076955
402.64892578124966,12.141298684678494,147.41113375057574
402.70996093749966,11.935225693420914,142.44961235289475
402.77099609374966,8.433936922886048,71.13129201922058
402.83203124999966,9.56284528252453,91.44800989750165
402.89306640624966,12.860065526892202,165.38128535596118
402.95410156249966,10.573242831333044,111.7934639703356
403.01513671874966,8.079009411891976,65.27039307743912
403.07617187499966,11.085978025850194,122.89890878963337
403.13720703124966,12.660572398941904,160.29009346884956
403.19824218749966,9.206637714625039,84.76217800835616
403.25927734374966,8.603981735233955,74.02850170023949
403.32031249999966,12.360535937262068,152.78284865634706
403.38134765624966,11.656101106160355,135.86469299703265
403.44238281249966,8.283258543957896,68.61237210605148
403.50341796874966,9.878939512281665,97.5934458873199
403.56445312499966,12.887269922890576,166.08172606544008
403.62548828124966,10.250767644017529,105.07823729163668
403.68652343749966,8.11332167295481,65.82598856883823
403.74755859374966,11.399174188044702,129.9411721693846
403.80859374999966,12.490423817287077,156.0106871354523
403.86962890624966,8.948761863336749,80.08033888671021
403.93066406249966,8.827101329281904,77.91771787741035
403.99169921874966,12.542381972408693,157.31134554180258
404.05273437499966,11.358023773722914,129.0047040444549
404.11376953124966,8.16968453649926,66.74374542591512
404.17480468749966,10.206310502717702,104.16877407788567
404.23583984374966,12.869016828942689,165.61159414361015
404.29687499999966,9.934278722598266,98.68989373826865
404.35791015624966,8.19137107606285,67.09856010575906
404.41894531249966,11.692878951304964,136.72341816987068
404.47998046874966,12.2845635189653,150.9105008514931
404.54101562499966,8.717077801364953,75.98744539504963
404.60205078124966,9.082873887911525,82.49859806370502
404.66308593749966,12.683585006330356,160.87332861280822
404.72412109374966,11.046437605438282,122.02378377084104
404.78515624999966,8.095521798956455,65.53747319737914
404.84619140624966,10.538064917688684,111.05081220942103
404.90722656249966,12.806039391399041,163.99464489406392
404.96826171874966,9.62880949560442,92.71397230264185
405.02929687499966,8.312512197818934,69.09785903888857
405.09033203124966,11.961325035287276,143.07329659979015
405.15136718749966,12.047104022977486,145.1327153404403
405.21240234374966,8.515011293592902,72.50541733001467
405.27343749999966,9.36608681819247,87.72358228591874
405.33447265624966,12.781730873763529,163.37264412931978
405.39550781249966,10.726882587808367,115.06601005262632
405.45654296874966,8.062663488547233,65.00654252955265
405.51757812499966,10.86729073894461,118.09800800475126
405.57861328124966,12.699908601747866,161.28767849274945
405.63964843749966,9.339069270494917,87.21821483910247
405.70068359374966,8.475087770191154,71.82711271244366
405.76171874999966,12.199348791889872,148.82411094618487
405.82275390624966,11.782668606166784,138.8312794827483
405.88378906249966,8.345663892894894,69.65010581316956
405.94482421874966,9.670826952524205,93.52489394566861
406.00585937499966,12.835277434569349,164.74434682236512
406.06689453124966,10.404888366508628,108.26170191950658
406.12792968749966,8.072471501312808,65.16479613950746
406.18896484374966,11.187224366881845,125.15398903495489
406.24999999999966,12.552988504299162,157.5775203890669
406.3110351562496,9.069404476365067,82.25409755591072
406.3720703124996,8.676385397050652,75.2796635581538
406.4331054687496,12.40247381916535,153.82135683508193
406.4941406249996,11.496280936617461,132.16447537363405
406.5551757812496,8.211820526601423,67.43399636111248
406.6162109374996,9.990672295693475,99.81353291993713
406.6772460937496,12.84355973111381,164.95702656668826
406.7382812499996,10.085862044632933,101.7246131833672
406.7993164062496,8.125637283124764,66.02598125690719
406.8603515624996,11.491400273700517,132.05228025040432
406.9213867187496,12.36837457723259,152.97668968273345
406.9824218749996,8.823791677708561,77.85929957159887
407.0434570312496,8.912665845071935,79.43561246591183
407.1044921874996,12.566983999884496,157.9290868533529
407.1655273437496,11.193256884454186,125.28899968138103
407.2265624999996,8.115946702305692,65.86859087466664
407.2875976562496,10.318885252127204,106.47939284656832
407.3486328124996,12.806792585974534,164.0139363401723
407.4096679687496,9.774995083228236,95.55052887713617
407.4707031249996,8.222034033266931,67.60184364419968
407.5317382812496,11.773779548337469,138.62188485284966
407.5927734374996,12.149816981531295,147.6180526847062
407.6538085937496,8.605838446512507,74.0604553674728
407.7148437499996,9.17925435093857,84.25871043922466
407.7758789062496,12.68997310125813,161.03541731065485
407.8369140624996,10.879082174573409,118.35442896112089
407.8979492187496,8.060136019886382,64.96579265906989
407.9589843749996,10.64860003633623,113.39268273385996
408.0200195312496,12.726045884800644,161.9522438620514
408.0810546874996,9.477189789697938,89.81712630995484
408.1420898437496,8.360592185853625,69.89950169815668
408.2031249999996,12.028858640969096,144.6934402044169
408.2641601562496,11.901636509874713,141.64895161318273
408.3251953124996,8.418805098181323,70.87627928116385
408.3862304687496,9.470683196017069,89.69384019932008
408.4472656249996,12.769383389712957,163.05715215347715
408.5083007812496,10.559301888463294,111.49885637170448
408.5693359374996,8.046021833318067,64.73846734223102
408.6303710937496,10.973000968724644,120.40675025963198
408.6914062499996,12.603206927079352,158.84082484678098
408.7524414062496,9.197004733727905,84.5848960722135
408.8134765624996,8.53922233658744,72.91831811367385
408.8745117187496,12.251770465270365,150.1058795336712
408.9355468749996,11.628616178668354,135.22471423078738
408.9965820312496,8.265626519496406,68.32058175980227
409.0576171874996,9.780863749968576,95.66529569544936
409.1186523437496,12.804029532526412,163.94317226980854
409.1796874999996,10.239398627951,104.8452842620848
409.2407226562496,8.074659223698742,65.20012157886316
409.3017578124996,11.285475525102301,127.36195782768306
409.3627929687496,12.440932623026693,154.77680453068984
409.4238281249996,8.938624792689287,79.89901318447961
409.4848632812496,8.75480421469412,76.64659683762594
409.5458984374996,12.438359798795842,154.71279448430053
409.6069335937496,11.335900518057427,128.50264055529465
409.6679687499996,8.148915594029448,66.40482535861632
409.7290039062496,10.103284279559814,102.07635323360047
409.7900390624996,12.793603949771038,163.6763020235971
409.8510742187496,9.924697891460678,98.49962823676402
409.9121093749996,8.146378640653788,66.36348495690027
409.9731445312496,11.5797592384399,134.0908240202342
410.0341796874996,12.242583266355773,149.8808450336544
410.0952148437496,8.705855446425264,75.79191905405244
410.1562499999996,9.003236011538014,81.05825867945494
410.2172851562496,12.58524649024404,158.38842922019995
410.2783203124996,11.028880767520096,121.63621098417467
410.3393554687496,8.070939246002112,65.14006031265714
410.4003906249996,10.431190467596364,108.80973457127325
410.4614257812496,12.738664345296064,162.27356930211718
410.5224609374996,9.620278566006718,92.54975968756827
410.5834960937496,8.260651062154873,68.23835597068043
410.6445312499996,11.850051843001504,140.42372868182335
410.7055664062496,12.012136715665648,144.29142847584268
410.7666015624996,8.502138028405945,72.28635105406653
410.8276367187496,9.2795427089873,86.10991288791936
410.8886718749996,12.689872214316148,161.03285681567303
410.9497070312496,10.71307056898822,114.76988101612159
411.0107421874996,8.033562074860143,64.5381196106312
411.0717773437496,10.75777129412305,115.7296432166579
411.1328124999996,12.640607890758236,159.7849678478994
411.1938476562496,9.330901690725547,87.06572636198487
411.2548828124996,8.415986617894937,70.82883075258667
411.3159179687496,12.09112763350055,146.1953674496006
411.3769531249996,11.754099520325175,138.1588555337085
411.4379882812496,8.330566930764093,69.39834538794027
411.4990234374996,9.578037121245625,91.73879509595919
411.5600585937496,12.750538402967946,162.57622956556037
411.6210937499996,10.393996057815125,108.03515404987635
411.6821289062496,8.03814162986931,64.61172086183805
411.7431640624996,11.076325754702724,122.68499222429087
411.8041992187496,12.501633367930783,156.29083686616036
411.8652343749996,9.060967572935512,82.10113335778887
411.9262695312496,8.609876446076342,74.12997241670018
411.9873046874996,12.298421124410634,151.25116215334972
412.0483398437496,11.473406966732588,131.6390674242679
412.1093749999996,8.19390403770015,67.14006337903882
412.1704101562496,9.89249230689856,97.86140404204721
412.2314453124996,12.766412928301985,162.98129905591608
412.2924804687496,10.077085242455654,101.54764698371753
412.3535156249996,8.085407256133541,65.37381049753692
412.4145507812496,11.380411625355807,129.5137687625336
412.4755859374996,12.324676320696168,151.89764640992885
412.5366210937496,8.814493883727973,77.69530242627785
412.5976562499996,8.838812917349843,78.12461378791045
412.6586914062496,12.468100370245754,155.4535268425223
412.7197265624996,11.17530412125067,124.88742220244222
412.7807617187496,8.09457856332604,65.52220211785746
412.8417968749996,10.216329342228565,104.37338522888035
412.9028320312496,12.737537399263456,162.24485899763525
412.9638671874996,9.767568786214737,95.40539999343642
413.0249023437496,8.175314540141379,66.83576783024705
413.0859374999996,11.663975502369123,136.04832451986704
413.1469726562496,12.11334709751306,146.73317790482807
413.2080078124996,8.595119118655067,73.87607266386985
413.2690429687496,9.098358633944663,82.7801298318754
413.3300781249996,12.597127059244333,158.68761014674575
413.3911132812496,10.865238241962482,118.05340205460396
413.4521484374996,8.034650718553811,64.55561216915727
413.5131835937496,10.542808287079348,111.15080657810897
413.5742187499996,12.66480784838384,160.3973578364849
413.6352539062496,9.470398452544048,89.68844684994869
413.6962890624996,8.30693077961156,69.00509897725793
413.7573242187496,11.921470834023458,142.12146684647195
413.8183593749996,11.87183647378725,140.9405012603453
413.8793945312496,8.406111760868107,70.6627149362051
413.9404296874996,9.38327608215026,88.04587003385313
414.0014648437496,12.683293795010549,160.8659414905531
414.0624999999996,10.54873517446544,111.27581378100442
414.1235351562496,8.015735687458262,64.25201861119199
414.1845703124996,10.8651942663366,118.05244644523373
414.2456054687496,12.5499432853019,157.50107646429424
414.3066406249996,9.190186970281715,84.45953654873581
414.3676757812496,8.47834678191499,71.88236415440826
414.4287109374996,12.14795508390104,147.57281272047715
414.4897460937496,11.604827852377271,134.67202948331126
414.5507812499996,8.250395769217915,68.06903034872887
414.6118164062496,9.687687791923855,93.8512947537905
414.6728515624996,12.72525433338164,161.9320978492482
414.7338867187496,10.231290886603123,104.67931320628811
414.7949218749996,8.03890021998475,64.62391674687086
414.8559570312496,11.176920902508197,124.92356086092465
414.9169921874996,12.39543753238046,153.6468716191462
414.9780273437496,8.93117258940968,79.76584382182281
415.0390624999996,8.686653936863774,75.4579566188309
415.1000976562496,12.339172349245015,152.25517426437273
415.1611328124996,11.317383209699535,128.08316271518896
415.2221679687496,8.130556686661471,66.10595203501556
415.2832031249996,10.005257788809375,100.10518342053068
415.3442382812496,12.722530561393079,161.86278388558088
415.4052734374996,9.918258682990666,98.37185530271975
415.4663085937496,8.104527474909874,65.68336559156901
415.5273437499996,11.471728874177382,131.60056336263506
415.5883789062496,12.20449773311507,148.9497649176109
415.6494140624996,8.697201603866485,75.64131573829776
415.7104492187496,8.927979135394587,79.70881144204107
415.7714843749996,12.491619202313649,156.04055029561107
415.8325195312496,11.014834989072638,121.32658983649881
415.8935546874996,8.048829687533344,64.7836593389181
415.9545898437496,10.329375509543768,106.69599841716257
416.0156249999996,12.675507405147412,160.66848797794688
416.0766601562496,9.614762167451532,92.44365153665728
416.1376953124996,8.212194325539839,67.44013564042874
416.1987304687496,11.743793144981709,137.91667743211937
416.2597656249996,11.98096909619523,143.54362048398514
416.3208007812496,8.491738574052725,72.10962401005501
416.3818359374996,9.197582174944833,84.59551786486291
416.4428710937496,12.602602273836565,158.82558407251057
416.5039062499996,10.702670683229545,114.54715975366118
416.5649414062496,8.007050040253288,64.11285034712019
416.6259765624996,10.653335401310722,113.49355517282028
416.6870117187496,12.585412840832664,158.3926163741957
416.7480468749996,9.32561750766403,86.96714189924987
416.8090820312496,8.360560485155373,69.89897162594146
416.8701171874996,11.987827238358323,143.70800189672573
416.9311523437496,11.729241197777295,137.57509907563616
416.9921874999996,8.317882078965008,69.18716227956725
417.0532226562496,9.489992170921429,90.05995140415001
417.1142578124996,12.670260974241366,160.53551315538377
417.1752929687496,10.386411920617908,107.87755258475379
417.2363281249996,8.00657065407687,64.10517363872493
417.2973632812496,10.970500953126857,120.35189116255728
417.3583984374996,12.454276576015005,155.10900503187602
417.4194335937496,9.055282849623028,81.99814748667694
417.4804687499996,8.547307966310942,73.0564734709625
417.5415039062496,12.199182643960443,148.8200571807057
417.6025390624996,11.454154993651725,131.19766661859674
417.6635742187496,8.178379599485856,66.88589287328644
417.7246093749996,9.799176711755216,96.02386422820577
417.7856445312496,12.693604695165668,161.1276001571319
417.8466796874996,10.071504798961444,101.4352089155034
417.9077148437496,8.048147890230176,64.77268446301643
417.9687499999996,11.274457266357722,127.11338665092643
418.0297851562496,12.284879098743,150.91825447073262
418.0908203124996,8.80782611319333,77.57780084025033
418.1518554687496,8.769147117401516,76.89794116663133
418.2128906249996,12.37391699884606,153.11382189433147
418.2739257812496,11.160885923667198,124.56537460111261
418.3349609374996,8.075632087996713,65.21583362068215
418.3959960937496,10.118719938354758,102.38849319085811
418.4570312499996,12.672502024220071,160.5923075538618
418.5180664062496,9.763218717604326,95.32043972777947
418.5791015624996,8.13181099917559,66.12635012631311
418.6401367187496,11.55914300342456,133.61378697361897
418.7011718749996,12.080683925949351,145.94292411869102
418.7622070312496,8.586922024908665,73.73522986186153
418.8232421874996,9.02186702708908,81.39408465447715
418.8842773437496,12.508860549409915,156.47159224458372
418.9453124999996,10.854836716269332,117.82748013686879
419.0063476562496,8.011668414634327,64.18683078604931
419.0673828124996,10.44200556114246,109.03548013893007
419.1284179687496,12.607677760426498,158.9535385107529
419.1894531249996,9.466555211006215,89.61566756302892
419.2504882812496,8.256746425351336,68.17386153255207
419.3115234374996,11.818973537156301,139.68813547200094
419.3725585937496,11.845758942704352,140.32200492866014
419.4335937499996,8.39585797596353,70.49043115255041
419.4946289062496,9.300453718726054,86.49843937416529
419.5556640624996,12.60166197587935,158.80188455432346
419.6166992187496,10.541517386938489,111.12358881912647
419.6777343749996,7.988087059272746,63.80953486652071
419.7387695312496,10.7623838228701,115.82890555077604
419.7998046874996,12.500681113410526,156.2670282991786
419.8608398437496,9.186190658387206,84.38609881224036
419.9218749999996,8.42121130441331,70.91679983357852
419.9829101562496,12.048930578091902,145.17672807567806
420.0439453124996,11.5846760622711,134.20471946775706
420.1049804687496,8.23755946294496,67.85738590555405
420.1660156249996,9.59923611273014,92.14533394794243
420.2270507812496,12.650815713805413,160.04313822466597
420.2880859374996,10.226427630856675,104.57982208914886
420.3491210937496,8.005959627555798,64.09538955805337
420.4101562499996,11.073338946439812,122.61883542274076
420.4711914062496,12.353845000201394,152.617486289001
420.5322265624996,8.926414444498183,79.68087483494581
420.5932617187496,8.622493868678673,74.3474005154013
420.6542968749996,12.244669706000456,149.9319362090453
420.7153320312496,11.302418612175954,127.74466648486141
420.7763671874996,8.114589789878412,65.84656745799897
420.8374023437496,9.912056405146384,98.24886217880345
420.8984374999996,12.655677477981707,160.1661724266934
420.9594726562496,9.914951741664874,98.30626803954331
421.0205078124996,8.065716851471985,65.05578832811915
421.0815429687496,11.36862275328697,129.24558330655424
421.1425781249996,12.170225736318743,148.1143944729551
421.2036132812496,8.691125262728793,75.53565833244264
421.2646484374996,8.856941530358823,78.44541327219488
421.3256835937496,12.4025630679392,153.82357065420942
421.3867187499996,11.004259122433588,121.09371883366283
421.4477539062496,8.02915900356107,64.46739430446578
421.5087890624996,10.232447521455686,104.70298227934461
421.5698242187496,12.616460009977002,159.1750631833489
421.6308593749996,9.612258641720782,92.39551619533586
421.6918945312496,8.167024983815109,66.70029708626018
421.7529296874996,11.642386482833567,135.54516301566576
421.8139648437496,11.953529193870052,142.88686018870362
421.8749999999996,8.483820459415885,71.97520958760354
421.9360351562496,9.120038039693615,83.17509384545855
421.9970703124996,12.519781635915004,156.7449322109946
422.0581054687496,10.695651935870048,114.3969703332807
422.1191406249996,7.983077970944222,63.72953389017491
422.1801757812496,10.553811874837395,111.38294508945881
422.2412109374996,12.534221143897346,157.1066996841233
422.3022460937496,9.323221604667864,86.92246108974562
422.3632812499996,8.30867894413643,69.03414579673606
422.4243164062496,11.88929381877451,141.35530750914978
422.4853515624996,11.708030252281947,137.07797238834928
422.5463867187496,8.307610543290986,69.01639293899954
422.6074218749996,9.406524096378762,88.48269557575428
422.6684570312496,12.594318122256194,158.6168489645908
422.7294921874996,10.382114073991241,107.78829264536701
422.7905273437496,7.977690330813072,63.64354301434838
422.8515624999996,10.869581285247246,118.14779731659718
422.9125976562496,12.410826123110102,154.02860505807212
422.9736328124996,9.052360272015951,81.9452264943727
423.0346679687496,8.488537529628113,72.05526939190494
423.0957031249996,12.104609926421679,146.52158147082625
423.1567382812496,11.438471861920354,130.8386385359437
423.2177734374996,8.165237351594227,66.67110100786951
423.2788085937496,9.710558209740213,94.29494074475306
423.3398437499996,12.625014996932489,159.39100367277024
423.4008789062496,10.069106818210269,101.38691211652852
423.4619140624996,8.013772008251694,64.2205418002384
423.5229492187496,11.17337385979135,124.84428341066867
423.5839843749996,12.248897266586987,150.03548424740217
423.6450195312496,8.803798205820724,77.5068628488122
423.7060546874996,8.703515404807435,75.75118040172033
423.7670898437496,12.284290663221643,150.90379709851445
423.8281249999996,11.14995854118696,124.32157547018804
423.8891601562496,8.059083505860482,64.94882695443248
423.9501953124996,10.025887684184788,100.51842385588822
424.0112304687496,12.611575857910307,159.05184561982608
424.0722656249996,9.761939680371166,95.29546632320509
424.1333007812496,8.091416479565625,65.47102064578617
424.1943359374996,11.459124303596981,131.311529805287
424.2553710937496,12.0517556267674,145.2448136873197
424.3164062499996,8.58125611424225,73.63795649821999
424.3774414062496,8.949619839077323,80.09569526400641
424.4384765624996,12.42503935565834,154.38160298965863
424.4995117187496,10.847846348482008,117.67577040027444
424.5605468749996,7.9911504916654925,63.858486180445645
424.6215820312496,10.346023322881376,107.04019859760538
424.6826171874996,12.55455211372698,157.6167787762866
424.7436523437496,9.465666940919249,89.59885063641157
424.8046874999996,8.20991690897359,67.40273565225046
424.8657226562496,11.72121050614634,137.38677572939534
424.9267578124996,11.82333604065243,139.79127513019068
424.9877929687496,8.388051020193977,70.35939991737722
425.0488281249996,9.222052420714732,85.04625085041044
425.1098632812496,12.524361995251962,156.8596433881117
425.1708984374996,10.537622821199127,111.04149472185665
425.2319335937496,7.963019339034732,63.40967699384114
425.2929687499996,10.664405994748464,113.72955522082697
425.3540039062496,12.45532870798349,155.13521322391767
425.4150390624996,9.185022052933906,84.36463011288218
425.4760742187496,8.367680827551172,70.01808243176747
425.5371093749996,11.954552923864798,142.91133560948438
425.5981445312496,11.568106552248219,133.82108920416817
425.6591796874996,8.22711246439309,67.68537950177213
425.7202148437496,9.515345620634253,90.54180228012346
425.7812499999996,12.5805955968444,158.27138557134072
425.8422851562496,10.224793942023613,104.54641115684278
425.9033203124996,7.975764594870053,63.612820872782656
425.9643554687496,10.974571027181328,120.44120923064784
426.0253906249996,12.316073544204633,151.68566754625726
426.0864257812496,8.924363486982047,79.64426364777836
426.1474609374996,8.562181551352886,73.31095291832771
426.2084960937496,12.154709738584103,147.73696882923122
426.2695312499996,11.290962801655684,127.48584098837239
426.3305664062496,8.10100038835277,65.62620729209172
426.3916015624996,9.823516182211632,96.5014701821738
426.4526367187496,12.592933410922376,158.58197189192506
426.5136718749996,9.914771060270981,98.30268517758695
426.5747070312496,8.02985457764513,64.47856453812845
426.6357421874996,11.270286034090422,127.0193472902136
426.6967773437496,12.139691555101209,147.3721110529956
426.7578124999996,8.687640132960587,75.47509107982744
426.8188476562496,8.789974489764104,77.26365153070371
426.8798828124996,12.317943989755877,151.73174413476292
426.9409179687496,10.997117326827023,120.93658949999914
427.0019531249996,8.011900344674045,64.19054713298807
427.0629882812496,10.140244042321166,102.8245492378299
427.1240234374996,12.561419075463,157.78924918940572
427.1850585937496,9.612770067680769,92.40534837409933
427.2460937499996,8.125032166111971,66.0161477003542
427.3071289062496,11.545684745951464,133.30283625289633
427.3681640624996,11.929752923573332,142.31900481750645
427.4291992187496,8.478392478507896,71.88313901961926
427.4902343749996,9.046753946624545,81.84375697076678
427.5512695312496,12.44129061818543,154.78571224614882
427.6123046874996,10.691989335740516,114.31863595558892
427.6733398437496,7.961599926782983,63.3870733941508
427.7343749999996,10.459040747613768,109.39153336024516
427.7954101562496,12.486941913264786,155.92371834524883
427.8564453124996,9.323722410472733,86.93179958755148
427.9174804687496,8.260216658268295,68.23117924153304
427.9785156249996,11.795380841719721,139.13100920120863
428.0395507812496,11.690411791416869,136.66572785289856
428.1005859374996,8.29975516830713,68.8859358538409
428.1616210937496,9.327472449102467,87.00174228876558
428.2226562499996,12.5225921734711,156.81531474307965
428.2836914062496,10.381085954500152,107.76694559472034
428.3447265624996,7.951435401896289,63.2253249505296
428.4057617187496,10.773410935741513,116.06638319035483
428.4667968749996,12.37119947672292,153.04657649286943
428.5278320312496,9.052210935817513,81.94252282653417
428.5888671874996,8.433428983128733,71.12272441347574
428.6499023437496,12.014566076937424,144.3497980170955
428.7109374999996,11.426313244078992,130.56063435181497
428.7719726562496,8.15447232416764,66.495418885616
428.8330078124996,9.62647706908105,92.66906076154328
428.8940429687496,12.560535972284356,157.76706391104932
428.9550781249996,10.069886645137284,101.40261704591423
429.0161132812496,7.982198849975926,63.715498480557
429.0771484374996,11.077009008504977,122.70012857450041
429.1381835937496,12.216658134310451,149.2467359706137
429.1992187499996,8.802425296519274,77.48269110080244
429.2602539062496,8.641773679051967,74.68025231995537
429.3212890624996,12.199091815732883,148.817841128681
429.3823242187496,11.142485193933277,124.1549762970223
429.4433593749996,8.044914277579942,64.72064573360959
429.5043945312496,9.937676338924993,98.75741101722964
429.5654296874996,12.554657194371929,157.61941726819484
429.6264648437496,9.763733036630851,95.3304828105967
429.6874999999996,8.054034366010354,64.8674695688758
429.7485351562496,11.363771632728875,129.13530572081348
429.8095703124996,12.026493230098513,144.63653941360536
429.8706054687496,8.578135370909074,73.58440644164135
429.9316406249996,8.881467289685599,78.88046121775525
429.9926757812496,12.345539691742093,152.41235028037946
430.0537109374996,10.844236945616679,117.59747493267776
430.1147460937496,7.9730628966230475,63.5697319535071
430.1757812499996,10.254707453189665,105.15902495050366
430.2368164062496,12.505340282303324,156.38353557619817
430.2978515624996,9.467737346757605,89.63805046718875
430.3588867187496,8.16633131506857,66.68896714746955
430.4199218749996,11.62804287944396,135.21138120618738
430.4809570312496,11.80451183788869,139.34649973085422
430.5419921874996,8.382697987123196,70.26962554331928
430.6030273437496,9.147920687538708,83.68445290549866
430.6640624999996,12.451274943197186,155.03424771109007
430.7250976562496,10.537031947382989,111.02904226016975
430.7861328124996,7.940482735218709,63.0512660683064
430.8471679687496,10.571107971087612,111.74832373639204
430.9082031249996,12.413800450684164,154.10244162940634
430.9692382812496,9.186696322243252,84.39538931711769
431.0302734374996,8.317631277034264,69.18299006069864
431.0913085937496,11.8646846527262,140.77074190863664
431.1523437499996,11.555070893495591,133.519663353709
431.2133789062496,8.219060162000838,67.55294994658925
431.2744140624996,9.435860765998969,89.03546839531865
431.3354492187496,12.514485314833957,156.61234269519477
431.3964843749996,10.22637897645583,104.5788269700978
431.4575195312496,7.9482477185015625,63.17464179466529
431.5185546874996,10.880466299518773,118.38454689496373
431.5795898437496,12.282045593073006,150.84864395032403
431.6406249999996,8.925033429807272,79.65622172317735
431.7016601562496,8.50558261332887,72.34493559216239
431.7626953124996,12.069165155534748,145.6647475515741
431.8237304687496,11.282976315403605,127.30555453395871
431.8847656249996,8.089779292146623,65.44452899564432
431.9458007812496,9.73948324153853,94.85753381220987
432.0068359374996,12.534198102537001,157.10612207364215
432.0678710937496,9.917714280988413,98.36105655932151
432.1289062499996,7.996854308241349,63.94967882723822
432.1899414062496,11.176571974382245,124.91576109854664
432.2509765624996,12.11282844522756,146.7206129435139
432.3120117187496,8.686760454615333,75.45980719586879
432.3730468749996,8.726933124995984,76.15936176815217
432.4340820312496,12.237638429167202,149.7597943230299
432.4951171874996,10.993379556223788,120.85439406719912
432.5561523437496,7.997028678216449,63.952467680216316
432.6171874999996,10.05261299298539,101.05502798673868
432.6782226562496,12.510291893437687,156.5074032590127
432.7392578124996,9.616300710716532,92.47323935892727
432.8002929687496,8.086115683852066,65.38526685263837
432.8613281249996,11.453545661708292,131.18370822483683
432.9223632812496,11.90957947643794,141.83808330559182
432.9833984374996,8.475468455875728,71.83356554654449
433.0444335937496,8.97758489824837,80.5970306052572
433.1054687499996,12.367008227926787,152.94289250960884
433.1665039062496,10.691659628544759,114.31158561265386
433.2275390624996,7.942578620184668,63.08455513781459
433.2885742187496,10.368873057542485,107.51352848343045
433.3496093749996,12.443486797853144,154.8403636883455
433.4106445312496,9.32712953125378,86.99534529278635
433.4716796874996,8.215059566144147,67.48720367529646
433.5327148437496,11.705956692404255,137.02942208444398
433.5937499999996,11.676333770044247,136.3367703094757
433.6547851562496,8.294323131077773,68.7957962027318
433.7158203124996,9.252690563647308,85.61228266660794
433.7768554687496,12.454975651081837,155.12641846904143
433.8378906249996,10.383314610422312,107.81322229900945
433.8989257812496,7.927753054022016,62.849268485555406
433.9599609374996,10.681845109227455,114.1018149375265
434.0209960937496,12.335317943713566,152.1600687725019
434.0820312499996,9.05485102516887,81.99032708800175
434.1430664062496,8.381856835981107,70.25552401888322
434.2041015624996,11.92892248608734,142.29919167908014
434.2651367187496,11.417633361613115,130.3623515802208
434.3261718749996,8.146081849720948,66.35864950235307
434.3872070312496,9.546784425777204,91.14109287226219
434.4482421874996,12.500065787608332,156.2516446945363
434.5092773437496,10.073834716784065,101.48214590108388
434.5703124999996,7.953356052844208,63.255872503313604
434.6313476562496,10.985222060538666,120.67510371934537
434.6923828124996,12.188091817349768,148.54958214814837
434.7534179687496,8.803722985448028,77.50553840450593
434.8144531249996,8.583789133225213,73.68143588367526
434.8754882812496,12.118198146403003,146.8507263154852
434.9365234374996,11.138432656353245,124.06468204011641
434.9975585937496,8.033111183604746,64.53087528815564
435.0585937499996,9.85393543126236,97.10004348348772
435.1196289062496,12.501654082796867,156.29135480591157
435.1806640624996,9.768600664250638,95.425558937598
435.2416992187496,8.019575921546885,64.31359796145456
435.3027343749996,11.272947739580932,127.07935073932285
435.3637695312496,12.004838984399374,144.116159041355
435.4248046874996,8.577576310344368,73.5748153597809
435.4858398437496,8.817271655106033,77.74427943993629
435.5468749999996,12.270246106957046,150.55893952529453
435.6079101562496,10.843985075657285,117.59201232107793
435.6689453124996,7.957379212421385,63.31988393027598
435.7299804687496,10.167912794424229,103.38645059501593
435.7910156249996,12.459955327855287,155.25048677214934
435.8520507812496,9.472777206370923,89.7335080015405
435.9130859374996,8.125883851572247,66.02998836924262
435.9741210937496,11.53933885786222,133.15634127656895
436.0351562499996,11.789235299293276,138.98606894210263
436.0961914062496,8.379812028014818,70.22124962486183
436.1572265624996,9.077913424680176,82.40851214598857
436.2182617187496,12.382296875448471,153.32127591174097
436.2792968749996,10.539729883364066,111.0859060142775
436.3403320312496,7.920432823157439,62.73325610614972
436.4013671874996,10.482346230816658,109.87958250271619
436.4624023437496,12.376019437976419,153.16585712917015
436.5234374999996,9.191224915955805,84.4786154556868
436.5844726562496,8.270947872846072,68.40857871533697
436.6455078124996,11.779199279141489,138.74953565772736
436.7065429687496,11.545524618788976,133.29913872306233
436.7675781249996,8.213404952163607,67.46002090822567
436.8286132812496,9.360639578653092,87.62157332144675
436.8896484374996,12.45238355998002,155.06185632486068
436.9506835937496,10.231175648868426,104.67695515799826
437.0117187499996,7.923346321730515,62.77941693408048
437.0727539062496,10.790887253590268,116.44324771969693
437.1337890624996,12.25169214185086,150.10396033869011
437.1948242187496,8.928441522200385,79.71706801535194
437.2558593749996,8.452570157128985,71.44594226118751
437.3168945312496,11.987915207897652,143.7101110317438
437.3779296874996,11.27842393536713,127.20284646586217
437.4389648437496,8.080922543878367,65.30130916016162
437.4999999999996,9.659814700711024,93.31202005207281
437.5610351562496,12.47937815326533,155.734879092196
437.6220703124996,9.923782561682113,98.481460331546
437.6831054687496,7.966640185371487,63.46735584317584
437.7441406249996,11.087347275965168,122.92926961785224
437.8051757812496,12.089573976327024,146.1577989290836
437.8662109374996,8.688506027312554,75.49013698664659
437.9272460937496,8.667685329285762,75.12876896751563
437.9882812499996,12.161532976706797,147.90288434352686
438.0493164062496,10.993017899367935,120.8464425358238
438.1103515624996,7.984528403053173,63.75269381916286
438.1713867187496,9.969412031729984,99.38917625840257
438.2324218749996,12.462993817368442,155.326214891764
438.2934570312496,9.622858623149474,92.59940808112219
438.3544921874996,8.050183384935055,64.80545253108443
438.4155273437496,11.365841575409725,129.18235471731222
438.4765624999996,11.892957569241133,141.44243974376997
438.5375976562496,8.475064368337788,71.82671604746879
438.5986328124996,8.912392598766916,79.43074183455529
438.6596679687496,12.296831598258013,151.21206735591673
438.7207031249996,10.694646204479083,114.37545743897886
438.7817382812496,7.925980673694159,62.821169639773316
438.8427734374996,10.283169318454586,105.74357123200576
438.9038085937496,12.403781269032397,153.85378976999894
438.9648437499996,9.333455858801745,87.11339826820063
439.0258789062496,8.173103741105669,66.79962476287548
439.0869140624996,11.620896103460494,135.04522624742327
439.1479492187496,11.665752021549931,136.08977022829632
439.2089843749996,8.291325107996295,68.74607204648977
439.2700195312496,9.182038996854368,84.30984013975437
439.3310546874996,12.391366399722934,153.5459612521825
439.3920898437496,10.388789624852269,107.92694986943815
439.4531249999996,7.906592793254786,62.51420959834852
439.5141601562496,10.594746100651333,112.24864493726663
439.5751953124996,12.30311256438221,151.36657877185942
439.6362304687496,9.060298011687317,82.08900006058515
439.6972656249996,8.333703840252001,69.45061969703096
439.7583007812496,11.84756061058496,140.36469242148428
439.8193359374996,11.412399537366028,130.24286320047233
439.8803710937496,8.140069714559282,66.26073495788522
439.9414062499996,9.471340798583231,89.70629652290724
440.0024414062496,12.443512977602818,154.84101522376977
440.0634765624996,10.080952608586209,101.62560549656109
440.1245117187496,7.92717727120629,62.8401394891296
440.1855468749996,10.897880591095808,118.76380137778271
440.2465820312496,12.16313715996089,147.94190557202145
440.3076171874996,8.807712156257654,77.57579342748886
440.3686523437496,8.529435831241695,72.7512755992697
440.4296874999996,12.04149806335867,144.9976756098706
440.4907226562496,11.13777322030172,124.04999230687012
440.5517578124996,8.023666585814638,64.37922548031833
440.6127929687496,9.774527608849358,95.54138997615834
440.6738281249996,12.452479601302226,155.06424822084804
440.7348632812496,9.776548942899646,95.58090923291219
440.7958984374996,7.987958428028984,63.807479847919275
440.8569335937496,11.186525025941377,125.13834215601271
440.9179687499996,11.986737138106632,143.68186721806475
440.9790039062496,8.57959720626767,73.609488221796
441.0400390624996,8.756898981336839,76.68327976933817
441.1010742187496,12.199053923403198,148.81691662609896
441.1621093749996,10.847071649276058,117.65896336452843
441.2231445312496,7.944075611575049,63.10833732242149
441.2841796874996,10.085500296014796,101.71731622091454
441.3452148437496,12.418321308710427,154.21470412637146
441.4062499999996,9.480797668385952,89.8855244288725
441.4672851562496,8.088479339007694,65.42349801755435
441.5283203124996,11.454974030557453,131.21643004074568
441.5893554687496,11.777459703978842,138.7085570788454
441.6503906249996,8.379407402804445,70.21446842217392
441.7114257812496,9.011898382886635,81.21431246347474
441.7724609374996,12.317325529961694,151.71650821104615
441.8334960937496,10.545705658975255,111.21190784574272
441.8945312499996,7.9028309495873685,62.45473701775599
441.9555664062496,10.397988868971694,108.11817251925926
442.0166015624996,12.34191680875379,152.32291051419935
442.0776367187496,9.198627621455255,84.61475011819957
442.1386718749996,8.22751872393463,67.69206435269491
442.1997070312496,11.69798102302946,136.84276001515735
442.2607421874996,11.539431373558505,133.15847642506634
442.3217773437496,8.210157087650343,67.40667940389515
442.3828124999996,9.289543209165497,86.29561303495281
442.4438476562496,12.39419945900981,153.61618022971908
442.5048828124996,10.23918049486446,104.84081720641281
442.5659179687496,7.901006878566349,62.42590969515277
442.6269531249996,10.705702573416776,114.61206759046257
442.6879882812496,12.224951901699528,149.4494489988669
442.7490234374996,8.93460924481429,79.82724235752097
442.8100585937496,8.403026274007447,70.61085056165948
442.8710937499996,11.91084887435075,141.86832090762252
442.9321289062496,11.277277544872376,127.17698882408273
442.9931640624996,8.074428082520843,65.19638885980122
443.0541992187496,9.584374430878702,91.86023323128144
443.1152343749996,12.428390243368447,154.464884041456
443.1762695312496,9.93298007497475,98.6640931698454
443.2373046874996,7.939140102771504,63.02994557143473
443.2983398437496,11.002488006066738,121.05474232364242
443.3593749999996,12.069875910894181,145.68190450438362
443.4204101562496,8.692896571084887,75.56645079557939
443.4814453124996,8.612107179813716,74.16839007659895
443.5424804687496,12.089524107072197,146.1565931354798
443.6035156249996,10.996013135320133,120.9123048721329
443.6645507812496,7.974385415930882,63.59082276181114
443.7255859374996,9.89050743132921,97.82213724917833
443.7866210937496,12.41944664074541,154.24265486232244
443.8476562499996,9.632454497600008,92.78417964833463
443.9086914062496,8.017148872300075,64.27467604062235
443.9697265624996,11.282450833701374,127.29369681488882
444.0307617187496,11.879839533855742,141.13058735016182
444.0917968749996,8.47719912140095,71.86290494388105
444.1528320312496,8.851048461049581,78.34105885984816
444.2138671874996,12.230660241920349,149.58904995329112
444.2749023437496,10.700934796844999,114.51000552632811
444.3359374999996,7.911777860544613,62.5962289146039
444.3969726562496,10.201797734515363,104.0766770159628
444.4580078124996,12.3677538512173,152.96133532430034
444.5190429687496,9.342720324678693,87.28642306516434
444.5800781249996,8.134246496027394,66.16596605813395
444.6411132812496,11.540083703247639,133.17353187796175
444.7021484374996,11.658628660468427,135.9236222426958
444.7631835937496,8.290777651923499,68.73699407363412
444.8242187499996,9.115385093485482,83.09024540253733
444.8852539062496,12.331675812839915,152.070228352981
444.9462890624996,10.397507180383325,108.1081555661228
445.0073242187496,7.887911746791953,62.21915172517847
445.0683593749996,10.511986736455734,110.50186514742127
445.1293945312496,12.274520921637464,150.66386385571582
445.1904296874996,9.06857141844453,82.23898757142902
445.2514648437496,8.288860668260739,68.70521117783986
445.3124999999996,11.770371727092282,138.54165059393335
445.3735351562496,11.410579761959763,130.20133050404573
445.4345703124996,8.136442686563315,66.20169959172966
445.4956054687496,9.400014102460498,88.36026512645623
445.5566406249996,12.390791671955286,153.53171825779648
445.6176757812496,10.091242448220711,101.83317414877153
445.6787109374996,7.903604028194952,62.46695663449947
445.7397460937496,10.814860473626464,116.96120706400802
445.8007812499996,12.14173871405383,147.42181900035354
445.8618164062496,8.814414181908722,77.6938973702336
445.9228515624996,8.478595306036002,71.88657836353573
445.9838867187496,11.968886685946776,143.254248501034
446.0449218749996,11.140483927246942,124.11038213324746
446.1059570312496,8.016575253179857,64.2654787898957
446.1669921874996,9.699322494729081,94.07685685675757
446.2280273437496,12.407059950467366,153.93513661449126
446.2890624999996,9.787588253381264,95.7968838177269
446.3500976562496,7.95910785127612,63.34739778824518
446.4111328124996,11.10438496739779,123.30736550417002
446.4721679687496,11.972143242075415,143.33221380877202
446.5332031249996,8.58421989662305,73.68883123357905
446.5942382812496,8.700228193119004,75.69397061234278
446.6552734374996,12.131864228247997,147.18212965264337
446.7163085937496,10.85348115908546,117.79805327062306
446.7773437499996,7.933133963540151,62.93461448347427
446.8383789062496,10.0073446945498,100.14694783553404
446.8994140624996,12.380365479155783,153.2734493974722
446.9604492187496,9.491815556923997,90.09456256666442
447.0214843749996,8.054029400874512,64.86738959015105
447.0825195312496,11.374837146391084,129.38692010691844
447.1435546874996,11.769144974317463,138.512773426502
447.2045898437496,8.38150695793218,70.24965888586554
447.2656249999996,8.949747403215387,80.09797858136056
447.3266601562496,12.256270055123588,150.21615566411916
447.3876953124996,10.554951937245422,111.40701039756088
447.4487304687496,7.887647149028384,62.21497754757559
447.5097656249996,10.317907856075568,106.45922252646592
447.5708007812496,12.311427229106915,151.57124041759516
447.6318359374996,9.20892443906099,84.80428932433476
447.6928710937496,8.187244953076389,67.0309799216748
447.7539062499996,11.62092021904098,135.04578673731547
447.8149414062496,11.536758266999488,133.09679131118102
447.8759765624996,8.209330323100504,67.39310435377743
447.9370117187496,9.222446206409163,85.05351403011076
447.9980468749996,12.33984864184939,152.27186450375223
448.0590820312496,10.250394575079268,105.07058894481449
448.1201171874996,7.881182112058558,62.11303148343179
448.1811523437496,10.624792230612536,112.88620994368452
448.2421874999996,12.201769312756614,148.883174361729
448.3032226562496,8.943559960018437,79.98726475844498
448.3642578124996,8.356841622812395,69.8368019087697
448.4252929687496,11.837864145072128,140.13502751718428
448.4863281249996,11.279511505509412,127.22737980291919
448.5473632812496,8.070300431936042,65.12974906170707
448.6083984374996,9.513035285537484,90.49784034388124
448.6694335937496,12.381155891366399,153.2930212063169
448.7304687499996,9.945313420832628,98.90925903859359
448.7915039062496,7.9142903142647025,62.63599117846408
448.8525390624996,10.921875306448056,119.28736020959983
448.9135742187496,12.053684909925698,145.2913199077705
448.9746093749996,8.699956761867757,75.6892476583685
449.0356445312496,8.560081472428525,73.2749948146141
449.0966796874996,12.021514598393752,144.51681323939408
449.1577148437496,11.002347978092374,121.05166103103335
449.2187499999996,7.966592828405706,63.46660129360523
449.2797851562496,9.815774996875303,96.34943878928236
449.3408203124996,12.37957988185799,153.2539980513031
449.4018554687496,9.645103594912525,93.02802335659452
449.4628906249996,7.986933692236218,63.79110980417807
449.5239257812496,11.20326158925734,125.51307023732889
449.5849609374996,11.870184243716166,140.90127397976752
449.6459960937496,8.481897250870519,71.94258097432487
449.7070312499996,8.793430789318126,77.324425046528
449.7680664062496,12.16840490018949,148.0700778149556
449.8291015624996,10.710517973952873,114.71519527036756
449.8901367187496,7.899950255104018,62.40921403311805
449.9511718749996,10.124635601039666,102.50824605383983
450.0122070312496,12.335343133484333,152.16069022079907
450.0732421874996,9.354941739525357,87.51493494991371
450.1342773437496,8.098397956595685,65.58404946339316
450.1953124999996,11.463412401487377,131.40982388657457
450.2563476562496,11.654930756935757,135.8374109489671
450.3173828124996,8.292697283159162,68.76882823011535
450.3784179687496,9.05260573702875,81.94967063008585
450.4394531249996,12.275817950205097,150.69570634657765
450.5004882812496,10.409465671501088,108.3569755661596
450.5615234374996,7.871673874315822,61.96324958358626
450.6225585937496,10.433447756890457,108.85683209576251
450.6835937499996,12.249486739703016,150.04992538616003
450.7446289062496,9.079696781137628,82.440893637401
450.8056640624996,8.247224800887492,68.01671691637374
450.8666992187496,11.69725289826714,136.825725366019
450.9277343749996,11.41214853610717,130.23713421017302
450.9887695312496,8.13521072578733,66.18165355296522
451.0498046874996,9.332679938311456,87.09891483096112
451.1108398437496,12.341826099859345,152.32067147916933
451.1718749999996,10.104710531270648,102.10517492077194
451.2329101562496,7.882582246367816,62.13510287075309
451.2939453124996,10.736046766806203,115.26270017904992
451.3549804687496,12.123848549930473,146.98770366165124
451.4160156249996,8.823856481726894,77.86044321011371
451.4770507812496,8.431158143661165,71.08442764342398
451.5380859374996,11.900269391661833,141.6164115941235
451.5991210937496,11.146545993256469,124.24548757978184
451.6601562499996,8.011838259732933,64.18955230012043
451.7211914062496,9.62819765629375,92.70219010866046
451.7822265624996,12.365320942377984,152.90116200801157
451.8432617187496,9.8017298099318,96.07390726690568
451.9042968749996,7.932955458238539,62.931782302396634
451.9653320312496,11.02641720752891,121.58187643448964
452.0263671874996,11.96101338793281,143.06584126630793
452.0874023437496,8.591472079098853,73.81339248593517
452.1484374999996,8.647141496594548,74.7730560621274
452.2094726562496,12.068588555487258,145.65082972163802
452.2705078124996,10.863203960490122,118.00920028720826
452.3315429687496,7.924544879472292,62.79841154677053
452.3925781249996,9.9333226602734,98.67089907310103
452.4536132812496,12.346026974143676,152.42438204628326
452.5146484374996,9.505849266304962,90.36117027371058
452.5756835937496,8.022451530512578,64.3597285594236
452.6367187499996,11.298821263683015,127.66336194865545
452.6977539062496,11.764258483132947,138.3977776579655
452.7587890624996,8.386130023966048,70.3271767788648
452.8198242187496,8.891342893281092,79.05597844590018
452.8808593749996,12.199049419451486,148.81680673821964
452.9418945312496,10.567465475625239,111.67132657853136
453.0029296874996,7.87485364995603,62.01332000822581
453.0639648437496,10.241988206742743,104.89832242705742
453.1249999999996,12.284497030794437,150.90886729959735
453.1860351562496,9.222137423821641,85.04781866385166
453.2470703124996,8.150034189955344,66.42305729744106
453.3081054687496,11.547917701665913,133.35440324444895
453.3691406249996,11.537479758409093,133.11343917569954
453.4301757812496,8.210940072668347,67.41953687695087
453.4912109374996,9.159229644881407,83.89148768767438
453.5522460937496,12.289253678859508,151.02575598336193
453.6132812499996,10.26482247607579,105.3665804653507
453.6743164062496,7.863828721058362,61.8398021541424
453.7353515624996,10.548042688261384,111.26120455338446
453.7963867187496,12.182093813079248,148.4034096706637
453.8574218749996,8.955320734430225,80.19776945651591
453.9184570312496,8.313911238140953,69.12112007568643
453.9794921874996,11.768865437296544,138.50619368119317
454.0405273437496,11.285107343167507,127.35364774681318
454.1015624999996,8.068549288314996,65.10148761796843
454.1625976562496,9.445677871016095,89.22083044300314
454.2236328124996,12.337605885242201,152.216518979563
454.2846679687496,9.960796719386156,99.217471284934
454.3457031249996,7.892035095994347,62.28421795640649
454.4067382812496,10.84540049428811,117.6227118815048
454.4677734374996,12.040959186265233,144.9846981253051
454.5288085937496,8.709715631761021,75.85914638614229
454.5898437499996,8.511497505540278,72.44558978681839
454.6508789062496,11.957414613799445,142.97976424630454
454.7119140624996,11.012010351484196,121.2643719811951
454.7729492187496,7.961146719680577,63.37985709228081
454.8339843749996,9.745094175891733,94.96686049699898
454.8950195312496,12.343331504212943,152.35783262289576
454.9560546874996,9.660823432831815,93.3315094003523
455.0170898437496,7.9594657580731525,63.35309515393902
455.0781249999996,11.128169065176387,123.8361467431487
455.1391601562496,11.863959879267465,140.7535440168681
455.2001953124996,8.489183488550665,72.06623630228124
455.2612304687496,8.739424751713983,76.37754499087102
455.3222656249996,12.109982527758,146.65167682260403
455.3833007812496,10.723390299524928,114.99109951594532
455.4443359374996,7.890479707376287,62.259670012516985
455.5053710937496,10.051569139797452,101.0340421721285
455.5664062499996,12.306490344821318,151.44970460718034
455.6274414062496,9.370142662659987,87.7995735186008
455.6884765624996,8.06547439681269,65.05187724564101
455.7495117187496,11.390783756684787,129.74995459155397
455.8105468749996,11.654629084590837,135.83037909939065
455.8715820312496,8.29710744460992,68.84199194740134
455.9326171874996,8.993586384051095,80.88459604738925
455.9936523437496,12.223717717949468,149.41927484811174
456.0546874999996,10.42466807937554,108.6737045651513
456.1157226562496,7.857846418941741,61.745750343675546
456.1767578124996,10.35901723618612,107.3092380996011
456.2377929687496,12.227961072004225,149.52303197845072
456.2988281249996,9.093700861188504,82.69539535278054
456.3598632812496,8.208700539390934,67.38276454539701
456.4208984374996,11.628111346055038,135.2129734762539
456.4819335937496,11.417085622065892,130.34984410158373
456.5429687499996,8.136389927183867,66.2008410471791
456.6040039062496,9.269223271585403,85.91850005850041
456.6650390624996,12.29654511968668,151.2050218804903
456.7260742187496,10.121365918507864,102.44204805633254
456.7871093749996,7.864067749114291,61.84356156265951
456.8481445312496,10.661332240786534,113.66400514843441
456.9091796874996,12.109423095702942,146.63812771074382
456.9702148437496,8.836067964009645,78.07609706459756
457.0312499999996,8.387021078669106,70.34212257403989
457.0922851562496,11.835557245513295,140.08041531182224
457.1533203124996,11.155948206288794,124.45518038139816
457.2143554687496,8.009462373575207,64.15148751371699
457.2753906249996,9.56103634445903,91.41341598006649
457.3364257812496,12.32720101305034,151.95988481614933
457.3974609374996,9.81899176449145,96.41259927115092
457.4584960937496,7.90944108483691,62.55925827450608
457.5195312499996,10.95251747074091,119.95763894688486
457.5805664062496,11.953312772083898,142.88168622726403
457.6416015624996,8.601381805737885,73.98376896807872
457.7026367187496,8.597533011315159,73.9175738806539
457.7636718749996,12.009144071717921,144.21954133527768
457.8247070312496,10.876233746465484,118.29246050775463
457.8857421874996,7.918300484446809,62.69948256199057
457.9467773437496,9.863323949704204,97.28515933680855
458.0078124999996,12.31524807830016,151.66533523007578
458.0688476562496,9.522921644165958,90.68603664092447
458.1298828124996,7.993670662509699,63.898770660668255
458.1909179687496,11.226827825689375,126.04166302767321
458.2519531249996,11.762770692812614,138.36277437169136
458.3129882812496,8.393303217697685,70.44753890421431
458.3740234374996,8.836572176073663,78.08500782295923
458.4350585937496,12.1455860469203,147.5152604231451
458.4960937499996,10.583248479019087,112.00514836865982
458.5571289062496,7.86442810859135,61.849229475201724
458.6181640624996,10.170120628876886,103.43135360590718
458.6791992187496,12.261074948248961,150.33395888657827
458.7402343749996,9.238294929621143,85.34609320666371
458.8012695312496,8.1157978249604,65.86617433563195
458.8623046874996,11.478880838239911,131.76470529851142
458.9233398437496,11.541573509689657,133.20791907957002
458.9843749999996,8.215008355291229,67.4863622775047
459.0454101562496,9.099778868546085,82.80597545643788
459.1064453124996,12.242346055697121,149.87503694744285
459.1674804687496,10.28247217508029,105.7292340313004
459.2285156249996,7.848912676013901,61.6054301956917
459.2895507812496,10.475348838554627,109.73293328940777
459.3505859374996,12.16588475746461,148.00875193190973
459.4116210937496,8.9699215087366,80.4594918728955
459.4726562499996,8.274141254063553,68.46141349219639
459.5336914062496,11.703766108248134,136.97814111657766
459.5947265624996,11.294050720709912,127.55558168196808
459.6557617187496,8.069185547096977,65.11175539347873
459.7167968749996,9.382190131164231,88.02549165731548
459.7778320312496,12.297675913089305,151.23283286337687
459.8388671874996,9.979442264877774,99.58926791802882
459.8999023437496,7.872322018909685,61.97345396941026
459.9609374999996,10.772962773638756,116.05672692220645
460.0219726562496,12.031662671172187,144.76090663287826
460.0830078124996,8.722202831542608,76.07682223456989
460.1440429687496,8.466254003882165,71.67745685825079
460.2050781249996,11.897144725685987,141.5420526239179
460.2661132812496,11.024993731728486,121.5504867846524
460.3271484374996,7.958048697563696,63.33053907279525
460.3881835937496,9.678357266404293,93.67059937616077
460.4492187499996,12.31064374062878,151.55194930868257
460.5102539062496,9.6796353460777,93.69534043303673
460.5712890624996,7.934680287337485,62.95915126226207
460.6323242187496,11.057077544402661,122.25896382293358
460.6933593749996,11.861134609769268,140.68651423106635
460.7543945312496,8.499089347510685,72.2345197369696
460.8154296874996,8.688924803691773,75.4974142442101
460.8764648437496,12.055317679097987,145.33068434397248
460.9374999999996,10.739552857536932,115.33799557982968
460.9985351562496,7.883356377662629,62.14730777723405
461.0595703124996,9.98248911674025,99.65008896583754
461.1206054687496,12.281146614976478,150.82656217854822
461.1816406249996,9.388350040960228,88.14111649159791
461.2426757812496,8.035397165917109,64.5676076140287
461.3037109374996,11.322105050466241,128.1900627737932
461.3647460937496,11.657703058466861,135.90204059938762
461.4257812499996,8.304033363907756,68.95697010889316
461.4868164062496,8.938217654296686,79.89173483558095
461.5478515624996,12.175305983959204,148.23807580303279
461.6088867187496,10.443121575018068,109.05878823060786
461.6699218749996,7.846404502464079,61.566063616288574
461.7309570312496,10.28859310354023,105.85514805021558
461.7919921874996,12.209901328774384,149.08169045840646
461.8530273437496,9.110612547322857,83.00326098743668
461.9140624999996,8.173199970803958,66.80119776274982
461.9750976562496,11.562860848195657,133.69975099473598
462.0361328124996,11.425376600999906,130.53923047467617
462.0971679687496,8.13999757228532,66.25956047681092
462.1582031249996,9.20953474229967,84.81553016962465
462.2192382812496,12.254887312797782,150.18226304937204
462.2802734374996,10.141224444770147,102.84443323920358
462.3413085937496,7.848017045607147,61.59137154814033
462.4023437499996,10.590617799164992,112.16118536799034
462.4633789062496,12.098427262385849,146.37194222324115
462.5244140624996,8.851081169355393,78.34163786651763
462.5854492187496,8.346086842430502,69.65716558139155
462.6464843749996,11.774671636131803,138.64289213872678
462.7075195312496,11.168681556409291,124.73944770847707
462.7685546874996,8.009453466394724,64.15134483034247
462.8295898437496,9.497733243313878,90.20693676114955
462.8906249999996,12.29264511677789,151.10912396704333
462.9516601562496,9.839393115993618,96.81365689106259
463.0126953124996,7.888506913502495,62.228541324376664
463.0737304687496,10.88259325827233,118.43083602499436
463.1347656249996,11.949012612441932,142.77890241229636
463.1958007812496,8.613980512405165,74.20066026809594
463.2568359374996,8.551298025476893,73.12469792052501
463.3178710937496,11.953456825282576,142.8851300738946
463.3789062499996,10.892570451321198,118.6480910369957
463.4399414062496,7.914396592130162,62.63767341752152
463.5009765624996,9.797241722553252,95.98594537013823
463.5620117187496,12.28797972119907,150.99444562859958
463.6230468749996,9.54305888663687,91.06997291381896
463.6840820312496,7.967617088584089,63.4829220702972
463.7451171874996,11.158768559977753,124.51811577514798
463.8061523437496,11.764659794723126,138.4072200855748
463.8671874999996,8.40305833089613,70.61138931244285
463.9282226562496,8.785330709249326,77.18203567087926
463.9892578124996,12.095812490794668,146.3086798124643
464.0502929687496,10.602305670805112,112.40888553718624
464.1113281249996,7.8563570898843285,61.72234672377576
464.1723632812496,10.102202261025354,102.05449052266579
464.2333984374996,12.241118333096258,149.84497804486531
464.2944335937496,9.257426921394796,85.69995320496513
464.3554687499996,8.084456978864054,65.35844464310371
464.4165039062496,11.413723893439984,130.2730931156828
464.4775390624996,11.549023877106759,133.37995251398203
464.5385742187496,8.221559311062938,67.59403750532569
464.5996093749996,9.043988975929118,81.79373659672741
464.6606445312496,12.199062032630623,148.81711447597
464.7216796874996,10.30335625674325,106.15915015337028
464.7827148437496,7.83640124614461,61.4091844905768
464.8437499999996,10.406612386411588,108.29758136101509
464.9047851562496,12.15310266169119,147.69790430560548
464.9658203124996,8.987394325220407,80.77325675700398
465.0268554687496,8.237441734605195,67.85544633101544
465.0878906249996,11.642487773570975,135.54752155774963
465.1489257812496,11.30633173038521,127.83313719751543
465.2099609374996,8.07222603761568,65.16083320236054
465.2709960937496,9.322466586767497,86.90838326139642
465.3320312499996,12.261310709939167,150.3397403256689
465.3930664062496,10.001270255651372,100.02540672657686
465.4541015624996,7.85510572862526,61.70268600788137
465.5151367187496,10.704467709768744,114.5856289494817
465.5761718749996,12.025765264378581,144.61903019393444
465.6372070312496,8.737454391120105,76.343109236904
465.6982421874996,8.42425355660267,70.96804798593273
465.7592773437496,11.840629272229835,140.20050156238602
465.8203124999996,11.041295786342655,121.91021264150807
465.8813476562496,7.95730682805351,63.318731955787015
465.9423828124996,9.615460002329048,92.45707105638974
466.0034179687496,12.28146810284231,150.83445876113308
466.0644531249996,9.70156235808486,94.12031218780908
466.1254882812496,7.912518156691122,62.607943579966665
466.1865234374996,10.989897159630848,120.77783957926218
466.2475585937496,11.861685303480492,140.6995782388051
466.3085937499996,8.511644032711338,72.44808413959053
466.3696289062496,8.641831319511649,74.68124855489245
466.4306640624996,12.00434289320923,144.10424829774297
466.4916992187496,10.759008891713284,115.75627233196552
466.5527343749996,7.878572237262886,62.07190049776951
466.6137695312496,9.917298041910598,98.35280045208378
466.6748046874996,12.259269002614763,150.28967647847116
466.7358398437496,9.409593751672475,88.54045457151368
466.7968749999996,8.008094105208002,64.12957119786715
466.8579101562496,11.257293493383017,126.72665679616361
466.9189453124996,11.664135473882205,136.05205635307723
466.9799804687496,8.313503518359763,69.11434074978015
467.0410156249996,8.886395298608548,78.9680214031321
467.1020507812496,12.130518860607872,147.1494878275633
467.1630859374996,10.464836953743085,109.51281246842684
467.2241210937496,7.8373269197018995,61.42369324628407
467.2851562499996,10.222077717744554,104.49087286760971
467.3461914062496,12.195268097664623,148.72456397391653
467.4072265624996,9.130467514694823,83.36543703689746
467.4682617187496,8.140642317945524,66.27005734872547
467.5292968749996,11.501422854528869,132.28272767867898
467.5903320312496,11.437009049557405,130.805175999658
467.6513671874996,8.146059716624718,66.35828890681599
467.7124023437496,9.15351199220227,83.78678179139078
467.7734374999996,12.21679559806846,149.2500946849849
467.8344726562496,10.164301251387242,103.31301992895224
467.8955078124996,7.834397092323492,61.377777800206786
467.9565429687496,10.5238096890757,110.75057037188357
468.0175781249996,12.090829373982038,146.18815495074688
468.0786132812496,8.868931591732917,78.65794757883818
468.1396484374996,8.30826654282886,69.02729294668943
468.2006835937496,11.717537182054592,137.30067761283186
468.2617187499996,11.184742139445598,125.0984567258901
468.3227539062496,8.01182951655297,64.1894122023094
468.3837890624996,9.43818514082943,89.07933875257346
468.4448242187496,12.261601469721066,150.34687060226582
468.5058593749996,9.862958363779384,97.27794768564571
468.5668945312496,7.870106831008711,61.938581531489966
468.6279296874996,10.816555065764168,116.9978634907085
468.6889648437496,11.948087939653744,142.75680541369925
468.74999999999955,8.629305121683794,74.46490688311816
468.81103515624955,8.508344416549368,72.39192471062681
468.87207031249955,11.901458911991696,141.64472423382657
468.93310546874955,10.912214804766295,119.07643194536071
468.99414062499955,7.9128377394770775,62.6130010912927
469.05517578124955,9.73497865268923,94.76980936831502
469.11621093749955,12.26417665151719,150.4100289396194
469.17724609374955,9.56628754953291,91.51385748034838
469.23828124999955,7.944229778682932,63.110786776512676
469.29931640624955,11.0945583160485,123.08922422820093
469.36035156249955,11.76990741848916,138.53072063980616
469.42138671874955,8.415427829737977,70.81942555752845
469.48242187499955,8.737520554644089,76.34426544282795
469.54345703124955,12.049665734163826,145.19444430508184
469.60449218749955,10.624649694484711,112.88318113051407
469.66552734374955,7.8506278382755745,61.63235745510742
469.72656249999955,10.03813802398769,100.76421498862749
469.78759765624955,12.224589493899863,149.4405882943669
469.84863281249955,9.279567841886717,86.1103793321781
469.90966796874955,8.055936002728012,64.89810488004939
469.97070312499955,11.352369589262022,128.87629529120116
470.03173828124955,11.559819063723866,133.62941678603372
470.09277343749955,8.230622751852255,67.74315088330799
470.15380859374955,8.99175928368532,80.85173501574116
470.21484374999955,12.159347102494937,147.84972195895202
470.27587890624955,10.327491126437849,106.6570729666525
470.33691406249955,7.826272074520093,61.25053458441303
470.39794921874955,10.341740754760792,106.95160183868032
470.45898437499955,12.14371902655012,147.46991179579538
470.52001953124955,9.007776771064258,81.14004235732482
470.58105468749955,8.203728593784978,67.30116284048526
470.64208984374955,11.584955980248987,134.21120506430677
470.70312499999955,11.321946636779355,128.18647564607934
470.76416015624955,8.077692319827928,65.2491132138071
470.82519531249955,9.266408296130976,85.86632271060498
470.88623046874955,12.22846075443954,149.53525242286804
470.94726562499955,10.02630319842673,100.52675582678206
471.00830078124955,7.840348228220728,61.47106033976391
471.06933593749955,10.6398281139115,113.20594229358156
471.13037109374955,12.02324324926122,144.5583782309055
471.19140624999955,8.755506693938981,76.65889746761032
471.25244140624955,8.385406949839322,70.31504971441359
471.31347656249955,11.787801367249754,138.95226107373517
471.37451171874955,11.060919027193798,122.34392972613779
471.43554687499955,7.958929109259558,63.34455256621914
471.49658203124955,9.5563053559148,91.32297205548589
471.55761718749955,12.255759971992111,150.20365249108409
471.61865234374955,9.726635690517623,94.60744185605124
471.67968749999955,7.892924918883279,62.29826377512861
471.74072265624955,10.926547047097468,119.3894303724344
471.80175781249955,11.865595017267932,140.79234511381358
471.86279296874955,8.526889096154317,72.70783765811538
471.92382812499955,8.598048325245747,73.92643500326119
471.98486328124955,11.956996165294392,142.9697572968648
472.04589843749955,10.781768312263798,116.24652793933575
472.10693359374955,7.876128277262394,62.03339663989229
472.16796874999955,9.855898947698565,97.13874406724568
472.22900390624955,12.240819254112276,149.8376560118458
472.29003906249955,9.433906902472044,88.99859944450968
472.35107421874955,7.983501148740289,63.73629059193751
472.41210937499955,11.196271142160581,125.35648748877782
472.47314453124955,11.673914073190446,136.28026978823394
472.53417968749955,8.32555254544344,69.31482518693974
472.59521484374955,8.838025145320486,78.11068846931721
472.65624999999955,12.089302882261274,146.15124417905074
472.71728515624955,10.489829010711434,110.03651267396322
472.77832031249955,7.830599407829007,61.318287085892
472.83935546874955,10.159380195900422,103.21300596485369
472.90039062499955,12.184033377240695,148.45066933771528
472.96142578124955,9.153300273678937,83.7829059001309
473.02246093749955,8.110950179431233,65.78751281321556
473.08349609374955,11.443725231082812,130.95884716452136
473.14453124999955,11.451980259446838,131.14785186276006
473.20556640624955,8.154600141705705,66.49750347110671
473.26660156249955,9.101058477936792,82.82926541882516
473.32763671874955,12.182220887887942,148.4065057612933
473.38867187499955,10.190618082261059,103.84869689850606
473.44970703124955,7.82317725904503,61.20210242643931
473.51074218749955,10.4608233399573,109.42882494979538
473.57177734374955,12.086605403431419,146.08603017825757
473.63281249999955,8.889656822517901,79.02599842213907
473.69384765624955,8.273477312532544,68.45042684099072
473.75488281249955,11.664088500420728,136.0509605456471
473.81591796874955,11.204132384001976,125.5325824782418
473.87695312499955,8.016605966325885,64.26597121933177
473.93798828124955,9.382299270310499,88.02753959766892
473.99902343749955,12.234026527352475,149.67140507196405
474.06005859374955,9.889714621493281,97.806455294578
474.12109374999955,7.854193639435822,61.68835772575412
474.18212890624955,10.75432133895901,115.6554274615891
474.24316406249955,11.950519300875936,142.81491156060827
474.30419921874955,8.647394318994978,74.77742850818662
474.36523437499955,8.468579734264495,71.71684271559529
474.42626953124955,11.85308997153136,140.49574187321727
474.48730468749955,10.935176931540461,119.57809452409465
474.54833984374955,7.913631294690767,62.62556026830907
474.60937499999955,9.676441007220914,93.6335105662265
474.67041015624955,12.243804338393824,149.91074467687142
474.73144531249955,9.592643261098509,92.01880473469863
474.79248046874955,7.923451914114419,62.78109023528345
474.85351562499955,11.034121508145216,121.75183745651285
474.91455078124955,11.778501197034116,138.73309044853409
474.97558593749955,8.430448371824946,71.07245975000589
475.03662109374955,8.693048636339272,75.56909459376008
475.09765624999955,12.007090663613905,144.17022620424422
475.15869140624955,10.650289275824141,113.42866165873471
475.21972656249955,7.8472373702195455,61.57913434457017
475.28076171874955,9.977838609190922,99.55726331106104
475.34179687499955,12.211457636370966,149.1196976048828
475.40283203124955,9.304751760323981,86.57840532125222
475.46386718749955,8.030168295839138,64.48360285950004
475.52490234374955,11.294745040497167,127.57126552983536
475.58593749999955,11.57395472901482,133.95642806928453
475.64697265624955,8.242227768221806,67.93431858324661
475.70800781249955,8.942997158519571,79.97719817728913
475.76904296874955,12.123150181632935,146.97077032642667
475.83007812499955,10.354897526976366,107.22390279418126
475.89111328124955,7.818502030214673,61.12897399647096
475.95214843749955,10.280649560890636,105.69175539384082
476.01318359374955,12.13770750192103,147.32394340219005
476.07421874999955,9.031108959969764,81.56092904684616
476.13525390624955,8.172926757649288,66.7967317858997
476.19628906249955,11.531105003299542,132.96638259711975
476.25732421874955,11.340896494636704,128.61593330206307
476.31835937499955,8.08560971456774,65.3770844563122
476.37939453124955,9.213923396950193,84.89638436486618
476.44042968749955,12.19908120020444,148.81758212918137
476.50146484374955,10.054568056893356,101.09433881070022
476.56249999999955,7.828014423289724,61.27780981123195
476.62353515624955,10.578965040109575,111.91450131986058
476.68457031249955,12.024076831472394,144.5784236491512
476.74560546874955,8.776400518523184,77.02520606153402
476.80664062499955,8.34963125945223,69.71634216882185
476.86767578124955,11.738601707441948,137.794770045959
476.92871093749955,11.083869046384716,122.85215303740524
476.98974609374955,7.962933369958315,63.40830785439569
477.05078124999955,9.500804070842923,90.26527799254546
477.11181640624955,12.233481381283672,149.65806670621427
477.17285156249955,9.75488493039851,95.15778000531596
477.23388671874955,7.875855327165786,62.029097134445685
477.29492187499955,10.866950298677873,118.0906087939351
477.35595703124955,11.872849956089889,140.96456607982367
477.41699218749955,8.544862288786888,73.0146715343323
477.47802734374955,8.557488618191734,73.23061145048106
477.53906249999955,11.913223244697035,141.92488807798975
477.60009765624955,10.807843457293785,116.80948019736807
477.66113281249955,7.876024838991141,62.031767264405424
477.72216796874955,9.798205633779991,96.00483364183796
477.78320312499955,12.22576712888367,149.46938188969244
477.84423828124955,9.461325541809385,89.51668100809466
477.90527343749955,7.961556657267188,63.38638440687548
477.96630859374955,11.138967517620856,124.07659735861253
478.02734374999955,11.687033614467856,136.5867547057016
478.08837890624955,8.340216815331074,69.55921652673119
478.14941406249955,8.793016670745295,77.31714217200468
478.21044921874955,12.051608445807055,145.24126613104795
478.27148437499955,10.518118972074696,110.63082671071766
478.33251953124955,7.826212409303205,61.24960067553147
478.39355468749955,10.100417132083349,102.01842624208282
478.45458984374955,12.176170351601769,148.25912443122596
478.51562499999955,9.179152701789052,84.25684432276125
478.57666015624955,8.084054425878593,65.35193596056726
478.63769531249955,11.389701515796396,129.72530061893474
478.69873046874955,11.470289409784867,131.56753914422288
478.75976562499955,8.165651805925748,66.67786941561843
478.82080078124955,9.052083343212415,81.94021285246365
478.88183593749955,12.1511186899391,147.6496854169873
478.94287109374955,10.220202580171625,104.45254077974674
479.00390624999955,7.814334235175065,61.06381953902907
479.06494140624955,10.401576849012596,108.1928009459148
479.12597656249955,12.085735606255183,146.06500514430434
479.18701171874955,8.913301963898055,79.44695189962893
479.24804687499955,8.241638489289844,67.92460498814378
479.30908203124955,11.614263997662723,134.8911282074045
479.37011718749955,11.226856695061423,126.0423112514455
479.43115234374955,8.023807480390474,64.38148648237012
479.49218749999955,9.329984919306598,87.04861859448856
479.55322265624955,12.209883221808928,149.08124829021116
479.61425781249955,9.919692965012503,98.40030852011854
479.67529296874955,7.8407333700854895,61.47709978077216
479.73632812499955,10.69581663568912,114.40049350428411
479.79736328124955,11.956295861530498,142.9530107284513
479.85839843749955,8.6682924289882,75.13929363445416
479.91943359374955,8.431922654724769,71.09731965526079
479.98046874999955,11.808293383229811,139.43579262442896
480.04150390624955,10.961469110784435,120.15380506668131
480.10253906249955,7.916788704482535,62.67554339142225
480.16357421874955,9.621542476798263,92.57407963283325
480.22460937499955,12.226828696292698,149.49533996848658
480.28564453124955,9.622161274203858,92.5859875867884
480.34667968749955,7.905231999189509,62.49269296100975
480.40771484374955,10.97738803798223,120.50304813643535
480.46874999999955,11.7904355513745,139.01437049111573
480.52978515624955,8.448161109699296,71.37142613543564
480.59082031249955,8.651829308184489,74.8541503779601
480.65185546874955,11.968038584669893,143.23394756414734
480.71289062499955,10.679248574846623,114.04635012336362
480.77392578124955,7.846182482509603,61.56257954884055
480.83496093749955,9.921222014941018,98.4306462697503
480.89599609374955,12.2016971861565,148.88141422265943
480.95703124999955,9.333023490971614,87.10532748302798
481.01806640624955,8.007091256222848,64.1135103854804
481.07910156249955,11.240787397971749,126.35530132640048
481.14013671874955,11.591430022175109,134.36124995898246
481.20117187499955,8.256415622988893,68.16839893953507
481.26220703124955,8.897614986583617,79.16755244947738
481.32324218749955,12.090429606626156,146.1784880727823
481.38427734374955,10.385599345402646,107.86067376322787
481.44531249999955,7.813080376154243,61.04422496424653
481.50634765624955,10.223259231023269,104.51502930470248
481.56738281249955,12.135049086074362,147.2594163214342
481.62841796874955,9.057433167063975,82.03709557583055
481.68945312499955,8.144963237209165,66.3404261354888
481.75048828124955,11.480874383403766,131.8104766074968
481.81152343749955,11.36318609432591,129.12199821428172
481.87255859374955,8.096007396780546,65.54533576872532
481.93359374999955,9.164924600095203,83.99584292543021
481.99462890624955,12.173134698334382,148.18520838379249
482.05566406249955,10.086094683210879,101.72930595869477
482.11669921874955,7.8180770776973265,61.122329192816366
482.17773437499955,10.521801787042193,110.70831284580429
482.23876953124955,12.028251980361878,144.67884570307945
482.29980468749955,8.80018165742514,77.44319720368189
482.36083984374955,8.316846690814732,69.16993887851595
482.42187499999955,11.692974477276554,136.7256521262409
482.48291015624955,11.110158322553785,123.43561795221113
482.54394531249955,7.969337566497369,63.51034124878621
482.60498046874955,9.44886952552248,89.28113531034744
482.66601562499955,12.214602032393435,149.19650280974983
482.72705078124955,9.786346828583945,95.77258424933503
482.78808593749955,7.861265785875332,61.79949975617411
482.84912109374955,10.811036781716092,116.87851629561824
482.91015624999955,11.883443464628215,141.21622857701502
482.97119140624955,8.565607651068666,73.36963443204607
483.03222656249955,8.520069795368412,72.59158931794914
483.09326171874955,11.872973193168336,140.96749244569392
483.15429687499955,10.837252889421414,117.4460501892728
483.21533203124955,7.878272780986726,62.06718201163632
483.27636718749955,9.744136154826446,94.94818940379592
483.33740234374955,12.214085367337706,149.18388136061307
483.39843749999955,9.491891660646358,90.09600729744787
483.45947265624955,7.942207956316118,63.07866722137104
483.52050781249955,11.085317398903854,122.88426183444051
483.58154296874955,11.703491851422498,136.9717215163128
483.64257812499955,8.357537527257849,69.84843351952324
483.70361328124955,8.751284529356264,76.58498091375029
483.76464843749955,12.017390513921642,144.41767476409387
483.82568359374955,10.549728769717671,111.29677711460872
483.88671874999955,7.824160784316962,61.21749197884341
483.94775390624955,10.045109888184257,100.90423266569714
484.00878906249955,12.171658425481644,148.14926882659827
484.06982421874955,9.208070006198758,84.7885532390572
484.13085937499955,8.059890342680506,64.96183233603448
484.19189453124955,11.339292770691637,128.57956053945964
484.25292968749955,11.491940802736265,132.06470341359463
484.31396484374955,8.179250540048534,66.90013939688423
484.37499999999955,9.006502172776237,81.11708138822308
484.43603515624955,12.123452708418647,146.97810557326343
484.49707031249955,10.25308235255845,105.1256977283455
484.55810546874955,7.80784899175684,60.962505878078304
484.61914062499955,10.345998877144117,107.03969276586733
484.68017578124955,12.08820616492123,146.12472828563963
484.74121093749955,8.939911327213437,79.92201453843911
484.80224609374955,8.21268049703368,67.44812094635738
484.86328124999955,11.568011104463515,133.8188809129912
484.92431640624955,11.252927268366674,126.62837210715027
484.98535156249955,8.033460865827188,64.5364934827769
485.04638671874955,9.281158825500528,86.13990914416634
485.10742187499955,12.189140322763564,148.57514180802062
485.16845703124955,9.952929046136182,99.06079659742129
485.22949218749955,7.829691327990807,61.304066291614454
485.29052734374955,10.640972534430302,113.23029647850005
485.35156249999955,11.965409859514908,143.17103310617657
485.41259765624955,8.692044360944115,75.55163517262038
485.47363281249955,8.398294946724965,70.53135801218609
485.53466796874955,11.767022542244872,138.46281950969896
485.59570312499955,10.991107355185804,120.80444089321948
485.65673828124955,7.922326166483863,62.763251888154905
485.71777343749955,9.570203918710085,91.58880304569387
485.77880859374955,12.213224153673586,149.1628442278759
485.83984374999955,9.654880589030059,93.21671918842942
485.90087890624955,7.889525344826804,62.24461016666451
485.96191406249955,10.92429268554459,119.34017067944302
486.02294921874955,11.80570668792677,139.37471040135887
486.08398437499955,8.468612345343486,71.71739505570409
486.14501953124955,8.613780693853998,74.19721784181188
486.20605468749955,11.932466425306883,142.38375499107602
486.26708984374955,10.711547253114997,114.73724455571544
486.32812499999955,7.847470243614582,61.58278922441631
486.38916015624955,9.86820925587555,97.38155391774788
486.45019531249955,12.195287810104682,148.72504477128786
486.51123046874955,9.364423215319572,87.69242215561616
486.57226562499955,7.986647984332083,63.78654602563572
486.63330078124955,11.190435132383321,125.22583845207892
486.69433593749955,11.612248692650018,134.84431969995205
486.75537109374955,8.273223073442766,68.44622002294577
486.81640624999955,8.855530416738086,78.42041896177341
486.87744140624955,12.061147062065082,145.47126845276117
486.93847656249955,10.419627414471515,108.56863545640635
486.99951171874955,7.809996321989085,60.996042549483036
487.06054687499955,10.169498403724214,103.41869778334933
487.12158203124955,12.135730993292713,147.27596674156533
487.18261718749955,9.08679812966608,82.56990024930298
487.24365234374955,8.119771445092148,65.93068832053383
487.30468749999955,11.43421170966027,130.74119742133203
487.36572265624955,11.38882628100094,129.7053640588177
487.42675781249955,8.108917684298135,65.75454601072302
487.48779296874955,9.119329640046546,83.16217308383146
487.54882812499955,12.150591073555992,147.63686343677855
487.60986328124955,10.12091773204085,102.43297573873889
487.67089843749955,7.8105119757783115,61.00409732377642
487.73193359374955,10.468271787900386,109.58471422535115
487.79296874999955,12.035762683325524,144.85958336933123
487.85400390624955,8.826899013996965,77.91414620330059
487.91503906249955,8.286981657696911,68.67406499500504
487.97607421874955,11.650872646301133,135.74283342032797
488.03710937499955,11.139803310064584,124.09521778692587
488.09814453124955,7.978168395854579,63.65117095261282
488.15917968749955,9.400422290094477,88.3679392321051
488.22021484374955,12.199095371171891,148.81792787494746
488.28124999999955,9.821061382730555,96.4532466833614
488.34228515624955,7.849121737225698,61.608712045788955
488.40332031249955,10.758742411665512,115.75053828057024
488.46435546874955,11.897373353952327,141.54749272333484
488.52539062499955,8.58917502820065,73.77392766506563
488.58642578124955,8.485714107301783,72.0073439108605
488.64746093749955,11.83620403903345,140.09572605363178
488.70849609374955,10.87001871165194,118.15730679166329
488.76953124999955,7.882885341146044,62.13988130165518
488.83056640624955,9.693613958313254,93.96615157280554
488.89160156249955,12.205755563985825,148.98046888777094
488.95263671874955,9.52564878739602,90.73798482081928
489.01367187499955,7.9254072599529115,62.81208023611432
489.07470703124955,11.035262887810404,121.77702700308562
489.13574218749955,11.723294528101475,137.43563459261398
489.19677734374955,8.37756046584307,70.18351935885676
489.25781249999955,8.71275041446884,75.91201978482694
489.31884765624955,11.986613743372864,143.67890903281523
489.37988281249955,10.584688223254531,112.03562478350317
489.44091796874955,7.824443354120747,61.22191380184433
489.50195312499955,9.993386534842324,99.86777443476788
489.56298828124955,12.17048525451355,148.12071133033172
489.62402343749955,9.240097552148969,85.37940277322936
489.68505859374955,8.038398913994266,64.6158571005042
489.74609374999955,11.292446491092926,127.51934775419694
489.80712890624955,11.516945165153638,132.64002593715577
489.86816406249955,8.195435004549287,67.16515491379177
489.92919921874955,8.964235992539322,80.35752692993745
489.99023437499955,12.09919134390884,146.3904311765186
490.05126953124955,10.289292573652427,105.86954166621898
490.11230468749955,7.8037099337901505,60.897888730735076
490.17333984374955,10.29401908195574,105.96682885966891
490.23437499999955,12.094009243874217,146.265059590915
490.29541015624955,8.969536585708276,80.45258656235929
490.35644531249955,8.18653486599948,67.01935311222512
490.41748046874955,11.525280769473673,132.83209681519966
490.47851562499955,11.282360246868782,127.291652740125
490.53955078124955,8.045597671143279,64.73164188590614
490.60058593749955,9.235743959044072,85.29896647701906
490.66162109374955,12.171772576673666,148.1520476582651
490.72265624999955,9.989461800142916,99.78934705651454
490.78369140624955,7.821040178931694,61.16866948046391
490.84472656249955,10.589725760461738,112.14229168178693
490.90576171874955,11.977857549941668,143.46907148669462
490.96679687499955,8.718701360416725,76.01575341213245
491.02783203124955,8.367622864548235,70.0171124033104
491.08886718749955,11.729233711855908,137.57492346733713
491.14990234374955,11.024113384817646,121.53107592131558
491.21093749999955,7.930267119694346,62.88913658970525
491.27197265624955,9.522347672540821,90.67510519674359
491.33300781249955,12.202973069302297,148.91255173011714
491.39404296874955,9.690847138537887,93.91251826250794
491.45507812499955,7.87629183875685,62.03597312926776
491.51611328124955,10.874777768088679,118.26079150531578
491.57714843749955,11.824322100191093,139.8145931290675
491.63818359374955,8.491848803373914,72.11149609936298
491.69921874999955,8.578825933876033,73.59625440374398
491.76025390624955,11.900336681960008,141.61801314400293
491.82128906249955,10.74721563775774,115.50264396446453
491.88232421874955,7.851107211373082,61.63988444447442
491.94335937499955,9.818728887567193,96.40743696754649
492.00439453124955,12.192216048650621,148.65013217697378
492.06542968749955,9.399001549085884,88.34123011971886
492.12646484374955,7.968787575960489,63.501575430782246
492.18749999999955,11.143636305193548,124.1806301024277
492.24853515624955,11.636420833047083,135.40628980377218
492.30957031249955,8.292696328399707,68.76881239505398
492.37060546874955,8.816666566231731,77.73360934010843
492.43164062499955,12.03527169115402,144.84776467989332
492.49267578124955,10.457013634073673,109.34913414320269
492.55371093749955,7.809246196646994,60.98432615984554
492.61474609374955,10.119298080978263,102.40019365169036
492.67578124999955,12.139744287530938,147.37339136664005
492.73681640624955,9.119254675892403,83.16080584378545
492.79785156249955,8.097292219558499,65.5661412889226
492.85888671874955,11.391068054264785,129.75643141689173
492.91992187499955,11.41783277237877,130.36690521800665
492.98095703124955,8.124381534992766,66.00557532613142
493.04199218749955,9.07706260132944,82.39306546845357
493.10302734374955,12.13142333826667,147.17143221224123
493.16406249999955,10.15907621562272,103.20682955483126
493.22509765624955,7.805302831223269,60.92275228710198
493.28613281249955,10.418311116946699,108.54120652949517
493.34716796874955,12.046605712038499,145.12070918131857
493.40820312499955,8.856604306273118,78.43943983789553
493.46923828124955,8.259967951743523,68.22707056383008
493.53027343749955,11.6122524362698,134.8444066436539
493.59130859374955,11.172825206917608,124.83202310433349
493.65234374999955,7.989452682131126,63.83135416001224
493.71337890624955,9.355388805718569,87.52329970616431
493.77441406249955,12.186941503141211,148.52154320098578
493.83544921874955,9.859071014728263,97.20128127345498
493.89648437499955,7.839390105692912,61.456037229235925
493.95751953124955,10.710011630991998,114.70434913598388
494.01855468749955,11.914643725085922,141.95873509572934
494.07958984374955,8.61561361463683,74.22879795671551
494.14062499999955,8.454351004329261,71.4760509044032
494.20166015624955,11.802881518197918,139.308012132618
494.26269531249955,10.906168314479588,118.94450730375854
494.32373046874955,7.889878479245573,62.250182417262444
494.38476562499955,9.64656817236241,93.05627750403546
494.44580078124955,12.200763305740782,148.85862524271073
494.50683593749955,9.56264410674669,91.44416231229721
494.56787109374955,7.911108812368676,62.58564264113732
494.62890624999955,10.988750766658377,120.75264341173508
494.68994140624955,11.746448526020412,137.97905297444711
494.75097656249955,8.400333330273629,70.56560005970603
494.81201171874955,8.677339179064264,75.29621522852366
494.87304687499955,11.959246900446663,143.02358642584312
494.93408203124955,10.623028444438186,112.84873333134277
494.99511718749955,7.827069650542864,61.26301931444919
495.05615234374955,9.945179646816825,98.90659820745964
495.11718749999955,12.172642018728922,148.17321371612493
495.17822265624955,9.275288708181927,86.03098062012717
495.23925781249955,8.01952790454758,64.3128278118173
495.30029296874955,11.249112925586097,126.5425416125882
495.36132812499955,11.545316792713349,133.29433984410886
495.42236328124955,8.214250348555586,67.47390878874556
495.48339843749955,8.925210344367184,79.65937969119898
495.54443359374955,12.078309532801656,145.88556117016736
495.60546874999955,10.328871572463983,106.6855879604546
495.66650390624955,7.801906486569586,60.86974482517658
495.72753906249955,10.245577143535407,104.97185100413515
495.78857421874955,12.103145034812538,146.4861197337074
495.84960937499955,9.002229868492602,81.04014260518034
495.91064453124955,8.163140716968224,66.63686636502449
495.97167968749955,11.48603096594527,131.92890735065365
496.03271484374955,11.315176356027719,128.03321596800873
496.09374999999955,8.060252549778088,64.96767116620417
496.15478515624955,9.193666065575414,84.52349572531291
496.21582031249955,12.157757890738068,147.81107692980376
496.27685546874955,10.029334376163172,100.58754802888832
496.33789062499955,7.814759691777934,61.07046904023715
496.39892578124955,10.542017707726977,111.13413735002915
496.45996093749955,11.993643831940066,143.84749236743397
496.52099609374955,8.748317450614262,76.53305821672203
496.58203124999955,8.339840444340702,69.55293863706092
496.64306640624955,11.694890327398905,136.77045976988848
496.70410156249955,11.060516056661712,122.33501543967154
496.76513671874955,7.940635129395893,63.05368625819614
496.82617187499955,9.47790510293325,89.83068514020813
496.88720703124955,12.196059002504189,148.74385519256347
496.94824218749955,9.730108162780985,94.67500485941714
497.00927734374955,7.865495592005564,61.86602090785895
497.07031249999955,10.82879131241368,117.26272128780599
497.13134765624955,11.846287419167666,140.33452561753012
497.19238281249955,8.517924087911245,72.55503076741861
497.25341796874955,8.546896325869476,73.04943680516114
497.31445312499955,11.871619807978083,140.9353568651776
497.37548828124955,10.78628385103287,116.34391931505247
497.43652343749955,7.85710857376466,61.73415513992613
497.49755859374955,9.77271699465988,95.50599745771405
497.55859374999955,12.192474807518488,148.656441931973
497.61962890624955,9.436810055807982,89.05338402939864
497.68066406249955,7.953463419121367,63.25758035930175
497.74169921874955,11.10034499641678,123.21765903947504
497.80273437499955,11.663961355150791,136.04799449445107
497.86376953124955,8.314884938419013,69.13731153914735
497.92480468749955,8.78095102224312,77.10510085503248
497.98583984374955,12.012777302094275,144.3068185097114
498.04687499999955,10.497795839329589,110.20371748424563
498.10791015624955,7.810832407884882,61.00910290406474
498.16894531249955,10.072594933199348,101.45716868831317
498.22998046874955,12.147085435765975,147.55168458379788
498.29101562499955,9.15485697174637,83.81140617313311
498.35205078124955,8.077469764875,65.24551780246978
498.41308593749955,11.351401785629248,128.85432249878687
498.47412109374955,11.450226164597076,131.10767922042348
498.53515624999955,8.14243994760371,66.29932830033272
498.59619140624955,9.038052064584573,81.68638512214146
498.65722656249955,12.11561300015606,146.78807836955053
498.71826171874955,10.200613470540505,104.0525151753724
498.77929687499955,7.802436762272545,60.878019429262075
498.84033203124955,10.37186147460264,107.57551044834646
498.90136718749955,12.060785196179154,145.46253954837422
498.96240234374955,8.889354556449792,79.02062443027468
499.02343749999955,8.235742897743728,67.82746107773626
499.08447265624955,11.577076842765699,134.0287082233018
499.14550781249955,11.209251899224013,125.64732814025713
499.20654296874955,8.00322681456653,64.05163944539672
499.26757812499955,9.313698700896829,86.74498349108728
499.32861328124955,12.178126420124375,148.3067631045313
499.38964843749955,9.90042746040998,98.01846389883998
499.45068359374955,7.8320460889219765,61.340945938998026
499.51171874999955,10.664789501837497,113.73773511850328
499.57275390624955,11.935262985806698,142.4505025403674
499.63378906249955,8.644981529489398,74.73570564521285
499.69482421874955,8.425911501721055,70.99598463483517
499.75585937499955,11.772971754041707,138.60286392146386
499.81689453124955,10.945732887165196,119.80906843716974
499.87792968749955,7.899276960163942,62.39857649337688
499.93896484374955,9.602932147561456,92.21630583066927
499.99999999999955,12.199100812664255,148.8180606375457
