time_s,dc_potential_V,filtered_dc_current_mA
1.0,1.2999624255550242,8.304852478026632
1.001,1.300059699986804,8.287970990781957
1.002,1.3001570223635754,8.272773168947618
1.003,1.300254395160308,8.259269190933965
1.004,1.300351820796021,8.247467613122112
1.005,1.3004493016316154,8.237375365761714
1.006,1.3005468399677615,8.22899775039195
1.007,1.3006444380428568,8.222338438776966
1.008,1.3007420980310405,8.217399473359883
1.009,1.3008398220402808,8.21418126922598
1.01,1.3009376121105276,8.212682617576128
1.011,1.3010354702119327,8.212900690698305
1.012,1.3011333982431463,8.214831048433751
1.013,1.3012313980296826,8.218467646125418
1.014,1.3013294713223582,8.223802844041643
1.015,1.3014276197958095,8.230827418259054
1.016,1.3015258450470828,8.23953057299613
1.017,1.3016241485943074,8.24989995437764
1.018,1.3017225318754404,8.261921665621742
1.019,1.3018209962470972,8.27558028362381
1.02,1.3019195429834582,8.290858876924773
1.021,1.3020181732752614,8.30773902504589
1.022,1.3021168882288736,8.326200839161515
1.023,1.3022156888654475,8.346222984095931
1.024,1.3023145761201604,8.367782701616989
1.025,1.3024135508415355,8.390855835004658
1.026,1.3025126137908543,8.415416854866294
1.027,1.3026117656416443,8.4414388861737
1.028,1.302711006979262,8.468893736497165
1.029,1.3028103383005532,8.497751925401758
1.03,1.3029097600136055,8.527982714983324
1.031,1.3030092724375768,8.559554141508613
1.032,1.3031088758026244,8.592433048128441
1.033,1.3032085702499026,8.626585118634921
1.034,1.3033083558316605,8.661974912226071
1.035,1.303408232511413,8.698565899245494
1.036,1.3035082001642024,8.736320497858117
1.037,1.3036082585769468,8.775200111634774
1.038,1.3037084074488643,8.815165167998032
1.039,1.303808646391986,8.85617515750107
1.04,1.303908974931751,8.898188673895817
1.041,1.3040093925076799,8.941163454955557
1.042,1.3041098984741317,8.985056424009258
1.043,1.3042104921011428,9.029823732150874
1.044,1.3043111725753378,9.075420801078906
1.045,1.3044119390009252,9.121802366532648
1.046,1.3045127904007658,9.168922522274329
1.047,1.3046137257175208,9.216734764583151
1.048,1.3047147438148667,9.265192037213438
1.049,1.3048158434787933,9.314246776779754
1.05,1.3049170234189638,9.363850958519208
1.051,1.305018282270151,9.413956142395364
1.052,1.30511961859374,9.464513519493124
1.053,1.3052210308792982,9.515473958665666
1.054,1.3053225175462102,9.566788053390638
1.055,1.3054240769453778,9.61840616878419
1.056,1.3055257073609794,9.670278488738859
1.057,1.3056274070122915,9.722355063134302
1.058,1.3057291740555692,9.774585855078982
1.059,1.3058310065859802,9.826920788140484
1.06,1.305932902639594,9.879309793515688
1.061,1.306034860195427,9.931702857106387
1.062,1.3061368771775308,9.984050066444041
1.063,1.3062389514571355,10.036301657432261
1.064,1.3063410808548357,10.088408060857006
1.065,1.3064432631428193,10.140319948622192
1.066,1.306545496047141,10.191988279672358
1.067,1.3066477772500311,10.243364345556017
1.068,1.3067501043922474,10.29439981558778
1.069,1.3068524750754524,10.34504678157299
1.07,1.3069548868646343,10.395257802047894
1.071,1.3070573372905465,10.44498594599932
1.072,1.3071598238521842,10.494184836023294
1.073,1.3072623440192788,10.542808690879866
1.074,1.3073648952348211,10.590812367412184
1.075,1.3074674749175992,10.638151401787155
1.076,1.3075700804647579,10.684782050020033
1.077,1.3076727092543716,10.730661327751534
1.078,1.3077753586480299,10.775747049235008
1.079,1.3078780259934362,10.819997865505457
1.08,1.3079807086270083,10.863373301689933
1.081,1.3080834038764904,10.905833793432947
1.082,1.3081861090635625,10.947340722397342
1.083,1.3082888215064552,10.987856450814576
1.084,1.3083915385225566,11.027344355051895
1.085,1.3084942574310199,11.065768858167473
1.086,1.3085969755553586,11.103095461422498
1.087,1.3086996902260357,11.139290774727328
1.088,1.3088023987830384,11.174322545989696
1.089,1.3089050985784394,11.208159689346104
1.09,1.30900778697894,11.240772312243593
1.091,1.3091104613683944,11.272131741358095
1.092,1.3092131191503118,11.302210547318595
1.093,1.3093157577503347,11.330982568222083
1.094,1.3094183746186894,11.358422931916891
1.095,1.3095209672326082,11.384508077036259
1.096,1.309623533098721,11.409215772763275
1.097,1.3097260697554134,11.432525137316134
1.098,1.3098285747751466,11.454416655128085
1.099,1.3099310457667444,11.474872192722444
1.1,1.310033480377635,11.493875013255632
1.101,1.310135876296056,11.511409789730322
1.102,1.310238231253209,11.527462616856951
1.103,1.3103405430253754,11.542021021561965
1.104,1.3104428094359788,11.555073972133727
1.105,1.3105450283576,11.566611885998697
1.106,1.3106471977139396,11.576626636124388
1.107,1.3107493154817276,11.58511155604316
1.108,1.3108513796925767,11.592061443497215
1.109,1.31095338843478,11.597472562701142
1.11,1.3110553398550504,11.601342645225401
1.111,1.3111572321601976,11.60367088949829
1.112,1.3112590636187467,11.604457958932727
1.113,1.311360832562492,11.603705978677539
1.114,1.311462537387985,11.601418531004242
1.115,1.3115641765579604,11.59760064933198
1.116,1.3116657486026944,11.592258810897363
1.117,1.3117672521212878,11.585400928082976
1.118,1.3118686857828925,11.577036338411062
1.119,1.3119700483278587,11.567175793213025
1.12,1.3120713385688105,11.555831444991668
1.121,1.3121725553916561,11.543016833489077
1.122,1.3122736977565175,11.528746870468694
1.123,1.3123747646985926,11.51303782323923
1.124,1.3124757553289388,11.495907296926745
1.125,1.3125766688351825,11.477374215523355
1.126,1.312677504482155,11.457458801723249
1.127,1.3127782616124495,11.436182555572131
1.128,1.3128789396469043,11.413568231953576
1.129,1.3129795380850058,11.389639816927527
1.13,1.31308005650522,11.36442250295461
1.131,1.313180494565239,11.337942663022844
1.132,1.3132808520021582,11.310227823708942
1.133,1.3133811286325723,11.28130663719547
1.134,1.3134813243525925,11.251208852278396
1.135,1.3135814391377898,11.219965284385964
1.136,1.3136814730430606,11.18760778464653
1.137,1.3137814262024137,11.154169208029316
1.138,1.3138812988286828,11.119683380590558
1.139,1.313981091213162,11.084185065863295
1.14,1.3140808037251703,11.047709930413617
1.141,1.3141804368115326,11.010294508605938
1.142,1.3142799909959935,10.971976166605003
1.143,1.314379466878556,10.932793065653328
1.144,1.314478865134746,10.892784124658064
1.145,1.3145781865148085,10.851988982125604
1.146,1.3146774318428243,10.810447957475091
1.147,1.3147766020157707,10.768202011776296
1.148,1.3148756980024987,10.725292707940255
1.149,1.3149747208426512,10.681762170410494
1.15,1.3150736716455125,10.637653044384294
1.151,1.3151725515887915,10.593008454609674
1.152,1.3152713619173404,10.547871963793582
1.153,1.315370103941813,10.50228753066348
1.154,1.3154687790372601,10.45629946771858
1.155,1.3155673886416623,10.409952398716271
1.156,1.3156659342544088,10.363291215927774
1.157,1.3157644174347194,10.3163610372076
1.158,1.3158628398000054,10.269207162918605
1.159,1.315961203024184,10.221875032746752
1.16,1.3160595088359375,10.174410182454068
1.161,1.3161577590169216,10.126858200605355
1.162,1.3162559553999278,10.079264685312083
1.163,1.3163540998669991,10.031675201030453
1.164,1.3164521943474998,9.984135235459632
1.165,1.3165502408161436,9.936690156575253
1.166,1.3166482412909806,9.889385169841077
1.167,1.316746197831349,9.842265275639264
1.168,1.3168441125357853,9.795375226955542
1.169,1.3169419875399027,9.748759487363458
1.17,1.3170398250142403,9.702462189342071
1.171,1.3171376271620747,9.656527092969824
1.172,1.3172353962172119,9.610997545029448
1.173,1.3173331344417478,9.565916438563661
1.174,1.3174308441238076,9.521326172919402
1.175,1.3175285275752617,9.477268614317012
1.176,1.3176261871294281,9.433785056977555
1.177,1.3177238251387509,9.390916184851818
1.178,1.3178214439724665,9.348702033974476
1.179,1.317919046014263,9.307181955492254
1.18,1.3180166336599213,9.266394579386244
1.181,1.3181142093149536,9.226377778930171
1.182,1.3182117753922364,9.187168635914972
1.183,1.3183093343096384,9.148803406668435
1.184,1.318406888487649,9.111317488905655
1.185,1.3185044403470085,9.07474538943623
1.186,1.318601992306341,9.039120692759468
1.187,1.3186995467797964,9.004476030575063
1.188,1.3187971061746955,8.97084305223764
1.189,1.3188946728891913,8.938252396180587
1.19,1.3189922493099406,8.906733662335427
1.191,1.3190898378097904,8.87631538557089
1.192,1.3191874407454824,8.847025010175273
1.193,1.3192850604553796,8.81888886540709
1.194,1.3193826992572069,8.791932142130179
1.195,1.3194803594458273,8.766178870558804
1.196,1.3195780432910322,8.741651899131313
1.197,1.3196757530353689,8.718372874528342
1.198,1.3197734908919936,8.696362222855242
1.199,1.3198712590425585,8.675639132004434
1.2,1.3199690596351306,8.656221535211088
1.201,1.3200668947821508,8.63812609581933
1.202,1.320164766558428,8.62136819326706
1.203,1.3202626769991737,8.605961910307812
1.204,1.3203606280980802,8.591920021469917
1.205,1.3204586218054395,8.579253982774517
1.206,1.3205566600263103,8.567973922710337
1.207,1.3206547446187302,8.558088634476093
1.208,1.3207528773919783,8.549605569498453
1.209,1.3208510601048882,8.542530832224884
1.21,1.320949294464209,8.536869176198692
1.211,1.3210475821230265,8.532624001417332
1.212,1.3211459246792334,8.529797352973105
1.213,1.3212443236740596,8.528389920978071
1.214,1.321342780590657,8.528401041771701
1.215,1.3214412968527454,8.529828700405602
1.216,1.3215398738233188,8.532669534404405
1.217,1.3216385128034114,8.536918838796922
1.218,1.3217372150309266,8.542570572410327
1.219,1.32183598167953,8.549617365420033
1.22,1.321934813857607,8.558050528148115
1.221,1.3220337126072832,8.567860061097434
1.222,1.322132678903516,8.579034666213914
1.223,1.3222317136532464,8.59156175936181
1.224,1.3223308176946251,8.605427484001765
1.225,1.3224299917963034,8.620616726053314
1.226,1.322529236656793,8.637113129929844
1.227,1.3226285529038966,8.654899115728114
1.228,1.3227279410942059,8.673955897554052
1.229,1.3228274017126742,8.694263502967345
1.23,1.322926935172256,8.715800793525489
1.231,1.3230265418136165,8.738545486401776
1.232,1.3231262219049174,8.76247417706567
1.233,1.3232259756416676,8.787562362990641
1.234,1.3233258031466484,8.813784468375431
1.235,1.3234257044699105,8.841113869848272
1.236,1.3235256795888388,8.869522923132834
1.237,1.3236257284082915,8.898982990646417
1.238,1.3237258507608063,8.929464470004348
1.239,1.3238260464068807,8.960936823404197
1.24,1.3239263150353182,8.993368607855913
1.241,1.3240266562636482,9.026727506236199
1.242,1.3241270696386098,9.060980359130696
1.243,1.3242275546367095,9.096093197433746
1.244,1.3243281106648421,9.132031275675345
1.245,1.3244287370609809,9.168759106044988
1.246,1.3245294330949333,9.206240493074475
1.247,1.3246301979691624,9.244438568951125
1.248,1.3247310308196727,9.283315829421952
1.249,1.324831930716959,9.322834170260592
1.25,1.3249328966670197,9.362954924256698
1.251,1.3250339276124286,9.403638898695476
1.252,1.325135022433469,9.444846413286868
1.253,1.3252361799493275,9.48653733851576
1.254,1.3253373989193427,9.528671134368466
1.255,1.3254386780443153,9.571206889402958
1.256,1.3255400159678674,9.614103360125242
1.257,1.3256414112778616,9.657319010632136
1.258,1.3257428625078675,9.700812052485489
1.259,1.3258443681386847,9.744540484777389
1.26,1.3259459265999063,9.788462134350468
1.261,1.3260475362715403,9.83253469613247
1.262,1.3261491954856703,9.87671577355087
1.263,1.3262509025281628,9.920962918984586
1.264,1.3263526556404164,9.965233674216904
1.265,1.3264544530211535,10.009485610852451
1.266,1.3265562928282484,10.053676370657612
1.267,1.3266581731805975,10.097763705788708
1.268,1.3267600921600156,10.1417055188667
1.269,1.3268620478131783,10.185459902864238
1.27,1.3269640381535857,10.228985180767268
1.271,1.3270660611635603,10.272239944969627
1.272,1.3271681147962704,10.315183096369708
1.273,1.3272701969777825,10.357773883128061
1.274,1.3273723056091322,10.399971939051724
1.275,1.3274744385684214,10.441737321568695
1.276,1.3275765937129331,10.483030549257649
1.277,1.3276787688812608,10.523812638896885
1.278,1.3277809618954586,10.564045141999017
1.279,1.3278831705632,10.603690180797173
1.28,1.327985392679948,10.64271048364732
1.281,1.3280876260311396,10.681069419818968
1.282,1.3281898683943674,10.718731033636033
1.283,1.328292117541574,10.75566007793691
1.284,1.3283943712412467,10.791822046830717
1.285,1.3284966272606082,10.82718320770799
1.286,1.3285988833678135,10.861710632482314
1.287,1.3287011373341342,10.89537222803834
1.288,1.3288033869361442,10.92813676584673
1.289,1.3289056299578914,10.959973910731705
1.29,1.3290078641930636,10.990854248753195
1.291,1.3291100874471375,11.02074931418953
1.292,1.3292122975395169,11.049631615584573
1.293,1.3293144923056543,11.077474660846605
1.294,1.3294166695991494,11.104252981366344
1.295,1.329518827293834,11.129942155138977
1.296,1.3296209632858262,11.154518828868206
1.297,1.329723075495569,11.177960739028734
1.298,1.3298251618698322,11.200246731873023
1.299,1.329927220383696,11.221356782362193
1.3,1.3300292490424965,11.241272012002838
1.301,1.3301312458837427,11.259974705578173
1.302,1.3302332089789979,11.277448326754936
1.303,1.3303351364357274,11.293677532553062
1.304,1.3304370263991063,11.308648186667156
1.305,1.3305388770537874,11.322347371626961
1.306,1.330640686625631,11.334763399788272
1.307,1.330742453383391,11.345885823141202
1.308,1.3308441756403542,11.355705441931974
1.309,1.3309458517559385,11.364214312089828
1.31,1.331047480137238,11.371405751451263
1.311,1.3311490592405264,11.37727434477965
1.312,1.331250587572703,11.381815947575205
1.313,1.3313520636926934,11.3850276886741
1.314,1.3314534862127936,11.386907971632311
1.315,1.3315548537999604,11.387456474899281
1.316,1.3316561651770493,11.386674150777367
1.317,1.331757419123993,11.384563223172648
1.318,1.3318586144789237,11.381127184137952
1.319,1.3319597501392377,11.376370789216026
1.32,1.3320608250625994,11.370300051582845
1.321,1.3321618382678844,11.362922235004703
1.322,1.332262788836065,11.354245845610649
1.323,1.3323636759110293,11.344280622493528
1.324,1.332464498700339,11.333037527147354
1.325,1.3325652564759265,11.320528731752418
1.326,1.332665948574725,11.306767606323291
1.327,1.3327665743992345,11.291768704726138
1.328,1.3328671334180249,11.275547749588455
1.329,1.3329676251661713,11.258121616109918
1.33,1.3330680492456255,11.239508314793028
1.331,1.3331684053255195,11.219726973111847
1.332,1.3332686931424058,11.198797816135937
1.333,1.3333689125004289,11.17674214612866
1.334,1.3334690632714297,11.153582321142338
1.335,1.3335691453949874,11.129341732628646
1.336,1.3336691588783904,11.104044782087485
1.337,1.3337691037965442,11.077716856779134
1.338,1.3338689802918116,11.050384304521245
1.339,1.3339687885737863,11.022074407595397
1.34,1.334068528919005,10.99281535579128
1.341,1.3341682016705871,10.962636218612658
1.342,1.3342678072378171,10.931566916672267
1.343,1.334367346095659,10.899638192306014
1.344,1.3344668187842053,10.866881579430597
1.345,1.3345662259080668,10.83332937267896
1.346,1.3346655681356985,10.799014595839878
1.347,1.3347648461986608,10.763970969633874
1.348,1.3348640608908247,10.728232878855266
1.349,1.3349632130675146,10.691835338915112
1.35,1.33506230364459,10.654813961813531
1.351,1.3351613335974717,10.617204921577525
1.352,1.3352603039601114,10.579044919193066
1.353,1.3353592158239014,10.540371147074268
1.354,1.3354580703365337,10.501221253089824
1.355,1.3355568687008024,10.461633304197306
1.356,1.3356556121733538,10.42164574970434
1.357,1.3357543020633877,10.381297384207429
1.358,1.3358529397313053,10.340627310229351
1.359,1.3359515265873114,10.299674900601147
1.36,1.3360500640899668,10.258479760621753
1.361,1.336148553744698,10.21708169002865
1.362,1.3362469971022606,10.17552064481886
1.363,1.3363453957571603,10.133836698956458
1.364,1.3364437513460332,10.09207000600128
1.365,1.3365420655459883,10.05026076069791
1.366,1.336640340072908,10.008449160558072
1.367,1.3367385766797197,9.96667536747809
1.368,1.3368367771546241,9.92497946941971
1.369,1.336934943319299,9.883401442202214
1.37,1.3370330770270664,9.841981111427785
1.371,1.3371311801610373,9.800758114591474
1.372,1.337229254632221,9.759771863397646
1.373,1.3373273023776178,9.719061506328714
1.374,1.3374253253582808,9.678665891496195
1.375,1.3375233255573624,9.638623529810644
1.376,1.3376213049781402,9.598972558505238
1.377,1.3377192656420198,9.559750705048273
1.378,1.337817209586531,9.52099525147544
1.379,1.3379151388633037,9.482742999179251
1.38,1.3380130555360354,9.445030234187257
1.381,1.3381109616784475,9.407892692959535
1.382,1.3382088593722365,9.371365528741464
1.383,1.3383067507050181,9.335483278499908
1.384,1.3384046377682663,9.300279830475418
1.385,1.3385025226552538,9.26578839238121
1.386,1.3386004074589928,9.232041460276548
1.387,1.338698294270176,9.199070788145491
1.388,1.3387961851751238,9.166907358209315
1.389,1.3388940822537403,9.135581351999136
1.39,1.3389919875774712,9.105122122215349
1.391,1.339089903207281,9.075558165403152
1.392,1.3391878311916359,9.046917095463925
1.393,1.3392857735645032,9.01922561803336
1.394,1.33938373234337,8.992509505744351
1.395,1.3394817095272762,8.966793574401933
1.396,1.3395797070948698,8.942101660087658
1.397,1.3396777270024838,8.918456597220526
1.398,1.339775771182238,8.895880197587559
1.399,1.3398738415401643,8.874393230368938
1.4,1.3399719399543644,8.854015403172255
1.401,1.3400700682731896,8.83476534409617
1.402,1.3401682283134615,8.816660584835901
1.403,1.3402664218587126,8.799717544850111
1.404,1.3403646506574765,8.78395151659872
1.405,1.3404629164216029,8.769376651870942
1.406,1.3405612208246134,8.756005949208301
1.407,1.3406595655001012,8.743851242441153
1.408,1.3407579520401638,8.73292319034121
1.409,1.3408563819938843,8.723231267407755
1.41,1.3409548568658562,8.714783755786726
1.411,1.341053378114749,8.70758773833559
1.412,1.3411519471519235,8.70164909283595
1.413,1.3412505653400981,8.696972487363695
1.414,1.3413492339920554,8.693561376811061
1.415,1.3414479543694096,8.691418000574487
1.416,1.3415467276814175,8.690543381399408
1.417,1.341645555083845,8.690937325389996
1.418,1.3417444376778902,8.69259842317554
1.419,1.3418433765091544,8.695524052239904
1.42,1.3419423725666766,8.69971038040245
1.421,1.3420414267820167,8.70515237045386
1.422,1.342140540028403,8.711843785935173
1.423,1.342239713119933,8.719777198058509
1.424,1.3423389468108367,8.728943993758605
1.425,1.3424382417947947,8.739334384869792
1.426,1.342537598704322,8.750937418416129
1.427,1.3426370181102092,8.76374098800423
1.428,1.3427365005210237,8.777731846309607
1.429,1.3428360463826765,8.792895618643001
1.43,1.3429356560780479,8.809216817578815
1.431,1.3430353299266744,8.826678858638374
1.432,1.3431350681845033,8.845264077004643
1.433,1.3432348710437034,8.864953745259697
1.434,1.3433347386325434,8.885728092118029
1.435,1.343434671015331,8.907566322146536
1.436,1.343534668192415,8.930446636443264
1.437,1.3436347301002507,8.9543462542633
1.438,1.343734856611527,8.979241435561136
1.439,1.343835047535358,9.005107504434946
1.44,1.3439353026175342,9.031918873445136
1.441,1.3440356215408369,9.059649068786797
1.442,1.344136003925415,9.088270756288765
1.443,1.3442364493292207,9.117755768214792
1.444,1.3443369572485087,9.14807513084115
1.445,1.344437527118392,9.17919909278369
1.446,1.3445381583134604,9.211097154047778
1.447,1.3446388501484565,9.24373809576936
1.448,1.344739601879009,9.27709001062351
1.449,1.3448404127024234,9.311120333867436
1.45,1.344941281758532,9.34579587498719
1.451,1.3450422081305962,9.381082849923075
1.452,1.345143190846262,9.41694691383428
1.453,1.345244228878577,9.45335319437973
1.454,1.3453453211470507,9.490266325475488
1.455,1.3454464665187709,9.527650481503045
1.456,1.3455476638095711,9.56546941192859
1.457,1.3456489117852448,9.603686476307644
1.458,1.3457502091628106,9.642264679633712
1.459,1.3458515546118197,9.681166708004
1.46,1.345952946755713,9.72035496456185
1.461,1.3460543841732202,9.759791605687184
1.462,1.346155865399802,9.799438577395023
1.463,1.3462573889291316,9.839257651911296
1.464,1.3463589532146198,9.879210464388294
1.465,1.3464605566709726,9.919258549727019
1.466,1.3465621976757922,9.959363379468414
1.467,1.346663874571205,9.999486398721544
1.468,1.34676558566553,10.039589063088854
1.469,1.3468673292349755,10.07963287556045
1.47,1.3469691035253648,10.119579423334756
1.471,1.3470709067538906,10.159390414534343
1.472,1.347172737110901,10.199027714782616
1.473,1.3472745927617007,10.238453383603613
1.474,1.3473764718483823,10.277629710613581
1.475,1.3474783724916792,10.316519251468094
1.476,1.3475802927928284,10.355084863529072
1.477,1.3476822308354655,10.39328974122374
1.478,1.3477841846875216,10.431097451053134
1.479,1.347886152403141,10.468471966226176
1.48,1.3479881320246108,10.505377700878284
1.481,1.3480901215842949,10.54177954385112
1.482,1.3481921191065838,10.577642891989996
1.483,1.3482941226098442,10.612933682939541
1.484,1.348396130108375,10.647618427398271
1.485,1.3484981396143654,10.681664240805304
1.486,1.3486001491398534,10.715038874427862
1.487,1.3487021566986845,10.747710745822161
1.488,1.3488041603084606,10.779648968636508
1.489,1.3489061579924913,10.810823381730444
1.49,1.3490081477817326,10.84120457758182
1.491,1.34911012771672,10.870763929955444
1.492,1.3492120958494842,10.899473620806845
1.493,1.3493140502454637,10.927306666397953
1.494,1.3494159889853918,10.954236942595557
1.495,1.3495179101671748,10.980239209335338
1.496,1.3496198119077472,11.005289134222267
1.497,1.349721692344909,11.02936331525207
1.498,1.3498235496391402,11.052439302624123
1.499,1.3499253819753905,11.074495619635655
1.5,1.3500271875648442,11.09551178262737
1.501,1.3501289646466577,11.115468319972138
1.502,1.350230711489668,11.134346790080059
1.503,1.350332426394069,11.152129798410584
1.504,1.3504341076930604,11.168801013470343
1.505,1.3505357537544567,11.184345181787776
1.506,1.350637362982262,11.198748141845343
1.507,1.350738933818213,11.211996836958889
1.508,1.350840464743277,11.224079327095055
1.509,1.350941954279114,11.23498479961107
1.51,1.3510434009894965,11.244703578911583
1.511,1.3511448034816858,11.253227135011642
1.512,1.351246160407766,11.2605480909981
1.513,1.351347470465931,11.266660229386048
1.514,1.3514487324017281,11.2715584973609
1.515,1.3515499450092503,11.275239010902283
1.516,1.351651107132282,11.27769905779094
1.517,1.3517522176653944,11.278937099489951
1.518,1.3518532755549904,11.278952771904343
1.519,1.3519542798002975,11.277746885015418
1.52,1.352055229454308,11.275321421392675
1.521,1.3521561236246653,11.271679533586592
1.522,1.3522569614744961,11.266825540400674
1.523,1.3523577422231856,11.260764922052815
1.524,1.3524584651471023,11.2535043142274
1.525,1.3525591295802573,11.24505150102516
1.526,1.3526597349149156,11.235415406819186
1.527,1.3527602806021428,11.224606087024156
1.528,1.3528607661522978,11.212634717789214
1.529,1.3529611911354644,11.19951358462528
1.53,1.353061555181825,11.18525606997514
1.531,1.353161857981974,11.169876639744245
1.532,1.3532620992871727,11.153390828799658
1.533,1.353362278909545,11.135815225456582
1.534,1.3534623967222092,11.117167454964843
1.535,1.3535624526593564,11.097466162012054
1.536,1.3536624467162606,11.076730992261773
1.537,1.3537623789492372,11.054982572944724
1.538,1.353862249475534,11.032242492520055
1.539,1.3539620584731697,11.00853327942896
1.54,1.3540618061807055,10.983878379961709
1.541,1.3541614928969627,10.958302135255934
1.542,1.354261118980679,10.931829757453414
1.543,1.354360684850108,10.904487305036938
1.544,1.3544601909825567,10.876301657367037
1.545,1.3545596379138705,10.847300488452362
1.546,1.3546590262378575,10.817512239968664
1.547,1.354758356605656,10.786966093562086
1.548,1.3548576297250499,10.755691942454959
1.549,1.354956846359725,10.723720362390566
1.55,1.355056007328472,10.691082581936001
1.551,1.3551551135043385,10.657810452178666
1.552,1.3552541658137238,10.623936415842692
1.553,1.3553531652354263,10.58949347585461
1.554,1.355452112799638,10.554515163390533
1.555,1.3555510095868892,10.51903550543416
1.556,1.3556498567269453,10.483088991876727
1.557,1.3557486553976552,10.446710542193031
1.558,1.3558474068237547,10.409935471721639
1.559,1.3559461122756242,10.372799457584904
1.56,1.3560447730680005,10.335338504279605
1.561,1.3561433905586509,10.297588908973864
1.562,1.3562419661469987,10.259587226539765
1.563,1.3563405012727165,10.221370234358332
1.564,1.356438997414276,10.182974896929224
1.565,1.3565374560874646,10.144438330320853
1.566,1.3566358788438597,10.105797766491747
1.567,1.3567342672692777,10.067090517520484
1.568,1.3568326229821843,10.028353939775144
1.569,1.3569309476320768,9.9896253980627
1.57,1.357029242897835,9.95094222978311
1.571,1.3571275104860485,9.912341709132832
1.572,1.3572257521293125,9.873861011382402
1.573,1.3573239695845023,9.835537177270254
1.574,1.3574221646310272,9.797407077541152
1.575,1.3575203390690598,9.759507377666026
1.576,1.3576184947177488,9.721874502774611
1.577,1.3577166334134116,9.684544602837889
1.578,1.3578147570077168,9.647553518128774
1.579,1.3579128673658445,9.610936744998511
1.58,1.3580109663646451,9.574729401997232
1.581,1.3581090558907796,9.538966196375071
1.582,1.3582071378388543,9.503681390991787
1.583,1.3583052141095506,9.468908771669518
1.584,1.3584032866077498,9.434681615016345
1.585,1.358501357240651,9.40103265675593
1.586,1.358599427915895,9.367994060587492
1.587,1.3586975005396844,9.33559738761133
1.588,1.3587955770149072,9.303873566343754
1.589,1.3588936592392653,9.272852863354373
1.59,1.358991749103412,9.242564854550437
1.591,1.3590898484890916,9.213038397136486
1.592,1.359187959267298,9.18430160227497
1.593,1.359286083296434,9.156381808477178
1.594,1.3593842224204966,9.129305555742846
1.595,1.3594823784672672,9.103098560480092
1.596,1.3595805532465268,9.07778569122533
1.597,1.3596787485482842,9.05339094518473
1.598,1.359776966141029,9.029937425625405
1.599,1.359875207770006,9.007447320129174
1.6,1.3599734751555108,8.98594187973633
1.601,1.3600717699912184,8.965441398996077
1.602,1.3601700939425292,8.945965196942083
1.603,1.3602684486449517,8.927531599010095
1.604,1.3603668357025132,8.9101579199193
1.605,1.3604652566862026,8.893860447526265
1.606,1.3605637131324457,8.878654427672544
1.607,1.3606622065416183,8.864554050036688
1.608,1.3607607383765905,8.851572435003277
1.609,1.3608593100613184,8.839721621567364
1.61,1.3609579229794628,8.829012556273469
1.611,1.3610565784730588,8.819455083213583
1.612,1.361155277841222,8.811057935079148
1.613,1.3612540223388983,8.80382872528942
1.614,1.3613528131756605,8.797773941190059
1.615,1.3614516515145456,8.792898938335838
1.616,1.3615505384709454,8.789207935862663
1.617,1.3616494751115373,8.786704012948078
1.618,1.36174846245327,8.785389106366125
1.619,1.361847501462394,8.785264009140135
1.62,1.3619465930535457,8.786328370290107
1.621,1.362045738088883,8.788580695679443
1.622,1.3621449373772696,8.792018349953068
1.623,1.3622441916735153,8.796637559573469
1.624,1.3623435016776704,8.80243341694225
1.625,1.3624428680343732,8.809399885609494
1.626,1.36254229133225,8.817529806562433
1.627,1.3626417721033768,8.82681490558734
1.628,1.36274131082279,8.837245801696895
1.629,1.3628409079080581,8.848812016617202
1.63,1.3629405637189091,8.861501985319876
1.631,1.3630402785569145,8.875303067594345
1.632,1.3631400526652295,8.890201560642907
1.633,1.363239886228395,8.906182712693976
1.634,1.363339779372192,8.923230737610737
1.635,1.3634397321635578,8.941328830487791
1.636,1.363539744610558,8.960459184219047
1.637,1.3636398166624173,8.980603007017251
1.638,1.3637399482096102,9.001740540873541
1.639,1.3638401390840023,9.023851080933227
1.64,1.3639403890590593,9.046912995774122
1.641,1.364040697850104,9.070903748562742
1.642,1.3641410651146377,9.095799919072832
1.643,1.3642414904527107,9.121577226539515
1.644,1.3643419734073576,9.148210553332774
1.645,1.3644425134650813,9.175673969420387
1.646,1.364543110056396,9.203940757603817
1.647,1.3646437625564223,9.23298343949665
1.648,1.3647444702855398,9.262773802223606
1.649,1.364845232510091,9.293282925814921
1.65,1.3649460484431375,9.324481211264668
1.651,1.3650469172452673,9.356338409234269
1.652,1.3651478380254587,9.388823649364298
1.653,1.365248809841986,9.421905470173229
1.654,1.365349831703381,9.455551849511806
1.655,1.36545090256944,9.489730235540662
1.656,1.3655520213522794,9.524407578208738
1.657,1.365653186917436,9.559550361193175
1.658,1.3657543980850126,9.59512463427859
1.659,1.3658556536308708,9.63109604613642
1.66,1.365956952287861,9.667429877479165
1.661,1.3660582927470972,9.704091074555535
1.662,1.3661596736592738,9.741044282952615
1.663,1.3662610936360182,9.778253881674658
1.664,1.3663625512512798,9.815684017464449
1.665,1.366464045042762,9.8532986393367
1.666,1.3665655735133788,9.891061533285509
1.667,1.366667135132756,9.928936357139435
1.668,1.3667687283387528,9.966886675521607
1.669,1.3668703515390255,10.00487599489388
1.67,1.3669720031126067,10.042867798636266
1.671,1.3670736814115267,10.080825582142495
1.672,1.3671753847624455,10.118712887886844
1.673,1.3672771114683206,10.156493340437308
1.674,1.3673788598100902,10.194130681373707
1.675,1.3674806280483804,10.231588804084879
1.676,1.367582414425228,10.268831788404157
1.677,1.3676842171658254,10.3058239350581
1.678,1.3677860344802768,10.34252979988797
1.679,1.3678878645653698,10.378914227815628
1.68,1.3679897056063588,10.414942386521119
1.681,1.3680915557787603,10.450579799797381
1.682,1.3681934132501528,10.485792380553406
1.683,1.368295276181987,10.520546463431543
1.684,1.3683971427314015,10.554808837009347
1.685,1.3684990110530373,10.588546775556097
1.686,1.3686008793008573,10.62172807030987
1.687,1.3687027456299659,10.654321060251732
1.688,1.368804608198423,10.686294662338952
1.689,1.368906465169058,10.717618401180403
1.69,1.369008314711273,10.748262438111183
1.691,1.3691101550028464,10.778197599652856
1.692,1.369211984231718,10.807395405322154
1.693,1.3693138005977696,10.835828094767948
1.694,1.36941560231459,10.86346865420633
1.695,1.3695173876112277,10.890290842131591
1.696,1.3696191547339231,10.916269214277108
1.697,1.3697209019478294,10.941379147804525
1.698,1.3698226275387064,10.965596864694533
1.699,1.3699243298145996,10.98889945432036
1.7,1.370026007107492,11.01126489518279
1.701,1.370127657774934,11.032672075782088
1.702,1.3702292802016467,11.053100814613032
1.703,1.3703308728010954,11.072531879258378
1.704,1.370432434017038,11.09094700456707
1.705,1.3705339623250392,11.10832890989765
1.706,1.370635456233953,11.124661315411288
1.707,1.370736914287376,11.139928957398737
1.708,1.3708383350650575,11.154117602628588
1.709,1.3709397171842814,11.167214061700179
1.71,1.3710410593012072,11.17920620139158
1.711,1.371142360112169,11.190082955989595
1.712,1.371243618354939,11.199834337591199
1.713,1.3713448328099493,11.208451445368283
1.714,1.3714460023014658,11.215926473784535
1.715,1.3715471256987248,11.222252719759979
1.716,1.371648201917022,11.227424588773147
1.717,1.3717492299187533,11.231437599899493
1.718,1.371850208714413,11.234288389776864
1.719,1.3719511373635425,11.235974715498998
1.72,1.3720520149756292,11.236495456430404
1.721,1.3721528407109547,11.235850614945704
1.722,1.3722536137813983,11.234041316088152
1.723,1.3723543334511823,11.231069806151709
1.724,1.3724549990375698,11.226939450186705
1.725,1.3725556099115102,11.22165472843237
1.726,1.3726561654982257,11.21522123167901
1.727,1.3727566652777543,11.207645655565784
1.728,1.3728571087854282,11.19893579381906
1.729,1.3729574956123052,11.189100530438537
1.73,1.3730578254055397,11.178149830837881
1.731,1.3731580978687028,11.166094731950366
1.732,1.3732583127620448,11.152947331308184
1.733,1.3733584699026982,11.138720775106378
1.734,1.3734585691648336,11.123429245262273
1.735,1.3735586104797493,11.107087945486128
1.736,1.3736585938359125,11.089713086370352
1.737,1.373758519278939,11.07132186952164
1.738,1.3738583869115206,11.051932470739985
1.739,1.3739581968932932,11.031564022270544
1.74,1.374057949440652,11.010236594139712
1.741,1.3741576448265072,10.987971174597462
1.742,1.3742572833799886,10.964789649681194
1.743,1.3743568654860927,10.940714781924584
1.744,1.374456391585274,10.915770188227555
1.745,1.3745558621729843,10.88998031691591
1.746,1.374655277799156,10.86337042400396
1.747,1.3747546390676357,10.83596654869082
1.748,1.3748539466355596,10.807795488108098
1.749,1.3749532012126804,10.77888477135015
1.75,1.375052403560645,10.749262632803266
1.751,1.375151554492215,10.718957984808256
1.752,1.375250654870442,10.68800038967565
1.753,1.375349705607795,10.65642003108755
1.754,1.3754487076652355,10.624247684904716
1.755,1.3755476620512472,10.591514689417323
1.756,1.3756465698208205,10.558252915059953
1.757,1.3757454320743912,10.52449473362259
1.758,1.3758442499567347,10.490272986991158
1.759,1.375943024655816,10.455620955439784
1.76,1.3760417574015995,10.420572325512296
1.761,1.376140449464819,10.385161157521637
1.762,1.3762391021557046,10.34942185269611
1.763,1.3763377168226751,10.313389120008438
1.764,1.3764362948509918,10.277097942715017
1.765,1.3765348376613757,10.240583544641083
1.766,1.376633346708593,10.203881356243656
1.767,1.3767318234800063,10.167026980480586
1.768,1.3768302694940928,10.130056158526273
1.769,1.376928686298938,10.093004735359699
1.77,1.377027075470693,10.055908625261608
1.771,1.3771254386120144,10.018803777253808
1.772,1.3772237773504685,9.98172614051181
1.773,1.3773220933369215,9.94471162978688
1.774,1.3774203882439,9.907796090868061
1.775,1.3775186637639367,9.87101526611822
1.776,1.377616921607893,9.83440476011755
1.777,1.3777151635032665,9.798000005448003
1.778,1.3778133911924821,9.761836228649372
1.779,1.3779116064311707,9.725948416381996
1.78,1.3780098109864327,9.690371281826643
1.781,1.3781080066350948,9.65513923135579
1.782,1.3782061951619549,9.62028633150544
1.783,1.3783043783580213,9.58584627628234
1.784,1.3784025580187476,9.55185235483492
1.785,1.3785007359422612,9.51833741952251
1.786,1.3785989139275945,9.485333854407187
1.787,1.378697093772909,9.45287354420688
1.788,1.3787952772737304,9.420987843731979
1.789,1.3788934662211783,9.389707547838896
1.79,1.3789916624002057,9.35906286192737
1.791,1.3790898675878451,9.329083373012267
1.792,1.3791880835514632,9.29979802139151
1.793,1.3792863120470222,9.27123507294759
1.794,1.37938455481736,9.243422092097262
1.795,1.379482813590477,9.216385915424112
1.796,1.379581090077843,9.190152626014893
1.797,1.3796793859727199,9.164747528525993
1.798,1.3797777029485014,9.140195125001767
1.799,1.3798760426570753,9.116519091471432
1.8,1.379974406727206,9.093742255341198
1.801,1.380072796762943,9.071886573610456
1.802,1.380171214342048,9.050973111925366
1.803,1.3802696610144587,9.03102202449557
1.804,1.3803681383007709,9.01205253488947
1.805,1.3804666476907568,8.994082917729251
1.806,1.3805651906419087,8.977130481299817
1.807,1.380663768578021,8.961211551091843
1.808,1.3807623828878026,8.946341454290497
1.809,1.3808610349235222,8.932534505228745
1.81,1.3809597259996955,8.91980399181557
1.811,1.3810584573918059,8.908162162954298
1.812,1.3811572303350654,8.897620216961002
1.813,1.3812560460232166,8.888188290997157
1.814,1.3813549056073733,8.879875451520867
1.815,1.3814538101949068,8.872689685772727
1.816,1.3815527608483735,8.866637894298002
1.817,1.3816517585844887,8.861725884516837
1.818,1.3817508043731426,8.857958365345034
1.819,1.3818498991364672,8.85533894287159
1.82,1.3819490437479474,8.853870117100143
1.821,1.3820482390315814,8.85355327974996
1.822,1.3821474857610907,8.854388713126866
1.823,1.3822467846591777,8.856375590058725
1.824,1.3823461363968368,8.859511974896677
1.825,1.3824455415927144,8.86379482558619
1.826,1.3825450008125204,8.869219996796254
1.827,1.3826445145684951,8.875782244112607
1.828,1.3827440833189257,8.88347522928457
1.829,1.3828437074677151,8.892291526524723
1.83,1.3829433873640091,8.902222629852083
1.831,1.3830431233018745,8.913258961472167
1.832,1.3831429155200297,8.925389881187648
1.833,1.3832427642016347,8.938603696828032
1.834,1.3833426694741295,8.95288767568956
1.835,1.3834426314091361,8.968228056973182
1.836,1.383542650022404,8.984610065210191
1.837,1.3836427252738233,9.00201792466057
1.838,1.38374285706748,9.020434874670734
1.839,1.3838430452517774,9.039843185977993
1.84,1.383943289619605,9.060224177939986
1.841,1.384043589908565,9.081558236680529
1.842,1.384143945801251,9.103824834127721
1.843,1.3842443569255836,9.127002547928086
1.844,1.3843448228551967,9.151069082219934
1.845,1.3844453431098784,9.176001289240347
1.846,1.384545917156066,9.201775191751594
1.847,1.3846465444073905,9.228366006259428
1.848,1.3847472242252725,9.255748167004455
1.849,1.3848479559195752,9.283895350702373
1.85,1.3849487387493002,9.312780502008756
1.851,1.3850495719233373,9.342375859684182
1.852,1.3851504546012605,9.372652983435266
1.853,1.385251385894178,9.403582781404133
1.854,1.3853523648656216,9.435135538281017
1.855,1.3854533905324888,9.46728094401356
1.856,1.3855544618660265,9.499988123081039
1.857,1.3856555777928625,9.533225664313129
1.858,1.3857567371960775,9.566961651215593
1.859,1.3858579389163213,9.601163692780574
1.86,1.385959181752968,9.63579895474777
1.861,1.3860604644653172,9.670834191288371
1.862,1.3861617857738255,9.706235777080494
1.863,1.3862631443613833,9.74196973974653
1.864,1.386364538874624,9.77800179261677
1.865,1.386465967925269,9.814297367796918
1.866,1.3865674300915083,9.850821649494861
1.867,1.3866689239194105,9.887539607588927
1.868,1.3867704479243677,9.924416031390876
1.869,1.3868720005925652,9.961415563585149
1.87,1.3869735803824843,9.99850273430043
1.871,1.3870751857264292,10.035641995286078
1.872,1.3871768150320785,10.07279775416216
1.873,1.387278466684062,10.109934408705222
1.874,1.3873801390455593,10.1470163811409
1.875,1.387481830459918,10.184008152407145
1.876,1.38758353925229,10.220874296360016
1.877,1.3876852637312895,10.25757951388357
1.878,1.3877870021906613,10.294088666874678
1.879,1.3878887529109656,10.330366812068526
1.88,1.3879905141612765,10.366379234673836
1.881,1.3880922842008867,10.402091481783685
1.882,1.388194061281028,10.437469395530577
1.883,1.3882958436465926,10.472479145954793
1.884,1.388397629537863,10.507087263552947
1.885,1.3884994171922473,10.541260671477318
1.886,1.3886012048460123,10.574966717352154
1.887,1.3887029907360229,10.608173204680703
1.888,1.388804773101474,10.640848423807505
1.889,1.3889065501856257,10.67296118241191
1.89,1.389008320237528,10.704480835498984
1.891,1.3891100815137456,10.735377314860472
1.892,1.3892118322800675,10.765621157980028
1.893,1.3893135708132136,10.79518353634942
1.894,1.3894152954025256,10.824036283176085
1.895,1.389517004351646,10.852151920447447
1.896,1.3896186959801855,10.879503685331905
1.897,1.3897203686253683,10.90606555588915
1.898,1.3898220206436636,10.931812276064612
1.899,1.3899236504123977,10.95671937994453
1.9,1.3900252563313447,10.9807632152489
1.901,1.3901268368242907,11.003920966040084
1.902,1.390228390340581,11.026170674621746
1.903,1.3903299153566353,11.047491262614678
1.904,1.3904314103774398,11.067862551179672
1.905,1.3905328739380078,11.087265280376528
1.906,1.3906343046048126,11.105681127635577
1.907,1.3907357009771892,11.123092725325861
1.908,1.3908370616886998,11.13948367740361
1.909,1.390938385408469,11.154838575122682
1.91,1.3910396708424813,11.16914301179542
1.911,1.391140916734845,11.182383596587727
1.912,1.3912421218690136,11.194547967333754
1.913,1.3913432850689702,11.20562480236184
1.914,1.3914444052003754,11.215603831316571
1.915,1.3915454811716663,11.224475844969867
1.916,1.39164651193512,11.232232704007586
1.917,1.3917474964878704,11.238867346788865
1.918,1.3918484338728805,11.244373796065538
1.919,1.39194932317987,11.24874716465849
1.92,1.3920501635461973,11.251983660083155
1.921,1.3921509541576926,11.25408058812399
1.922,1.3922516942494456,11.255036355347968
1.923,1.3923523831065414,11.254850470561294
1.924,1.39245302006475,11.253523545204132
1.925,1.3925536045111635,11.251057292684102
1.926,1.3926541358847853,11.247454526648724
1.927,1.392754613677064,11.242719158200913
1.928,1.3928550374323787,11.236856192055377
1.929,1.3929554067484735,11.229871721645623
1.93,1.393055721276834,11.221772923181533
1.931,1.3931559807230158,11.212568048665638
1.932,1.3932561848469196,11.202266417874384
1.933,1.393356333463008,11.19087840931249
1.934,1.3934564264404743,11.178415450147845
1.935,1.3935564637033542,11.164890005139192
1.936,1.393656445230584,11.150315564563094
1.937,1.393756371056006,11.134706631157691
1.938,1.3938562412683184,11.118078706090337
1.939,1.3939560560109723,11.100448273965192
1.94,1.3940558154820148,11.081832786885997
1.941,1.394155519933878,11.062250647587327
1.942,1.3942551696731151,11.041721191652606
1.943,1.3943547650600814,11.020264668834194
1.944,1.3944543065085682,10.997902223493831
1.945,1.3945537944853759,10.974655874186041
1.946,1.3946532295098426,10.950548492396635
1.947,1.3947526121533165,10.925603780463732
1.948,1.3948519430385795,10.899846248699852
1.949,1.3949512228392202,10.873301191736878
1.95,1.3950504522789555,10.84599466411612
1.951,1.395149632130907,10.817953455150239
1.952,1.3952487632168227,10.789205063075435
1.953,1.3953478464062585,10.759777668526446
1.954,1.3954468826157074,10.729700107351746
1.955,1.395545872807683,10.699001842801188
1.956,1.395644817989765,10.66771293711082
1.957,1.3957437192135902,10.635864022510532
1.958,1.395842577573808,10.603486271686009
1.959,1.3959413942069905,10.570611367719735
1.96,1.396040170290504,10.537271473542901
1.961,1.3961389070413392,10.50349920092603
1.962,1.396237605714902,10.46932757903754
1.963,1.3963362676037685,10.434790022602641
1.964,1.3964348940364046,10.399920299692447
1.965,1.396533486375847,10.364752499172106
1.966,1.3966320460183534,10.329320997842302
1.967,1.396730574392022,10.293660427304935
1.968,1.3968290729553743,10.257805640582177
1.969,1.396927543195916,10.221791678527019
1.97,1.3970259866286627,10.18565373604904
1.971,1.397124404794643,10.149427128197708
1.972,1.3972227992593769,10.113147256126311
1.973,1.397321171611327,10.076849572977693
1.974,1.3974195234603308,10.04056954971744
1.975,1.397517856436012,10.004342640953581
1.976,1.3976161721861686,9.968204250769524
1.977,1.3977144723751533,9.932189698610543
1.978,1.3978127586822258,9.896334185247724
1.979,1.3979110327998987,9.860672758860424
1.98,1.398009296432271,9.825240281264442
1.981,1.3981075512933459,9.790071394321203
1.982,1.3982057991053432,9.755200486559083
1.983,1.3983040415970027,9.720661660037742
1.984,1.3984022805018823,9.686488697491434
1.985,1.3985005175566494,9.652715029777944
1.986,1.3985987544993739,9.619373703668309
1.987,1.3986969930678168,9.586497350005715
1.988,1.3987952349977202,9.55411815226585
1.989,1.3988934820211005,9.522267815548929
1.99,1.3989917358645458,9.490977536031039
1.991,1.399089998247518,9.460277970908137
1.992,1.3991882708806638,9.430199208856848
1.993,1.3992865554641314,9.400770741045918
1.994,1.3993848536859042,9.372021432719734
1.995,1.39948316722014,9.34397949538846
1.996,1.3995814977255288,9.316672459644408
1.997,1.3996798468436649,9.290127148637772
1.998,1.3997782161974341,9.264369652230414
1.999,1.399876607389424,9.239425301859775
2.0,1.3999750220003504,9.215318646128281
2.001,1.4000734615875081,9.192073427152017
2.002,1.4001719276832454,9.169712557682047
2.003,1.40027042179346,9.14825809902677
2.004,1.4003689453961257,9.127731239793548
2.005,1.4004674999398443,9.108152275471618
2.006,1.400566086842428,9.089540588873309
2.007,1.4006647074895093,9.071914631456409
2.008,1.4007633632331888,9.055291905542209
2.009,1.4008620553907094,9.039688947448745
2.01,1.400960785243172,9.02512131155228
2.011,1.401059554034279,9.01160355529706
2.012,1.4011583629691229,8.999149225164235
2.013,1.401257213213008,8.987770843613816
2.014,1.401356105890313,8.97747989701325
2.015,1.4014550420833949,8.968286824565531
2.016,1.4015540228315317,8.960201008242457
2.017,1.4016530491299124,8.953230763740251
2.018,1.4017521219286644,8.947383332459474
2.019,1.401851242131932,8.942664874519451
2.02,1.4019504105969942,8.939080462817621
2.021,1.402049628133435,8.936634078131426
2.022,1.4021488955023518,8.935328605277146
2.023,1.4022482134156238,8.935165830319544
2.024,1.4023475825352179,8.936146438844524
2.025,1.40244700347255,8.938270015288968
2.026,1.4025464767878932,8.94153504333297
2.027,1.4026460029898393,8.945938907350907
2.028,1.402745582534806,8.95147789492458
2.029,1.4028452158266045,8.958147200410284
2.03,1.4029449032160468,8.965940929559554
2.031,1.403044645000617,8.974852105192657
2.032,1.4031444414241876,8.984872673908466
2.033,1.40324429267679,8.995993513839778
2.0340000000000003,1.4033441988944408,9.008204443431335
2.035,1.4034441601590157,9.02149423124352
2.036,1.403544176498184,9.035850606766253
2.037,1.40364424788539,9.051260272234625
2.0380000000000003,1.4037443742398907,9.067708915434249
2.039,1.4038445554268464,9.085181223486735
2.04,1.4039447912574627,9.103660897595965
2.041,1.4040450814891898,9.123130668749866
2.0420000000000003,1.4041454258259696,9.143572314352756
2.043,1.4042458239185382,9.16496667578049
2.044,1.4043462753647793,9.187293676837452
2.045,1.4044467797101314,9.210532343097473
2.0460000000000003,1.404547336448044,9.234660822112915
2.047,1.4046479450204865,9.259656404469176
2.048,1.404748604818508,9.285495545666109
2.049,1.4048493151828432,9.31215388880672
2.05,1.4049500754045732,9.339606288067522
2.051,1.405050884725832,9.367826832930874
2.052,1.4051517423405602,9.396788873157927
2.053,1.405252647395307,9.426465044470916
2.054,1.40535359899008,9.456827294928722
2.055,1.405454596179237,9.487846911966383
2.056,1.405555637972426,9.519494550068448
2.057,1.4056567233355681,9.551740259059809
2.058,1.4057578511918816,9.584553512975518
2.059,1.4058590204229484,9.617903239490502
2.06,1.405960229869823,9.651757849875736
2.061,1.4060614783341794,9.686085269454082
2.062,1.406162764579496,9.72085296852688
2.063,1.40626408733228,9.756027993740034
2.064,1.4063654452833254,9.791576999860201
2.065,1.4064668370890077,9.82746628193171
2.066,1.4065682613726107,9.863661807781234
2.067,1.406669716725688,9.90012925083845
2.068,1.4067712017094518,9.9368340232461
2.069,1.4068727148561941,9.97374130922098
2.07,1.4069742546707351,10.01081609863692
2.071,1.4070758196319009,10.048023220799301
2.072,1.4071774081940178,10.085327378373798
2.073,1.407279018788444,10.122693181442742
2.074,1.4073806498251116,10.16008518164967
2.075,1.4074822996940954,10.197467906404341
2.076,1.4075839667671985,10.23480589311415
2.077,1.4076856493995595,10.272063723406532
2.078,1.407787345931269,10.309206057312451
2.079,1.4078890546890075,10.346197667377218
2.08,1.4079907739876927,10.383003472662576
2.081,1.4080925021321362,10.419588572614835
2.082,1.408194237418716,10.455918280757075
2.083,1.4082959781370508,10.491958158180012
2.084,1.408397722571683,10.52767404679664
2.085,1.4084994690037687,10.563032102328474
2.086,1.408601215712765,10.597998826991162
2.087,1.4087029609781254,10.632541101850833
2.088,1.4088047030809918,10.666626218814734
2.089,1.4089064403058804,10.70022191223245
2.09,1.4090081709423734,10.733296390068979
2.091,1.4091098932867965,10.76581836462723
2.092,1.4092116056438955,10.79775708278531
2.093,1.4093133063285,10.829082355721926
2.094,1.4094149936671803,10.859764588098436
2.095,1.4095166659998908,10.889774806675526
2.096,1.4096183216816003,10.919084688327274
2.097,1.4097199590839071,10.947666587435776
2.098,1.4098215765966378,10.975493562632327
2.099,1.4099231726294281,11.00253940286295
2.1,1.410024745613284,11.028778652753104
2.101,1.4101262940021195,11.05418663724421
2.102,1.4102278162742756,11.078739485482725
2.103,1.4103293109340131,11.102414153935179
2.104,1.4104307765129778,11.125188448705892
2.105,1.41053221157164,11.147041047043146
2.106,1.410633614700709,11.167951518000201
2.107,1.41073498452251,11.18790034224508
2.108,1.4108363196923381,11.206868930990584
2.109,1.4109376188997738,11.224839644028677
2.11,1.4110388808699657,11.241795806854071
2.111,1.411140104364882,11.257721726857717
2.112,1.4112412881845187,11.272602708573434
2.113,1.4113424311680778,11.286425067969233
2.114,1.4114435321951009,11.29917614576043
2.115,1.411544590186566,11.310844319738866
2.116,1.4116456041059422,11.321419016103881
2.117,1.4117465729602037,11.330890719781756
2.118,1.4118474958007996,11.33925098372729
2.119,1.4119483717245815,11.34649243719663
2.12,1.4120491998746836,11.352608792981808
2.121,1.412149979441361,11.357594853604652
2.122,1.412250709662778,11.361446516456219
2.123,1.412351389825751,11.36416077788617
2.124,1.4124520192664431,11.365735736229404
2.125,1.4125525973710125,11.366170593772583
2.126,1.4126531235762059,11.365465657656117
2.127,1.412753597369908,11.363622339710748
2.128,1.4128540182916387,11.360643155229091
2.129,1.412954385932997,11.356531720674667
2.13,1.4130546999380582,11.351292750326955
2.131,1.4131549600037159,11.344932051867715
2.132,1.4132551658799737,11.33745652091537
2.133,1.4133553173701845,11.3288741345071
2.134,1.413455414331236,11.319193943537151
2.135,1.413555456673687,11.308426064163235
2.136,1.4136554443618465,11.296581668178217
2.137,1.4137553774138039,11.283672972369864
2.138,1.4138552559014024,11.269713226865875
2.139,1.4139550799501646,11.254716702484892
2.14,1.4140548497391623,11.238698677101269
2.141,1.414154565500831,11.221675421035215
2.142,1.4142542275207377,11.203664181487163
2.143,1.4143538361372952,11.184683166026815
2.144,1.4144533917414193,11.16475152515249
2.145,1.4145528947761417,11.143889333943754
2.146,1.4146523457361662,11.122117572815789
2.147,1.4147517451673783,11.099458107399197
2.148,1.4148510936663021,11.075933667567291
2.149,1.414950391879506,11.051567825621905
2.15,1.4150496405029658,11.026384973669082
2.151,1.4151488402813708,11.000410300198034
2.152,1.4152479920073884,10.973669765890286
2.153,1.4153470965208788,10.946190078682246
2.154,1.4154461547080655,10.917998668102008
2.155,1.4155451675006558,10.889123658907167
2.156,1.4156441358749252,10.859593844051282
2.157,1.415743060850748,10.829438656999763
2.158,1.4158419434905918,10.798688143423671
2.1590000000000003,1.41594078489847,10.767372932304006
2.16,1.4160395862188497,10.735524206463499
2.161,1.416138348635524,10.70317367256574
2.162,1.4162370733704435,10.670353530600977
2.1630000000000003,1.4163357616825114,10.637096442894553
2.164,1.4164344148663441,10.603435502664631
2.165,1.4165330342509894,10.56940420215863
2.166,1.4166316211986245,10.535036400403143
2.1670000000000003,1.4167301771032053,10.50036629059269
2.168,1.4168287033891,10.465428367153379
2.169,1.416927201509683,10.430257392511876
2.17,1.4170256729459014,10.394888363599197
2.1710000000000003,1.4171241192048212,10.359356478124884
2.172,1.4172225418181381,10.323697100653156
2.173,1.4173209423406752,10.287945728511843
2.174,1.4174193223488474,10.252137957569609
2.1750000000000003,1.4175176834391128,10.216309447912892
2.176,1.4176160272264,10.180495889454008
2.177,1.4177143553425209,10.14473296750971
2.178,1.4178126694345623,10.109056328373612
2.179,1.4179109711632687,10.073501544926316
2.18,1.418009262201406,10.038104082306745
2.181,1.4181075442321176,10.002899263686096
2.182,1.4182058189472688,9.967922236170182
2.183,1.4183040880457831,9.933207936869703
2.184,1.418402353231971,9.898791059164111
2.185,1.4185006162138551,9.864706019199744
2.186,1.4185988787014905,9.830986922645629
2.187,1.4186971424052846,9.79766753174821
2.188,1.4187954090343151,9.764781232707445
2.189,1.4188936802946495,9.732361003414717
2.19,1.41899195788767,9.70043938157744
2.191,1.4190902435084016,9.669048433263505
2.192,1.4191885388438445,9.638219721894842
2.193,1.4192868455713192,9.607984277723311
2.194,1.4193851653568177,9.578372567813133
2.195,1.4194834998533652,9.549414466564269
2.196,1.4195818506994,9.521139226800472
2.197,1.4196802195171612,9.493575451453964
2.198,1.4197786079110961,9.466751065871378
2.199,1.4198770174662858,9.440693290770444
2.2,1.4199754497468877,9.415428615868166
2.201,1.4200739062946002,9.390982774215495
2.202,1.4201723886271487,9.367380717251791
2.203,1.4202708982367964,9.344646590613216
2.204,1.4203694365888782,9.322803710713242
2.205,1.4204680051203638,9.301874542118355
2.206,1.4205666052384471,9.281880675742453
2.207,1.4206652383191654,9.262842807880958
2.208,1.4207639057060473,9.24478072010277
2.209,1.4208626087087977,9.227713260022789
2.21,1.4209613486020103,9.211658322971985
2.211,1.421060126623919,9.196632834581255
2.212,1.421158943975182,9.18265273430099
2.213,1.4212578018177062,9.169732959865513
2.214,1.4213567012735047,9.157887432724461
2.215,1.4214556434235996,9.14712904445048
2.216,1.4215546293069616,9.137469644137212
2.217,1.4216536599194909,9.128920026804579
2.218,1.42175273621304,9.121489922813367
2.219,1.4218518590944849,9.115187988310467
2.22,1.4219510294248325,9.110021796705745
2.221,1.4220502480183785,9.10599783119287
2.222,1.4221495156419113,9.103121478320702
2.223,1.4222488330139598,9.101397022621995
2.224,1.4223482008040897,9.10082764230339
2.225,1.4224476196322504,9.101415406003813
2.226,1.4225470900681663,9.103161270620443
2.227,1.4226466126307804,9.106065080209618
2.228,1.4227461877877485,9.110125565959876
2.229,1.42284581595498,9.11534034723828
2.23,1.4229454974962348,9.121705933711468
2.231,1.4230452327227656,9.129217728536752
2.232,1.4231450218930168,9.13787003262157
2.233,1.4232448652123735,9.147656049948502
2.234,1.4233447628329599,9.158567893957308
2.235,1.423444714853496,9.170596594983273
2.236,1.423544721319201,9.183732108741658
2.237,1.4236447822217504,9.19796332584842
2.238,1.4237448974992906,9.21327808237369
2.239,1.4238450670364984,9.229663171414103
2.24,1.4239452906646988,9.247104355672064
2.241,1.4240455681620319,9.265586381034403
2.242,1.4241458992536755,9.285092991133261
2.243,1.4242462836121157,9.305606942878313
2.244,1.4243467208574716,9.3271100229436
2.245,1.4244472105578698,9.349583065193698
2.246,1.4245477522298735,9.373005969033244
2.247,1.4246483453389573,9.397357718664118
2.248,1.4247489893000351,9.422616403225447
2.249,1.4248496834780386,9.448759237805653
2.25,1.42495042718854,9.475762585299641
2.251,1.4250512196984313,9.503601979094903
2.252,1.4251520602266412,9.532252146561639
2.253,1.4252529479449088,9.561687033326095
2.254,1.4253538819785958,9.591879828303163
2.255,1.425454861407551,9.622802989466209
2.256,1.4255558852670125,9.65442827032431
2.257,1.4256569525485594,9.686726747089509
2.258,1.425758062201104,9.719668846499232
2.259,1.4258592131319254,9.753224374274907
2.26,1.4259604042077447,9.787362544184045
2.261,1.4260616342558405,9.822052007680572
2.262,1.4261629020652007,9.857260884094764
2.263,1.4262642063877153,9.892956791342606
2.264,1.4263655459394036,9.929106877125804
2.265,1.4264669194016757,9.96567785059381
2.266,1.42656832542263,10.002636014434021
2.267,1.4266697626183822,10.039947297362957
2.268,1.4267712295744261,10.077577286985559
2.269,1.4268727248470243,10.11549126298992
2.27,1.4269742469646258,10.153654230647916
2.271,1.4270757944293153,10.192030954588255
2.272,1.4271773657182834,10.230585992807345
2.273,1.4272789592853237,10.26928373089062
2.274,1.4273805735623541,10.308088416405305
2.275,1.4274822069609556,10.34696419343588
2.276,1.4275838578739348,10.385875137226598
2.277,1.4276855246769031,10.42478528889821
2.278,1.4277872057298717,10.46365869020699
2.279,1.4278888993788668,10.50245941830996
2.28,1.4279906039575496,10.541151620503598
2.281,1.4280923177888583,10.579699548905218
2.282,1.4281940391866528,10.618067595039328
2.283,1.4282957664573739,10.656220324297045
2.2840000000000003,1.428397497901705,10.694122510238657
2.285,1.4284992318162424,10.731739168701285
2.286,1.4286009664951704,10.769035591679955
2.287,1.428702700231935,10.805977380953482
2.2880000000000003,1.4288044313209218,10.842530481415764
2.289,1.4289061580591305,10.878661214086762
2.29,1.4290078787478495,10.914336308766138
2.291,1.4291095916943235,10.949522936302536
2.2920000000000003,1.4292112952134166,10.984188740442995
2.293,1.4293129876292687,11.018301869234403
2.294,1.4294146672769392,11.051831005946614
2.295,1.429516332504047,11.08474539948596
2.2960000000000003,1.4296179816723882,11.117014894269051
2.297,1.4297196131595493,11.148609959532173
2.298,1.4298212253605005,11.179501718041394
2.299,1.42992281668917,11.209661974181738
2.3000000000000003,1.4300243855800048,11.239063241393744
2.301,1.430125930489507,11.267678768934001
2.302,1.4302274498977507,11.295482567930158
2.303,1.4303289423098728,11.32244943670975
2.3040000000000003,1.4304304062575457,11.3485549853722
2.305,1.4305318403004157,11.373775659587345
2.306,1.4306332430275197,11.398088763591172
2.307,1.4307346130586718,11.421472482357927
2.308,1.4308359490458171,11.443905902931157
2.309,1.4309372496743562,11.465369034885214
2.31,1.4310385136644403,11.485842829905035
2.311,1.4311397397722228,11.505309200460974
2.312,1.431240926791086,11.52375103755831
2.313,1.4313420735528228,11.541152227551798
2.314,1.4314431789287883,11.557497667998735
2.315,1.4315442418310045,11.57277328254374
2.316,1.4316452612132322,11.586966034816147
2.317,1.4317462360719975,11.600063941325775
2.318,1.431847165447579,11.612056083347628
2.319,1.4319480484249496,11.622932617782176
2.32,1.4320488841346757,11.632684786977869
2.321,1.4321496717537727,11.641304927511694
2.322,1.4322504105065128,11.648786477913529
2.323,1.432351099665188,11.655123985329695
2.324,1.432451738550825,11.660313111119724
2.325,1.4325523265338527,11.664350635376461
2.326,1.432652863034721,11.667234460369517
2.327,1.4327533475244725,11.668963612906772
2.328,1.4328537795252596,11.66953824560872
2.329,1.4329541586108172,11.668959637100112
2.33,1.4330544844068798,11.667230191111294
2.331,1.4331547565915526,11.66435343449566
2.332,1.4332549748956265,11.660334014162345
2.333,1.4333551391028438,11.655177692925555
2.334,1.4334552490501122,11.648891344277558
2.335,1.433555304627665,11.641482946087343
2.336,1.4336553057791708,11.63296157323046
2.337,1.4337552525017876,11.623337389161303
2.338,1.4338551448461716,11.612621636428507
2.339,1.4339549829164222,11.600826626148908
2.34,1.4340547668699861,11.587965726446896
2.341,1.4341544969175002,11.574053349867935
2.342,1.4342541733225889,11.55910493978499
2.343,1.4343537964016033,11.543136955801764
2.344,1.4344533665233148,11.526166858173863
2.345,1.434552884108552,11.508213091259048
2.346,1.434652349629789,11.489295066012428
2.347,1.4347517636106841,11.469433141544425
2.348,1.434851126625565,11.448648605758724
2.349,1.4349504392988677,11.426963655087938
2.35,1.435049702304523,11.404401373345191
2.351,1.4351489163652962,11.380985709718175
2.352,1.4352480822520814,11.35674145591425
2.353,1.4353472007831423,11.331694222492835
2.354,1.4354462728233106,11.305870414397042
2.355,1.4355452992831408,11.279297205712279
2.356,1.4356442811180132,11.252002513676665
2.357,1.435743219327202,11.224014971963776
2.358,1.43584211495289,11.195363903269815
2.359,1.4359409690791505,11.166079291226506
2.36,1.4360397828308824,11.136191751666182
2.361,1.4361385573727072,11.105732503272424
2.362,1.4362372939078272,11.07473333763561
2.363,1.4363359936768436,11.043226588751502
2.364,1.4364346579565417,11.01124510198451
2.365,1.436533288058636,10.978822202529955
2.366,1.4366318853284863,10.945991663402523
2.367,1.4367304511437753,10.912787672986372
2.368,1.436828986913157,10.879244802170003
2.369,1.4369274940748762,10.845397971107786
2.37,1.4370259740953566,10.811282415631467
2.371,1.4371244284677611,10.776933653347381
2.372,1.4372228587105267,10.742387449453624
2.373,1.4373212663658768,10.707679782306162
2.374,1.4374196529983032,10.672846808770736
2.375,1.437518020193036,10.637924829392325
2.376,1.4376163695544832,10.60295025341404
2.377,1.4377147027046586,10.56795956368314
2.378,1.4378130212815898,10.532989281474073
2.379,1.437911326937709,10.498075931265568
2.38,1.4380096213382323,10.463256005502373
2.381,1.4381079061595243,10.428565929379808
2.382,1.4382061830874528,10.39404202568074
2.383,1.4383044538157337,10.359720479703366
2.384,1.4384027200442684,10.32563730430891
2.385,1.4385009834774753,10.291828305127677
2.386,1.438599245822615,10.258329045953708
2.387,1.4386975087881146,10.225174814361814
2.388,1.4387957740818915,10.192400587584324
2.389,1.4388940434096742,10.16004099867294
2.39,1.4389923184733278,10.128130302985948
2.391,1.4390906009691848,10.096702345030252
2.392,1.439188892586377,10.06579052568685
2.393,1.439287195005175,10.03542776985956
2.394,1.4393855098953412,10.005646494569028
2.395,1.439483838914489,9.97647857753131
2.396,1.4395821837064524,9.947955326245342
2.397,1.4396805458996722,9.920107447623007
2.398,1.4397789271055974,9.892965018188189
2.399,1.4398773289170999,9.866557454879285
2.4,1.4399757529069108,9.840913486474523
2.401,1.440074200626074,9.816061125677404
2.402,1.4401726736024232,9.792027641883788
2.403,1.4402711733390787,9.768839534657221
2.404,1.440369701312971,9.746522507942455
2.405,1.440468258973389,9.725101445035307
2.406,1.4405668477405553,9.704600384341749
2.407,1.440665469004229,9.685042495942653
2.408,1.4407641241223406,9.666450058990371
2.4090000000000003,1.440862814419655,9.648844439960051
2.41,1.44096154118647,9.63224607177414
2.411,1.4410603056773472,9.616674433822183
2.412,1.4411591091098763,9.6021480328966
2.4130000000000003,1.4412579526634783,9.58868438506186
2.414,1.4413568374782453,9.57629999847186
2.415,1.441455764653818,9.565010357160332
2.416,1.441554735248302,9.55482990581097
2.4170000000000003,1.4416537502772275,9.545772035529584
2.418,1.4417528107125492,9.537849070627587
2.419,1.4418519174816886,9.531072256433117
2.42,1.4419510714666202,9.52545174813994
2.4210000000000003,1.4420502735030014,9.520996600705452
2.422,1.442149524379351,9.51771475980878
2.423,1.4422488248362693,9.51561305387855
2.424,1.4423481755657086,9.514697187194773
2.4250000000000003,1.442447577210289,9.514971734077267
2.426,1.442547030362666,9.516440134162469
2.427,1.442646535564942,9.51910468877357
2.428,1.4427460933081329,9.522966558393506
2.4290000000000003,1.44284570403168,9.528025761233302
2.43,1.442945368123016,9.534281172908834
2.431,1.4430450859171795,9.541730527219226
2.432,1.4431448576964823,9.550370418027153
2.433,1.4432446836902275,9.5601963022438
2.434,1.443344564074482,9.571202503911849
2.435,1.4434444989718969,9.583382219384568
2.436,1.4435444884515842,9.596727523596542
2.437,1.4436445325290437,9.611229377419775
2.438,1.443744631166144,9.626877636097792
2.439,1.443844784271155,9.643661058753864
2.44,1.4439449916988343,9.661567318956557
2.441,1.4440452532505628,9.680583016343853
2.442,1.4441455686745384,9.700693689282907
2.443,1.4442459376660162,9.721883828564085
2.444,1.4443463598676052,9.74413689211011
2.445,1.4444468348696105,9.76743532068781
2.446,1.4445473622104363,9.79176055460917
2.447,1.4446479413770297,9.817093051405497
2.448,1.4447485718053836,9.843412304453413
2.449,1.4448492528810826,9.870696862546502
2.45,1.444949983939902,9.89892435037769
2.451,1.445050764268459,9.928071489928698
2.452,1.4451515931049028,9.958114122736234
2.453,1.4452524696396625,9.989027233015932
2.454,1.4453533930162354,10.02078497162669
2.455,1.4454543623320228,10.053360680844388
2.456,1.4455553766392133,10.086726919928633
2.457,1.445656434945707,10.120855491454865
2.458,1.4457575362160888,10.155717468385678
2.459,1.445858679372635,10.191283221858662
2.46,1.445959863296372,10.227522449661741
2.461,1.4460610868281678,10.264404205368955
2.462,1.4461623487698674,10.301896928110285
2.463,1.4462636478854645,10.339968472945635
2.464,1.4463649829023109,10.378586141813596
2.465,1.4464663525123618,10.417716715027556
2.466,1.446567755373457,10.457326483286622
2.467,1.446669190110634,10.497381280170163
2.468,1.4467706553174748,10.53784651508919
2.469,1.4468721495574843,10.578687206655758
2.47,1.4469736713654933,10.619868016446478
2.471,1.447075219249098,10.66135328312054
2.472,1.4471767916901208,10.70310705686374
2.473,1.4472783871460966,10.745093134124922
2.474,1.4473800040517846,10.787275092608262
2.475,1.447481640820703,10.829616326492825
2.476,1.4475832958466839,10.8720800818407
2.477,1.447684967505446,10.914629492163165
2.478,1.447786654156189,10.957227614106923
2.479,1.4478883541432026,10.999837463232016
2.48,1.447990065797486,11.04242204983786
2.481,1.4480917874383896,11.084944414812803
2.482,1.4481935173752607,11.127367665464487
2.483,1.4482952539091014,11.169655011302723
2.484,1.4483969953342364,11.21176979973431
2.485,1.4484987399399853,11.253675551640281
2.486,1.4486004860123434,11.29533599679906
2.487,1.448702231835659,11.336715109121638
2.488,1.4488039756943223,11.377777141663202
2.489,1.4489057158744456,11.41848666138035
2.49,1.4490074506655466,11.458808583597541
2.491,1.4491091783622285,11.498708206150738
2.492,1.4492108972658535,11.538151243175225
2.493,1.4493126056862107,11.577103858503296
2.494,1.449414301943175,11.615532698641939
2.495,1.4495159843683598,11.653404925296215
2.496,1.4496176513067538,11.690688247408481
2.497,1.4497193011183473,11.727350952680819
2.498,1.4498209321797428,11.763361938550464
2.499,1.4499225428857525,11.798690742590413
2.5,1.4500241316509734,11.833307572301536
2.501,1.4501256969113472,11.867183334270237
2.502,1.4502272371256963,11.900289662661713
2.503,1.4503287507772409,11.93259894702394
2.504,1.4504302363750903,11.964084359368908
2.505,1.4505316924557075,11.994719880513795
2.506,1.4506331175843514,12.024480325646195
2.507,1.450734510356486,12.053341369098327
2.508,1.4508358693991645,12.081279568298019
2.509,1.4509371933723807,12.108272386877452
2.51,1.4510384809703853,12.13429821691554
2.511,1.4511397309229763,12.159336400293896
2.512,1.4512409419967456,12.183367249140282
2.513,1.4513421129962985,12.206372065348766
2.514,1.451443242765427,12.228333159144004
2.515,1.4515443301882525,12.24923386668777
2.516,1.4516453741903272,12.2690585666954
2.517,1.4517463737396905,12.287792696052897
2.518,1.45184732784789,12.305422764421678
2.519,1.4519482355709568,12.321936367808895
2.52,1.4520490960103354,12.337322201095951
2.521,1.4521499083137754,12.35157006951161
2.522,1.4522506716761714,12.364670899034685
2.523,1.45235138534036,12.376616745720987
2.524,1.45245204859787,12.387400803942317
2.525,1.4525526607896222,12.39701741352637
2.526,1.4526532213065864,12.405462065797984
2.527,1.4527537295903827,12.412731408507142
2.528,1.4528541851338366,12.41882324964243
2.529,1.452954587481487,12.423736560127757
2.53,1.4530549362300367,12.427471475394178
2.531,1.4531552310287568,12.430029295829215
2.532,1.4532554715798383,12.431412486101408
2.533,1.4533556576386923,12.431624673358016
2.5340000000000003,1.4534557890141961,12.430670644302907
2.535,1.4535558655688898,12.428556341149715
2.536,1.4536558872191183,12.42528885645861
2.537,1.4537558539351196,12.420876426861483
2.5380000000000003,1.4538557657410653,12.415328425677359
2.539,1.4539556227150414,12.408655354427005
2.54,1.4540554249889803,12.400868833257515
2.541,1.4541551727485404,12.39198159027788
2.5420000000000003,1.4542548662329304,12.382007449823618
2.543,1.4543545057346827,12.370961319656583
2.544,1.454454091599375,12.35885917711327
2.545,1.4545536242252988,12.345718054213837
2.5460000000000003,1.4546531040630752,12.331556021747033
2.547,1.4547525316152228,12.316392172345559
2.548,1.4548519074356698,12.300246602566382
2.549,1.4549512321292208,12.283140393994675
2.5500000000000003,1.4550505063509693,12.26509559338842
2.551,1.4551497308056627,12.246135191883752
2.552,1.4552489062470195,12.22628310327724
2.553,1.4553480334769966,12.205564141410072
2.5540000000000003,1.4554471133450093,12.184003996672274
2.555,1.4555461467471054,12.161629211651615
2.556,1.455645134625095,12.138467155948518
2.557,1.4557440779656305,12.1145460001818
2.5580000000000003,1.4558429777992479,12.08989468921041
2.559,1.4559418351993614,12.064542914595947
2.56,1.4560406512812183,12.038521086331901
2.561,1.4561394272008101,12.01186030386884
2.562,1.4562381641537436,11.984592326459275
2.563,1.4563368633740779,11.956749542854467
2.564,1.4564355261331168,11.928364940381705
2.565,1.456534153738167,11.899472073426189
2.566,1.4566327475312653,11.870105031357127
2.567,1.4567313088878613,11.840298405920507
2.568,1.4568298392154793,11.810087258133947
2.569,1.4569283399523394,11.779507084714467
2.57,1.4570268125659518,11.748593784070845
2.571,1.457125258551683,11.717383621894388
2.572,1.4572236794312916,11.685913196380277
2.573,1.4573220767514414,11.654219403112563
2.574,1.4574204520821865,11.622339399647927
2.575,1.4575188070154372,11.590310569832077
2.576,1.4576171431633982,11.558170487880261
2.577,1.4577154621569945,11.52595688226096
2.578,1.457813765644272,11.493707599415156
2.579,1.4579120552887836,11.461460567344872
2.58,1.4580103327679612,11.429253759109884
2.581,1.4581085997714704,11.397125156263243
2.582,1.4582068579995575,11.365112712264473
2.583,1.4583051091613812,11.333254315905076
2.584,1.4584033549733384,11.30158775477873
2.585,1.4585015971573814,11.270150678836984
2.586,1.4585998374393296,11.238980564059922
2.587,1.4586980775471767,11.2081146762808
2.588,1.4587963192093976,11.177590035198179
2.589,1.4588945641532511,11.147443378611204
2.59,1.458992814103085,11.117711126910141
2.591,1.459091070778646,11.0884293478627
2.592,1.4591893358933905,11.05963372171987
2.593,1.4592876111528015,11.031359506687778
2.594,1.4593858982527177,11.003641504788597
2.595,1.459484198877665,10.97651402814964
2.596,1.4595825146992025,10.95001086575079
2.597,1.4596808473742813,10.92416525066249
2.598,1.459779198543617,10.899009827809294
2.599,1.4598775698300759,10.874576622286405
2.6,1.4599759628370805,10.850897008261114
2.601,1.4600743791470334,10.828001678491972
2.602,1.4601728203197608,10.805920614491903
2.603,1.4602712878909783,10.784683057365886
2.604,1.4603697833707805,10.76431747935382
2.605,1.4604683082421548,10.744851556101132
2.606,1.4605668639595215,10.726312139689824
2.607,1.4606654519473024,10.708725232453986
2.608,1.4607640735985175,10.692115961602774
2.609,1.4608627302734127,10.676508554681966
2.61,1.4609614232981203,10.66192631589206
2.611,1.4610601539633514,10.648391603288893
2.612,1.461158923523122,10.635925806891663
2.613,1.4612577331935184,10.624549327712153
2.614,1.4613565841514946,10.614281557736717
2.615,1.461455477533713,10.60514086087208
2.616,1.4615544144354202,10.597144554874632
2.617,1.4616533959093656,10.590308894290125
2.618,1.4617524229647596,10.584649054405684
2.619,1.4618514965662766,10.580179116243606
2.62,1.4619506176331,10.576912052606389
2.621,1.4620497870380122,10.574859715184157
2.622,1.4621490056065272,10.574032822743504
2.623,1.4622482741160754,10.574440950406654
2.624,1.4623475932952283,10.576092520027533
2.625,1.4624469638229787,10.578994791686064
2.626,1.4625463863280588,10.58315385629534
2.627,1.4626458613883198,10.588574629340506
2.628,1.4627453895301508,10.59526084575058
2.629,1.4628449712279565,10.603215055908322
2.63,1.4629446069036762,10.612438622806415
2.631,1.4630442969263646,10.622931720349392
2.632,1.4631440416118162,10.634693332804652
2.633,1.4632438412222468,10.647721255405791
2.634,1.4633436959660246,10.662012096103815
2.635,1.4634436059974547,10.677561278469746
2.636,1.4635435714166178,10.694363045743433
2.637,1.4636435922692606,10.7124104660262
2.638,1.4637436685467409,10.73169543861243
2.639,1.4638438001860217,10.752208701455622
2.64,1.4639439870697275,10.773939839759876
2.641,1.4640442290262425,10.796877295693456
2.642,1.4641445258298729,10.821008379208685
2.643,1.464244877201053,10.846319279966092
2.644,1.4643452828066106,10.872795080347103
2.645,1.4644457422600823,10.900419769542342
2.646,1.4645462551220811,10.929176258705724
2.647,1.4646468209007164,10.95904639716062
2.648,1.464747439052066,10.990010989636815
2.649,1.464848108980698,11.022049814531528
2.65,1.4649488300402436,11.055141643167087
2.651,1.465049601534022,11.089264260037272
2.652,1.4651504227157117,11.124394484014427
2.653,1.4652512927900707,11.160508190504054
2.654,1.4653522109137096,11.197580334520623
2.655,1.4654531761959053,11.235584974668331
2.656,1.4655541876994653,11.274495297996921
2.657,1.4656552444416375,11.314283645717161
2.658,1.4657563453950633,11.35492153974577
2.6590000000000003,1.4658574894887768,11.39637971005445
2.66,1.4659586756092435,11.438628122803287
2.661,1.466059902601446,11.481636009222004
2.662,1.4661611692700052,11.525371895221735
2.6630000000000003,1.4662624743803443,11.569803631700381
2.664,1.4663638166598933,11.614898425518454
2.665,1.4664651947993241,11.660622871113766
2.666,1.4665666074538308,11.706942982723405
2.6670000000000003,1.4666680532444385,11.753824227184559
2.668,1.4667695307593491,11.801231557282328
2.669,1.4668710385553159,11.849129445610501
2.67,1.4669725751590563,11.897481918914856
2.6710000000000003,1.4670741390686866,11.946252592887088
2.672,1.4671757287551879,11.995404707371705
2.673,1.4672773426639025,12.04490116195786
2.674,1.4673789792160499,12.094704551915598
2.6750000000000003,1.467480636810272,12.144777204448651
2.676,1.4675823138241946,12.195081215223883
2.677,1.4676840086160174,12.245578485142012
2.678,1.4677857195261184,12.29623075732135
2.6790000000000003,1.4678874448786752,12.346999654247757
2.68,1.4679891829833067,12.397846715064698
2.681,1.468090932136728,12.448733432963493
2.682,1.4681926906244143,12.499621292635691
2.6830000000000003,1.4682944567222833,12.55047180775582
2.684,1.4683962286983814,12.60124655845588
2.685,1.468498004814581,12.651907228753966
2.686,1.4685997833282816,12.702415643904516
2.6870000000000003,1.4687015624941215,12.752733807631955
2.688,1.4688033405656822,12.80282393920914
2.689,1.4689051157972086,12.852648510351262
2.69,1.469006886445313,12.90217028188259
2.691,1.4691086507706905,12.951352340145618
2.692,1.4692104070398229,13.000158133112954
2.693,1.4693121535266815,13.048551506171528
2.694,1.4694138885144181,13.096496737540221
2.695,1.4695156102970548,13.143958573289943
2.696,1.4696173171811548,13.1909022619284
2.697,1.4697190074874906,13.237293588520316
2.698,1.4698206795526891,13.283098908305831
2.699,1.4699223317308692,13.328285179786931
2.7,1.4700239623952593,13.372819997249113
2.701,1.4701255699397962,13.416671622685342
2.702,1.4702271527807047,13.45980901709288
2.703,1.470328709358056,13.502201871112113
2.704,1.4704302381373042,13.543820634975155
2.705,1.4705317376107947,13.58463654773946
2.706,1.4706332062992507,13.624621665771997
2.707,1.4707346427532288,13.663748890462472
2.708,1.4708360455545488,13.701991995133003
2.709,1.4709374133176918,13.739325651119756
2.71,1.4710387446911648,13.775725453003318
2.711,1.4711400383588353,13.81116794295928
2.712,1.4712412930412315,13.845630634205307
2.713,1.4713425074968036,13.879092033526703
2.714,1.4714436805231508,13.911531662849796
2.715,1.4715448109582108,13.942930079849909
2.716,1.4716458976814095,13.97326889756851
2.717,1.4717469396147667,14.00253080302084
2.718,1.4718479357239682,14.030699574777426
2.719,1.4719488850193865,14.057760099500964
2.72,1.4720497865570648,14.083698387419389
2.721,1.4721506394396533,14.108501586725069
2.722,1.472251442817299,14.132157996881048
2.723,1.4723521958884949,14.154657080821497
2.724,1.472452897900872,14.175989476037781
2.725,1.472553548151955,14.196147004532271
2.726,1.4726541459898603,14.215122681636629
2.727,1.4727546908139486,14.232910723681059
2.728,1.4728551820754274,14.249506554506155
2.729,1.4729556192779023,14.264906810814864
2.73,1.473056001977875,14.279109346353628
2.731,1.4731563297851948,14.292113234920393
2.732,1.4732566023634523,14.303918772197225
2.733,1.4733568194303237,14.31452747640255
2.734,1.4734569807578624,14.32394208776227
2.735,1.473557086172736,14.332166566802385
2.736,1.473657135556408,14.339206091459868
2.737,1.4737571288452742,14.345067053018106
2.738,1.4738570660307317,14.349757050865005
2.739,1.4739569471592076,14.353284886086279
2.74,1.4740567723321256,14.355660553889543
2.741,1.474156541705821,14.356895234874123
2.742,1.4742562554914016,14.357001285149831
2.743,1.4743559139545561,14.355992225315703
2.744,1.4744555174153078,14.353882728307362
2.745,1.474555066247714,14.350688606125733
2.746,1.4746545608795159,14.346426795456875
2.747,1.4747540017917313,14.341115342199053
2.748,1.4748533895181983,14.334773384910267
2.749,1.4749527246450673,14.327421137189578
2.75,1.4750520078102372,14.319079869012334
2.751,1.475151239702747,14.309771887034934
2.752,1.475250421062113,14.299520513886229
2.753,1.4753495526776175,14.288350066467942
2.754,1.475448635387547,14.276285833281406
2.755,1.4755476700783872,14.263354050805685
2.756,1.4756466576839653,14.249581878946152
2.757,1.4757455991845443,14.234997375576206
2.758,1.475844495605881,14.219629470200239
2.759,1.4759433480182285,14.203507936761493
2.76,1.4760421575352995,14.18666336561499
2.761,1.4761409253131892,14.169127134701704
2.762,1.476239652549251,14.150931379943017
2.763,1.4763383404809352,14.132108964888921
2.764,1.476436990384587,14.112693449646603
2.765,1.476535603574207,14.092719059118643
2.766,1.4766341814001724,14.072220650582402
2.767,1.4767327252479248,14.051233680643392
2.768,1.4768312365366194,14.029794171585781
2.769,1.4769297167177475,14.00793867716698
2.77,1.4770281672737184,13.985704247871752
2.771,1.4771265897164187,13.963128395674538
2.772,1.477224985585737,13.940249058333649
2.773,1.477323356448061,13.917104563254426
2.774,1.477421703894754,13.893733590959883
2.775,1.4775200295405968,13.87017513819736
2.776,1.477618335022215,13.846468480720567
2.777,1.4777166219964817,13.822653135784613
2.778,1.4778148921388965,13.798768824382968
2.779,1.4779131471419502,13.77485543327299
2.78,1.4780113887134716,13.750952976815885
2.781,1.4781096185749556,13.727101558675542
2.782,1.4782078384598831,13.703341333411352
2.783,1.4783060501120229,13.67971246799926
2.7840000000000003,1.4784042552837255,13.656255103320682
2.785,1.4785024557342108,13.633009315658114
2.786,1.4786006532278426,13.610015078229278
2.787,1.478698849532403,13.587312222804215
2.7880000000000003,1.47879704641736,13.564940401435116
2.789,1.4788952456521356,13.54293904834067
2.79,1.4789934490043672,13.521347341982533
2.791,1.4790916582381801,13.50020416736529
2.7920000000000003,1.4791898751124537,13.47954807860252
2.793,1.4792881013790982,13.459417261782747
2.794,1.4793863387813342,13.439849498169018
2.795,1.479484589051983,13.420882127773314
2.7960000000000003,1.4795828539117641,13.402552013335601
2.797,1.4796811350676071,13.384895504746897
2.798,1.4797794342109725,13.367948403947558
2.799,1.479877753016191,13.35174593033856
2.8000000000000003,1.4799760931388177,13.336322686735421
2.801,1.4800744562140027,13.321712625902066
2.802,1.4801728438548838,13.307949017693904
2.803,1.4802712576509987,13.295064416845033
2.8040000000000003,1.48036969916672,13.283090631429559
2.805,1.4804681699397162,13.272058692026206
2.806,1.4805666714794323,13.261998821621926
2.807,1.4806652052656089,13.252940406277418
2.8080000000000003,1.4807637727468164,13.244911966588422
2.809,1.4808623753390318,13.23794112996756
2.81,1.4809610144242367,13.232054603775783
2.811,1.4810596913490546,13.22727814933041
2.8120000000000003,1.481158407423422,13.223636556812927
2.813,1.4812571639192909,13.221153621103614
2.814,1.481355962069373,13.219852118565974
2.815,1.4814548030659176,13.219753784805619
2.816,1.4815536880595332,13.220879293420381
2.817,1.4816526181580463,13.2232482357716
2.818,1.4817515944254012,13.226879101788676
2.819,1.4818506178806066,13.2317892618292
2.82,1.4819496894967217,13.237994949615235
2.821,1.482048810199889,13.245511246256712
2.822,1.4821479808684108,13.254352065385582
2.823,1.4822472023318767,13.26453013941078
2.824,1.4823464753703328,13.27605700690664
2.825,1.4824458007135037,13.2889430011553
2.826,1.4825451790400601,13.303197239844295
2.827,1.4826446109769404,13.318827615939803
2.828,1.4827440970987178,13.335840789738977
2.829,1.4828436379270222,13.354242182110475
2.83,1.4829432339300115,13.374035968933985
2.831,1.4830428855218978,13.395225076741106
2.832,1.4831425930625222,13.417811179563138
2.833,1.4832423568569877,13.441794696991984
2.834,1.4833421771553412,13.467174793453424
2.835,1.4834420541523112,13.493949378696797
2.836,1.4835419879871004,13.522115109501208
2.837,1.4836419787432293,13.551667392594567
2.838,1.4837420264484413,13.582600388786457
2.839,1.4838421310746526,13.614907018311886
2.84,1.4839422925379655,13.648578967377393
2.841,1.4840425106987305,13.683606695910257
2.842,1.4841427853616669,13.719979446495735
2.843,1.4842431162760354,13.75768525450513
2.844,1.484343503135867,13.79671095939447
2.845,1.4844439455802427,13.837042217172048
2.846,1.4845444431936325,13.878663514018562
2.847,1.4846449955062817,13.921558181052085
2.848,1.484745601994657,13.965708410215854
2.849,1.4848462620819383,14.011095271286898
2.85,1.4849469751385704,14.057698729976302
2.851,1.48504774048286,14.105497667115124
2.852,1.4851485573816268,14.154469898901546
2.853,1.485249425050906,14.204592198190959
2.854,1.4853503426567,14.255840316816219
2.855,1.485451309315778,14.308189008904378
2.856,1.4855523240965252,14.361612055179371
2.857,1.4856533860198415,14.41608228822384
2.858,1.4857544940600822,14.471571618673313
2.859,1.4858556471460511,14.528051062322106
2.86,1.4859568441620308,14.585490768115278
2.861,1.4860580839488642,14.64386004699616
2.862,1.4861593653050746,14.703127401585625
2.863,1.4862606869880293,14.763260556666697
2.864,1.4863620477151425,14.824226490437503
2.865,1.4864634461651192,14.885991466514461
2.866,1.4865648809792367,14.948521066642943
2.867,1.486666350762662,15.011780224096569
2.868,1.4867678540858087,15.075733257721794
2.869,1.4868693894857237,15.14034390660305
2.87,1.4869709554675103,15.205575365313017
2.871,1.487072550505782,15.271390319714492
2.872,1.4871741730461447,15.337750983276692
2.873,1.4872758215067134,15.40461913387809
2.874,1.4873774942796496,15.471956151051941
2.875,1.4874791897327275,15.539723053646341
2.876,1.4875809062109278,15.607880537858605
2.877,1.4876826420380476,15.676389015607349
2.878,1.487784395518338,15.745208653207015
2.879,1.4878861649381578,15.814299410309275
2.88,1.4879879485676446,15.883621079065858
2.881,1.488089744662407,15.953133323487826
2.882,1.4881915514652257,16.022795718952
2.883,1.4882933672077732,16.09256779182228
2.884,1.4883951901123373,16.162409059145805
2.885,1.4884970183935669,16.23227906838579
2.886,1.4885988502602108,16.302137437155025
2.887,1.4887006839168762,16.37194389290749
2.888,1.4888025175657822,16.441658312550935
2.889,1.4889043494085217,16.511240761946624
2.89,1.4890061776478232,16.58065153525083
2.891,1.4891080004893118,16.64985119406495
2.892,1.4892098161432663,16.71880060635475
2.893,1.4893116228263759,16.78746098510092
2.894,1.4894134187634887,16.85579392664294
2.895,1.4895152021893536,16.923761448680946
2.896,1.4896169713503522,16.991326027895838
2.897,1.4897187245062222,17.058450637153406
2.898,1.4898204599317657,17.12509878225452
2.899,1.489922175918545,17.19123453819728
2.9,1.4900238707765607,17.25682258491475
2.901,1.490125542835916,17.32182824245207
2.902,1.4902271904484576,17.38621750555214
2.903,1.490328811989399,17.449957077612616
2.904,1.4904304058589204,17.51301440398225
2.905,1.4905319704837432,17.575357704565246
2.906,1.4906335043186831,17.63695600569834
2.907,1.4907350058481712,17.697779171273947
2.908,1.4908364735877504,17.757797933074933
2.9090000000000003,1.4909379060855408,17.816983920291666
2.91,1.491039301923673,17.875309688194392
2.911,1.49114065971969,17.932748745933075
2.912,1.4912419781279127,17.989275583430654
2.9130000000000003,1.4913432558407724,18.04486569735319
2.914,1.491444491590105,18.09949561612379
2.915,1.4915456841484087,18.153142923957738
2.916,1.4916468323300578,18.205786283895968
2.9170000000000003,1.4917479349924831,18.257405459810556
2.918,1.4918489910373043,18.307981337367416
2.919,1.4919499994114223,18.357495943915772
2.92,1.4920509591080688,18.40593246729176
2.9210000000000003,1.4921518691678075,18.45327527351437
2.922,1.4922527286794909,18.499509923356836
2.923,1.4923535367811729,18.54462318777402
2.924,1.4924542926609696,18.58860306217559
2.9250000000000003,1.492554995557872,18.63143877952423
2.926,1.4926556447625121,18.673120822249537
2.927,1.4927562396178755,18.713640932965085
2.928,1.4928567795199652,18.752992123973307
2.9290000000000003,1.4929572639184108,18.791168685556194
2.93,1.4930576923170304,18.828166193033013
2.931,1.493158064274336,18.86398151258659
2.932,1.4932583794039835,18.89861280584642
2.9330000000000003,1.4933586373751755,18.932059533222585
2.934,1.4934588379130036,18.96432245599214
2.935,1.4935589807987397,18.99540363712873
2.936,1.493659065870071,19.02530644087676
2.9370000000000003,1.4937590930212796,19.05403553107098
2.938,1.493859062203368,19.08159686819866
2.939,1.4939589734241296,19.1079977052097
2.94,1.4940588267481587,19.13324658207693
2.9410000000000003,1.4941586222968144,19.157353319107937
2.942,1.494258360248117,19.180329009020877
2.943,1.4943580408366008,19.202186007783894
2.944,1.4944576643531013,19.222937924229868
2.945,1.4945572311444955,19.24259960845615
2.946,1.494656741613381,19.26118713901657
2.947,1.4947561962177036,19.278717808922718
2.948,1.4948555954703306,19.295210110459383
2.949,1.4949549399385702,19.31068371883596
2.95,1.4950542302436338,19.325159474683886
2.951,1.4951534670600521,19.338659365418536
2.952,1.4952526511150315,19.351206505479844
2.953,1.4953517831877663,19.362825115475246
2.954,1.495450864108691,19.373540500238754
2.955,1.4955498947586905,19.383379025829804
2.956,1.4956488760682551,19.392368095494284
2.957,1.495747809016591,19.400536124605267
2.958,1.4958466946306748,19.407912514613347
2.959,1.4959455339842729,19.414527626028697
2.96,1.4960443281969047,19.42041275045416
2.961,1.4961430784327634,19.42560008171116
2.962,1.4962417858995962,19.43012268606431
2.963,1.496340451847536,19.434014471594324
2.964,1.4964390775678948,19.437310156733453
2.965,1.4965376643919166,19.440045237997175
2.966,1.4966362136894875,19.44225595694925
2.967,1.4967347268678095,19.443979266420655
2.968,1.4968332053700388,19.445252796021546
2.969,1.4969316506738854,19.446114816980828
2.97,1.4970300642901808,19.4466042063384
2.971,1.4971284477614109,19.44676041053362
2.972,1.4972268026602176,19.446623408418652
2.973,1.4973251305878723,19.446233673735055
2.974,1.4974234331727174,19.44563213708672
2.975,1.4975217120685855,19.44486014745096
2.976,1.4976199689531864,19.443959433255742
2.977,1.497718205526477,19.442972063071785
2.978,1.497816423509003,19.44194040594605
2.979,1.4979146246402244,19.440907091423043
2.98,1.4980128106768194,19.43991496928787
2.981,1.4981109833909705,19.439007069071078
2.982,1.4982091445686356,19.438226559355112
2.983,1.4983072960078054,19.4376167069203
2.984,1.498405439516747,19.43722083576914
2.985,1.4985035769122377,19.43708228607297
2.986,1.4986017100177906,19.4372443730727
2.987,1.4986998406618688,19.43775034598098
2.988,1.4987979706761012,19.438643346922525
2.989,1.498896101893487,19.439966369949417
2.99,1.4989942361466022,19.441762220177218
2.991,1.4990923752658063,19.44407347307667
2.992,1.4991905210774488,19.446942433961205
2.993,1.4992886754020773,19.450411097712347
2.994,1.4993868400526569,19.454521108777925
2.995,1.4994850168327867,19.459313721486517
2.996,1.4995832075349338,19.46482976071264
2.997,1.4996814139386718,19.4711095829331
2.998,1.4997796378089348,19.47819303771219
2.999,1.4998778808942808,19.486119429654813
3.0,1.499976144925175,19.494927480860092
3.001,1.5000744316122887,19.5046552939178
3.002,1.5001727426448124,19.51534031547909
3.003,1.5002710796887964,19.527019300440358
3.004,1.5003694443855096,19.53972827677542
3.005,1.5004678383498213,19.55350251104517
3.006,1.5005662631686087,19.568376474628188
3.007,1.5006647203991927,19.584383810694195
3.008,1.500763211567802,19.601557301963638
3.009,1.5008617381680607,19.619928839277648
3.01,1.500960301659519,19.639529391010317
3.011,1.501058903466205,19.660388973359996
3.012,1.5011575449752175,19.682536621538052
3.013,1.501256227535352,19.706000361894084
3.014,1.5013549524557646,19.730807184997808
3.015,1.5014537210046726,19.756983019711125
3.016,1.5015525344080964,19.784552708266975
3.017,1.5016513938486407,19.813539982390022
3.018,1.501750300464318,19.84396744047574
3.019,1.5018492553474163,19.87585652585356
3.02,1.5019482595434108,19.909227506157034
3.021,1.502047314049919,19.94409945381809
3.022,1.5021464198157028,19.98049022770919
3.023,1.5022455777397228,20.01841645595083
3.024,1.5023447886702321,20.057893519896062
3.025,1.5024440534039272,20.09893553932368
3.026,1.5025433726851452,20.14155535883288
3.027,1.5026427472051114,20.185764535476622
3.028,1.5027421776012417,20.231573327629185
3.029,1.5028416644564944,20.278990685107715
3.03,1.502941208298775,20.32802424055922
3.031,1.5030408096003975,20.378680302116564
3.032,1.5031404687775973,20.430963847335473
3.033,1.5032401861900984,20.48487851842155
3.0340000000000003,1.5033399621407373,20.540426618745663
3.035,1.5034397968751434,20.597609110660148
3.036,1.50353969058147,20.65642561461369
3.037,1.5036396433901897,20.71687440956755
3.0380000000000003,1.5037396553739366,20.77895243471642
3.039,1.5038397265474144,20.842655292509647
3.04,1.5039398568673539,20.907977252973282
3.041,1.5040400462325294,20.974911259329183
3.0420000000000003,1.5041402944838356,21.043448934905616
3.043,1.5042406014044145,21.11358059133684
3.044,1.5043409667198435,21.185295238039593
3.045,1.5044413900983804,21.25858059296295
3.0460000000000003,1.5045418711512588,21.33342309460201
3.047,1.5046424094330475,21.409807915259343
3.048,1.5047430044420587,21.487718975548987
3.049,1.5048436556208165,21.567138960127785
3.0500000000000003,1.504944362356575,21.648049334636905
3.051,1.5050451239818965,21.730430363840497
3.052,1.5051459397752778,21.81426113094878
3.053,1.5052468089618345,21.899519558097378
3.0540000000000003,1.505347730714034,21.986182427975443
3.055,1.5054487041524827,22.07422540657669
3.056,1.5055497283467645,22.163623067049873
3.057,1.505650802316327,22.254348914634534
3.0580000000000003,1.50575192503142,22.346375412649657
3.059,1.5058530954140803,22.43967400951835
3.06,1.5059543123391659,22.534215166797818
3.061,1.5060555746354363,22.629968388191557
3.0620000000000003,1.5061568810866772,22.726902249515625
3.063,1.506258230432871,22.82498442959148
3.064,1.5063596213714112,22.924181742032523
3.065,1.506461052558356,23.024460167900607
3.0660000000000003,1.5065625226097272,23.12578488919639
3.067,1.5066640301028464,23.228120323153927
3.068,1.5067655735777075,23.331430157307516
3.069,1.5068671515383911,23.43567738529562
3.0700000000000003,1.506968762454512,23.540824343369195
3.071,1.5070704047627006,23.64683274757043
3.072,1.5071720768681194,23.753663731544272
3.073,1.5072737771460065,23.86127788494908
3.074,1.507375503943256,23.969635292426286
3.075,1.5074772555800195,24.078695573098315
3.076,1.5075790303513419,24.18841792054852
3.077,1.5076808265288137,24.298761143250832
3.078,1.5077826423622565,24.40968370541033
3.079,1.507884476081422,24.52114376817193
3.08,1.5079863258977193,24.633099231159893
3.081,1.508088190005952,24.74550777430958
3.082,1.5081900665860828,24.85832689994789
3.083,1.508291953805004,24.971513975085387
3.084,1.5083938498183265,25.085026273877975
3.085,1.5084957527721805,25.198821020213856
3.086,1.5085976608050249,25.31285543039325
3.087,1.5086995720494656,25.42708675584946
3.088,1.5088014846340798,25.541472325878047
3.089,1.5089033966852472,25.655969590328507
3.09,1.509005306328981,25.770536162217574
3.091,1.5091072116927635,25.88512986022628
3.092,1.5092091109073782,25.999708751034277
3.093,1.5093110021087401,26.114231191454515
3.094,1.5094128834397242,26.228655870325102
3.095,1.5095147530519857,26.34294185012149
3.096,1.5096166091077714,26.45704860823978
3.097,1.509718449781726,26.570936077924266
3.098,1.509820273262683,26.68456468878492
3.099,1.5099220777554432,26.797895406877526
3.1,1.5100238614825403,26.91088977429968
3.101,1.5101256226859894,27.023509948266756
3.102,1.510227359629014,27.13571873962998
3.103,1.5103290705977597,27.247479650799068
3.104,1.5104307539029784,27.358756913028976
3.105,1.5105324078816962,27.469515523040734
3.106,1.5106340308988513,27.5797212789321
3.107,1.5107356213489112,27.68934081535237
3.108,1.5108371776574516,27.7983416378974
3.109,1.5109386982827195,27.90669215669586
3.11,1.511040181717151,28.014361719155694
3.111,1.5111416264888686,28.121320641832526
3.112,1.5112430311631353,28.227540241393008
3.113,1.5113443943437779,28.33299286464221
3.114,1.5114457146745721,28.437651917581395
3.115,1.5115469908405874,28.541491893473527
3.116,1.511648221569498,28.644488399882345
3.117,1.5117494056328424,28.746618184662807
3.118,1.5118505418472528,28.847859160873448
3.119,1.5119516290756307,28.948190430589666
3.12,1.5120526662282867,29.047592307587983
3.121,1.512153652264024,29.14604633888603
3.122,1.5122545861911874,29.243535325110102
3.123,1.512355467068653,29.34004333967242
3.124,1.5124562940067765,29.435555746740377
3.125,1.5125570661682883,29.5300592179729
3.126,1.5126577827691385,29.623541748017093
3.127,1.5127584430792909,29.71599266873865
3.128,1.5128590464234635,29.807402662177132
3.129,1.512959592181816,29.897763772213814
3.13,1.513060079790584,29.98706941493279
3.131,1.5131605087426596,30.075314387672833
3.132,1.5132608785881134,30.162494876754554
3.133,1.5133611889346648,30.24860846387447
3.134,1.5134614394480947,30.333654131162824
3.135,1.5135616298526002,30.417632264896152
3.136,1.5136617599310942,30.500544657856146
3.137,1.5137618295254482,30.582394510343
3.138,1.5138618385366733,30.663186429825135
3.139,1.5139617869250512,30.742926429241265
3.14,1.5140616747101983,30.821621923941215
3.141,1.5141615019710797,30.899281727275646
3.142,1.51426126884596,30.975916044835863
3.143,1.5143609755322978,31.051536467347326
3.144,1.5144606222865824,31.12615596222244
3.145,1.5145602094241153,31.199788863781826
3.146,1.5146597373187254,31.272450862149867
3.147,1.5147592064024398,31.344158990834703
3.148,1.514858617165084,31.414931613006996
3.149,1.5149579701538383,31.484788406483453
3.15,1.5150572659727262,31.553750347433983
3.151,1.5151565052820553,31.62183969282508
3.152,1.5152556887977988,31.68907996161382
3.153,1.5153548172909241,31.75549591471453
3.154,1.515453891586665,31.821113533749205
3.155,1.515552912563745,31.88595999860795
3.156,1.5156518811535409,31.950063663838332
3.157,1.5157507983392013,32.01345403388051
3.158,1.5158496651547115,32.07616173717852
3.1590000000000003,1.5159484826839056,32.13821849918939
3.16,1.5160472520594341,32.19965711431034
3.161,1.5161459744616796,32.2605114167596
3.162,1.5162446511176277,32.32081625042693
3.1630000000000003,1.516343283299688,32.3806074377346
3.164,1.5164418723244766,32.43992174752693
3.165,1.5165404195515473,32.498796862024605
3.166,1.5166389263820854,32.557271342874344
3.1670000000000003,1.5167373942575595,32.61538459632611
3.168,1.5168358246583296,32.67317683756673
3.169,1.5169342191022208,32.730689054251485
3.17,1.5170325791430577,32.78796296926011
3.1710000000000003,1.5171309063691618,32.84504100271829
3.172,1.5172292024018188,32.90196623331855
3.173,1.5173274688937048,32.95878235897635
3.174,1.5174257075272903,33.01553365686218
3.1750000000000003,1.517523920013209,33.072264942843134
3.176,1.5176221080885954,33.129021530377656
3.177,1.517720273515405,33.18584918889973
3.178,1.5178184180786989,33.24279410173066
3.1790000000000003,1.517916543584912,33.299902823564814
3.18,1.5180146518600972,33.3572222375644
3.181,1.518112744748148,33.414799512104935
3.182,1.518210824109006,33.472682057216964
3.1830000000000003,1.518308891816847,33.53091748076311
3.184,1.5184069497582584,33.58955354438956
3.185,1.5185049998303985,33.64863811930316
3.186,1.5186030439391451,33.70821914190561
3.1870000000000003,1.5187010839972381,33.76834456933706
3.188,1.5187991219224117,33.8290623349678
3.189,1.518897159635519,33.890420303877725
3.19,1.518995199058656,33.95246622837723
3.1910000000000003,1.5190932421132821,34.01524770359842
3.192,1.5191912907183407,34.07881212321118
3.193,1.519289346788379,34.14320663530377
3.194,1.5193874122316742,34.208478098464916
3.1950000000000003,1.519485488948363,34.27467303812031
3.196,1.5195835788285785,34.341837603158055
3.197,1.5196816837505958,34.41001752288674
3.198,1.5197798055789886,34.479258064372644
3.1990000000000003,1.5198779461627971,34.54960399019123
3.2,1.519976107333712,34.621099516637315
3.201,1.520074290904272,34.6937882724375
3.202,1.5201724986660825,34.76771325799845
3.203,1.5202707323880498,34.84291680523728
3.204,1.5203689938146387,34.91944053803074
3.205,1.5204672846641545,34.997325333320646
3.206,1.520565606627045,35.07661128291718
3.207,1.520663961364235,35.157337656035764
3.208,1.5207623505054835,35.239542862601766
3.209,1.5208607756477734,35.32326441736549
3.21,1.5209592383537305,35.408538904857146
3.211,1.5210577401500776,35.495401945218305
3.212,1.5211562825261205,35.583888160946024
3.213,1.521254866932271,35.67403114457698
3.214,1.5213534947786067,35.7658634273523
3.215,1.5214521674334693,35.859416448884396
3.216,1.5215508862221037,35.954720527862555
3.217,1.5216496524253382,36.051804833828
3.218,1.5217484672783061,36.15069736003697
3.219,1.5218473319692138,36.25142489745362
3.22,1.52194624763815,36.3540130098843
3.221,1.5220452153759487,36.45848601028777
3.222,1.5221442362230884,36.56486693828368
3.223,1.5222433111686515,36.67317753887908
3.224,1.5223424411493272,36.78343824243632
3.225,1.5224416270484649,36.895668145905944
3.226,1.5225408696951805,37.00988499533692
3.227,1.5226401698635175,37.126105169689325
3.228,1.5227395282716552,37.24434366596413
3.229,1.5228389455811784,37.364614085660776
3.23,1.5229384223963973,37.48692862258521
3.231,1.5230379592637244,37.61129805201578
3.232,1.5231375566711065,37.73773172123899
3.233,1.5232372150475162,37.86623754146879
3.234,1.5233369347624983,37.99682198115453
3.235,1.5234367161257754,38.12949006068834
3.236,1.523536559386909,38.26424534851665
3.237,1.5236364647350245,38.40108995866105
3.238,1.5237364322985902,38.540024549653815
3.239,1.5238364621452574,38.68104832488831
3.24,1.5239365542817591,38.82415903438442
3.241,1.5240367086538718,38.969352977974964
3.242,1.5241369251464283,39.11662500990186
3.243,1.524237203583402,39.265968544825036
3.244,1.5243375437280382,39.41737556524066
3.245,1.524437945283056,39.57083663029711
3.246,1.524538407890901,39.726340886006106
3.247,1.5246389311340636,39.883876076839755
3.248,1.524739514535447,40.043428558701336
3.249,1.5248401575588086,40.20498331326285
3.25,1.5249408596092413,40.36852396364944
3.251,1.5250416200337282,40.53403279146634
3.252,1.5251424381217435,40.701490755145024
3.253,1.5252433131059169,40.87087750959588
3.254,1.5253442441627492,41.04217142714927
3.255,1.525445230413386,41.215349619765675
3.256,1.5255462709244463,41.390387962493364
3.257,1.525647364708901,41.567261118155045
3.258,1.5257485107270095,41.745942563237435
3.259,1.5258497078873043,41.92640461496275
3.26,1.5259509550476285,42.108618459514645
3.261,1.5260522510162233,42.292554181392525
3.262,1.5261535945528661,42.47818079387126
3.263,1.526254984370051,42.66546627053104
3.264,1.526356419134225,42.854377577832196
3.265,1.526457897467061,43.044880708705605
3.266,1.5265594179467823,43.23694071712134
3.267,1.5266609791095256,43.43052175361113
3.268,1.526762579450749,43.62558710170383
3.269,1.5268642174266769,43.82209921524359
3.27,1.5269658914557918,44.0200197565547
3.271,1.5270675999203513,44.21930963541804
3.272,1.527169341167954,44.41992904881792
3.273,1.5272711135131334,44.62183752142792
3.274,1.5273729152389854,44.824993946792766
3.275,1.52747474459883,45.02935662916773
3.276,1.5275765998179007,45.23488332597794
3.277,1.5276784790950628,45.44153129085425
3.278,1.5277803806045598,45.64925731720688
3.279,1.5278823024977846,45.858017782294915
3.28,1.5279842429050712,46.06776869174624
3.281,1.5280861999375128,46.27846572449181
3.282,1.5281881716887948,46.49006427806393
3.283,1.5282901562370517,46.70251951422113
3.2840000000000003,1.5283921516467331,46.91578640485188
3.285,1.5284941559704912,47.1298197781151
3.286,1.528596167251076,47.34457436477149
3.287,1.5286981835232438,47.560004844664114
3.2880000000000003,1.5288002028156735,47.77606589329809
3.289,1.5289022231528917,47.992712228481814
3.29,1.529004242557199,48.20989865697623
3.291,1.5291062590506064,48.42758012111546
3.2920000000000003,1.5292082706567653,48.645711745347015
3.293,1.5293102754029029,48.86424888264877
3.294,1.529412271321753,49.083147160781984
3.295,1.5295142564534818,49.302362528327194
3.2960000000000003,1.5296162288476107,49.521851300464114
3.297,1.529718186564927,49.741570204451826
3.298,1.5298201276793875,49.96147642475875
3.299,1.5299220502800095,50.18152764780724
3.3000000000000003,1.53002395247275,50.40168210628011
3.301,1.5301258323823643,50.62189862295296
3.302,1.5302276881542545,50.842136654005266
3.303,1.5303295179562948,51.06235633177072
3.3040000000000003,1.5304313199806336,51.2825185068808
3.305,1.5305330924454807,51.502584789767845
3.306,1.5306348335968603,51.72251759147559
3.307,1.5307365417103476,51.942280163749196
3.3080000000000003,1.5308382150927693,52.16183663835639
3.309,1.5309398520838806,52.38115206560501
3.31,1.5310414510580075,52.600192452018206
3.311,1.5311430104256585,52.818924797130194
3.3120000000000003,1.5312445286350997,53.03731712936494
3.313,1.5313460041738964,53.25533854096527
3.314,1.531447435570416,53.47295922193158
3.315,1.5315488213952915,53.690150492945726
3.3160000000000003,1.5316501602628456,53.906884837238
3.317,1.5317514508324728,54.12313593136968
3.318,1.5318526918099773,54.33887867490258
3.319,1.5319538819488692,54.55408921892067
3.3200000000000003,1.5320550200516099,54.768744993378
3.321,1.5321561049708166,54.98282473324657
3.322,1.532257135610413,55.19630850343387
3.323,1.5323581109267341,55.4091777224487
3.3240000000000003,1.5324590299295804,55.62141518478885
3.325,1.5325598916832168,55.83300508202892
3.326,1.5326606953073252,56.04393302258475
3.327,1.5327614399778966,56.2541860501373
3.3280000000000003,1.532862124928074,56.46375266069283
3.329,1.5329627494489393,56.67262281826658
3.33,1.5330633128902398,56.880787969166704
3.331,1.5331638146610647,57.08824105487094
3.332,1.5332642542304566,57.29497652347549
3.333,1.5333646311279725,57.50099033970797
3.334,1.533464944944179,57.70627999349049
3.335,1.5335651953310927,57.91084450704817
3.336,1.5336653820025596,58.1146844405437
3.337,1.5337655047345746,58.31780189624887
3.338,1.5338655633655387,58.520200521226215
3.339,1.5339655577964586,58.72188550853562
3.34,1.5340654879910824,58.92286359695353
3.341,1.5341653539759765,59.12314306920101
3.342,1.534265155840537,59.3227337486916
3.343,1.5343648937369476,59.521646994790096
3.344,1.5344645678800661,59.71989569659039
3.345,1.5345641785472586,59.91749426521736
3.346,1.5346637260781664,60.114458624654574
3.347,1.5347632108744145,60.31080620111139
3.348,1.534862633399261,60.506555910933784
3.349,1.5349619941771808,60.70172814706803
3.35,1.5350612937933956,60.896344764094636
3.351,1.53516053289334,61.0904290618411
3.352,1.53525971218207,61.28400576758617
3.353,1.535358832423612,61.47710101687887
3.354,1.5354578944402546,61.66974233298039
3.355,1.5355568991117838,61.861958604954104
3.356,1.5356558473746598,62.05378006442097
3.357,1.5357547402211376,62.24523826099965
3.358,1.5358535786983354,62.436366036458466
3.359,1.5359523639072463,62.62719749759812
3.36,1.5360510970016976,62.817767987891635
3.361,1.536149779187257,63.008114057911236
3.362,1.5362484117200903,63.19827343456218
3.363,1.5363469959057632,63.38828498916005
3.364,1.5364455330980018,63.57818870437497
3.365,1.5365440246973985,63.76802564007724
3.366,1.5366424721500747,63.95783789811543
3.367,1.536740876946299,64.14766858605756
3.368,1.5368392406190563,64.33756177993436
3.369,1.5369375647425823,64.52756248601523
3.37,1.5370358509308482,64.71771660165257
3.371,1.5371341008360122,64.908070875236
3.372,1.537232316146828,65.09867286529102
3.373,1.5373304985870224,65.28957089875747
3.374,1.5374286499136285,65.48081402849652
3.375,1.537526771915295,65.67245199005734
3.376,1.5376248664105576,65.86453515774784
3.377,1.5377229352460815,66.05711450005448
3.378,1.5378209802948757,66.2502415344467
3.379,1.5379190034544803,66.44396828161678
3.38,1.5380170066451266,66.63834721919113
3.381,1.5381149918078814,66.83343123496458
3.382,1.5382129609027546,67.02927357969594
3.383,1.5383109159068051,67.22592781951528
3.384,1.5384088588122156,67.4234477879836
3.385,1.538506791624356,67.62188753785648
3.386,1.5386047163598349,67.82130129259208
3.387,1.5387026350445336,68.02174339765486
3.388,1.5388005497116342,68.22326827166007
3.389,1.5388984623996367,68.4259303574046
3.39,1.5389963751503712,68.62978407283435
3.391,1.5390942900070042,68.83488376199426
3.392,1.5391922090120413,69.04128364600555
3.393,1.5392901342053351,69.24903777412386
3.394,1.5393880676220855,69.45819997491947
3.395,1.5394860112908486,69.66882380762986
3.396,1.5395839672315512,69.88096251373302
3.397,1.5396819374535107,70.0946689687834
3.398,1.5397799239534613,70.30999563456572
3.399,1.5398779287135993,70.52699451160524
3.4,1.5399759536996307,70.74571709208314
3.401,1.5400740008588434,70.96621431320757
3.402,1.540172072118188,71.1885365110787
3.403,1.5402701693823828,71.41273337509716
3.404,1.540368294532037,71.63885390296126
3.405,1.5404664494217952,71.86694635629256
3.406,1.5405646358785086,72.09705821693991
3.407,1.5406628556994297,72.32923614399827
3.408,1.5407611106504353,72.56352593158903
3.4090000000000003,1.5408594024642799,72.799972467443
3.41,1.5409577328388786,73.0386196923227
3.411,1.5410561034356243,73.2795105603328
3.412,1.5411545158777389,73.5226870001474
3.4130000000000003,1.5412529717486605,73.76818987720058
3.414,1.541351472590466,74.01605895687456
3.415,1.5414500199023415,74.26633286872313
3.416,1.54154861513908,74.51904907176359
3.4170000000000003,1.5416472597096342,74.77424382087719
3.418,1.541745954975703,75.03195213434375
3.419,1.5418447022503736,75.29220776255215
3.42,1.5419435027967983,75.55504315791217
3.4210000000000003,1.5420423578269298,75.82048944599649
3.422,1.5421412685002975,76.0885763979506
3.423,1.542240235922839,76.35933240418942
3.424,1.5423392611457831,76.6327844494112
3.4250000000000003,1.5424383451645802,76.90895808895685
3.426,1.5425374889178942,77.18787742653272
3.427,1.5426366932866429,77.46956509332806
3.428,1.5427359590930971,77.75404222853933
3.4290000000000003,1.542835287100033,78.04132846132985
3.43,1.5429346780099502,78.33144189424013
3.431,1.5430341324643366,78.62439908806581
3.432,1.5431336510430012,78.92021504822117
3.4330000000000003,1.543233234263463,79.21890321260324
3.434,1.5433328825804002,79.52047544096598
3.435,1.5434325963851632,79.82494200582305
3.436,1.5435323760053432,80.13231158488344
3.4370000000000003,1.5436322217044105,80.44259125503145
3.438,1.5437321336814074,80.75578648786099
3.439,1.54383211207071,81.07190114676312
3.44,1.5439321569418505,81.39093748558004
3.4410000000000003,1.5440322682993997,81.71289614882332
3.442,1.5441324460829189,82.03777617345668
3.443,1.5442326901669707,82.36557499224767
3.444,1.5443330003611946,82.69628843868458
3.4450000000000003,1.5444333764104456,83.02991075345338
3.446,1.5445338179949986,83.36643459247443
3.447,1.54463432473081,83.70585103648972
3.448,1.5447348961698513,84.04814960219262
3.4490000000000003,1.5448355318004958,84.3933182548956
3.45,1.5449362310479755,84.7413434227185
3.451,1.545036993274893,85.09221001229093
3.452,1.5451378177818034,85.44590142595398
3.4530000000000003,1.5452387038078483,85.80239958044199
3.454,1.5453396505314556,86.16168492703594
3.455,1.5454406570710981,86.52373647316367
3.456,1.545541722486111,86.88853180542833
3.457,1.545642845777566,87.25604711405035
3.458,1.5457440258892057,87.62625721869232
3.459,1.5458452617084335,87.99913559565017
3.46,1.5459465520673576,88.37465440638276
3.461,1.5460478957438937,88.75278452735168
3.462,1.5461492914629162,89.13349558115118
3.463,1.5462507378974666,89.5167559688902
3.464,1.5463522336700108,89.90253290380221
3.465,1.5464537773537468,90.29079244605393
3.466,1.546555367473963,90.68149953871159
3.467,1.5466570025094435,91.07461804484086
3.468,1.5467586808939193,91.4701107857016
3.469,1.5468604010175628,91.86793957999895
3.47,1.5469621612285325,92.26806528416085
3.471,1.5470639598345501,92.67044783359799
3.472,1.547165795104528,93.07504628490796
3.473,1.5472676652702277,93.48181885899211
3.474,1.5473695685279627,93.89072298502717
3.475,1.5474715030403312,94.30171534527236
3.476,1.5475734669379864,94.71475192064864
3.477,1.5476754583214405,95.12978803706145
3.478,1.547777475262894,95.54677841241521
3.479,1.5478795158081007,95.96567720427885
3.48,1.5479815779782546,96.38643805815394
3.481,1.548083659771906,96.80901415630211
3.482,1.5481857591668995,97.23335826708326
3.483,1.5482878741223305,97.65942279475814
3.484,1.548390002580529,98.08715982970936
3.485,1.5484921424690532,98.51652119902657
3.486,1.5485942917027058,98.94745851741698
3.487,1.5486964481855585,99.37992323838385
3.488,1.5487986098129924,99.81386670562648
3.489,1.5489007744737466,100.24924020461599
3.49,1.5490029400519767,100.68599501428955
3.491,1.5491051044293147,101.12408245882072
3.492,1.5492072654869413,101.56345395941167
3.493,1.5493094211076504,102.00406108605739
3.494,1.5494115691779204,102.44585560923397
3.495,1.5495137075899825,102.88878955145799
3.496,1.5496158342438813,103.33281523866992
3.497,1.5497179470495326,103.77788535138967
3.498,1.5498200439287757,104.2239529755936
3.499,1.5499221228174067,104.67097165326774
3.5,1.5500241816672102,105.11889543258226
3.501,1.55012621844797,105.56767891764166
3.502,1.5502282311494666,106.01727731776431
3.503,1.5503302177834546,106.46764649623452
3.504,1.5504321763856244,106.91874301849052
3.505,1.5505341050175365,107.37052419969295
3.506,1.5506360017685368,107.82294815162946
3.507,1.5507378647576426,108.27597382891081
3.508,1.5508396921354046,108.7295610744113
3.509,1.5509414820857366,109.18367066390792
3.51,1.5510432328277153,109.63826434987713
3.511,1.5511449426173474,110.09330490440314
3.512,1.5512466097493012,110.54875616115541
3.513,1.5513482325586039,111.00458305639498
3.514,1.5514498094222966,111.46075166896807
3.515,1.5515513387610549,111.91722925924657
3.516,1.5516528190407644,112.3739843069786
3.517,1.551754248774054,112.8309865480062
3.518,1.5518556265217873,113.28820700982125
3.519,1.5519569508945028,113.74561804591514
3.52,1.5520582205538132,114.20319336889472
3.521,1.5521594342137501,114.660908082327
3.522,1.5522605906420648,115.11873871127908
3.523,1.5523616886614704,115.57666323152938
3.524,1.5524627271508369,116.03466109741015
3.525,1.5525637050463308,116.49271326826093
3.526,1.5526646213424997,116.95080223346127
3.527,1.5527654750932989,117.40891203601964
3.528,1.5528662654130652,117.86702829469046
3.529,1.552966991477426,118.32513822459995
3.53,1.5530676525241578,118.78323065635627
3.531,1.5531682478539777,119.24129605362397
3.532,1.5532687768312767,119.69932652914706
3.533,1.5533692388847906,120.15731585919632
3.5340000000000003,1.5534696335082114,120.61525949643486
3.535,1.5535699602607327,121.07315458117729
3.536,1.5536702187675329,121.53099995103655
3.537,1.5537704087201936,121.98879614894682
3.5380000000000003,1.553870529877055,122.44654542954551
3.539,1.553970582063506,122.9042517639191
3.54,1.5540705651722075,123.3619208426914
3.541,1.554170479163253,123.8195600774622
3.5420000000000003,1.5542703240642617,124.27717860058296
3.543,1.5543700999704042,124.73478726327637
3.544,1.5544698070443679,125.1923986320898
3.545,1.5545694455162495,125.65002698369491
3.5460000000000003,1.5546690156833878,126.1076882980273
3.547,1.5547685179101258,126.56540024977468
3.548,1.554867952627511,127.0231821982224
3.549,1.5549673203329286,127.48105517545557
3.5500000000000003,1.5550666215896687,127.93904187293957
3.551,1.5551658570264317,128.39716662647731
3.552,1.5552650273367667,128.85545539956436
3.553,1.5553641332784498,129.31393576515342
3.5540000000000003,1.5554631756727924,129.7726368858413
3.555,1.555562155403895,130.23158949250137
3.556,1.5556610734178353,130.69082586137284
3.557,1.555759930721794,131.1503797896337
3.5580000000000003,1.5558587283831216,131.6102865694755
3.559,1.555957467528347,132.07058296070323
3.56,1.5560561493421265,132.53130716188585
3.561,1.5561547750661333,132.99249878008573
3.5620000000000003,1.556253345997895,133.45419879918654
3.563,1.5563518634895703,133.91644954686058
3.564,1.5564503289466756,134.37929466019392
3.565,1.5565487438267562,134.84277905000832
3.5660000000000003,1.556647109638008,135.3069488639111
3.567,1.556745427937845,135.7718514481041
3.568,1.5568437003314204,136.23753530799246
3.569,1.556941928470101,136.70405006762428
3.5700000000000003,1.5570401140498906,137.1714464280021
3.571,1.5571382588098126,137.6397761243056
3.572,1.5572363645302494,138.1090918820615
3.573,1.5573344330312366,138.57944737230662
3.5740000000000003,1.5574324661707204,139.05089716578237
3.575,1.5575304658427767,139.5234966862067
3.576,1.5576284339757893,139.99730216266386
3.577,1.5577263725305992,140.47237058116096
3.5780000000000003,1.557824283498615,140.9487596353927
3.579,1.557922168899897,141.4265276767657
3.58,1.558020030781206,141.9057336637253
3.581,1.558117871214031,142.3864371104345
3.5820000000000003,1.5582156922925854,142.86869803485598
3.583,1.5583134961317828,143.35257690628276
3.584,1.5584112848651899,143.83813459236922
3.585,1.558509060642959,144.3254323057152
3.586,1.5586068256297425,144.8145315500489
3.587,1.5587045820025927,145.30549406606653
3.588,1.5588023319488484,145.79838177697374
3.589,1.5589000776640045,146.2932567337874
3.59,1.5589978213495794,146.79018106044578
3.591,1.559095565210969,147.28921689878166
3.592,1.5591933114552976,147.79042635341142
3.593,1.5592910622892646,148.29387143659233
3.594,1.5593888199169905,148.79961401310192
3.595,1.559486586537862,149.30771574519258
3.596,1.5595843643443814,149.81823803767514
3.597,1.55968215552002,150.33124198318149
3.598,1.5597799622370796,150.84678830766566
3.599,1.5598777866545623,151.36493731618862
3.6,1.5599756309160493,151.88574883904585
3.601,1.5600734971475978,152.40928217828588
3.602,1.5601713874556495,152.93559605467397
3.603,1.5602693039249569,153.4647485551535
3.604,1.5603672486165292,153.99679708085256
3.605,1.5604652235656005,154.5317982956916
3.606,1.5605632307796207,155.0698080756386
3.607,1.5606612722362712,155.61088145866324
3.608,1.5607593498815084,156.15507259544
3.609,1.560857465627638,156.70243470084654
3.61,1.560955621351416,157.2530200063062
3.611,1.5610538188921885,157.8068797130237
3.612,1.5611520600500617,158.3640639461564
3.613,1.5612503465841125,158.92462170996885
3.614,1.5613486802106318,159.48860084401636
3.615,1.5614470626014156,160.05604798039812
3.616,1.561545495382091,160.627008502124
3.617,1.5616439801304909,161.20152650263879
3.618,1.5617425183750695,161.77964474653788
3.619,1.5618411115933701,162.36140463152395
3.62,1.5619397612105335,162.946846151632
3.621,1.5620384685978645,163.53600786176742
3.622,1.5621372350714433,164.1289268435907
3.623,1.5622360618907938,164.72563867278205
3.624,1.562334950257602,165.32617738772092
3.625,1.5624339013144932,165.93057545961378
3.626,1.5625329161438635,166.53886376409383
3.627,1.5626319957667694,167.15107155433378
3.628,1.5627311411418767,167.76722643568843
3.629,1.5628303531644705,168.3873543418975
3.63,1.5629296326655215,169.01147951287768
3.631,1.563028980410821,169.63962447411973
3.632,1.5631283971001726,170.271810017719
3.633,1.5632278833666509,170.90805518505613
3.634,1.5633274397759214,171.54837725114731
3.635,1.5634270668256334,172.19279171068388
3.636,1.5635267649448668,172.84131226577188
3.637,1.5636265344936553,173.49395081539075
3.638,1.5637263757625703,174.15071744658013
3.639,1.5638262889723769,174.8116204273672
3.64,1.5639262742737536,175.47666620144156
3.641,1.5640263317470822,176.1458593845888
3.642,1.5641264614023058,176.8192027628824
3.643,1.564226663178855,177.49669729264545
3.644,1.5643269369456427,178.17834210217777
3.645,1.5644272825011278,178.86413449525202
3.646,1.5645276995734478,179.55406995637844
3.647,1.564628187820621,180.24814215783456
3.648,1.5647287468308138,180.9463429684522
3.649,1.5648293761226815,181.64866246416213
3.65,1.564930075145772,182.35508894028192
3.651,1.5650308432810016,183.06560892554148
3.652,1.5651316798411945,183.7802071978325
3.653,1.5652325840716923,184.49886680167089
3.654,1.5653335551510275,185.22156906735495
3.655,1.5654345921916637,185.94829363180617
3.656,1.565535694240801,186.6790184610706
3.657,1.5656368602812463,187.41371987446632
3.658,1.5657380892323438,188.1523725703493
3.659,1.5658393799509747,188.8949496534819
3.66,1.5659407312326117,189.64142266397374
3.661,1.5660421418124384,190.39176160777157
3.662,1.5661436103665294,191.14593498867177
3.663,1.5662451355130833,191.90390984182363
3.664,1.5663467158137219,192.6656517686951
3.665,1.5664483497748367,193.43112497346874
3.666,1.566550035848999,194.20029230083196
3.667,1.5666517724364162,194.97311527513335
3.668,1.566753557886445,195.74955414086037
3.669,1.566855390499157,196.529567904408
3.67,1.5669572685269464,197.3131143770944
3.671,1.5670591901761939,198.10015021938955
3.672,1.5671611536089745,198.89063098630896
3.673,1.5672631569448057,199.68451117393613
3.674,1.5673651982624455,200.4817442670238
3.675,1.567467275601727,201.28228278763763
3.676,1.5675693869654346,202.08607834478786
3.677,1.5676715303212185,202.893081685009
3.678,1.5677737036035428,203.70324274383518
3.679,1.5678759047156725,204.5165106981277
3.68,1.5679781315316859,205.33283401919758
3.681,1.568080381898524,206.15216052668254
3.682,1.5681826536380647,206.9744374431167
3.683,1.5682849445492246,207.79961144915228
3.684,1.5683872524100826,208.62762873936956
3.685,1.5684895749800312,209.45843507863077
3.686,1.5685919100019423,210.29197585891953
3.687,1.5686942552043543,211.1281961566121
3.688,1.5687966083036762,211.96704079012713
3.689,1.568898967006402,212.80845437789753
3.69,1.569001329011338,213.65238139660613
3.691,1.5691036920118437,214.498766239637
3.692,1.5692060536980752,215.3475532756761
3.693,1.569308411759236,216.1986869074114
3.694,1.5694107638858301,217.05211163027593
3.695,1.569513107771917,217.9077720911717
3.696,1.5696154411173653,218.76561314712313
3.697,1.5697177616301015,219.62557992380098
3.698,1.5698200670283549,220.48761787385916
3.699,1.5699223550428911,221.35167283502878
3.7,1.5700246234192432,222.21769108791304
3.701,1.5701268699199207,223.08561941342523
3.702,1.5702290923266102,223.95540514981644
3.703,1.5703312884423604,224.82699624923382
3.704,1.5704334560937439,225.7003413337553
3.705,1.5705355931329996,226.57538975084975
3.706,1.5706376974401575,227.45209162819881
3.707,1.5707397669251288,228.33039792783785
3.708,1.570841799529778,229.2102604995534
3.709,1.5709437932299601,230.0916321334887
3.71,1.5710457460375284,230.97446661190565
3.711,1.5711476560023123,231.85871876005007
3.712,1.571249521214052,232.74434449607003
3.713,1.5713513398043069,233.6313008799396
3.714,1.5714531099483153,234.5195461613361
3.715,1.571554829866821,235.40903982642573
3.716,1.5716564978278498,236.29974264351006
3.717,1.5717581121484512,237.19161670748554
3.718,1.5718596711963828,238.08462548307546
3.719,1.5719611733917587,238.97873384678672
3.72,1.5720626172086376,239.87390812755
3.721,1.5721640011765696,240.77011614600585
3.722,1.5722653238820805,241.66732725238998
3.723,1.5723665839701135,242.56551236298418
3.724,1.572467780145404,243.4646439950962
3.725,1.572568911173805,244.3646963005253
3.726,1.5726699758835543,245.26564509749073
3.727,1.5727709731664754,246.1674679009782
3.728,1.572871901979126,247.07014395147957
3.729,1.5729727613438784,247.97365424209568
3.73,1.5730735503499422,248.87798154396802
3.731,1.5731742681543162,249.78311043002134
3.732,1.573274913982681,250.68902729698215
3.733,1.5733754871302246,251.59572038565543
3.734,1.5734759869623982,252.50317979943665
3.735,1.573576412915607,253.41139752103606
3.736,1.5736767644978316,254.3203674273987
3.737,1.5737770412891814,255.2300853028029
3.738,1.5738772429423742,256.14054885012024
3.739,1.5739773691831542,257.05175770022583
3.74,1.5740774198106289,257.96371341954546
3.741,1.5741773946975397,258.8764195157278
3.742,1.574277293790467,259.78988144143943
3.743,1.5743771171099499,260.70410659626907
3.744,1.5744768647505467,261.6191043267406
3.745,1.5745765368808187,262.5348859244316
3.746,1.574676133743238,263.45146462219424
3.747,1.574775655654029,264.3688555884838
3.748,1.5748751030029375,265.28707591979094
3.749,1.574974476252922,266.20614463118864
3.75,1.5750737759397817,267.12608264499613
3.751,1.5751730026717066,268.0469127775703
3.752,1.5752721571287598,268.9686597242309
3.753,1.575371240062288,269.8913500423376
3.754,1.575470252294263,270.81501213252494
3.755,1.5755691947165529,271.739676218117
3.756,1.5756680682901254,272.66537432273435
3.757,1.5757668740441817,273.5921402461155
3.758,1.5758656130752242,274.5200095381718
3.759,1.5759642865460561,275.4490194712966
3.76,1.5760628956847176,276.37920901095805
3.761,1.5761614417833567,277.31061878459553
3.762,1.5762599261970336,278.2432910488496
3.763,1.5763583503424683,279.1772696551553
3.764,1.5764567156967217,280.1126000137301
3.765,1.5765550237958184,281.0493290559846
3.766,1.5766532762333099,281.9875051953951
3.767,1.5767514746587843,282.92717828687165
3.768,1.576849620776313,283.8683995846556
3.769,1.5769477163428478,284.8112216987913
3.77,1.5770457631665629,285.755698550204
3.771,1.5771437631051468,286.70188532443365
3.772,1.5772417180640417,287.6498384240593
3.773,1.5773396299946376,288.59961541986274
3.774,1.5774375008924157,289.55127500077765
3.775,1.5775353327950514,290.5048769226659
3.776,1.5776331277804718,291.4604819559713
3.777,1.5777308879648713,292.41815183230256
3.778,1.577828615500689,293.3779491899885
3.779,1.57792631257455,294.3399375186648
3.78,1.578023981405168,295.3041811029359
3.781,1.5781216242412162,296.27074496517196
3.782,1.5782192433591677,297.2396948074896
3.783,1.5783168410611053,298.21109695297696
3.784,1.5784144196725034,299.18501828620975
3.785,1.5785119815399864,300.1615261931263
3.786,1.578609529029063,301.14068850030696
3.787,1.5787070645218404,302.12257341372344
3.788,1.5788045904147192,303.1072494570151
3.789,1.5789021091160715,304.09478540934526
3.79,1.5789996230439076,305.08525024290674
3.791,1.579097134623527,306.0787130601281
3.792,1.579194646285162,307.07524303064275
3.793,1.5792921604616141,308.0749093280855
3.794,1.5793896795858828,309.07778106676983
3.795,1.5794872060887974,310.08392723831537
3.796,1.5795847423966414,311.0934166482781
3.797,1.5796822909287824,312.10631785285227
3.798,1.5797798540953067,313.1226990956983
3.799,1.5798774342946598,314.14262824496325
3.8,1.5799750339112923,315.1661727305509
3.801,1.5800726553133237,316.19339948170654
3.802,1.5801703008502141,317.2243748649714
3.803,1.5802679728504512,318.25916462257413
3.804,1.58036567361926,319.2978338113121
3.805,1.5804634054363293,320.3404467419881
3.806,1.5805611705535592,321.38706691946004
3.807,1.5806589711928367,322.4377569833599
3.808,1.5807568095438356,323.4925786495428
3.809,1.5808546877618477,324.551592652325
3.81,1.5809526079656409,325.6148586875621
3.811,1.5810505722353552,326.6824353566319
3.812,1.581148582610432,327.7543801113686
3.813,1.5812466410875792,328.83074920001064
3.814,1.5813447496187778,329.91159761421017
3.815,1.5814429101093315,330.99697903716026
3.816,1.5815411244159523,332.0869457928898
3.817,1.5816393943449012,333.18154879677957
3.818,1.5817377216501673,334.28083750734265
3.819,1.581836108031703,335.3848598793279
3.82,1.5819345551337032,336.4936623181825
3.821,1.5820330645429412,337.6072896359283
3.822,1.5821316377871577,338.7257850084929
3.823,1.5822302763335043,339.84918993453846
3.824,1.5823289815870463,340.9775441958318
3.825,1.5824277548893222,342.11088581919626
3.826,1.582526597516965,343.24925104008304
3.827,1.5826255106803828,344.39267426780214
3.828,1.582724495522506,345.54118805244525
3.829,1.582823553117596,346.6948230535406
3.83,1.5829226844701203,347.8536080104665
3.831,1.5830218905136937,349.01756971465977
3.832,1.5831211721100877,350.18673298364604
3.833,1.5832205300483102,351.361120636921
3.834,1.583319965043751,352.54075347370724
3.835,1.583419477737403,353.7256502526139
3.836,1.5835190686951512,354.91582767321836
3.837,1.5836187384071343,356.1113003595925
3.838,1.5837184872871823,357.31208084579345
3.839,1.5838183156723247,358.5181795633339
3.84,1.5839182238223737,359.72960483064685
3.841,1.584018211919581,360.94636284456215
3.842,1.5841182800683742,362.16845767379994
3.843,1.584218428295162,363.39589125449663
3.844,1.5843186565482203,364.62866338776564
3.845,1.5844189646976523,365.86677173930286
3.846,1.5845193525354233,367.11021184103663
3.847,1.5846198197754744,368.3589770948287
3.848,1.584720366053911,369.6130587782168
3.849,1.5848209909292665,370.87244605221105
3.85,1.5849216938828414,372.1371259711226
3.851,1.5850224743191217,373.40708349443423
3.852,1.5851233315662665,374.6823015006921
3.853,1.5852242648766763,375.9627608034163
3.854,1.5853252734276317,377.24844016901676
3.855,1.5854263563220092,378.5393163366949
3.856,1.5855275125890658,379.83536404032407
3.857,1.5856287411853,381.136556032283
3.858,1.5857300409953847,382.442863109225
3.859,1.5858314108331677,383.7542541397647
3.86,1.5859328494427443,385.0706960940509
3.861,1.5860343554996017,386.3921540752084
3.862,1.5861359276118256,387.7185913526141
3.863,1.586237564321379,389.04996939698583
3.864,1.5863392641054443,390.3862479172438
3.865,1.5864410253778305,391.72738489912103
3.866,1.5865428464904454,393.0733366454813
3.867,1.5866447257348246,394.4240578183134
3.868,1.5867466613437289,395.77950148235965
3.869,1.5868486514927937,397.13961915034275
3.87,1.5869506943022391,398.5043608297476
3.871,1.5870527878386371,399.8736750711172
3.872,1.5871549301167291,401.2475090178152
3.873,1.587257119101302,402.6258084572152
3.874,1.5873593527091074,404.0085178732622
3.875,1.5874616288108372,405.39558050036567
3.876,1.5875639452331423,406.7869383785663
3.877,1.5876662997606967,408.18253240993323
3.878,1.5877686901383066,409.58230241613245
3.879,1.587871114073059,410.98618719711703
3.88,1.5879735692365111,412.39412459088254
3.881,1.5880760532669171,413.8060515342334
3.882,1.5881785637714863,415.2219041244988
3.883,1.5882810983286801,416.64161768214717
3.884,1.5883836544905343,418.0651268142334
3.885,1.588486229785015,419.4923654786224
3.886,1.5885888217183943,420.92326704892923
3.887,1.5886914277776572,422.357764380111
3.888,1.5887940454329232,423.7957898746504
3.889,1.5888966721398956,425.23727554926893
3.89,1.5889993053423168,426.682153102102
3.891,1.5891019424744492,428.130353980279
3.892,1.5892045809635618,429.5818094478351
3.893,1.5893072182324262,431.03645065389736
3.894,1.5894098517018258,432.49420870107497
3.895,1.5895124787930641,433.95501471399126
3.896,1.5896150969304765,435.4187999078865
3.897,1.5897177035439471,436.88549565723366
3.898,1.5898202960714165,438.3550335642909
3.899,1.5899228719613885,439.8273455275335
3.9,1.59002542867543,441.30236380989373
3.901,1.5901279636906585,442.78002110674163
3.902,1.590230474502221,444.2602506135471
3.903,1.590332958625757,445.74298609314997
3.904,1.5904354135998418,447.22816194257575
3.905,1.5905378369884144,448.7157132593336
3.906,1.590640226383184,450.20557590712787
3.907,1.5907425794060086,451.6976865809215
3.908,1.5908448937112492,453.1919828712861
3.909,1.5909471669880983,454.6884033279756
3.91,1.591049396962872,456.1868875226623
3.911,1.5911515814012727,457.6873761107709
3.912,1.5912537181106143,459.1898108923489
3.913,1.591355804942012,460.6941348719189
3.914,1.5914578397925294,462.2002923172436
3.915,1.591559820607287,463.70822881695426
3.916,1.5916617453815212,465.2178913369791
3.917,1.5917636121626026,466.7292282757163
3.918,1.591865419052006,468.24218951789976
3.919,1.5919671642072246,469.7567264870975
3.92,1.5920688458436383,471.27279219679383
3.921,1.5921704622363242,472.7903413000039
3.922,1.592272011721815,474.30933013736535
3.923,1.592373492699795,475.8297167836661
3.924,1.5924749036347408,477.3514610927507
3.925,1.5925762430575001,478.87452474077
3.926,1.592677509566807,480.398871267719
3.927,1.5927787018307331,481.924466117228
3.928,1.592879818588077,483.451276674561
3.929,1.592980858649678,484.9792723027838
3.93,1.593081820899672,486.5084243770625
3.931,1.5931827042966706,488.03870631705587
3.932,1.5932835078748717,489.5700936173698
3.933,1.5933842307450974,491.10256387603533
3.934,1.593484872095759,492.6360968209866
3.935,1.593585431193749,494.1706743345042
3.936,1.5936859073852558,495.70628047559774
3.937,1.5937863000965027,497.2429015003057
3.938,1.593886608834412,498.7805258798844
3.939,1.5939868331871907,500.31914431686937
3.94,1.5940869728248344,501.8587497589861
3.941,1.5941870274995593,503.3993374108968
3.942,1.5942869970461475,504.94090474376367
3.943,1.5943868813822175,506.4834515026204
3.944,1.5944866805084132,508.02697971153555
3.945,1.5945863945085115,509.5714936765662
3.946,1.5946860235494482,511.11699998648544
3.947,1.594785567881268,512.6635075112889
3.948,1.594885027836988,514.2110273984712
3.949,1.5949844038323828,515.7595730670739
3.95,1.5950836963656903,517.3091601995095
3.951,1.595182906017234,518.8598067311593
3.952,1.5952820334489661,520.411532837757
3.953,1.5953810794039323,521.9643609205657
3.954,1.5954800447056547,523.5183155893526
3.955,1.595578930257438,525.0734236431831
3.956,1.5956777370415933,526.6297140490415
3.957,1.5957764661185898,528.1872179182983
3.958,1.5958751186261242,529.745968481044
3.959,1.5959736957781172,531.3060010583068
3.96,1.5960721988636324,532.86735303218
3.961,1.596170629245721,534.4300638138851
3.962,1.5962689883601957,535.9941748097931
3.963,1.5963672777143283,537.5597293854381
3.964,1.596465498885479,539.1267728275534
3.965,1.596563653519655,540.6953523041577
3.966,1.5966617433299977,542.2655168227368
3.967,1.5967597700952094,543.8373171865476
3.968,1.5968577356579068,545.4108059490868
3.969,1.5969556419229134,546.98603736677
3.97,1.5970534908554899,548.5630673498537
3.971,1.5971512844795026,550.141953411654
3.972,1.597249024875532,551.7227546160996
3.973,1.5973467141789248,553.305531523675
3.974,1.5974443545777874,554.8903461357961
3.975,1.59754194831093,556.4772618376719
3.976,1.5976394976657542,558.0663433397056
3.977,1.5977370049760928,559.6576566174874
3.978,1.5978344726200011,561.2512688504358
3.979,1.5979319030175017,562.8472483591404
3.98,1.5980292986282871,564.4456645414713
3.981,1.5981266619493784,566.0465878075061
3.982,1.5982239955127453,567.6500895133426
3.983,1.598321301882891,569.256241893854
3.984,1.598418583654398,570.8651179944513
3.985,1.5985158434494446,572.4767916019176
3.986,1.5986130839152906,574.0913371743774
3.987,1.5987103077217344,575.7088297704703
3.988,1.5988075175585452,577.3293449777907
3.989,1.5989047161328722,578.9529588406672
3.99,1.5990019061666338,580.5797477873443
3.991,1.5990990903938862,582.2097885566419
3.992,1.5991962715581811,583.8431581241549
3.993,1.5992934524099074,585.4799336280712
3.994,1.599390635703623,587.1201922946718
3.995,1.5994878241953787,588.76401136359
3.996,1.5995850206400382,590.4114680128979
3.997,1.5996822277885947,592.0626392840912
3.998,1.5997794483854864,593.7176020070513
3.999,1.599876685165917,595.3764327250469
4.0,1.599973940853179,597.0392076198568
4.001,1.6000712181559869,598.7060024370796
4.002,1.6001685197658195,600.3768924117073
4.003,1.6002658483542749,602.0519521940331
4.004,1.6003632065704432,603.7312557759642
4.005,1.6004605970382948,605.4148764178153
4.006,1.6005580223540918,607.1028865756505
4.007,1.6006554850838195,608.7953578292467
4.008,1.600752987760647,610.4923608107476
4.009,1.6008505328824145,612.1939651340834
4.01,1.600948122909152,613.9002393252156
4.011,1.6010457602606296,615.611250753289
4.0120000000000005,1.6011434473139465,617.3270655627464
4.013,1.6012411864011526,619.0477486064823
4.014,1.6013389798069182,620.773363380099
4.015,1.6014368297662398,622.5039719573278
4.016,1.6015347384621934,624.2396349266851
4.017,1.6016327080237354,625.9804113294234
4.018,1.601730740523552,627.7263585988405
4.019,1.6018288379759609,629.4775325010066
4.0200000000000005,1.6019270023348664,631.2339870769745
4.021,1.602025235491769,632.9957745865213
4.022,1.6021235392738367,634.7629454534914
4.023,1.602221915442029,636.5355482127873
4.024,1.6023203656892901,638.3136294590653
4.025,1.602418891638802,640.0972337971896
4.026,1.6025174948423013,641.8864037944963
4.027,1.602616176778465,643.6811799349155
4.0280000000000005,1.6027149388513657,645.4816005749998
4.029,1.6028137823889943,647.287701901905
4.03,1.602912708641858,649.0995178933703
4.031,1.6030117187816464,650.9170802797346
4.032,1.60311081389998,652.7404185080352
4.033,1.603209995007223,654.5695597082255
4.034,1.6033092630313879,656.4045286615467
4.035,1.6034086188171046,658.2453477710915
4.0360000000000005,1.6035080631246788,660.0920370345898
4.037,1.6036075966292254,661.9446140194489
4.038,1.6037072199198845,663.8030938400742
4.039,1.6038069334991238,665.6674891375019
4.04,1.6039067377821166,667.5378100613601
4.041,1.604006633096209,669.4140642541884
4.042,1.604106619680473,671.2962568381297
4.043,1.604206697685337,673.1843904040159
4.0440000000000005,1.6043068671723115,675.0784650028593
4.045,1.6044071281137946,676.9784781397656
4.046,1.6045074803929615,678.8844247702777
4.047,1.6046079238037503,680.7962972991604
4.048,1.6047084580509239,682.7140855816265
4.049,1.6048090827502244,684.6377769270172
4.05,1.604909797428612,686.56735610493
4.051,1.6050106015245915,688.5028053537983
4.0520000000000005,1.6051114943886258,690.4441043919132
4.053,1.605212475283632,692.3912304308931
4.054,1.6053135433855688,694.3441581915773
4.055,1.6054146977841028,696.3028599223503
4.056,1.6055159374833663,698.2673054198667
4.057,1.6056172614027922,700.2374620521784
4.058,1.6057186683780398,702.2132947842339
4.059,1.6058201571619972,704.1947662057348
4.0600000000000005,1.6059217264258678,706.1818365613308
4.061,1.6060233747603403,708.17446378312
4.062,1.606125100676833,710.1726035254378
4.063,1.6062269026088223,712.1762092019005
4.064,1.6063287789132472,714.1852320246685
4.065,1.6064307278719863,716.1996210459072
4.066,1.6065327476934192,718.2193232013972
4.067,1.6066348365140506,720.2442833562664
4.0680000000000005,1.6067369924002137,722.2744443527969
4.069,1.6068392133498441,724.3097470602704
4.07,1.6069414972943186,726.3501304268057
4.071,1.607043842100366,728.395531533141
4.072,1.607146245572041,730.4458856483168
4.073,1.6072487054527627,732.5011262872085
4.074,1.6073512194274147,734.5611852698523
4.075,1.6074537851245063,736.625992782521
4.0760000000000005,1.6075564001183906,738.6954774404834
4.077,1.6076590619315398,740.7695663523982
4.078,1.6077617680368717,742.848185186281
4.079,1.6078645158601332,744.9312582369837
4.08,1.6079673027823265,747.018708495124
4.081,1.6080701261421892,749.1104577174051
4.082,1.6081729832387128,751.2064264982563
4.083,1.6082758713337102,753.3065343427306
4.0840000000000005,1.6083787876544176,755.410699740592
4.085,1.6084817293961389,757.5188402415229
4.086,1.6085846937249202,759.6308725313802
4.087,1.6086876777802626,761.7467125094345
4.088,1.6087906786778594,763.8662753665099
4.089,1.6088936935123657,765.9894756639626
4.09,1.608996719360188,768.1162274134151
4.091,1.609099753282301,770.246444157177
4.0920000000000005,1.6092027923270802,772.3800390492703
4.093,1.6093058335331503,774.5169249369887
4.094,1.6094088739322536,776.6570144429108
4.095,1.6095119105521225,778.8002200472872
4.096,1.609614940419365,780.9464541707255
4.097,1.6097179605623544,783.0956292570953
4.098,1.6098209680141202,785.24765785657
4.099,1.609923959815245,787.4024527087306
4.1,1.6100269330167503,789.5599268256456
4.101,1.6101298846829846,791.7199935748545
4.102,1.6102328118944973,793.8825667621667
4.103,1.6103357117509056,796.0475607142049
4.104,1.6104385813737456,798.2148903606017
4.105,1.610541417909307,800.3844713157828
4.106,1.6106442185314487,802.5562199602437
4.107,1.6107469804443924,804.7300535212515
4.108,1.6108497008854883,806.9058901528895
4.109,1.6109523771279612,809.0836490153595
4.11,1.6110550064836153,811.2632503534765
4.111,1.6111575863055145,813.4446155742685
4.112,1.611260113990624,815.6276673236069
4.113,1.6113625869824124,817.8123295617975
4.114,1.611465002773416,819.9985276380462
4.115,1.6115673589077577,822.1861883637396
4.116,1.6116696529836183,824.3752400844512
4.117,1.6117718826556648,826.5656127506174
4.118,1.6118740456374214,828.7572379867988
4.119,1.611976139703595,830.9500491594663
4.12,1.6120781626923337,833.143981443239
4.121,1.6121801125074426,835.3389718855096
4.122,1.6122819871205258,837.5349594693888
4.123,1.6123837845730744,839.7318851749066
4.124,1.6124855029784866,841.929692038407
4.125,1.6125871405240255,844.1283252100761
4.126,1.6126886954727018,846.3277320095423
4.127,1.6127901661650916,848.5278619794947
4.128,1.6128915510210822,850.7286669372568
4.129,1.6129928485415403,852.9301010242705
4.13,1.613094057309905,855.1321207534311
4.131,1.61319517599371,857.3346850542268
4.132,1.6132962033460152,859.5377553156326
4.133,1.613397138206769,861.741295426714
4.134,1.6134979795040822,863.9452718148955
4.135,1.6135987262554194,866.149653481853
4.136,1.6136993775687078,868.3544120369872
4.1370000000000005,1.6137999326433594,870.5595217284476
4.138,1.6139003907712044,872.7649594716615
4.139,1.6140007513373387,874.9707048753464
4.14,1.6141010138208824,877.1767402649657
4.141,1.6142011777956475,879.3830507036057
4.142,1.6143012429307133,881.5896240102466
4.143,1.6144012089909172,883.7964507754012
4.144,1.6145010758372436,886.0035243741056
4.1450000000000005,1.614600843427127,888.2108409762398
4.146,1.6147005118146622,890.4183995541628
4.147,1.6148000811507184,892.6262018876523
4.148,1.6148995516829598,894.8342525661317
4.149,1.6149989237557738,897.0425589881847
4.15,1.6150981978101058,899.2511313583433
4.151,1.6151973743831989,901.4599826811545
4.152,1.6152964541082402,903.6691287525175
4.1530000000000005,1.615395437713912,905.8785881483014
4.154,1.6154943260238528,908.0883822102403
4.155,1.6155931199560234,910.298535029121
4.156,1.6156918205219797,912.5090734252697
4.157,1.6157904288260558,914.7200269263457
4.158,1.6158889460644525,916.9314277424699
4.159,1.6159873735242418,919.1433107386938
4.16,1.61608571258227,921.3557134048345
4.1610000000000005,1.6161839647039842,923.5686758227001
4.162,1.616282131442164,925.7822406307296
4.163,1.616380214435567,927.9964529860746
4.164,1.6164782154074908,930.2113605241542
4.165,1.616576136164248,932.4270133157195
4.166,1.6166739785935593,934.6434638214565
4.167,1.6167717446628656,936.8607668441734
4.168,1.6168694364175589,939.0789794786049
4.1690000000000005,1.6169670559791347,941.2981610588854
4.17,1.617064605543266,943.5183731037265
4.171,1.617162087377805,945.7396792593556
4.172,1.6172595038207092,947.9621452402569
4.173,1.6173568572778962,950.1858387677743
4.174,1.6174541502210285,952.4108295066262
4.175,1.6175513851852314,954.6371889993882
4.176,1.6176485647667458,956.8649905990037
4.1770000000000005,1.6177456916205153,959.0943093993847
4.178,1.6178427684577146,961.3252221641579
4.179,1.6179397980432166,963.5578072536314
4.18,1.6180367831930063,965.7921445500372
4.181,1.618133726771536,968.0283153811246
4.182,1.6182306316890336,970.2664024421717
4.183,1.6183275008987557,972.5064897164871
4.184,1.6184243373942016,974.7486623944718
4.1850000000000005,1.6185211442062768,976.993006791324
4.186,1.618617924400417,979.2396102634494
4.187,1.6187146810736759,981.4885611236696
4.188,1.6188114173517734,983.7399485552949
4.189,1.6189081363861129,985.9938625251492
4.19,1.6190048413507656,988.2503936956241
4.191,1.6191015354394331,990.5096333358484
4.192,1.6191982218623795,992.7716732320503
4.1930000000000005,1.619294903843342,995.0366055972045
4.194,1.6193915846164266,997.3045229800421
4.195,1.6194882674229876,999.5755181735142
4.196,1.6195849555084894,1001.8496841227942
4.197,1.6196816521193622,1004.1271138329064
4.198,1.619778360499854,1006.4079002760669
4.199,1.6198750838888707,1008.692136298831
4.2,1.6199718255168234,1010.9799145291278
4.2010000000000005,1.6200685886024733,1013.2713272832806
4.202,1.6201653763497834,1015.5664664730898
4.203,1.6202621919447793,1017.8654235130857
4.204,1.6203590385524202,1020.1682892280201
4.205,1.6204559193134869,1022.4751537607035
4.206,1.620552837341482,1024.7861064802692
4.207,1.6206497957195567,1027.101235890954
4.208,1.6207467974974576,1029.4206295414838
4.2090000000000005,1.6208438456885035,1031.744373935159
4.21,1.6209409432665842,1034.0725544407192
4.211,1.6210380931632025,1036.4052552040798
4.212,1.6211352982645424,1038.7425590610276
4.213,1.62123256140858,1041.0845474509592
4.214,1.6213298853822367,1043.4313003317493
4.215,1.62142727291857,1045.7828960958354
4.216,1.62152472669402,1048.1394114875955
4.2170000000000005,1.6216222493256995,1050.500921522114
4.218,1.6217198433687356,1052.8674994054002
4.219,1.621817511313672,1055.2392164561588
4.22,1.6219152555839211,1057.6161420291742
4.221,1.6220130785332838,1059.9983434403978
4.222,1.6221109824435258,1062.3858858938086
4.223,1.6222089695220232,1064.7788324101264
4.224,1.622307041899471,1067.1772437574436
4.225,1.6224052016276673,1069.581178383857
4.226,1.6225034506773646,1071.990692352157
4.227,1.622601790936196,1074.405839276657
4.228,1.6227002242066815,1076.8266702622109
4.229,1.6227987522043081,1079.2532338455042
4.23,1.6228973765556935,1081.6855759386588
4.231,1.6229960987968297,1084.123739775229
4.232,1.6230949203714131,1086.567765858636
4.233,1.62319384262926,1089.0176919131018
4.234,1.6232928668248086,1091.4735528371332
4.235,1.6233919941157122,1093.9353806596098
4.236,1.6234912255615224,1096.4032044985197
4.237,1.6235905621224627,1098.8770505223965
4.238,1.6236900046582998,1101.356941914495
4.239,1.6237895539273068,1103.8428988397498
4.24,1.6238892105853224,1106.3349384145554
4.241,1.6239889751849108,1108.833074679404
4.242,1.6240888481746134,1111.3373185744133
4.243,1.6241888298983076,1113.847677917779
4.244,1.6242889205946587,1116.3641573871732
4.245,1.624389120396677,1118.8867585041212
4.246,1.6244894293313725,1121.4154796213743
4.247,1.624589847319516,1123.9503159133042
4.248,1.624690374175497,1126.4912593693255
4.249,1.6247910096072895,1129.038298790374
4.25,1.6248917532165166,1131.5914197884404
4.251,1.6249926044986225,1134.1506047891737
4.252,1.625093562843139,1136.7158330375596
4.253,1.6251946275340672,1139.2870806066726
4.254,1.6252957977503522,1141.8643204095047
4.255,1.625397072566463,1144.44752221387
4.256,1.6254984509530788,1147.036652660367
4.257,1.625599931777869,1149.6316752834082
4.258,1.6257015138063835,1152.2325505352837
4.259,1.6258031957030354,1154.8392358132621
4.26,1.6259049760321904,1157.451685489697
4.261,1.6260068532593497,1160.0698509451277
4.2620000000000005,1.6261088257524332,1162.6936806043416
4.263,1.6262108917831604,1165.3231199753807
4.264,1.6263130495285285,1167.958111691452
4.265,1.6264152970723793,1170.5985955557203
4.266,1.6265176324070643,1173.2445085889376
4.267,1.6266200534352042,1175.89578507988
4.268,1.62672255797153,1178.5523566385418
4.269,1.6268251437448216,1181.2141522520528
4.2700000000000005,1.6269278083999281,1183.8810983432636
4.271,1.6270305494998785,1186.5531188319565
4.272,1.627133364528068,1189.2301351986243
4.273,1.627236250890536,1191.9120665507705
4.274,1.627339205918315,1194.5988296916616
4.275,1.6274422268698607,1197.2903391914879
4.276,1.6275453109335594,1199.986507460856
4.277,1.6276484552303019,1202.6872448265585
4.2780000000000005,1.6277516568161365,1205.3924596095503
4.279,1.6278549126849835,1208.102058205065
4.28,1.6279582197714193,1210.8159451647946
4.281,1.6280615749535208,1213.5340232810681
4.282,1.628164975055774,1216.2561936729444
4.283,1.6282684168520392,1218.9823558741518
4.284,1.628371897068568,1221.7124079227826
4.285,1.6284754123870795,1224.4462464526732
4.2860000000000005,1.6285789594478794,1227.1837667863824
4.287,1.6286825348530323,1229.9248630296772
4.288,1.628786135169571,1232.6694281674502
4.289,1.628889756932751,1235.417354160973
4.29,1.628993396649343,1238.1685320463948
4.291,1.6290970508009581,1240.9228520344068
4.292,1.6292007158474044,1243.6802036109605
4.293,1.629304388230073,1246.4404756389686
4.2940000000000005,1.6294080643753492,1249.2035564608727
4.295,1.629511740698046,1251.969334001999
4.296,1.6296154136048542,1254.7376958745917
4.297,1.62971907949781,1257.5085294824385
4.298,1.6298227347777743,1260.281722125976
4.299,1.6299263758479208,1263.05716110779
4.3,1.6300299991172276,1265.8347338383987
4.301,1.6301336010039742,1268.614327942224
4.3020000000000005,1.6302371779392348,1271.39583136365
4.303,1.6303407263703682,1274.1791324730661
4.304,1.6304442427644987,1276.9641201727923
4.305,1.630547723611987,1279.750684002785
4.306,1.630651165429883,1282.538714246025
4.307,1.630754564765368,1285.3281020334805
4.308,1.6308579181991663,1288.1187394485453
4.309,1.6309612223489367,1290.9105196308558
4.3100000000000005,1.6310644738726379,1293.7033368793739
4.311,1.6311676694718586,1296.4970867546492
4.312,1.631270805895114,1299.2916661801478
4.313,1.6313738799411057,1302.086973542558
4.314,1.6314768884619413,1304.8829087909662
4.315,1.6315798283663037,1307.679373534808
4.316,1.6316826966225828,1310.4762711405008
4.317,1.6317854902619486,1313.2735068266538
4.3180000000000005,1.631888206381372,1316.070987757767
4.319,1.6319908421465938,1318.868623136324
4.32,1.6320933947950262,1321.666324293181
4.321,1.6321958616386016,1324.4640047761686
4.322,1.632298240066546,1327.2615804368072
4.323,1.63240052754809,1330.05896951506
4.324,1.6325027216351082,1332.8560927220196
4.325,1.6326048199646848,1335.6528733204646
4.3260000000000005,1.632706820261599,1338.4492372031796
4.327,1.63280872034074,1341.2451129689812
4.328,1.6329105181094303,1344.0404319963477
4.329,1.6330122115696741,1346.835128514594
4.33,1.6331137988203128,1349.6291396725055
4.331,1.6332152780590987,1352.4224056043606
4.332,1.6333166475846697,1355.2148694932725
4.333,1.6334179057984404,1358.0064776317836
4.3340000000000005,1.6335190512063922,1360.797179479639
4.335,1.6336200824207676,1363.586927718687
4.336,1.6337209981616692,1366.3756783048334
4.337,1.6338217972585538,1369.1633905170036
4.338,1.6339224786516295,1371.9500270030462
4.339,1.6340230413931445,1374.7355538225345
4.34,1.6341234846485724,1377.5199404864065
4.341,1.6342238076976958,1380.3031599934075
4.3420000000000005,1.6343240099355727,1383.0851888632778
4.343,1.6344240908734045,1385.8660071666588
4.344,1.6345240501392841,1388.645598551667
4.345,1.6346238874788424,1391.4239502671078
4.346,1.6347236027557752,1394.2010531822943
4.347,1.634823195952263,1396.976901803443
4.348,1.6349226671692743,1399.7514942866212
4.349,1.6350220166267568,1402.5248324472213
4.3500000000000005,1.6351212446637127,1405.2969217659468
4.351,1.635220351738161,1408.0677713912903
4.352,1.635319338426985,1410.83739413849
4.353,1.6354182054256627,1413.6058064849624
4.354,1.635516953547886,1416.373028562193
4.355,1.6356155837250594,1419.1390841440975
4.356,1.6357140970056903,1421.904000631838
4.357,1.6358124945546595,1424.6678090351131
4.358,1.6359107776523827,1427.4305439499153
4.359,1.6360089476938544,1430.192243532782
4.36,1.6361070061875804,1432.9529494715352
4.361,1.6362049547543993,1435.7127069525502
4.362,1.6363027951261917,1438.4715646245495
4.363,1.6364005291444799,1441.2295745589672
4.364,1.6364981587589171,1443.9867922068997
4.365,1.6365956860256714,1446.7432763526756
4.366,1.6366931131057003,1449.4990890640834
4.367,1.6367904422629207,1452.2542956392858
4.368,1.6368876758622757,1455.0089645504722
4.369,1.6369848163677014,1457.7631673842857
4.37,1.637081866339986,1460.5169787790703
4.371,1.6371788284345392,1463.270476359001
4.372,1.6372757053990599,1466.0237406651297
4.373,1.6373725000711086,1468.7768550834267
4.374,1.6374692153755894,1471.5299057698574
4.375,1.6375658543221419,1474.2829815725709
4.376,1.63766242000244,1477.0361739512555
4.377,1.6377589155874128,1479.789576893739
4.378,1.6378553443243735,1482.5432868298958
4.379,1.637951709534076,1485.2974025429453
4.38,1.6380480146076852,1488.052025078204
4.381,1.638144263003677,1490.8072576493873
4.382,1.6382404582446641,1493.5632055425294
4.383,1.6383366039141531,1496.319976017613
4.384,1.6384327036532307,1499.077678207993
4.385,1.6385287611571895,1501.8364230177026
4.386,1.6386247801720943,1504.59632301674
4.3870000000000005,1.6387207644912856,1507.3574923344167
4.388,1.6388167179518323,1510.120046550876
4.389,1.638912644430933,1512.8841025868735
4.39,1.6390085478422671,1515.6497785919173
4.391,1.639104432132303,1518.4171938308773
4.392,1.6392003012765661,1521.186468569157
4.393,1.6392961592758666,1523.9577239565438
4.394,1.639392010152493,1526.731081909833
4.3950000000000005,1.6394878579463796,1529.5066649943456
4.396,1.6395837067112402,1532.2845963044388
4.397,1.639679560510684,1535.064999343127
4.398,1.6397754234143078,1537.8479979009253
4.399,1.6398712994937752,1540.6337159340223
4.4,1.639967192818881,1543.422277441904
4.401,1.6400631074536098,1546.2138063445411
4.402,1.6401590474521834,1549.008426359252
4.4030000000000005,1.6402550168551178,1551.8062608773662
4.404,1.640351019685271,1554.6074328407913
4.405,1.640447059943908,1557.4120646186238
4.406,1.6405431416067653,1560.2202778838925
4.407,1.6406392686201403,1563.0321934905799
4.408,1.640735444896989,1565.8479313510195
4.409,1.6408316743130527,1568.6676103138018
4.41,1.6409279607030036,1571.4913480422965
4.4110000000000005,1.641024307856626,1574.3192608939146
4.412,1.641120719515025,1577.1514638002288
4.413,1.6412171993668723,1579.9880701480622
4.414,1.6413137510446985,1582.8291916616722
4.415,1.6414103781212188,1585.6749382861376
4.416,1.641507084105715,1588.5254180720658
4.417,1.641603872440464,1591.3807370617405
4.418,1.641700746497224,1594.2409991768095
4.4190000000000005,1.6417977095737746,1597.1063061076425
4.42,1.6418947648905236,1599.9767572044548
4.421,1.6419919155871734,1602.8524493703162
4.422,1.642089164719462,1605.7334769561467
4.423,1.6421865152559691,1608.6199316578131
4.424,1.6422839700750018,1611.5119024154212
4.425,1.642381531961557,1614.4094753149216
4.426,1.642479203604365,1617.3127334921141
4.4270000000000005,1.642576987593015,1620.2217570391622
4.428,1.6426748864151741,1623.1366229137134
4.429,1.6427729024538886,1626.0574048507124
4.43,1.642871037984985,1628.9841732770133
4.431,1.6429692951745607,1631.9169952288714
4.432,1.6430676760765794,1634.8559342724056
4.433,1.6431661826305621,1637.801050427122
4.434,1.6432648166593837,1640.7524000925719
4.4350000000000005,1.643363579867176,1643.7100359782396
4.436,1.643462473837337,1646.674007036719
4.437,1.643561500030653,1649.6443584002725
4.438,1.6436606597835297,1652.62113132083
4.439,1.6437599543063417,1655.6043631135058
4.44,1.6438593846818956,1658.5940871036935
4.441,1.6439589518640103,1661.590332577808
4.442,1.64405865667622,1664.593124737725
4.4430000000000005,1.644158499810598,1667.6024846589826
4.444,1.644258481826701,1670.6184292527942
4.445,1.6443586031506392,1673.6409712319205
4.446,1.6444588640742723,1676.670119080452
4.447,1.6445592647545313,1679.7058770275355
4.448,1.6446598052128678,1682.748245025092
4.449,1.644760485334832,1685.7972187295575
4.45,1.6448613048697796,1688.8527894876759
4.4510000000000005,1.6449622634307097,1691.914944326377
4.452,1.6450633604942309,1694.983665946757
4.453,1.6451645954006604,1698.0589327221887
4.454,1.6452659673542531,1701.1407187005707
4.455,1.6453674754235612,1704.2289936107356
4.456,1.6454691185419283,1707.3237228730165
4.457,1.64557089550811,1710.4248676139869
4.458,1.6456728049870286,1713.5323846853648
4.4590000000000005,1.645774845510658,1716.6462266870867
4.46,1.6458770154790396,1719.766341994537
4.461,1.6459793131614242,1722.892674789925
4.462,1.646081736697547,1726.0251650977973
4.463,1.64618428409903,1729.1637488246608
4.464,1.6462869532509063,1732.3083578026951
4.465,1.6463897419132814,1735.4589198375343
4.466,1.6464926477231043,1738.6153587600734
4.4670000000000005,1.646595668196078,1741.7775944822797
4.468,1.6466988007286798,1744.9455430569597
4.469,1.6468020426003076,1748.1191167414459
4.47,1.6469053909755456,1751.2982240651495
4.471,1.6470088429065428,1754.4827699009397
4.472,1.6471123953355127,1757.6726555402836
4.473,1.647216045097338,1760.8677787721012
4.474,1.647319788922297,1764.0680339652602
4.4750000000000005,1.6474236234388868,1767.2733121546617
4.476,1.6475275451767621,1770.4835011308323
4.477,1.6476315505697734,1773.6984855329633
4.478,1.6477356359591069,1776.918146945311
4.479,1.647839797596524,1780.1423639968907
4.48,1.6479440316476954,1783.3710124643649
4.481,1.64804833419563,1786.6039653780608
4.482,1.6481527012441919,1789.8410931310086
4.483,1.6482571287217047,1793.0822635909221
4.484,1.6483616124846396,1796.3273422150169
4.485,1.6484661483213856,1799.576192167577
4.486,1.6485707319560936,1802.8286744401576
4.487,1.6486753590525973,1806.0846479743316
4.488,1.648780025218403,1809.34396978686
4.489,1.6488847260087451,1812.606495097192
4.49,1.6489894569307066,1815.8720774571661
4.491,1.6490942134473976,1819.1405688828108
4.492,1.649198990982191,1822.41181998812
4.493,1.649303784923006,1825.685680120687
4.494,1.6494085906266445,1828.961997499076
4.495,1.6495134034231669,1832.2406193518027
4.496,1.649618218620311,1835.521392057806
4.497,1.6497230315079439,1838.8041612882776
4.498,1.6498278373625461,1842.0887721497186
4.499,1.6499326314517273,1845.375069328103
4.5,1.6500374090387575,1848.6628972339995
4.501,1.650142165387124,1851.952100148533
4.502,1.6502468957650998,1855.2425223700411
4.503,1.6503515954503225,1858.5340083612937
4.504,1.6504562597343824,1861.826402897134
4.505,1.6505608839274082,1865.1195512124134
4.506,1.6506654633626523,1868.4132991500624
4.507,1.6507699934010704,1871.7074933091826
4.508,1.6508744694358874,1875.0019811929922
4.509,1.6509788868971487,1878.29661135651
4.51,1.6510832412562528,1881.5912335538198
4.511,1.6511875280304575,1884.88569888478
4.5120000000000005,1.6512917427873586,1888.1798599410386
4.513,1.6513958811493354,1891.4735709512106
4.514,1.65149993879796,1894.7666879250778
4.515,1.6516039114783607,1898.0590687966712
4.516,1.651707795003547,1901.3505735660945
4.517,1.6518115852586752,1904.6410644399525
4.518,1.6519152782052684,1907.9304059702417
4.519,1.6520188698853722,1911.2184651915722
4.5200000000000005,1.6521223564256493,1914.5051117565763
4.521,1.652225734041409,1917.7902180693748
4.522,1.6523289990405625,1921.073659416965
4.523,1.6524321478275075,1924.3553140984
4.524,1.6525351769069307,1927.6350635516187
4.525,1.6526380828875287,1930.9127924778145
4.526,1.652740862485644,1934.1883889631974
4.527,1.65284351252881,1937.461744598038
4.5280000000000005,1.6529460299591994,1940.7327545928572
4.529,1.6530484118369815,1944.001317891655
4.53,1.653150655343572,1947.2673372820436
4.531,1.6532527577847838,1950.53071950218
4.532,1.6533547165938653,1953.7913753443809
4.533,1.6534565293344325,1957.049219755302
4.534,1.6535581937032862,1960.304171932586
4.535,1.6536597075331065,1963.556155417861
4.5360000000000005,1.6537610687950366,1966.8050981859917
4.537,1.6538622756011372,1970.0509327304871
4.538,1.6539633262067155,1973.2935961449614
4.539,1.6540642190125292,1976.5330302005598
4.54,1.6541649525668585,1979.769181419258
4.541,1.6542655255674428,1983.002001142947
4.542,1.6543659368632835,1986.231445598226
4.543,1.6544661854563107,1989.4574759568175
4.5440000000000005,1.6545662705029085,1992.6800583915347
4.545,1.6546661913152958,1995.899164127727
4.546,1.6547659473627703,1999.1147694901363
4.547,1.6548655382728028,2002.326855945103
4.548,1.6549649638319825,2005.5354101380576
4.549,1.6550642239868223,2008.7404239262505
4.55,1.6551633188444055,2011.9418944066563
4.551,1.6552622486728885,2015.1398239390214
4.5520000000000005,1.6553610139018498,2018.3342201640007
4.553,1.6554596151224827,2021.5250960163496
4.554,1.6555580530876446,2024.7124697331387
4.555,1.6556563287117416,2027.896364856959
4.556,1.6557544430704652,2031.0768102340978
4.557,1.6558523974003732,2034.253840007662
4.558,1.6559501930983147,2037.4274936056302
4.559,1.6560478317207035,2040.5978157238353
4.5600000000000005,1.6561453149826328,2043.7648563038538
4.561,1.6562426447568384,2046.928670505818
4.562,1.6563398230725046,2050.089318676142
4.563,1.6564368521139237,2053.2468663101754
4.564,1.6565337342189954,2056.4013840097987
4.565,1.656630471877576,2059.5529474359732
4.566,1.6567270677296817,2062.701637256273
4.567,1.6568235245635357,2065.847539087423
4.5680000000000005,1.656919845313469,2068.990743432875
4.569,1.6570160330576782,2072.1313456154676
4.57,1.6571120910158312,2075.26944570519
4.571,1.6572080225465342,2078.4051484421225
4.572,1.6573038311446533,2081.538563154583
4.573,1.6573995204384984,2084.6698036725493
4.574,1.6574950941868711,2087.7989882364086
4.575,1.6575905562759696,2090.926239401105
4.5760000000000005,1.6576859107161697,2094.051683935748
4.577,1.6577811616386682,2097.175452718762
4.578,1.6578763132920031,2100.297680628653
4.579,1.6579713700384437,2103.4185064304747
4.58,1.6580663363502626,2106.538072658077
4.581,1.6581612168058857,2109.6565254922416
4.582,1.6582560160859283,2112.7740146347787
4.583,1.6583507389691161,2115.89069317871
4.5840000000000005,1.6584453903280971,2119.006717474618
4.585,1.6585399751251484,2122.1222469932895
4.586,1.658634498407783,2125.2374441847437
4.587,1.6587289653042483,2128.3524743337875
4.588,1.6588233810189432,2131.467505412189
4.589,1.658917750827735,2134.5827079276123
4.59,1.65901208007319,2137.6982547694306
4.591,1.6591063741597276,2140.8143210515536
4.5920000000000005,1.6592006385486868,2143.931083952391
4.593,1.6592948787533273,2147.0487225521056
4.594,1.659389100333752,2150.1674176672805
4.595,1.659483308891774,2153.2873516831523
4.596,1.6595775100657115,2156.408708383548
4.597,1.659671709525137,2159.5316727786844
4.598,1.659765912965567,2162.6564309309706
4.599,1.6598601261031107,2165.783169778973
4.6000000000000005,1.6599543546690707,2168.9120769596966
4.601,1.660048604404514,2172.043340629343
4.602,1.660142881054803,2175.1771492826974
4.603,1.6602371903641053,2178.3136915713235
4.604,1.6603315380698782,2181.4531561207095
4.605,1.6604259298973365,2184.595731346546
4.606,1.6605203715539096,2187.7416052702993
4.607,1.66061486872369,2190.890965334245
4.6080000000000005,1.6607094270618803,2194.0439982161374
4.609,1.660804052189245,2197.200889643684
4.61,1.660898749686569,2200.361824208992
4.611,1.6609935250891317,2203.526985183169
4.612,1.6610883838811976,2206.6965543312463
4.613,1.661183331490534,2209.870711727597
4.614,1.6612783732829572,2213.049635572028
4.615,1.6613735145569115,2216.2335020067176
4.616,1.66146876053809,2219.4224849341763
4.617,1.6615641163741015,2222.616755836398
4.618,1.6616595871291828,2225.816483595389
4.619,1.6617551777789732,2229.021834315233
4.62,1.6618508932053422,2232.232971145879
4.621,1.6619467381912885,2235.450054108819
4.622,1.6620427174159056,2238.6732399248203
4.623,1.6621388354494264,2241.902681843899
4.624,1.6622350967483435,2245.1385294776874
4.625,1.662331505650621,2248.3809286343767
4.626,1.6624280663709896,2251.630021156388
4.627,1.662524782996342,2254.88594476095
4.628,1.6626216594812253,2258.1488328837354
4.629,1.6627186996434384,2261.4188145257244
4.63,1.662815907159737,2264.6960141034474
4.631,1.6629132855616542,2267.980551302767
4.632,1.6630108382314353,2271.272540936354
4.633,1.6631085683980982,2274.572092805004
4.634,1.6632064791336174,2277.8793115629514
4.635,1.6633045733492373,2281.1942965873113
4.636,1.663402853791923,2284.5171418518116
4.6370000000000005,1.663501323040948,2287.847935804938
4.638,1.66359998350462,2291.186761252632
4.639,1.6636988374171575,2294.533695245683
4.64,1.6637978868357137,2297.8888089719285
4.641,1.6638971336375499,2301.2521676534016
4.642,1.6639965795173688,2304.623830448537
4.643,1.6640962259848067,2308.0038503595524
4.644,1.6641960743620818,2311.392274145132
4.6450000000000005,1.6642961257818154,2314.7891422384996
4.646,1.664396381185016,2318.1944886710025
4.647,1.6644968413192347,2321.6083410013
4.648,1.6645975067368939,2325.030720250248
4.649,1.6646983777937896,2328.461640841582
4.65,1.664799454647774,2331.9011105484624
4.651,1.664900737257615,2335.349130445996
4.652,1.6650022253820362,2338.8056948697717
4.6530000000000005,1.6651039185789438,2342.2707913805116
4.654,1.665205816204835,2345.744400734887
4.655,1.6653079174143919,2349.226496862566
4.656,1.6654102211602653,2352.7170468495383
4.657,1.665512726193043,2356.2160109277884
4.658,1.665615431061413,2359.723342471331
4.659,1.6657183341125121,2363.2389879986745
4.66,1.6658214334924637,2366.7628871817255
4.6610000000000005,1.6659247271471143,2370.2949728611793
4.662,1.6660282128229502,2373.835171068398
4.663,1.6661318880682177,2377.383401053812
4.664,1.666235750234223,2380.9395753218396
4.665,1.6663397964768332,2384.503599672339
4.666,1.6664440237581577,2388.0753732485814
4.667,1.6665484288484302,2391.654788591749
4.668,1.6666530083280693,2395.241731701934
4.6690000000000005,1.6667577585899367,2398.836082105623
4.67,1.6668626758417733,2402.437712929647
4.671,1.6669677561088303,2406.046490981555
4.672,1.6670729952366754,2409.66227683638
4.673,1.6671783888941898,2413.284924929756
4.674,1.6672839325767383,2416.914283657332
4.675,1.667389621609523,2420.5501954804317
4.676,1.6674954511511138,2424.192497037893
4.6770000000000005,1.6676014161971484,2427.8410192640295
4.678,1.6677075115842095,2431.495587512628
4.679,1.6678137319938655,2435.1560216869175
4.68,1.6679200719568836,2438.822136375412
4.681,1.6680265258576008,2442.493740993554
4.682,1.6681330879384562,2446.1706399310387
4.683,1.668239752304681,2449.852632704745
4.684,1.6683465129291415,2453.5395141171425
4.6850000000000005,1.6684533636573313,2457.231074420082
4.686,1.668560298212509,2460.9270994838325
4.687,1.6686673102009761,2464.6273709712614
4.688,1.6687743931174999,2468.3316665170096
4.689,1.6688815403508583,2472.039759911547
4.69,1.6689887451895231,2475.751421289955
4.691,1.6690960008274665,2479.4664173252995
4.692,1.6692033003700837,2483.1845114264434
4.6930000000000005,1.6693106368402357,2486.9054639401515
4.694,1.6694180031843973,2490.6290323573166
4.695,1.669525392278917,2494.35497152316
4.696,1.6696327969363725,2498.083033851228
4.697,1.6697402099120215,2501.812969541018
4.698,1.6698476239103468,2505.544526799061
4.699,1.669955031591679,2509.277452063273
4.7,1.6700624255789032,2513.0114902304003
4.7010000000000005,1.670169798464238,2516.7463848863736
4.702,1.6702771428160808,2520.481878539361
4.703,1.6703844511859143,2524.2177128553567
4.704,1.6704917161152713,2527.953628896079
4.705,1.670598930142746,2531.689367358997
4.706,1.6707060858110523,2535.4246688192657
4.707,1.6708131756741151,2539.159273973381
4.708,1.6709201923042003,2542.8929238843293
4.7090000000000005,1.6710271282990625,2546.62536022803
4.71,1.6711339762891153,2550.356325540851
4.711,1.6712407289446134,2554.0855634679865
4.712,1.6713473789828421,2557.8128190124744
4.713,1.6714539191753037,2561.5378387846345
4.714,1.6715603423549001,2565.260371251701
4.715,1.6716666414230992,2568.980166987446
4.716,1.6717728093570872,2572.6969789215327
4.7170000000000005,1.6718788392168844,2576.4105625884167
4.718,1.6719847241524415,2580.1206763755317
4.719,1.6720904574106834,2583.8270817705525
4.72,1.6721960323425182,2587.5295436075066
4.721,1.6723014424097866,2591.2278303114963
4.722,1.6724066811921547,2594.921714141814
4.723,1.6725117423939435,2598.61097143322
4.724,1.6726166198508823,2602.295382835146
4.7250000000000005,1.6727213075367882,2605.974733548613
4.726,1.6728257995701576,2609.6488135606205
4.727,1.6729300902206683,2613.3174178757986
4.728,1.673034173915585,2616.9803467450756
4.729,1.673138045246057,2620.6374058911656
4.73,1.6732416989733132,2624.2884067306254
4.731,1.6733451300347335,2627.9331665922846
4.732,1.6734483335498045,2631.5715089318123
4.7330000000000005,1.6735513048259418,2635.2032635422142
4.734,1.6736540393641817,2638.8282667600442
4.735,1.6737565328647335,2642.4463616671137
4.736,1.6738587812323824,2646.057398287493
4.737,1.6739607805817456,2649.661233779603
4.738,1.6740625272423686,2653.2577326231794
4.739,1.6741640177636599,2656.846766800927
4.74,1.67426524891966,2660.42821597465
4.741,1.6743662177136351,2664.001967655681
4.742,1.6744669213824919,2667.567917369404
4.743,1.6745673574010158,2671.125968813695
4.744,1.674667523485913,2674.6760340110973
4.745,1.674767417599666,2678.2180334545474
4.746,1.67486703795419,2681.7518962464883
4.747,1.6749663830142874,2685.277560231193
4.748,1.675065451500898,2688.7949721201403
4.749,1.6751642423941389,2692.3040876102787
4.75,1.6752627549361272,2695.804871495029
4.751,1.6753609886335923,2699.2972977678746
4.752,1.6754589432602598,2702.7813497183984
4.753,1.6755566188590134,2706.257020020622
4.754,1.67565401574383,2709.724310813526
4.755,1.6757511345014815,2713.183233773616
4.756,1.675847975993002,2716.633810179418
4.757,1.6759445413549219,2720.0760709677825
4.758,1.6760408320002556,2723.510056781904
4.759,1.6761368496192555,2726.9358180109352
4.76,1.6762325961799145,2730.353414821113
4.761,1.676328073928226,2733.762917178307
4.7620000000000005,1.6764232853881957,2737.1644048618987
4.763,1.6765182333616018,2740.557967469929
4.764,1.676612920927508,2743.94370441543
4.765,1.6767073514415176,2747.321724913898
4.766,1.6768015285347821,2750.6921479618295
4.767,1.6768954561127491,2754.055102306302
4.768,1.6769891383536581,2757.4107264055247
4.769,1.6770825797067825,2760.759168380356
4.7700000000000005,1.6771757848904119,2764.1005859567435
4.771,1.6772687588895843,2767.4351463990743
4.772,1.6773615069535583,2770.7630264344216
4.773,1.6774540345930333,2774.08441216769
4.774,1.6775463475771162,2777.399498987653
4.775,1.6776384519300307,2780.7084914638963
4.776,1.67773035392758,2784.0116032346987
4.777,1.6778220600933547,2787.309056885857
4.7780000000000005,1.6779135771946905,2790.6010838204957
4.779,1.6780049122383842,2793.887924119915
4.78,1.678096072466156,2797.169826395503
4.781,1.6781870653498734,2800.44704763179
4.782,1.6782778985865323,2803.7198530206942
4.783,1.6783685800929993,2806.98851578704
4.784,1.6784591180005166,2810.2533170054166
4.785,1.6785495206489776,2813.5145454084814
4.7860000000000005,1.6786397965809672,2816.772497186778
4.787,1.6787299545355805,2820.027475780192
4.788,1.6788200034420155,2823.279791661144
4.789,1.678909952412949,2826.5297621096315
4.79,1.678999810737692,2829.77771098025
4.791,1.6790895878751426,2833.0239684613252
4.792,1.6791792934465246,2836.2688708262826
4.793,1.679268937227925,2839.5127601774147
4.7940000000000005,1.6793585291426392,2842.75598418218
4.795,1.6794480792533166,2845.9988958022122
4.796,1.679537597753924,2849.2418530151836
4.797,1.6796270949615235,2852.4852185297104
4.798,1.6797165813078752,2855.7293594934736
4.799,1.679806067330866,2858.9746471947356
4.8,1.6798955636657789,2862.2214567574474
4.801,1.6799850810363948,2865.4701668301477
4.8020000000000005,1.680074630245946,2868.7211592688486
4.803,1.680164222167922,2871.974818814126
4.804,1.6802538677367327,2875.231532762618
4.805,1.6803435779382365,2878.4916906331714
4.806,1.6804333638001434,2881.7556838278356
4.807,1.6805232363822953,2885.023905287964
4.808,1.6806132067668327,2888.2967491456366
4.809,1.6807032860482534,2891.5746103706592
4.8100000000000005,1.680793485323373,2894.8578844133767
4.811,1.680883815681191,2898.146966843564
4.812,1.6809742881926728,2901.442252985631
4.813,1.6810649139004532,2904.744137550423
4.814,1.6811557038084723,2908.0530142638645
4.815,1.681246668871542,2911.369275492721
4.816,1.6813378199848656,2914.6933118677475
4.817,1.6814291679735072,2918.025511904507
4.8180000000000005,1.6815207235818195,2921.3662616221222
4.819,1.6816124974628446,2924.715944160259
4.82,1.6817045001676896,2928.0749393946107
4.821,1.6817967421348865,2931.4436235511853
4.822,1.6818892336797469,2934.8223688196667
4.823,1.6819819849837168,2938.2115429661653
4.824,1.6820750060837406,2941.6115089456266
4.825,1.6821683068616458,2945.0226245142144
4.8260000000000005,1.6822618970335474,2948.4452418419532
4.827,1.6823557861392935,2951.879707125932
4.828,1.6824499835319477,2955.3263602043703
4.829,1.682544498367328,2958.7855341718487
4.83,1.6826393395935977,2962.2575549959947
4.831,1.6827345159409313,2965.742741135944
4.832,1.6828300359112478,2969.241403162857
4.833,1.6829259077680367,2972.753843382813
4.8340000000000005,1.6830221395262694,2976.2803554623706
4.835,1.6831187389424116,2979.8212240570965
4.836,1.6832157135045482,2983.376724443368
4.837,1.6833130704226207,2986.947122153747
4.838,1.6834108166187887,2990.5326726162184
4.839,1.6835089587179273,2994.1336207975955
4.84,1.6836075030382611,2997.7502008513848
4.841,1.6837064555821502,3001.382635770403
4.8420000000000005,1.6838058220270267,3005.0311370444365
4.843,1.6839056077165002,3008.6959043232337
4.844,1.6840058176516317,3012.37712508511
4.845,1.6841064564823853,3016.07497431146
4.846,1.6842075284992672,3019.7896141674405
4.847,1.6843090376251588,3023.5211936891155
4.848,1.684410987407346,3027.2698484773264
4.849,1.6845133810097617,3031.035700398559
4.8500000000000005,1.6846162212054365,3034.818857293076
4.851,1.6847195103691746,3038.6194126905675
4.852,1.6848232504704548,3042.4374455335837
4.853,1.684927443066567,3046.273019909003
4.854,1.6850320892959867,3050.126184787761
4.855,1.6851371898719996,3053.9969737731217
4.856,1.6852427450765728,3057.885404857683
4.857,1.685348754754493,3061.791480189386
4.8580000000000005,1.685455218307757,3065.7151858467187
4.859,1.6855621346902419,3069.6564916233647
4.86,1.685669502402645,3073.6153508224875
4.861,1.6857773194877024,3077.5917000608697
4.862,1.6858855835256967,3081.585459083102
4.863,1.6859942916302477,3085.5965305860163
4.864,1.6861034404444033,3089.6248000535543
4.865,1.686213026137024,3093.6701356022477
4.866,1.6863230443994726,3097.732387837482
4.867,1.686433490442607,3101.811389720715
4.868,1.6865443589940865,3105.906956447806
4.869,1.6866556442959888,3110.0188853386007
4.87,1.6867673401027439,3114.146955737927
4.871,1.6868794396793871,3118.2909289281247
4.872,1.6869919358001382,3122.450548053245
4.873,1.6871048207473003,3126.6255380550365
4.874,1.6872180863104869,3130.8156056208254
4.875,1.6873317237861845,3135.0204391433977
4.876,1.6874457239776361,3139.2397086929755
4.877,1.687560077195068,3143.4730660013724
4.878,1.6876747732562425,3147.720144458406
4.879,1.6877898014873511,3151.9805591206373
4.88,1.6879051507242424,3156.2539067324924
4.881,1.688020809313987,3160.539765759826
4.882,1.6881367651167802,3164.837696435955
4.883,1.6882530055081806,3169.14724082021
4.884,1.6883695173816884,3173.4679228690184
4.885,1.6884862871516602,3177.7992485195387
4.886,1.6886033007565597,3182.1407057858473
4.8870000000000005,1.6887205436625459,3186.491764867683
4.888,1.6888380008673913,3190.851878271723
4.889,1.6889556569047406,3195.2204809453874
4.89,1.6890734958486961,3199.596990423119
4.891,1.6891915013187344,3203.9808069851188
4.892,1.6893096564849501,3208.3713138284716
4.893,1.6894279440736293,3212.767877250617
4.894,1.6895463463731388,3217.1698468450877
4.8950000000000005,1.6896648452401444,3221.576555709439
4.896,1.6897834221061392,3225.987320665295
4.897,1.6899020579842896,3230.4014424904
4.898,1.6900207334765915,3234.818206162581
4.899,1.6901394287813316,3239.23688111551
4.9,1.6902581237008552,3243.656721506134
4.901,1.690376797649627,3248.0769664936556
4.902,1.6904954296625916,3252.496840529909
4.9030000000000005,1.6906139984038222,3256.915553661
4.904,1.69073248217545,3261.332301840038
4.905,1.69085085892688,3265.7462672508045
4.906,1.690969106264274,3270.1566186421815
4.907,1.6910872014603098,3274.5625116731553
4.908,1.6912051214641957,3278.963089268209
4.909,1.6913228429119502,3283.3574819829028
4.91,1.6914403421369253,3287.7448083794397
4.9110000000000005,1.6915575951805795,3292.1241754119947
4.912,1.6916745778034896,3296.4946788215984
4.913,1.6917912654965872,3300.8554035403317
4.914,1.6919076334926295,3305.2054241046044
4.915,1.6920236567778815,3309.5438050772746
4.916,1.6921393101040085,3313.8696014783472
4.917,1.6922545680001762,3318.1818592240097
4.918,1.6923694047853417,3322.4796155737295
4.9190000000000005,1.692483794580735,3326.7618995851435
4.92,1.6925977113225186,3331.0277325764655
4.921,1.6927111287746213,3335.2761285961333
4.922,1.6928240205417353,3339.506094899386
4.923,1.6929363600824658,3343.7166324315103
4.924,1.6930481207226329,3347.9067363174177
4.925,1.6931592756687084,3352.0753963572743
4.926,1.6932697980213844,3356.2215975278623
4.9270000000000005,1.6933796607892628,3360.3443204893583
4.928,1.6934888369026562,3364.4425420972034
4.929,1.6935972992274957,3368.5152359187505
4.93,1.69370502057933,3372.5613727543505
4.931,1.6938119737374095,3376.57992116255
4.932,1.69391813145885,3380.569847989057
4.933,1.6940234664928633,3384.530118899148
4.934,1.694127951595039,3388.459698913155
4.9350000000000005,1.6942315595416844,3392.357552944699
4.936,1.6943342631441944,3396.2226463413176
4.937,1.6944360352634598,3400.053945427135
4.938,1.6945368488242867,3403.850418047214
4.939,1.6946366768298322,3407.6110341132508
4.94,1.6947354923760385,3411.334766150231
4.941,1.6948332686660603,3415.020589843715
4.942,1.6949299790246728,3418.6674845873636
4.9430000000000005,1.6950255969126504,3422.274434030372
4.944,1.6951200959411117,3425.8404266244265
4.945,1.6952134498858158,3429.364456169833
4.946,1.6953056327014007,3432.845522360454
4.947,1.695396618535559,3436.282631327093
4.948,1.695486381743134,3439.6747961789533
4.949,1.6955748969001385,3443.021037542834
4.95,1.695662138817669,3446.32038409967
4.9510000000000005,1.6957480825557276,3449.5718731180878
4.952,1.6958327034369227,3452.774550984601
4.953,1.6959159770600507,3455.9274737300966
4.954,1.6959978793135502,3459.0297075522512
4.955,1.6960783863888103,3462.0803293335402
4.956,1.6961574747933343,3465.0784271544694
4.957,1.6962351213637452,3468.023100801703
4.958,1.6963113032786217,3470.913462270732
4.9590000000000005,1.6963859980711633,3473.7486362627474
4.96,1.6964591836416696,3476.52776067538
4.961,1.6965308382698272,3479.2499870869715
4.962,1.6966009406267974,3481.9144812340633
4.963,1.6966694697870977,3484.5204234817465
4.964,1.6967364052402607,3487.0670092865907
4.965,1.6968017269022757,3489.5534496518103
4.966,1.6968654151267952,3491.978971574362
4.9670000000000005,1.6969274507161014,3494.3428184836853
4.968,1.696987814931829,3496.644250671756
4.969,1.6970464895054296,3498.8825457141916
4.97,1.6971034566483807,3501.056998882096
4.971,1.6971586990621217,3503.1669235443737
4.972,1.6972121999477192,3505.211651560231
4.973,1.6972639430152487,3507.190533661603
4.974,1.6973139124928918,3509.102939825236
4.9750000000000005,1.6973620931357378,3510.9482596341745
4.976,1.6974084702342875,3512.7259026284023
4.977,1.6974530296226515,3514.4352986443982
4.978,1.697495757686439,3516.0758981433682
4.979,1.6975366413703303,3517.647172527938
4.98,1.6975756681853296,3519.1486144470728
4.981,1.697612826215691,3520.579738089031
4.982,1.697648104125517,3521.9400794621333
4.9830000000000005,1.6976814911650195,3523.229196663169
4.984,1.6977129771764465,3524.4466701332403
4.985,1.6977425525996614,3525.592102900878
4.986,1.6977702084773816,3526.6651208122535
4.987,1.6977959364600652,3527.6653727483354
4.988,1.697819728810443,3528.592530828831
4.989,1.6978415784077021,3529.4462906027825
4.99,1.6978614787513007,3530.2263712256727
4.9910000000000005,1.697879423964435,3530.9325156229343
4.992,1.6978954087971316,3531.5644906397306
4.993,1.6979094286289846,3532.122087176919
4.994,1.6979214794715205,3532.6051203130983
4.995,1.6979315579701972,3533.0134294126474
4.996,1.697939661406037,3533.346878219693
4.997,1.697945787696884,3533.605354937935
4.998,1.6979499353982972,3533.7887722962696
4.999,1.697952103704069,3533.89706760017
5.0,1.6979522924463741,3533.930202768794
5.001,1.697950502095546,3533.8881643577756
5.002,1.6979467337594887,3533.770963567703
5.003,1.6979409891827095,3533.578636238266
5.004,1.6979332707449921,3533.31124282808
5.005,1.6979235814596958,3532.9688683802
5.006,1.6979119249716905,3532.5516224733456
5.007,1.6978983055549293,3532.059639158876
5.008,1.6978827281096522,3531.4930768835547
5.009,1.6978651981592372,3530.8521183981534
5.01,1.697845721846686,3530.136970651968
5.011,1.6978243059307607,3529.34786467331
5.0120000000000005,1.6978009577817605,3528.4850554360582
5.013,1.6977756853769552,3527.5488217123675
5.014,1.6977484972956711,3526.539465911628
5.015,1.6977194027140299,3525.457313905795
5.016,1.6976884113993573,3524.3027148412
5.017,1.6976555337042465,3523.076040936983
5.018,1.6976207805603016,3521.777687270275
5.019,1.6975841634715478,3520.4080715482864
5.0200000000000005,1.6975456945075245,3518.9676338674585
5.021,1.69750538629606,3517.4568364598326
5.022,1.6974632520157353,3515.876163426829
5.023,1.6974193053880462,3514.226120460603
5.024,1.6973735606692582,3512.5072345531853
5.025,1.6973260326419743,3510.720053693589
5.026,1.69727673660641,3508.8651465531034
5.027,1.6972256883713865,3506.9431021589994
5.0280000000000005,1.6971729042450505,3504.9545295568405
5.029,1.6971184010253255,3502.900057461668
5.03,1.6970621959900913,3500.7803338982726
5.031,1.6970043068871237,3498.596025830816
5.032,1.6969447519237688,3496.3478187820397
5.033,1.6968835497563903,3494.0364164423445
5.034,1.696820719479571,3491.662540268986
5.035,1.6967562806150962,3489.226929075676
5.0360000000000005,1.6966902531007124,3486.730338612858
5.037,1.6966226572786798,3484.173541138958
5.038,1.696553513884115,3481.5573249828963
5.039,1.6964828440331465,3478.882494098143
5.04,1.6964106692108767,3476.1498676086576
5.041,1.6963370112591676,3473.3602793469863
5.042,1.6962618923642567,3470.5145773848526
5.043,1.696185335044209,3467.6136235565464
5.0440000000000005,1.696107362136218,3464.6582929754536
5.045,1.696027996783759,3461.6494735440324
5.046,1.6959472624236114,3458.588065457584
5.047,1.6958651827727464,3455.474980702151
5.048,1.695781781815104,3452.311142546875
5.049,1.6956970837882568,3449.097485031171
5.05,1.695611113169973,3445.834952447044
5.051,1.6955238946646891,3442.5244988169234
5.0520000000000005,1.6954354531899032,3439.167087367336
5.053,1.6953458138624897,3435.763689998801
5.054,1.6952550019849548,3432.315286752282
5.055,1.6951630430316342,3428.8228652725597
5.056,1.6950699626348493,3425.2874202688886
5.057,1.6949757865710202,3421.709952973295
5.058,1.6948805407467613,3418.0914705968726
5.059,1.6947842511849494,3414.43298578445
5.0600000000000005,1.6946869440107883,3410.735516067977
5.061,1.6945886454378747,3407.0000833190093
5.062,1.694489381754269,3403.227713200636
5.063,1.6943891793085901,3399.4194346192326
5.064,1.6942880644961347,3395.5762791763814
5.065,1.6941860637450334,3391.6992806213348
5.066,1.6940832035024544,3387.789474304372
5.067,1.6939795102208612,3383.8478966314183
5.0680000000000005,1.6938750103443314,3379.8755845202645
5.069,1.6937697302949544,3375.8735748587646
5.07,1.6936636964592982,3371.84290396535
5.071,1.6935569351749824,3367.78460705221
5.072,1.693449472717333,3363.699717691491
5.073,1.6933413352861546,3359.589267284864
5.074,1.693232548992613,3355.4542845367846
5.075,1.6931231398462423,3351.2957949318024
5.0760000000000005,1.6930131337420815,3347.114820216246
5.077,1.6929025564479543,3342.912377884606
5.078,1.6927914335918917,3338.6894806709633
5.079,1.692679790649711,3334.447136045761
5.08,1.6925676529327585,3330.1863457182503
5.081,1.6924550455758212,3325.908105144926
5.082,1.6923419935252149,3321.613403044247
5.083,1.6922285215270572,3317.3032209179555
5.0840000000000005,1.6921146541157337,3312.978532579281
5.085,1.692000415602561,3308.640303688334
5.086,1.6918858300646518,3304.289491294957
5.087,1.6917709213339982,3299.9270433893344
5.088,1.6916557129867666,3295.5538984606014
5.089,1.69154022833282,3291.17098506376
5.09,1.6914244904054696,3286.7792213951216
5.091,1.6913085219514603,3282.3795148765603
5.0920000000000005,1.6911923454212003,3277.9727617487974
5.093,1.6910759829592386,3273.559846673981
5.094,1.690959456394987,3269.1416423477654
5.095,1.6908427872337102,3264.71900912114
5.096,1.6907259966477688,3260.2927946322034
5.097,1.6906091054681331,3255.8638334481034
5.098,1.6904921341761687,3251.4329467173384
5.099,1.6903751028956913,3247.000941832616
5.1000000000000005,1.6902580313853082,3242.5686121044464
5.101,1.6901409390310396,3238.136736445659
5.102,1.6900238448392229,3233.706079066994
5.103,1.6899067674297126,3229.2773891839424
5.104,1.6897897250293694,3224.8514007349804
5.105,1.6896727354658458,3220.4288321113327
5.106,1.6895558161616715,3216.010385898412
5.107,1.6894389841286364,3211.5967486290447
5.1080000000000005,1.689322255962481,3207.188590548608
5.109,1.6892056478378896,3202.786565392187
5.11,1.689089175503789,3198.3913101738344
5.111,1.6889728542789584,3194.0034449880377
5.112,1.6888566990479472,3189.6235728234624
5.113,1.6887407242573051,3185.252279389054
5.114,1.6886249439121213,3180.8901329525356
5.115,1.6885093715728787,3176.5376841913903
5.1160000000000005,1.6883940203526184,3172.195466056325
5.117,1.6882789029144196,3167.863993647292
5.118,1.6881640314691884,3163.543764102064
5.119,1.6880494177737637,3159.23525649739
5.12,1.6879350731293323,3154.938931762735
5.121,1.6878210083801535,3150.6552326066017
5.122,1.6877072339125991,3146.3845834554095
5.123,1.687593759654496,3142.1273904049403
5.124,1.687480595074784,3137.884041184275
5.125,1.6873677491834704,3133.6549051322254
5.126,1.6872552305318989,3129.4403331861804
5.127,1.6871430472133118,3125.240657883329
5.128,1.687031206863718,3121.0561933741824
5.129,1.686919716663056,3116.8872354483233
5.13,1.686808583336652,3112.7340615723024
5.131,1.6866978131569696,3108.596930939583
5.132,1.686587411945649,3104.476084532441
5.133,1.6864773850758321,3100.3717451956986
5.134,1.6863677374747685,3096.284117722192
5.135,1.686258473626701,3092.213388949829
5.136,1.6861495975760257,3088.1597278701174
5.1370000000000005,1.6860411129307216,3084.1232857480163
5.138,1.6859330228660474,3080.1041962529544
5.139,1.6858253301285024,3076.1025756008794
5.14,1.685718037040041,3072.1185227071455
5.141,1.6856111455025427,3068.1521193500953
5.142,1.6855046570025292,3064.2034303451364
5.143,1.6853985726161262,3060.272503729133
5.144,1.6852928930142588,3056.3593709549323
5.1450000000000005,1.6851876184680845,3052.4640470958057
5.146,1.6850827488546491,3048.5865310596123
5.147,1.6849782836627658,3044.726805812469
5.148,1.6848742219991113,3040.8848386117097
5.149,1.6847705625945282,3037.0605812479116
5.15,1.6846673038105324,3033.253970295747
5.151,1.6845644436460225,3029.464927373444
5.152,1.6844619797441718,3025.6933594106004
5.1530000000000005,1.6843599093995147,3021.939158924109
5.154,1.684258229565205,3018.2022043019456
5.155,1.6841569368604514,3014.482360094562
5.156,1.6840560275781125,3010.779477313622
5.157,1.6839554976924567,3007.0933937378218
5.158,1.68385534286707,3003.4239342255178
5.159,1.6837555584629111,2999.7709110338974
5.16,1.683656139546504,2996.1341241444106
5.1610000000000005,1.6835570808982594,2992.5133615941886
5.162,1.6834583770209255,2988.9083998131573
5.163,1.6833600221481493,2985.319003966577
5.164,1.6832620102531552,2981.7449283026954
5.165,1.6831643350575158,2978.185916505247
5.166,1.683066990040031,2974.641702050495
5.167,1.6829699684456825,2971.1120085685134
5.168,1.6828732632946795,2967.596550208431
5.1690000000000005,1.68277686739157,2964.095032007318
5.17,1.6826807733344227,2960.6071502624336
5.171,1.6825849735240668,2957.1325929065197
5.172,1.682489460173382,2953.6710398858477
5.173,1.6823942253166344,2950.222163540716
5.174,1.6822992608188463,2946.7856289880865
5.175,1.6822045583852012,2943.3610945060705
5.176,1.6821101095704636,2939.948211919952
5.1770000000000005,1.6820159057884188,2936.546626989448
5.178,1.6819219383213186,2933.155979796909
5.179,1.6818281983293288,2929.77590513615
5.18,1.6817346768599672,2926.4060329016256
5.181,1.6816413648575326,2923.045988477629
5.182,1.6815482531725077,2919.6953931272474
5.183,1.6814553325709378,2916.3538643807515
5.184,1.6813625937437737,2913.021016423141
5.1850000000000005,1.6812700273161738,2909.69646048055
5.186,1.6811776238567557,2906.379805205228
5.187,1.6810853738867957,2903.0706570587995
5.188,1.680993267889365,2899.7686206935373
5.189,1.6809012963183985,2896.4732993313505
5.19,1.680809449607687,2893.1842951402205
5.191,1.680717718179792,2889.9012096078122
5.192,1.6806260924548708,2886.6236439119857
5.1930000000000005,1.6805345628594093,2883.351199287947
5.194,1.6804431198348535,2880.0834773917686
5.195,1.6803517538461408,2876.8200806600375
5.196,1.6802604553901146,2873.560612665358
5.197,1.680169215003827,2870.304678467475
5.198,1.6800780232727135,2867.0518849597697
5.199,1.679986870838649,2863.8018412108877
5.2,1.6798957484078625,2860.554158801264
5.2010000000000005,1.6798046467587182,2857.3084521543265
5.202,1.6797135567493544,2854.064338862139
5.203,1.6796224693251705,2850.8214400052834
5.204,1.679531375526167,2847.579380466755
5.205,1.6794402664941237,2844.337789239677
5.206,1.6793491334796202,2841.096299728623
5.207,1.6792579678488904,2837.854550044366
5.208,1.6791667610905023,2834.6121832918598
5.2090000000000005,1.6790755048218737,2831.3688478512704
5.21,1.6789841907956016,2828.1241976518895
5.211,1.6788928109056154,2824.877892438755
5.212,1.6788013571931457,2821.6295980318296
5.213,1.6787098218525034,2818.3789865775634
5.214,1.6786181972366698,2815.1257367927183
5.215,1.6785264758626952,2811.8695342002948
5.216,1.6784346504168957,2808.6100713574374
5.2170000000000005,1.6783427137598559,2805.3470480751876
5.218,1.6782506589312305,2802.0801716299757
5.219,1.6781584791543385,2798.809156966726
5.22,1.6780661678405577,2795.5337268934854
5.221,1.6779737185935049,2792.253612267472
5.222,1.6778811252130161,2788.9685521724496
5.223,1.6777883816989068,2785.678294087366
5.224,1.6776954822545291,2782.382594046152
5.2250000000000005,1.6776024212901082,2779.081216788647
5.226,1.6775091934258737,2775.7739359025636
5.227,1.6774157934949665,2772.460533956462
5.228,1.6773222165461403,2769.1408026236786
5.229,1.6772284578462402,2765.814542797174
5.23,1.6771345128824695,2762.4815646952766
5.231,1.677040377364439,2759.1416879583
5.232,1.676946047226001,2755.7947417360156
5.2330000000000005,1.6768515186268684,2752.4405647659833
5.234,1.6767567879540173,2749.0790054427343
5.235,1.6766618518228764,2745.70992187782
5.236,1.6765667070783037,2742.333181950742
5.237,1.676471350795349,2738.9486633507913
5.238,1.6763757802798054,2735.5562536098155
5.239,1.6762799930685497,2732.155850125974
5.24,1.676183986929678,2728.7473601785073
5.2410000000000005,1.6760877598624295,2725.3307009335804
5.242,1.6759913100969062,2721.905799441266
5.243,1.6758946360935942,2718.472592623729
5.244,1.6757977365426748,2715.0310272546803
5.245,1.6757006103631458,2711.5810599301994
5.246,1.6756032567017385,2708.1226570309864
5.247,1.6755056749316486,2704.655794676164
5.248,1.6754078646510662,2701.1804586687144
5.249,1.675309825681528,2697.6966444326563
5.25,1.6752115580660742,2694.2043569420885
5.251,1.675113062067231,2690.703610642208
5.252,1.6750143381648062,2687.194429362423
5.253,1.6749153870535172,2683.676846221716
5.254,1.6748162096404395,2680.1509035263607
5.255,1.6747168070422902,2676.616652660159
5.256,1.6746171805825463,2673.074153967342
5.257,1.6745173317883992,2669.5234766282765
5.258,1.6744172623875564,2665.964698528146
5.259,1.6743169743048842,2662.397906118773
5.26,1.6742164696589077,2658.8231942737293
5.261,1.6741157507581588,2655.240666136936
5.2620000000000005,1.67401482009739,2651.65043296491
5.263,1.6739136803536487,2648.0526139628378
5.264,1.6738123343822198,2644.447336114681
5.265,1.6737107852124427,2640.834734007478
5.266,1.6736090360434042,2637.214949650056
5.267,1.6735070902395153,2633.588132286338
5.268,1.6734049513259739,2629.9544382034474
5.269,1.6733026229841208,2626.3140305348197
5.2700000000000005,1.6732001090466888,2622.6670790585167
5.271,1.6730974134929588,2619.013759990965
5.272,1.672994540443821,2615.354255776321
5.273,1.6728914941567434,2611.688754871687
5.274,1.672788279020665,2608.017451528376
5.275,1.6726848995508048,2604.3405455694783
5.276,1.6725813603834012,2600.6582421639077
5.277,1.672477666270383,2596.970751597188
5.2780000000000005,1.6723738220739774,2593.2782890391836
5.279,1.672269832761263,2589.5810743089983
5.28,1.6721657033986683,2585.879331637284
5.281,1.6720614391464246,2582.1732894261704
5.282,1.6719570452529775,2578.463180007053
5.283,1.671852527049365,2574.7492393964685
5.284,1.6717478899435576,2571.031707050275
5.285,1.6716431394147817,2567.3108256163896
5.2860000000000005,1.671538281007815,2563.5868406862837
5.287,1.6714333203272715,2559.8600005454855
5.288,1.671328263031875,2556.130555923313
5.289,1.6712231148287262,2552.398759742059
5.29,1.6711178814675725,2548.6648668658645
5.291,1.6710125687350814,2544.9291338494977
5.292,1.6709071824491255,2541.19181868727
5.293,1.6708017284530818,2537.4531805623055
5.2940000000000005,1.670696212610152,2533.713479596393
5.295,1.6705906407977094,2529.972976600634
5.296,1.6704850189016696,2526.2319328271124
5.297,1.670379352810908,2522.4906097217854
5.298,1.6702736484117042,2518.7492686788355
5.299,1.6701679115822394,2515.008170796665
5.3,1.6700621481871378,2511.267576635765
5.301,1.6699563640720656,2507.5277459786525
5.3020000000000005,1.669850565058383,2503.7889375920795
5.303,1.6697447569378625,2500.051408991717
5.304,1.669638945467472,2496.3154162095043
5.305,1.6695331363642298,2492.581213563868
5.306,1.6694273353001308,2488.84905343298
5.307,1.6693215478971564,2485.1191860312647
5.308,1.6692157797223643,2481.3918591893134
5.309,1.6691100362830658,2477.667318137401
5.3100000000000005,1.6690043230220917,2473.945805292765
5.311,1.668898645313155,2470.2275600508306
5.312,1.6687930084563072,2466.5128185805315
5.313,1.6686874176735007,2462.801813623895
5.314,1.668581878104249,2459.0947743000456
5.315,1.6684763948013988,2455.3919259137797
5.316,1.668370972727011,2451.6934897688493
5.317,1.6682656167483538,2447.9996829861084
5.3180000000000005,1.668160331634014,2444.3107183266466
5.319,1.6680551220501232,2440.626804020045
5.32,1.6679499925567123,2436.9481435978814
5.321,1.6678449476041817,2433.2749357326024
5.322,1.667739991529903,2429.6073740818783
5.323,1.6676351285549482,2425.945647138551
5.324,1.6675303627809461,2422.2899380862746
5.325,1.6674256981870756,2418.64042466095
5.3260000000000005,1.6673211386271902,2414.9972790180495
5.327,1.6672166878270787,2411.360667605909
5.328,1.6671123493818645,2407.730751045073
5.329,1.6670081267535424,2404.1076840137735
5.33,1.6669040232686556,2400.491615139603
5.331,1.6668000421161162,2396.8826868974475
5.332,1.6666961863451633,2393.281035513738
5.333,1.66659245886347,2389.6867908770746
5.3340000000000005,1.6664888624353889,2386.1000764552637
5.335,1.6663853996803466,2382.5210092188067
5.336,1.6662820730713803,2378.949699570885
5.337,1.666178884933821,2375.3862512838523
5.338,1.6660758374441225,2371.8307614422665
5.339,1.6659729326288355,2368.2833203924815
5.34,1.6658701723637288,2364.744011698789
5.341,1.665767558373052,2361.212912106139
5.3420000000000005,1.6656650922289502,2357.6900915094134
5.343,1.6655627753510167,2354.1756129292658
5.344,1.6654606090059951,2350.669532494495
5.345,1.6653585943076206,2347.1718994309495
5.346,1.6652567322166096,2343.6827560569163
5.347,1.665155023540784,2340.2021377849933
5.348,1.6650534689353442,2336.7300731303712
5.349,1.664952068903276,2333.2665837255204
5.3500000000000005,1.6648508237958959,2329.811684341201
5.351,1.6647497338135402,2326.3653829137675
5.352,1.6646487990063805,2322.9276805786994
5.353,1.6645480192753799,2319.4985717102904
5.354,1.6644473943733753,2316.0780439674318
5.355,1.6643469239062996,2312.6660783454163
5.356,1.66424660733452,2309.262649233681
5.357,1.664146443974312,2305.8677244794003
5.3580000000000005,1.664046432999454,2302.481265456851
5.359,1.663946573442944,2299.1032271424438
5.36,1.6638468641988355,2295.7335581953266
5.361,1.6637473040241932,2292.37220104346
5.362,1.6636478915411592,2289.019091975052
5.363,1.663548625239134,2285.6741612352434
5.364,1.6634495034770658,2282.3373331279236
5.365,1.6633505244858475,2279.0085261225604
5.3660000000000005,1.6632516863708162,2275.687652965919
5.367,1.6631529871143538,2272.374620798539
5.368,1.6630544245785843,2269.0693312758435
5.369,1.662955996508168,2265.771680693736
5.37,1.6628577005331855,2262.481560118554
5.371,1.6627595341721106,2259.1988555212392
5.372,1.6626614948348672,2255.9234479155666
5.373,1.662563579825969,2252.6552135002994
5.3740000000000006,1.6624657863477388,2249.3940238051064
5.375,1.6623681115035975,2246.139745840098
5.376,1.6622705523014318,2242.8922422488195
5.377,1.662173105657025,2239.6513714645403
5.378,1.6620757683975507,2236.416987869684
5.379,1.6619785372651326,2233.188941958237
5.38,1.6618814089204568,2229.967080500962
5.381,1.6617843799464398,2226.7512467132565
5.382,1.6616874468519445,2223.5412804254925
5.383,1.6615906060755434,2220.3370182556555
5.384,1.6614938539893256,2217.13829378412
5.385,1.6613971869027373,2213.944937730391
5.386,1.6613006010664626,2210.7567781316307
5.3870000000000005,1.6612040926763316,2207.5736405228035
5.388,1.6611076578772574,2204.39534811826
5.389,1.6610112927671963,2201.2217219945887
5.39,1.6609149934011262,2198.052581274556
5.391,1.660818755795044,2194.8877433119624
5.392,1.6607225759299704,2191.7270238772376
5.393,1.6606264497559675,2188.570237343597
5.394,1.660530373196158,2185.4171968735873
5.3950000000000005,1.6604343421507468,2182.2677146058504
5.396,1.6603383525010387,2179.1216018419173
5.397,1.660242400113451,2175.9786692328735
5.398,1.660146480843512,2172.83872696572
5.399,1.6600505905398537,2169.7015849492514
5.4,1.6599547250481759,2166.5670529992876
5.401,1.6598588802152001,2163.434941023086
5.402,1.6597630518925897,2160.3050592027776
5.4030000000000005,1.6596672359408497,2157.1772181776423
5.404,1.6595714282331915,2154.051229225078
5.405,1.6594756246593618,2150.926904440088
5.406,1.659379821129434,2147.8040569131426
5.407,1.659284013577561,2144.682500906234
5.408,1.6591881979656808,2141.562052026994
5.409,1.6590923702871736,2138.4425274007062
5.41,1.6589965265704698,2135.323745840067
5.4110000000000005,1.6589006628826028,2132.2055280125483
5.412,1.658804775332706,2129.0876966052174
5.413,1.6587088600754494,2125.970076486871
5.414,1.658612913314413,2122.8524948673503
5.415,1.6585169313053965,2119.73478145389
5.416,1.6584209103596574,2116.6167686043837
5.417,1.658324846847084,2113.4982914774278
5.418,1.6582287371992888,2110.379188179022
5.4190000000000005,1.658132577912632,2107.259299905806
5.42,1.6580363655511607,2104.138471084708
5.421,1.657940096749477,2101.016549508905
5.422,1.657843768215512,2097.8933864699707
5.423,1.6577473767332247,2094.7688368861113
5.424,1.6576509191652105,2091.6427594263905
5.425,1.6575543924552196,2088.5150166308367
5.426,1.6574577936305888,2085.3854750263527
5.4270000000000005,1.6573611198045777,2082.2540052383233
5.428,1.6572643681786141,2079.1204820978473
5.429,1.6571675360444411,2075.9847847445076
5.43,1.6570706207861687,2072.846796724607
5.431,1.6569736198822305,2069.7064060847947
5.432,1.6568765309072324,2066.5635054610198
5.433,1.6567793515337128,2063.4179921627465
5.434,1.6566820795337882,2060.269768252375
5.4350000000000005,1.6565847127807078,2057.1187406198183
5.436,1.656487249250297,2053.9648210521755
5.437,1.6563896870222983,2050.8079262984756
5.438,1.6562920242816104,2047.6479781294354
5.439,1.6561942593194185,2044.4849033922044
5.44,1.656096390534218,2041.3186340600778
5.441,1.655998416432737,2038.1491072771316
5.442,1.655900335630746,2034.9762653977784
5.4430000000000005,1.655802146853764,2031.8000560212229
5.444,1.6557038489376588,2028.6204320208005
5.445,1.6556054408291385,2025.437351568209
5.446,1.6555069215861358,2022.250778152614
5.447,1.6554082903780887,2019.0606805946477
5.448,1.6553095464861118,2015.8670330553014
5.449,1.6552106893030658,2012.6698150397278
5.45,1.655111718333517,2009.4690113959712
5.4510000000000005,1.6550126331935955,2006.2646123086502
5.452,1.6549134336107505,2003.056613287614
5.453,1.6548141194233967,1999.8450151516145
5.454,1.6547146905804677,1996.62982400702
5.455,1.6546151471408581,1993.4110512216187
5.456,1.6545154892727738,1990.1887133935547
5.457,1.6544157172529779,1986.9628323154461
5.458,1.65431583146594,1983.733434933739
5.4590000000000005,1.6542158324028926,1980.5005533033564
5.46,1.654115720660785,1977.2642245377015
5.461,1.6540154969411516,1974.0244907540882
5.462,1.6539151620488823,1970.7813990146608
5.463,1.6538147168909068,1967.5350012628805
5.464,1.6537141624747855,1964.285354255662
5.465,1.653613499907217,1961.0325194912307
5.466,1.6535127303924593,1957.776563132797
5.4670000000000005,1.6534118552306691,1954.5175559281302
5.468,1.6533108758161563,1951.255573125125
5.469,1.6532097936355643,1947.9906943834594
5.47,1.6531086102659678,1944.7230036824394
5.471,1.6530073273729018,1941.452589225135
5.472,1.6529059467083127,1938.179543338911
5.473,1.6528044701084417,1934.903962372462
5.474,1.652702899491639,1931.6259465894632
5.4750000000000005,1.6526012368561154,1928.3456000589495
5.476,1.6524994842776248,1925.0630305425357
5.477,1.6523976439070913,1921.778349378606
5.478,1.652295717968177,1918.4916713635835
5.479,1.6521937087547929,1915.2031146304093
5.48,1.652091618628556,1911.9128005243556
5.481,1.6519894500162,1908.6208534762973
5.482,1.651887205406934,1905.327400873578
5.4830000000000005,1.651784887349759,1902.0325729285921
5.484,1.6516824984507394,1898.736502545225
5.485,1.65158004137024,1895.439325183279
5.486,1.6514775188201196,1892.1411787210263
5.487,1.6513749335608967,1888.842203316016
5.488,1.6512722883988802,1885.5425412642862
5.489,1.651169586183273,1882.2423368581112
5.49,1.6510668298032523,1878.941736242423
5.4910000000000005,1.6509640221850237,1875.6408872700536
5.492,1.650861166288858,1872.3399393559318
5.493,1.6507582651061103,1869.0390433303855
5.494,1.650655321656227,1865.7383512916786
5.495,1.6505523389837364,1862.4380164579325
5.496,1.6504493201552397,1859.138193018579
5.497,1.6503462682563872,1855.8390359854689
5.498,1.6502431863888598,1852.5407010437987
5.4990000000000006,1.6501400776673443,1849.243344402983
5.5,1.6500369452165182,1845.9471226476153
5.501,1.6499337921680357,1842.6521925886623
5.502,1.649830621657523,1839.3587111150275
5.503,1.6497274368215866,1836.0668350456222
5.504,1.6496242407948363,1832.7767209820813
5.505,1.649521036706921,1829.4885251622645
5.506,1.649417827679591,1826.2024033146722
5.507,1.649314616823774,1822.9185105139143
5.508,1.6492114072366844,1819.63700103736
5.509,1.649108201998953,1816.3580282231064
5.51,1.6490050041717916,1813.0817443293854
5.511,1.648901816794188,1809.8083003955426
5.5120000000000005,1.6487986428801347,1806.5378461047171
5.513,1.648695485415898,1803.270529648331
5.514,1.648592347357323,1800.006497592525
5.515,1.6484892316271855,1796.745894746654
5.516,1.6483861411125837,1793.488864033952
5.517,1.6482830786623777,1790.2355463644926
5.518,1.6481800470846784,1786.9860805105452
5.519,1.648077049144388,1783.740602984443
5.5200000000000005,1.6479740875607904,1780.4992479190664
5.521,1.6478711650052,1777.2621469510448
5.522,1.6477682840986618,1774.0294291067744
5.523,1.64766544740972,1770.8012206913584
5.524,1.6475626574522335,1767.5776451805514
5.525,1.6474599166832653,1764.3588231158067
5.526,1.6473572275010315,1761.1448720025144
5.527,1.6472545922429112,1757.9359062115104
5.5280000000000005,1.6471520131835322,1754.7320368839432
5.529,1.6470494925329169,1751.5333718395705
5.53,1.6469470324347053,1748.3400154885592
5.531,1.6468446349644417,1745.1520687468724
5.532,1.6467423021279397,1741.9696289552885
5.533,1.6466400358597186,1738.7927898021358
5.534,1.646537838021514,1735.6216412497906
5.535,1.646435710400865,1732.4562694649985
5.5360000000000005,1.6463336547097769,1729.2967567530732
5.537,1.6462316725834647,1726.1431814960142
5.538,1.6461297655791707,1722.9956180945956
5.539,1.6460279351750613,1719.8541369144637
5.54,1.6459261827692107,1716.7188042362739
5.541,1.6458245096786546,1713.5896822099153
5.542,1.6457229171385312,1710.4668288128305
5.543,1.645621406301304,1707.3502978124743
5.5440000000000005,1.64551997823606,1704.2401387329223
5.545,1.6454186339278976,1701.136396825647
5.546,1.645317374277391,1698.0391130444768
5.547,1.6452162001001385,1694.9483240247491
5.548,1.6451151121263934,1691.8640620666504
5.549,1.6450141110007765,1688.7863551227638
5.55,1.644913197282071,1685.715226789802
5.551,1.6448123714430976,1682.65069630453
5.5520000000000005,1.644711633870674,1679.5927785438662
5.553,1.644610984865652,1676.5414840291398
5.554,1.6445104246430413,1673.496818934496
5.555,1.6444099533322039,1670.4587850994185
5.556,1.6443095709771385,1667.4273800453452
5.557,1.6442092775368384,1664.4025969963523
5.558,1.6441090728857277,1661.3844249038643
5.559,1.6440089568141762,1658.3728484753617
5.5600000000000005,1.6439089290290931,1655.367848207035
5.561,1.6438089891545915,1652.3694004203521
5.562,1.643709136732733,1649.377477302481
5.563,1.643609371224342,1646.3920469505238
5.564,1.6435096920098966,1643.4130734194996
5.565,1.6434100983904865,1640.4405167740247
5.566,1.6433105895888453,1637.4743331436262
5.567,1.643211164750449,1634.5144747816207
5.5680000000000005,1.643111822944685,1631.560890127496
5.569,1.6430125631660826,1628.613523872719
5.57,1.642913384335614,1625.6723170299024
5.571,1.6428142853020558,1622.7372070052452
5.572,1.6427152648434085,1619.8081276741736
5.573,1.6426163216683847,1616.885009460098
5.574,1.6425174544179484,1613.9677794161973
5.575,1.642418661666912,1611.056361310151
5.5760000000000005,1.6423199419255947,1608.1506757117183
5.577,1.6422212936415213,1605.2506400830791
5.578,1.6421227152011861,1602.3561688718412
5.579,1.642024204931859,1599.467173606612
5.58,1.6419257611034388,1596.5835629950402
5.581,1.6418273819303528,1593.7052430242243
5.582,1.6417290655735028,1590.8321170633842
5.583,1.6416308101422497,1587.9640859686915
5.5840000000000005,1.641532613696437,1585.1010481901537
5.585,1.6414344742484543,1582.2428998804394
5.586,1.6413363897653344,1579.3895350055388
5.587,1.6412383581708831,1576.5408454571493
5.588,1.6411403773478432,1573.6967211666665
5.589,1.6410424451400822,1570.857050220677
5.59,1.6409445593548124,1568.0217189778323
5.591,1.6408467177648294,1565.1906121869872
5.5920000000000005,1.6407489181107784,1562.3636131064918
5.593,1.640651158103438,1559.5406036245136
5.594,1.6405534354260207,1556.72146438028
5.595,1.6404557477364927,1553.906074886113
5.596,1.6403580926699024,1551.0943136501464
5.597,1.6402604678407222,1548.2860582996009
5.598,1.6401628708452018,1545.4811857045029
5.599,1.6400652992637224,1542.6795721017234
5.6000000000000005,1.63996775066316,1539.8810932192198
5.601,1.6398702225992499,1537.0856244003644
5.602,1.6397727126189479,1534.2930407282374
5.603,1.6396752182627945,1531.503217149768
5.604,1.6395777370672697,1528.7160285996047
5.605,1.639480266567145,1525.9313501236027
5.606,1.6393828042978236,1523.1490570018047
5.607,1.6392853477976694,1520.3690248708058
5.6080000000000005,1.639187894610328,1517.5911298453857
5.609,1.6390904422870247,1514.8152486392949
5.61,1.6389929883888508,1512.0412586850812
5.611,1.6388955304890291,1509.2690382528526
5.612,1.6387980661751564,1506.4984665678553
5.613,1.638700593051424,1503.7294239267676
5.614,1.638603108740813,1500.9617918126037
5.615,1.638505610887261,1498.1954530081134
5.6160000000000005,1.6384080971577997,1495.4302917075843
5.617,1.6383105652446635,1492.6661936269418
5.618,1.6382130128673615,1489.9030461120437
5.619,1.6381154377747167,1487.1407382450793
5.62,1.6380178377468702,1484.3791609489683
5.621,1.6379202105972421,1481.618207089677
5.622,1.6378225541744604,1478.8577715763527
5.623,1.637724866364238,1476.0977514591882
5.6240000000000006,1.6376271450912168,1473.3380460249405
5.625,1.63752938832076,1470.5785568900014
5.626,1.6374315940607016,1467.8191880909585
5.627,1.6373337603630467,1465.0598461725556
5.628,1.6372358853256237,1462.300440272978
5.629,1.6371379670936856,1459.5408822063991
5.63,1.6370400038614608,1456.7810865427025
5.631,1.6369419938736487,1454.0209706843277
5.632,1.6368439354268636,1451.2604549401653
5.633,1.6367458268710238,1448.499462596442
5.634,1.6366476666106795,1445.737919984542
5.635,1.6365494531062919,1442.9757565457026
5.636,1.636451184875446,1440.2129048925344
5.6370000000000005,1.6363528604940096,1437.4493008673219
5.638,1.63625447859723,1434.6848835970502
5.639,1.6361560378807702,1431.9195955451212
5.64,1.6360575371016859,1429.1533825597194
5.641,1.6359589750793377,1426.3861939187877
5.642,1.6358603506962417,1423.6179823715856
5.643,1.6357616628988572,1420.8487041767967
5.644,1.6356629106983105,1418.0783191371602
5.6450000000000005,1.6355640931710569,1415.3067906306055
5.646,1.6354652094594733,1412.5340856378689
5.647,1.635366258772391,1409.7601747665753
5.648,1.6352672403855624,1406.9850322717796
5.649,1.6351681536420613,1404.2086360729454
5.65,1.635068997952619,1401.4309677673693
5.651,1.634969772795896,1398.6520126400426
5.652,1.634870477718687,1395.8717596699464
5.6530000000000005,1.634771112336063,1393.0902015327943
5.654,1.634671676331446,1390.3073346002259
5.655,1.6345721694566204,1387.523158935457
5.656,1.6344725915316818,1384.7376782854144
5.657,1.6343729424449165,1381.950900069356
5.658,1.6342732221526242,1379.1628353640149
5.659,1.6341734306788716,1376.3734988852773
5.66,1.634073568115185,1373.5829089664287
5.6610000000000005,1.6339736346201847,1370.7910875330003
5.662,1.6338736304191501,1367.998060074246
5.663,1.6337735558035296,1365.2038556112861
5.664,1.6336734111303906,1362.4085066619637
5.665,1.6335731968218055,1359.6120492024495
5.666,1.633472913364182,1356.8145226256465
5.667,1.6333725613075394,1354.015969696441
5.668,1.6332721412647184,1351.2164365038511
5.6690000000000005,1.6331716539105443,1348.4159724101287
5.67,1.6330710999809313,1345.6146299968732
5.671,1.6329704802719338,1342.8124650082127
5.672,1.6328697956387441,1340.0095362911204
5.673,1.6327690469946392,1337.205905732928
5.674,1.6326682353098805,1334.4016381961023
5.675,1.632567361610556,1331.5968014503646
5.676,1.6324664269773872,1328.791466102207
5.6770000000000005,1.632365432544477,1325.9857055219009
5.678,1.63226437949802,1323.1795957680583
5.679,1.6321632690749697,1320.373215509836
5.68,1.6320621025616586,1317.5666459468544
5.681,1.6319608812923794,1314.7599707269203
5.682,1.6318596066479305,1311.9532758616365
5.683,1.63175828005412,1309.1466496399835
5.684,1.6316569029802332,1306.3401825399612
5.6850000000000005,1.6315554769374683,1303.5339671383845
5.686,1.6314540034773364,1300.7280980189182
5.687,1.6313524841900335,1297.922671678447
5.688,1.6312509207027794,1295.1177864318768
5.689,1.6311493146781286,1292.3135423154547
5.69,1.631047667812259,1289.510040988716
5.691,1.6309459818332326,1286.7073856351444
5.692,1.6308442584992338,1283.9056808616488
5.6930000000000005,1.6307424995967843,1281.105032596956
5.694,1.6306407069389477,1278.3055479890227
5.695,1.6305388823635028,1275.5073353015532
5.696,1.630437027731113,1272.7105038097468
5.697,1.6303351449234775,1269.9151636953552
5.698,1.630233235841465,1267.1214259411638
5.699,1.6301313024032473,1264.3294022249981
5.7,1.6300293465424156,1261.5392048133515
5.7010000000000005,1.6299273702060955,1258.7509464547456
5.702,1.6298253753530512,1255.9647402729188
5.703,1.6297233639517947,1253.1806996599498
5.704,1.6296213379786837,1250.398938169415
5.705,1.6295192994160297,1247.6195694096855
5.706,1.6294172502501993,1244.842706937461
5.707,1.629315192469727,1242.068464151644
5.708,1.629213128063427,1239.2969541876575
5.7090000000000005,1.629111059018519,1236.5282898122966
5.71,1.6290089873187568,1233.7625833192265
5.711,1.6289069149425701,1230.9999464252105
5.712,1.6288048438612246,1228.2404901671803
5.713,1.6287027760369832,1225.484324800227
5.714,1.6286007134212972,1222.731559696625
5.715,1.6284986579530067,1219.9823032459744
5.716,1.6283966115565593,1217.236662756548
5.7170000000000005,1.628294576140258,1214.494744357949
5.718,1.628192553594519,1211.7566529051549
5.719,1.6280905457901655,1209.0224918840422
5.72,1.6279885545767385,1206.292363318481
5.721,1.627886581780837,1203.5663676790725
5.722,1.6277846292044869,1200.8446037936278
5.723,1.6276826986235409,1198.1271687594565
5.724,1.6275807917861047,1195.4141578575495
5.7250000000000005,1.6274789104110001,1192.7056644687318
5.726,1.6273770561862613,1190.0017799918628
5.727,1.6272752307676628,1187.302593764149
5.728,1.6271734357772871,1184.6081929836528
5.729,1.6270716728021288,1181.9186626340504
5.73,1.6269699433927367,1179.2340854117174
5.731,1.6268682490618949,1176.5545416551997
5.732,1.6267665912833458,1173.8801092771291
5.7330000000000005,1.6266649714905554,1171.210863698648
5.734,1.6265633910755208,1168.546877786395
5.735,1.626461851387619,1165.8882217921068
5.736,1.6263603537325046,1163.2349632948838
5.737,1.62625889937105,1160.5871671461741
5.738,1.6261574895183333,1157.9448954175157
5.739,1.6260561253426695,1155.3082073510823
5.74,1.6259548079646988,1152.6771593130711
5.7410000000000005,1.6258535384565103,1150.0518047499713
5.742,1.6257523178408269,1147.432194147748
5.743,1.6256511470902302,1144.81837499397
5.744,1.6255500271264425,1142.2103917429135
5.745,1.625448958819657,1139.608285783666
5.746,1.6253479429879154,1137.0120954112508
5.747,1.6252469803965435,1134.421855800799
5.748,1.6251460717576347,1131.8375989847755
5.7490000000000006,1.6250452177295849,1129.259353833282
5.75,1.6249444189166824,1126.6871460374432
5.751,1.6248436758687461,1124.1209980958847
5.752,1.624742989080822,1121.5609293043115
5.753,1.6246423589929275,1119.0069557481793
5.754,1.624541785989849,1116.459090298472
5.755,1.624441270400996,1113.9173426105688
5.756,1.6243408125003032,1111.3817191261999
5.757000000000001,1.624240412506184,1108.8522230784808
5.758,1.6241400705815452,1106.3288545000123
5.759,1.6240397868338432,1103.8116102340298
5.76,1.623939561315197,1101.3004839485827
5.761,1.6238393940225535,1098.7954661537274
5.7620000000000005,1.6237392848979006,1096.296544221702
5.763,1.6236392338285366,1093.8037024100654
5.764,1.6235392406473812,1091.3169218877588
5.765,1.6234393051333464,1088.836180764072
5.766,1.623339427011748,1086.361454120468
5.767,1.6232396059547725,1083.892714045232
5.768,1.6231398415819858,1081.4299296709048
5.769,1.6230401334608955,1078.9730672144601
5.7700000000000005,1.6229404811075554,1076.522090020176
5.771,1.6228408839872175,1074.0769586051522
5.772,1.6227413415150287,1071.637630707432
5.773,1.622641853056774,1069.2040613366635
5.774,1.6225424179296586,1066.776202827256
5.775,1.6224430354031378,1064.354004893965
5.776,1.6223437046997837,1061.93741468986
5.777,1.6222444249961967,1059.5263768665932
5.7780000000000005,1.6221451954239536,1057.1208336369311
5.779,1.6220460150705955,1054.7207248394598
5.78,1.6219468829806531,1052.325988005411
5.781,1.6218477981567092,1049.9365584275374
5.782,1.621748759560493,1047.5523692309598
5.783,1.6216497661140146,1045.1733514459222
5.784,1.6215508167007264,1042.7994340823745
5.785,1.6214519101667206,1040.4305442063078
5.7860000000000005,1.6213530453219511,1038.066607017767
5.787,1.6212542209414953,1035.707545930461
5.788,1.6211554357668319,1033.3532826528879
5.789,1.6210566885071516,1031.0037372708973
5.79,1.6209579778406944,1028.6588283316055
5.791,1.620859302416105,1026.318472928578
5.792,1.6207606608538179,1023.9825867882008
5.793,1.6206620517474566,1021.6510843571444
5.7940000000000005,1.6205634736652574,1019.3238788908465
5.795,1.6204649251515115,1017.0008825429161
5.796,1.6203664047280202,1014.6820064553744
5.797,1.620267910895569,1012.3671608496481
5.798,1.6201694421354165,1010.0562551182186
5.799,1.6200709969107914,1007.7491979168434
5.8,1.6199725736684063,1005.4458972572569
5.801,1.6198741708399766,1003.1462606002628
5.8020000000000005,1.6197757868437515,1000.8501949491276
5.803,1.6196774200860478,998.5576069431805
5.804,1.6195790689627931,996.2684029515376
5.805,1.6194807318610698,993.9824891668527
5.806,1.6193824071606637,991.69977169901
5.807,1.619284093235612,989.4201566686636
5.808,1.6191857884557512,987.1435503005428
5.809,1.6190874911882642,984.8698590164236
5.8100000000000005,1.6189891997992225,982.5989895276884
5.811,1.6188909126551243,980.3308489273776
5.812,1.6187926281244271,978.0653447816528
5.813,1.6186943445790707,975.80238522058
5.814,1.618596060395994,973.5418790281516
5.815,1.6184977739586386,971.2837357314579
5.816,1.6183994836584437,969.0278656889307
5.817,1.6183011878963234,966.77418017757
5.8180000000000005,1.6182028850841343,964.5225914790781
5.819,1.6181045736461261,962.2730129648176
5.82,1.6180062520203715,960.0253591795147
5.821,1.617907918660185,957.7795459236321
5.822,1.6178095720355128,955.5354903343364
5.823,1.6177112106343108,953.2931109649796
5.824,1.6176128329638957,951.0523278630313
5.825,1.6175144375522734,948.8130626463808
5.8260000000000005,1.6174160229494432,946.5752385779479
5.827,1.6173175877286794,944.3387806385285
5.828,1.6172191304877819,942.1036155978134
5.829,1.6171206498503001,939.8696720835121
5.83,1.6170221444667339,937.6368806485261
5.831,1.616923613015694,935.4051738361039
5.832,1.6168250542050442,933.1744862429255
5.833,1.616726466773001,930.9447545800591
5.8340000000000005,1.616627849489208,928.7159177317355
5.835,1.6165292011557741,926.4879168118882
5.836,1.6164305206082779,924.260695218414
5.837,1.6163318067167358,922.0341986851
5.838,1.6162330583865383,919.8083753311821
5.839,1.6161342745593434,917.5831757084813
5.84,1.6160354542139395,915.358552846091
5.841,1.6159365963670647,913.1344622925644
5.8420000000000005,1.6158377000741913,910.9108621555787
5.843,1.6157387644302712,908.6877131390372
5.844,1.615639788570439,906.4649785775803
5.845,1.6155407716706742,904.2426244684797
5.846,1.6154417129484306,902.0206195008911
5.847,1.6153426116632132,899.79893508244
5.848,1.6152434671171223,897.5775453631256
5.849,1.6151442786553538,895.356427256522
5.8500000000000005,1.6150450456666539,893.135560458265
5.851,1.6149457675837349,890.9149274618121
5.852,1.6148464438836485,888.6945135714636
5.853,1.6147470740881154,886.4743069126438
5.854,1.6146476577638098,884.2542984394354
5.855,1.6145481945226048,882.0344819393631
5.856,1.6144486840217716,879.8148540354363
5.857,1.6143491259641387,877.5954141854434
5.8580000000000005,1.6142495200982037,875.3761646785158
5.859,1.6141498662182046,873.1571106289639
5.86,1.6140501641641505,870.9382599673951
5.861,1.6139504138218028,868.7196234291395
5.862,1.6138506151226215,866.5012145399862
5.863,1.613750768043663,864.283049599258
5.864,1.613650872607437,862.0651476602468
5.865,1.6135509288817274,859.8475305080283
5.8660000000000005,1.6134509369793595,857.6302226346922
5.867,1.61335089705794,855.4132512120054
5.868,1.6132508093195443,853.1966460615528
5.869,1.613150674010371,850.9804396223783
5.87,1.6130504914203525,848.7646669161714
5.871,1.6129502618827296,846.5493655100322
5.872,1.612849985773583,844.3345754768579
5.873,1.612749663511329,842.1203393533958
5.8740000000000006,1.6126492955561798,839.9067020960033
5.875,1.6125488824095608,837.6937110341678
5.876,1.6124484246134974,835.4814158218308
5.877,1.6123479227499626,833.2698683865717
5.878,1.612247377440191,831.0591228767029
5.879,1.6121467893439598,828.849235606329
5.88,1.6120461591588329,826.6402649984343
5.881,1.611945487619376,824.4322715260469
5.882000000000001,1.6118447754963399,822.2253176515504
5.883,1.6117440235958087,820.0194677641987
5.884,1.6116432327583263,817.8147881159
5.885,1.6115424038579838,815.6113467553338
5.886,1.6114415378014864,813.4092134604709
5.8870000000000005,1.6113406355271915,811.208459669561
5.888,1.6112396980041208,809.0091584106588
5.889,1.611138726230943,806.8113842297586
5.89,1.6110377212349403,804.6152131176126
5.891,1.6109366840709467,802.4207224353001
5.892,1.6108356158202644,800.2279908386257
5.893,1.610734517589563,798.0370982014208
5.894,1.6106333905097552,795.8481255378251
5.8950000000000005,1.6105322357348557,793.6611549236206
5.896,1.6104310544408225,791.4762694167028
5.897,1.6103298478243833,789.2935529767583
5.898,1.6102286171018418,787.1130903842376
5.899,1.6101273635078786,784.9349671586918
5.9,1.6100260882943294,782.7592694765623
5.901,1.6099247927289604,780.5860840884959
5.902,1.6098234780942255,778.4154982362726
5.9030000000000005,1.6097221456860225,776.2475995694181
5.904,1.609620796812433,774.0824760615926
5.905,1.6095194327924611,771.9202159268251
5.906,1.6094180549547654,769.760907535682
5.907,1.6093166646363826,767.6046393314484
5.908,1.6092152631814547,765.4514997464001
5.909,1.6091138519399484,763.3015771182497
5.91,1.609012432266376,761.1549596068444
5.9110000000000005,1.608911005518516,759.0117351111965
5.912,1.608809573056137,756.8719911869246
5.913,1.6087081362397209,754.7358149641827
5.914,1.6086066964291927,752.6032930661584
5.915,1.6085052549826555,750.4745115282142
5.916,1.6084038132551295,748.3495557177475
5.917,1.6083023725972987,746.2285102548483
5.918,1.60820093435427,744.1114589338274
5.9190000000000005,1.6080994998643359,741.9984846456846
5.92,1.6079980704577514,739.8896693015988
5.921,1.6078966474555252,737.7850937574992
5.922,1.6077952321682156,735.6848377397991
5.923,1.6076938258947495,733.5889797723548
5.924,1.6075924299212516,731.4975971047159
5.925,1.6074910455198899,729.4107656417391
5.926,1.6073896739477382,727.3285598746279
5.9270000000000005,1.6072883164456595,725.2510528134553
5.928,1.6071869742372042,723.178315921243
5.929,1.6070856485275313,721.1104190496451
5.93,1.606984340502349,719.0474303763056
5.931,1.6068830513268777,716.9894163439362
5.932,1.6067817821448362,714.9364416011792
5.933,1.6066805340774508,712.8885689452995
5.934,1.606579308222487,710.8458592667645
5.9350000000000005,1.606478105653311,708.8083714957561
5.936,1.6063769274179727,706.7761625506656
5.937,1.606275774538318,704.7492872886153
5.938,1.6061746480091266,702.7277984580485
5.939,1.6060735487972801,700.7117466534348
5.94,1.6059724778409592,698.7011802721236
5.941,1.6058714360488646,696.6961454733851
5.942,1.6057704242994784,694.6966861396776
5.9430000000000005,1.6056694434403462,692.7028438401663
5.944,1.6055684942873942,690.7146577965314
5.945,1.605467577624282,688.7321648510873
5.946,1.6053666942017804,686.7553994372472
5.947,1.605265844737188,684.784393552345
5.948,1.6051650299137754,682.8191767328492
5.949,1.6050642503802692,680.8597760319749
5.95,1.6049635067503636,678.9062159997227
5.9510000000000005,1.6048627996022724,676.9585186653478
5.952,1.6047621294783077,675.0167035222807
5.953,1.6046614968845039,673.0807875155012
5.954,1.6045609022902643,671.1507850313799
5.955,1.6044603461280553,669.2267078899861
5.956,1.604359828793124,667.3085653398684
5.957,1.6042593506432625,665.3963640553068
5.958,1.6041589119985997,663.4901081360345
5.9590000000000005,1.6040585131414318,661.5897991094232
5.96,1.6039581543160883,659.6954359351275
5.961,1.6038578357288347,657.8070150121766
5.962,1.6037575575478074,655.9245301885035
5.963,1.6036573199029889,654.0479727728965
5.964,1.6035571228862147,652.1773315493583
5.965,1.6034569665512166,650.3125927938509
5.966,1.6033568509137024,648.4537402934097
5.9670000000000005,1.6032567759514695,646.6007553676014
5.968,1.6031567416045518,644.7536168923002
5.969,1.6030567477754043,642.9123013257547
5.97,1.6029567943291203,641.0767827369211
5.971,1.6028568810936803,639.24703283602
5.972,1.6027570078602384,637.423021007296
5.973,1.60265717438344,635.6047143439346
5.974,1.6025573803817699,633.792077685104
5.9750000000000005,1.6024576255379368,631.985073655078
5.976,1.6023579094992888,630.1836627044042
5.977,1.6022582318782552,628.387803153066
5.978,1.6021585922528265,626.597451235601
5.979,1.6020589901670599,624.8125611481233
5.98,1.6019594251316156,623.0330850972033
5.981,1.601859896624323,621.2589733505515
5.982,1.601760404090773,619.4901742894609
5.9830000000000005,1.6016609469449408,617.7266344629433
5.984,1.6015615245698362,615.9682986435163
5.985,1.601462136318176,614.2151098845736
5.986,1.6013627815130862,612.4670095792894
5.987,1.601263459448829,610.7239375209894
5.988,1.6011641693915517,608.9858319649322
5.989,1.6010649105800603,607.2526296914396
5.99,1.6009656822266165,605.5242660703093
5.9910000000000005,1.6008664835177542,603.8006751264465
5.992,1.6007673136151217,602.0817896066524
5.993,1.6006681716563373,600.3675410474959
5.994,1.6005690567558688,598.6578598442117
5.995,1.6004699680059327,596.9526753205448
5.996,1.6003709044774064,595.2519157994818
5.997,1.6002718652207588,593.5555086747942
5.998,1.6001728492669975,591.8633804833253
5.9990000000000006,1.6000738556286325,590.1754569779489
6.0,1.5999748833006473,588.4916632011299
6.001,1.5998759312614907,586.8119235590115
6.002,1.5997769984740742,585.1361618959623
6.003,1.5996780838867863,583.4643015695043
6.004,1.5995791864345095,581.7962655255537
6.005,1.5994803050396522,580.1319763738996
6.006,1.5993814386131886,578.4713564638496
6.007000000000001,1.5992825860556996,576.8143279599637
6.008,1.599183746258429,575.1608129178121
6.009,1.5990849181043336,573.5107333596744
6.01,1.59898610046915,571.8640113501176
6.011,1.598887292222452,570.220569071369
6.0120000000000005,1.5987884922287208,568.5803288984246
6.013,1.5986896993484097,566.943213473808
6.014,1.5985909124390076,565.3091457819212
6.015000000000001,1.598492130356111,563.6780492229061
6.016,1.5983933519544833,562.049847685952
6.017,1.5982945760891165,560.4244656219801
6.018,1.598195801616291,558.8018281156327
6.019,1.5980970273946247,557.1818609565022
6.0200000000000005,1.5979982522861225,555.5644907095299
6.021,1.597899475157215,553.9496447845121
6.022,1.5978006948797931,552.337251504646
6.023,1.5977019103322292,550.7272401740486
6.024,1.597603120400394,549.1195411441928
6.025,1.5975043239786615,547.5140858791892
6.026,1.5974055199708992,545.9108070198637
6.027,1.5973067072914522,544.3096384465593
6.0280000000000005,1.59720788486611,542.7105153406168
6.029,1.5971090516330622,541.1133742444651
6.03,1.5970102065438352,539.5181531202772
6.031,1.5969113485642203,537.9247914071284
6.032,1.5968124766751792,536.333230076612
6.033,1.596713589873736,534.7434116868563
6.034,1.5966146871738502,533.1552804348976
6.035,1.5965157676072728,531.5687822073587
6.0360000000000005,1.5964168302243793,529.9838646293905
6.037,1.5963178740949884,528.4004771118274
6.038,1.5962188983091539,526.8185708965232
6.039,1.5961199019779408,525.2380990998154
6.04,1.596020884234177,523.6590167540921
6.041,1.5959218442331802,522.0812808474119
6.042,1.595822781153468,520.5048503611554
6.043,1.595723694197436,518.929686305663
6.0440000000000005,1.5956245825920192,517.3557517538393
6.045,1.5955254455893246,515.7830118726849
6.046,1.5954262824672394,514.2114339527409
6.047,1.5953270925300134,512.6409874354076
6.048,1.5952278751088143,511.0716439381289
6.049,1.5951286295622602,509.5033772774093
6.05,1.59502935527692,507.9361634896561
6.051,1.594930051667788,506.3699808498221
6.0520000000000005,1.5948307181787351,504.8048098878388
6.053,1.5947313542829253,503.2406334028296
6.054,1.594631959483209,501.67743647508826
6.055,1.594532533312483,500.11520647581926
6.056,1.5944330753340274,498.5539330746343
6.057,1.59433358514181,496.9936082447978
6.058,1.5942340623607607,495.4342262662271
6.059,1.5941345066470196,493.87578372623926
6.0600000000000005,1.5940349176881525,492.31827951805826
6.061,1.5939352952033394,490.7617148370784
6.062,1.5938356389435306,489.2060931748977
6.063,1.593735948691577,487.65142031112634
6.064,1.5936362242623272,486.09770430298835
6.065,1.5935364655026951,484.5449554727213
6.066,1.5934366722917015,482.9931863927988
6.067,1.59333684454048,481.4424118689884
6.0680000000000005,1.5932369821922616,479.8926489212662
6.069,1.5931370852223194,478.3439167626103
6.07,1.5930371536378956,476.7962367756985
6.071,1.5929371874780893,475.2496324875342
6.072,1.5928371868137214,473.7041295420304
6.073,1.592737151747171,472.1597556705781
6.074,1.5926370824121794,470.61654066063755
6.075,1.592536978973628,469.0745163223784
6.0760000000000005,1.5924368416272912,467.53371645340894
6.077,1.5923366705995572,465.9941768016316
6.078,1.5922364661471238,464.4559350262609
6.079,1.5921362285566685,462.9190306570451
6.08,1.5920359581444896,461.383505051739
6.081,1.591935655256123,459.84940135186264
6.082,1.5918353202659339,458.31676443680055
6.083,1.5917349535766832,456.78564087628115
6.0840000000000005,1.5916345556190665,455.25607888129053
6.085,1.591534126851234,453.72812825346574
6.086,1.5914336677582817,452.2018403330244
6.087,1.591333178851724,450.6772679452756
6.088,1.591232660668941,449.15446534577563
6.089,1.591132113772605,447.63348816417135
6.09,1.5910315387500842,446.1143933468035
6.091,1.5909309362128292,444.5972390981094
6.0920000000000005,1.590830306795736,443.08208482089844
6.093,1.5907296511564901,441.56899105555027
6.094,1.5906289699748937,440.0580194182008
6.095,1.5905282639521738,438.54923253797597
6.096,1.5904275338102727,437.0426939933345
6.097,1.5903267802911205,435.5384682475817
6.098,1.5902260041558964,434.03662058362283
6.099,1.5901252061842683,432.5372170380127
6.1000000000000005,1.5900243871736228,431.04032433437067
6.101,1.5899235479382803,429.54600981622673
6.102,1.5898226893086955,428.05434137936163
6.103,1.5897218121306471,426.56538740370917
6.104,1.5896209172644178,425.07921668488416
6.105,1.5895200055839587,423.59589836540624
6.106,1.5894190779760502,422.1155018656855
6.107,1.5893181353394479,420.63809681483104
6.1080000000000005,1.589217178584025,419.163752981361
6.109,1.589116208629905,417.69254020386654
6.11,1.5890152264065869,416.22452832171075
6.111,1.5889142328520685,414.7597871058167
6.112,1.5888132289119585,413.2983861896211
6.113,1.5887122155385915,411.8403950002534
6.114,1.5886111936901357,410.38588269000866
6.115,1.5885101643296964,408.9349180681793
6.1160000000000005,1.5884091284244217,407.4875695333112
6.117,1.5883080869446087,406.0439050059477
6.118,1.5882070408628006,404.6039918619264
6.119,1.5881059911528967,403.16789686629187
6.12,1.588004938789255,401.7356861078857
6.121,1.587903884745801,400.30742493467807
6.122,1.5878028299951394,398.88317788989997
6.123,1.5877017755076692,397.4630086490365
6.1240000000000006,1.5876007222507034,396.0469799577422
6.125,1.5874996711875973,394.63515357073334
6.126,1.5873986232768755,393.22759019171843
6.127,1.5872975794713775,391.82434941442
6.128,1.5871965407174007,390.42548966474385
6.129,1.587095507953858,389.03106814415037
6.13,1.5869944821114412,387.6411407742789
6.131,1.5868934641117993,386.2557621428765
6.132000000000001,1.5867924548667218,384.87498545108485
6.133,1.5866914552773388,383.498862462126
6.134,1.5865904662333294,382.1274434514434
6.135,1.5864894886121457,380.7607771583374
6.136,1.5863885232782473,379.3989107391411
6.1370000000000005,1.5862875710823547,378.04188972197994
6.138,1.5861866328607128,376.68975796315624
6.139,1.5860857094343739,375.3425576051965
6.140000000000001,1.5859848016084912,374.0003290366005
6.141,1.585883910171636,372.66311085332757
6.142,1.585783035895128,371.33093982205594
6.143,1.5856821795323812,370.00385084524396
6.144,1.5855813418182771,368.68187692802974
6.1450000000000005,1.5854805234685434,367.3650491469919
6.146,1.585379725179163,366.0533966208032
6.147,1.5852789476257998,364.7469464828007
6.148,1.5851781914632421,363.445723855495
6.149,1.5850774573248678,362.14975182704075
6.15,1.5849767458221355,360.8590514296902
6.151,1.5848760575440872,359.57364162024237
6.152,1.5847753930568842,358.29353926250855
6.1530000000000005,1.584674752903357,357.0187591118044
6.154,1.5845741376025804,355.74931380148337
6.155,1.5844735476494736,354.4852138315179
6.156,1.584372983514418,353.2264675591396
6.157,1.5842724456429065,351.9730811915406
6.158,1.5841719344552085,350.7250587806442
6.159,1.5840714503460636,349.48240221994115
6.16,1.5839709936843982,348.24511124339836
6.1610000000000005,1.5838705648130655,347.0131834264296
6.162,1.5837701640486113,345.78661418893284
6.163,1.5836697916810638,344.5653968003797
6.164,1.5835694479737485,343.3495223869561
6.165,1.5834691331631263,342.1389799407392
6.166,1.5833688474586576,340.93375633090005
6.167,1.5832685910426942,339.73383631692025
6.168,1.5831683640703882,338.53920256380263
6.1690000000000005,1.5830681666696362,337.3498356592615
6.17,1.5829679989410392,336.16571413287295
6.171,1.5828678609578932,334.9868144771597
6.172,1.5827677527662,333.81311117059397
6.173,1.58266767438471,332.64457670248595
6.174,1.5825676258049786,331.4811815997373
6.175,1.5824676069914594,330.322894455426
6.176,1.5823676178816104,329.16968195919776
6.1770000000000005,1.5822676583860324,328.02150892942433
6.178,1.5821677283886268,326.8783383471041
6.179,1.5820678277467803,325.7401313914619
6.18,1.581967956291568,324.6068474772162
6.181,1.5818681138279875,323.47844429347197
6.182,1.5817683001352076,322.35487784420275
6.183,1.581668514966845,321.2361024902764
6.184,1.5815687580512618,320.12207099298587
6.1850000000000005,1.5814690290918834,319.012734559037
6.186,1.581369327767541,317.90804288695193
6.187,1.5812696537328328,316.80794421483694
6.188,1.5811700066185073,315.71238536947044
6.189,1.5810703860318664,314.6213118166595
6.19,1.5809707915571884,313.53466771281524
6.191,1.580871222756171,312.4523959576963
6.192,1.5807716791683926,311.37443824826664
6.1930000000000005,1.580672160311794,310.300735133615
6.194,1.580572665683176,309.2312260708818
6.195,1.5804731947587158,308.1658494821368
6.196,1.5803737469945,307.10454281215357
6.197,1.5802743218270738,306.04724258701964
6.198,1.580174918674009,304.9938844735326
6.199,1.5800755369344823,303.9444033393127
6.2,1.5799761759898736,302.8987333135848
6.2010000000000005,1.5798768352043742,301.85680784855913
6.202,1.579777513925613,300.8185597813615
6.203,1.5796782114852919,299.7839213964422
6.204,1.5795789271998368,298.752824488413
6.205,1.5794796603710575,297.7252004252407
6.206,1.579380410286821,296.7009802117458
6.207,1.579281176221736,295.6800945533382
6.208,1.5791819574378432,294.6624739199295
6.2090000000000005,1.57908275318532,293.6480486099621
6.21,1.5789835627031914,292.63674881449225
6.211,1.5788843852200471,291.6285046812643
6.212,1.5787852199547703,290.62324637871563
6.213,1.5786860661172681,289.6209041598501
6.214,1.5785869229092122,288.62140842592135
6.215,1.5784877895247817,287.62468978985873
6.216,1.5783886651514125,286.6306791393841
6.2170000000000005,1.5782895489705495,285.63930769974945
6.218,1.578190440158402,284.6505070960455
6.219,1.5780913378867003,283.66420941501224
6.22,1.5779922413234604,282.68034726630106
6.221,1.5778931496337394,281.69885384312465
6.222,1.5777940619804007,280.71966298224066
6.223,1.5776949775248734,279.74270922320846
6.224,1.5775958954279143,278.7679278668697
6.2250000000000005,1.5774968148503647,277.7952550329879
6.226,1.5773977349539081,276.8246277170057
6.227,1.5772986549018237,275.85598384585114
6.228,1.5771995738597353,274.8892623327556
6.229,1.5771004909963586,273.9244031310203
6.23,1.5770014054842392,272.96134728668926
6.231,1.5769023165004905,272.00003699007476
6.232,1.576803223227521,271.0404156260904
6.2330000000000005,1.5767041248537566,270.08242782334275
6.234,1.5766050205743545,269.1260195019381
6.235,1.5765059095919103,268.17113791995877
6.236,1.5764067911171564,267.2177317185682
6.237,1.5763076643696485,266.26575096569974
6.238,1.5762085285784455,265.31514719829477
6.239,1.5761093829827773,264.365873463045
6.24,1.5760102268327016,263.41788435560795
6.2410000000000005,1.5759110593897496,262.4711360582562
6.242,1.5758118799275576,261.5255863759295
6.243,1.5757126877324903,260.5811947706526
6.244,1.5756134821042476,259.6379223942952
6.245,1.5755142623564546,258.69573211963717
6.246,1.5754150278172476,257.75458856971943
6.247,1.575315777829834,256.8144581454467
6.248,1.5752165117530437,255.87530905142503
6.2490000000000006,1.5751172289618633,254.9371113200075
6.25,1.575017928847956,253.99983683353076
6.251,1.5749186108201587,253.0634593447198
6.252,1.574819274304974,252.12795449524828
6.253,1.5747199187470318,251.1932998324354
6.254,1.5746205436095435,250.25947482406923
6.255,1.574521148374733,249.32646087134256
6.256,1.574421732544251,248.39424131989313
6.257000000000001,1.5743222956395713,247.46280146893875
6.258,1.5742228372023654,246.53212857850457
6.259,1.5741233567948645,245.60221187473326
6.26,1.5740238540001943,244.67304255328173
6.261,1.5739243284226938,243.74461378079604
6.2620000000000005,1.5738247796882168,242.81692069447865
6.263,1.5737252074444064,241.88996039973395
6.264,1.573625611360959,240.96373196591412
6.265000000000001,1.573525991129858,240.03823642015962
6.266,1.5734263464655922,239.11347673935097
6.267,1.5733266771053556,238.18945784017708
6.268,1.5732269828092174,237.2661865673371
6.269,1.573127263360284,236.34367167988432
6.2700000000000005,1.5730275185648288,235.42192383573476
6.271,1.5729277482524053,234.50095557435066
6.272,1.5728279522759407,233.58078129762492
6.273,1.5727281305118068,232.6614172489827
6.274,1.5726282828598672,231.74288149072646
6.275,1.572528409243509,230.8251938796452
6.276,1.572428509609648,229.9083760409166
6.277,1.5723285839287173,228.9924513403292
6.2780000000000005,1.5722286321946306,228.0774448548543
6.279,1.5721286544247293,227.16338334159494
6.28,1.5720286506597043,226.2502952051496
6.281,1.5719286209635013,225.33821046341973
6.282,1.571828565423202,224.4271607119001
6.283,1.5717284841488888,223.5171790864841
6.284,1.5716283772734858,222.60830022482696
6.285,1.5715282449525814,221.70056022630177
6.2860000000000005,1.5714280873642326,220.79399661059384
6.287,1.5713279047087458,219.88864827496758
6.288,1.571227697208444,218.98455545025985
6.289,1.57112746510741,218.08175965563166
6.29,1.5710272086712145,217.18030365213585
6.291,1.5709269281866216,216.2802313951373
6.292,1.570826623961282,215.38158798563822
6.293,1.5707262963234039,214.4844196205564
6.2940000000000005,1.5706259456214067,213.58877354200536
6.295,1.570525572223561,212.69469798562733
6.296,1.5704251765176087,211.80224212802813
6.297,1.570324758910367,210.9114560333686
6.298,1.5702243198273198,210.02239059916525
6.299,1.5701238597121883,209.1350975013495
6.3,1.570023379026491,208.2496291386467
6.301,1.5699228782490864,207.36603857632107
6.3020000000000005,1.569822357875705,206.48437948934918
6.303,1.5697218184184607,205.60470610507275
6.304,1.5696212604053572,204.7270731453901
6.305,1.5695206843797758,203.85153576853867
6.306,1.5694200908999523,202.9781495105311
6.307,1.569319480538445,202.10697022629483
6.308,1.569218853881586,201.2380540305796
6.309,1.5691182115289266,200.37145723868423
6.3100000000000005,1.5690175540926683,199.50723630706455
6.311,1.5689168821970887,198.6454477738764
6.312,1.5688161964779541,197.7861481995139
6.313,1.5687154975819257,196.92939410719902
6.314,1.5686147861659558,196.07524192368055
6.315,1.5685140628966792,195.22374792009757
6.316,1.5684133284497952,194.37496815306784
6.317,1.5683125835094427,193.52895840605385
6.3180000000000005,1.5682118287675735,192.68577413106487
6.319,1.568111064923315,191.84547039075113
6.32,1.568010292682331,191.00810180094427
6.321,1.567909512756179,190.17372247369929
6.322,1.5678087258616626,189.34238596089233
6.323,1.5677079327201797,188.5141451984289
6.324,1.5676071340570723,187.68905245111443
6.325,1.5675063306009691,186.8671592582384
6.3260000000000005,1.5674055230831323,186.0485163799285
6.327,1.5673047122367998,185.2331737443178
6.328,1.567203898796528,184.42118039558343
6.329,1.5671030834975372,183.61258444289751
6.33,1.5670022670750554,182.80743301034633
6.331,1.5669014502636665,182.0057721878581
6.332,1.5668006337966558,181.20764698318942
6.333,1.5666998184053662,180.41310127501325
6.3340000000000005,1.5665990048185487,179.6221777671551
6.335,1.5664981937617255,178.83491794401579
6.336,1.566397385956548,178.05136202722565
6.337,1.5662965821201713,177.2715489335703
6.338,1.5661957829646223,176.49551623422394
6.339,1.566094989196184,175.72330011533288
6.34,1.565994201514779,174.95493533997865
6.341,1.5658934206133641,174.19045521156312
6.3420000000000005,1.5657926471773336,173.4298915386443
6.343,1.5656918818839245,172.67327460125614
6.344,1.5655911254016381,171.92063311874244
6.345,1.5654903783896663,171.17199421913585
6.346,1.5653896414973274,170.42738341010778
6.347,1.5652889153635148,169.68682455151432
6.348,1.5651882006161522,168.95033982956647
6.349,1.5650874978716638,168.2179497326428
6.3500000000000005,1.564986807734454,167.48967302876943
6.351,1.5648861307963977,166.76552674478475
6.352,1.564785467636347,166.04552614720922
6.353,1.564684818819644,165.32968472483208
6.354,1.5645841848976536,164.61801417303656
6.355,1.5644835664073065,163.91052437986843
6.356,1.5643829638706543,163.20722341386653
6.357,1.5642823777944423,162.50811751365939
6.3580000000000005,1.5641818086696946,161.81321107933869
6.359,1.5640812569713138,161.12250666561584
6.36,1.5639807231576994,160.43600497676294
6.361,1.5638802076703744,159.75370486334407
6.362,1.5637797109336358,159.0756033207381
6.363,1.5636792333542155,158.4016954894476
6.364,1.5635787753209611,157.73197465719835
6.365,1.5634783372045291,157.06643226281713
6.3660000000000005,1.5633779193570982,156.40505790189118
6.367,1.5632775221120998,155.7478393341912
6.368,1.563177145783961,155.0947624928589
6.369,1.5630767906678718,154.44581149533948
6.37,1.5629764570395637,153.80096865605267
6.371,1.5628761451551094,153.16021450078347
6.372,1.5627758552507387,152.52352778277935
6.373,1.5626755875426734,151.89088550053555
6.3740000000000006,1.5625753422269772,151.26226291724865
6.375,1.5624751194794313,150.6376335819191
6.376,1.562374919455416,150.01696935207715
6.377,1.562274742289822,149.40024041811307
6.378,1.5621745880969728,148.78741532918383
6.379,1.5620744569705702,148.17846102066468
6.38,1.5619743489836517,147.57334284312947
6.381,1.5618742641885732,146.972024592815
6.382000000000001,1.561774202617006,146.3744685435494
6.383,1.5616741642799503,145.78063548010803
6.384,1.5615741491677728,145.1904847329617
6.385,1.5614741572502553,144.60397421438478
6.386,1.5613741884766656,144.0210604558846
6.3870000000000005,1.561274242775847,143.4416986469151
6.388,1.5611743200563204,142.865842674839
6.389,1.5610744202064113,142.29344516608901
6.390000000000001,1.5609745430943842,141.7244575285029
6.391,1.5608746885686084,141.1588299947718
6.392,1.560774856457725,140.59651166697404
6.393,1.5606750465708434,140.0374505621404
6.394,1.5605752586977475,139.4815936588114
6.3950000000000005,1.5604754926091218,138.92888694453586
6.396,1.5603757480567917,138.37927546426917
6.397,1.5602760247739802,137.83270336961886
6.398000000000001,1.560176322475583,137.28911396889117
6.399,1.5600766408584508,136.74844977789007
6.4,1.5599769796017022,136.2106525714164
6.401,1.5598773383670332,135.67566343542074
6.402,1.5597777167990543,135.14342281975442
6.4030000000000005,1.5596781145256375,134.61387059147023
6.404,1.5595785311582753,134.08694608862066
6.405,1.559478966292457,133.562588174498
6.406,1.559379419508057,133.04073529227014
6.407,1.5592798903697334,132.5213255199517
6.408,1.5591803784273421,132.00429662566154
6.409,1.559080883216362,131.48958612311168
6.41,1.5589814042583319,130.97713132727586
6.4110000000000005,1.5588819410612973,130.46686941017896
6.412,1.5587824931202714,129.95873745676136
6.413,1.5586830599177035,129.45267252075465
6.414,1.5585836409239575,128.94861168052535
6.415,1.5584842355978017,128.44649209482247
6.416,1.5583848433869079,127.9462510583854
6.417,1.5582854637283554,127.44782605734937
6.418,1.5581860960491483,126.95115482440437
6.4190000000000005,1.5580867397667375,126.45617539364511
6.42,1.5579873942895508,125.96282615507033
6.421,1.5578880590175275,125.47104590866944
6.422,1.5577887333426663,124.98077391805147
6.423,1.5576894166495692,124.49194996356336
6.424,1.5575901083159989,124.00451439484534
6.425,1.5574908077134366,123.518408182775
6.426,1.5573915142076453,123.03357297075421
6.4270000000000005,1.5572922271592384,122.54995112528168
6.428,1.557192945924249,122.06748578577304
6.429,1.5570936698547053,121.58612091357317
6.43,1.5569943982992036,121.10580134012301
6.431,1.5568951306034893,120.62647281422461
6.432,1.5567958661110348,120.14808204837246
6.433,1.5566966041636174,119.67057676409723
6.434,1.5565973441019045,119.19390573628493
6.4350000000000005,1.556498085266029,118.71801883642964
6.436,1.5563988269961708,118.24286707477738
6.437,1.5562995686331365,117.7684026413223
6.438,1.556200309518934,117.29457894562195
6.439,1.556101048997348,116.82135065538452
6.44,1.5560017864145113,116.34867373380521
6.441,1.5559025211194757,115.87650547560413
6.442,1.555803252464774,115.40480454174559
6.4430000000000005,1.5557039798069847,114.93353099279416
6.444,1.555604702507285,114.46264632088948
6.445,1.5555054199320053,113.9921134802996
6.446,1.5554061314531735,113.52189691653237
6.447,1.5553068364490543,113.05196259397765
6.448,1.5552075343046854,112.58227802205094
6.449,1.555108224412403,112.11281227982097
6.45,1.5550089061723589,111.64353603909669
6.4510000000000005,1.5549095789930363,111.17442158595105
6.452,1.55481024229175,110.70544284066887
6.453,1.5547108954951434,110.23657537609265
6.454,1.554611538039673,109.76779643436076
6.455,1.554512169372086,109.29908494201557
6.456,1.554412788949885,108.83042152347271
6.457,1.554313396241788,108.36178851283944
6.458,1.5542139907281705,107.89316996407506
6.4590000000000005,1.5541145719015035,107.42455165948056
6.46,1.554015139266776,106.95592111651709
6.461,1.5539156923419064,106.48726759294476
6.462,1.5538162306581453,106.0185820902799
6.463,1.5537167537604608,105.5498573555708
6.464,1.5536172612079147,105.08108788148989
6.465,1.5535177525740247,104.612269904746
6.466,1.5534182274471164,104.14340140282121
6.4670000000000005,1.5533186854306549,103.67448208903241
6.468,1.5532191261435686,103.20551340593299
6.469,1.5531195492205594,102.73649851705272
6.47,1.553019954312394,102.26744229699565
6.471,1.5529203410861847,101.79835131989985
6.472,1.5528207092256543,101.32923384627665
6.473,1.5527210584313855,100.86009980824126
6.474,1.5526213884210573,100.39096079315483
6.4750000000000005,1.5525216989296626,99.92183002568873
6.476,1.5524219897097153,99.45272234833934
6.477,1.5523222605314362,98.98365420040469
6.478,1.55222251118293,98.51464359545304
6.479,1.5521227414703387,98.04571009730043
6.48,1.5520229512179864,97.57687479452747
6.481,1.5519231402685043,97.10816027355688
6.482,1.551823308482938,96.63959059032518
6.4830000000000005,1.5517234557408437,96.17119124056978
6.484,1.5516235819403636,95.70298912877047
6.485,1.5515236869982894,95.23501253576828
6.486,1.5514237708501035,94.76729108510301
6.487,1.55132383345001,94.29985570809613
6.488,1.5512238747709475,93.83273860771794
6.489,1.5511238948045825,93.36597322127469
6.49,1.551023893561291,92.89959418195333
6.4910000000000005,1.5509238710701234,92.43363727926038
6.492,1.5508238273787494,91.96813941839842
6.493,1.5507237625533907,91.50313857861438
6.494,1.550623676678738,91.03867377056906
6.495,1.550523569857847,90.57478499276104
6.496,1.5504234422120278,90.11151318705689
6.497,1.5503232938807083,89.64890019336497
6.498,1.55022312502129,89.18698870350174
6.4990000000000006,1.5501229358089845,88.72582221429319
6.5,1.5500227264366364,88.26544497995926
6.501,1.5499224971145311,87.80590196382725
6.502,1.5498222480701855,87.34723878942285
6.503,1.549721979548129,86.88950169098396
6.504,1.5496216918096644,86.43273746344823
6.505,1.5495213851326204,85.97699341196288
6.506,1.5494210598110831,85.52231730096551
6.507000000000001,1.549320716155123,85.06875730288291
6.508,1.5492203544904988,84.61636194650521
6.509,1.5491199751583553,84.16518006507638
6.51,1.549019578514906,83.71526074415857
6.511,1.5489191649311023,83.26665326931628
6.5120000000000005,1.5488187347922904,82.81940707367534
6.513,1.5487182884978588,82.37357168540144
6.514,1.5486178264608708,81.92919667515744
6.515000000000001,1.5485173491076885,81.48633160357994
6.516,1.5484168568775836,81.04502596883623
6.517,1.5483163502223383,80.6053291543015
6.518,1.548215829605838,80.16729037641869
6.519,1.5481152955036492,79.7309586327794
6.5200000000000005,1.5480147484025957,79.29638265048321
6.521,1.5479141888003145,78.86361083482117
6.522,1.5478136172048156,78.43269121833745
6.523000000000001,1.547713034134022,78.0036714103092
6.524,1.5476124401153115,77.5765985467042
6.525,1.5475118356850426,77.15151924065265
6.526,1.5474112213880793,76.72847953348933
6.527,1.5473105977773063,76.30752484640846
6.5280000000000005,1.5472099654131368,75.88869993277649
6.529,1.5471093248630177,75.4720488311504
6.53,1.5470086767009297,75.05761481904727
6.531,1.5469080215068758,74.64544036750247
6.532,1.5468073598663734,74.23556709646877
6.533,1.5467066923699366,73.82803573108858
6.534,1.54660601961256,73.42288605889084
6.535,1.546505342193191,73.02015688794302
6.5360000000000005,1.5464046607142106,72.61988600600358
6.537,1.5463039757809007,72.2221101407133
6.538,1.5462032880009173,71.82686492085989
6.539,1.5461025979837597,71.4341848387516
6.54,1.5460019063402377,71.04410321374094
6.541,1.5459012136819374,70.65665215692383
6.542,1.545800520620694,70.27186253705452
6.543,1.5456998277680538,69.88976394770309
6.5440000000000005,1.5455991357347476,69.51038467568762
6.545,1.545498445130157,69.13375167081095
6.546,1.5453977565617896,68.75989051692824
6.547,1.5452970706347513,68.38882540437201
6.548,1.5451963879512225,68.02057910376057
6.549,1.5450957091099398,67.65517294121322
6.55,1.544995034705678,67.29262677499574
6.551,1.5448943653287373,66.93295897361442
6.5520000000000005,1.5447937015644346,66.57618639538134
6.553,1.5446930439926028,66.22232436946557
6.554,1.5445923931870897,65.87138667845299
6.555,1.5444917497152657,65.5233855424211
6.556,1.5443911141375397,65.17833160455154
6.557,1.5442904870068757,64.83623391828588
6.558,1.5441898688683235,64.49709993603994
6.559,1.5440892602585499,64.16093549948255
6.5600000000000005,1.543988661705383,63.82774483138817
6.561,1.5438880737273606,63.4975305290711
6.562,1.5437874968332885,63.17029355940145
6.563,1.5436869315218105,62.84603325541028
6.564,1.5435863782809816,62.52474731448423
6.565,1.543485837587856,62.206431798148365
6.566,1.5433853099080812,61.89108113343851
6.567,1.5432847956955071,61.57868811585516
6.5680000000000005,1.5431842953917996,61.269243913902955
6.569,1.543083809426069,60.962738075198516
6.57,1.5429833382145097,60.659158534150464
6.571,1.5428828821600493,60.35849162119266
6.572,1.5427824416520104,60.06072207356855
6.573,1.5426820170657831,59.76583304764702
6.574,1.5425816087625155,59.473806132763016
6.575,1.5424812170888076,59.18462136656334
6.5760000000000005,1.5423808423764243,58.89825725184316
6.577,1.5422804849420206,58.614690774854616
6.578,1.54218014508688,58.333897425070674
6.579,1.542079823096662,58.05585121637941
6.58,1.5419795192411718,57.780524709691456
6.581,1.5418792337741354,57.50788903693285
6.582,1.541778966932994,57.2379139264037
6.583,1.541678718938709,56.97056772947161
6.5840000000000005,1.5415784899955867,56.70581744857709
6.585,1.5414782802911102,56.44362876651878
6.586,1.5413780899957916,56.18396607699368
6.587,1.5412779192630375,55.92679251635582
6.588,1.5411777682290273,55.67206999656663
6.589,1.5410776370126094,55.419759239301314
6.59,1.5409775257152094,55.16981981117722
6.591,1.5408774344207565,54.9222101600702
6.5920000000000005,1.5407773631956228,54.67688765248214
6.593,1.5406773120885786,54.43380861192265
6.594,1.5405772811307616,54.19292835826636
6.595,1.5404772703356637,53.95420124804887
6.596,1.5403772796991309,53.71758071565789
6.597,1.5402773091993802,53.48301931538226
6.598,1.5401773587970284,53.250468764277485
6.599,1.5400774284351406,53.01987998580175
6.6000000000000005,1.5399775180392907,52.79120315418455
6.601,1.5398776275176362,52.56438773947948
6.602,1.5397777567610107,52.339382553264414
6.603,1.5396779056430303,52.11613579493319
6.604,1.539578074020213,51.8945950985453
6.605,1.5394782617321157,51.67470758017942
6.606,1.5393784686014815,51.456419885749476
6.607,1.539278694434407,51.239678239233236
6.6080000000000005,1.5391789390205184,51.024428491269894
6.609,1.5390792021331658,50.81061616807643
6.61,1.5389794835296287,50.598186520636915
6.611,1.538879782951334,50.38708457411689
6.612,1.5387801001240966,50.17725517745509
6.613,1.538680434758357,49.96864305308199
6.614,1.5385807865494487,49.76119284672239
6.615,1.5384811551778677,49.55484917722952
6.6160000000000005,1.5383815403095578,49.34955668640236
6.617,1.5382819415962108,49.14526008874153
6.618,1.538182358675574,48.941904221095015
6.619,1.5380827911717745,48.73943409214076
6.62,1.53798323869565,48.53779493166846
6.621,1.537883700845094,48.33693223960146
6.622,1.5377841772054148,48.136791834724356
6.623,1.5376846673496962,47.937319903057066
6.6240000000000006,1.537585170839178,47.73846304583886
6.625,1.5374856872236422,47.54016832707225
6.626,1.5373862160418081,47.34238332058098
6.627,1.5372867568217394,47.14505615653796
6.628,1.5371873090812558,46.948135567419975
6.629,1.5370878723283619,46.75157093334423
6.63,1.5369884460616725,46.55531232674276
6.631,1.5368890297708566,46.35931055633494
6.632000000000001,1.5367896229370819,46.163517210353056
6.633,1.5366902250334689,45.967884698983205
6.634,1.5365908355255553,45.772366295979985
6.635,1.5364914538717567,45.57691617941332
6.636,1.5363920795238462,45.38148947151567
6.6370000000000005,1.5362927119274294,45.18604227758254
6.638,1.5361933505224288,44.990531723898954
6.639,1.5360939947435723,44.794915994650225
6.640000000000001,1.5359946440208887,44.5991543677856
6.641,1.5358952977801987,44.40320724979863
6.642,1.535795955443621,44.20703620939476
6.643,1.5356966164300723,44.010604010012734
6.644,1.5355972801557733,43.813874641170266
6.6450000000000005,1.5354979460347566,43.61681334860294
6.646,1.5353986134793791,43.419386663174414
6.647,1.5352992819008278,43.22156242852297
6.648000000000001,1.5351999507096363,43.02330982742616
6.649,1.5351006193161951,42.824599406853295
6.65,1.535001287131264,42.625403101690196
6.651,1.534901953566483,42.4256942571064
6.652,1.534802618034886,42.22544764955137
6.6530000000000005,1.534703279951406,42.02463950635641
6.654,1.5346039387333874,41.823247523927606
6.655,1.5345045938010884,41.62125088451165
6.656000000000001,1.534405244578186,41.41863027152062
6.657,1.5343058904922744,41.21536788340319
6.658,1.5342065309753625,41.01144744604764
6.659,1.534107165464365,40.80685422370924
6.66,1.5340077934015943,40.60157502845255
6.6610000000000005,1.5339084142352382,40.39559822809577
6.662,1.5338090274198435,40.18891375266102
6.663,1.5337096324167856,39.981513099314725
6.664,1.5336102286947373,39.773389335803444
6.665,1.5335108157301274,39.56453710237738
6.666,1.533411393007596,39.35495261220574
6.667,1.5333119600204403,39.14463365028061
6.668,1.5332125162710533,38.93357957081649
6.6690000000000005,1.5331130612713555,38.7217912931449
6.67,1.533013594543217,38.5092712961134
6.671,1.5329141156188744,38.29602361099227
6.672,1.532814624041331,38.08205381290136
6.673,1.5327151193647581,37.86736901076053
6.674,1.532615601154878,37.651977835784166
6.675,1.532516068989341,37.43589042852092
6.676,1.5324165224580926,37.21911842446219
6.6770000000000005,1.5323169611637262,37.00167493822954
6.678,1.5322173847218308,36.783574546357954
6.679,1.5321177927613212,36.56483326869646
6.68,1.5320181849247614,36.34546854843881
6.681,1.5319185608686743,36.12549923081173
6.682,1.5318189202638393,35.90494554043947
6.683,1.5317192627955774,35.68382905740419
6.684,1.5316195881640244,35.46217269203537
6.6850000000000005,1.5315198960843928,35.24000065844375
6.686,1.5314201862872148,35.01733844683406
6.687,1.5313204585185818,34.79421279462068
6.688,1.5312207125403605,34.57065165637472
6.689,1.5311209481304002,34.346684172636856
6.69,1.5310211650827295,34.122340637621065
6.691,1.530921363207732,33.89765246584656
6.692,1.5308215423323115,33.67265215772843
6.6930000000000005,1.5307217023000441,33.447373264160944
6.694,1.5306218429713145,33.22185035013112
6.695,1.5305219642234378,32.996118957395325
6.696,1.530422065950765,32.770215566258216
6.697,1.5303221480647782,32.544177556489515
6.698,1.5302222104941674,32.31804316742148
6.699,1.530122253184892,32.09185145725786
6.7,1.5300222761002304,31.865642261646514
6.7010000000000005,1.5299222792208136,31.63945615154256
6.702,1.5298222625446405,31.413334390415663
6.703,1.5297222260870829,31.187318890834717
6.704,1.529622169880875,30.96145217047662
6.705,1.5295220939760819,30.73577730760112
6.706,1.5294219984400617,30.510337896035463
6.707,1.5293218833574072,30.285177999709838
6.708,1.5292217488298736,30.06034210679514
6.7090000000000005,1.5291215949762917,29.83587508347597
6.71,1.529021421932466,29.611822127418364
6.711,1.528921229851061,29.388228720962715
6.712,1.5288210189014673,29.165140584098936
6.713,1.5287207892696568,28.94260362726173
6.714,1.5286205411580247,28.720663903997433
6.715,1.5285202747852136,28.499367563540684
6.716,1.528419990385927,28.278760803357716
6.7170000000000005,1.5283196882107253,28.058889821689572
6.718,1.5282193685258119,27.839800770150326
6.719,1.5281190316128028,27.62153970642389
6.72,1.528018677768483,27.40415254709866
6.721,1.5279183073045537,27.187685020697124
6.722,1.5278179205473585,26.972182620933175
6.723,1.5277175178376052,26.757690560250538
6.724,1.5276170995300706,26.544253723684623
6.7250000000000005,1.5275166659932935,26.33191662308763
6.726,1.527416217609256,26.120723351769072
6.727,1.527315754773054,25.910717539587147
6.728,1.5272152778925534,25.70194230853758
6.729,1.5271147873880406,25.494440228882638
6.73,1.5270142836918557,25.28825327586175
6.731,1.5269137672480175,25.08342278702135
6.732,1.5268132385118416,24.879989420211974
6.7330000000000005,1.5267126979495438,24.677993112284433
6.734,1.526612146037837,24.477473038530807
6.735,1.526511583263515,24.27846757290231
6.736,1.526411010123034,24.08101424904958
6.737,1.5263104271220789,23.885149722213193
6.738,1.5262098347751252,23.69090973200943
6.739,1.5261092336049915,23.498329066137686
6.74,1.5260086241423854,23.30744152505142
6.7410000000000005,1.5259080069254434,23.118279887619533
6.742,1.5258073824992595,22.930875877814675
6.743,1.5257067514154146,22.74526013245856
6.744,1.5256061142314947,22.56146217005147
6.745,1.525505471510605,22.37951036072065
6.746,1.5254048238208795,22.199431897310692
6.747,1.5253041717349873,22.021252767643787
6.748,1.5252035158296313,21.84499772797838
6.7490000000000006,1.525102856685046,21.670690277687306
6.75,1.5250021948844918,21.498352635179472
6.751,1.5249015310137446,21.328005715089255
6.752,1.5248008656605847,21.159669106750435
6.753,1.5247001994142833,20.993361053979882
6.754,1.5245995328650865,20.8290984361843
6.755,1.5244988666037005,20.6668967508081
6.756,1.524398201220773,20.506770097141377
6.757000000000001,1.5242975373063767,20.348731161497334
6.758,1.5241968754494928,20.192791203777638
6.759,1.5240962162374925,20.038960045431182
6.76,1.5239955602556259,19.887246058823546
6.761,1.5238949080865039,19.73765615801954
6.7620000000000005,1.5237942603095895,19.590195790992645
6.763,1.523693617500687,19.44486893326065
6.764,1.5235929802314383,19.30167808296096
6.765000000000001,1.523492349068815,19.1606242573591
6.766,1.5233917245746262,19.021706990802045
6.767,1.5232911073050168,18.884924334110185
6.768,1.5231904978099808,18.75027285541047
6.769,1.5230898966328756,18.617747642407753
6.7700000000000005,1.522989304309942,18.487342306091513
6.771,1.52288872136983,18.35904898587192
6.772,1.5227881483331316,18.232858356141197
6.773000000000001,1.5226875857119193,18.108759634246603
6.774,1.5225870340092955,17.986740589879833
6.775,1.5224864937189402,17.866787555852554
6.776,1.522385965324679,17.74888544026537
6.777,1.5222854493000502,17.63301774004553
6.7780000000000005,1.5221849461078827,17.519166555844258
6.779,1.5220844561998867,17.40731260827471
6.78,1.521983980016249,17.297435255478774
6.781000000000001,1.5218835179852392,17.189512511998398
6.782,1.52178307052283,17.083521068937237
6.783,1.5216826380323214,16.979436315389314
6.784,1.5215822209039804,16.87723236111374
6.785,1.5214818195146926,16.776882060431486
6.7860000000000005,1.521381434227619,16.67835703732372
6.787,1.5212810653918731,16.58162771170045
6.788,1.5211807133422015,16.48666332681838
6.789,1.521080378398686,16.393431977818175
6.79,1.5209800608664468,16.30190064135372
6.791,1.5208797610353715,16.212035206281307
6.792,1.5207794791798461,16.123800505381908
6.793,1.5206792155585063,16.037160348082732
6.7940000000000005,1.5205789704139994,15.952077554146321
6.795,1.520478743972761,15.868513988292193
6.796,1.520378536444804,15.786430595721153
6.797,1.520278348023525,15.705787438501638
6.798,1.5201781788855215,15.626543732786622
6.799,1.5200780291904274,15.548657886821992
6.8,1.5199778990807586,15.472087539711723
6.801,1.5198777886817787,15.396789600896177
6.8020000000000005,1.5197776981013744,15.322720290313793
6.803,1.5196776274299515,15.249835179197134
6.804,1.5195775767403399,15.178089231471088
6.805,1.5194775460877201,15.107436845707639
6.806,1.5193775355095613,15.037831897600043
6.807,1.5192775450255742,14.96922778291215
6.808,1.5191775746376852,14.901577460861702
6.809,1.5190776243300168,14.834833497897478
6.8100000000000005,1.5189776940688917,14.768948111824962
6.811,1.51887778380285,14.703873216237923
6.812,1.5187778934626799,14.639560465216952
6.813,1.518678022961466,14.57596129824335
6.814,1.5185781721946536,14.51302698529486
6.815,1.5184783410401264,14.450708672070842
6.816,1.5183785293583023,14.388957425308895
6.817,1.518278736992243,14.327724278146402
6.8180000000000005,1.5181789637677776,14.266960275484713
6.819,1.518079209493645,14.206616519308788
6.82,1.517979473961648,14.146644213925878
6.821,1.5178797569468252,14.086994711070322
6.822,1.517780058207635,14.027619554838289
6.823,1.5176803774861567,13.968470526406964
6.824,1.517580714508305,13.909499688493497
6.825,1.5174810689840574,13.850659429513236
6.8260000000000005,1.5173814406077009,13.791902507395854
6.827,1.5172818290580854,13.733182093011354
6.828,1.5171822339988985,13.674451813175036
6.829,1.517082655078946,13.615665793178092
6.83,1.5169830919324552,13.556778698812487
6.831,1.51688354417938,13.497745777845786
6.832,1.5167840114257294,13.43852290090754
6.833,1.5166844932639028,13.379066601747297
6.8340000000000005,1.516584989273037,13.319334116826607
6.835,1.5164854990193695,13.259283424208604
6.836,1.5163860220566092,13.198873281705886
6.837,1.5162865579263223,13.138063264250256
6.838,1.5161871061583239,13.076813800454609
6.839,1.5160876662710872,13.015086208321627
6.84,1.5159882377721587,12.952842730078821
6.841,1.5158888201585818,12.890046566093712
6.8420000000000005,1.5157894129173357,12.826661907848834
6.843,1.5156900155257795,12.76265396993615
6.844,1.5155906274521045,12.697989021047892
6.845,1.5154912481558007,12.63263441393001
6.846,1.5153918770881232,12.566558614272086
6.847,1.5152925136925726,12.49973122850755
6.848,1.515193157405381,12.432123030496019
6.849,1.5150938076560045,12.36370598706483
6.8500000000000005,1.5149944638676214,12.294453282385408
6.851,1.514895125457639,12.224339341161464
6.852,1.5147957918382042,12.153339850608443
6.853,1.5146964624167165,12.081431781202472
6.854,1.5145971365963542,12.008593406181959
6.855,1.5144978137765945,11.934804319783204
6.856,1.5143984933537458,11.860045454191184
6.857,1.514299174721477,11.784299095194012
6.8580000000000005,1.5141998572713555,11.707548896525186
6.859,1.5141005403933827,11.629779892877846
6.86,1.5140012234765352,11.550978511587363
6.861,1.513901905909304,11.471132582962436
6.862,1.5138025870802385,11.390231349263107
6.863,1.5137032663784882,11.308265472315085
6.864,1.5136039431943447,11.22522703975331
6.865,1.513504616919786,11.141109569893267
6.8660000000000005,1.5134052869490162,11.055908015222258
6.867,1.5133059526790058,10.9696187645097
6.868,1.5132066135100313,10.882239643539464
6.869,1.513107268846209,10.793769914456792
6.87,1.5130079180960312,10.70421027373899
6.871,1.5129085606728914,10.613562848789627
6.872,1.5128091959956147,10.521831193158441
6.873,1.5127098234889798,10.429020280397985
6.8740000000000006,1.5126104425842328,10.335136496558945
6.875,1.512511052719602,10.24018763133595
6.876,1.5124116533408047,10.14418286787081
6.877,1.512312243901546,10.047132771225467
6.878,1.5122128238640147,9.949049275538204
6.879,1.5121133926993697,9.849945669871598
6.88,1.5120139498882192,9.74983658277323
6.881,1.511914494921094,9.64873796556109
6.882000000000001,1.5118150272989097,9.546667074350466
6.883,1.511715546533423,9.44364245084341
6.884,1.5116160521476778,9.339683901897413
6.885,1.511516543676442,9.234812477896014
6.886,1.5114170206666309,9.12905044994185
6.8870000000000005,1.5113174826777298,9.022421285894925
6.888,1.511217929282195,8.914949625281697
6.889,1.5111183600658493,8.806661253097577
6.890000000000001,1.5110187746282673,8.697583072532197
6.891,1.5109191725831455,8.58774307663981
6.892,1.5108195535586633,8.477170318989355
6.893,1.5107199171978278,8.365894883315978
6.894,1.510620263158812,8.253947852210413
6.8950000000000005,1.5105205911152726,8.14136127487346
6.896,1.5104209007566605,8.028168133967995
6.897,1.5103211917885142,7.914402311602302
6.898000000000001,1.510221463932741,7.800098554476783
6.899,1.5101217169278827,7.685292438228313
6.9,1.5100219505293677,7.570020331010575
6.901,1.5099221645097496,7.454319356337635
6.902,1.509822358658926,7.338227355240068
6.9030000000000005,1.5097225327843509,7.2217828477558506
6.904,1.509622686711221,7.105024993808293
6.905,1.509522820282657,6.987993553494675
6.906000000000001,1.5094229333598599,6.870728846838077
6.907,1.5093230258222583,6.753271713030738
6.908,1.509223097567638,6.635663469215423
6.909,1.5091231485122503,6.517945868841217
6.91,1.5090231785909136,6.400161059635153
6.9110000000000005,1.5089231877570888,6.2823515412333855
6.912,1.5088231759829454,6.164560122505499
6.913,1.508723143259407,6.046829878623161
6.914,1.5086230895961823,5.929204107907356
6.915,1.5085230150217772,5.811726288496807
6.916,1.5084229195834928,5.694440034885211
6.917,1.5083228033474056,5.577389054359411
6.918,1.5082226663983294,5.4606171033920035
6.9190000000000005,1.5081225088397618,5.34416794402032
6.92,1.508022330793816,5.22808530025954
6.921,1.5079221324011318,5.112412814590606
6.922,1.5078219138207722,4.99719400456539
6.923,1.507721675230105,4.882472219568079
6.924,1.5076214168246633,4.7682905977790675
6.925,1.507521138817995,4.654692023377386
6.926,1.5074208414414931,4.541719084027708
6.9270000000000005,1.5073205249442083,4.429414028688132
6.928,1.5072201895926503,4.317818725783791
6.929,1.5071198356705677,4.206974621780745
6.93,1.507019463478719,4.096922700207259
6.931,1.5069190733346183,3.9877034411519787
6.932,1.5068186655722768,3.8793567812879033
6.933,1.506718240541921,3.7719220744529594
6.934,1.5066177986096998,3.6654380528261292
6.9350000000000005,1.5065173401573755,3.5599427887402477
6.936,1.506416865582002,3.45547365716207
6.937,1.5063163752955873,3.352067298878257
6.938,1.506215869724742,3.249759584423508
6.939,1.5061153493103165,3.14858557878134
6.94,1.5060148145070225,3.048579506894324
6.941,1.5059142657830424,2.949774720014439
6.942,1.5058137036196262,2.8522036629264242
6.9430000000000005,1.5057131285106775,2.7558978420750115
6.944,1.5056125409623244,2.6608877946236404
6.945,1.5055119414924818,2.567203058479656
6.946,1.5054113306304013,2.4748721433064595
6.947,1.5053107089162103,2.383922502556075
6.948,1.5052100769004408,2.294380506545913
6.949,1.5051094351435481,2.2062714166027817
6.95,1.5050087842154216,2.119619360304963
6.9510000000000005,1.5049081246948823,2.034447307835105
6.952,1.504807457169176,1.9507770494769119
6.953,1.5047067822334568,1.8686291742676246
6.954,1.504606100490261,1.7880230498328373
6.955,1.5045054125489763,1.708976803414771
6.956,1.5044047190253016,1.6315073041213033
6.957,1.5043040205407028,1.5556301464013202
6.958,1.5042033177218603,1.4813596347681859
6.9590000000000005,1.5041026112001137,1.40870876978574
6.96,1.5040019016108983,1.3376892353225607
6.961,1.5039011895931793,1.2683113870945206
6.962,1.5038004757888825,1.2005842424985609
6.963,1.5036997608423188,1.134515471751257
6.964,1.503599045399608,1.070111390338674
6.965,1.5034983301081004,1.0073769527794418
6.966,1.5033976156157944,0.9463157477149018
6.9670000000000005,1.5032969025707545,0.8869299943219673
6.968,1.503196191620527,0.8292205400544255
6.969,1.503095483411557,0.7731868597145741
6.97,1.5029947785886035,0.7188270558546215
6.971,1.5028940777941573,0.6661378605039303
6.972,1.5027933816678574,0.6151146382253749
6.973,1.502692690845912,0.5657513904897016
6.974,1.5025920059605196,0.5180407613677325
6.9750000000000005,1.5024913276392944,0.47197404453390845
6.976,1.5023906565046927,0.42754119156840176
6.977,1.5022899931734461,0.38473082155636007
6.978,1.5021893382559965,0.3435302319687388
6.979,1.5020886923559373,0.303925410813374
6.98,1.501988056069458,0.26590105004798303
6.981,1.501887429984799,0.2294405602351155
6.982,1.5017868146817073,0.19452608643116776
6.9830000000000005,1.5016862107309017,0.16113852528575734
6.984,1.5015856186935466,0.12925754333940986
6.985,1.5014850391207308,0.09886159649917658
6.986,1.5013844725529566,0.06992795067396784
6.987,1.501283919519637,0.04243270354475115
6.988,1.5011833805386012,0.016350807453992644
6.989,1.5010828561156115,-0.008343906613589525
6.99,1.5009823467438905,-0.03167870398085526
6.9910000000000005,1.5008818529036554,-0.05368192018343265
6.992,1.5007813750616668,-0.07438293385571626
6.993,1.50068091367079,-0.09381213862837967
6.994,1.5005804691695632,-0.1120009140562388
6.995,1.5004800419817828,-0.12898159561799716
6.996,1.5003796325160972,-0.14478744380510022
6.997,1.5002792411656185,-0.15945261233886043
6.998,1.5001788683075432,-0.17301211554110907
6.9990000000000006,1.5000785143027895,-0.1855017948958988
7.0,1.4999781794956466,-0.19695828482978683
7.001,1.4998778642134405,-0.20741897774914264
7.002,1.4997775687662125,-0.21692198836346321
7.003,1.4996772934464146,-0.22550611733555215
7.004,1.4995770385286198,-0.2332108142876841
7.005,1.499476804269248,-0.24007614020665358
7.006,1.4993765909063075,-0.24614272927767544
7.007000000000001,1.4992763986591517,-0.2514517501893003
7.008,1.4991762277282572,-0.2560448669459632
7.009,1.499076078295011,-0.25996419922304526
7.01,1.4989759505215199,-0.2632522823070147
7.011,1.498875844550439,-0.26595202665970774
7.0120000000000005,1.4987757605048075,-0.2681066771405547
7.013,1.4986756984879166,-0.2697597719340692
7.014,1.4985756585831802,-0.27095510121527155
7.015000000000001,1.4984756408540356,-0.27173666559857423
7.016,1.498375645343854,-0.2721486344062143
7.017,1.4982756720758728,-0.2722353038012173
7.018,1.4981757210531443,-0.27204105481694185
7.019,1.498075792258506,-0.2716103113376711
7.0200000000000005,1.497975885654563,-0.2709874980538274
7.021,1.4978760011836947,-0.2702169984472249
7.022,1.4977761387680768,-0.26934311283837786
7.023000000000001,1.4976762983097212,-0.2684100165372776
7.024,1.497576479690537,-0.26746171814223985
7.025,1.4974766827724066,-0.2665420180214042
7.026,1.4973769073972827,-0.26569446701965305
7.027,1.4972771533873006,-0.26496232543178166
7.0280000000000005,1.4971774205449124,-0.26438852227671106
7.029,1.4970777086530367,-0.2640156149200408
7.03,1.496978017475224,-0.2638857490713704
7.031000000000001,1.4968783467558482,-0.26404061920823096
7.032,1.4967786962203058,-0.26452142945444734
7.033,1.496679065575237,-0.2653688549559732
7.034,1.4965794545087685,-0.2666230037860302
7.035,1.4964798626907654,-0.2683233794236699
7.0360000000000005,1.496380289773104,-0.2705088438322498
7.037,1.4962807353899656,-0.2732175811810009
7.038,1.496181199158137,-0.2764870622391129
7.039000000000001,1.4960816806773363,-0.2803540094788666
7.04,1.49598217953055,-0.2848543629191589
7.041,1.495882695284388,-0.29002324674492996
7.042,1.4957832274894536,-0.29589493672895273
7.043,1.4956837756807253,-0.30250282849305776
7.0440000000000005,1.4955843393779604,-0.3098794066342343
7.045,1.4954849180861058,-0.3180562147463206
7.046,1.4953855112957288,-0.32706382636617093
7.047,1.495286118483457,-0.33693181687091567
7.048,1.4951867391124336,-0.3476887363532022
7.049,1.4950873726327873,-0.3593620835004394
7.05,1.4949880184821136,-0.3719782804993841
7.051,1.494888676085964,-0.3855626489966184
7.0520000000000005,1.494789344858356,-0.4001393871274175
7.053,1.4946900242022876,-0.4157315476452901
7.054,1.494590713510261,-0.43236101716388475
7.055,1.4944914121648263,-0.45004849653461676
7.056,1.4943921195391239,-0.46881348237864273
7.057,1.4942928349974425,-0.4886742497879659
7.058,1.4941935578957888,-0.5096478362120038
7.059,1.4940942875824557,-0.5317500265488917
7.0600000000000005,1.4939950233986097,-0.5549953394456111
7.061,1.493895764678878,-0.5793970148314358
7.062,1.4937965107519482,-0.6049670026834768
7.063,1.4936972609411665,-0.6317159530452869
7.064,1.493598014565153,-0.6596532073010479
7.065,1.4934987709384098,-0.6887867907134968
7.066,1.4933995293719462,-0.7191234062335887
7.067,1.4933002891738971,-0.7506684295879715
7.0680000000000005,1.4932010496501535,-0.78342590564462
7.069,1.49310181010499,-0.817398546061284
7.07,1.4930025698416993,-0.8525877282210388
7.071,1.492903328163227,-0.8889934954487906
7.072,1.4928040843728057,-0.9266145585150021
7.073,1.4927048377745933,-0.9654482984171651
7.074,1.4926055876743107,-1.005490770441618
7.075,1.4925063333798765,-1.0467367094982514
7.0760000000000005,1.4924070742020437,-1.0891795367210904
7.077,1.4923078094550357,-1.1328113673297793
7.078,1.4922085384571753,-1.1776230197426862
7.079,1.4921092605315158,-1.2236040259327474
7.08,1.4920099750064675,-1.2707426430131434
7.081,1.49191068121642,-1.319025866043816
7.082,1.4918113785023601,-1.3684394420424866
7.083,1.4917120662124836,-1.4189678851916732
7.0840000000000005,1.4916127437028048,-1.4705944932159198
7.085,1.491513410337757,-1.5233013649265672
7.086,1.4914140654907857,-1.5770694189028376
7.087,1.491314708544939,-1.6318784133008961
7.088,1.491215338893445,-1.687706966764278
7.089,1.4911159559402833,-1.744532580419765
7.09,1.49101655910075,-1.8023316609324738
7.091,1.4909171478020067,-1.8610795446009547
7.0920000000000005,1.490817721483627,-1.9207505224660046
7.093,1.4907182795981277,-1.9813178664100306
7.094,1.4906188216114928,-2.042753856220042
7.095,1.4905193470036806,-2.1050298075878153
7.096,1.4904198552691232,-2.1681161010195034
7.097,1.490320345917217,-2.2319822116286723
7.098,1.4902208184727888,-2.296596739778348
7.099,1.4901212724765607,-2.3619274425487866
7.1000000000000005,1.4900217074855955,-2.4279412659925086
7.101,1.4899221230737278,-2.4946043781526868
7.102,1.4898225188319811,-2.561882202806352
7.103,1.4897228943689718,-2.629739453904328
7.104,1.4896232493112955,-2.6981401706698733
7.105,1.4895235833038971,-2.7670477533256133
7.106,1.489423896010427,-2.8364249994112214
7.107,1.4893241871135792,-2.9062341406580217
7.1080000000000005,1.489224456315413,-2.9764368803854495
7.109,1.4891247033376571,-3.046994431379062
7.11,1.4890249279219971,-3.1178675542187726
7.111,1.4889251298303439,-3.189016596015783
7.112,1.4888253088450862,-3.260401529522184
7.113,1.4887254647693207,-3.3319819925781964
7.114,1.4886255974270683,-3.403717327850323
7.115,1.4885257066634687,-3.4755666228344317
7.1160000000000005,1.4884257923449575,-3.5474887500726524
7.117,1.4883258543594218,-3.619442407554523
7.118,1.488225892616338,-3.6913861592575827
7.119,1.488125907046892,-3.7632784757912283
7.12,1.4880258976040748,-3.835077775104942
7.121,1.4879258642627624,-3.906742463217231
7.122,1.4878258070197754,-3.9782309749321563
7.123,1.4877257258939145,-4.0495018145011805
7.1240000000000006,1.4876256209259824,-4.120513596188612
7.125,1.487525492178779,-4.191225084708734
7.126,1.487425339737083,-4.26159523548624
7.127,1.4873251637076048,-4.3315832347109975
7.128,1.4872249642189301,-4.401148539141786
7.129,1.487124741421432,-4.470250915622874
7.13,1.487024495487171,-4.538850480276643
7.131,1.486924226609772,-4.606907737333941
7.132000000000001,1.48682393500428,-4.674383617563805
7.133,1.4867236209070005,-4.74123951626833
7.134,1.486623284575312,-4.807437330802589
7.135,1.4865229262874686,-4.872939497589325
7.136,1.4864225463423746,-4.937709028585839
7.1370000000000005,1.4863221450593445,-5.001709547175636
7.138,1.4862217227778445,-5.0649053234439165
7.139,1.4861212798572088,-5.127261308809295
7.140000000000001,1.4860208166763442,-5.188743169974835
7.141,1.4859203336334157,-5.249317322165762
7.142,1.4858198311455058,-5.308950961625854
7.143,1.4857193096482657,-5.367612097339034
7.144,1.4856187695955436,-5.425269581945386
7.1450000000000005,1.4855182114589967,-5.4818931418244965
7.146,1.4854176357276854,-5.537453406315134
7.147,1.485317042907653,-5.591921936048884
7.148000000000001,1.4852164335214848,-5.645271250359748
7.149,1.4851158081078566,-5.697474853760106
7.15,1.4850151672210627,-5.748507261442466
7.151,1.484914511430533,-5.798344023791898
7.152,1.4848138413203311,-5.84696174988558
7.1530000000000005,1.4847131574886412,-5.894338129952949
7.154,1.4846124605472393,-5.940451956779562
7.155,1.4845117511209527,-5.985283146034245
7.156000000000001,1.4844110298471032,-6.028812755497565
7.157,1.4843102973749425,-6.0710230031781265
7.158,1.4842095543650726,-6.111897284295921
7.159,1.4841088014888542,-6.15142018711887
7.16,1.4840080394278048,-6.189577507638035
7.1610000000000005,1.483907268872989,-6.226356263069956
7.162,1.4838064905243955,-6.261744704166862
7.163,1.4837057050903053,-6.2957323263330025
7.164000000000001,1.4836049132866522,-6.328309879529662
7.165,1.4835041158363746,-6.359469376963531
7.166,1.4834033134687612,-6.3892041025512505
7.167,1.4833025069187857,-6.417508617149661
7.168,1.4832016969264405,-6.4443787635520415
7.1690000000000005,1.4831008842360582,-6.469811670241725
7.17,1.4830000695956358,-6.4938057539022545
7.171,1.482899253756146,-6.5163607206824565
7.172,1.4827984374708514,-6.537477566213688
7.173,1.4826976214946093,-6.557158574385554
7.174,1.482596806583181,-6.575407314872905
7.175,1.482495993492531,-6.5922286394265335
7.176,1.482395182978132,-6.607628676926318
7.1770000000000005,1.4822943757942633,-6.621614827204013
7.178,1.4821935726933133,-6.634195753641041
7.179,1.482092774425081,-6.645381374551935
7.18,1.4819919817360756,-6.655182853358543
7.181,1.4818911953688252,-6.663612587569183
7.182,1.4817904160611806,-6.670684196569908
7.183,1.4816896445456247,-6.6764125082457895
7.184,1.4815888815485891,-6.680813544437871
7.1850000000000005,1.4814881277897687,-6.683904505259839
7.186,1.4813873839814464,-6.68570375228062
7.187,1.481286650827821,-6.686230790599939
7.188,1.4811859290243437,-6.685506249823334
7.189,1.4810852192570565,-6.683551863965981
7.19,1.4809845222019444,-6.68039045029996
7.191,1.4808838385242935,-6.676045887163582
7.192,1.4807831688780526,-6.670543090764131
7.1930000000000005,1.4806825139052142,-6.6639079909839865
7.194,1.4805818742351975,-6.656167506224925
7.195,1.4804812504842424,-6.647349517311991
7.196,1.4803806432548212,-6.637482840476629
7.197,1.480280053135055,-6.626597199457645
7.198,1.4801794806981425,-6.614723196734239
7.199,1.4800789265018084,-6.601892283930496
7.2,1.479978391087758,-6.5881367314126145
7.2010000000000005,1.4798778749811474,-6.573489597112076
7.202,1.4797773786900714,-6.5579846946042935
7.203,1.479676902705064,-6.541656560475857
7.204,1.4795764474986095,-6.524540421007604
7.205,1.4794760135246807,-6.50667215821078
7.206,1.479375601218281,-6.4880882752480815
7.207,1.4792752109950127,-6.468825861270705
7.208,1.479174843250658,-6.4489225557087195
7.209,1.479074498360777,-6.428416512048926
7.21,1.4789741766803273,-6.407346361132348
7.211,1.478873878543298,-6.385751174012416
7.212,1.478773604262366,-6.363670424404784
7.213,1.4786733541285686,-6.341143950766458
7.214,1.4785731284109975,-6.318211918046096
7.215,1.4784729273565114,-6.294914779131442
7.216,1.4783727511894704,-6.271293236044546
7.217,1.4782726001114874,-6.247388200911232
7.218,1.4781724743012048,-6.223240756747849
7.219,1.4780723739140873,-6.198892118104919
7.22,1.4779722990822406,-6.174383591598204
7.221,1.4778722499142471,-6.149756536375683
7.222,1.4777722264950253,-6.125052324548122
7.223,1.477672228885712,-6.100312301629881
7.224,1.4775722571235648,-6.075577747022102
7.225,1.4774723112218842,-6.050889834580477
7.226,1.477372391169964,-6.026289593301538
7.227,1.4772724969330582,-6.001817868170917
7.228,1.4771726284523727,-5.977515281203921
7.229,1.4770727856450792,-5.953422192722215
7.23,1.476972968404351,-5.929578662901875
7.231,1.4768731765994214,-5.906024413625346
7.232,1.4767734100756638,-5.882798790684088
7.233,1.4766736686546955,-5.859940726354527
7.234,1.476573952134502,-5.837488702396417
7.235,1.4764742602895846,-5.8154807135004845
7.236,1.4763745928711312,-5.793954231221129
7.237,1.4762749496072047,-5.772946168435418
7.238,1.4761753302029608,-5.752492844351682
7.239,1.4760757343408777,-5.732629950111537
7.24,1.4759761616810168,-5.713392515010479
7.241,1.475876611861299,-5.694814873374266
7.242,1.4757770844978015,-5.676930632118694
7.243,1.4756775791850818,-5.65977263902769
7.244,1.4755780954965134,-5.643372951776421
7.245,1.4754786329846505,-5.627762807730846
7.246,1.475379191181605,-5.612972594552126
7.247,1.4752797695994495,-5.599031821633524
7.248,1.4751803677306343,-5.585969092396443
7.249,1.47508098504843,-5.57381207747342
7.25,1.4749816210073812,-5.562587488800133
7.251,1.474882275043783,-5.5523210546475426
7.252,1.4747829465761755,-5.543037495607745
7.253,1.474683635005853,-5.534760501566694
7.254,1.474584339717394,-5.527512709678291
7.255,1.4744850600792032,-5.521315683362072
7.256,1.4743857954440724,-5.516189892348219
7.257000000000001,1.4742865451497584,-5.512154693782797
7.258,1.474187308519571,-5.509228314413136
7.259,1.4740880848629796,-5.507427833872946
7.26,1.4739888734762345,-5.506769169077494
7.261,1.473889673642996,-5.507267059747321
7.262,1.4737904846349834,-5.508935055072669
7.263,1.4736913057126324,-5.5117855015293635
7.264,1.4735921361257633,-5.515829531861275
7.265000000000001,1.4734929751142627,-5.5210770552332455
7.266,1.4733938219087757,-5.52753674857005
7.267,1.4732946757314054,-5.535216049085143
7.268,1.473195535796426,-5.54412114800563
7.269,1.4730964013109973,-5.554256985501539
7.27,1.4729972714758968,-5.565627246821215
7.271,1.47289814548625,-5.578234359637314
7.272,1.4727990225322733,-5.592079492605155
7.273000000000001,1.4726999018000195,-5.607162555133421
7.274,1.4726007824721306,-5.6234821983669825
7.275,1.4725016637285933,-5.641035817383958
7.276,1.4724025447475007,-5.659819554595948
7.277,1.472303424705814,-5.679828304357201
7.278,1.4722043027801306,-5.7010557187713395
7.279,1.4721051781474495,-5.723494214690845
7.28,1.4720060499859413,-5.747134981904647
7.281000000000001,1.4719069174757173,-5.7719679925008975
7.282,1.4718077797995957,-5.797982011398879
7.283,1.4717086361438727,-5.825164608038143
7.284,1.471609485699086,-5.853502169211854
7.285,1.4715103276607766,-5.882979913036316
7.286,1.4714111612302503,-5.913581904032334
7.287,1.4713119856153332,-5.9452910693175305
7.288,1.4712128000311215,-5.978089215880413
7.289000000000001,1.471113603700729,-6.01195704892762
7.29,1.4710143958560233,-6.046874191281169
7.291,1.4709151757383632,-6.0828192038112725
7.292,1.4708159425993177,-6.119769606878542
7.293,1.4707166957013875,-6.157701902769695
7.294,1.4706174343187117,-6.196591599101858
7.295,1.4705181577377646,-6.2364132331747335
7.296,1.470418865258045,-6.27714039724313
7.297,1.4703195561927538,-6.318745764689417
7.298,1.4702202298694587,-6.361201117065487
7.299,1.4701208856307475,-6.404477371983713
7.3,1.4700215228348685,-6.448544611823568
7.301,1.4699221408563583,-6.493372113230215
7.302,1.4698227390866538,-6.5389283773738285
7.303,1.4697233169346915,-6.585181160941236
7.304,1.4696238738274887,-6.632097507830238
7.305,1.4695244092107127,-6.679643781514489
7.306,1.4694249225492293,-6.727785698047146
7.307,1.4693254133276394,-6.776488359673394
7.308,1.469225881050792,-6.8257162890177625
7.309,1.4691263252442852,-6.875433463812186
7.31,1.4690267454549444,-6.925603352132306
7.311,1.468927141251283,-6.976188948108305
7.312,1.4688275122239445,-7.027152808074874
7.313,1.4687278579861247,-7.07845708712496
7.314,1.4686281781739703,-7.130063576031489
7.315,1.4685284724469616,-7.18193373850491
7.316,1.4684287404882699,-7.2340287487448585
7.317,1.4683289820050973,-7.286309529254492
7.318,1.4682291967289909,-7.338736788878361
7.319,1.4681293844161356,-7.391271061027307
7.32,1.4680295448476288,-7.443872742056179
7.321,1.4679296778297242,-7.4965021297518355
7.322,1.4678297831940594,-7.549119461900943
7.323,1.4677298607978582,-7.60168495489491
7.324,1.4676299105241069,-7.654158842337161
7.325,1.4675299322817095,-7.706501413617421
7.326,1.4674299260056198,-7.758673052410575
7.327,1.4673298916569446,-7.810634275069749
7.328,1.4672298292230277,-7.862345768870529
7.329,1.4671297387175075,-7.9137684300740965
7.33,1.4670296201803488,-7.9648634017692075
7.331,1.466929473677852,-8.015592111461807
7.332,1.4668292993026366,-8.065916308367452
7.333,1.466729097173601,-8.115798100381717
7.334,1.4666288674358556,-8.165199990683554
7.335,1.4665286102606325,-8.214084913942376
7.336,1.466428325845173,-8.262416272092281
7.337,1.4663280144125843,-8.310157969638407
7.338,1.4662276762116782,-8.357274448461876
7.339,1.4661273115167823,-8.403730722094185
7.34,1.466026920627525,-8.449492409419356
7.341,1.4659265038686025,-8.494525767780726
7.342,1.4658260615895145,-8.538797725456444
7.343,1.4657255941642833,-8.582275913472476
7.344,1.4656251019911408,-8.624928696723188
7.345,1.4655245854922032,-8.66672520437255
7.346,1.4654240451131118,-8.707635359501513
7.347,1.4653234813226594,-8.74762990797932
7.348,1.4652228946123882,-8.786680446526312
7.349,1.4651222854961714,-8.824759449946399
7.35,1.4650216545097676,-8.861840297496546
7.351,1.4649210022103567,-8.897897298377991
7.352,1.464820329176056,-8.93290571631357
7.353,1.4647196360054124,-8.966841793199418
7.354,1.4646189233168783,-8.999682771797946
7.355,1.4645181917482637,-9.031406917459883
7.356,1.4644174419561726,-9.061993538847677
7.357,1.4643166746154208,-9.091423007646448
7.358,1.4642158904184313,-9.119676777238773
7.359,1.4641150900746172,-9.146737400331357
7.36,1.4640142743097453,-9.172588545510699
7.361,1.4639134438652817,-9.197215012718672
7.362,1.463812599497725,-9.22060274762796
7.363,1.4637117419779204,-9.24273885490912
7.364,1.4636108720903636,-9.263611610371967
7.365,1.4635099906324829,-9.283210471974954
7.366,1.463409098413919,-9.301526089687517
7.367,1.4633081962557808,-9.318550314201097
7.368,1.4632072849898976,-9.33427620447722
7.369,1.463106365458053,-9.348698034129029
7.37,1.4630054385112157,-9.361811296625703
7.371,1.4629045050087528,-9.373612709323723
7.372,1.462803565817638,-9.384100216311097
7.373,1.4627026218116492,-9.3932729900705
7.374,1.4626016738705625,-9.401131431957062
7.375,1.4625007228793319,-9.40767717149096
7.376,1.4623997697272688,-9.4129130644659
7.377,1.462298815307214,-9.41684318987572
7.378,1.4621978605147028,-9.419472845663613
7.379,1.4620969062471307,-9.420808543299021
7.38,1.4619959534029086,-9.420858001183028
7.381,1.461895002880626,-9.41963013689666
7.382000000000001,1.4617940555781992,-9.417135058295209
7.383,1.461693112392034,-9.413384053456095
7.384,1.4615921742161722,-9.408389579497666
7.385,1.4614912419414514,-9.402165250270343
7.386,1.4613903164546607,-9.394725822941481
7.387,1.461289398637699,-9.386087183481415
7.388,1.4611884893667373,-9.376266331068077
7.389,1.461087589511383,-9.365281361422777
7.390000000000001,1.4609866999338545,-9.35315144909772
7.391,1.4608858214881513,-9.339896828730016
7.392,1.4607849550192402,-9.325538775280524
7.393,1.4606841013622436,-9.310099583277122
7.394,1.4605832613416352,-9.293602545084479
7.395,1.4604824357704465,-9.276071928220954
7.396,1.460381625449483,-9.257532951741855
7.397,1.4602808311665452,-9.238011761716859
7.398000000000001,1.4601800536956677,-9.21753540582256
7.399,1.4600792937963665,-9.196131807076032
7.4,1.4599785522128945,-9.17382973673519
7.401,1.459877829673521,-9.15065878639031
7.402,1.4597771268898105,-9.126649339276383
7.403,1.4596764445559305,-9.101832540836185
7.404,1.459575783347961,-9.076240268554272
7.405,1.4594751439232303,-9.04990510110164
7.406000000000001,1.4593745269196627,-9.022860286815053
7.407,1.4592739329551425,-8.995139711541164
7.408,1.4591733626268968,-8.966777865880353
7.409,1.4590728165108977,-8.937809811859566
7.41,1.4589722951612825,-8.908271149066245
7.411,1.4588717991097926,-8.87819798027725
7.412,1.4587713288652335,-8.847626876616346
7.413,1.4586708849129568,-8.816594842272114
7.414000000000001,1.4585704677143578,-8.785139278812302
7.415,1.458470077706405,-8.753297949128271
7.416,1.4583697153011779,-8.72110894104458
7.417,1.4582693808854421,-8.688610630629519
7.418,1.458169074820235,-8.655841645239548
7.419,1.4580687974404842,-8.622840826337477
7.42,1.457968549054644,-8.589647192116395
7.421,1.4578683299443576,-8.556299899965655
7.422000000000001,1.4577681403641474,-8.522838208821192
7.423,1.457667980541124,-8.489301441425361
7.424,1.4575678506747267,-8.455728946544308
7.425,1.4574677509364857,-8.422160061170178
7.426,1.4573676814698104,-8.388634072749898
7.427,1.457267642389808,-8.355190181476061
7.428,1.4571676337831216,-8.32186746267324
7.429,1.4570676557078004,-8.288704829320313
7.43,1.4569677081931949,-8.255740994739849
7.431,1.4568677912398775,-8.223014435496179
7.432,1.456767904819594,-8.190563354533275
7.433,1.456668048875236,-8.158425644587943
7.434,1.4565682233208477,-8.126638851917384
7.435,1.4564684280416538,-8.095240140371697
7.436,1.4563686628941181,-8.064266255846725
7.437,1.4562689277060297,-8.033753491154648
7.438,1.4561692222766112,-8.003737651340252
7.439,1.4560695463766633,-7.97425401948119
7.44,1.4559698997487265,-7.9453373230018975
7.441,1.4558702821072782,-7.9170217005357095
7.442,1.4557706931389496,-7.889340669363115
7.443,1.455671132502774,-7.86232709346336
7.444,1.4555715998304612,-7.836013152202682
7.445,1.4554720947266953,-7.81043030969489
7.446,1.4553726167694612,-7.785609284861465
7.447,1.4552731655103963,-7.761580022218094
7.448,1.455173740475168,-7.738371663418391
7.449,1.4550743411638731,-7.71601251958074
7.45,1.4549749670514693,-7.694530044422166
7.451,1.4548756175882225,-7.67395080823157
7.452,1.4547762922001861,-7.654300472696477
7.453,1.4546769902896979,-7.635603766619045
7.454,1.4545777112359033,-7.617884462534832
7.455,1.4544784543953029,-7.601165354262456
7.456,1.4543792191023177,-7.585468235402416
7.457,1.4542800046698805,-7.570813878805673
7.458,1.4541808103900482,-7.5572220170336415
7.459,1.4540816355346304,-7.544711323825375
7.46,1.453982479355846,-7.5332993965899675
7.461,1.4538833410869922,-7.5230027399427435
7.462,1.4537842199431363,-7.513836750297333
7.463,1.4536851151218273,-7.505815701531276
7.464,1.4535860258038198,-7.498952731736889
7.465,1.453486951153822,-7.493259831069253
7.466,1.4533878903212551,-7.488747830704362
7.467,1.4532888424410308,-7.485426392916345
7.468,1.4531898066343425,-7.483304002283155
7.469,1.453090782009475,-7.482387958029534
7.47,1.4529917676626192,-7.4826843675129915
7.471,1.4528927626787103,-7.4841981408590605
7.472,1.4527937661322718,-7.486932986752667
7.473,1.4526947770882699,-7.490891409384908
7.474,1.4525957946029826,-7.496074706562176
7.475,1.4524968177248772,-7.5024829689766115
7.476,1.4523978454954949,-7.51011508063819
7.477,1.4522988769503467,-7.518968720469058
7.478,1.4521999111198123,-7.529040365057234
7.479,1.4521009470300508,-7.540325292566163
7.48,1.4520019837039124,-7.552817587796614
7.481,1.4519030201618572,-7.566510148396638
7.482,1.4518040554228793,-7.581394692209862
7.483,1.4517050885054286,-7.597461765760304
7.484,1.4516061184283418,-7.614700753858575
7.485,1.4515071442117693,-7.633099890323859
7.486,1.4514081648781056,-7.652646269812497
7.487,1.4513091794529178,-7.673325860735908
7.488,1.4512101869658718,-7.695123519260431
7.489,1.4511111864516613,-7.718023004372288
7.49,1.4510121769509254,-7.742006993992554
7.491,1.4509131575111707,-7.767057102130817
7.492,1.4508141271876827,-7.793153897052427
7.493,1.4507150850444348,-7.820276920450304
7.494,1.4506160301549886,-7.84840470759606
7.495,1.4505169616033888,-7.87751480845408
7.496,1.4504178784850466,-7.907583809737332
7.497,1.450318779907619,-7.938587357883222
7.498,1.4502196649918722,-7.9705001829244715
7.499,1.4501205328725388,-8.003296123238133
7.5,1.4500213826991617,-8.036948151142298
7.501,1.4499222136369232,-8.071428399317064
7.502,1.4498230248674664,-8.106708188028122
7.503,1.449723815589697,-8.142758053121007
7.504,1.4496245850205711,-8.179547774761165
7.505,1.4495253323958726,-8.217046406895086
7.506,1.4494260569709654,-8.255222307395115
7.507000000000001,1.4493267580215363,-8.294043168870907
7.508,1.4492274348443162,-8.333476050106459
7.509,1.449128086757782,-8.37348740809972
7.51,1.4490287131028412,-8.414043130669537
7.511,1.448929313243498,-8.45510856960027
7.512,1.4488298865674922,-8.496648574292504
7.513,1.4487304324869246,-8.538627525885747
7.514,1.448630950438855,-8.581009371820848
7.515000000000001,1.4485314398858804,-8.62375766080902
7.516,1.4484319003166892,-8.666835578173348
7.517,1.4483323312465917,-8.710205981528468
7.518,1.4482327322180248,-8.753831436765392
7.519,1.4481331028010354,-8.797674254303786
7.52,1.4480334425937367,-8.841696525580964
7.521,1.447933751222736,-8.885860159737685
7.522,1.4478340283435411,-8.930126920469569
7.523000000000001,1.4477342736409382,-8.97445846300636
7.524,1.4476344868293403,-9.01881637118289
7.525,1.4475346676531093,-9.063162194568495
7.526,1.4474348158868562,-9.107457485617584
7.527,1.4473349313357022,-9.151663836804545
7.528,1.4472350138355208,-9.195742917709353
7.529,1.4471350632531461,-9.23965651201841
7.53,1.4470350794865547,-9.283366554401095
7.531000000000001,1.4469350624650164,-9.326835167232932
7.532,1.4468350121492166,-9.37002469712369
7.533,1.4467349285313498,-9.412897751220275
7.534,1.4466348116351806,-9.455417233246791
7.535,1.44653466151608,-9.497546379247897
7.536,1.4464344782610252,-9.53924879300148
7.537,1.446334261988575,-9.580488481066851
7.538,1.4462340128488118,-9.621229887432584
7.539000000000001,1.4461337310232554,-9.66143792773656
7.54,1.4460334167247482,-9.701078023016269
7.541,1.445933070197303,-9.74011613296695
7.542,1.4458326917159336,-9.778518788668283
7.543,1.4457322815864413,-9.816253124752475
7.544,1.4456318401451873,-9.853286910980959
7.545,1.445531367758818,-9.889588583200581
7.546,1.4454308648239784,-9.925127273647956
7.547000000000001,1.4453303317669848,-9.95987284057761
7.548,1.4452297690434728,-9.993795897177467
7.549,1.4451291771380177,-10.026867839753319
7.55,1.4450285565637255,-10.059060875148791
7.551,1.444927907861795,-10.090348047376825
7.552,1.4448272316010544,-10.120703263438227
7.553,1.4447265283774708,-10.150101318302315
7.554,1.4446257988136326,-10.178517919021896
7.555,1.4445250435582022,-10.205929707968732
7.556,1.4444242632853508,-10.23231428515627
7.557,1.4443234586941607,-10.257650229636962
7.558,1.4442226305080053,-10.281917119950982
7.559,1.444121779473907,-10.30509555360441
7.56,1.4440209063618683,-10.327167165563715
7.561,1.4439200119641802,-10.348114645743458
7.562,1.4438190970947122,-10.367921755475606
7.563,1.443718162588175,-10.386573342940991
7.564,1.443617209299366,-10.40405535755026
7.565,1.44351623810239,-10.420354863261704
7.566,1.4434152498898691,-10.435460050820694
7.567,1.4433142455721208,-10.449360248911788
7.568,1.4432132260763295,-10.462045934212203
7.569,1.4431121923456922,-10.473508740335877
7.57,1.4430111453385535,-10.483741465663154
7.571,1.4429100860275208,-10.492738080046106
7.572,1.442809015398565,-10.500493730382786
7.573,1.4427079344501081,-10.507004745059142
7.574,1.4426068441920972,-10.512268637249864
7.575,1.4425057456450623,-10.516284107079482
7.576,1.4424046398391699,-10.519051042638761
7.577,1.4423035278132579,-10.520570519858353
7.578,1.4422024106138644,-10.520844801237072
7.579,1.4421012892942469,-10.51987733343065
7.58,1.442000164913394,-10.51767274369793
7.581,1.4418990385350277,-10.514236835214554
7.582,1.4417979112266024,-10.509576581253022
7.583,1.4416967840582948,-10.503700118239859
7.584,1.4415956581019944,-10.496616737693163
7.585,1.4414945344302845,-10.488336877051694
7.586,1.4413934141154268,-10.478872109401106
7.587,1.4412922982283385,-10.468235132112639
7.588,1.4411911878375758,-10.456439754398424
7.589,1.4410900840083096,-10.443500883802997
7.59,1.4409889878013102,-10.429434511638327
7.591,1.4408879002719284,-10.414257697382055
7.592,1.4407868224690845,-10.397988552047664
7.593,1.440685755434258,-10.380646220550169
7.594,1.440584700200487,-10.362250863077705
7.595,1.4404836577913658,-10.342823635494039
7.596,1.44038262922006,-10.322386668782979
7.597,1.4402816154883218,-10.30096304756362
7.598,1.4401806175855183,-10.278576787688902
7.599,1.4400796364876662,-10.255252812957146
7.6,1.439978673156485,-10.231016930951565
7.601,1.4398777285384499,-10.205895808037585
7.602,1.439776803563872,-10.179916943538128
7.603,1.4396758991459795,-10.153108643114145
7.604,1.439575016180019,-10.125499991374479
7.605,1.4394741555423767,-10.097120823743811
7.606,1.4393733180897066,-10.068001697613234
7.607,1.4392725046580814,-10.038173862803344
7.608,1.439171716062163,-10.007669231367963
7.609,1.4390709530943864,-9.976520346767842
7.61,1.4389702165241685,-9.9447603524426
7.611,1.4388695070971351,-9.912422959814428
7.612,1.438768825534369,-9.879542415750528
7.613,1.4386681725316788,-9.846153469519013
7.614,1.4385675487588954,-9.812291339269063
7.615,1.4384669548591849,-9.77799167806635
7.616,1.4383663914483933,-9.743290539518568
7.617,1.4382658591144073,-9.708224343023883
7.618,1.4381653584165497,-9.672829838672921
7.619,1.4380648898849944,-9.637144071843519
7.62,1.4379644540202088,-9.601204347516916
7.621,1.4378640512924283,-9.565048194352553
7.622,1.4377636821411532,-9.528713328557181
7.623,1.4376633469746747,-9.49223761757974
7.624,1.4375630461696332,-9.455659043668962
7.625,1.4374627800706021,-9.419015667330068
7.626,1.4373625489897042,-9.38234559071202
7.627,1.437262353206257,-9.345686920964845
7.628,1.4371621929664475,-9.309077733598691
7.629,1.4370620684830404,-9.27255603588172
7.63,1.4369619799351148,-9.236159730311819
7.631,1.436861927467836,-9.199926578197314
7.632000000000001,1.4367619111922567,-9.163894163379819
7.633,1.436661931185149,-9.128099856138324
7.634,1.436561987488873,-9.092580777303652
7.635,1.4364620801112746,-9.057373762623534
7.636,1.4363622090256163,-9.022515327405387
7.637,1.4362623741705423,-8.988041631480066
7.638,1.4361625754500758,-8.95398844451033
7.639,1.4360628127336474,-8.920391111685642
7.640000000000001,1.4359630858561612,-8.887284519829969
7.641,1.4358633946180872,-8.854703063959143
7.642,1.4357637387855944,-8.822680614317292
7.643,1.4356641180907095,-8.791250483926397
7.644,1.4355645322315131,-8.760445396676978
7.645,1.4354649808723683,-8.730297455993366
7.646,1.4353654636441788,-8.700838114101646
7.647,1.4352659801446817,-8.672098141931173
7.648000000000001,1.4351665299387732,-8.644107599676147
7.649,1.435067112558865,-8.616895808048938
7.65,1.4349677275052708,-8.590491320248272
7.651,1.434868374246626,-8.564921894673759
7.652,1.4347690522203396,-8.540214468409332
7.653,1.4346697608330734,-8.516395131500794
7.654,1.4345704994612545,-8.49348910205616
7.655,1.4344712674516127,-8.471520702187792
7.656000000000001,1.4343720641217557,-8.450513334821192
7.657,1.4342728887607634,-8.43048946139363
7.658,1.4341737406298176,-8.411470580461081
7.659,1.434074618962856,-8.393477207238469
7.66,1.4339755229672535,-8.376528854085606
7.661,1.4338764518245324,-8.360644011965736
7.662,1.433777404691095,-8.34584013288784
7.663,1.433678380698985,-8.332133613351878
7.664000000000001,1.4335793789566704,-8.31953977881242
7.665,1.4334803985498537,-8.308072869177064
7.666,1.4333814385423012,-8.297746025348669
7.667,1.4332824979766974,-8.288571276830755
7.668,1.4331835758755214,-8.28055953040117
7.669,1.4330846712419425,-8.27372055986963
7.67,1.4329857830607369,-8.268062996926268
7.671,1.4328869102992223,-8.263594323090423
7.672000000000001,1.4327880519082132,-8.260320862766736
7.673,1.432689206822992,-8.258247777416774
7.674,1.4325903739642953,-8.257379060848116
7.675,1.4324915522393207,-8.257717535629538
7.676,1.4323927405427412,-8.25926485063141
7.677,1.43229393775774,-8.262021479696969
7.678,1.432195142757056,-8.265986721442196
7.679,1.432096354404038,-8.271158700187833
7.68,1.4319975715537143,-8.27753436801882
7.681,1.4318987930538696,-8.285109507972106
7.682,1.4318000177461314,-8.293878738346613
7.683,1.4317012444670645,-8.303835518135234
7.684,1.4316024720492726,-8.314972153566835
7.685,1.4315036993225028,-8.327279805759332
7.686,1.4314049251147605,-8.340748499470585
7.687,1.4313061482534217,-8.355367132940842
7.688,1.4312073675663528,-8.371123488817233
7.689,1.4311085818830294,-8.388004246149002
7.69,1.4310097900356555,-8.40599499344139
7.691,1.4309109908602835,-8.425080242756504
7.692,1.430812183197932,-8.445243444846913
7.693,1.4307133658957005,-8.46646700530605
7.694,1.4306145378078807,-8.488732301722557
7.695,1.4305156977970626,-8.512019701819497
7.696,1.430416844735235,-8.536308582560071
7.697,1.4303179775048782,-8.561577350206512
7.698,1.430219095000052,-8.587803461303235
7.699,1.430120196127469,-8.614963444576762
7.7,1.4300212798075613,-8.64303292371688
7.701,1.4299223449755374,-8.671986641029658
7.702,1.4298233905824231,-8.701798481931423
7.703,1.4297244155960915,-8.732441500263192
7.704,1.4296254190022797,-8.76388794439989
7.705,1.4295263998055865,-8.796109284131518
7.706,1.4294273570304592,-8.829076238285133
7.707,1.429328289722158,-8.86275880306891
7.708,1.4292291969477053,-8.897126281102263
7.709,1.4291300777968177,-8.932147311109958
7.71,1.4290309313828118,-8.967789898250238
7.711,1.4289317568434956,-9.004021445045538
7.712,1.4288325533420343,-9.040808782889613
7.713,1.4287333200677952,-9.078118204097173
7.714,1.4286340562371682,-9.115915494467238
7.715,1.4285347610943637,-9.154165966328492
7.716,1.4284354339121812,-9.192834492034791
7.717,1.4283360739927569,-9.231885537877456
7.718,1.4282366806682814,-9.271283198383514
7.719,1.4281372533016936,-9.310991230966039
7.72,1.428037791287341,-9.3509730908928
7.721,1.4279382940516148,-9.391191966539992
7.722,1.4278387610535563,-9.431610814896956
7.723,1.4277391917854303,-9.472192397289032
7.724,1.4276395857732709,-9.512899315281558
7.725,1.4275399425773942,-9.55369404673219
7.726,1.4274402617928774,-9.594538981958365
7.727,1.4273405430500106,-9.635396459980889
7.728,1.427240786014711,-9.676228804813604
7.729,1.4271409903889056,-9.71699836176073
7.73,1.427041155910881,-9.757667533688458
7.731,1.4269412823555991,-9.798198817237271
7.732,1.4268413695349746,-9.83855483893593
7.733,1.426741417298124,-9.87869839118797
7.734,1.4266414255315736,-9.918592468091916
7.735,1.4265413941594358,-9.958200301063496
7.736,1.4264413231435498,-9.9974853942228
7.737,1.426341212483582,-10.0364115595161
7.738,1.4262410622170978,-10.074942951535121
7.739,1.4261408724195908,-10.113044102003926
7.74,1.426040643204479,-10.150679953895057
7.741,1.4259403747230637,-10.187815895149047
7.742,1.4258400671644538,-10.224417791959056
7.743,1.4257397207554499,-10.260452021591476
7.744,1.4256393357603985,-10.295885504712128
7.745,1.425538912481003,-10.330685737183074
7.746,1.425438451256103,-10.364820821303606
7.747,1.425337952461418,-10.398259496465265
7.748,1.425237416509252,-10.430971169186197
7.749,1.4251368438481669,-10.462925942504064
7.75,1.4250362349626151,-10.494094644693604
7.751,1.4249355903725447,-10.524448857283438
7.752,1.424834910632962,-10.553960942344098
7.753,1.4247341963334657,-10.582604069024253
7.754,1.4246334480977432,-10.610352239304866
7.755,1.4245326665830371,-10.637180312951255
7.756,1.4244318524795756,-10.66306403163729
7.757000000000001,1.4243310065099715,-10.68798004221604
7.758,1.424230129428588,-10.711905919121165
7.759,1.4241292220208763,-10.734820185871058
7.76,1.4240282851026786,-10.756702335657732
7.761,1.4239273195195015,-10.77753285100286
7.762,1.423826326145762,-10.79729322245807
7.763,1.4237253058840018,-10.815965966336563
7.764,1.423624259664074,-10.833534641452218
7.765000000000001,1.4235231884423045,-10.84998386485858
7.766,1.4234220932006225,-10.865299326567229
7.767,1.4233209749456668,-10.8794678032314
7.768,1.4232198347078695,-10.892477170784943
7.769,1.4231186735405108,-10.90431641602327
7.77,1.4230174925187529,-10.914975647113277
7.771,1.4229162927386505,-10.924446103025936
7.772,1.4228150753161393,-10.932720161879033
7.773000000000001,1.4227138413860048,-10.93979134818484
7.774,1.4226125921008292,-10.945654338994991
7.775,1.4225113286299227,-10.95030496893564
7.776,1.4224100521582306,-10.953740234130684
7.777,1.4223087638852319,-10.95595829500624
7.778,1.4222074650238146,-10.95695847797706
7.779,1.4221061567991409,-10.956741276011552
7.78,1.4220048404474959,-10.955308348074212
7.781000000000001,1.4219035172151235,-10.952662517448317
7.782,1.4218021883570553,-10.948807768939183
7.783,1.4217008551359196,-10.94374924496126
7.784,1.4215995188207529,-10.937493240512293
7.785,1.4214981806857914,-10.930047197041048
7.786,1.4213968420092649,-10.921419695211448
7.787,1.4212955040721769,-10.911620446575405
7.788,1.4211941681570874,-10.90066028415665
7.789000000000001,1.4210928355468844,-10.888551151958751
7.79,1.42099150752356,-10.875306093405595
7.791,1.420890185366978,-10.860939238726946
7.792,1.4207888703536473,-10.845465791299304
7.793,1.420687563755494,-10.828902012957464
7.794,1.4205862668386355,-10.811265208289477
7.795,1.4204849808621556,-10.79257370793135
7.796,1.4203837070768899,-10.772846850875275
7.797000000000001,1.4202824467242112,-10.75210496581289
7.798,1.4201812010348254,-10.730369351525397
7.799,1.4200799712275731,-10.707662256347199
7.8,1.419978758508242,-10.684006856713943
7.801,1.4198775640683874,-10.65942723482474
7.802,1.4197763890841681,-10.633948355430768
7.803,1.4196752347151915,-10.607596041783665
7.804,1.419574102103372,-10.580396950754668
7.805000000000001,1.4194729923718088,-10.552378547158149
7.806,1.419371906623673,-10.523569077299356
7.807,1.4192708459411185,-10.49399754177395
7.808,1.419169811384206,-10.463693667543467
7.809,1.4190688039898487,-10.432687879316468
7.81,1.4189678247707769,-10.401011270258913
7.811,1.4188668747145277,-10.368695572066933
7.812,1.4187659547824476,-10.335773124426645
7.813,1.418665065908732,-10.302276843890894
7.814,1.418564208999475,-10.268240192206587
7.815,1.4184633849317565,-10.233697144117968
7.816,1.4183625945527447,-10.19868215467956
7.817,1.4182618386788357,-10.163230126111124
7.818,1.418161118094812,-10.127376374222912
7.819,1.4180604335530362,-10.091156594448073
7.82,1.4179597857726713,-10.054606827510678
7.821,1.4178591754389307,-10.017763424765086
7.822,1.4177586032023632,-9.980663013238434
7.823,1.4176580696781647,-9.943342460411369
7.824,1.4175575754455272,-9.905838838769085
7.825,1.4174571210470162,-9.868189390157482
7.826,1.4173567069879884,-9.830431489979333
7.827,1.417256333736038,-9.792602611264819
7.828,1.4171560017204807,-9.754740288647664
7.829,1.4170557113318747,-9.716882082287782
7.83,1.4169554629215741,-9.679065541768999
7.831,1.4168552568013244,-9.641328170009196
7.832,1.416755093242891,-9.603707387219142
7.833,1.4166549724777262,-9.566240494940036
7.834,1.4165548946966733,-9.528964640198915
7.835,1.4164548600497144,-9.491916779814446
7.836,1.4163548686457503,-9.455133644885539
7.837,1.4162549205524197,-9.41865170550058
7.838,1.416155015795966,-9.382507135698422
7.839,1.4160551543611304,-9.346735778715875
7.84,1.4159553361910957,-9.31137311255334
7.841,1.4158555611874664,-9.276454215895559
7.842,1.4157558292102845,-9.242013734414307
7.843,1.4156561400780896,-9.20808584749313
7.844,1.4155564935680203,-9.174704235395403
7.845,1.4154568894159494,-9.14190204691991
7.846,1.4153573273166655,-9.109711867563334
7.847,1.4152578069240884,-9.078165688228601
7.848,1.4151583278515292,-9.0472948745029
7.849,1.4150588896719862,-9.017130136540924
7.85,1.414959491918482,-8.987701499575092
7.851,1.4148601340844382,-8.959038275089615
7.852,1.4147608156240898,-8.931169032676358
7.853,1.4146615359529369,-8.90412157260814
7.854,1.4145622944482368,-8.877922899150018
7.855,1.414463090449529,-8.852599194637879
7.856,1.4143639232592011,-8.828175794345182
7.857,1.4142647921430922,-8.804677162166978
7.858,1.4141656963311273,-8.782126867138967
7.859,1.4140666350179942,-8.760547560819745
7.86,1.4139676073638492,-8.739960955552444
7.861,1.41386861249506,-8.720387803630896
7.862,1.4137696495049825,-8.701847877387845
7.863,1.4136707174547722,-8.684359950226145
7.864,1.4135718153742236,-8.667941778607396
7.865,1.4134729422626444,-8.652610085021585
7.866,1.4133740970897588,-8.638380541946564
7.867,1.4132752787966452,-8.625267756819774
7.868,1.4131764862966967,-8.613285258030757
7.869,1.4130777184766137,-8.602445481951577
7.87,1.4129789741974237,-8.592759761016552
7.871,1.412880252295525,-8.584238312862773
7.872,1.4127815515837627,-8.576890230539256
7.873,1.4126828708525192,-8.570723473800452
7.874,1.4125842088708362,-8.56574486148461
7.875,1.412485564387557,-8.561960064990394
7.876,1.4123869361324894,-8.5593736028543
7.877,1.4122883228175882,-8.557988836436436
7.878,1.4121897231381606,-8.557807966717121
7.879,1.412091135774086,-8.558832032207434
7.88,1.411992559391055,-8.561060907978138
7.881,1.411893992641822,-8.564493305803854
7.882000000000001,1.4117954341674765,-8.56912677542487
7.883,1.4116968825987248,-8.574957706926693
7.884,1.4115983365571834,-8.581981334230878
7.885,1.4114997946566856,-8.590191739696806
7.886,1.4114012555045987,-8.599581859830721
7.887,1.4113027177031465,-8.61014349209304
7.888,1.4112041798507422,-8.621867302801707
7.889,1.4111056405433253,-8.634742836118907
7.890000000000001,1.411007098375704,-8.648758524117529
7.891,1.4109085519429034,-8.663901697916636
7.892,1.4108099998415131,-8.680158599869262
7.893,1.4107114406710357,-8.697514396801154
7.894,1.4106128730352363,-8.71595319427919
7.895,1.4105142955434917,-8.735458051899624
7.896,1.410415706812133,-8.756010999580774
7.897,1.4103171054657881,-8.777593054844367
7.898000000000001,1.4102184901387151,-8.80018424106881
7.899,1.4101198594761313,-8.823763606698417
7.9,1.4100212121355329,-8.84830924538619
7.901,1.4099225467880077,-8.87379831705644
7.902,1.4098238621195316,-8.900207069861438
7.903,1.409725156832262,-8.927510863016522
7.904,1.4096264296458083,-8.95568419048588
7.905,1.4095276792984952,-8.984700705501037
7.906000000000001,1.4094289045486086,-9.014533245886977
7.907,1.40933010417562,-9.045153860170736
7.908,1.4092312769814028,-9.076533834447588
7.909,1.4091324217914183,-9.108643719981199
7.91,1.409033537455888,-9.141453361507732
7.911,1.408934622850944,-9.174931926220392
7.912,1.4088356768797523,-9.20904793340349
7.913,1.4087366984736185,-9.24376928469026
7.914000000000001,1.408637686593062,-9.279063294912106
7.915,1.4085386402288704,-9.314896723515162
7.916,1.4084395584031226,-9.35123580650695
7.917,1.4083404401701833,-9.388046288907518
7.918,1.408241284617673,-9.425293457674027
7.919,1.4081420908674025,-9.462942175063535
7.92,1.4080428580762805,-9.50095691240529
7.921,1.4079435854371862,-9.539301784249432
7.922000000000001,1.4078442721798115,-9.577940582857352
7.923,1.407744917571465,-9.616836813004568
7.924,1.4076455209178491,-9.655953727058346
7.925,1.4075460815637941,-9.69525436029966
7.926,1.4074465988939593,-9.73470156645407
7.927,1.4073470723334986,-9.774258053398128
7.928,1.4072475013486847,-9.8138864190058
7.929,1.407147885447499,-9.853549187103361
7.930000000000001,1.4070482241801794,-9.89320884349453
7.931,1.4069485171397305,-9.932827872024859
7.932,1.4068487639623934,-9.972368790646843
7.933,1.4067489643280733,-10.011794187455912
7.934,1.4066491179607283,-10.051066756659331
7.935,1.4065492246287152,-10.090149334443392
7.936,1.4064492841450935,-10.129004934707798
7.937,1.4063492963678872,-10.167596784628206
7.938,1.4062492612003037,-10.205888360016392
7.939,1.4061491785909104,-10.243843420445273
7.94,1.4060490485337678,-10.281426044098417
7.941,1.4059488710685177,-10.31860066231889
7.942,1.4058486462804307,-10.355332093818323
7.943,1.4057483743004067,-10.391585578517326
7.944,1.4056480553049355,-10.427326810980876
7.945,1.4055476895160086,-10.462521973420934
7.946,1.4054472772009914,-10.497137768230683
7.947,1.4053468186724503,-10.531141450021941
7.948,1.4052463142879341,-10.564500857133588
7.949,1.4051457644497163,-10.597184442581106
7.95,1.4050451696044874,-10.62916130441819
7.951,1.4049445302430121,-10.660401215479734
7.952,1.4048438468997357,-10.69087465247937
7.953,1.4047431201523524,-10.720552824433046
7.954,1.4046423506213306,-10.749407700379919
7.955,1.4045415389693954,-10.777412036377417
7.956,1.4044406859009704,-10.804539401739497
7.957,1.404339792161577,-10.830764204498557
7.958,1.4042388585371945,-10.856061716062012
7.959,1.4041378858535811,-10.880408095042423
7.96,1.4040368749755507,-10.903780410236429
7.961,1.4039358268062183,-10.92615666273328
7.962,1.4038347422862003,-10.947515807127694
7.963,1.4037336223927794,-10.967837771821888
7.964,1.4036324681390377,-10.987103478389656
7.965,1.4035312805729436,-11.005294859993203
7.966,1.4034300607764143,-11.02239487882796
7.967,1.403328809864336,-11.03838754258021
7.968,1.4032275289835547,-11.053257919884636
7.969,1.4031262193118346,-11.066992154762918
7.97,1.4030248820567803,-11.079577480031375
7.971,1.402923518454734,-11.091002229666067
7.972,1.4028221297696404,-11.10125585011016
7.973,1.4027207172918832,-11.110328910515506
7.974,1.402619282337093,-11.118213111907227
7.975,1.4025178262449303,-11.124901295262902
7.976,1.402416350377843,-11.13038744849775
7.977,1.4023148561197987,-11.134666712351734
7.978,1.4022133448749936,-11.137735385166671
7.979,1.4021118180665428,-11.139590926558085
7.98,1.402010277135145,-11.140231959968634
7.981,1.4019087235377323,-11.13965827410706
7.982,1.401807158746099,-11.13787082326845
7.983,1.4017055842455133,-11.134871726536275
7.984,1.4016040015333178,-11.130664265866017
7.985,1.4015024121175097,-11.125252883054095
7.986,1.4014008175153123,-11.118643175591284
7.987,1.4012992192517344,-11.110841891410136
7.988,1.4011976188581163,-11.101856922524412
7.989,1.4010960178706717,-11.091697297572146
7.99,1.4009944178290195,-11.080373173267745
7.991,1.4008928202747097,-11.067895824770577
7.992,1.400791226749744,-11.054277634976792
7.993,1.4006896387950962,-11.039532082753126
7.994,1.4005880579492274,-11.02367373011117
7.995,1.4004864857466028,-11.006718208347642
7.996,1.400384923716208,-10.988682203151669
7.997,1.4002833733800697,-10.969583438702806
7.998,1.400181836251779,-10.94944066076976
7.999,1.4000803138350206,-10.928273618827312
8.0,1.399978807622107,-10.906103047208504
8.001,1.3998773190925249,-10.882950645310324
8.002,1.3997758497114865,-10.858839056870224
8.003,1.399674400928495,-10.833791848336851
8.004,1.39957297417592,-10.807833486350972
8.005,1.399471570867591,-10.780989314361463
8.006,1.3993701923974007,-10.753285528397562
8.007,1.399268840137927,-10.724749152020571
8.008000000000001,1.3991675154390755,-10.695408010478673
8.009,1.3990662196267358,-10.66529070409048
8.01,1.398964954001465,-10.634426580881026
8.011000000000001,1.3988637198371874,-10.602845708498421
8.012,1.398762518379919,-10.570578845437261
8.013,1.3986613508465173,-10.537657411593592
8.014,1.3985602184234585,-10.504113458185316
8.015,1.3984591222656364,-10.469979637062664
8.016,1.398358063495193,-10.435289169435627
8.017,1.3982570432003794,-10.400075814057473
8.018,1.3981560624344451,-10.364373834882237
8.019,1.3980551222145583,-10.328217968240828
8.02,1.3979542235207587,-10.291643389552576
8.021,1.3978533672949487,-10.254685679618078
8.022,1.3977525544399136,-10.217380790514298
8.023,1.3976517858183781,-10.179765011133092
8.024000000000001,1.3975510622521057,-10.14187493238807
8.025,1.3974503845210253,-10.10374741213262
8.026,1.3973497533624077,-10.06541953981258
8.027000000000001,1.3972491694700737,-10.026928600895822
8.028,1.3971486334936438,-9.988312041106234
8.029,1.3970481460378323,-9.949607430501551
8.03,1.39694770766178,-9.910852427427514
8.031,1.39684731887843,-9.872084742379933
8.032,1.3967469801539498,-9.833342101814218
8.033,1.3966466919071894,-9.79466221193433
8.034,1.3965464545091941,-9.756082722495613
8.035,1.3964462682827574,-9.717641190658156
8.036,1.3963461335020144,-9.679375044921372
8.037,1.3962460503920922,-9.641321549180418
8.038,1.3961460191287975,-9.603517766932086
8.039,1.3960460398383536,-9.566000525671278
8.040000000000001,1.395946112597189,-9.528806381504786
8.041,1.3958462374317668,-9.491971584024895
8.042,1.3957464143184648,-9.455532041467123
8.043000000000001,1.395646643183505,-9.419523286194043
8.044,1.3955469239029303,-9.38398044053259
8.045,1.3954472563026252,-9.348938182999817
8.046,1.3953476401583935,-9.314430714950042
8.047,1.3952480751960756,-9.280491727673173
8.048,1.3951485610917185,-9.247154369978603
8.049,1.3950490974717946,-9.21445121629398
8.05,1.3949496839134652,-9.182414235308556
8.051,1.394850319944897,-9.15107475919605
8.052,1.3947510050456187,-9.12046345343817
8.053,1.3946517386469346,-9.09061028728707
8.054,1.3945525201323763,-9.061544504888339
8.055,1.394453348838209,-9.033294597095924
8.056000000000001,1.3943542240539777,-9.005888274003638
8.057,1.3942551450231029,-8.979352438222456
8.058,1.3941561109435225,-8.953713158926092
8.059000000000001,1.3940571209683763,-8.928995646692954
8.06,1.3939581742067348,-8.905224229166443
8.061,1.3938592697243768,-8.882422327557407
8.062,1.3937604065445997,-8.860612434012737
8.063,1.393661583649086,-8.839816089870808
8.064,1.3935627999787994,-8.820053864823564
8.065,1.3934640544349282,-8.801345337008947
8.066,1.3933653458798672,-8.783709074047778
8.067,1.3932666731382382,-8.767162615049678
8.068,1.3931680349979512,-8.751722453598042
8.069,1.3930694302112985,-8.737404021737554
8.07,1.3929708574960895,-8.724221674974984
8.071,1.3928723155368194,-8.712188678309865
8.072000000000001,1.3927738029858707,-8.7013171933082
8.073,1.3926753184647498,-8.69161826623165
8.074,1.3925768605653552,-8.6831018172333
8.075,1.392478427851276,-8.675776630632043
8.076,1.392380018859122,-8.669650346273265
8.077,1.3922816320998779,-8.664729451984634
8.078,1.392183266060291,-8.661019277136305
8.079,1.3920849192042803,-8.658523987308818
8.08,1.3919865899743704,-8.657246580076823
8.081,1.3918882767931522,-8.65718888191099
8.082,1.3917899780647613,-8.658351546200734
8.083,1.3916916921763813,-8.660734052405346
8.084,1.3915934174997622,-8.664334706323466
8.085,1.391495152392758,-8.669150641494056
8.086,1.3913968952008844,-8.675177821716758
8.087,1.3912986442588837,-8.68241104469626
8.088000000000001,1.3912003978923102,-8.690843946804563
8.089,1.391102154419124,-8.700469008956787
8.09,1.391003912151297,-8.711277563594912
8.091,1.390905669396424,-8.723259802777342
8.092,1.3908074244593456,-8.736404787356918
8.093,1.3907091756437766,-8.750700457250375
8.094,1.390610921253934,-8.76613364278181
8.095,1.390512659596172,-8.782690077092006
8.096,1.3904143889806186,-8.800354409601255
8.097,1.3903161077228074,-8.819110220514915
8.098,1.3902178141453123,-8.838940036355169
8.099,1.3901195065793728,-8.859825346508075
8.1,1.3900211833665228,-8.881746620764112
8.101,1.3899228428602028,-8.904683327843365
8.102,1.3898244834273714,-8.928613954881087
8.103,1.3897261034501014,-8.953516027860495
8.104000000000001,1.3896277013271687,-8.979366132967847
8.105,1.389529275475626,-9.006139938856059
8.106,1.3894308243323632,-9.033812219789077
8.107,1.389332346355649,-9.062356879651823
8.108,1.3892338400266593,-9.091746976794639
8.109,1.3891353038509822,-9.12195474969807
8.11,1.3890367363601046,-9.152951643425453
8.111,1.3889381361128785,-9.184708336844366
8.112,1.3888395016969592,-9.21719477058457
8.113,1.3887408317302221,-9.250380175713168
8.114,1.3886421248621532,-9.284233103093747
8.115,1.3885433797752096,-9.318721453405026
8.116,1.3884445951861537,-9.353812507787708
8.117,1.3883457698473536,-9.389472959093787
8.118,1.388246902548056,-9.425668943704473
8.119,1.388147992115621,-9.462366073890806
8.120000000000001,1.3880490374167287,-9.499529470681232
8.121,1.387950037358544,-9.537123797209894
8.122,1.3878509908898506,-9.575113292509016
8.123,1.387751897002141,-9.613461805717861
8.124,1.3876527547306734,-9.65213283067083
8.125,1.3875535631554847,-9.691089540835378
8.126,1.387454321402364,-9.73029482456387
8.127,1.387355028643784,-9.769711320630442
8.128,1.3872556840997883,-9.809301454009166
8.129,1.3871562870388334,-9.849027471872411
8.13,1.3870568367785918,-9.888851479761762
8.131,1.3869573326867015,-9.92873547790947
8.132,1.3868577741814738,-9.968641397664257
8.133000000000001,1.386758160732551,-10.0085311379951
8.134,1.386658491861519,-10.048366602033461
8.135,1.3865587671424693,-10.088109733622524
8.136000000000001,1.3864589862025094,-10.127722553832399
8.137,1.386359148722228,-10.167167197415687
8.138,1.3862592544361059,-10.20640594915833
8.139,1.386159303132876,-10.245401280098541
8.14,1.386059294655835,-10.284115883577059
8.141,1.3859592289030995,-10.32251271107971
8.142,1.38585910582781,-10.360555007846848
8.143,1.3857589254382863,-10.398206348205967
8.144,1.385658687798125,-10.435430670601015
8.145,1.3855583930262474,-10.472192312281337
8.146,1.3854580412968935,-10.50845604361578
8.147,1.3853576328395605,-10.54418710200482
8.148,1.3852571679388934,-10.57935122534839
8.149000000000001,1.3851566469345142,-10.613914685048606
8.15,1.3850560702208057,-10.647844318506856
8.151,1.3849554382466382,-10.681107561089114
8.152000000000001,1.3848547515150424,-10.713672477525122
8.153,1.384754010582832,-10.745507792715365
8.154,1.3846532160601739,-10.77658292191208
8.155,1.3845523686101018,-10.806868000248926
8.156,1.384451468947984,-10.836333911586955
8.157,1.3843505178409365,-10.864952316653486
8.158,1.3842495161071837,-10.892695680443715
8.159,1.3841484646153717,-10.919537298859424
8.16,1.3840473642838311,-10.945451324559095
8.161,1.3839462160797877,-10.970412791995912
8.162,1.3838450210185291,-10.994397641615635
8.163,1.3837437801625196,-11.01738274319736
8.164,1.3836424946204682,-11.03934591830702
8.165000000000001,1.383541165546354,-11.060265961848692
8.166,1.383439794138401,-11.080122662686733
8.167,1.3833383816380118,-11.098896823326761
8.168000000000001,1.3832369293286557,-11.116570278625204
8.169,1.3831354385347157,-11.133125913521987
8.17,1.3830339106202922,-11.148547679767809
8.171,1.382932346987967,-11.162820611638324
8.172,1.3828307490775276,-11.175930840613105
8.173,1.3827291183646535,-11.187865609011176
8.174,1.3826274563595637,-11.198613282564885
8.175,1.3825257646056317,-11.208163361922153
8.176,1.3824240446779612,-11.21650649306683
8.177,1.3823222981819332,-11.22363447664305
8.178,1.3822205267517162,-11.229540276178497
8.179,1.3821187320487505,-11.2342180251974
8.18,1.3820169157601985,-11.237663033212371
8.181000000000001,1.381915079597373,-11.239871790595778
8.182,1.3818132252941313,-11.240841972319025
8.183,1.3817113546052533,-11.240572440561564
8.184000000000001,1.3816094693047871,-11.239063246180756
8.185,1.381507571184382,-11.236315629047375
8.186,1.3814056620515922,-11.23233201724073
8.187,1.3813037437281697,-11.227116025107186
8.188,1.3812018180483334,-11.220672450181901
8.189,1.3810998868570277,-11.213007268976547
8.19,1.3809979520081666,-11.204127631637327
8.191,1.3808960153628604,-11.194041855479355
8.192,1.3807940787876425,-11.18275941739794
8.193,1.3806921441526732,-11.170290945171537
8.194,1.3805902133299504,-11.15664820765727
8.195,1.3804882881915057,-11.141844103893149
8.196,1.3803863706076014,-11.125892651112956
8.197000000000001,1.3802844624449224,-11.10880897168834
8.198,1.3801825655647708,-11.09060927900829
8.199,1.38008068182126,-11.071310862309737
8.2,1.3799788130595148,-11.050932070473365
8.201,1.379876961113871,-11.029492294800654
8.202,1.3797751278060908,-11.00701195078571
8.203,1.3796733149435767,-10.983512458902908
8.204,1.3795715243176006,-10.959016224425142
8.205,1.3794697577015487,-10.933546616292105
8.206,1.3793680168491718,-10.907127945050966
8.207,1.379266303492857,-10.879785439888089
8.208,1.379164619341914,-10.851545224771122
8.209,1.3790629660808822,-10.822434293731746
8.21,1.3789613453678549,-10.792480485301503
8.211,1.3788597588328297,-10.761712456137246
8.212,1.3787582080760787,-10.73015965384753
8.213000000000001,1.3786566946665466,-10.697852289058929
8.214,1.378555220140276,-10.66482130673861
8.215,1.37845378599886,-10.631098356807115
8.216,1.3783523937079214,-10.596715764062793
8.217,1.3782510446956344,-10.561706497454423
8.218,1.3781497403512657,-10.526104138722395
8.219,1.3780484820237593,-10.489942850446582
8.22,1.3779472710203544,-10.453257343523184
8.221,1.3778461086052411,-10.416082844108907
8.222,1.3777449959982548,-10.378455060057995
8.223,1.3776439343736082,-10.340410146888352
8.224,1.3775429248586704,-10.301984673304744
8.225,1.377441968532783,-10.263215586317706
8.226,1.3773410664261223,-10.224140175984118
8.227,1.377240219518609,-10.184796039810735
8.228,1.3771394287388574,-10.14522104684761
8.229000000000001,1.3770386949631803,-10.105453301510003
8.23,1.3769380190146359,-10.06553110716186
8.231,1.3768374016621254,-10.0254929294966
8.232,1.376736843619546,-9.985377359746309
8.233,1.3766363455449853,-9.945223077761277
8.234,1.376535908039978,-9.90506881498743
8.235,1.3764355316488086,-9.864953317383268
8.236,1.376335216857872,-9.82491530830844
8.237,1.3762349640950853,-9.784993451418444
8.238,1.376134773729357,-9.745226313605926
8.239,1.3760346460701123,-9.705652328017635
8.24,1.3759345813668724,-9.666309757186184
8.241,1.3758345798088916,-9.627236656312391
8.242,1.3757346415248537,-9.588470836730245
8.243,1.3756347665826245,-9.550049829592936
8.244,1.37553495498906,-9.512010849810984
8.245000000000001,1.375435206689879,-9.474390760280848
8.246,1.3753355215695873,-9.437226036435703
8.247,1.375235899451467,-9.400552731154463
8.248,1.375136340097621,-9.36440644005804
8.249,1.375036843209076,-9.32882226723354
8.25,1.3749374084259498,-9.293834791412486
8.251,1.374838035327668,-9.259478032640509
8.252,1.3747387234332522,-9.225785419465332
8.253,1.3746394722016562,-9.192789756680376
8.254,1.3745402810321643,-9.16052319365103
8.255,1.3744411492648523,-9.129017193255713
8.256,1.3743420761810994,-9.098302501469597
8.257,1.3742430610041616,-9.068409117624427
8.258000000000001,1.374144102899803,-9.03936626536764
8.259,1.37404520097698,-9.011202364355071
8.26,1.373946354288587,-8.983945002697226
8.261000000000001,1.3738475618322539,-8.957620910192766
8.262,1.373748822551197,-8.932255932370275
8.263,1.3736501353351296,-8.907875005366343
8.264,1.3735514990212216,-8.884502131661307
8.265,1.3734529123951138,-8.862160356699782
8.266,1.3733543741919807,-8.840871746415523
8.267,1.3732558830976491,-8.820657365683886
8.268,1.3731574377497637,-8.801537257723794
8.269,1.3730590367390012,-8.783530424465177
8.27,1.372960678610332,-8.766654807907273
8.271,1.3728623618643314,-8.750927272481768
8.272,1.3727640849585339,-8.736363588436092
8.273,1.3726658463088293,-8.722978416260418
8.274000000000001,1.37256764429091,-8.710785292165106
8.275,1.3724694772417494,-8.699796614630841
8.276,1.372371343461129,-8.69002363203694
8.277000000000001,1.3722732412132013,-8.681476431387267
8.278,1.3721751687280894,-8.674163928139173
8.279,1.3720771242035243,-8.668093857150865
8.28,1.3719791058065178,-8.66327276475024
8.281,1.371881111675064,-8.6597060019405
8.282,1.371783139919878,-8.657397718741699
8.283,1.3716851886261603,-8.656350859681801
8.284,1.3715872558553917,-8.65656716043452
8.285,1.3714893396471541,-8.65804714561402
8.286,1.3713914380209749,-8.66079012772606
8.287,1.3712935489781979,-8.66479420727606
8.288,1.3711956705038733,-8.670056274036774
8.289,1.371097800568664,-8.67657200947437
8.290000000000001,1.3709999371307793,-8.684335890329038
8.291,1.3709020781379138,-8.693341193352026
8.292,1.3708042215292078,-8.703580001186765
8.293000000000001,1.3707063652372171,-8.715043209399958
8.294,1.3706085071898935,-8.72772053464476
8.295,1.3705106453125746,-8.741600523960102
8.296,1.3704127775299801,-8.756670565187058
8.297,1.370314901768211,-8.772916898502125
8.298,1.3702170159567562,-8.790324629049408
8.299,1.370119118030494,-8.808877740666283
8.3,1.3700212059316983,-8.828559110685035
8.301,1.3699232776120378,-8.849350525799629
8.302,1.369825331034573,-8.871232698981792
8.303,1.369727364175744,-8.894185287432727
8.304,1.3696293750273514,-8.918186911549057
8.305,1.369531361598527,-8.943215174892657
8.306000000000001,1.36943332191769,-8.96924668513671
8.307,1.3693352540344894,-8.996257075978896
8.308,1.3692371560217327,-9.024221029990017
8.309000000000001,1.3691390259772893,-9.053112302386872
8.31,1.3690408620259842,-9.082903745699703
8.311,1.3689426623214591,-9.113567335316539
8.312,1.368844425048018,-9.145074195874471
8.313,1.3687461484224424,-9.177394628480549
8.314,1.3686478306957786,-9.210498138728028
8.315,1.3685494701551009,-9.24435346549248
8.316,1.3684510651252375,-9.278928610467283
8.317,1.3683526139704683,-9.31419086842326
8.318,1.3682541150961849,-9.350106858155293
8.319,1.3681555669505192,-9.386642554092909
8.32,1.3680569680259258,-9.423763318537866
8.321,1.3679583168607368,-9.461433934506864
8.322000000000001,1.3678596120406639,-9.499618639139797
8.323,1.3677608522002667,-9.538281157649557
8.324,1.367662036024373,-9.57738473777502
8.325,1.3675631622494535,-9.616892184708803
8.326,1.3674642296649513,-9.656765896464712
8.327,1.367365237114563,-9.696967899652151
8.328,1.3672661834974682,-9.737459885621561
8.329,1.367167067769511,-9.778203246952309
8.33,1.367067888944327,-9.819159114239135
8.331,1.3669686460944195,-9.86028839315128
8.332,1.3668693383521788,-9.901551801724736
8.333,1.3667699649108456,-9.94290990785052
8.334,1.3666705250254223,-9.984323166927062
8.335,1.36657101801352,-10.02575195964085
8.336,1.3664714432561542,-10.067156629834187
8.337,1.3663718001984746,-10.108497522430568
8.338000000000001,1.3662720883504385,-10.149735021376166
8.339,1.3661723072874226,-10.19082958756782
8.34,1.3660724566507716,-10.23174179672099
8.341,1.3659725361482862,-10.272432377153748
8.342,1.3658725455546468,-10.312862247440528
8.343,1.3657724847117751,-10.352992553906383
8.344,1.365672353529129,-10.392784707921976
8.345,1.3655721519839368,-10.432200422965359
8.346,1.3654718801213626,-10.471201751415457
8.347,1.3653715380546103,-10.509751121041134
8.348,1.3652711259649586,-10.547811371149407
8.349,1.3651706441017337,-10.58534578836261
8.35,1.3650700927822148,-10.622318141985843
8.351,1.3649694723914731,-10.658692718933281
8.352,1.3648687833821485,-10.694434358176636
8.353,1.3647680262741544,-10.729508484689113
8.354000000000001,1.3646672016543242,-10.76388114284358
8.355,1.3645663101759875,-10.797519029241847
8.356,1.3644653525584851,-10.830389524933977
8.357,1.3643643295866146,-10.862460727007154
8.358,1.3642632421100152,-10.893701479502298
8.359,1.3641620910424883,-10.924081403640187
8.36,1.364060877361256,-10.953570927316825
8.361,1.3639596021061504,-10.9821413138486
8.362,1.3638582663787504,-11.009764689933768
8.363,1.363756871341451,-11.03641407280675
8.364,1.3636554182164704,-11.062063396554336
8.365,1.3635539082848043,-11.08668753757501
8.366,1.3634523428851153,-11.11026233914864
8.367,1.3633507234125641,-11.132764635102497
8.368,1.3632490513175894,-11.154172272537444
8.369,1.3631473281046265,-11.174464133607309
8.370000000000001,1.3630455553307719,-11.193620156315724
8.371,1.3629437346043949,-11.211621354323256
8.372,1.3628418675837004,-11.228449835732086
8.373,1.3627399559752322,-11.244088820842812
8.374,1.3626380015323347,-11.258522658855256
8.375,1.3625360060535616,-11.271736843505252
8.376,1.362433971381039,-11.283718027612053
8.377,1.362331899398781,-11.29445403653515
8.378,1.3622297920309654,-11.303933880513775
8.379,1.3621276512401637,-11.312147765884923
8.38,1.362025479025529,-11.319087105166219
8.381,1.3619232774209484,-11.324744525993353
8.382,1.3618210484931552,-11.329113878901751
8.383000000000001,1.3617187943398072,-11.332190243948645
8.384,1.3616165170875287,-11.33396993616136
8.385,1.3615142188899219,-11.334450509813486
8.386000000000001,1.3614119019255475,-11.333630761519842
8.387,1.3613095683958767,-11.331510732147443
8.388,1.3612072205232173,-11.328091707539691
8.389,1.3611048605486142,-11.323376218053959
8.39,1.3610024907297262,-11.3173680369107
8.391,1.3609001133386869,-11.310072177355444
8.392,1.3607977306599401,-11.30149488863458
8.393,1.3606953449880637,-11.291643650793795
8.394,1.3605929586255767,-11.280527168291044
8.395,1.3604905738807356,-11.268155362445889
8.396,1.3603881930653177,-11.254539362716919
8.397,1.3602858184923967,-11.239691496823127
8.398,1.3601834524741165,-11.223625279716323
8.399000000000001,1.3600810973194541,-11.206355401414633
8.4,1.359978755331985,-11.187897713704103
8.401,1.359876428807648,-11.168269215728202
8.402000000000001,1.3597741200325115,-11.147488038468566
8.403,1.3596718312805467,-11.125573428143419
8.404,1.3595695648114043,-11.102545728521804
8.405,1.359467322868201,-11.078426362190157
8.406,1.3593651076753206,-11.053237810768948
8.407,1.3592629214362224,-11.027003594114376
8.408,1.3591607663312686,-10.99974824850878
8.409,1.3590586445155695,-10.971497303875807
8.41,1.358956558116846,-10.94227726002557
8.411,1.3588545092333133,-10.912115561965614
8.412,1.3587524999315939,-10.881040574290132
8.413,1.3586505322446496,-10.849081554679465
8.414,1.3585486081697424,-10.816268626527254
8.415000000000001,1.3584467296664318,-10.782632750727366
8.416,1.3583448986545927,-10.7482056966412
8.417,1.3582431170124807,-10.71302001227734
8.418000000000001,1.3581413865748195,-10.677108993707613
8.419,1.358039709130936,-10.640506653751551
8.42,1.35793808642293,-10.603247689954621
8.421,1.3578365201438893,-10.565367451895206
8.422,1.3577350119361404,-10.526901907846089
8.423,1.357633563389555,-10.487887610825801
8.424,1.3575321760398928,-10.44836166406806
8.425,1.357430851367201,-10.408361685946886
8.426,1.357329590794258,-10.367925774383181
8.427,1.3572283956850728,-10.327092470774623
8.428,1.3571272673434331,-10.285900723475507
8.429,1.357026207011516,-10.244389850865893
8.43,1.3569252158685448,-10.202599504042702
8.431000000000001,1.3568242950295124,-10.160569629169792
8.432,1.3567234455439583,-10.118340429518291
8.433,1.3566226683948077,-10.075952327241076
8.434000000000001,1.3565219644972728,-10.03344592490744
8.435,1.3564213346978156,-9.990861966844989
8.436,1.356320779773175,-9.948241300315232
8.437,1.35622030042946,-9.905624836569388
8.438,1.3561198973013062,-9.863053511812161
8.439,1.3560195709511056,-9.820568248118427
8.44,1.3559193218682921,-9.7782099143351
8.441,1.355819150468711,-9.736019287007927
8.442,1.3557190570940465,-9.694037011366895
8.443,1.3556190420113226,-9.652303562414318
8.444,1.3555191054124782,-9.610859206143004
8.445,1.355419247414009,-9.56974396093176
8.446,1.3553194680566834,-9.528997559145054
8.447000000000001,1.3552197673053306,-9.488659408984716
8.448,1.3551201450487018,-9.448768556617267
8.449,1.3550206010994028,-9.409363648625188
8.45,1.354921135193903,-9.370482894808049
8.451,1.354821746992613,-9.332164031379705
8.452,1.3547224360800405,-9.294444284584642
8.453,1.3546232019650164,-9.257360334777545
8.454,1.3545240440809967,-9.220948280998655
8.455,1.3544249617864361,-9.185243606076227
8.456,1.3543259543652357,-9.150281142291178
8.457,1.3542270210272618,-9.116095037638345
8.458,1.3541281609089397,-9.082718722715882
8.459,1.3540293730739184,-9.050184878272162
8.46,1.353930656513808,-9.018525403447171
8.461,1.3538320101489847,-8.987771384732753
8.462,1.353733432829473,-8.957953065686652
8.463000000000001,1.3536349233358895,-8.929099817427954
8.464,1.353536480380462,-8.901240109939636
8.465,1.3534381026081155,-8.87440148421274
8.466,1.353339788597623,-8.848610525252312
8.467,1.353241536862826,-8.823892835976423
8.468,1.353143345853919,-8.800273012029109
8.469,1.353045213958797,-8.77777461753864
8.47,1.352947139504468,-8.756420161834484
8.471,1.352849120758529,-8.736231077159943
8.472,1.3527511559306975,-8.71722769738578
8.473,1.352653243174406,-8.699429237762061
8.474,1.3525553805884558,-8.682853775713895
8.475,1.3524575662187237,-8.667518232713391
8.476,1.352359798059925,-8.653438357232886
8.477,1.3522620740574318,-8.64062870880619
8.478,1.3521643921091402,-8.62910264321114
8.479000000000001,1.3520667500673893,-8.61887229878522
8.48,1.3519691457409284,-8.609948583890528
8.481,1.3518715768969294,-8.60234116554372
8.482,1.351774041263047,-8.596058459215996
8.483,1.3516765365295185,-8.591107619820448
8.484,1.3515790603513063,-8.58749453389025
8.485,1.3514816103502798,-8.585223812961743
8.486,1.3513841841174323,-8.584298788164318
8.487,1.3512867792151344,-8.584721506027392
8.488,1.3511893931794214,-8.586492725505892
8.489,1.3510920235223085,-8.589611916231917
8.49,1.3509946677341362,-8.594077257990193
8.491,1.350897323285943,-8.599885641423484
8.492,1.3507999876318597,-8.60703266996569
8.493,1.350702658211529,-8.615512663001553
8.494,1.3506053324525416,-8.62531866025165
8.495000000000001,1.3505080077728908,-8.636442427381354
8.496,1.3504106815834436,-8.648874462824196
8.497,1.3503133512904226,-8.662604005819674
8.498,1.3502160142978972,-8.677619045655078
8.499,1.3501186680102883,-8.693906332105783
8.5,1.3500213098348697,-8.71145138706376
8.501,1.349923937184282,-8.730238517342698
8.502,1.3498265474790396,-8.750250828653563
8.503,1.3497291381500423,-8.77147024073254
8.504,1.3496317066410763,-8.793877503609693
8.505,1.349534250411317,-8.817452215007208
8.506,1.3494367669378118,-8.842172838844533
8.507,1.3493392537179654,-8.868016724843258
8.508000000000001,1.3492417082719983,-8.894960129203184
8.509,1.3491441281453962,-8.922978236338494
8.51,1.3490465109113414,-8.952045181654086
8.511000000000001,1.3489488541731203,-8.982134075335196
8.512,1.348851155566506,-9.013217027134218
8.513,1.3487534127621226,-9.045265172131792
8.514,1.3486556234677747,-9.07824869744249
8.515,1.3485577854307473,-9.112136869850943
8.516,1.3484598964400782,-9.14689806434113
8.517,1.3483619543287895,-9.182499793500995
8.518,1.3482639569760857,-9.218908737772935
8.519,1.3481659023095116,-9.256090776518988
8.52,1.3480677883070682,-9.294011019876606
8.521,1.347969612999286,-9.332633841373195
8.522,1.3478713744712532,-9.371922911267049
8.523,1.3477730708645927,-9.411841230588266
8.524000000000001,1.3476747003793954,-9.452351165843638
8.525,1.3475762612760955,-9.493414484354489
8.526,1.347477751877297,-9.534992390196066
8.527000000000001,1.3473791705695404,-9.577045560704434
8.528,1.347280515805018,-9.619534183510567
8.529,1.3471817861032231,-9.662417994079021
8.53,1.3470829800525437,-9.705656313704225
8.531,1.3469840963117903,-9.749208087935898
8.532,1.3468851336116625,-9.793031925393308
8.533,1.346786090756148,-9.837086136936023
8.534,1.3466869666238526,-9.881328775148901
8.535,1.3465877601692675,-9.925717674110842
8.536,1.3464884704239597,-9.97021048940158
8.537,1.3463890964976941,-10.014764738317908
8.538,1.3462896375794848,-10.059337840253903
8.539,1.3461900929385704,-10.103887157208959
8.540000000000001,1.3460904619253127,-10.148370034389401
8.541,1.3459907439720233,-10.192743840857801
8.542,1.345890938593712,-10.236966010200433
8.543000000000001,1.3457910453887543,-10.280994081164664
8.544,1.3456910640394852,-10.324785738233857
8.545,1.3455909943127107,-10.368298852102939
8.546,1.345490836060137,-10.411491520008411
8.547,1.3453905892187263,-10.454322105882909
8.548,1.3452902538109617,-10.49674928028854
8.549,1.3451898299450378,-10.538732060098383
8.55,1.3450893178149665,-10.5802298478812
8.551,1.3449887177006004,-10.621202470957499
8.552,1.344888029967573,-10.661610220084768
8.553,1.344787255067158,-10.701413887739818
8.554,1.3446863935360431,-10.7405748059562
8.555,1.3445854459960243,-10.779054883685959
8.556000000000001,1.3444844131536142,-10.81681664364443
8.557,1.3443832957995692,-10.853823258606837
8.558,1.3442820948083352,-10.89003858711986
8.559000000000001,1.3441808111374105,-10.925427208595394
8.56,1.3440794458266259,-10.959954457747955
8.561,1.3439779999973458,-10.993586458350364
8.562,1.343876474851588,-11.02629015626674
8.563,1.3437748716710634,-11.058033351738771
8.564,1.3436731918161366,-11.088784730885777
8.565,1.3435714367247078,-11.118513896394646
8.566,1.3434696079110202,-11.147191397367692
8.567,1.3433677069643841,-11.17478875829731
8.568,1.3432657355478343,-11.201278507141751
8.569,1.3431636953967059,-11.22663420247369
8.57,1.3430615883171408,-11.25083045967537
8.571,1.3429594161845217,-11.273842976152721
8.572000000000001,1.3428571809418335,-11.295648555547004
8.573,1.342754884597959,-11.316225130917218
8.574,1.3426525292259037,-11.335551786870852
8.575000000000001,1.3425501169609568,-11.353608780623361
8.576,1.3424476499987847,-11.370377561961377
8.577,1.342345130593464,-11.385840792093433
8.578,1.3422425610554556,-11.399982361367393
8.579,1.3421399437495116,-11.412787405836625
8.58,1.342037281092533,-11.424242322659254
8.581,1.3419345755513672,-11.43433478431406
8.582,1.3418318296405551,-11.443053751617839
8.583,1.3417290459200204,-11.450389485533009
8.584,1.3416262269927177,-11.456333557749247
8.585,1.3415233755022267,-11.460878860032679
8.586,1.3414204941303047,-11.464019612328798
8.587,1.3413175855943955,-11.465751369611425
8.588000000000001,1.3412146526450959,-11.466071027472239
8.589,1.3411116980635855,-11.464976826439212
8.59,1.3410087246590225,-11.46246835502393
8.591,1.3409057352659,-11.458546551493
8.592,1.3408027327413787,-11.453213704353828
8.593,1.3406997199625847,-11.44647345156514
8.594,1.3405966998238845,-11.438330778459445
8.595,1.340493675234137,-11.428792014388321
8.596,1.340390649113922,-11.417864828083353
8.597,1.340287624392752,-11.405558221744101
8.598,1.3401846040062688,-11.391882523852004
8.599,1.340081590893425,-11.376849380717687
8.6,1.3399785879936579,-11.36047174676817
8.601,1.3398755982440533,-11.342763873582598
8.602,1.339772624576506,-11.323741297684151
8.603,1.3396696699148762,-11.30342082710095
8.604000000000001,1.33956673717215,-11.281820526703157
8.605,1.339463829247596,-11.258959702335062
8.606,1.3393609490239389,-11.234858883749055
8.607,1.3392580993645284,-11.20953980636338
8.608,1.3391552831105324,-11.18302539185352
8.609,1.339052503078135,-11.155339727598488
8.61,1.338949762055755,-11.126508044999653
8.611,1.338847062801285,-11.096556696689603
8.612,1.33874440803935,-11.065513132653592
8.613,1.3386418004585945,-11.033405875285254
8.614,1.338539242708992,-11.000264493394255
8.615,1.338436737399192,-10.966119575200153
8.616,1.3383342870938915,-10.931002700322097
8.617,1.3382318943112508,-10.894946410804636
8.618,1.3381295615203406,-10.857984181195903
8.619,1.3380272911386308,-10.820150387709845
8.620000000000001,1.3379250855295284,-10.781480276499707
8.621,1.337822946999951,-10.742009931071209
8.622,1.3377208777979586,-10.701776238868192
8.623,1.3376188801104283,-10.660816857058833
8.624,1.3375169560607856,-10.619170177552078
8.625,1.3374151077067904,-10.576875291283983
8.626,1.3373133370383798,-10.533971951796303
8.627,1.3372116459755703,-10.490500538153185
8.628,1.3371100363664221,-10.446502017218606
8.629,1.3370085099850686,-10.402017905338525
8.63,1.336907068529812,-10.357090229457953
8.631,1.336805713621281,-10.311761487713127
8.632,1.3367044468006686,-10.26607460953052
8.633000000000001,1.3366032695280339,-10.220072915275495
8.634,1.336502183180679,-10.173800075485147
8.635,1.3364011890516045,-10.127300069722025
8.636000000000001,1.3363002883480382,-10.080617145092148
8.637,1.3361994821900445,-10.03379577446124
8.638,1.3360987716092132,-9.98688061440879
8.639,1.3359981575474316,-9.939916462967474
8.64,1.3358976408557377,-9.892948217171721
8.641,1.3357972222932581,-9.846020830473933
8.642,1.3356969025262329,-9.79917927005279
8.643,1.3355966821271252,-9.752468474063974
8.644,1.3354965615738221,-9.705933308868978
8.645,1.3353965412489197,-9.659618526284447
8.646,1.3352966214391024,-9.61356872089064
8.647,1.3351968023346097,-9.567828287440989
8.648,1.3350970840287968,-9.522441378412125
8.649000000000001,1.334997466517784,-9.477451861737109
8.65,1.3348979497002031,-9.432903278757706
8.651,1.3347985333770338,-9.388838802438286
8.652000000000001,1.3346992172515335,-9.34530119588399
8.653,1.3346000009292631,-9.302332771194457
8.654,1.3345008839182044,-9.259975348702795
8.655,1.3344018656289744,-9.218270216630117
8.656,1.334302945375131,-9.17725809119878
8.657,1.3342041223735746,-9.136979077241719
8.658,1.3341053957450437,-9.097472629345205
8.659,1.334006764514704,-9.05877751356256
8.66,1.3339082276128311,-9.020931769734375
8.661,1.3338097838755851,-8.983972674455174
8.662,1.3337114320458814,-8.947936704717335
8.663,1.3336131707743484,-8.912859502272553
8.664,1.3335149986203814,-8.878775838739656
8.665000000000001,1.3334169140532828,-8.845719581498756
8.666,1.3333189154534983,-8.813723660398622
8.667,1.333221001113933,-8.782820035316234
8.668000000000001,1.3331231692413616,-8.75303966459289
8.669,1.3330254179579253,-8.724412474385147
8.67,1.3329277453027129,-8.696967328954031
8.671,1.3328301492334218,-8.67073200192685
8.672,1.3327326276281093,-8.645733148555735
8.673,1.3326351782870223,-8.621996279004037
8.674,1.3325377989345029,-8.599545732683097
8.675,1.3324404872209779,-8.578404653669551
8.676,1.3323432407250217,-8.558594967221566
8.677,1.3322460569554946,-8.54013735742582
8.678,1.3321489333537544,-8.523051245985926
8.679,1.3320518672959378,-8.507354772188634
8.68,1.3319548560953125,-8.493064774052414
8.681000000000001,1.3318578970046921,-8.480196770691862
8.682,1.3317609872189264,-8.468764945902933
8.683,1.3316641238774365,-8.458782132999644
8.684000000000001,1.3315673040668277,-8.450259800902899
8.685,1.3314705248235508,-8.443208041512023
8.686,1.3313737831366206,-8.437635558357968
8.687,1.331277075950389,-8.433549656560643
8.688,1.3311804001673668,-8.43095623409647
8.689,1.331083752651095,-8.429859774387765
8.69,1.3309871302290606,-8.430263340221515
8.691,1.3308905296956564,-8.432168569005896
8.692,1.330793947815178,-8.43557566936942
8.693,1.3306973813248613,-8.4404834191099
8.694,1.330600826937952,-8.446889164493236
8.695,1.330504281346809,-8.45478882090864
8.696,1.3304077412260338,-8.464176874875676
8.697000000000001,1.3303112032356281,-8.475046387410984
8.698,1.3302146640241714,-8.487388998743885
8.699,1.3301181202320222,-8.50119493438574
8.700000000000001,1.3300215684945325,-8.516453012544744
8.701,1.3299250054452778,-8.533150652882284
8.702,1.3298284277192984,-8.551273886603365
8.703,1.3297318319563463,-8.570807367877002
8.704,1.3296352148041386,-8.591734386568966
8.705,1.3295385729216107,-8.614036882287174
8.706,1.3294419029821702,-8.637695459720604
8.707,1.3293452016769434,-8.66268940526082
8.708,1.3292484657180155,-8.688996704894432
8.709,1.3291516918416573,-8.716594063346612
8.71,1.3290548768115447,-8.745456924464527
8.711,1.3289580174219489,-8.775559492818676
8.712,1.32886111050092,-8.806874756505291
8.713000000000001,1.3287641529134357,-8.839374511131261
8.714,1.3286671415645301,-8.873029384955302
8.715,1.3285700734023909,-8.907808865170772
8.716,1.3284729454214217,-8.943681325299664
8.717,1.328375754665273,-8.980614053678423
8.718,1.328278498229831,-9.018573283006475
8.719,1.3281811732661666,-9.057524220935267
8.72,1.3280837769834375,-9.097431081663181
8.721,1.3279863066517452,-9.138257118519054
8.722,1.327888759604941,-9.179964657491972
8.723,1.327791133243376,-9.222515131688109
8.724,1.3276934250366013,-9.265869116674764
8.725,1.3275956325260012,-9.309986366686324
8.726,1.3274977533273726,-9.354825851654148
8.727,1.3273997851334347,-9.40034579503007
8.728,1.3273017257162745,-9.446503712365267
8.729000000000001,1.3272035729297242,-9.493256450614659
8.73,1.327105324711663,-9.540560228123312
8.731,1.32700697908625,-9.588370675266098
8.732,1.326908534166075,-9.63664287569684
8.733,1.3268099881542355,-9.68533140817178
8.734,1.3267113393463295,-9.734390388909734
8.735,1.326612586132367,-9.783773514446743
8.736,1.3265137269985958,-9.833434104947564
8.737,1.3264147605292371,-9.883325147934954
8.738,1.3263156854081406,-9.933399342391752
8.739,1.3262165004203386,-9.983609143200425
8.74,1.3261172044535117,-10.033906805875247
8.741,1.3260177964993622,-10.084244431544668
8.742,1.325918275654891,-10.134574012144103
8.743,1.3258186411235717,-10.184847475776937
8.744,1.325718892216434,-10.235016732199071
8.745000000000001,1.3256190283530394,-10.285033718386806
8.746,1.325519049062363,-10.334850444142518
8.747,1.3254189539835652,-10.384419037699296
8.748,1.325318742866666,-10.43369179127621
8.749,1.325218415573111,-10.482621206548572
8.75,1.3251179720762352,-10.531160039980364
8.751,1.3250174124616163,-10.579261347987412
8.752,1.324916736927327,-10.626878531877963
8.753,1.3248159457840742,-10.673965382536462
8.754,1.3247150394552354,-10.720476124802197
8.755,1.3246140184767836,-10.766365461504726
8.756,1.3245128834971065,-10.811588617111042
8.757,1.3244116352767148,-10.856101380945262
8.758000000000001,1.3243102746878437,-10.899860149937687
8.759,1.324208802713945,-10.942821970864866
8.76,1.3241072204490718,-10.984944582036313
8.761000000000001,1.3240055290971553,-11.0261864543928
8.762,1.323903729971173,-11.066506831971054
8.763,1.3238018244922096,-11.105865771703048
8.764,1.3236998141884133,-11.144224182502729
8.765,1.323597700693845,-11.18154386361125
8.766,1.3234954857472196,-11.21778754215578
8.767,1.3233931711905507,-11.252918909893587
8.768,1.3232907589676832,-11.286902659095805
8.769,1.3231882511227302,-11.319704517545901
8.77,1.3230856497984065,-11.351291282611001
8.771,1.32298295723426,-11.381630854358022
8.772,1.3228801757648128,-11.410692267677945
8.773,1.3227773078175962,-11.438445723388604
8.774000000000001,1.3226743559110965,-11.464862618286936
8.775,1.3225713226526046,-11.489915574117045
8.776,1.322468210735976,-11.513578465427454
8.777000000000001,1.3223650229393005,-11.535826446290628
8.778,1.3222617621224815,-11.556635975856352
8.779,1.3221584312247328,-11.575984842712725
8.78,1.3220550332619905,-11.593852188034028
8.781,1.3219515713242436,-11.61021852748442
8.782,1.3218480485727853,-11.625065771863728
8.783,1.3217444682373853,-11.63837724646936
8.784,1.3216408336133947,-11.650137709150798
8.785,1.32153714805877,-11.660333367047691
8.786,1.321433414991036,-11.66895189198312
8.787,1.3213296378841766,-11.675982434503783
8.788,1.3212258202654652,-11.68141563654451
8.789,1.3211219657122348,-11.685243642711463
8.790000000000001,1.3210180778485856,-11.687460110162384
8.791,1.3209141603420442,-11.688060217080693
8.792,1.3208102169001652,-11.687040669726318
8.793000000000001,1.3207062512670884,-11.684399708061488
8.794,1.3206022672200464,-11.680137109935902
8.795,1.3204982685658335,-11.674254193832102
8.796,1.320394259137232,-11.66675382016361
8.797,1.3202902427894054,-11.657640391120342
8.798,1.3201862233962574,-11.646919849063636
8.799,1.3200822048467609,-11.634599673466465
8.8,1.3199781910412653,-11.62068887639926
8.801,1.3198741858877754,-11.605197996566911
8.802,1.3197701932982162,-11.58813909189698
8.803,1.3196662171846794,-11.56952573068535
8.804,1.3195622614556612,-11.549372981302962
8.805,1.3194583300122895,-11.527697400476619
8.806000000000001,1.3193544267445465,-11.504517020143595
8.807,1.3192505555274894,-11.47985133290075
8.808,1.319146720217479,-11.453721276049425
8.809000000000001,1.3190429246484046,-11.426149214258011
8.81,1.31893917262793,-11.397158920848131
8.811,1.3188354679337426,-11.366775557724388
8.812,1.3187318143098279,-11.335025653965037
8.813,1.3186282154627575,-11.301937083088688
8.814,1.3185246750580073,-11.267539039014657
8.815,1.3184211967162986,-11.231862010746738
8.816,1.3183177840099747,-11.194937755786604
8.817,1.3182144404594087,-11.156799272317162
8.818,1.318111169529453,-11.11748077016453
8.819,1.3180079746259277,-11.077017640573928
8.82,1.3179048590921583,-11.035446424821455
8.821,1.3178018262055573,-10.992804781690726
8.822000000000001,1.3176988791742636,-10.94913145384109
8.823,1.317596021133832,-10.904466233102436
8.824,1.317493255143987,-10.85884992471626
8.825000000000001,1.317390584185435,-10.812324310570201
8.826,1.317288011156743,-10.764932111443343
8.827,1.317185538871288,-10.716716948308878
8.828,1.3170831700542767,-10.667723302718187
8.829,1.3169809073398369,-10.617996476310491
8.83,1.3168787532681943,-10.567582549477915
8.831,1.3167767102829226,-10.516528339229058
8.832,1.3166747807282837,-10.46488135628261
8.833,1.3165729668466466,-10.412689761437498
8.834,1.3164712707760051,-10.360002321251606
8.835,1.316369694547581,-10.306868363075143
8.836,1.3162682400835202,-10.253337729477092
8.837,1.3161669091946957,-10.199460732104743
8.838000000000001,1.3160657035785954,-10.145288105024644
8.839,1.3159646248173258,-10.09087095757889
8.84,1.31586367437571,-10.036260726806947
8.841,1.3157628535994963,-9.981509129476617
8.842,1.3156621637136738,-9.926668113760371
8.843,1.315561605820897,-9.871789810615113
8.844,1.3154611809000252,-9.816926484895845
8.845,1.3153608898047722,-9.762130486260059
8.846,1.315260733262474,-9.707454199900695
8.847,1.3151607118729713,-9.652949997160025
8.848,1.315060826107613,-9.598670186061696
8.849,1.3149610763083768,-9.544666961818418
8.85,1.3148614626871113,-9.490992357348855
8.851,1.3147619853249013,-9.437698193863273
8.852,1.3146626441715543,-9.3848360315503
8.853,1.3145634390452146,-9.332457120425563
8.854000000000001,1.3144643696320948,-9.28061235137406
8.855,1.3143654354863414,-9.229352207444443
8.856,1.3142666360300204,-9.178726715434234
8.857,1.3141679705532292,-9.12878539781309
8.858,1.3140694382143403,-9.079577225031763
8.859,1.313971038040365,-9.031150568258209
8.86,1.3138727689274492,-8.983553152590304
8.861,1.3137746296414916,-8.936832010785572
8.862,1.3136766188188944,-8.891033437554034
8.863,1.3135787349674333,-8.846202944459824
8.864,1.3134809764672577,-8.802385215469059
8.865,1.3133833415720175,-8.759624063193476
8.866,1.3132858284101094,-8.717962385867455
8.867,1.3131884349860525,-8.677442125101395
8.868,1.3130911591819836,-8.638104224450505
8.869,1.3129939987592751,-8.599988588845294
8.870000000000001,1.3128969513602766,-8.56313404491226
8.871,1.31280001451017,-8.527578302237542
8.872,1.3127031856189502,-8.493357915594476
8.873,1.3126064619835163,-8.460508248191625
8.874,1.3125098407898819,-8.42906343595895
8.875,1.312413319115498,-8.399056352921843
8.876,1.312316893931686,-8.370518577683688
8.877,1.3122205621061807,-8.343480361068208
8.878,1.312124320405784,-8.317970594932563
8.879,1.3120281654991204,-8.294016782201966
8.88,1.3119320939594954,-8.271645008141826
8.881,1.3118361022678595,-8.250879912907191
8.882,1.3117401868158645,-8.2317446653868
8.883000000000001,1.3116443439090193,-8.214260938380187
8.884,1.3115485697699385,-8.198448885123232
8.885,1.3114528605416795,-8.184327117193746
8.886000000000001,1.311357212291169,-8.171912683815767
8.887,1.311261621012713,-8.16122105258882
8.888,1.3111660826315883,-8.152266091656127
8.889,1.311070593007711,-8.145060053341105
8.89,1.310975147939384,-8.139613559259391
8.891,1.3108797431671129,-8.135935586930824
8.892,1.3107843743774885,-8.134033457905227
8.893,1.3106890372071416,-8.133912827410493
8.894,1.3105937272467498,-8.135577675546061
8.895,1.3104984400451083,-8.139030300022021
8.896,1.3104031711132562,-8.14427131046108
8.897,1.310307915928644,-8.151299624268884
8.898,1.3102126699393601,-8.16011246407853
8.899000000000001,1.3101174285683899,-8.170705356779248
8.9,1.310022187217921,-8.183072134126661
8.901,1.3099269412736756,-8.19720493494346
8.902000000000001,1.309831686109283,-8.213094208907677
8.903,1.3097364170906711,-8.230728721929932
8.904,1.309641129580485,-8.25009556311574
8.905,1.3095458189425238,-8.271180153313605
8.906,1.3094504805461895,-8.293966255240841
8.907,1.3093551097709488,-8.318435985178576
8.908,1.3092597020108017,-8.344569826237029
8.909,1.309164252678748,-8.372346643171046
8.91,1.3090687572112572,-8.401743698742498
8.911,1.3089732110727257,-8.432736671615773
8.912,1.3088776097599282,-8.465299675771048
8.913,1.308781948806453,-8.49940528142207
8.914,1.308686223787114,-8.535024537422961
8.915000000000001,1.3085904303223457,-8.572126995143496
8.916,1.3084945640825665,-8.61068073379493
8.917,1.3083986207925071,-8.650652387187934
8.918000000000001,1.3083025962355124,-8.692007171896845
8.919,1.3082064862577896,-8.734708916810815
8.92,1.3081102867726233,-8.778720094042901
8.921,1.3080139937645376,-8.824001851177455
8.922,1.3079176032934006,-8.870514044820613
8.923,1.30782111149848,-8.918215275432965
8.924,1.3077245146024332,-8.967062923410694
8.925,1.307627808915232,-9.01701318638458
8.926,1.307530990838021,-9.06802111770486
8.927,1.3074340568669007,-9.120040666081717
8.928,1.3073370035966339,-9.17302471634068
8.929,1.307239827724274,-9.22692513126502
8.93,1.3071425260527079,-9.281692794482348
8.931000000000001,1.3070450954941077,-9.33727765436198
8.932,1.3069475330732987,-9.39362876888132
8.933,1.3068498359310234,-9.450694351425195
8.934000000000001,1.3067520013271139,-9.508421817473725
8.935,1.3066540266435582,-9.566757832141256
8.936,1.306555909387466,-9.625648358520221
8.937,1.3064576471939202,-9.68503870679073
8.938,1.3063592378287237,-9.74487358404938
8.939,1.3062606791910265,-9.805097144812311
8.94,1.306161969315839,-9.86565304214958
8.941,1.3060631063764234,-9.926484479403282
8.942,1.3059640886865638,-9.98753426244159
8.943,1.3058649147027095,-10.048744852405436
8.944,1.305765583025992,-10.110058418893457
8.945,1.3056660924041112,-10.171416893546464
8.946,1.3055664417330899,-10.232762023970231
8.947000000000001,1.3054666300588902,-10.294035427960294
8.948,1.3053666565788997,-10.355178647970265
8.949,1.305266520643274,-10.41613320577655
8.950000000000001,1.30516622175614,-10.476840657290296
8.951,1.3050657595766606,-10.537242647464897
8.952,1.3049651339199497,-10.5972809652481
8.953,1.3048643447578494,-10.656897598531764
8.954,1.3047633922195558,-10.71603478904084
8.955,1.3046622765920992,-10.774635087117645
8.956,1.3045609983206787,-10.832641406348422
8.957,1.3044595580088432,-10.88999707798024
8.958,1.304357956418525,-10.946645905076746
8.959,1.3042561944699245,-11.002532216366319
8.96,1.3041542732412408,-11.05760091972596
8.961,1.3040521939682528,-11.111797555257503
8.962,1.30394995804375,-11.165068347898295
8.963000000000001,1.3038475670168095,-11.217360259524991
8.964,1.3037450225919247,-11.268621040495221
8.965,1.3036423266279806,-11.318799280578284
8.966,1.3035394811370797,-11.367844459232588
8.967,1.3034364882832155,-11.415706995173817
8.968,1.303333350380803,-11.462338295189436
8.969,1.303230069893053,-11.507690802158315
8.97,1.3031266494302038,-11.551718042218276
8.971,1.303023091747604,-11.594374671045813
8.972,1.3029193997436523,-11.635616519197963
8.973,1.3028155764575915,-11.675400636474066
8.974,1.3027116250671613,-11.713685335252787
8.975,1.30260754888611,-11.750430232766046
8.976,1.3025033513615685,-11.785596292260486
8.977,1.3023990360712863,-11.819145863014569
8.978,1.302294606720733,-11.851042719166863
8.979000000000001,1.302190067140068,-11.881252097316558
8.98,1.302085421280979,-11.909740732860428
8.981,1.3019806732133934,-11.936476895030538
8.982,1.3018758271220652,-11.961430420593018
8.983,1.3017708873030391,-11.984572746179163
8.984,1.3016658581599938,-12.005876939211443
8.985,1.30156074420047,-12.025317727394718
8.986,1.3014555500319869,-12.042871526740948
8.987,1.301350280358045,-12.058516468099754
8.988,1.3012449399740238,-12.072232422163516
8.989,1.3011395337629754,-12.084001022923974
8.99,1.3010340666913218,-12.093805689552894
8.991,1.3009285438044484,-12.101631646682055
8.992,1.300822970222214,-12.107465943061424
8.993,1.3007173511343664,-12.111297468576405
8.994,1.3006116917958748,-12.113116969596822
8.995000000000001,1.3005059975221822,-12.112917062650464
8.996,1.300400273684381,-12.110692246393608
8.997,1.3002945257043177,-12.106438911871606
8.998,1.3001887590496282,-12.100155351050017
8.999,1.3000829792287099,-12.091841763608612
9.0,1.2999771917856355,-12.081500261984214
