time_s,dc_potential_V,filtered_dc_current_mA
2.0,1.3998527868037676,80.67710833523279
2.001,1.3999116367559734,81.0203645501719
2.002,1.3999706102561782,81.36851853621374
2.003,1.4000297170403668,81.72155106593027
2.004,1.4000889667944691,82.0794419222616
2.005,1.400148369152137,82.44216990543322
2.006,1.4002079336925353,82.80971284009831
2.007,1.4002676699381493,83.18204758270531
2.008,1.4003275873526098,83.55915002909296
2.009,1.400387695338539,83.94099512230588
2.01,1.4004480032354079,84.32755686062325
2.011,1.4005085203174197,84.71880830581557
2.012,1.4005692557914073,85.1147215916065
2.013,1.400630218794752,85.51526793235246
2.014,1.4006914183933237,85.9204176319289
2.015,1.4007528635794388,86.33014009282704
2.016,1.4008145632698425,86.74440382545299
2.017,1.400876526303708,87.16317645762888
2.018,1.4009387614406628,87.58642474429553
2.019,1.4010012773588325,88.01411457741153
2.02,1.4010640826529113,88.44621099604473
2.021,1.401127185832253,88.88267819665779
2.022,1.4011905953189854,89.32347954357994
2.023,1.4012543194461518,89.7685775796659
2.024,1.4013183664558717,90.21793403713926
2.025,1.4013827444975324,90.67150984861047
2.026,1.4014474616259993,91.12926515827996
2.027,1.401512525799858,91.59115933330702
2.028,1.4015779448796752,92.05715097535582
2.029,1.4016437266262947,92.52719793230654
2.03,1.4017098786991498,93.00125731013094
2.031,1.4017764086546134,93.47928548493144
2.032,1.401843323944365,93.96123811513831
2.033,1.4019106319137933,94.44707015385984
2.0340000000000003,1.4019783398004229,94.93673586138729
2.035,1.4020464547323697,95.43018881784838
2.036,1.402114983726827,95.92738193600391
2.037,1.402183933688576,96.42826747418997
2.0380000000000003,1.402253311408532,96.93279704939494
2.039,1.402323123562313,97.44092165047567
2.04,1.4023933767088446,97.95259165150236
2.041,1.402464077288991,98.46775682523486
2.0420000000000003,1.4025352316242166,98.9863663567213
2.043,1.40260684591528,99.50836885702142
2.044,1.4026789262409594,100.03371237704317
2.045,1.402751478556804,100.5623444214985
2.0460000000000003,1.402824508693924,101.09421196296739
2.047,1.4028980223578076,101.6292614560713
2.048,1.4029720251271711,102.1674388517456
2.049,1.4030465224528401,102.70868961161844
2.05,1.4031215196566662,103.25295872248154
2.051,1.4031970219304715,103.80019071085508
2.052,1.4032730343350293,104.3503296576408
2.053,1.403349561799077,104.90331921286378
2.054,1.4034266091183605,105.45910261048988
2.055,1.4035041809547137,106.01762268332658
2.056,1.4035822818351718,106.57882187799481
2.057,1.4036609161511138,107.14264226997412
2.058,1.4037400881574464,107.70902557870937
2.059,1.4038198019718138,108.2779131827862
2.06,1.4039000615738455,108.84924613516148
2.061,1.403980870804439,109.4229651784508
2.062,1.404062233365075,109.99901076026646
2.063,1.4041441528171665,110.57732304860423
2.064,1.404226632581444,111.15784194727343
2.065,1.4043096759373743,111.74050711136584
2.066,1.4043932860226125,112.32525796276269
2.067,1.4044774658324923,112.91203370567337
2.068,1.4045622182195476,113.50077334220165
2.069,1.4046475458930707,114.09141568793822
2.07,1.4047334514187038,114.68389938757241
2.071,1.4048199372180685,115.27816293052322
2.072,1.4049070055684247,115.87414466657958
2.073,1.4049946586023716,116.47178282155494
2.074,1.4050828983075772,117.07101551294437
2.075,1.4051717265265473,117.67178076558224
2.076,1.4052611449564258,118.2740165273027
2.077,1.405351155148833,118.87766068458706
2.078,1.4054417585097383,119.48265107820919
2.079,1.405532956299366,120.088925518861
2.08,1.4056247496321363,120.69642180276469
2.081,1.4057171394766446,121.30507772726168
2.082,1.405810126655671,121.91483110637796
2.083,1.4059037118462276,122.52561978636032
2.084,1.4059978955796377,123.1373816611798
2.085,1.4060926782416536,123.75005468800055
2.086,1.4061880600726056,124.36357690260658
2.087,1.4062840411675852,124.97788643478782
2.088,1.4063806214766663,125.59292152367576
2.089,1.406477800805157,126.20862053303165
2.09,1.4065755788138854,126.82492196647746
2.091,1.4066739550195235,127.44176448266984
2.092,1.40677292879494,128.05908691041316
2.093,1.4068724993695896,128.6768282637052
2.094,1.406972665829936,129.2949277567158
2.095,1.4070734271199055,129.9133248186917
2.096,1.40717478204138,130.53195910878628
2.097,1.4072767292547141,131.15077053080952
2.098,1.407379267279294,131.7696992478945
2.099,1.4074823944941235,132.38868569707876
2.1,1.4075861091384438,133.0076706037939
2.101,1.4076904093123885,133.6265949962638
2.102,1.4077952929776663,134.24540021980422
2.103,1.4079007579582772,134.86402795102532
2.104,1.408006801941264,135.4824202119263
2.105,1.4081134224774894,136.10051938388966
2.106,1.4082206169824476,136.71826822155847
2.107,1.408328382737109,137.33560986660694
2.108,1.4084367168887895,137.9524878613904
2.109,1.4085456164520576,138.56884616247783
2.11,1.4086550783096645,139.18462915406204
2.111,1.408765099213512,139.79978166124135
2.112,1.408875675785643,140.4142489631775
2.113,1.4089868045192653,141.0279768061157
2.114,1.4090984817798038,141.64091141627623
2.115,1.4092107038059811,142.25299951260376
2.116,1.4093234667109276,142.86418831937584
2.117,1.4094367664833192,143.4744255786735
2.118,1.4095505989885413,144.08365956269822
2.119,1.409664959969885,144.69183908594277
2.12,1.4097798450497643,145.29891351721477
2.121,1.4098952497309671,145.904832791496
2.122,1.4100111693979263,146.50954742165197
2.123,1.4101275993180216,147.11300850998072
2.124,1.410244534642906,147.71516775959503
2.125,1.4103619704098573,148.31597748564383
2.126,1.4104799015431544,148.91539062636366
2.127,1.410598322855481,149.51336075396114
2.128,1.410717229049352,150.10984208532244
2.129,1.41083661471856,150.70478949254786
2.13,1.4109564743496554,151.2981585133092
2.131,1.4110768023234408,151.88990536102972
2.132,1.411197592916491,152.4799869348767
2.133,1.4113188403026977,153.06836082957835
2.134,1.4114405385548339,153.6549853450483
2.135,1.4115626816461406,154.23981949582318
2.136,1.4116852634519357,154.82282302031246
2.137,1.4118082777512428,155.40395638985464
2.138,1.4119317182284414,155.98318081757725
2.139,1.412055578474935,156.5604582670657
2.14,1.412179851990843,157.1357514608291
2.141,1.4123045321867076,157.70902388857047
2.142,1.4124296123852218,158.28023981525297
2.143,1.4125550858229752,158.8493642889644
2.144,1.4126809456522158,159.4163631485775
2.145,1.4128071849426354,159.98120303120083
2.146,1.4129337966831628,160.54385137942583
2.147,1.413060773783782,161.10427644836344
2.148,1.4131881090773606,161.66244731246667
2.149,1.4133157953214983,162.21833387214673
2.15,1.4134438252003867,162.771906860171
2.151,1.413572191326686,163.32313784784756
2.152,1.413700886243417,163.87199925099543
2.153,1.413829902425862,164.41846433569538
2.154,1.4139592322834862,164.96250722382476
2.155,1.4140888681618655,165.5041028983703
2.156,1.4142188023446305,166.0432272085231
2.157,1.4143490270554202,166.5798568745533
2.158,1.414479534459849,167.11396949245676
2.1590000000000003,1.4146103166674817,167.64554353838616
2.16,1.4147413657338244,168.17455837285428
2.161,1.4148726736623163,168.70099424471323
2.162,1.4150042324063412,169.22483229490985
2.1630000000000003,1.4151360338712409,169.7460545600133
2.164,1.4152680699163391,170.2646439755193
2.165,1.4154003323569746,170.7805843789239
2.166,1.4155328129665372,171.29386051257384
2.1670000000000003,1.41566550347852,171.80445802628634
2.168,1.4157983955885658,172.31236347974203
2.169,1.4159314809565313,172.81756434465137
2.17,1.4160647512085471,173.32004900668755
2.1710000000000003,1.4161981979390899,173.8198067671975
2.172,1.416331812713054,174.31682784467927
2.173,1.4164655870678304,174.81110337603138
2.174,1.4165995125153876,175.30262541757662
2.1750000000000003,1.416733580544355,175.79138694585166
2.176,1.416867782622109,176.27738185817293
2.177,1.4170021101968642,176.76060497297178
2.178,1.4171365546997599,177.24105202990143
2.179,1.4172711075469526,177.71871968971678
2.18,1.417405760141708,178.1936055339253
2.181,1.4175405038764906,178.6657080642127
2.182,1.4176753301350553,179.13502670164013
2.183,1.4178102302945381,179.60156178561493
2.184,1.4179451957275433,180.0653145726377
2.185,1.4180802178042287,180.52628723482133
2.186,1.4182152878943912,180.98448285818807
2.187,1.4183503973695468,181.43990544074273
2.188,1.4184855376050065,181.89255989031932
2.189,1.418620699981951,182.34245202221138
2.19,1.4187558758894994,182.78958855657555
2.191,1.4188910567267705,183.23397711561864
2.192,1.4190262339049453,183.675626220563
2.193,1.419161398849314,184.11454528839505
2.194,1.4192965430013265,184.55074462839428
2.195,1.4194316578206287,184.98423543845053
2.196,1.4195667347870955,185.41502980116007
2.197,1.4197017654028534,185.84314067971383
2.198,1.419836741194296,186.26858191357107
2.199,1.4199716537140923,186.6913682139189
2.2,1.4201064945431818,187.11151515892772
2.201,1.420241255292764,187.52903918879502
2.202,1.4203759276062746,187.94395760058163
2.203,1.4205105031613523,188.35628854284585
2.204,1.4206449736717963,188.76605101007033
2.205,1.4207793308895094,189.17326483689118
2.206,1.4209135666064288,189.5779506921221
2.207,1.421047672656448,189.98013007258328
2.208,1.421181640917323,190.37982529673238
2.209,1.4213154633125662,190.7770594981003
2.21,1.4214491318133256,191.1718566185333
2.211,1.4215826384402506,191.56424140124562
2.212,1.4217159752653434,191.95423938368026
2.213,1.421849134413797,192.3418768901862
2.214,1.4219821080658102,192.72718102450483
2.215,1.4221148884583998,193.11017966207896
2.216,1.422247467887183,193.49090144217803
2.217,1.4223798387081537,193.86937575984177
2.218,1.4225119933394335,194.24563275765422
2.219,1.4226439242630124,194.6197033173355
2.22,1.4227756240264662,194.99161905116694
2.221,1.4229070852446593,195.36141229324392
2.222,1.423038300601426,195.7291160905616
2.223,1.423169262851235,196.0947641939352
2.224,1.4232999648208333,196.45839104875893
2.225,1.423430399410872,196.8200317856041
2.226,1.4235605595975085,197.17972221065844
2.227,1.423690438433994,197.53749879601273
2.228,1.4238200290522334,197.89339866979128
2.229,1.4239493246643298,198.24745960613848
2.23,1.4240783185641037,198.59972001505037
2.231,1.4242070041285932,198.9502189320684
2.232,1.42433537481953,199.2989960078263
2.233,1.4244634241847942,199.6460914974628
2.234,1.4245911458598453,199.9915462498938
2.235,1.4247185335691315,200.3354016969518
2.236,1.4248455811274734,200.6776998423971
2.237,1.4249722824414266,201.01848325079814
2.238,1.4250986315106193,201.3577950362896
2.239,1.425224622429065,201.69567885120546
2.24,1.4253502493864503,202.03217887459584
2.241,1.4254755066694005,202.36733980062647
2.242,1.4256003886627169,202.70120682686417
2.243,1.4257248898505903,203.03382564245467
2.244,1.4258490048177903,203.36524241618991
2.245,1.4259727282508252,203.69550378447622
2.246,1.4260960549390789,204.02465683919684
2.247,1.4262189797759195,204.35274911547762
2.248,1.4263414977597852,204.67982857936192
2.249,1.4264636039952365,205.00594361538833
2.25,1.4265852936939878,205.33114301408494
2.251,1.4267065621759083,205.6554759593759
2.252,1.4268274048699974,205.9789920159037
2.253,1.4269478173153323,206.3017411162815
2.254,1.4270677951619846,206.62377354825685
2.255,1.4271873341719146,206.94513994181597
2.256,1.4273064302198326,207.26589125621024
2.257,1.4274250792940335,207.58607876692105
2.258,1.4275432774972043,207.90575405256112
2.259,1.4276610210472012,208.22496898171684
2.26,1.427778306277798,208.54377569973434
2.261,1.427895129639407,208.8622266154544
2.262,1.4280114876997685,209.18037438789574
2.263,1.4281273771446144,209.49827191289523
2.264,1.4282427947783003,209.81597230970425
2.265,1.428357737524406,210.13352890754484
2.266,1.4284722024263132,210.45099523213287
2.267,1.428586186647746,210.7684249921654
2.268,1.4286996874732873,211.08587206578125
2.269,1.4288127023088621,211.40339048699616
2.27,1.4289252286821925,211.72103443211407
2.271,1.4290372642432225,212.03885820611913
2.272,1.4291488067645122,212.3569162290541
2.273,1.429259854141604,212.67526302238622
2.274,1.4293704043933548,212.9939531953617
2.275,1.4294804556622425,213.31304143135787
2.276,1.4295900062146398,213.63258247423062
2.277,1.429699054441058,213.9526311146668
2.278,1.4298075988563606,214.27324217653558
2.279,1.4299156380999483,214.59447050325372
2.28,1.4300231709359112,214.91637094415685
2.281,1.4301301962531527,215.23899834089096
2.282,1.4302367130654834,215.56240751381563
2.283,1.4303427205116828,215.88665324843365
2.2840000000000003,1.430448217855532,216.2117902818444
2.285,1.4305532044858174,216.53787328922164
2.286,1.4306576799163033,216.86495687032715
2.287,1.430761643785673,217.1930955360552
2.2880000000000003,1.4308650958574434,217.522343695018
2.289,1.4309680360198451,217.85275564016985
2.29,1.4310704642856789,218.18438553547577
2.291,1.4311723807921344,218.51728740262988
2.2920000000000003,1.4312737858005873,218.85151510782077
2.293,1.4313746796963605,219.1871223485554
2.294,1.431475062988459,219.52416264053534
2.295,1.431574936309276,219.86268930459795
2.2960000000000003,1.4316743004142662,220.2027554537161
2.297,1.4317731561815945,220.54441398006924
2.298,1.4318715046117512,220.88771754218135
2.299,1.4319693468271417,221.2327185521321
2.3000000000000003,1.4320666840716452,221.57946916284345
2.301,1.432163517710147,221.9280212554474
2.302,1.432259849228039,222.27842642673238
2.303,1.432355680230695,222.63073597667744
2.3040000000000003,1.4324510124429168,222.9850008960709
2.305,1.4325458477083512,223.34127185422514
2.306,1.4326401879888815,223.69959918677912
2.307,1.4327340353639886,224.06003288360228
2.308,1.4328273920300856,224.42262257679423
2.309,1.4329202602998279,224.7874175287905
2.31,1.4330126426013916,225.1544666205715
2.311,1.433104541477728,225.52381833997765
2.312,1.4331959595857904,225.89552077013934
2.313,1.433286899695737,226.269621578017
2.314,1.4333773646901022,226.64616800305913
2.315,1.4334673575629475,227.02520684597846
2.316,1.4335568814189832,227.40678445764837
2.317,1.433645939472668,227.79094672812624
2.318,1.4337345350472768,228.1777390758018
2.319,1.433822671573954,228.56720643667325
2.32,1.4339103525907295,228.95939325375713
2.321,1.4339975817415227,229.35434346663243
2.322,1.4340843627751123,229.7521005011173
2.323,1.4341706995440875,230.1527072590933
2.324,1.4342565960037765,230.55620610845924
2.325,1.4343420562111453,230.96263887323886
2.326,1.4344270843236822,231.37204682382912
2.327,1.4345116845982517,231.78447066739756
2.328,1.434595861389932,232.19995053842942
2.329,1.4346796191508264,232.61852598943153
2.33,1.4347629624288536,233.04023598178276
2.331,1.4348458958665196,233.46511887674882
2.332,1.4349284241996632,233.89321242665153
2.333,1.4350105522561862,234.32455376620118
2.334,1.4350922849547583,234.75917940398915
2.335,1.4351736273035045,235.19712521414706
2.336,1.4352545843986733,235.63842642817218
2.337,1.4353351614232817,236.08311762692054
2.338,1.4354153636457476,236.53123273277043
2.339,1.4354951964184945,236.98280500195813
2.34,1.4355746651765469,237.43786701708603
2.341,1.4356537754361016,237.89645067980854
2.342,1.4357325327930823,238.35858720369134
2.343,1.4358109429216797,238.82430710725214
2.344,1.4358890115728726,239.29364020717946
2.345,1.4359667445729292,239.76661561173336
2.346,1.4360441478219006,240.24326171433046
2.347,1.43612122729209,240.72360618730988
2.348,1.4361979890265109,241.2076759758881
2.349,1.4362744391373288,241.69549729229905
2.35,1.436350583804289,242.18709561012196
2.351,1.436426429273132,242.68249565880024
2.352,1.4365019818539881,243.18172141834816
2.353,1.4365772479197685,243.68479611425272
2.354,1.4366522339045353,244.19174221256316
2.355,1.4367269463018633,244.70258141517994
2.356,1.4368013916631863,245.21733465533202
2.357,1.436875576596136,245.7360220932566
2.358,1.4369495077628647,246.25866311206732
2.359,1.4370231918783616,246.78527631382792
2.36,1.4370966357087527,247.31587951581474
2.361,1.4371698460695979,247.8504897469875
2.362,1.4372428298241728,248.38912324465053
2.363,1.437315593881742,248.93179545132108
2.364,1.4373881451958261,249.47852101179154
2.365,1.4374604907624593,250.02931377039835
2.366,1.4375326376184354,250.58418676848882
2.367,1.4376045928395522,251.14315224209076
2.368,1.437676363538845,251.7062216197844
2.369,1.4377479568648126,252.27340552077652
2.37,1.4378193799996413,252.84471375317793
2.371,1.4378906401574179,253.42015531248296
2.372,1.437961744582341,253.9997383802522
2.373,1.4380327005469262,254.583470323001
2.374,1.438103515350206,255.17135769128618
2.375,1.4381741963159258,255.76340621900033
2.376,1.4382447507907397,256.359620822869
2.377,1.4383151861423957,256.96000560214793
2.378,1.4383855097579257,257.56456383852736
2.379,1.4384557290418292,258.1732979962374
2.38,1.4385258514142556,258.78620972235336
2.381,1.4385958843091853,259.4032998473086
2.382,1.4386658351726105,260.024568385606
2.383,1.4387357114607142,260.6500145367314
2.384,1.4388055206380492,261.27963668626865
2.385,1.4388752701757195,261.9134324072157
2.386,1.4389449675495591,262.5513984614996
2.387,1.4390146202383138,263.19353080169276
2.388,1.4390842357218254,263.83982457292626
2.389,1.4391538214792159,264.49027411500253
2.39,1.4392233849870764,265.1448729647066
2.391,1.4392929337176565,265.8036138583127
2.392,1.4393624751370597,266.4664887342834
2.393,1.4394320167034393,267.13348873617434
2.394,1.4395015658652022,267.8046042157193
2.395,1.4395711300592153,268.4798247361193
2.396,1.439640716709016,269.1591390755186
2.397,1.4397103332230299,269.84253523067395
2.398,1.4397799869927943,270.53000042081163
2.399,1.4398496853911873,271.2215210916762
2.4,1.4399194357706635,271.91708291976454
2.401,1.4399892454614975,272.6166708167473
2.402,1.4400591217700347,273.32026893407635
2.403,1.440129071976951,274.0278606677739
2.404,1.4401991033355175,274.7394286634059
2.405,1.4402692230698793,275.45495482123613
2.406,1.440339438373339,276.1744203015593
2.407,1.4404097564066518,276.8978055302124
2.408,1.4404801842963306,277.625090204264
2.4090000000000003,1.4405507291329607,278.356253297875
2.41,1.4406213979695257,279.0912730683366
2.411,1.4406921978197458,279.8301270622792
2.412,1.4407631356564237,280.57279212204725
2.4130000000000003,1.4408342184098086,281.31924439224855
2.414,1.4409054529659668,282.0694593264645
2.415,1.440976846165169,282.8234116941298
2.416,1.4410484048002865,283.5810755875692
2.4170000000000003,1.4411201356152061,284.3424244292006
2.418,1.441192045303255,285.10743097889355
2.419,1.4412641405056394,285.87606734148676
2.42,1.441336427809903,286.64830497445746
2.4210000000000003,1.4414089137483914,287.4241146957476
2.422,1.4414816047967423,288.20346669173864
2.423,1.441554507372381,288.9863305253734
2.424,1.441627627833041,289.77267514442764
2.4250000000000003,1.4417009724752918,290.56246888992473
2.426,1.4417745475330925,291.35567950469004
2.427,1.441848359176356,292.1522741420491
2.428,1.4419224135095308,292.95221937466033
2.4290000000000003,1.4419967165702057,293.7554812034846
2.43,1.442071274327724,294.56202506688476
2.431,1.442146092681824,295.3718158498615
2.432,1.4422211774612923,296.18481789341024
2.433,1.4422965344226397,297.000995004008
2.434,1.4423721692487927,297.8203104632234
2.435,1.4424480875478083,298.64272703744456
2.436,1.4425242948516048,299.46820698772706
2.437,1.4426007966147147,300.2967120797579
2.438,1.4426775982130575,301.12820359393186
2.439,1.4427547049427325,301.9626423355368
2.44,1.4428321220188334,302.79998864504864
2.441,1.4429098545742813,303.6402024085309
2.442,1.4429879076586838,304.48324306813583
2.443,1.44306628623721,305.3290696327076
2.444,1.4431449951894912,306.17764068847833
2.445,1.443224039308545,307.0289144098631
2.446,1.4433034232997122,307.8828485703424
2.447,1.4433831517796314,308.73940055343655
2.448,1.4434632292752216,309.59852736376456
2.449,1.4435436602226974,310.46018563818416
2.45,1.443624448966604,311.3243316570163
2.451,1.4437055997588732,312.1909213553447
2.452,1.4437871167579075,313.0599103343872
2.453,1.4438690040276858,313.9312538729456
2.454,1.4439512655368916,314.80490693891704
2.455,1.4440339051580677,315.6808242008759
2.456,1.4441169266667933,316.5589600397162
2.457,1.4442003337408877,317.43926856035614
2.458,1.4442841299596358,318.3217036034966
2.459,1.4443683188030416,319.206218757436
2.46,1.4444529036511013,320.0927673699365
2.461,1.4445378877831105,320.98130256013576
2.462,1.444623274376986,321.87177723050735
2.463,1.444709066508622,322.7641440788587
2.464,1.4447952671512645,323.6583556103726
2.465,1.4448818791749165,324.5543641496821
2.466,1.444968905345766,325.4521218529791
2.467,1.4450563483256433,326.35158072015315
2.468,1.4451442106714976,327.2526926069565
2.469,1.445232494834907,328.1554092371939
2.47,1.4453212031616096,329.05968221493356
2.471,1.445410337891062,329.9654630367328
2.472,1.4454999011560274,330.87270310388493
2.473,1.445589894982183,331.7813537346697
2.474,1.4456803212877611,332.69136617661957
2.475,1.4457711818832109,333.6026916187882
2.476,1.445862478470891,334.51528120402025
2.477,1.4459542126447869,335.4290860412249
2.478,1.446046385890252,336.34405721764256
2.479,1.446138999583782,337.26014581110474
2.48,1.4462320549928083,338.1773029022878
2.481,1.446325553275525,339.095479586951
2.482,1.4464194954807363,340.01462698815885
2.483,1.4465138825477346,340.9346962684881
2.484,1.4466087153062048,341.855638642209
2.485,1.4467039944761533,342.7774053874449
2.486,1.4467997206678664,343.6999478583027
2.487,1.446895894381892,344.6232174969742
2.488,1.4469925160090498,345.5471658458007
2.489,1.447089585830471,346.4717445593073
2.49,1.4471871040176563,347.3969054161883
2.491,1.44728507063257,348.3226003312607
2.492,1.4473834856277525,349.24878136736527
2.493,1.447482348846466,350.1754007472194
2.494,1.447581660022861,351.10241086522535
2.495,1.4476814187821705,352.0297642992161
2.496,1.447781624640932,352.95741382215067
2.497,1.4478822770072355,353.885312413745
2.498,1.4479833751809938,354.8134132720455
2.499,1.4480849183542455,355.74166982493233
2.5,1.4481869056114742,356.6700357415567
2.501,1.4482893359299631,357.5984649437077
2.502,1.4483922081801692,358.526911617106
2.503,1.4484955211261246,359.45533022261634
2.504,1.4485992734258626,360.3836755073887
2.505,1.4487034636318703,361.31190251591187
2.506,1.4488080901915645,362.2399666009826
2.507,1.4489131514477946,363.1678234345933
2.508,1.4490186456393672,364.09542901872163
2.509,1.4491245709015974,365.02273969603414
2.51,1.4492309252668862,365.94971216049356
2.511,1.4493377066653168,366.87630346786733
2.512,1.4494449129252813,367.80247104613613
2.513,1.449552541774125,368.72817270580225
2.514,1.4496605908388223,369.6533666500892
2.515,1.4497690576466666,370.5780114850402
2.516,1.449877939625992,371.5020662294979
2.517,1.4499872341069122,372.4254903249806
2.518,1.4500969383220865,373.34824364544016
2.519,1.450207049407507,374.270286506901
2.52,1.4503175644033046,375.1915796769841
2.521,1.4504284802545855,376.1120843843088
2.522,1.4505397938122813,377.03176232776605
2.523,1.450651501834027,377.95057568567654
2.524,1.4507636009850566,378.868487124806
2.525,1.450876087839122,379.7854598092663
2.526,1.450988958879434,380.701457409272
2.527,1.4511022104996205,381.6164441097684
2.528,1.451215839004709,382.5303846189248
2.529,1.4513298406121293,383.4432441764835
2.53,1.4514442114527308,384.35498856197444
2.531,1.4515589475718298,385.2655841027867
2.532,1.4516740449302639,386.17499768209166
2.533,1.4517894994054772,387.0831967466259
2.5340000000000003,1.451905306792617,387.99014931432464
2.535,1.452021462805653,388.89582398180306
2.536,1.4521379630785094,389.80018993169176
2.537,1.4522548031662261,390.7032169398129
2.5380000000000003,1.4523719785461235,391.60487538220923
2.539,1.4524894846189969,392.5051362420116
2.54,1.4526073167103208,393.4039711161485
2.541,1.4527254700714745,394.3013522219032
2.5420000000000003,1.4528439398809794,395.19725240330155
2.543,1.452962721245758,396.0916451373422
2.544,1.453081809202405,396.9845045400657
2.545,1.4532011987184748,397.8758053724515
2.5460000000000003,1.4533208846937864,398.7655230461559
2.547,1.4534408619617394,399.65363362908073
2.548,1.4535611252906482,400.5401138507687
2.549,1.4536816693850874,401.4249411076348
2.5500000000000003,1.453802488887256,402.30809346802505
2.551,1.453923578378348,403.18954967710044
2.552,1.4540449323799416,404.06928916154936
2.553,1.454166545355401,404.94729203412817
2.5540000000000003,1.4542884117112873,405.8235390980226
2.555,1.454410525798786,406.6980118510338
2.556,1.4545328819151429,407.570692489591
2.557,1.4546554743051119,408.44156391258014
2.5580000000000003,1.454778297162417,409.310609725
2.559,1.454901344631221,410.17781424143334
2.56,1.455024610807605,411.04316248934254
2.561,1.455148089741063,411.9066402121807
2.562,1.455271775435998,412.7682338723238
2.563,1.4553956618532353,413.62793065382016
2.564,1.4555197429115372,414.4857184649551
2.565,1.455644012489134,415.34158594063683
2.566,1.4557684644252562,416.19552244459595
2.567,1.4558930925216775,417.0475180713994
2.568,1.4560178905442671,417.89756364828537
2.569,1.4561428522245445,418.74565073680856
2.57,1.4562679712612447,419.5917716343033
2.571,1.4563932413218874,420.43591937516175
2.572,1.456518656044354,421.27808773192487
2.573,1.4566442090384657,422.11827121618984
2.574,1.456769893887574,422.95646507933293
2.575,1.4568957041501491,423.7926653130441
2.576,1.4570216333613741,424.6268686496789
2.577,1.4571476750347465,425.4590725624232
2.578,1.4572738226636799,426.2892752652741
2.579,1.457400069723109,427.117475712836
2.58,1.4575264096710974,427.9436735999286
2.581,1.4576528359504506,428.7678693610155
2.582,1.4577793419903247,429.5900641694444
2.583,1.4579059212078453,430.41025993650453
2.584,1.458032567009719,431.22845931030054
2.585,1.4581592727938495,432.0446656744451
2.586,1.4582860319509565,432.85888314656404
2.587,1.4584128378661894,433.6711165766259
2.588,1.4585396839207443,434.48137154508225
2.589,1.4586665634934781,435.2896543608349
2.59,1.4587934699625238,436.09597205901684
2.591,1.4589203967069015,436.90033239859645
2.592,1.459047337108128,437.70274385980167
2.593,1.4591742845518265,438.5032156413657
2.594,1.4593012324293297,439.3017576575977
2.595,1.4594281741392834,440.0983805352749
2.596,1.459555103089244,440.8930956103584
2.597,1.4596820126972716,441.6859149245372
2.598,1.459808896393524,442.4768512215986
2.599,1.4599357476218382,443.26591794362037
2.6,1.4600625598413115,444.05312922700085
2.601,1.46018932652788,444.83849989831066
2.602,1.4603160411758829,445.62204546997856
2.603,1.460442697299629,446.4037821358108
2.604,1.4605692884349515,447.1837267663408
2.605,1.4606958081407582,447.9618969040153
2.606,1.460822250000573,448.7383107582157
2.607,1.4609486076240719,449.512987200117
2.608,1.4610748746486082,450.2859457573854
2.609,1.4612010447407318,451.05720660871555
2.61,1.4613271115976971,451.8267905782104
2.611,1.4614530689489658,452.5947191296043
2.612,1.461578910557696,453.3610143603278
2.613,1.4617046302222223,454.12569899542484
2.614,1.4618302217775312,454.8887963813097
2.615,1.461955679096716,455.65033047938243
2.616,1.462080996092431,456.41032585948733
2.617,1.462206166718328,457.16880769323177
2.618,1.462331184970482,457.92580174715295
2.619,1.4624560448888104,458.68133437574863
2.62,1.4625807405584719,459.43543251435824
2.621,1.4627052661112585,460.18812367191185
2.622,1.462829615726975,460.93943592353713
2.623,1.4629537836348003,461.6893979030309
2.624,1.4630777641146409,462.4380387951983
2.625,1.463201551498467,463.1853883280585
2.626,1.4633251401716372,463.9314767649229
2.627,1.4634485245742055,464.67633489634375
2.628,1.463571699202216,465.4199940319361
2.629,1.4636946586089843,466.1624859920801
2.63,1.463817397406358,466.9038430995
2.631,1.463939910265968,467.6440981707212
2.632,1.4640621919204584,468.3832845074155
2.633,1.4641842371647062,469.1214358876287
2.634,1.4643060408570174,469.85858655689475
2.635,1.4644275979203143,470.59477121924476
2.636,1.4645489033432977,471.33002502810217
2.637,1.4646699521816005,472.064383577075
2.638,1.4647907395589157,472.797882890647
2.639,1.4649112606681125,473.53055941476686
2.64,1.4650315107723304,474.2624500073365
2.641,1.4651514852060594,474.9935919286066
2.642,1.4652711793761968,475.72402283147886
2.643,1.46539058876309,476.45378075171647
2.644,1.4655097089215567,477.182904098065
2.645,1.4656285354818865,477.91143164229055
2.646,1.4657470641508266,478.63940250913095
2.647,1.465865290712543,479.3668561661699
2.648,1.4659832110295643,480.09383241362957
2.649,1.4661008210437076,480.8203713740916
2.65,1.4662181167769794,481.5465134821393
2.651,1.4663350943324582,482.27229947393676
2.652,1.4664517498951593,482.9977703767339
2.653,1.4665680797328746,483.7229674983121
2.654,1.4666840801969934,484.44793241636137
2.655,1.466799747723302,485.172706967803
2.656,1.466915078832761,485.8973332380546
2.657,1.4670300701322634,486.62185355023786
2.658,1.4671447183153679,487.34631045433684
2.6590000000000003,1.4672590201630116,488.07074671631005
2.66,1.467372972544204,488.79520530715064
2.661,1.4674865724166923,489.5197293919083
2.662,1.4675998168276094,490.24436231866997
2.6630000000000003,1.4677127029141,490.9691476074996
2.664,1.467825227903919,491.6941289393475
2.665,1.4679373891160141,492.4193501449241
2.666,1.4680491839610794,493.1448551935457
2.6670000000000003,1.4681606099420907,493.87068818195405
2.668,1.468271664654815,494.596893323112
2.669,1.4683823457882985,495.3235149349769
2.67,1.4684926511253313,496.0505974292588
2.6710000000000003,1.468602578542887,496.77818530015776
2.672,1.4687121260125424,497.50632311309727
2.673,1.4688212916008694,498.23505549343906
2.674,1.4689300734698085,498.9644271151973
2.6750000000000003,1.469038469877014,499.694482689746
2.676,1.4691464791761777,500.42526695452517
2.677,1.469254099817331,501.156824661749
2.678,1.4693613303471182,501.8892005671199
2.6790000000000003,1.469468169409051,502.62243941854683
2.68,1.4695746157437366,503.35658594487563
2.681,1.4696806681890822,504.0916848446326
2.682,1.4697863256804773,504.8277807747802
2.6830000000000003,1.4698915872509486,505.5649183394971
2.684,1.469996452031296,506.3031420789736
2.685,1.4701009192501995,507.042496458233
2.686,1.4702049882343062,507.7830258559836
2.6870000000000003,1.470308658408291,508.52477455349185
2.688,1.4704119292948952,509.2677867234958
2.689,1.4705148005149398,510.01210641914855
2.69,1.4706172717873145,510.75777756300283
2.691,1.4707193429289462,511.50484393603267
2.692,1.4708210138547386,512.2533491666991
2.693,1.4709222845774952,513.003336720065
2.694,1.4710231552078061,513.7548498869536
2.695,1.4711236259539298,514.5079317731604
2.696,1.471223697121632,515.2626252887198
2.697,1.4713233691140146,516.0189731372259
2.698,1.4714226424313146,516.7770178052145
2.699,1.4715215176706824,517.5368015516074
2.7,1.471619995525933,518.2983663972153
2.701,1.4717180767872815,519.0617541143156
2.702,1.4718157623410453,519.8270062162943
2.703,1.471913053169333,520.5941639473614
2.704,1.4720099503497024,521.3632682723404
2.705,1.4721064550548018,522.1343598665352
2.706,1.472202568551984,522.907479105675
2.707,1.4722982922029018,523.6826660559443
2.708,1.4723936274630764,524.4599604640943
2.709,1.4724885758814468,525.239401747639
2.71,1.4725831390998958,526.0210289851476
2.711,1.472677318852755,526.8048809066215
2.712,1.4727711169662858,527.5909958839669
2.713,1.47286453535814,528.3794119215655
2.714,1.4729575760367979,529.1701666469407
2.715,1.4730502411009863,529.9632973015281
2.716,1.4731425327390741,530.7588407315436
2.717,1.473234453228445,531.556833378962
2.718,1.4733260049348549,532.3573112725994
2.719,1.4734171903117608,533.1603100193065
2.72,1.4735080118996338,533.9658647952723
2.721,1.4735984723252533,534.7740103374437
2.722,1.4736885743009749,535.5847809350566
2.723,1.473778320623984,536.3982104212906
2.724,1.473867714175525,537.2143321650366
2.725,1.473956757920116,538.0331790627935
2.726,1.4740454549047386,538.8547835306816
2.727,1.4741338082580124,539.6791774965855
2.728,1.4742218211893485,540.5063923924262
2.729,1.4743094969880841,541.3364591465544
2.73,1.4743968390226012,542.169408176286
2.731,1.474483850739423,543.0052693805624
2.732,1.474570535662294,543.8440721327462
2.733,1.4746568973912448,544.6858452735582
2.734,1.4747429396016354,545.530617104147
2.735,1.4748286660431806,546.3784153793005
2.736,1.4749140805389653,547.229267300799
2.737,1.4749991869844326,548.0831995109097
2.738,1.475083989346365,548.9402380860265
2.739,1.4751684916618422,549.8004085304573
2.74,1.4752526980371865,550.6637357703534
2.741,1.4753366126468932,551.5302441477936
2.742,1.4754202397325402,552.3999574150155
2.743,1.475503583601689,553.2728987287966
2.744,1.475586648626768,554.1490906449923
2.745,1.4756694392439376,555.0285551132241
2.746,1.4757519599519484,555.9113134717244
2.747,1.475834215310978,556.7973864423394
2.748,1.4759162099414591,557.6867941256861
2.749,1.4759979485228907,558.5795559964713
2.75,1.4760794357926383,559.4756908989679
2.751,1.4761606765447208,560.3752170426533
2.752,1.476241675628585,561.2781519980092
2.753,1.476322437947864,562.1845126924838
2.754,1.476402968459133,563.0943154066193
2.755,1.4764832721706416,564.0075757703402
2.756,1.4765633541410437,564.9243087594098
2.757,1.4766432194781134,565.8445286920539
2.758,1.4767228733374487,566.768249225748
2.759,1.4768023209211676,567.6954833541731
2.76,1.4768815674765925,568.6262434043417
2.761,1.4769606182949253,569.560541033889
2.762,1.4770394787099126,570.4983872285374
2.763,1.477118154096504,571.4397922997282
2.764,1.4771966498694968,572.3847658824233
2.765,1.4772749714821811,573.3333169330807
2.766,1.477353124424965,574.2854537277975
2.767,1.477431114224003,575.2411838606286
2.768,1.4775089464398123,576.2005142420725
2.769,1.4775866266658788,577.1634510977331
2.77,1.4776641605272647,578.1299999671515
2.771,1.477741553679202,579.100165702814
2.772,1.4778188118056845,580.0739524693262
2.773,1.4778959406180523,581.051363742768
2.774,1.4779729458535713,582.0324023102136
2.775,1.4780498332740089,583.0170702694325
2.776,1.478126608664204,584.0053690287548
2.777,1.4782032778306329,584.9972993071169
2.778,1.478279846599971,585.992861134274
2.779,1.4783563208176522,586.9920538511908
2.78,1.4784327063464247,587.9948761105969
2.781,1.4785090090649027,589.0013258777242
2.782,1.4785852348661177,590.0114004312064
2.783,1.478661389656066,591.0250963641561
2.7840000000000003,1.4787374793522554,592.0424095854113
2.785,1.4788135098822504,593.0633353209518
2.786,1.4788894871822154,594.0878681154865
2.787,1.4789654171954594,595.1160018342124
2.7880000000000003,1.4790413058709788,596.147729664737
2.789,1.4791171591619996,597.1830441191767
2.79,1.47919298302452,598.2219370364185
2.791,1.4792687834158575,599.2643995845493
2.7920000000000003,1.4793445662931919,600.3104222634547
2.793,1.479420337612112,601.3599949075794
2.794,1.4794961033251657,602.4131066888567
2.795,1.4795718693804092,603.4697461198004
2.7960000000000003,1.4796476417199604,604.5299010567597
2.797,1.4797234262785552,605.5935587033379
2.798,1.4797992289821067,606.6607056139716
2.799,1.4798750557462677,607.7313276976713
2.8000000000000003,1.4799509124749968,608.8054102219194
2.801,1.4800268050591314,609.8829378167317
2.802,1.4801027393749588,610.9638944788691
2.803,1.4801787212828017,612.048263576213
2.8040000000000003,1.4802547566256006,613.1360278522891
2.805,1.4803308512275044,614.2271694309499
2.806,1.4804070108924707,615.321669821207
2.807,1.4804832414028648,616.4195099222175
2.8080000000000003,1.4805595485180745,617.5206700284155
2.809,1.4806359379731222,618.6251298347975
2.81,1.4807124154772926,619.7328684423511
2.811,1.4807889867127628,620.843864363634
2.8120000000000003,1.480865657333242,621.9580955284894
2.813,1.4809424329626197,623.0755392899136
2.814,1.4810193191936216,624.1961724300577
2.815,1.4810963215864763,625.3199711663731
2.816,1.4811734456675871,626.4469111578917
2.817,1.4812506969282195,627.5769675116462
2.818,1.4813280808231903,628.7101147892205
2.819,1.4814056027695777,629.8463270134398
2.82,1.4814832681454286,630.9855776751831
2.821,1.4815610822884904,632.127839740334
2.822,1.4816390504949408,633.2730856568528
2.823,1.4817171780181413,634.4212873619776
2.824,1.481795470067391,635.5724162895483
2.825,1.4818739318067002,636.726443377454
2.826,1.481952568353573,637.8833390751965
2.827,1.4820313847778033,639.0430733515799
2.828,1.4821103861002822,640.2056157025056
2.829,1.4821895772918208,641.3709351588922
2.83,1.4822689632719828,642.5390002947001
2.831,1.4823485489079347,643.7097792350704
2.832,1.4824283390133073,644.8832396645681
2.833,1.4825083383470719,646.0593488355363
2.834,1.48258855161243,647.2380735765466
2.835,1.482668983455721,648.4193803009624
2.836,1.4827496384653396,649.6032350155872
2.837,1.4828305211706725,650.7896033294231
2.838,1.4829116360410497,651.9784504625163
2.839,1.482992987484708,653.169741254899
2.84,1.4830745798477771,654.3634401756193
2.841,1.4831564174132732,655.5595113318611
2.842,1.4832385044001177,656.7579184781482
2.843,1.4833208449621662,657.9586250256342
2.844,1.4834034431872554,659.1615940514689
2.845,1.4834863030962704,660.36678830825
2.846,1.4835694286422245,661.574170233544
2.847,1.4836528237093596,662.7837019594873
2.848,1.4837364921122622,663.9953453224522
2.849,1.483820437594999,665.2090618727893
2.85,1.4839046638302704,666.4248128846287
2.851,1.483989174418579,667.6425593657519
2.852,1.48407397288742,668.8622620675211
2.853,1.4841590626904904,670.0838814948668
2.854,1.4842444472069136,671.3073779163382
2.855,1.484330129740486,672.5327113741981
2.856,1.4844161135189402,673.759841694578
2.857,1.48450240169323,674.9887284976742
2.858,1.4845889973368318,676.2193312079986
2.859,1.48467590344507,677.4516090646657
2.86,1.4847631229344564,678.685521131723
2.861,1.4848506586420525,679.9210263085229
2.862,1.4849385133248532,681.1580833401251
2.863,1.4850266896591882,682.396650827739
2.864,1.4851151902401427,683.636687239188
2.865,1.4852040175810028,684.878150919411
2.866,1.485293174112716,686.1210001009811
2.867,1.485382662183376,687.3651929146542
2.868,1.4854724840577267,688.6106873999308
2.869,1.4855626419166876,689.8574415156414
2.87,1.485653137856899,691.105413150542
2.871,1.4857439738902902,692.3545601339241
2.872,1.4858351519436648,693.6048402462341
2.873,1.4859266738583128,694.8562112296976
2.874,1.4860185413896385,696.10863079895
2.875,1.4861107562068134,697.362056651668
2.876,1.4862033198924476,698.6164464791982
2.877,1.4862962339422863,699.8717579771856
2.878,1.4863894997649214,701.1279488561897
2.879,1.4864831186815342,702.3849768522992
2.88,1.4865770919256485,703.6427997377268
2.881,1.486671420642915,704.9013753313955
2.882,1.4867661058909107,706.1606615095053
2.883,1.4868611486389642,707.4206162160814
2.884,1.486956549767999,708.681197473496
2.885,1.4870523100704018,709.9423633929739
2.886,1.4871484302499107,711.2040721850597
2.887,1.487244910921525,712.466282170062
2.888,1.4873417526114387,713.7289517884648
2.889,1.487438955756991,714.9920396112988
2.89,1.4875365207066458,716.2555043504797
2.891,1.4876344477199848,717.5193048691024
2.892,1.4877327369677298,718.7834001916945
2.893,1.4878313885317802,720.0477495144233
2.894,1.4879304024052764,721.3123122152556
2.895,1.488029778492683,722.5770478640633
2.896,1.488129516609894,723.8419162326813
2.897,1.4882296164843596,725.1068773049069
2.898,1.4883300777552328,726.3718912864372
2.899,1.488430899973541,727.6369186147563
2.9,1.4885320826023745,728.9019199689482
2.901,1.4886336250171008,730.166856279451
2.902,1.4887355265055955,731.4316887377404
2.903,1.488837786268498,732.6963788059464
2.904,1.4889404034194862,733.9608882263921
2.905,1.489043376985573,735.2251790310619
2.906,1.489146705907423,736.4892135509906
2.907,1.4892503890396918,737.7529544255748
2.908,1.4893544251513817,739.0163646117962
2.9090000000000003,1.4894588129262236,740.2794073933724
2.91,1.4895635509630756,741.5420463898082
2.911,1.489668637776341,742.8042455653676
2.912,1.4897740717964125,744.065969237951
2.9130000000000003,1.4898798513701275,745.32718208788
2.914,1.4899859747612518,746.5878491665868
2.915,1.4900924401509776,747.8479359052075
2.916,1.4901992456384443,749.1074081230748
2.9170000000000003,1.490306389241276,750.3662320361095
2.918,1.4904138688961412,751.6243742651086
2.919,1.4905216824593315,752.8818018439288
2.92,1.490629827707355,754.1384822275597
2.9210000000000003,1.4907383023375564,755.3943833000912
2.922,1.4908471039687483,756.6494733825651
2.923,1.490956230141864,757.9037212407193
2.924,1.491065678320632,759.1570960926092
2.9250000000000003,1.491175445892263,760.4095676161185
2.926,1.4912855301681582,761.661105956348
2.927,1.491395928384635,762.911681732885
2.928,1.4915066377036705,764.1612660469475
2.9290000000000003,1.4916176552136615,765.4098304884062
2.93,1.491728977930203,766.6573471426823
2.931,1.4918406027968822,767.9037885975156
2.932,1.4919525266860918,769.1491279496009
2.9330000000000003,1.4920647463998575,770.3933388110992
2.934,1.4921772586706823,771.6363953160121
2.935,1.492290060162409,772.8782721264246
2.936,1.492403147471096,774.11894443861
2.9370000000000003,1.4925165171259107,775.3583879890011
2.938,1.4926301655900371,776.5965790600195
2.939,1.4927440892616013,777.8334944857703
2.94,1.4928582844746068,779.0691116575871
2.9410000000000003,1.4929727474998917,780.3034085294458
2.942,1.4930874745460925,781.5363636232242
2.943,1.49320246176063,782.7679560338233
2.944,1.493317705230705,783.9981654341398
2.945,1.4934332009843052,785.2269720798909
2.946,1.4935489449912334,786.4543568142927
2.947,1.4936649331641418,787.6803010725876
2.948,1.4937811613595817,788.904786886417
2.949,1.4938976253790677,790.1277968880526
2.95,1.4940143209701526,791.3493143144651
2.951,1.494131243827513,792.5693230112406
2.952,1.494248389594051,793.78780743635
2.953,1.4943657538620045,795.0047526637521
2.954,1.4944833321740678,796.2201443868488
2.955,1.4946011200245282,797.4339689217795
2.956,1.4947191128604072,798.6462132105581
2.957,1.4948373060826174,799.8568648240506
2.958,1.4949556950471257,801.0659119647955
2.959,1.4950742750661308,802.2733434696642
2.96,1.4951930414092445,803.4791488123575
2.961,1.495311989304689,804.6833181057448
2.962,1.4954311139404959,805.8858421040393
2.963,1.4955504104657225,807.0867122048148
2.964,1.4956698739916672,808.2859204508533
2.965,1.4957894995931034,809.4834595318376
2.966,1.4959092823095088,810.6793227858744
2.967,1.4960292171463152,811.8735042008573
2.968,1.4961492990761553,813.0659984156639
2.969,1.4962695230401217,814.2568007211917
2.97,1.4963898839490333,815.4459070612261
2.971,1.4965103766847017,816.633314033146
2.972,1.4966309961012116,817.8190188884662
2.973,1.4967517370262011,819.0030195332108
2.974,1.4968725942621492,820.1853145281275
2.975,1.4969935625876696,821.3659030887337
2.976,1.4971146367588068,822.5447850851978
2.977,1.4972358115103375,823.7219610420586
2.978,1.4973570815570778,824.8974321377775
2.979,1.4974784415951918,826.0712002041317
2.98,1.4975998863035036,827.2432677254327
2.981,1.4977214103448133,828.413637837596
2.982,1.4978430083672176,829.5823143270338
2.983,1.4979646750054298,830.749301629394
2.984,1.4980864048821008,831.9146048281312
2.985,1.4982081926091477,833.078229652917
2.986,1.4983300327890783,834.2401824778901
2.987,1.4984519200163182,835.400470319744
2.988,1.4985738488785416,836.5591008356513
2.989,1.498695813957998,837.7160823210334
2.99,1.4988178098328409,838.8714237071656
2.991,1.4989398310784599,840.0251345586264
2.992,1.4990618722688054,841.1772250705866
2.993,1.4991839279777195,842.3277060659432
2.994,1.4993059927802594,843.4765889922934
2.995,1.4994280612540254,844.6238859187578
2.996,1.4995501279804828,845.7696095326417
2.997,1.4996721875462817,846.9137731359497
2.998,1.4997942345445796,848.0563906417412
2.999,1.4999162635763548,849.197476570338
3.0,1.5000382692517191,850.3370460453766
3.001,1.5001602461912298,851.475114789716
3.002,1.5002821890271918,852.6116991211878
3.003,1.5004040924049655,853.7468159482095
3.004,1.5005259509842583,854.8804827652409
3.005,1.5006477594404228,856.012717648101
3.006,1.5007695124657408,857.1435392491389
3.007,1.5008912047707106,858.2729667922604
3.008,1.5010128310853188,859.4010200678135
3.009,1.5011343861603177,860.5277194273348
3.01,1.5012558647684868,861.6530857781554
3.011,1.5013772617058931,862.7771405778701
3.012,1.5014985717931426,863.8999058286663
3.013,1.501619789876627,865.0214040715271
3.014,1.5017409108297586,866.1416583802895
3.015,1.5018619295542037,867.2606923555813
3.016,1.5019828409811011,868.3785301186202
3.017,1.5021036400722798,869.49519630489
3.018,1.502224321821461,870.6107160576848
3.019,1.5023448812554565,871.7251150215317
3.02,1.502465313435357,872.838419335488
3.021,1.5025856134577062,873.9506556263174
3.022,1.502705776455674,875.0618510015452
3.023,1.5028257976002124,876.1720330423959
3.024,1.5029456721012036,877.281229796615
3.025,1.5030653952085986,878.389469771171
3.026,1.5031849622135445,879.4967819248541
3.027,1.5033043684494989,880.6031956607555
3.028,1.5034236092933366,881.7087408186396
3.029,1.503542680166441,882.8134476672137
3.03,1.5036615765357875,883.9173468962849
3.031,1.5037802939150104,885.0204696088213
3.032,1.5038988278654624,886.1228473129066
3.033,1.5040171739972574,887.2245119136011
3.0340000000000003,1.5041353279703022,888.325495704697
3.035,1.5042532854953172,889.4258313603912
3.036,1.5043710423348389,890.5255519268537
3.037,1.5044885943042143,891.6246908137118
3.0380000000000003,1.5046059372725773,892.7232817854449
3.039,1.5047230671638137,893.8213589526916
3.04,1.5048399799575116,894.9189567634751
3.041,1.504956671689897,896.016109994343
3.0420000000000003,1.5050731384547533,897.1128537414313
3.043,1.5051893764043296,898.2092234114515
3.044,1.5053053817502309,899.3052547125966
3.045,1.5054211507642927,900.4009836453828
3.0460000000000003,1.5055366797794452,901.4964464934135
3.047,1.505651965190553,902.5916798140807
3.048,1.5057670034552495,903.6867204291982
3.049,1.5058817910947444,904.7816054155685
3.0500000000000003,1.5059963246946249,905.8763720954963
3.051,1.5061106009056346,906.9710580272365
3.052,1.5062246164444353,908.0657009953893
3.053,1.5063383680943583,909.1603390012402
3.0540000000000003,1.5064518527061301,910.2550102530502
3.055,1.506565067198589,911.3497531562955
3.056,1.5066780085593785,912.4446063038631
3.057,1.5067906738456267,913.5396084661991
3.0580000000000003,1.5069030601846083,914.6347985814182
3.059,1.507015164774386,915.7302157453761
3.06,1.5071269848844366,916.8258992016979
3.061,1.50723851785626,917.9218883317832
3.0620000000000003,1.5073497611039666,919.0182226447698
3.063,1.507460712114848,920.1149417674759
3.064,1.5075713684499332,921.2120854343109
3.065,1.5076817277445183,922.3096934771673
3.0660000000000003,1.507791787708687,923.4078058152845
3.067,1.5079015461278038,924.5064624451024
3.068,1.5080110008629939,925.6057034300906
3.069,1.508120149851604,926.7055688905699
3.0700000000000003,1.5082289911076385,927.8060989935198
3.071,1.5083375227221862,928.9073339423794
3.072,1.5084457428638183,930.0093139668388
3.073,1.5085536497789718,931.1120793126307
3.074,1.5086612417923166,932.2156702313213
3.075,1.5087685173070935,933.3201269700999
3.076,1.508875474805444,934.4254897615741
3.077,1.5089821128487146,935.531798813575
3.078,1.5090884300777396,936.6390942989658
3.079,1.509194425213109,937.7474163454665
3.08,1.5093000970554145,938.8568050254937
3.081,1.5094054444854759,939.9673003460141
3.082,1.5095104664645478,941.0789422384196
3.083,1.5096151620345057,942.1917705484258
3.084,1.5097195303180135,943.3058250259912
3.085,1.5098235705186709,944.4211453152687
3.086,1.50992728192114,945.5377709445805
3.087,1.5100306638912526,946.6557413164322
3.088,1.510133715876099,947.7750956975567
3.089,1.510236437404093,948.8958732089955
3.09,1.5103388280850214,950.0181128162222
3.091,1.5104408876100706,951.1418533193064
3.092,1.5105426157518356,952.2671333431213
3.093,1.5106440123643061,953.3939913276004
3.094,1.5107450773828366,954.5224655180427
3.095,1.5108458108240914,955.6525939554688
3.096,1.510946212785977,956.7844144670316
3.097,1.5110462834475462,957.917964656486
3.098,1.5111460230688911,959.0532818947128
3.099,1.5112454319910091,960.1904033103102
3.1,1.5113445106356531,961.3293657802417
3.101,1.5114432595051621,962.4702059205579
3.102,1.511541679182271,963.6129600771791
3.103,1.511639770329901,964.7576643167545
3.104,1.5117375336909316,965.9043544175911
3.105,1.5118349700879523,967.0530658606574
3.106,1.5119320804229939,968.2038338206671
3.107,1.5120288656772465,969.3566931572417
3.108,1.5121253269107484,970.5116784061506
3.109,1.512221465262065,971.6688237706426
3.11,1.5123172819479438,972.8281631128567
3.111,1.5124127782629544,973.9897299453263
3.112,1.5125079555791037,975.15355742257
3.113,1.51260281534544,976.3196783327768
3.114,1.5126973590876325,977.4881250895846
3.115,1.5127915884075354,978.6589297239582
3.116,1.512885504982734,979.8321238761619
3.117,1.5129791105660715,981.0077387878343
3.118,1.5130724069851564,982.1858052941667
3.119,1.513165396141856,983.3663538161845
3.12,1.5132580800117699,984.549414353135
3.121,1.5133504606436834,985.7350164749848
3.122,1.5134425401590081,986.9231893150252
3.123,1.5135343207512042,988.1139615625915
3.124,1.5136258046851814,989.3073614558955
3.125,1.5137169942966886,990.5034167749718
3.126,1.5138078919916826,991.7021548347433
3.127,1.5138985002456833,992.9036024782065
3.128,1.5139888216031097,994.107786069732
3.129,1.5140788586765999,995.3147314884968
3.13,1.514168614146319,996.5244641220286
3.131,1.5142580907592451,997.7370088598875
3.132,1.5143472913284433,998.9523900874651
3.133,1.5144362187323226,1000.170631679917
3.134,1.5145248759138794,1001.3917569962265
3.135,1.5146132658799234,1002.615788873395
3.136,1.51470139170029,1003.8427496207694
3.137,1.5147892565070378,1005.0726610145011
3.138,1.51487686349363,1006.3055442921449
3.139,1.5149642159141046,1007.5414201473895
3.14,1.5150513170822268,1008.7803087249283
3.141,1.515138170370632,1010.0222296154732
3.142,1.515224779209948,1011.2672018509033
3.143,1.515311147087913,1012.5152438995601
3.144,1.5153972775484723,1013.7663736616832
3.145,1.5154831741908656,1015.0206084649919
3.146,1.5155688406687036,1016.2779650604098
3.147,1.5156542806890254,1017.5384596179402
3.148,1.515739498011351,1018.8021077226817
3.149,1.5158244964467178,1020.0689243710005
3.15,1.515909279856705,1021.3389239668435
3.151,1.5159938521524485,1022.6121203182097
3.152,1.5160782172936433,1023.8885266337652
3.153,1.5161623792875336,1025.1681555196146
3.154,1.5162463421878951,1026.4510189762232
3.155,1.5163301100940052,1027.7371283954947
3.156,1.5164136871496003,1029.0264945579977
3.157,1.5164970775418294,1030.319127630353
3.158,1.5165802855001893,1031.6150371627716
3.1590000000000003,1.5166633152954596,1032.9142320867531
3.16,1.516746171238621,1034.216720712933
3.161,1.51682885767977,1035.5225107290976
3.162,1.5169113790070197,1036.8316091983431
3.1630000000000003,1.516993739645396,1038.1440225574083
3.164,1.517075944055726,1039.459756615149
3.165,1.5171579967335158,1040.7788165511836
3.166,1.5172399022078222,1042.1012069146905
3.1670000000000003,1.5173216650401176,1043.4269316233688
3.168,1.5174032898231467,1044.7559939625546
3.169,1.5174847811797763,1046.0883965844996
3.17,1.5175661437618413,1047.424141507807
3.1710000000000003,1.5176473822489818,1048.7632301170327
3.172,1.517728501347474,1050.1056631624358
3.173,1.517809505789058,1051.4514407599013
3.174,1.517890400329759,1052.800562391014
3.1750000000000003,1.5179711897487023,1054.1530269032942
3.176,1.5180518788469268,1055.5088325105976
3.177,1.5181324724461893,1056.867976793667
3.178,1.5182129753877702,1058.2304567008496
3.1790000000000003,1.5182933925312707,1059.5962685489717
3.18,1.51837372875341,1060.9654080243713
3.181,1.5184539889468163,1062.3378701840925
3.182,1.5185341780188162,1063.7136494572308
3.1830000000000003,1.5186143008902224,1065.092739646448
3.184,1.5186943624941187,1066.475133929634
3.185,1.5187743677746408,1067.860824861731
3.186,1.5188543216857575,1069.2498043767137
3.1870000000000003,1.5189342291900512,1070.6420637897256
3.188,1.5190140952574942,1072.037593799369
3.189,1.5190939248642277,1073.4363844901518
3.19,1.5191737229913365,1074.8384253350905
3.1910000000000003,1.5192534946236282,1076.2437051984607
3.192,1.5193332447484074,1077.6522123387074
3.193,1.5194129783542534,1079.0639344115034
3.194,1.5194927004297987,1080.4788584729588
3.1950000000000003,1.5195724159625055,1081.8969709829842
3.196,1.5196521299374477,1083.3182578087997
3.197,1.5197318473360908,1084.7427042285963
3.198,1.5198115731350756,1086.1702949353423
3.1990000000000003,1.5198913123050035,1087.601014040737
3.2,1.519971069809223,1089.0348450793126
3.201,1.5200508506026225,1090.4717710126758
3.202,1.5201306596304227,1091.9117742338992
3.203,1.5202105018269723,1093.354836572051
3.204,1.5202903821145501,1094.8009392968668
3.205,1.520370305402168,1096.250063123563
3.206,1.5204502765843806,1097.7021882177878
3.207,1.5205303005400967,1099.1572942007097
3.208,1.5206103821313994,1100.615360154244
3.209,1.5206905262023669,1102.0763646264115
3.21,1.5207707375778994,1103.5402856368344
3.211,1.5208510210625565,1105.0071006823623
3.212,1.5209313814393945,1106.4767867428286
3.213,1.5210118234688108,1107.9493202869376
3.214,1.5210923518874007,1109.424677278278
3.215,1.5211729714068098,1110.9028331814661
3.216,1.5212536867126065,1112.3837629684097
3.217,1.5213345024631502,1113.8674411246957
3.218,1.5214154232884738,1115.3538416561014
3.219,1.5214964537891744,1116.8429380952273
3.22,1.5215775985353057,1118.334703508241
3.221,1.521658862065287,1119.8291105017447
3.222,1.521740248884813,1121.3261312297552
3.223,1.5218217634657782,1122.8257374007958
3.224,1.5219034102452098,1124.3279002850993
3.225,1.5219851936242053,1125.8325907219246
3.226,1.5220671179668848,1127.3397791269729
3.227,1.5221491875993511,1128.8494354999186
3.228,1.5222314068086606,1130.3615294320361
3.229,1.5223137798418032,1131.8760301139348
3.23,1.5223963109046936,1133.3929063433884
3.231,1.5224790041611749,1134.912126533266
3.232,1.5225618637320297,1136.4336587195583
3.233,1.522644893694007,1137.9574705694959
3.234,1.5227280980788567,1139.4835293897609
3.235,1.5228114808723772,1141.0118021347894
3.236,1.5228950460134771,1142.5422554151564
3.237,1.5229787973932463,1144.0748555060557
3.238,1.5230627388540388,1145.6095683558522
3.239,1.5231468741885732,1147.146359594723
3.24,1.5232312071390386,1148.685194543375
3.241,1.5233157413962217,1150.2260382218392
3.242,1.5234004805986396,1151.7688553583396
3.243,1.5234854283316923,1153.3136103982367
3.244,1.5235705881268229,1154.8602675130355
3.245,1.5236559634606979,1156.408790609469
3.246,1.5237415577543973,1157.9591433386404
3.247,1.523827374372619,1159.5112891052336
3.248,1.5239134166228998,1161.0651910767801
3.249,1.52399968775485,1162.62081219299
3.25,1.524086190959402,1164.178115175132
3.251,1.5241729293680748,1165.7370625354763
3.252,1.524259906052253,1167.29761658678
3.253,1.524347124022482,1168.8597394518274
3.254,1.5244345862277768,1170.423393073017
3.255,1.5245222955549487,1171.9885392219876
3.256,1.5246102548279454,1173.5551395092925
3.257,1.52469846680721,1175.1231553941107
3.258,1.5247869341890523,1176.6925481939916
3.259,1.524875659605039,1178.2632790946432
3.26,1.5249646456213997,1179.8353091597407
3.261,1.5250538947384493,1181.4085993407757
3.262,1.525143409390024,1182.9831104869245
3.263,1.5252331919429416,1184.5588033549457
3.264,1.5253232446964688,1186.135638619098
3.265,1.525413569881814,1187.7135768810783
3.266,1.5255041696616316,1189.2925786799765
3.267,1.5255950461295449,1190.872604502247
3.268,1.5256862013096892,1192.453614791687
3.269,1.5257776371562677,1194.0355699594334
3.27,1.5258693555531266,1195.6184303939572
3.271,1.5259613583133502,1197.2021564710694
3.272,1.52605364717887,1198.7867085639255
3.273,1.5261462238200925,1200.372047053031
3.274,1.5262390898355467,1201.9581323362456
3.275,1.526332246751548,1203.5449248387777
3.276,1.5264256960218774,1205.1323850231734
3.277,1.526519439027487,1206.7204733992983
3.278,1.526613477076211,1208.309150534299
3.279,1.526707811402507,1209.8983770625575
3.28,1.5268024431672083,1211.4881136956205
3.281,1.5268973734572964,1213.078321232113
3.282,1.5269926032856915,1214.6689605676256
3.283,1.5270881335910615,1216.2599927045812
3.2840000000000003,1.5271839652376502,1217.8513787620684
3.285,1.527280099015121,1219.4430799856473
3.286,1.5273765356384235,1221.0350577571226
3.287,1.5274732757476728,1222.6272736042813
3.2880000000000003,1.527570319908053,1224.2196892105912
3.289,1.5276676686097348,1225.812266424863
3.29,1.5277653222678136,1227.404967270864
3.291,1.527863281222266,1228.9977539568945
3.2920000000000003,1.5279615457379234,1230.5905888853063
3.293,1.5280601160044653,1232.183434661985
3.294,1.528158992136431,1233.7762541057687
3.295,1.528258174173248,1235.3690102578155
3.2960000000000003,1.5283576620792811,1236.9616663909187
3.297,1.528457455743899,1238.554186018757
3.298,1.528557554981558,1240.1465329050839
3.299,1.5286579595319048,1241.7386710728588
3.3000000000000003,1.5287586690598998,1243.330564813304
3.301,1.5288596831559533,1244.9221786949006
3.302,1.5289610013360855,1246.5134775723086
3.303,1.529062623042101,1248.1044265952164
3.3040000000000003,1.5291645476417828,1249.6949912171158
3.305,1.5292667744291026,1251.2851372039981
3.306,1.5293693026244535,1252.8748306429711
3.307,1.5294721313748927,1254.4640379507964
3.3080000000000003,1.5295752597544114,1256.0527258823404
3.309,1.5296786867642145,1257.6408615389412
3.31,1.5297824113330216,1259.228412376686
3.311,1.5298864323173857,1260.8153462145997
3.3120000000000003,1.5299907485020272,1262.401631242742
3.313,1.5300953586001882,1263.9872360302074
3.314,1.5302002612540013,1265.5721295330336
3.315,1.5303054550348774,1267.1562811020062
3.3160000000000003,1.5304109384439082,1268.7396604903702
3.317,1.5305167099122896,1270.322237861432
3.318,1.5306227678017565,1271.9039837960645
3.319,1.5307291104050411,1273.4848693001009
3.3200000000000003,1.5308357359463394,1275.0648658116238
3.321,1.5309426425818025,1276.6439452081454
3.322,1.5310498284000376,1278.2220798136723
3.323,1.5311572914226295,1279.7992424056642
3.3240000000000003,1.5312650296046757,1281.37540622187
3.325,1.5313730408353388,1282.9505449670537
3.326,1.531481322938413,1284.5246328195994
3.327,1.531589873672907,1286.0976444379949
3.3280000000000003,1.5316986907336456,1287.669554967199
3.329,1.5318077717518783,1289.2403400448793
3.33,1.5319171142959132,1290.8099758075302
3.331,1.5320267158717564,1292.3784388964636
3.332,1.5321365739237742,1293.945706463669
3.333,1.5322466858353645,1295.5117561775508
3.334,1.5323570489296436,1297.0765662285276
3.335,1.5324676604701504,1298.6401153345064
3.336,1.5325785176615598,1300.2023827462172
3.337,1.532689617650414,1301.7633482524186
3.338,1.5328009575258659,1303.322992184963
3.339,1.5329125343204353,1304.8812954237283
3.34,1.5330243450107792,1306.438239401407
3.341,1.533136386518477,1307.9938061081607
3.342,1.533248655710823,1309.5479780961284
3.343,1.5333611494016388,1311.1007384837972
3.344,1.5334738643520949,1312.652070960227
3.345,1.5335867972715398,1314.201959789134
3.346,1.5336999448183521,1315.7503898128236
3.347,1.533813303600793,1317.2973464559877
3.348,1.5339268701778797,1318.84281572934
3.349,1.5340406410602614,1320.3867842331183
3.35,1.5341546127111159,1321.9292391604256
3.351,1.5342687815470493,1323.4701683004328
3.352,1.5343831439390108,1325.009560041419
3.353,1.5344976962132164,1326.5474033736728
3.354,1.5346124346520835,1328.0836878922291
3.355,1.5347273554951746,1329.6184037994663
3.356,1.5348424549401516,1331.1515419075358
3.357,1.5349577291437413,1332.683093640654
3.358,1.5350731742227055,1334.213051037224
3.359,1.5351887862548237,1335.7414067518114
3.36,1.5353045612798868,1337.2681540569642
3.361,1.535420495300693,1338.793286844873
3.362,1.5355365842840567,1340.316799628877
3.363,1.5356528241618255,1341.8386875448143
3.364,1.5357692108319017,1343.3589463522112
3.365,1.5358857401592767,1344.87757243532
3.366,1.5360024079770644,1346.394562803992
3.367,1.5361192100875518,1347.9099150943991
3.368,1.5362361422632498,1349.423627569594
3.369,1.536353200247949,1350.9356991199115
3.37,1.536470379757789,1352.4461292632132
3.371,1.5365876764823267,1353.954918144975
3.372,1.5367050860856135,1355.462066538211
3.373,1.5368226042072792,1356.9675758432463
3.374,1.536940226463616,1358.471448087325
3.375,1.537057948448675,1359.973685924062
3.376,1.5371757657353586,1361.4742926327417
3.377,1.5372936738765248,1362.9732721174482
3.378,1.5374116684060928,1364.4706289060482
3.379,1.5375297448401493,1365.9663681490117
3.38,1.5376478986780642,1367.4604956180733
3.381,1.537766125403605,1368.9530177047436
3.382,1.537884420486056,1370.4439414186552
3.383,1.538002779381341,1371.9332743857615
3.384,1.538121197533146,1373.4210248463733
3.385,1.5382396703740457,1374.907201653043
3.386,1.5383581933266337,1376.3918142682942
3.387,1.5384767618046498,1377.8748727621987
3.388,1.5385953712141107,1379.3563878097946
3.389,1.538714016954447,1380.8363706883592
3.39,1.5388326944196293,1382.3148332745247
3.391,1.5389513989993073,1383.7917880412429
3.392,1.5390701260799404,1385.2672480546025
3.393,1.5391888710459325,1386.7412269704919
3.394,1.5393076292807648,1388.2137390311175
3.395,1.5394263961681298,1389.6847990613721
3.396,1.5395451670930604,1391.1544224650536
3.397,1.5396639374430634,1392.6226252209426
3.398,1.539782702609247,1394.089423878731
3.399,1.5399014579874484,1395.554835554805
3.4,1.5400201989793605,1397.0188779278924
3.401,1.5401389209936533,1398.481569234557
3.402,1.5402576194470963,1399.9429282645615
3.403,1.5403762897656748,1401.402974356086
3.404,1.5404949273857058,1402.8617273908058
3.405,1.540613527754949,1404.3192077888393
3.406,1.5407320863337157,1405.775436503551
3.407,1.5408505985959702,1407.230435016227
3.408,1.5409690600304304,1408.684225330612
3.4090000000000003,1.541087466141667,1410.1368299673159
3.41,1.5412058124511874,1411.5882719580895
3.411,1.5413240944985271,1413.0385748399747
3.412,1.5414423078423265,1414.4877626493183
3.4130000000000003,1.541560448061409,1415.9358599156676
3.414,1.5416785107558464,1417.3828916555372
3.415,1.5417964915480264,1418.8288833660558
3.416,1.5419143860837063,1420.2738610184842
3.4170000000000003,1.5420321900330658,1421.7178510516235
3.418,1.5421498990917475,1423.1608803650965
3.419,1.5422675089818978,1424.6029763125168
3.42,1.5423850154531944,1426.04416669454
3.4210000000000003,1.542502414283867,1427.4844797518062
3.422,1.5426197012817138,1428.923944157765
3.423,1.5427368722851054,1430.3625890113972
3.424,1.542853923163986,1431.8004438298235
3.4250000000000003,1.542970849820859,1433.2375385408086
3.426,1.5430876481917701,1434.673903475163
3.427,1.5432043142472813,1436.1095693590428
3.428,1.5433208439934276,1437.5445673061433
3.4290000000000003,1.543437233472676,1438.9789288098045
3.43,1.543553478764867,1440.4126857350097
3.431,1.5436695759881476,1441.8458703102967
3.432,1.5437855212998963,1443.2785151195765
3.4330000000000003,1.5439013108976367,1444.710653093855
3.434,1.5440169410199385,1446.142317502875
3.435,1.544132407947313,1447.5735419466694
3.436,1.5442477080030905,1449.0043603470249
3.4370000000000003,1.5443628375542935,1450.4348069388736
3.438,1.5444777930124938,1451.8649162615961
3.439,1.544592570834662,1453.2947231502533
3.44,1.5447071675239983,1454.7242627267383
3.4410000000000003,1.5448215796307618,1456.1535703908596
3.442,1.544935803753078,1457.5826818113487
3.443,1.5450498365377388,1459.0116329168038
3.444,1.5451636746809903,1460.4404598865642
3.4450000000000003,1.5452773149293035,1461.869199141522
3.446,1.5453907540801408,1463.2978873348704
3.447,1.5455039889826971,1464.7265613427955
3.448,1.5456170165386407,1466.1552582551076
3.4490000000000003,1.5457298337028302,1467.5840153658219
3.45,1.545842437484024,1469.0128701636813
3.451,1.545954824945575,1470.4418603226372
3.452,1.5460669932061095,1471.8710236922714
3.4530000000000003,1.546178939440193,1473.3003982881876
3.454,1.5462906608789833,1474.7300222823446
3.455,1.5464021548108673,1476.1599339933612
3.456,1.5465134185820837,1477.5901718767766
3.457,1.546624449597333,1479.0207745152786
3.458,1.5467352453203669,1480.4517806088954
3.459,1.5468458032745735,1481.8832289651634
3.46,1.5469561210435347,1483.3151584892562
3.461,1.5470661962715782,1484.7476081741015
3.462,1.54717602666431,1486.1806170904626
3.463,1.5472856099891308,1487.6142243770064
3.464,1.5473949440757406,1489.048469230352
3.465,1.547504026816623,1490.4833908951025
3.466,1.5476128561675169,1491.9190286538637
3.467,1.5477214301478726,1493.3554218172558
3.468,1.547829746841288,1494.792609713909
3.469,1.547937804395935,1496.2306316804643
3.47,1.5480456010249644,1497.6695270515615
3.471,1.5481531350068949,1499.1093351498334
3.472,1.5482604046859911,1500.550095275898
3.473,1.5483674084726191,1501.9918466983554
3.474,1.548474144843588,1503.4346286437963
3.475,1.5485806123424741,1504.8784802868154
3.476,1.5486868095799313,1506.323440740035
3.477,1.5487927352339819,1507.7695490441515
3.478,1.5488983880502891,1509.2168441579904
3.479,1.5490037668424188,1510.6653649485847
3.48,1.5491088704920772,1512.1151501812753
3.481,1.5492136979493387,1513.5662385098376
3.482,1.54931824823285,1515.0186684666282
3.483,1.5494225204300227,1516.4724784527718
3.484,1.5495265136972056,1517.9277067283706
3.485,1.5496302272598417,1519.384391402754
3.486,1.5497336604126073,1520.8425704247622
3.487,1.549836812519534,1522.302281573071
3.488,1.549939683014115,1523.7635624465565
3.489,1.5500422713993902,1525.226450454707
3.49,1.5501445772480213,1526.690982808078
3.491,1.550246600202342,1528.1571965088003
3.492,1.5503483399743965,1529.6251283411343
3.493,1.5504497963459585,1531.094814862085
3.494,1.5505509691685335,1532.566292392066
3.495,1.5506518583633442,1534.0395970056275
3.496,1.5507524639212997,1535.5147645222435
3.497,1.550852785902944,1536.9918304971611
3.498,1.550952824438392,1538.4708302123154
3.499,1.5510525797272474,1539.9517986673166
3.5,1.5511520520385018,1541.4347705705
3.501,1.5512512417104158,1542.9197803300553
3.502,1.5513501491503883,1544.4068620452254
3.503,1.5514487748348056,1545.8960494975847
3.504,1.5515471193088715,1547.3873761423974
3.505,1.5516451831864242,1548.8808751000524
3.506,1.5517429671497383,1550.3765791475885
3.507,1.551840471949302,1551.8745207102988
3.508,1.5519376984035862,1553.3747318534276
3.509,1.5520346473987947,1554.8772442739528
3.51,1.5521313198885938,1556.3820892924646
3.511,1.552227716893832,1557.889297845135
3.512,1.5523238395022385,1559.3989004757834
3.513,1.5524196888681074,1560.9109273280433
3.514,1.5525152662119663,1562.425408137624
3.515,1.5526105728202284,1563.9423722246795
3.516,1.5527056100448267,1565.4618484862772
3.517,1.552800379302838,1566.983865388975
3.518,1.5528948820760817,1568.5084509615035
3.519,1.5529891199107158,1570.035632787561
3.52,1.5530830944168037,1571.5654379987188
3.521,1.5531768072678769,1573.0978932674352
3.522,1.5532702602004747,1574.6330248001923
3.523,1.5533634550136743,1576.170858330745
3.524,1.5534563935686019,1577.711419113486
3.525,1.5535490777879304,1579.254731916938
3.526,1.5536415096553644,1580.8008210173612
3.527,1.5537336912151065,1582.349710192485
3.528,1.5538256245713118,1583.9014227153702
3.529,1.553917311887528,1585.4559813483916
3.53,1.5540087553861213,1587.013408337349
3.531,1.5540999573476868,1588.573725405714
3.532,1.5541909201104467,1590.1369537490002
3.533,1.5542816460696331,1591.7031140292713
3.5340000000000003,1.5543721376768616,1593.2722263697797
3.535,1.5544623974394844,1594.8443103497427
3.536,1.554552427919936,1596.4193849992555
3.537,1.5546422317350637,1597.9974687943388
3.5380000000000003,1.5547318115554458,1599.5785796521295
3.539,1.5548211701046952,1601.162734926212
3.54,1.5549103101587545,1602.749951402085
3.541,1.554999234545174,1604.3402452927808
3.5420000000000003,1.5550879461423812,1605.9336322346203
3.543,1.5551764478789365,1607.530127283117
3.544,1.5552647427327777,1609.1297449090266
3.545,1.5553528337304527,1610.732498994544
3.5460000000000003,1.5554407239463417,1612.338402829644
3.547,1.555528416501866,1613.9474691085838
3.548,1.555615914564689,1615.5597099265356
3.549,1.5557032213479038,1617.1751367763898
3.5500000000000003,1.555790340109211,1618.7937605456973
3.551,1.5558772741500873,1620.4155915137685
3.552,1.5559640268149417,1622.0406393489277
3.553,1.556050601490264,1623.6689131059154
3.5540000000000003,1.5561370016037621,1625.300421223451
3.555,1.5562232306234913,1626.9351715219514
3.556,1.5563092920569714,1628.5731712013974
3.557,1.5563951894502979,1630.2144268393677
3.5580000000000003,1.5564809263872452,1631.8589443892192
3.559,1.5565665064883543,1633.506729178435
3.56,1.5566519334100208,1635.1577859071233
3.561,1.5567372108435718,1636.8121186466751
3.5620000000000003,1.5568223425143295,1638.469730838584
3.563,1.556907332180676,1640.1306252934255
3.564,1.5569921836331038,1641.7948041899886
3.565,1.5570769006932628,1643.4622690745773
3.5660000000000003,1.5571614872129997,1645.133020860463
3.567,1.5572459470733881,1646.8070598275024
3.568,1.557330284183756,1648.4843856219143
3.569,1.5574145024807051,1650.1649972562134
3.5700000000000003,1.557498605927123,1651.84889310931
3.571,1.5575825985111909,1653.5360709267668
3.572,1.5576664842453893,1655.226527821214
3.573,1.5577502671654895,1656.9202602729301
3.5740000000000003,1.5578339513295492,1658.617264130578
3.575,1.557917540816899,1660.3175346121016
3.576,1.5580010397271242,1662.0210663057865
3.577,1.5580844521790453,1663.7278531714733
3.5780000000000003,1.5581677823096904,1665.4378885419376
3.579,1.5582510342732658,1667.151165124422
3.58,1.5583342122401254,1668.867675002332
3.581,1.558417320395733,1670.5874096370885
3.5820000000000003,1.558500362939625,1672.3103598701348
3.583,1.5585833440843655,1674.0365159251078
3.584,1.558666268054507,1675.76586741016
3.585,1.5587491390855397,1677.4984033204396
3.586,1.5588319614228463,1679.2341120407268
3.587,1.55891473932065,1680.9729813482272
3.588,1.5589974770409656,1682.7149984155135
3.589,1.5590801788525444,1684.4601498136283
3.59,1.5591628490298235,1686.208421515334
3.591,1.5592454918518694,1687.9597988985186
3.592,1.5593281116013253,1689.714266749751
3.593,1.5594107125633567,1691.4718092679877
3.594,1.5594932990245947,1693.2324100684273
3.595,1.559575875272086,1694.9960521865185
3.596,1.5596584455922364,1696.762718082107
3.597,1.559741014269759,1698.5323896437417
3.598,1.5598235855866247,1700.3050481931123
3.599,1.55990616382101,1702.0806744896424
3.6,1.5599887532462524,1703.8592487352244
3.601,1.5600713581297998,1705.640750579088
3.602,1.5601539827321702,1707.425159122823
3.603,1.5602366313059086,1709.2124529255323
3.604,1.5603193080945483,1711.0026100091259
3.605,1.560402017331576,1712.7956078637562
3.606,1.560484763239398,1714.5914234533827
3.607,1.5605675500283125,1716.390033221477
3.608,1.5606503818954827,1718.1914130968576
3.609,1.5607332630239155,1719.9955384996595
3.61,1.5608161975814465,1721.8023843474282
3.611,1.5608991897197244,1723.6119250613542
3.612,1.560982243573205,1725.4241345726189
3.613,1.5610653632581464,1727.2389863288813
3.614,1.5611485528716118,1729.0564533008783
3.615,1.561231816490478,1730.8765079891537
3.616,1.561315158170447,1732.6991224309054
3.617,1.5613985819450673,1734.5242682069525
3.618,1.5614820918247554,1736.3519164488175
3.619,1.561565691795832,1738.182037845931
3.62,1.561649385819557,1740.0146026529414
3.621,1.5617331778311756,1741.8495806971425
3.622,1.5618170717389714,1743.6869413860113
3.623,1.5619010714233237,1745.5266537148507
3.624,1.5619851807357774,1747.3686862745433
3.625,1.5620694034981155,1749.2130072594043
3.626,1.5621537435014434,1751.059584475143
3.627,1.562238204505278,1752.9083853469228
3.628,1.5623227902366499,1754.759376927515
3.629,1.562407504389209,1756.6125259055584
3.63,1.5624923506223416,1758.4677986139063
3.631,1.562577332560298,1760.3251610380685
3.632,1.5626624537913263,1762.1845788247451
3.633,1.5627477178668174,1764.0460172904445
3.634,1.562833128300459,1765.9094414301935
3.635,1.5629186885674018,1767.774815926327
3.636,1.5630044021034297,1769.642105157359
3.637,1.5630902723041484,1771.5112732069392
3.638,1.5631763025241794,1773.3822838728781
3.639,1.5632624960763633,1775.255100676255
3.64,1.5633488562309799,1777.1296868705954
3.641,1.5634353862149741,1779.006005451119
3.642,1.5635220892111925,1780.8840191640552
3.643,1.563608968357639,1782.7636905160296
3.644,1.5636960267467306,1784.6449817835053
3.645,1.5637832674245737,1786.5278550222947
3.646,1.5638706933902504,1788.4122720771236
3.647,1.563958307595114,1790.2981945912543
3.648,1.5640461129420995,1792.1855840161647
3.649,1.5641341122850452,1794.0744016212743
3.65,1.5642223084280285,1795.9646085037234
3.651,1.564310704124711,1797.856165598198
3.652,1.564399302077703,1799.749033686799
3.653,1.5644881049379307,1801.6431734089535
3.654,1.564577115304028,1803.538545271363
3.655,1.5646663357217325,1805.435109657994
3.656,1.5647557686833016,1807.3328268400967
3.657,1.5648454166269363,1809.23165698626
3.658,1.5649352819362234,1811.1315601724941
3.659,1.56502536693959,1813.0324963923413
3.66,1.5651156739097698,1814.9344255670057
3.661,1.5652062050632876,1816.8373075555164
3.662,1.5652969625599538,1818.7411021648952
3.663,1.5653879485023767,1820.6457691603523
3.664,1.5654791649354878,1822.5512682754902
3.665,1.5655706138460783,1824.4575592225228
3.666,1.5656622971623582,1826.364601702499
3.667,1.565754216753522,1828.272355415537
3.668,1.5658463744293354,1830.1807800710594
3.669,1.5659387719397289,1832.0898353980342
3.67,1.5660314109744182,1833.9994811552035
3.671,1.5661242931625283,1835.9096771413256
3.672,1.56621742007224,1837.8203832053916
3.673,1.566310793210448,1839.7315592568496
3.674,1.566404414022437,1841.6431652758024
3.675,1.5664982838915684,1843.555161323206
3.676,1.5665924041389903,1845.4675075510372
3.677,1.5666867760233543,1847.3801642124517
3.678,1.566781400740556,1849.2930916719154
3.679,1.5668762794234838,1851.2062504153128
3.68,1.5669714131417878,1853.119601060029
3.681,1.5670668029016652,1855.033104364999
3.682,1.5671624496456558,1856.9467212407294
3.683,1.5672583542524614,1858.8604127592826
3.684,1.5673545175367738,1860.7741401642218
3.685,1.5674509402491237,1862.6878648805239
3.686,1.5675476230757406,1864.6015485244382
3.687,1.5676445666384344,1866.5151529133138
3.688,1.567741771494489,1868.4286400753688
3.689,1.5678392381365722,1870.3419722594158
3.69,1.5679369669926624,1872.2551119445334
3.691,1.5680349584259923,1874.1680218496826
3.692,1.568133212735005,1876.0806649432673
3.693,1.5682317301533302,1877.9930044526366
3.694,1.5683305108497747,1879.9050038735188
3.695,1.5684295549283278,1881.8166269793996
3.696,1.5685288624281828,1883.72783783083
3.697,1.568628433323778,1885.6386007846602
3.698,1.5687282675248477,1887.548880503211
3.699,1.5688283648764942,1889.4586419633665
3.7,1.568928725159272,1891.3678504655895
3.701,1.5690293480892912,1893.2764716428617
3.702,1.569130233318334,1895.1844714695408
3.703,1.5692313804339872,1897.0918162701373
3.704,1.5693327889597926,1898.9984727280034
3.705,1.56943445835541,1900.904407893936
3.706,1.569536388016798,1902.809589194688
3.707,1.5696385772764105,1904.7139844413941
3.708,1.569741025403406,1906.6175618378936
3.709,1.569843731603875,1908.5202899889637
3.71,1.5699466950210825,1910.4221379084513
3.711,1.5700499147357245,1912.323075027309
3.712,1.5701533897662012,1914.223071201522
3.713,1.570257119068903,1916.1220967199365
3.714,1.570361101538514,1918.020122311977
3.715,1.5704653360083305,1919.917119155262
3.716,1.5705698212505919,1921.8130588831002
3.717,1.570674555976829,1923.7079135918827
3.718,1.570779538838224,1925.6016558483561
3.719,1.5708847684259903,1927.4942586967813
3.72,1.5709902432717604,1929.3856956659738
3.721,1.5710959618479927,1931.2759407762264
3.722,1.571201922568391,1933.1649685461048
3.723,1.5713081237883377,1935.052753999129
3.724,1.571414563805342,1936.939272670318
3.725,1.5715212408595027,1938.8245006126213
3.726,1.5716281531339817,1940.7084144032085
3.727,1.5717352987554944,1942.5909911496378
3.728,1.5718426757948125,1944.4722084958926
3.729,1.5719502822672795,1946.3520446282778
3.73,1.57205811613334,1948.2304782811889
3.731,1.5721661752990845,1950.107488742743
3.732,1.5722744576168015,1951.9830558602675
3.733,1.5723829608855477,1953.857160045657
3.734,1.5724916828517292,1955.729782280583
3.735,1.5726006212096946,1957.6009041215657
3.736,1.5727097736023405,1959.4705077048995
3.737,1.5728191376217322,1961.3385757514384
3.738,1.5729287108097285,1963.205091571229
3.739,1.5730384906586308,1965.070039068004
3.74,1.573148474611832,1966.9334027435182
3.741,1.5732586600644833,1968.7951677017454
3.742,1.573369044364172,1970.6553196529162
3.743,1.5734796248116067,1972.5138449174076
3.744,1.5735903986613222,1974.3707304294812
3.745,1.573701363122382,1976.225963740865
3.746,1.5738125153591047,1978.0795330241792
3.747,1.573923852491792,1979.931427076215
3.748,1.5740353715974715,1981.7816353210421
3.749,1.5741470697106485,1983.6301478129758
3.75,1.574258943824066,1985.476955239369
3.751,1.5743709908894759,1987.32204892326
3.752,1.5744832078184228,1989.1654208258508
3.753,1.5745955914830292,1991.0070635488285
3.754,1.5747081387167992,1992.8469703365247
3.755,1.574820846315423,1994.6851350779168
3.756,1.5749337110375956,1996.521552308459
3.757,1.5750467296058421,1998.3562172117595
3.758,1.5751598987073516,2000.1891256210888
3.759,1.5752732149948165,2002.0202740207242
3.76,1.575386675087285,2003.8496595471354
3.761,1.5755002755710168,2005.6772799899957
3.762,1.5756140130003482,2007.5031337930393
3.763,1.5757278838985642,2009.3272200547467
3.764,1.5758418847587765,2011.1495385288663
3.765,1.5759560120448106,2012.9700896247682
3.766,1.5760702621920968,2014.7888744076374
3.767,1.57618463160857,2016.6058945984955
3.768,1.576299116675572,2018.4211525740602
3.769,1.5764137137487653,2020.2346513664345
3.77,1.5765284191590483,2022.0463946626357
3.771,1.5766432292134747,2023.8563868039532
3.772,1.5767581401961843,2025.6646327851406
3.773,1.5768731483693308,2027.4711382534479
3.774,1.5769882499740204,2029.2759095074775
3.775,1.5771034412312541,2031.0789534958858
3.776,1.5772187183428705,2032.880277815913
3.777,1.5773340774924969,2034.679890711747
3.778,1.5774495148464998,2036.4778010727268
3.779,1.5775650265549461,2038.2740184313827
3.78,1.5776806087525588,2040.0685529613024
3.781,1.5777962575596811,2041.8614154748498
3.782,1.5779119690832446,2043.6526174207038
3.783,1.5780277394177342,2045.4421708812497
3.784,1.5781435646461621,2047.2300885697987
3.785,1.5782594408410378,2049.01638382765
3.786,1.578375364065345,2050.8010706209916
3.787,1.5784913303735173,2052.5841635376446
3.788,1.578607335812415,2054.3656777836395
3.789,1.578723376422307,2056.1456291796476
3.79,1.5788394482378465,2057.9240341572413
3.791,1.5789555472890544,2059.7009097550063
3.792,1.5790716696022988,2061.4762736144958
3.793,1.579187811201277,2063.25014397603
3.794,1.579303968107996,2065.0225396743394
3.795,1.5794201363437521,2066.7934801340607
3.796,1.5795363119301138,2068.562985365075
3.797,1.5796524908898981,2070.331075957698
3.798,1.57976866924815,2072.097773077722
3.799,1.57988484303312,2073.8630984613087
3.8,1.5800010082772387,2075.627074409731
3.801,1.5801171610180902,2077.3897237839756
3.802,1.5802332972993862,2079.1510699991945
3.803,1.5803494131719318,2080.9111370190217
3.804,1.5804655046945952,2082.669949349735
3.805,1.5805815679352717,2084.427532034291
3.806,1.5806975989718437,2086.1839106462094
3.807,1.58081359389314,2087.9391112833314
3.808,1.5809295487998902,2089.693160561428
3.809,1.5810454598056753,2091.446085607689
3.81,1.5811613230378756,2093.197914054061
3.811,1.581277134638615,2094.9486740304774
3.812,1.5813928907656956,2096.6983941579297
3.813,1.581508587593537,2098.4471035414404
3.814,1.5816242213141019,2100.194831762884
3.815,1.5817397881378221,2101.9416088737016
3.816,1.581855284294517,2103.687465387482
3.817,1.5819707060343087,2105.432432272426
3.818,1.5820860496285278,2107.176540943689
3.819,1.582201311370616,2108.919823255609
3.82,1.5823164875770237,2110.6623114938175
3.821,1.5824315745880966,2112.404038367235
3.822,1.5825465687689615,2114.1450369999584
3.823,1.5826614665104006,2115.8853409230364
3.824,1.582776264229722,2117.6249840661367
3.825,1.5828909583716204,2119.36400074911
3.826,1.5830055454090326,2121.1024256734454
3.827,1.583120021843984,2122.8402939136326
3.828,1.5832343842084282,2124.5776409084165
3.829,1.5833486290650782,2126.3145024519586
3.83,1.5834627530082288,2128.0509146849017
3.831,1.5835767526645714,2129.7869140853454
3.832,1.5836906246940001,2131.5225374597235
3.833,1.5838043657904082,2133.257821933603
3.834,1.5839179726824772,2134.992804942386
3.835,1.5840314421344548,2136.7275242219384
3.836,1.5841447709469254,2138.4620177991264
3.837,1.5842579559575694,2140.1963239822844
3.838,1.584370994041913,2141.9304813515982
3.839,1.5844838821140708,2143.664528749416
3.84,1.5845966171274732,2145.398505270491
3.841,1.5847091960755888,2147.1324502521447
3.842,1.5848216159926316,2148.866403264375
3.843,1.584933873954263,2150.6004040998932
3.844,1.5850459670782777,2152.3344927640956
3.845,1.585157892525281,2154.068709464983
3.846,1.5852696474993573,2155.803094603016
3.847,1.5853812292487228,2157.537688760918
3.848,1.58549263506637,2159.272532693431
3.849,1.5856038622906996,2161.0076673170097
3.85,1.58571490830614,2162.7431336994805
3.851,1.5858257705437586,2164.4789730496495
3.852,1.5859364464818555,2166.2152267068714
3.853,1.5860469336465484,2167.9519361305743
3.854,1.5861572296123467,2169.6891428897534
3.855,1.5862673320027085,2171.42688865243
3.856,1.5863772384905903,2173.1652151750727
3.857,1.58648694679898,2174.904164291998
3.858,1.5865964547014197,2176.6437779047374
3.859,1.586705760022515,2178.384097971388
3.86,1.5868148606384294,2180.1251664959364
3.861,1.5869237544773684,2181.867025517567
3.862,1.5870324395200501,2183.6097170999533
3.863,1.5871409138001593,2185.35328332054
3.864,1.5872491754047913,2187.097766259809
3.865,1.5873572224748826,2188.8432079905433
3.866,1.5874650532056251,2190.5896505670844
3.867,1.5875726658468683,2192.3371360145857
3.868,1.5876800587035076,2194.085706318268
3.869,1.5877872301358593,2195.8354034126805
3.87,1.587894178560021,2197.5862691709644
3.871,1.5880009024482162,2199.338345394127
3.872,1.5881074003291282,2201.0916738003248
3.873,1.5882136707882175,2202.8462960141687
3.874,1.5883197124680257,2204.6022535560332
3.875,1.5884255240684642,2206.359587831397
3.876,1.5885311043470887,2208.1183401201997
3.877,1.5886364521193632,2209.878551566225
3.878,1.5887415662589004,2211.6402631665105
3.879,1.5888464456976983,2213.4035157607905
3.88,1.5889510894263539,2215.16835002097
3.881,1.5890554964942656,2216.9348064406327
3.882,1.5891596660098228,2218.702925324591
3.883,1.5892635971405769,2220.472746778475
3.884,1.5893672891133988,2222.244310698364
3.885,1.589470741214624,2224.017656760469
3.886,1.5895739527901802,2225.7928244108566
3.887,1.5896769232457,2227.569852855231
3.888,1.5897796520466208,2229.3487810487686
3.889,1.5898821387182687,2231.129647686007
3.89,1.5899843828459272,2232.912491190796
3.891,1.5900863840748902,2234.697349706309
3.892,1.5901881421105046,2236.48426108512
3.893,1.5902896567181908,2238.2732628793465
3.894,1.5903909277234551,2240.0643923308608
3.895,1.5904919550118823,2241.857686361579
3.896,1.590592738529118,2243.6531815638186
3.897,1.590693278280831,2245.450914190733
3.898,1.590793574332665,2247.2509201468297
3.899,1.5908936268101743,2249.05323497857
3.9,1.5909934358987434,2250.8578938650458
3.901,1.5910930018434941,2252.664931608757
3.902,1.5911923249491746,2254.4743826264603
3.903,1.5912914055800393,2256.2862809401286
3.904,1.5913902441597074,2258.1006601679865
3.905,1.591488841171013,2259.9175535156555
3.906,1.5915871971558364,2261.7369937673893
3.907,1.5916853127149233,2263.5590132774155
3.908,1.5917831885076876,2265.383643961374
3.909,1.5918808252520031,2267.21091728787
3.91,1.5919782237239763,2269.0408642701223
3.911,1.5920753847577098,2270.8735154577307
3.912,1.5921723092450484,2272.708900928554
3.913,1.592268998135311,2274.547050280698
3.914,1.5923654524350104,2276.387992624619
3.915,1.5924616732075592,2278.2317565753538
3.916,1.592557661572959,2280.0783702448575
3.917,1.5926534187074788,2281.927861234476
3.918,1.592748945843319,2283.78025662753
3.919,1.5928442442682609,2285.635582982036
3.92,1.5929393153253033,2287.49386632355
3.921,1.5930341604122866,2289.35513213814
3.922,1.5931287809815013,2291.219405365492
3.923,1.5932231785392865,2293.0867103921537
3.924,1.5933173546456132,2294.9570710449025
3.925,1.5934113109136545,2296.8305105842646
3.926,1.593505049009344,2298.707051698161
3.927,1.5935985706509226,2300.5867164957012
3.928,1.5936918776084676,2302.4695265011164
3.929,1.593784971703418,2304.3555026478375
3.93,1.5938778548080772,2306.2446652727167
3.931,1.5939705288451138,2308.137034110401
3.932,1.5940629957870416,2310.032628287846
3.933,1.5941552576556932,2311.9314663189894
3.934,1.5942473165216784,2313.833566099568
3.935,1.5943391745038356,2315.738944902092
3.936,1.5944308337686663,2317.6476193709727
3.937,1.59452229652976,2319.5596055178057
3.938,1.5946135650472115,2321.4749187168077
3.939,1.5947046416270214,2323.393573700421
3.94,1.5947955286204891,2325.3155845550646
3.941,1.5948862284235967,2327.240964717059
3.942,1.594976743476377,2329.1697269686983
3.943,1.5950670762622758,2331.1018834345014
3.944,1.595157229307503,2333.037445577613
3.945,1.5952472051803714,2334.97642419638
3.946,1.59533700649063,2336.918829421083
3.947,1.5954266358887799,2338.8646707108505
3.948,1.5955160960653914,2340.8139568507218
3.949,1.5956053897504034,2342.7666959488956
3.95,1.595694519712413,2344.7228954341367
3.951,1.5957834887579663,2346.68256205336
3.952,1.5958722997308261,2348.64570186938
3.953,1.5959609555112428,2350.612320258838
3.954,1.5960494590152112,2352.582421910295
3.955,1.5961378131937187,2354.556010822505
3.956,1.5962260210319896,2356.5330903028535
3.957,1.5963140855487148,2358.5136629659805
3.958,1.5964020097952833,2360.4977307325667
3.959,1.5964897968549945,2362.4852948283033
3.96,1.5965774498422756,2364.476355783034
3.961,1.5966649719018813,2366.470913430073
3.962,1.5967523662080925,2368.468966905698
3.963,1.596839635963909,2370.470514648824
3.964,1.5969267844002308,2372.475554400846
3.965,1.5970138147750383,2374.484083205667
3.966,1.597100730372563,2376.4960974098976
3.967,1.5971875345024547,2378.5115926632325
3.968,1.5972742304989405,2380.5305639190083
3.969,1.5973608217199822,2382.553005434933
3.97,1.5974473115464245,2384.5789107739965
3.971,1.5975337033811408,2386.608272805559
3.972,1.5976200006481733,2388.641083706606
3.973,1.5977062067918686,2390.6773349631985
3.974,1.5977923252760087,2392.717017372082
3.975,1.5978783595829402,2394.760121042479
3.976,1.5979643132126955,2396.8066353980603
3.977,1.5980501896821129,2398.856549179086
3.978,1.5981359925239542,2400.9098504447234
3.979,1.5982217252860176,2402.9665265755434
3.98,1.5983073915302461,2405.0265642761856
3.981,1.5983929948318385,2407.0899495782
3.982,1.5984785387783482,2409.1566678430604
3.983,1.5985640269687929,2411.226703765353
3.984,1.5986494630127497,2413.300041376134
3.985,1.5987348505294563,2415.376664046458
3.986,1.5988201931469073,2417.45655449108
3.987,1.5989054945009487,2419.539694772325
3.988,1.5989907582343732,2421.626066304123
3.989,1.599075987996015,2423.7156498562217
3.99,1.5991611874398395,2425.808425558552
3.991,1.5992463602240368,2427.904372905773
3.992,1.5993315100101142,2430.003470761975
3.993,1.5994166404619865,2432.105697365546
3.994,1.5995017552450703,2434.2110303342038
3.995,1.5995868580253734,2436.31944667019
3.996,1.5996719524685892,2438.4309227656213
3.997,1.5997570422391916,2440.5454344080035
3.998,1.5998421309995283,2442.6629567859027
3.999,1.599927222408917,2444.7834644947725
4.0,1.6000123201227447,2446.9069315429374
4.001,1.6000974277915643,2449.0333313577307
4.002,1.6001825490601995,2451.1626367917825
4.003,1.6002676875668467,2453.2948201294657
4.004,1.600352846942179,2455.429853093481
4.005,1.6004380308084585,2457.5677068516034
4.006,1.6005232427786455,2459.708352023561
4.007,1.6006084864555143,2461.851758688072
4.008,1.6006937654307696,2463.9978963900166
4.009,1.6007790832841688,2466.1467341477546
4.01,1.6008644435826476,2468.298240460581
4.011,1.600949849879447,2470.4523833163203
4.0120000000000005,1.6010353057132494,2472.60913019906
4.013,1.6011208146073135,2474.7684480970165
4.014,1.6012063800686178,2476.9303035105313
4.015,1.6012920055870064,2479.0946624602007
4.016,1.601377694634343,2481.2614904951406
4.017,1.6014634506636656,2483.430752701364
4.018,1.601549277108349,2485.6024137102977
4.019,1.6016351773812758,2487.7764377074145
4.0200000000000005,1.6017211548740071,2489.952788440988
4.021,1.6018072129559635,2492.1314292309667
4.022,1.6018933549736118,2494.3123229779626
4.023,1.601979584249657,2496.4954321723594
4.024,1.6020659040822414,2498.680718903528
4.025,1.602152317744151,2500.868144869156
4.026,1.6022388284820273,2503.0576713846804
4.027,1.6023254395155893,2505.2492593928305
4.0280000000000005,1.6024121540368594,2507.4428694732733
4.029,1.6024989752093988,2509.63846185236
4.03,1.602585906167551,2511.835996412965
4.031,1.6026729500156918,2514.0354327044342
4.032,1.6027601098274884,2516.2367299526154
4.033,1.6028473886451673,2518.439847069982
4.034,1.602934789478787,2520.6447426658524
4.035,1.6030223153055276,2522.851375056691
4.0360000000000005,1.6031099690689767,2525.0597022764896
4.037,1.6031977536784392,2527.2696820872397
4.038,1.6032856720082416,2529.4812719894744
4.039,1.6033737268970571,2531.6944292328903
4.04,1.603461921147233,2533.9091108270472
4.041,1.6035502575241316,2536.125273552132
4.042,1.6036387387554796,2538.342873969793
4.043,1.6037273675307249,2540.561868434044
4.0440000000000005,1.60381614650041,2542.782213102226
4.045,1.6039050782755486,2545.0038639460354
4.046,1.6039941654270167,2547.2267767626013
4.047,1.6040834104849542,2549.4509071856264
4.048,1.6041728159381727,2551.676210696577
4.049,1.604262384233582,2553.9026426359187
4.05,1.604352117775619,2556.1301582144056
4.051,1.6044420189256954,2558.3587125244076
4.0520000000000005,1.6045320900016498,2560.5882605512816
4.053,1.6046223332772163,2562.8187571847816
4.054,1.604712750981502,2565.0501572304997
4.055,1.6048033452984771,2567.282415421348
4.056,1.6048941183664738,2569.5154864290616
4.057,1.6049850722777044,2571.749324875733
4.058,1.6050762090777801,2573.9838853453666
4.059,1.6051675307652542,2576.219122395466
4.0600000000000005,1.6052590392911665,2578.454990568619
4.061,1.605350736558608,2580.6914444041204
4.062,1.6054426244222928,2582.9284384495877
4.063,1.6055347046881459,2585.165927272602
4.064,1.6056269791129005,2587.4038654723445
4.065,1.6057194494037101,2589.642207691241
4.066,1.6058121172177737,2591.8809086266083
4.067,1.6059049841619701,2594.1199230422976
4.0680000000000005,1.6059980517925105,2596.359205780329
4.069,1.6060913216145996,2598.598711772524
4.07,1.6061847950821113,2600.8383960521223
4.071,1.6062784735972782,2603.0782137653873
4.072,1.6063723585103937,2605.318120183194
4.073,1.6064664511195272,2607.5580707125955
4.074,1.6065607526702503,2609.798020908372
4.075,1.6066552643553835,2612.0379264845465
4.0760000000000005,1.606749987314746,2614.2777433258757
4.077,1.6068449226349282,2616.517427499315
4.078,1.6069400713490727,2618.7569352654364
4.079,1.6070354344366686,2620.9962230898213
4.08,1.6071310128233638,2623.235247654409
4.081,1.6072268073807838,2625.473965868795
4.082,1.607322818926372,2627.7123348814957
4.083,1.607419048223238,2629.9503120911586
4.0840000000000005,1.6075154959800213,2632.1878551577147
4.085,1.6076121628507696,2634.4249220134857
4.086,1.60770904943483,2636.66147087423
4.087,1.6078061562767525,2638.8974602501285
4.088,1.6079034838662123,2641.1328489567036
4.089,1.6080010326379384,2643.3675961256827
4.09,1.608098802971662,2645.6016612157778
4.091,1.6081967951920777,2647.835004023411
4.0920000000000005,1.6082950095688147,2650.0675846933464
4.093,1.6083934463164262,2652.2993637292657
4.094,1.608492105594391,2654.5303020042456
4.095,1.6085909875071276,2656.760360771165
4.096,1.6086900921040241,2658.9895016730206
4.097,1.6087894193794803,2661.217686753159
4.098,1.6088889692729644,2663.4448784654114
4.099,1.6089887416690818,2665.6710396841463
4.1,1.609088736397661,2667.8961337142136
4.101,1.6091889532338488,2670.120124300802
4.102,1.609289391898221,2672.3429756391843
4.103,1.6093900520569082,2674.564652384368
4.104,1.6094909333217338,2676.785119660637
4.105,1.6095920352503623,2679.0043430709825
4.106,1.6096933573464678,2681.222288706426
4.107,1.6097948990599091,2683.438923155226
4.108,1.6098966597869213,2685.654213511969
4.109,1.6099986388703216,2687.868127386547
4.11,1.6101008355997264,2690.0806329130064
4.111,1.610203249211781,2692.2916987582794
4.112,1.6103058788904046,2694.501294130787
4.113,1.6104087237670452,2696.709388788916
4.114,1.6105117829209523,2698.915953049367
4.115,1.6106150553794554,2701.120957795364
4.116,1.610718540118261,2703.324374484738
4.117,1.6108222360617612,2705.526175157869
4.118,1.610926142083352,2707.7263324454866
4.119,1.6110302570057666,2709.924819576338
4.12,1.6111345796014205,2712.1216103847046
4.121,1.6112391085927682,2714.316679317777
4.122,1.6113438426526745,2716.5100014428845
4.123,1.6114487804047926,2718.7015524545723
4.124,1.6115539204239608,2720.891308681529
4.125,1.611659261236605,2723.079247093362
4.126,1.6117648013211578,2725.265345307217
4.127,1.611870539108485,2727.449581594242
4.128,1.6119764729823274,2729.6319348858897
4.129,1.6120826012797511,2731.812384780063
4.13,1.61218892229161,2733.9909115471005
4.131,1.6122954342630202,2736.16749613559
4.132,1.6124021353938445,2738.3421201780275
4.133,1.612509023839187,2740.514765996299
4.134,1.6126160977099007,2742.6854166070007
4.135,1.6127233550731037,2744.8540557265887
4.136,1.612830793952706,2747.0206677763535
4.1370000000000005,1.612938412329949,2749.1852378872236
4.138,1.6130462081439494,2751.347751904397
4.139,1.6131541792922617,2753.508196391791
4.14,1.6132623236314418,2755.6665586363247
4.141,1.613370638977627,2757.82282665201
4.142,1.6134791231071206,2759.976989183876
4.143,1.6135877737569904,2762.129035711703
4.144,1.6136965886256727,2764.2789564535824
4.1450000000000005,1.6138055653735863,2766.4267423692845
4.146,1.613914701623758,2768.5723851634525
4.147,1.614023994962453,2770.7158772886023
4.148,1.6141334429398158,2772.857211947941
4.149,1.614243043070521,2774.9963830980005
4.15,1.6143527928344286,2777.133385451076
4.151,1.6144626896772507,2779.2682144774817
4.152,1.6145727310112246,2781.4008664076146
4.1530000000000005,1.6146829142157941,2783.531338233832
4.154,1.6147932366382973,2785.659627712128
4.155,1.6149036955946632,2787.7857333636316
4.156,1.6150142883701153,2789.909654475902
4.157,1.6151250122198804,2792.0313911040357
4.158,1.6152358643699065,2794.1509440715827
4.159,1.6153468420175858,2796.2683149712593
4.16,1.6154579423324853,2798.3835061654813
4.1610000000000005,1.6155691624570827,2800.496520786688
4.162,1.6156804995075071,2802.607362737481
4.163,1.6157919505742895,2804.7160366905664
4.164,1.6159035127231152,2806.822548088493
4.165,1.6160151829955829,2808.9269031432123
4.166,1.6161269584099693,2811.0291088354234
4.167,1.6162388359619988,2813.129172913735
4.168,1.6163508126256174,2815.2271038936287
4.1690000000000005,1.616462885353772,2817.322911056223
4.17,1.6165750510791939,2819.416604446844
4.171,1.6166873067151863,2821.508194873405
4.172,1.6167996491564167,2823.5976939045795
4.173,1.6169120752797106,2825.685113867793
4.174,1.6170245819448534,2827.7704678470063
4.175,1.6171371659953915,2829.8537696803137
4.176,1.6172498242594384,2831.935033957343
4.1770000000000005,1.6173625535504843,2834.0142760164617
4.178,1.617475350668207,2836.0915119417905
4.179,1.6175882123992866,2838.166758560024
4.18,1.6177011355182231,2840.2400334370577
4.181,1.6178141167881541,2842.311354874426
4.182,1.6179271529616763,2844.380741905543
4.183,1.6180402407816687,2846.448214291762
4.184,1.6181533769821161,2848.513792518237
4.1850000000000005,1.618266558288936,2850.577497789602
4.186,1.6183797814208034,2852.6393520254524
4.187,1.61849304308998,2854.6993778556534
4.188,1.6186063400031432,2856.7575986154484
4.189,1.6187196688622127,2858.8140383403925
4.19,1.618833026365183,2860.868721761093
4.191,1.6189464092069494,2862.921674297777
4.192,1.6190598140801393,2864.9729220546656
4.1930000000000005,1.6191732376759407,2867.022491814175
4.194,1.6192866766849308,2869.070411030936
4.195,1.6194001277979029,2871.116707825636
4.196,1.6195135877066926,2873.1614109786797
4.197,1.6196270531050057,2875.204549923682
4.198,1.619740520689239,2877.2461547407756
4.199,1.619853987159305,2879.286256149758
4.2,1.6199674492194527,2881.324885503058
4.2010000000000005,1.6200809035790846,2883.3620747785344
4.202,1.620194346953574,2885.3978565721113
4.203,1.6203077760650801,2887.43226409024
4.204,1.6204211876433592,2889.4653311421994
4.205,1.6205345784265708,2891.4970921322347
4.206,1.6206479451620868,2893.5275820515285
4.207,1.6207612846072916,2895.556836470021
4.208,1.6208745935303828,2897.5848915280653
4.2090000000000005,1.6209878687111638,2899.6117839279277
4.21,1.621101106941838,2901.6375509251366
4.211,1.621214305027796,2903.66223031968
4.212,1.6213274597883969,2905.685860447047
4.213,1.6214405680577493,2907.7084801691294
4.214,1.6215536266854844,2909.730128864966
4.215,1.6216666325375262,2911.750846421358
4.216,1.621779582496854,2913.770673223329
4.2170000000000005,1.6218924734642661,2915.7896501444557
4.218,1.6220053023591288,2917.8078185370505
4.219,1.6221180661201264,2919.825220222222
4.22,1.6222307617060059,2921.8418974797905
4.221,1.6223433860963103,2923.857893038085
4.222,1.622455936292113,2925.873250063598
4.223,1.6225684093167376,2927.888012150527
4.224,1.62268080221648,2929.902223310193
4.225,1.6227931120613164,2931.9159279603236
4.226,1.62290533594561,2933.9291709142362
4.227,1.623017470988807,2935.9419973698946
4.228,1.6231295143361273,2937.9544528988554
4.229,1.623241463159247,2939.9665834351063
4.23,1.623353314656974,2941.97843526379
4.231,1.6234650660559171,2943.9900550098328
4.232,1.623576714611143,2946.001489626463
4.233,1.6236882576068306,2948.0127863836296
4.234,1.6237996923569142,2950.0239928563324
4.235,1.623911016205719,2952.035156912846
4.236,1.624022226528588,2954.0463267028626
4.237,1.624133320732499,2956.0575506455434
4.238,1.6242442962566785,2958.068877417476
4.239,1.624355150573197,2960.0803559405667
4.24,1.6244658811875652,2962.0920353698366
4.241,1.624576485639314,2964.1039650811463
4.242,1.6246869615025683,2966.1161946588513
4.243,1.6247973063866112,2968.1287738833803
4.244,1.6249075179364385,2970.1417527187473
4.245,1.6250175938333018,2972.155181300002
4.246,1.6251275317952438,2974.1691099206128
4.247,1.6252373295776226,2976.1835890197954
4.248,1.6253469849736275,2978.1986691697857
4.249,1.6254564958147812,2980.2144010630564
4.25,1.6255658599714349,2982.2308354994875
4.251,1.6256750753532512,2984.2480233734923
4.252,1.625784139909678,2986.2660156610896
4.253,1.6258930516304093,2988.284863406955
4.254,1.6260018085458363,2990.304617711415
4.255,1.6261104087274902,2992.3253297174215
4.256,1.6262188502884687,2994.347050597488
4.257,1.626327131383857,2996.3698315406054
4.258,1.6264352502111319,2998.3937237391274
4.259,1.6265432050105613,3000.4187783756406
4.26,1.626650994065585,3002.4450466098106
4.261,1.6267586157031917,3004.472579565223
4.2620000000000005,1.6268660682942762,3006.5014283162045
4.263,1.6269733502539916,3008.5316438746427
4.264,1.6270804600420874,3010.563277176799
4.265,1.6271873961632362,3012.596379070119
4.266,1.6272941571673458,3014.63100030005
4.267,1.6274007416498653,3016.6671914968574
4.268,1.6275071482520718,3018.7050031624563
4.269,1.6276133756613527,3020.744485657253
4.2700000000000005,1.6277194226114688,3022.785689186998
4.271,1.6278252878828106,3024.8286637896645
4.272,1.6279309703026394,3026.873459322348
4.273,1.6280364687453186,3028.9201254481814
4.274,1.6281417821325275,3030.9687116232963
4.275,1.6282469094334704,3033.0192670837996
4.276,1.6283518496650673,3035.0718408327957
4.277,1.6284566018921347,3037.1264816274443
4.2780000000000005,1.6285611652275527,3039.183237966062
4.279,1.6286655388324196,3041.2421580752584
4.28,1.6287697219161985,3043.3032898971437
4.281,1.628873713736842,3045.366681076564
4.282,1.6289775136009148,3047.432378948403
4.283,1.6290811208636948,3049.500430524944
4.284,1.6291845349292682,3051.5708824832873
4.285,1.629287755250608,3053.6437811528394
4.2860000000000005,1.6293907813296429,3055.7191725028615
4.287,1.6294936127173096,3057.797102130098
4.288,1.6295962490135958,3059.8776152464725
4.289,1.6296986898675705,3061.960756666869
4.29,1.6298009349773999,3064.0465707969843
4.291,1.6299029840903514,3066.135101621275
4.292,1.6300048370027866,3068.2263926909827
4.293,1.6301064935601375,3070.320487112257
4.2940000000000005,1.6302079536568759,3072.417427534363
4.295,1.6303092172364653,3074.5172561379977
4.296,1.6304102842913046,3076.620014623692
4.297,1.6305111548626547,3078.7257442003283
4.298,1.630611829040556,3080.8344855737537
4.299,1.6307123069637326,3082.946278935509
4.3,1.630812588819484,3085.0611639516637
4.301,1.630912674843565,3087.1791797517735
4.3020000000000005,1.631012565320051,3089.3003649179436
4.303,1.6311122605811945,3091.4247574740275
4.304,1.6312117610072696,3093.552394874934
4.305,1.631311067026398,3095.6833139960745
4.306,1.6314101791143707,3097.817551122927
4.307,1.6315090977944544,3099.9551419407426
4.308,1.6316078236371845,3102.0961215243797
4.309,1.6317063572601502,3104.240524328281
4.3100000000000005,1.631804699327762,3106.388384176584
4.311,1.6319028505510143,3108.539734253385
4.312,1.6320008116872309,3110.6946070931363
4.313,1.6320985835398003,3112.8530345712006
4.314,1.6321961669579026,3115.015047894556
4.315,1.6322935628362192,3117.1806775926484
4.316,1.6323907721146376,3119.349953508407
4.317,1.632487795777939,3121.5229047894136
4.3180000000000005,1.63258463485548,3123.6995598792346
4.319,1.6326812904208587,3125.8799465089187
4.32,1.6327777635915732,3128.0640916886546
4.321,1.632874055528668,3130.2520216996063
4.322,1.6329701674363677,3132.4437620859067
4.323,1.633066100561705,3134.6393376468377
4.324,1.6331618561941335,3136.8387724291724
4.325,1.633257435665132,3139.0420897197073
4.3260000000000005,1.633352840347797,3141.2493120379604
4.327,1.633448071656429,3143.460461129066
4.328,1.633543131046104,3145.675557956839
4.329,1.6336380200122367,3147.894622697036
4.33,1.6337327400901365,3150.1176747307954
4.331,1.633827292854548,3152.3447326382784
4.332,1.6339216799191905,3154.5758141924866
4.333,1.6340159029362775,3156.8109363532885
4.3340000000000005,1.6341099635960372,3159.0501152616316
4.335,1.6342038636262153,3161.2933662339537
4.336,1.6342976047915758,3163.5407037567966
4.337,1.6343911888933884,3165.792141481616
4.338,1.6344846177689076,3168.047692219797
4.339,1.6345778932908461,3170.3073679378717
4.34,1.6346710173668355,3172.5711797529425
4.341,1.634763991938884,3174.839137928315
4.3420000000000005,1.6348568189828199,3177.111251869331
4.343,1.6349495005077328,3179.3875301194275
4.344,1.6350420385554025,3181.6679803563866
4.345,1.6351344351997237,3183.952609388817
4.346,1.6352266925461203,3186.241423152832
4.347,1.635318812730954,3188.5344267089604
4.348,1.6354107979209274,3190.831624239256
4.349,1.6355026503124754,3193.1330190446406
4.3500000000000005,1.6355943721311532,3195.4386135424506
4.351,1.6356859656310188,3197.7484092642144
4.352,1.6357774330940051,3200.0624068536454
4.353,1.635868776829288,3202.3806060648553
4.354,1.63595999917265,3204.703005760791
4.355,1.636051102485832,3207.029603911897
4.356,1.636142089155888,3209.3603975949945
4.357,1.6362329615945257,3211.6953829923937
4.358,1.6363237222374463,3214.034555391223
4.359,1.6364143735436794,3216.3779091829906
4.36,1.63650491799491,3218.725437863367
4.361,1.6365953580948027,3221.077134032199
4.362,1.63668569636832,3223.432989393741
4.363,1.6367759353610376,3225.792994757134
4.364,1.6368660776384538,3228.1571400370826
4.365,1.6369561257852965,3230.5254142547924
4.366,1.6370460824048219,3232.8978055391067
4.367,1.6371359501181175,3235.2743011278953
4.368,1.6372257315633927,3237.654887369653
4.369,1.6373154293952714,3240.0395497253403
4.37,1.637405046284081,3242.428272770444
4.371,1.6374945849151343,3244.82104019727
4.372,1.6375840479880162,3247.2178348174657
4.373,1.637673438215859,3249.618638564765
4.374,1.6377627583246221,3252.023432497966
4.375,1.6378520110523653,3254.4321968041368
4.376,1.6379411991485229,3256.8449108020454
4.377,1.6380303253731747,3259.261552945817
4.378,1.6381193924963136,3261.68210082882
4.379,1.6382084032971156,3264.1065311877737
4.38,1.638297360563206,3266.534819907087
4.381,1.6383862670899243,3268.9669420234177
4.382,1.6384751256795902,3271.4028717304527
4.383,1.6385639391407645,3273.842582383924
4.384,1.6386527102875184,3276.286046506828
4.385,1.6387414419386916,3278.7332357948853
4.386,1.638830136917158,3281.184121122206
4.3870000000000005,1.6389187980490896,3283.6386725471884
4.388,1.6390074281632183,3286.0968593186244
4.389,1.639096030090103,3288.5586498820285
4.39,1.639184606661391,3291.0240118861793
4.391,1.6392731607090876,3293.4929121898886
4.392,1.6393616950648213,3295.9653168689615
4.393,1.639450212559111,3298.4411912233963
4.394,1.6395387160206392,3300.920499784772
4.3950000000000005,1.6396272082755199,3303.403206323863
4.396,1.6397156921465736,3305.889273858448
4.397,1.6398041704526043,3308.3786646613453
4.398,1.6398926460076748,3310.871340268629
4.399,1.639981121620388,3313.3672614880684
4.4,1.6400696000931694,3315.866388407763
4.401,1.6401580842215537,3318.3686804049757
4.402,1.6402465767934733,3320.8740961551657
4.4030000000000005,1.6403350805885486,3323.3825936412263
4.404,1.6404235983773863,3325.894130162902
4.405,1.6405121329208758,3328.4086623464127
4.406,1.6406006869694933,3330.9261461542633
4.407,1.6406892632626087,3333.4465368952406
4.408,1.6407778645277942,3335.969789234601
4.409,1.6408664934801431,3338.4958572044434
4.41,1.6409551528215864,3341.0246942142585
4.4110000000000005,1.6410438452402185,3343.556253061666
4.412,1.6411325734096256,3346.090485943326
4.413,1.6412213399882223,3348.6273444660274
4.414,1.6413101476185867,3351.1667796579472
4.415,1.641398998926809,3353.708741980089
4.416,1.64148789652184,3356.2531813378782
4.417,1.6415768429948485,3358.8000470929314
4.418,1.641665840918582,3361.3492880749886
4.4190000000000005,1.6417548928467354,3363.9008525940053
4.42,1.6418440013133242,3366.4546884523998
4.421,1.6419331688320666,3369.0107429574628
4.422,1.6420223978957704,3371.568962933912
4.423,1.6421116909757245,3374.1292947366073
4.424,1.6422010505211038,3376.6916842634005
4.425,1.6422904789583725,3379.2560769681404
4.426,1.6423799786907027,3381.822417873811
4.4270000000000005,1.6424695520973929,3384.390651585819
4.428,1.6425592015333017,3386.960722305402
4.429,1.642648929328281,3389.5325738431866
4.43,1.6427387377866247,3392.10614963286
4.431,1.6428286291865182,3394.681392744979
4.432,1.642918605779501,3397.258245900898
4.433,1.643008669789937,3399.8366514868203
4.434,1.6430988234144892,3402.4165515679574
4.4350000000000005,1.6431890688216075,3404.9978879028176
4.436,1.6432794081510216,3407.5806019575894
4.437,1.643369843513246,3410.164634920644
4.438,1.6434603769890899,3412.749927717133
4.439,1.6435510106291797,3415.336421023692
4.44,1.6436417464534883,3417.924055283241
4.441,1.6437325864508723,3420.5127707198753
4.442,1.6438235325786246,3423.102507353847
4.4430000000000005,1.6439145867620286,3425.693205016642
4.444,1.6440057508939268,3428.2848033661226
4.445,1.6440970268342976,3430.8772419017696
4.446,1.644188416409843,3433.4704599799848
4.447,1.6442799214135833,3436.064396829476
4.448,1.644371543604465,3438.658991566708
4.449,1.6444632847069767,3441.2541832114134
4.45,1.6445551464107762,3443.8499107021735
4.4510000000000005,1.6446471303703274,3446.4461129120546
4.452,1.644739238204546,3449.0427286642944
4.453,1.6448314714964594,3451.6396967480428
4.454,1.6449238317928732,3454.236955934146
4.455,1.6450163206040496,3456.834444990982
4.456,1.645108939403398,3459.432102700323
4.457,1.6452016896271733,3462.0298678732433
4.458,1.645294572674189,3464.6276793660495
4.4590000000000005,1.6453875899055355,3467.2254760962514
4.46,1.6454807426443143,3469.823197058539
4.461,1.6455740321753822,3472.420781340798
4.462,1.645667459745105,3475.0181681401277
4.463,1.6457610265611222,3477.615296778877
4.464,1.6458547337921239,3480.212106720687
4.465,1.64594858256764,3482.8085375865394
4.466,1.64604257397784,3485.4045291708017
4.4670000000000005,1.6461367090733374,3488.000021457277
4.468,1.6462309888650202,3490.594954635232
4.469,1.6463254143238764,3493.1892691154317
4.47,1.6464199863808435,3495.7829055461407
4.471,1.646514705926661,3498.3758048291174
4.472,1.6466095738117388,3500.9679081355835
4.473,1.646704590846037,3503.5591569221588
4.474,1.6467997577989542,3506.14949294677
4.4750000000000005,1.64689507539923,3508.7388582845274
4.476,1.6469905443348594,3511.3271953435537
4.477,1.6470861652530155,3513.9144468807785
4.478,1.6471819387599866,3516.500556017678
4.479,1.647277865421125,3519.0854662559695
4.48,1.6473739457608048,3521.669121493247
4.481,1.647470180262394,3524.251466038556
4.482,1.647566569368236,3526.832444627913
4.483,1.6476631134796442,3529.4120024397503
4.484,1.647759812956907,3531.9900851102893
4.485,1.6478566681193065,3534.5666387488473
4.486,1.647953679245144,3537.1416099530543
4.487,1.6480508465717818,3539.714945823997
4.488,1.648148170295695,3542.2865939812664
4.489,1.6482456505725318,3544.856502577926
4.49,1.6483432875171926,3547.424620315373
4.491,1.6484410812039085,3549.99089645811
4.492,1.6485390316663449,3552.555280848412
4.493,1.648637138897706,3555.1177239208873
4.494,1.6487354028508534,3557.678176716923
4.495,1.6488338234384392,3560.236590899029
4.496,1.6489324005330466,3562.7929187650507
4.497,1.6490311339673416,3565.3471132622694
4.498,1.6491300235342385,3567.8991280013747
4.499,1.6492290689870728,3570.448917270307
4.5,1.6493282700397884,3572.996436047967
4.501,1.6494276263671326,3575.5416400177946
4.502,1.6495271376048646,3578.084485581196
4.503,1.6496268033499737,3580.6249298708426
4.504,1.6497266231609051,3583.162930763809
4.505,1.6498265965578025,3585.6984468945675
4.506,1.6499267230227557,3588.2314376678237
4.507,1.6500270020000614,3590.7618632712038
4.508,1.6501274328964919,3593.289684687763
4.509,1.6502280150815776,3595.8148637083477
4.51,1.6503287478878963,3598.3373629437756
4.511,1.6504296306113755,3600.857145836851
4.5120000000000005,1.6505306625116003,3603.3741766742023
4.513,1.6506318428121358,3605.8884205979407
4.514,1.650733170700856,3608.3998436171387
4.515,1.6508346453302851,3610.9084126191224
4.516,1.6509362658179458,3613.414095380572
4.517,1.6510380312467179,3615.916860578437
4.518,1.651139940665205,3618.416677800654
4.519,1.6512419930881146,3620.913517556658
4.5200000000000005,1.651344187496644,3623.4073512877094
4.521,1.6514465228388702,3625.8981513770027
4.522,1.6515489980301612,3628.3858911595707
4.523,1.6516516119535842,3630.8705449319855
4.524,1.6517543634603276,3633.3520879618345
4.525,1.6518572513701304,3635.8304964969934
4.526,1.651960274471722,3638.3057477746684
4.527,1.6520634315232658,3640.7778200302237
4.5280000000000005,1.6521667212528146,3643.2466925057847
4.529,1.6522701423587713,3645.712345458606
4.53,1.6523736935103621,3648.1747601692205
4.531,1.6524773733481084,3650.6339189493483
4.532,1.6525811804843162,3653.0898051495724
4.533,1.6526851135035663,3655.5424031667776
4.534,1.6527891709632132,3657.9916984513457
4.535,1.6528933513938917,3660.4376775141127
4.5360000000000005,1.6529976533000301,3662.8803279330814
4.537,1.6531020751603696,3665.319638359878
4.538,1.653206615428491,3667.7555985259673
4.539,1.653311272533346,3670.1881992486183
4.54,1.6534160448797977,3672.617432436602
4.541,1.6535209308491652,3675.043291095651
4.542,1.6536259287997714,3677.465769333644
4.543,1.653731037067504,3679.884862365541
4.5440000000000005,1.6538362539663745,3682.300566518054
4.545,1.6539415777890851,3684.7128792340495
4.546,1.6540470068076027,3687.121799076688
4.547,1.6541525392737355,3689.5273257332965
4.548,1.6542581734197157,3691.9294600189673
4.549,1.6543639074587864,3694.32820387989
4.55,1.6544697395857917,3696.723560396408
4.551,1.6545756679777757,3699.1155337858017
4.5520000000000005,1.6546816907945772,3701.5041294047915
4.553,1.654787806179439,3703.889353751772
4.554,1.6548940122596114,3706.2712144687553
4.555,1.655000307146965,3708.649720343049
4.556,1.6551066889386052,3711.024881308636
4.557,1.6552131557174885,3713.396708447287
4.558,1.6553197055530453,3715.765213989375
4.559,1.655426336501801,3718.130411314419
4.5600000000000005,1.6555330466080036,3720.4923149513274
4.561,1.6556398339042517,3722.85094057837
4.562,1.6557466964121255,3725.206305022846
4.563,1.6558536321428194,3727.5584262604752
4.564,1.655960639097776,3729.9073234144953
4.565,1.656067715269324,3732.253016754468
4.566,1.6561748586413134,3734.595527694796
4.567,1.6562820671897582,3736.934878792951
4.5680000000000005,1.656389338883473,3739.271093747403
4.569,1.6564966716847154,3741.6041973952647
4.57,1.656604063549828,3743.9342157096353
4.571,1.6567115124298806,3746.2611757966624
4.572,1.6568190162713115,3748.585105892297
4.573,1.6569265730165712,3750.9060353587693
4.574,1.6570341806047648,3753.223994680754
4.575,1.6571418369722928,3755.5390154612605
4.5760000000000005,1.657249540053495,3757.8511304172157
4.577,1.6573572877812894,3760.160373374758
4.578,1.657465078087813,3762.4667792642385
4.579,1.6575729089050617,3764.77038411493
4.58,1.6576807781655256,3767.0712250494375
4.581,1.6577886838028275,3769.3693402778217
4.582,1.6578966237523574,3771.66476909143
4.583,1.6580045959519032,3773.9575518564307
4.5840000000000005,1.6581125983422826,3776.2477300070614
4.585,1.6582206288679724,3778.5353460385877
4.586,1.6583286854777315,3780.820443499962
4.587,1.6584367661252268,3783.103066986209
4.588,1.6585448687696522,3785.383262130506
4.589,1.6586529913763468,3787.6610755959923
4.59,1.6587611319174076,3789.936555067275
4.591,1.6588692883723015,3792.209749241666
4.5920000000000005,1.6589774587284722,3794.4807078201206
4.593,1.6590856409819421,3796.7494814979027
4.594,1.659193833137913,3799.016121954962
4.595,1.6593020332113606,3801.2806818460326
4.596,1.6594102392276255,3803.543214790454
4.597,1.659518449222998,3805.8037753617095
4.598,1.659626661245302,3808.0624190766916
4.599,1.659734873354469,3810.3192023846914
4.6000000000000005,1.6598430836231106,3812.5741826561143
4.601,1.659951290137085,3814.8274181709257
4.602,1.6600594909960558,3817.0789681068213
4.603,1.6601676843140498,3819.328892527137
4.604,1.660275868220004,3821.5772523684873
4.605,1.6603840408583084,3823.824109428139
4.606,1.6604922003893448,3826.0695263511243
4.607,1.6606003449900169,3828.3135666170947
4.6080000000000005,1.6607084728542725,3830.5562945269135
4.609,1.6608165821936247,3832.7977751889935
4.61,1.6609246712376577,3835.0380745053812
4.611,1.6610327382345353,3837.2772591575904
4.612,1.661140781451494,3839.515396592184
4.613,1.6612487991753322,3841.7525550061123
4.614,1.6613567897128931,3843.9888033318016
4.615,1.661464751391539,3846.2242112220083
4.616,1.6615726825596153,3848.4588490344286
4.617,1.66168058158691,3850.6927878160755
4.618,1.6617884468651032,3852.926099287415
4.619,1.661896276808209,3855.158855826282
4.62,1.66200406985301,3857.3911304515573
4.621,1.662111824459479,3859.622996806631
4.622,1.6622195391111982,3861.854529142628
4.623,1.6623272123157642,3864.0858023014316
4.624,1.6624348426051876,3866.3168916984787
4.625,1.6625424285362813,3868.547873305345
4.626,1.6626499686910403,3870.7788236321253
4.627,1.6627574616770138,3873.0098197095977
4.628,1.6628649061276615,3875.2409390711937
4.629,1.6629723007027113,3877.4722597347622
4.63,1.6630796440884945,3879.7038601841414
4.631,1.6631869349982837,3881.935819350529
4.632,1.663294172172609,3884.1682165936777
4.633,1.6634013543795716,3886.401131682888
4.634,1.6635084804151452,3888.634644777827
4.635,1.6636155491034677,3890.868836409173
4.636,1.6637225592971194,3893.10378745907
4.6370000000000005,1.6638295098773952,3895.3395791414273
4.638,1.6639363997545613,3897.5762929820376
4.639,1.6640432278681077,3899.814010798541
4.64,1.6641499931869808,3902.0528146802253
4.641,1.664256694709814,3904.2927869676673
4.642,1.6643633314651414,3906.534010232225
4.643,1.6644699025116032,3908.776567255384
4.644,1.6645764069381386,3911.020541007954
4.6450000000000005,1.664682843864167,3913.26601462913
4.646,1.6647892124397605,3915.513071405412
4.647,1.6648955118458022,3917.7617947494027
4.648,1.665001741294133,3920.012268178467
4.649,1.6651079000276887,3922.264575293273
4.65,1.6652139873206249,3924.5187997562152
4.651,1.6653200024784283,3926.7750252697206
4.652,1.6654259448380193,3929.0333355544462
4.6530000000000005,1.6655318137678399,3931.2938143273673
4.654,1.6656376086679312,3933.5565452797678
4.655,1.6657433289699992,3935.8216120551324
4.656,1.6658489741374682,3938.0890982269448
4.657,1.6659545436655219,3940.359087276399
4.658,1.6660600370811323,3942.6316625700247
4.659,1.6661654539430777,3944.906907337241
4.66,1.6662707938419468,3947.1849046478223
4.6610000000000005,1.6663760564001335,3949.4657373893087
4.662,1.666481241271816,3951.7494882443425
4.663,1.6665863481429244,3954.036239667945
4.664,1.6666913767311002,3956.3260738647427
4.665,1.6667963267856383,3958.6190727661356
4.666,1.666901198087418,3960.9153180074213
4.667,1.6670059904488255,3963.214890904884
4.668,1.6671107037136583,3965.5178724328352
4.6690000000000005,1.6672153377570218,3967.824343200632
4.67,1.6673198924852122,3970.134383429664
4.671,1.6674243678355862,3972.4480729303173
4.672,1.6675287637764193,3974.765491078926
4.673,1.6676330803067538,3977.086716794703
4.674,1.6677373174562293,3979.4118285166696
4.675,1.6678414752849076,3981.7409041805836
4.676,1.66794555388308,3984.074021195859
4.6770000000000005,1.6680495533710664,3986.4112564225093
4.678,1.6681534738989974,3988.7526861480837
4.679,1.6682573156465919,3991.0983860646384
4.68,1.668361078822913,3993.4484312457166
4.681,1.6684647636661225,3995.802896123363
4.682,1.6685683704432124,3998.1618544651637
4.683,1.6686718994497345,4000.5253793513302
4.684,1.6687753510095111,4002.89354315182
4.6850000000000005,1.668878725474338,4005.2664175035034
4.686,1.668982023223671,4007.644073287386
4.687,1.669085244664309,4010.0265806058887
4.688,1.6691883902300555,4012.4140087601754
4.689,1.6692914603813755,4014.8064262275734
4.69,1.6693944556050395,4017.2039006390373
4.691,1.6694973764137528,4019.6064987567106
4.692,1.6696002233457783,4022.0142864515537
4.6930000000000005,1.669702996964544,4024.427328681075
4.694,1.669805697858242,4026.8456894671294
4.695,1.6699083266394155,4029.269431873842
4.696,1.6700108839445327,4031.6986179856112
4.697,1.670113370433555,4034.1333088852216
4.698,1.670215786789488,4036.5735646320795
4.699,1.6703181337179263,4039.0194442405536
4.7,1.6704204119465864,4041.471005658436
4.7010000000000005,1.6705226222248293,4043.9283057455377
4.702,1.6706247653231703,4046.391400252405
4.703,1.6707268420327839,4048.8603437991806
4.704,1.6708288531649913,4051.3351898545952
4.705,1.670930799550745,4053.815990715113
4.706,1.6710326820400985,4056.3027974842207
4.707,1.6711345015016692,4058.7956600518755
4.708,1.671236258822088,4061.29462707411
4.7090000000000005,1.6713379549054448,4063.7997459528015
4.71,1.6714395906727182,4066.3110628156082
4.711,1.6715411670612028,4068.8286224960866
4.712,1.6716426850239197,4071.3524685139737
4.713,1.671744145529026,4073.8826430556683
4.714,1.6718455495592086,4076.419186954882
4.715,1.6719468981110739,4078.962139673496
4.716,1.6720481921945258,4081.5115392826083
4.7170000000000005,1.6721494328321387,4084.0674224437807
4.718,1.6722506210585197,4086.629824390494
4.719,1.6723517579196614,4089.198778909811
4.72,1.672452844472292,4091.774318324259
4.721,1.672553881783212,4094.3564734739166
4.722,1.6726548709286266,4096.9452736987405
4.723,1.6727558129934703,4099.540746821111
4.724,1.6728567090707225,4102.142919128607
4.7250000000000005,1.6729575602607185,4104.751815357021
4.726,1.6730583676704527,4107.367458673611
4.727,1.673159132412872,4109.989870660596
4.728,1.6732598556061706,4112.619071298906
4.729,1.6733605383730672,4115.255078952174
4.73,1.6734611818400884,4117.897910350985
4.731,1.6735617871368345,4120.547580577399
4.732,1.6736623553952485,4123.204103049718
4.7330000000000005,1.6737628877488746,4125.867489507536
4.734,1.6738633853321123,4128.537749997052
4.735,1.6739638492794675,4131.2148928566585
4.736,1.6740642807247936,4133.8989247028185
4.737,1.674164680800534,4136.589850416212
4.738,1.674265050636956,4139.287673128177
4.739,1.6743653913613807,4141.992394207438
4.74,1.6744657040974094,4144.70401324713
4.741,1.674565989964147,4147.422528052117
4.742,1.6746662500754188,4150.147934626608
4.743,1.6747664855389872,4152.8802271620825
4.744,1.6748666974557624,4155.619398025525
4.745,1.6749668869190113,4158.365437747956
4.746,1.675067055013562,4161.118335013292
4.747,1.6751672028150093,4163.878076647515
4.748,1.6752673313889115,4166.644647608155
4.749,1.6753674417899918,4169.418030974111
4.75,1.6754675350613324,4172.198207935786
4.751,1.6755676122335699,4174.985157785545
4.752,1.675667674324087,4177.778857908525
4.753,1.6757677223362044,4180.579283773755
4.754,1.6758677572583713,4183.386408925628
4.755,1.675967780063354,4186.2002049757075
4.756,1.6760677917074238,4189.020641594877
4.757,1.6761677931295464,4191.847686505831
4.758,1.6762677852505696,4194.681305475915
4.759,1.6763677689724088,4197.521462310318
4.76,1.6764677451772396,4200.368118845609
4.761,1.6765677147266813,4203.221234943634
4.7620000000000005,1.676667678460988,4206.080768485759
4.763,1.6767676371982396,4208.946675367495
4.764,1.6768675917335318,4211.818909493446
4.765,1.6769675428381685,4214.6974227726505
4.766,1.6770674912588568,4217.582165114278
4.767,1.677167437716902,4220.47308442368
4.768,1.6772673829074054,4223.370126598826
4.769,1.6773673274984664,4226.27323552709
4.7700000000000005,1.6774672721303836,4229.182353082431
4.771,1.6775672174148606,4232.097419122923
4.772,1.6776671639342144,4235.01837148867
4.773,1.6777671122405888,4237.945146000097
4.774,1.6778670628551677,4240.8776764566155
4.775,1.6779670162673948,4243.8158946356625
4.776,1.6780669729341975,4246.759730292128
4.777,1.6781669332792108,4249.709111158151
4.7780000000000005,1.6782668976920134,4252.663962943308
4.779,1.6783668665273597,4255.624209335177
4.78,1.6784668401044218,4258.589772000279
4.781,1.6785668187060372,4261.560570585418
4.782,1.678666802577957,4264.536522719392
4.783,1.6787667919281049,4267.5175440151015
4.784,1.6788667869258402,4270.50354807202
4.785,1.6789667877012238,4273.494446479084
4.7860000000000005,1.6790667943442945,4276.490148817944
4.787,1.6791668069043508,4279.4905626666105
4.788,1.679266825389237,4282.495593603489
4.789,1.6793668497646403,4285.5051452118005
4.79,1.6794668799533896,4288.519119084389
4.791,1.6795669158347666,4291.537414828914
4.792,1.679666957243823,4294.559930073438
4.793,1.6797670039707022,4297.586560472397
4.7940000000000005,1.6798670557599755,4300.617199712949
4.795,1.6799671123099795,4303.651739521726
4.796,1.6800671732721664,4306.690069671962
4.797,1.6801672382504613,4309.73207799101
4.798,1.68026730680063,4312.777650368237
4.799,1.6803673784296518,4315.82667076332
4.8,1.6804674525951067,4318.87902121491
4.801,1.6805675287045676,4321.934581849687
4.8020000000000005,1.6806676061150074,4324.993230891798
4.803,1.6807676841322068,4328.054844672673
4.804,1.6808677620101857,4331.119297641225
4.805,1.6809678389506293,4334.1864623744295
4.806,1.681067914102339,4337.256209588277
4.807,1.681167986560683,4340.328408149113
4.808,1.681268055367065,4343.402925085339
4.809,1.6813681195083992,4346.479625599512
4.8100000000000005,1.6814681779165999,4349.558373080782
4.811,1.6815682294680798,4352.63902911774
4.812,1.681668272983262,4355.721453511605
4.813,1.6817683072261014,4358.8055042897995
4.814,1.6818683309036215,4361.891037719872
4.815,1.6819683426654595,4364.97790832381
4.816,1.6820683411034265,4368.065968892692
4.817,1.6821683247510781,4371.15507050171
4.8180000000000005,1.6822682920832994,4374.245062525557
4.819,1.682368241515902,4377.335792654158
4.82,1.682468171405233,4380.427106908759
4.821,1.6825680800477987,4383.518849658386
4.822,1.6826679656799013,4386.610863636621
4.823,1.6827678264772863,4389.702989958752
4.824,1.6828676605548094,4392.795068139263
4.825,1.68296746596611,4395.886936109651
4.8260000000000005,1.6830672407033043,4398.978430236601
4.827,1.6831669826966886,4402.069385340492
4.828,1.683266689814458,4405.159634714231
4.829,1.683366359862441,4408.2490101424255
4.83,1.6834659905838465,4411.33734192088
4.831,1.6835655796590254,4414.424458876424
4.832,1.6836651247052457,4417.510188387052
4.833,1.6837646232764887,4420.594356402391
4.8340000000000005,1.6838640728632508,4423.676787464481
4.835,1.6839634708923659,4426.757304728873
4.836,1.6840628147268442,4429.83572998602
4.837,1.6841621016657213,4432.911883683
4.838,1.6842613289439248,4435.985584945513
4.839,1.68436049373216,4439.056651600204
4.84,1.684459593136805,4442.124900197257
4.841,1.6845586241998254,4445.190146033303
4.8420000000000005,1.6846575838987035,4448.252203174589
4.843,1.684756469146383,4451.310884480465
4.844,1.6848552767912313,4454.366001627117
4.845,1.6849540036170145,4457.417365131604
4.846,1.6850526463428914,4460.46478437615
4.847,1.6851512016234238,4463.5080676327125
4.848,1.6852496660485996,4466.547022087809
4.849,1.685348036143876,4469.581453867613
4.8500000000000005,1.6854463083702353,4472.6111680632985
4.851,1.6855444791242633,4475.635968756635
4.852,1.6856425447382337,4478.655659045837
4.853,1.6857405014802216,4481.670041071655
4.854,1.6858383455542225,4484.678916043695
4.855,1.6859360731002937,4487.682084266983
4.856,1.6860336801947127,4490.679345168762
4.857,1.686131162850148,4493.6704973255
4.8580000000000005,1.6862285170158506,4496.655338490128
4.859,1.6863257385778612,4499.633665619497
4.86,1.6864228233592307,4502.605274902033
4.861,1.686519767120264,4505.569961785617
4.862,1.6866165655587746,4508.5275210056425
4.863,1.6867132143103583,4511.477746613295
4.864,1.6868097089486849,4514.420432004006
4.865,1.6869060449858022,4517.355369946097
4.866,1.6870022178724629,4520.282352609608
4.867,1.6870982229984643,4523.201171595307
4.868,1.687194055693004,4526.111617963856
4.869,1.6872897112250553,4529.013482265163
4.87,1.6873851848037578,4531.906554567877
4.871,1.6874804715788239,4534.790624489055
4.872,1.6875755666409638,4537.6654812239685
4.873,1.687670465022324,4540.530913576064
4.874,1.6877651616969462,4543.386709987053
4.875,1.6878596515812412,4546.23265856715
4.876,1.6879539295344772,4549.068547125432
4.877,1.6880479903592878,4551.894163200321
4.878,1.6881418288021945,4554.7092940901985
4.879,1.6882354395541457,4557.51372688411
4.88,1.6883288172510718,4560.3072484926015
4.881,1.688421956474458,4563.089645678646
4.882,1.688514851751931,4565.860705088664
4.883,1.688607497557865,4568.620213283646
4.884,1.6886998883139983,4571.367956770348
4.885,1.6887920183900709,4574.103722032587
4.886,1.6888838821044772,4576.82729556258
4.8870000000000005,1.6889754737249303,4579.538463892384
4.888,1.6890667874691483,4582.23701362538
4.889,1.6891578175055508,4584.922731467821
4.89,1.6892485579539722,4587.595404260424
4.891,1.6893390028863937,4590.254819010028
4.892,1.6894291463276838,4592.900762921261
4.893,1.6895189822563619,4595.533023428277
4.894,1.6896085046053704,4598.151388226492
4.8950000000000005,1.6896977072628645,4600.755645304356
4.896,1.6897865840730164,4603.345582975149
4.897,1.6898751288368348,4605.920989908774
4.898,1.689963335312998,4608.481655163565
4.899,1.6900511972186993,4611.027368218094
4.9,1.690138708230513,4613.5579190029675
4.901,1.6902258619852661,4616.073097932613
4.902,1.6903126520809308,4618.572695937053
4.9030000000000005,1.6903990720775264,4621.056504493654
4.904,1.690485115498038,4623.524315658834
4.905,1.6905707758293458,4625.975922099753
4.906,1.690656046523169,4628.411117125952
4.907,1.6907409209970243,4630.82969472095
4.908,1.690825392635194,4633.231449573781
4.909,1.690909454789708,4635.616177110483
4.91,1.690993100781344,4637.983673525514
4.9110000000000005,1.6910763239006286,4640.333735813103
4.912,1.6911591174088618,4642.666161798526
4.913,1.6912414745391484,4644.980750169298
4.914,1.691323388497439,4647.27730050627
4.915,1.6914048524635892,4649.555613314655
4.916,1.6914858595924245,4651.815490054929
4.917,1.691566403014819,4654.0567331736465
4.918,1.6916464758387848,4656.279146134139
4.9190000000000005,1.6917260711505722,4658.482533447092
4.92,1.6918051820157796,4660.66670070101
4.921,1.6918838014804767,4662.831454592551
4.922,1.6919619225723341,4664.976602956726
4.923,1.6920395383017652,4667.101954796957
4.924,1.692116641663078,4669.2073203149985
4.925,1.6921932256356353,4671.29251094071
4.926,1.6922692831850248,4673.357339361657
4.9270000000000005,1.6923448072642382,4675.401619552575
4.928,1.6924197908148604,4677.425166804647
4.929,1.6924942267682634,4679.427797754622
4.93,1.6925681080468151,4681.409330413746
4.931,1.6926414275650887,4683.3695841965255
4.932,1.692714178231087,4685.308379949278
4.933,1.6927863529474687,4687.225539978524
4.934,1.692857944612785,4689.120888079139
4.9350000000000005,1.6929289461227242,4690.994249562342
4.936,1.692999350371361,4692.845451283443
4.937,1.6930691502524127,4694.674321669398
4.938,1.693138338660503,4696.480690746127
4.939,1.6932069084924317,4698.264390165621
4.94,1.6932748526484493,4700.0252532328095
4.941,1.6933421640335369,4701.763114932203
4.942,1.6934088355586958,4703.4778119542825
4.9430000000000005,1.693474860142233,4705.169182721658
4.944,1.693540230711062,4706.837067414963
4.945,1.6936049402020026,4708.481307998511
4.946,1.6936689815630828,4710.101748245672
4.947,1.6937323477548494,4711.698233764006
4.948,1.6937950317516817,4713.27061202011
4.949,1.6938570265431043,4714.818732364203
4.95,1.693918325135109,4716.342446054425
4.9510000000000005,1.6939789205514755,4717.841606280856
4.952,1.694038805835093,4719.316068189249
4.953,1.6940979740492916,4720.765688904468
4.954,1.6941564182791686,4722.190327553633
4.955,1.6942141316329185,4723.589845288958
4.956,1.6942711072431644,4724.964105310288
4.957,1.694327338268294,4726.312972887332
4.958,1.6943828178937894,4727.636315381568
4.9590000000000005,1.6944375393335631,4728.934002267847
4.96,1.6944914958312947,4730.20590515566
4.961,1.694544680661762,4731.45189781009
4.962,1.6945970871321763,4732.671856172425
4.963,1.6946487085835185,4733.86565838045
4.964,1.6946995383918684,4735.033184788386
4.965,1.6947495699697381,4736.174317986497
4.966,1.6947987967674019,4737.288942820347
4.9670000000000005,1.6948472122742246,4738.376946409719
4.968,1.6948948100199857,4739.438218167159
4.969,1.694941583576208,4740.472649816194
4.97,1.6949875265574732,4741.48013540916
4.971,1.6950326326227425,4742.460571344689
4.972,1.6950768954766724,4743.413856384824
4.973,1.6951203088709246,4744.339891671758
4.974,1.695162866605473,4745.238580744204
4.9750000000000005,1.6952045625299084,4746.109829553399
4.976,1.695245390544736,4746.9535464787095
4.977,1.69528534460267,4747.769642342873
4.978,1.695324418709923,4748.558030426847
4.979,1.695362606927488,4749.318626484266
4.98,1.6953999033724187,4750.051348755521
4.981,1.6954363022190992,4750.756117981431
4.982,1.6954717977005112,4751.432857416531
4.9830000000000005,1.695506384109493,4752.081492841955
4.984,1.695540055799992,4752.701952577918
4.985,1.6955728071883096,4753.294167495802
4.986,1.6956046327543395,4753.858071029825
4.987,1.6956355270427979,4754.393599188313
4.988,1.6956654846644463,4754.9006905645565
4.989,1.695694500297305,4755.379286347259
4.99,1.6957225686878572,4755.829330330568
4.9910000000000005,1.6957496846522488,4756.250768923686
4.992,1.6957758430774745,4756.643551160081
4.993,1.6958010389225535,4757.007628706251
4.994,1.695825267219702,4757.3429558700955
4.995,1.695848523075489,4757.649489608842
4.996,1.6958708016719857,4757.927189536559
4.997,1.6958920982679024,4758.176017931243
4.998,1.6959124081997174,4758.3959397414765
4.999,1.6959317268827898,4758.586922592654
5.0,1.6959500498124667,4758.748936792786
5.001,1.6959673725651758,4758.881955337865
5.002,1.6959836907995056,4758.985953916806
5.003,1.695999000257275,4759.060910915948
5.004,1.6960132967645887,4759.106807423124
5.005,1.6960265762328857,4759.123627231307
5.006,1.6960388346599629,4759.111356841795
5.007,1.6960500681310002,4759.069985466991
5.008,1.6960602728195613,4758.999505032724
5.009,1.6960694449885845,4758.899910180144
5.01,1.6960775809913602,4758.771198267175
5.011,1.6960846772724958,4758.613369369537
5.0120000000000005,1.6960907303688602,4758.426426281318
5.013,1.6960957369105207,4758.210374515125
5.014,1.696099693621661,4757.965222301778
5.015,1.6961025973214836,4757.690980589586
5.016,1.6961044449251002,4757.387663043164
5.017,1.696105233444403,4757.055286041835
5.018,1.6961049599889242,4756.693868677574
5.019,1.696103621766673,4756.303432752528
5.0200000000000005,1.6961012160849644,4755.884002776096
5.021,1.6960977403512252,4755.435605961571
5.022,1.6960931920737863,4754.958272222348
5.023,1.6960875688626587,4754.4520341677
5.024,1.696080868430289,4753.916927098113
5.025,1.6960730885923012,4753.352989000199
5.026,1.696064227268219,4752.760260541162
5.027,1.6960542824821727,4752.138785062851
5.0280000000000005,1.6960432523635844,4751.488608575361
5.029,1.696031135147838,4750.809779750229
5.03,1.6960179291769313,4750.102349913184
5.031,1.696003632900108,4749.366373036479
5.032,1.6959882448744696,4748.601905730799
5.033,1.6959717637655753,4747.8090072367395
5.034,1.6959541883480145,4746.987739415867
5.035,1.695935517505964,4746.138166741365
5.0360000000000005,1.6959157502337274,4745.260356288252
5.037,1.6958948856362546,4744.354377723192
5.038,1.6958729229296352,4743.420303293875
5.039,1.6958498614415858,4742.4582078180065
5.04,1.6958257006119009,4741.468168671876
5.041,1.6958004399928979,4740.450265778511
5.042,1.6957740792498328,4739.404581595429
5.043,1.6957466181613,4738.331201101997
5.0440000000000005,1.6957180566196106,4737.230211786371
5.045,1.695688394631149,4736.101703632052
5.046,1.695657632316711,4734.945769104029
5.047,1.6956257699118185,4733.7625031345515
5.048,1.6955928077670164,4732.552003108484
5.049,1.6955587463481452,4731.314368848294
5.05,1.6955235862365927,4730.049702598639
5.051,1.6954873281295308,4728.758109010582
5.0520000000000005,1.6954499728401193,4727.439695125419
5.053,1.6954115212977,4726.094570358133
5.054,1.6953719745479605,4724.722846480476
5.055,1.6953313337530833,4723.324637603675
5.056,1.695289600191867,4721.900060160775
5.057,1.6952467752598306,4720.449232888623
5.058,1.695202860469293,4718.9722768094725
5.059,1.6951578574494333,4717.469315212258
5.0600000000000005,1.6951117679463246,4715.94047363349
5.061,1.6950645938229525,4714.3858798378205
5.062,1.6950163370592046,4712.805663798243
5.063,1.694966999751844,4711.199957675968
5.064,1.6949165841144542,4709.568895799948
5.065,1.6948650924773698,4707.912614646071
5.066,1.6948125272875774,4706.231252816018
5.067,1.694758891108598,4704.524951015802
5.0680000000000005,1.6947041866203498,4702.793852033978
5.069,1.6946484166189808,4701.038100719534
5.07,1.6945915840166874,4699.257843959467
5.071,1.6945336918415066,4697.4532306560495
5.072,1.694474743237086,4695.624411703788
5.073,1.6944147414624333,4693.771539966081
5.074,1.6943536898916414,4691.894770251574
5.075,1.694291592013593,4689.994259290233
5.0760000000000005,1.6942284514316415,4688.070165709105
5.077,1.6941642718632712,4686.122650007827
5.078,1.6940990571397345,4684.151874533826
5.079,1.694032811205667,4682.158003457258
5.08,1.69396553811868,4680.141202745675
5.081,1.6938972420489322,4678.101640138424
5.082,1.6938279272786783,4676.039485120776
5.083,1.6937575982017954,4673.954908897824
5.0840000000000005,1.6936862593232902,4671.848084368099
5.085,1.6936139152587792,4669.719186096963
5.086,1.693540570733953,4667.568390289743
5.087,1.6934662305840125,4665.395874764639
5.088,1.6933908997530929,4663.201818925405
5.089,1.6933145832936536,4660.986403733777
5.09,1.6932372863658578,4658.7498116817205
5.091,1.6931590142369246,4656.492226763424
5.0920000000000005,1.6930797722804611,4654.213834447107
5.093,1.6929995659757753,4651.914821646602
5.094,1.6929184009071643,4649.595376692756
5.095,1.6928362827631858,4647.25568930462
5.096,1.692753217335904,4644.895950560458
5.097,1.6926692105201193,4642.516352868572
5.098,1.6925842683125745,4640.117089937937
5.099,1.6924983968111416,4637.698356748674
5.1000000000000005,1.692411602213988,4635.260349522356
5.101,1.692323890818723,4632.803265692133
5.102,1.6922352690215225,4630.327303872726
5.103,1.6921457433162375,4627.832663830244
5.104,1.6920553202934774,4625.319546451878
5.105,1.6919640066396802,4622.788153715432
5.106,1.6918718091361562,4620.2386886587365
5.107,1.6917787346581195,4617.671355348928
5.1080000000000005,1.691684790173693,4615.086358851594
5.109,1.6915899827429028,4612.4839051998215
5.11,1.691494319516646,4609.864201363107
5.111,1.6913978077356446,4607.227455216184
5.112,1.6913004547293804,4604.5738755077355
5.113,1.6912022679150094,4601.9036718290145
5.114,1.6911032547962614,4599.217054582376
5.115,1.6910034229623208,4596.5142349497255
5.1160000000000005,1.6909027800866858,4593.795424860888
5.117,1.6908013339260184,4591.0608369619085
5.118,1.6906990923189682,4588.310684583281
5.119,1.6905960631849877,4585.54518170812
5.12,1.690492254523123,4582.76454294028
5.121,1.6903876744107929,4579.968983472421
5.122,1.6902823310025525,4577.158719054034
5.123,1.6901762325288352,4574.333965959426
5.124,1.690069387294686,4571.49494095568
5.125,1.689961803678472,4568.6418612705875
5.126,1.6898534901305848,4565.77494456055
5.127,1.689744455172121,4562.894408878485
5.128,1.689634707393553,4560.000472641712
5.129,1.6895242554533825,4557.093354599837
5.13,1.6894131080767811,4554.173273802648
5.131,1.6893012740542157,4551.240449568005
5.132,1.6891887622400588,4548.295101449766
5.133,1.6890755815511902,4545.337449205715
5.134,1.6889617409655793,4542.367712765523
5.135,1.6888472495208597,4539.386112198748
5.136,1.6887321163128866,4536.3928676828655
5.1370000000000005,1.6886163504942846,4533.388199471343
5.138,1.6884999612729825,4530.372327861771
5.139,1.6883829579107368,4527.345473164036
5.14,1.6882653497216418,4524.307855668574
5.141,1.6881471460706305,4521.259695614677
5.142,1.688028356371964,4518.201213158868
5.143,1.687908990087709,4515.132628343366
5.144,1.6877890567262053,4512.054161064637
5.1450000000000005,1.687668565840525,4508.9660310420095
5.146,1.6875475270269205,4505.868457786421
5.147,1.6874259499232616,4502.761660569231
5.148,1.6873038442074646,4499.645858391166
5.149,1.6871812195959153,4496.521269951358
5.15,1.6870580858418773,4493.388113616509
5.151,1.6869344527339,4490.246607390176
5.152,1.686810330094209,4487.096968882181
5.1530000000000005,1.6866857277770992,4483.939415278161
5.154,1.6865606556673118,4480.774163309245
5.155,1.6864351236784103,4477.601429221888
5.156,1.6863091417511475,4474.421428747841
5.157,1.6861827198518242,4471.234377074289
5.158,1.6860558679706474,4468.040488814134
5.159,1.6859285961200778,4464.839977976452
5.16,1.685800914333172,4461.633057937124
5.1610000000000005,1.6856728326619257,4458.419941409622
5.162,1.6855443611756036,4455.200840416002
5.163,1.685415509959072,4451.97596625806
5.164,1.6852862891111244,4448.745529488688
5.165,1.6851567087428025,4445.509739883422
5.166,1.6850267789757174,4442.268806412196
5.167,1.6848965099403634,4439.022937211286
5.168,1.6847659117744342,4435.7723395554785
5.1690000000000005,1.6846349946211308,4432.51721983045
5.17,1.6845037686274744,4429.257783505351
5.171,1.6843722439426116,4425.994235105639
5.172,1.684240430716121,4422.726778186114
5.173,1.6841083390963207,4419.455615304202
5.174,1.6839759792285716,4416.180947993475
5.175,1.6838433612535826,4412.9029767373995
5.176,1.6837104953057167,4409.6219009433535
5.1770000000000005,1.6835773915112946,4406.337918916868
5.178,1.6834440599869027,4403.051227836143
5.179,1.683310510837701,4399.762023726813
5.18,1.6831767541557303,4396.470501436977
5.181,1.683042800018225,4393.176854612497
5.182,1.6829086584859252,4389.8812756725665
5.183,1.6827743396013943,4386.583955785552
5.184,1.6826398533873352,4383.285084845118
5.1850000000000005,1.6825052098449154,4379.984851446636
5.186,1.6823704189520896,4376.683442863866
5.187,1.6822354906619312,4373.381045025955
5.188,1.6821004349009672,4370.077842494702
5.189,1.6819652615675142,4366.774018442138
5.19,1.6818299805300256,4363.469754628404
5.191,1.6816946016254368,4360.16523137993
5.192,1.681559134657523,4356.860627567927
5.1930000000000005,1.6814235893952576,4353.556120587185
5.194,1.6812879755711836,4350.251886335198
5.195,1.6811523028797815,4346.948099191592
5.196,1.6810165809758546,4343.644931997883
5.197,1.6808808194729166,4340.342556037561
5.198,1.6807450279415863,4337.0411410165
5.199,1.6806092159079937,4333.740855043692
5.2,1.6804733928521918,4330.44186461233
5.2010000000000005,1.6803375682065758,4327.144334581208
5.202,1.6802017513543164,4323.848428156475
5.203,1.680065951627801,4320.554306873729
5.204,1.679930178307076,4317.262130580446
5.205,1.6797944406183154,4313.972057418769
5.206,1.679658747732283,4310.684243808632
5.207,1.6795231087628184,4307.3988444312545
5.208,1.6793875327653256,4304.11601221297
5.2090000000000005,1.6792520287352777,4300.83589830943
5.21,1.6791166056067288,4297.558652090149
5.211,1.678981272250843,4294.284421123426
5.212,1.678846037474432,4291.013351161619
5.213,1.678710910018507,4287.745586126788
5.214,1.6785758985568418,4284.4812680967025
5.215,1.6784410116945514,4281.220537291222
5.216,1.6783062579666814,4277.963532059043
5.2170000000000005,1.6781716458368146,4274.71038886482
5.218,1.6780371836956858,4271.461242276658
5.219,1.6779028798598197,4268.21622495398
5.22,1.6777687425701744,4264.975467635774
5.221,1.6776347799908058,4261.739099129223
5.222,1.6775010002075457,4258.507246298692
5.223,1.6773674112266925,4255.280034055126
5.224,1.6772340209737235,4252.057585345807
5.2250000000000005,1.677100837292017,4248.840021144501
5.226,1.676967867941596,4245.627460441996
5.227,1.6768351205978833,4242.420020237005
5.228,1.6767026028504795,4239.217815527475
5.229,1.6765703222019503,4236.0209593022755
5.23,1.6764382860666402,4232.829562533261
5.231,1.6763065017694965,4229.643734167746
5.232,1.6761749765449145,4226.463581121338
5.2330000000000005,1.6760437175355993,4223.28920827119
5.234,1.6759127317914482,4220.120718449609
5.235,1.675782026268449,4216.958212438084
5.236,1.6756516078275985,4213.801788961686
5.237,1.6755214832338405,4210.651544683851
5.238,1.6753916591550213,4207.507574201574
5.239,1.675262142160866,4204.369970040976
5.24,1.6751329387219744,4201.23882265326
5.2410000000000005,1.6750040552088377,4198.114220411065
5.242,1.6748754978908715,4194.9962496051985
5.243,1.6747472729354742,4191.884994441771
5.244,1.6746193864071024,4188.780537039698
5.245,1.6744918442663685,4185.682957428617
5.246,1.674364652369159,4182.59233354716
5.247,1.6742378164657739,4179.508741241634
5.248,1.6741113422000848,4176.43225426509
5.249,1.6739852351087205,4173.362944276751
5.25,1.673859500620269,4170.300880841856
5.251,1.6737341440545017,4167.2461314318625
5.252,1.6736091706216216,4164.198761425042
5.253,1.6734845854215332,4161.158834107457
5.254,1.6733603934431331,4158.126410674311
5.255,1.673236599563626,4155.101550231682
5.256,1.6731132085478573,4152.084309798636
5.257,1.672990225047678,4149.074744309708
5.258,1.6728676536013212,4146.072906617757
5.259,1.6727454986328123,4143.0788474972105
5.26,1.672623764451393,4140.092615647656
5.261,1.6725024552509753,4137.11425769782
5.2620000000000005,1.672381575109616,4134.143818209905
5.263,1.6722611279890134,4131.181339684299
5.264,1.6721411177340304,4128.226862564645
5.265,1.6720215480722398,4125.280425243269
5.266,1.6719024226134924,4122.342064066983
5.267,1.671783744849511,4119.4118133432185
5.268,1.6716655181535074,4116.489705346553
5.269,1.6715477457798213,4113.575770325551
5.2700000000000005,1.6714304308635883,4110.67003650999
5.271,1.6713135764204257,4107.772530118409
5.272,1.671197185346148,4104.883275366023
5.273,1.6710812604165044,4102.002294472968
5.274,1.670965804286939,4099.129607672898
5.275,1.6708508194923781,4096.265233221912
5.276,1.670736308447041,4093.409187407823
5.277,1.6706222734442742,4090.561484559758
5.2780000000000005,1.6705087166564123,4087.722137058088
5.279,1.6703956401346605,4084.891155344688
5.28,1.6702830458090028,4082.068547933522
5.281,1.6701709354881382,4079.2543214215484
5.282,1.6700593108594353,4076.448480499941
5.283,1.6699481734889146,4073.6510279656336
5.284,1.6698375248212574,4070.8619647331725
5.285,1.6697273661798355,4068.081289846876
5.2860000000000005,1.6696176987667675,4065.3090004933056
5.287,1.6695085236629994,4062.5450920140347
5.288,1.6693998418284086,4059.7895579187225
5.289,1.6692916541019356,4057.0423898984795
5.29,1.6691839612017343,4054.303577839524
5.291,1.6690767637253545,4051.5731098371343
5.292,1.6689700621499406,4048.8509722098784
5.293,1.6688638568324623,4046.137149514134
5.2940000000000005,1.6687581480099625,4043.4316245588766
5.295,1.6686529357998354,4040.7343784207524
5.296,1.6685482202001245,4038.0453904594133
5.297,1.668444001089847,4035.364638333122
5.298,1.6683402782293424,4032.6920980146215
5.299,1.6682370512606421,4030.0277438072626
5.3,1.6681343197078673,4027.371548361381
5.301,1.6680320829776478,4024.723482690938
5.3020000000000005,1.6679303403595622,4022.0835161903938
5.303,1.6678290910266094,4019.45161665183
5.304,1.6677283340356934,4016.8277502823203
5.305,1.667628068328142,4014.2118817215114
5.306,1.6675282927302386,4011.603974059462
5.307,1.6674290059537844,4009.0039888546903
5.308,1.6673302065966822,4006.4118861524466
5.309,1.6672318931435388,4003.827624503208
5.3100000000000005,1.6671340639662962,4001.2511609813805
5.311,1.667036717324881,3998.682451204217
5.312,1.666939851367878,3996.121449350929
5.313,1.6668434641332268,3993.568108182011
5.314,1.6667475535489389,3991.022379058747
5.315,1.6666521174338362,3988.48421196292
5.316,1.6665571534983155,3985.9535555167013
5.317,1.6664626593451297,3983.43035700272
5.3180000000000005,1.6663686324701916,3980.9145623843156
5.319,1.6662750702634033,3978.4061163259594
5.32,1.6661819700095004,3975.9049622138436
5.321,1.6660893288889196,3973.4110421766345
5.322,1.6659971439786914,3970.924297106387
5.323,1.6659054122533448,3968.444666679605
5.324,1.6658141305858385,3965.972089378461
5.325,1.6657232957485135,3963.5065025121544
5.3260000000000005,1.6656329044140583,3961.0478422384076
5.327,1.6655429531565002,3958.596043585102
5.328,1.6654534384522157,3956.151040472042
5.329,1.6653643566809557,3953.7127657328424
5.33,1.6652757041268944,3951.2811511369373
5.331,1.6651874769796953,3948.8561274117037
5.332,1.6650996713355948,3946.437624264701
5.333,1.665012283198505,3944.025570406008
5.3340000000000005,1.664925308481136,3941.619893570665
5.335,1.6648387430061327,3939.220520541214
5.336,1.6647525825072322,3936.827377170325
5.337,1.6646668226304373,3934.4403884035123
5.338,1.6645814589352066,3932.0594783019305
5.339,1.6644964868956627,3929.684570065247
5.34,1.6644119019018149,3927.3155860545867
5.341,1.6643276992608012,3924.9524478155427
5.3420000000000005,1.6642438741981431,3922.5950761012446
5.343,1.664160421859018,3920.2433908954945
5.344,1.6640773373095465,3917.8973114359396
5.345,1.6639946155380945,3915.5567562373053
5.346,1.6639122514565914,3913.221643114661
5.347,1.6638302399018612,3910.891889206727
5.348,1.663748575636969,3908.5674109992096
5.349,1.6636672533525807,3906.248124348174
5.3500000000000005,1.6635862676683373,3903.9339445034198
5.351,1.663505613134241,3901.624786131898
5.352,1.663425284232058,3899.3205633411167
5.353,1.6633452753767275,3897.0211897025733
5.354,1.6632655809177903,3894.7265782751783
5.355,1.6631861951408247,3892.436641628678
5.356,1.6631071122688963,3890.151291867078
5.357,1.6630283264640195,3887.8704406520437
5.3580000000000005,1.6629498318286275,3885.593999226291
5.359,1.6628716224070568,3883.321878436956
5.36,1.6627936921870392,3881.0539887589316
5.361,1.6627160351012065,3878.7902403181843
5.362,1.6626386450286035,3876.530542915022
5.363,1.66256151579621,3874.274806047332
5.364,1.6624846411804728,3872.0229389337687
5.365,1.662408014908848,3869.7748505368913
5.3660000000000005,1.6623316306613485,3867.5304495862483
5.367,1.662255482072103,3865.2896446014033
5.368,1.662179562730919,3863.0523439148938
5.369,1.6621038661848586,3860.818455695128
5.37,1.6620283859398164,3858.5878879691954
5.371,1.661953115462106,3856.36054864562
5.372,1.6618780481800535,3854.1363455370115
5.373,1.6618031774855981,3851.9151863826414
5.3740000000000006,1.6617284967358938,3849.696978870926
5.375,1.6616539992549213,3847.4816306618113
5.376,1.6615796783351047,3845.269049409062
5.377,1.6615055272389285,3843.059142782441
5.378,1.6614315392005639,3840.8518184897866
5.379,1.6613577074274946,3838.6469842989736
5.38,1.6612840251021515,3836.4445480597556
5.381,1.6612104853835454,3834.2444177254893
5.382,1.661137081408905,3832.0465013747307
5.383,1.661063806295318,3829.850707232707
5.384,1.660990653141372,3827.6569436926457
5.385,1.6609176150288008,3825.465119336974
5.386,1.6608446850241279,3823.2751429583727
5.3870000000000005,1.6607718561803129,3821.086923580685
5.388,1.6606991215384026,3818.9003704796755
5.389,1.660626474129173,3816.7153932036354
5.39,1.660553906974781,3814.531901593831
5.391,1.6604814130904102,3812.34980580479
5.392,1.660408985485917,3810.169016324421
5.393,1.6603366171674767,3807.989443993971
5.394,1.660264301139228,3805.8110000278
5.3950000000000005,1.6601920304049107,3803.633596032989
5.396,1.6601197979695121,3801.45714402876
5.397,1.6600475968408994,3799.281556465724
5.398,1.6599754200314556,3797.1067462449246
5.399,1.6599032605597095,3794.932626736716
5.4,1.659831111451965,3792.759111799419
5.401,1.659758965743923,3790.5861157978043
5.402,1.6596868164822995,3788.4135536213616
5.4030000000000005,1.6596146567264436,3786.241340702371
5.404,1.6595424795499412,3784.0693930337657
5.405,1.6594702780422248,3781.897627186784
5.406,1.6593980453101662,3779.725960328413
5.407,1.6593257744796723,3777.55431023861
5.408,1.6592534586972694,3775.382595327309
5.409,1.6591810911316796,3773.2107346512075
5.41,1.6591086649753966,3771.0386479303234
5.4110000000000005,1.6590361734462453,3768.866255564326
5.412,1.6589636097889424,3766.693478648641
5.413,1.6588909672766405,3764.520238990317
5.414,1.6588182392124686,3762.34645912366
5.415,1.658745418931064,3760.1720623256306
5.416,1.658672499800094,3757.996972630993
5.417,1.658599475221764,3755.8211148472355
5.418,1.6585263386343252,3753.6444145692285
5.4190000000000005,1.6584530835135607,3751.4667981936504
5.42,1.6583797033742713,3749.28819293315
5.421,1.6583061917717445,3747.1085268302686
5.422,1.6582325423032125,3744.9277287710956
5.423,1.6581587486093026,3742.745728498681
5.424,1.6580848043754712,3740.562456626177
5.425,1.6580107033334288,3738.3778446497276
5.426,1.6579364392625522,3736.191824961091
5.4270000000000005,1.6578620059912819,3734.0043308599984
5.428,1.6577873973985096,3731.815296566252
5.429,1.65771260741495,3729.6246572315467
5.43,1.657637630024499,3727.4323489510293
5.431,1.657562459265582,3725.2383087745807
5.432,1.6574870892324798,3723.042474717835
5.433,1.6574115140766497,3720.844785772911
5.434,1.6573357280080252,3718.645181918884
5.4350000000000005,1.6572597252963013,3716.4436041319655
5.436,1.657183500272208,3714.239994395416
5.437,1.6571070473287657,3712.0342957091752
5.438,1.6570303609225234,3709.826452099207
5.439,1.6569534355747848,3707.6164086265744
5.44,1.6568762658728136,3705.404111396218
5.441,1.6567988464710246,3703.189507565462
5.442,1.6567211720921575,3700.9725453522315
5.4430000000000005,1.6566432375284363,3698.753174042983
5.444,1.6565650376427017,3696.5313440003556
5.445,1.6564865673695401,3694.3070066705263
5.446,1.6564078217163822,3692.0801145902833
5.447,1.6563287957645907,3689.8506213938167
5.448,1.6562494846705273,3687.61848181921
5.449,1.6561698836666008,3685.3836517146506
5.45,1.6560899880622957,3683.14608804435
5.4510000000000005,1.6560097932451856,3680.90574889417
5.452,1.655929294681923,3678.6625934769686
5.453,1.655848487919211,3676.4165821376473
5.454,1.6557673685847574,3674.1676763579117
5.455,1.6556859323882036,3671.9158387607445
5.456,1.655604175122042,3669.6610331145857
5.457,1.6555220926625047,3667.4032243372226
5.458,1.6554396809704373,3665.1423784993963
5.4590000000000005,1.6553569360921472,3662.8784628281055
5.46,1.6552738541602365,3660.611445709639
5.461,1.6551904313944132,3658.3412966923042
5.462,1.655106664102274,3656.0679864888757
5.463,1.6550225486800765,3653.791486978752
5.464,1.6549380816134822,3651.5117712098277
5.465,1.6548532594782805,3649.228813400077
5.466,1.6547680789410923,3646.9425889388503
5.4670000000000005,1.6546825367600486,3644.653074387889
5.468,1.6545966297854515,3642.3602474820523
5.469,1.654510354960406,3640.0640871297596
5.47,1.6544237093214385,3637.764573413155
5.471,1.6543366899990846,3635.4616875879838
5.472,1.6542492942184608,3633.155412083192
5.473,1.654161519299809,3630.845730500246
5.474,1.6540733626590194,3628.5326276121705
5.4750000000000005,1.6539848218081339,3626.216089362311
5.476,1.6538958943558217,3623.8961028628228
5.477,1.653806578007833,3621.5726563928783
5.478,1.6537168705674337,3619.2457393966074
5.479,1.6536267699358116,3616.9153424807655
5.48,1.653536274112461,3614.5814574121214
5.481,1.6534453811955458,3612.2440771145925
5.482,1.6533540893822363,3609.903195666097
5.4830000000000005,1.6532623969690268,3607.5588082951494
5.484,1.6531703023520223,3605.2109113771903
5.485,1.6530778040272114,3602.8595024306505
5.486,1.652984900590705,3600.5045801127594
5.487,1.6528915907389614,3598.146144215092
5.488,1.6527978732689803,3595.784195658861
5.489,1.6527037470784764,3593.4187364899494
5.49,1.6526092111660284,3591.0497698737004
5.4910000000000005,1.652514264631205,3588.6773000894445
5.492,1.6524189066746668,3586.3013325247875
5.493,1.6523231365982423,3583.9218736696507
5.494,1.6522269538049843,3581.53893111006
5.495,1.6521303577991993,3579.152513521705
5.496,1.6520333481864544,3576.762630663249
5.497,1.6519359246735592,3574.369293369408
5.498,1.6518380870685259,3571.972513543789
5.4990000000000006,1.6517398352805048,3569.572304151504
5.5,1.6516411693196948,3567.168679211549
5.501,1.6515420892972332,3564.7616537889576
5.502,1.6514425954250584,3562.351243986731
5.503,1.6513426880157538,3559.937466937542
5.504,1.6512423674823618,3557.5203407952304
5.505,1.65114163433818,3555.099884726068
5.506,1.651040489196531,3552.6761188998225
5.507,1.6509389327705122,3550.2490644806026
5.508,1.6508369658727162,3547.8187436174994
5.509,1.6507345894149341,3545.3851794350226
5.51,1.6506318044078356,3542.9483960233324
5.511,1.6505286119606195,3540.508418428275
5.5120000000000005,1.650425013280649,3538.065272641223
5.513,1.6503210096730612,3535.618985588716
5.514,1.650216602540353,3533.1695851219215
5.515,1.6501117933819451,3530.717100005902
5.516,1.6500065837937261,3528.2615599087007
5.517,1.6499009754675693,3525.802995390248
5.518,1.6497949701908314,3523.3414378910857
5.519,1.6496885698458286,3520.8769197209267
5.5200000000000005,1.6495817764092888,3518.4094740470364
5.521,1.6494745919517837,3515.939134882448
5.522,1.6493670186371396,3513.4659370740164
5.523,1.6492590587218257,3510.989916290311
5.524,1.6491507145543203,3508.5111090093474
5.525,1.649041988574459,3506.029552506173
5.526,1.6489328833127586,3503.545284840294
5.527,1.6488234013897225,3501.058344842961
5.5280000000000005,1.6487135455151218,3498.568772104312
5.529,1.6486033184872637,3496.076606960368
5.53,1.6484927231922293,3493.5818904799025
5.531,1.6483817626031005,3491.0846644511744
5.532,1.6482704397791605,3488.584971368526
5.533,1.6481587578650791,3486.0828544188653
5.534,1.6480467200900757,3483.5783574680177
5.535,1.647934329767065,3481.0715250469707
5.5360000000000005,1.6478215902917808,3478.5624023379887
5.537,1.6477085051418856,3476.0510351606304
5.538,1.6475950778760555,3473.537469957653
5.539,1.6474813121330536,3471.021753780813
5.54,1.6473672116307791,3468.50393427657
5.541,1.6472527801653023,3465.9840596716913
5.542,1.6471380216098797,3463.4621787587657
5.543,1.6470229399139529,3460.93834088163
5.5440000000000005,1.6469075391021313,3458.41259592071
5.545,1.6467918232731553,3455.884994278278
5.546,1.6466757965988434,3453.3555868636395
5.547,1.6465594633230247,3450.8244250782363
5.548,1.6464428277604553,3448.2915608006942
5.549,1.646325894295713,3445.757046371792
5.55,1.646208667382086,3443.2209345793735
5.551,1.6460911515404386,3440.683278643203
5.5520000000000005,1.6459733513580626,3438.1441321997672
5.553,1.6458552714875194,3435.6035492870215
5.554,1.645736916645461,3433.0615843290943
5.555,1.6456182916114404,3430.5182921209453
5.556,1.6454994012267057,3427.9737278129887
5.557,1.6453802503929833,3425.4279468956775
5.558,1.6452608440712466,3422.8810051840596
5.559,1.6451411872804702,3420.332958802302
5.5600000000000005,1.645021285096372,3417.783864168197
5.561,1.6449011426501439,3415.2337779776426
5.562,1.64478076512717,3412.6827571891135
5.563,1.6446601577657325,3410.130859008112
5.564,1.6445393258557044,3407.5781408716143
5.565,1.6444182747372347,3405.024660432518
5.566,1.6442970097994194,3402.4704755440744
5.567,1.644175536478963,3399.915644244338
5.5680000000000005,1.6440538602588308,3397.3602247406125
5.569,1.6439319866668891,3394.8042753939144
5.57,1.6438099212745358,3392.247854703445
5.571,1.6436876696953258,3389.69102129108
5.572,1.6435652375835819,3387.1338338858877
5.573,1.6434426306329992,3384.576351308664
5.574,1.643319854575243,3382.018632456499
5.575,1.6431969151785364,3379.4607362873776
5.5760000000000005,1.64307381824624,3376.902721804815
5.577,1.642950569615427,3374.34464804253
5.578,1.6428271751554473,3371.786574049165
5.579,1.6427036407664888,3369.228558873051
5.58,1.642579972378132,3366.6706615470193
5.581,1.6424561759478935,3364.1129410732765
5.582,1.6423322574597716,3361.555456408326
5.583,1.642208222922781,3358.998266447957
5.5840000000000005,1.6420840783694843,3356.4414300122976
5.585,1.641959829854521,3353.8850058309326
5.586,1.6418354834531281,3351.329052528096
5.587,1.6417110452596586,3348.7736286079316
5.588,1.6415865213861018,3346.218792439843
5.589,1.641461917960589,3343.6646022439136
5.59,1.6413372411259075,3341.1111160764135
5.591,1.641212497038006,3338.558391815403
5.5920000000000005,1.6410876918644999,3336.0064871464147
5.593,1.6409628317831746,3333.4554595482377
5.594,1.6408379229804857,3330.9053662787974
5.595,1.640712971650063,3328.356264361134
5.596,1.6405879839912072,3325.808210569491
5.597,1.6404629662073913,3323.2612614155005
5.598,1.64033792450476,3320.715473134486
5.599,1.6402128650906302,3318.170901671878
5.6000000000000005,1.6400877941719907,3315.6276026697424
5.601,1.6399627179540044,3313.085631453426
5.602,1.6398376426385133,3310.545043018332
5.603,1.639712574422541,3308.0058920168094
5.604,1.639587519496801,3305.4682327451806
5.605,1.6394624840442076,3302.932119130888
5.606,1.6393374742383862,3300.3976047197852
5.607,1.6392124962421912,3297.8647426635544
5.6080000000000005,1.6390875562062233,3295.333585707268
5.609,1.638962660267355,3292.804186177089
5.61,1.6388378145472549,3290.2765959681155
5.611,1.6387130251509217,3287.750866532373
5.612,1.638588298165222,3285.2270488669496
5.613,1.6384636396574295,3282.7051935022937
5.614,1.6383390556737745,3280.1853504906503
5.615,1.6382145522379987,3277.6675693946704
5.6160000000000005,1.6380901353499122,3275.1518992761626
5.617,1.6379658109839632,3272.638388685017
5.618,1.637841585087809,3270.127085648288
5.619,1.6377174635808978,3267.6180376594393
5.62,1.6375934523530586,3265.111291667761
5.621,1.637469557263095,3262.606894067958
5.622,1.6373457841373913,3260.1048906898995
5.623,1.6372221387685255,3257.6053267885536
5.6240000000000006,1.637098626913892,3255.108247034094
5.625,1.6369752542943328,3252.6136955021784
5.626,1.636852026592778,3250.121715664417
5.627,1.6367289494528972,3247.6323503790118
5.628,1.6366060284777606,3245.1456418815847
5.629,1.6364832692285107,3242.6616317761923
5.63,1.6363606772230446,3240.1803610265197
5.631,1.636238257934708,3237.7018699472683
5.632,1.6361160167909987,3235.2261981957363
5.633,1.6359939591722867,3232.7533847635787
5.634,1.6358720904105388,3230.283467968774
5.635,1.6357504157880631,3227.8164854477745
5.636,1.6356289405362605,3225.3524741478604
5.6370000000000005,1.6355076698343929,3222.8914703196815
5.638,1.6353866088083628,3220.433509510009
5.639,1.6352657625295055,3217.978626554675
5.64,1.635145136013398,3215.526855571721
5.641,1.635024734218678,3213.078229954745
5.642,1.6349045620458815,3210.632782366453
5.643,1.6347846243362916,3208.190544732408
5.644,1.634664925870803,3205.7515482349972
5.6450000000000005,1.6345454713688032,3203.3158233075924
5.646,1.634426265487068,3200.8833996289236
5.647,1.6343073128186698,3198.4543061176564
5.648,1.6341886178919078,3196.0285709271834
5.649,1.6340701851692498,3193.6062214406197
5.65,1.6339520190462897,3191.1872842660096
5.651,1.6338341238507263,3188.7717852317437
5.652,1.6337165038413537,3186.359749382188
5.6530000000000005,1.6335991632070739,3183.9512009735226
5.654,1.63348210606592,3181.546163469796
5.655,1.6333653364641045,3179.1446595391844
5.656,1.6332488583750797,3176.746711050474
5.657,1.6331326756986189,3174.3523390697464
5.658,1.6330167922599141,3171.9615638572823
5.659,1.6329012118086939,3169.574404864681
5.66,1.6327859380183585,3167.190880732188
5.6610000000000005,1.6326709744851327,3164.811009286236
5.662,1.6325563247272417,3162.434807537209
5.663,1.6324419921841011,3160.062291677408
5.664,1.6323279802155295,3157.693477079239
5.665,1.6322142921009801,3155.3283782936096
5.666,1.6321009310387904,3152.9670090485406
5.667,1.631987900145454,3150.6093822479934
5.668,1.6318752024549112,3148.255509970906
5.6690000000000005,1.6317628409178586,3145.9054034704445
5.67,1.6316508184010832,3143.559073173462
5.671,1.6315391376868102,3141.2165286801796
5.672,1.6314278014720793,3138.877778764068
5.673,1.6313168123681356,3136.5428313719444
5.674,1.6312061728998446,3134.211693624279
5.675,1.6310958855051254,3131.8843718157136
5.676,1.6309859525344104,3129.5608714157843
5.6770000000000005,1.6308763762501195,3127.2411970698577
5.678,1.6307671588261616,3124.925352600267
5.679,1.6306583023474528,3122.6133410076663
5.68,1.6305498088094614,3120.3051644725792
5.681,1.6304416801177672,3118.0008243571574
5.682,1.6303339180876517,3115.700321207143
5.683,1.6302265244437044,3113.4036547540363
5.684,1.6301195008194502,3111.1108239174555
5.6850000000000005,1.6300128487570027,3108.8218268077126
5.686,1.629906569706738,3106.536660728572
5.687,1.6298006650269903,3104.255322180221
5.688,1.6296951359837692,3101.9778068624323
5.689,1.629589983750503,3099.7041096779158
5.69,1.629485209407796,3097.434224735879
5.691,1.6293808139432215,3095.1681453557676
5.692,1.6292767982511231,3092.905864071203
5.6930000000000005,1.6291731631324473,3090.6473726341105
5.694,1.629069909294598,3088.392662019037
5.695,1.6289670373513088,3086.14172242765
5.696,1.6288645478225436,3083.8945432934315
5.697,1.6287624411344155,3081.6511132865458
5.698,1.6286607176191312,3079.411420318896
5.699,1.6285593775149554,3077.1754515493603
5.7,1.6284584209662016,3074.9431933892047
5.7010000000000005,1.6283578480232395,3072.7146315076743
5.702,1.6282576586425332,3070.489750837758
5.703,1.6281578526866938,3068.268535582131
5.704,1.6280584299245584,3066.050969219261
5.705,1.6279593900312945,3063.837034509691
5.706,1.6278607325885213,3061.626713502485
5.707,1.6277624570844553,3059.419987541841
5.708,1.6276645629140807,3057.216837273867
5.7090000000000005,1.627567049379341,3055.0172426535164
5.71,1.6274699156893495,3052.821182951686
5.711,1.6273731609606288,3050.628636762466
5.712,1.627276784217365,3048.43958201055
5.713,1.62718078439169,3046.253995958793
5.714,1.6270851603239818,3044.0718552159233
5.715,1.6269899107631915,3041.8931357443953
5.716,1.6268950343671855,3039.717812868399
5.7170000000000005,1.6268005297031145,3037.545861282003
5.718,1.6267063952478047,3035.377255057442
5.719,1.6266126293881649,3033.2119676535413
5.72,1.626519230421623,3031.04997192428
5.721,1.6264261965565772,3028.8912401274847
5.722,1.6263335259128715,3026.7357439336556
5.723,1.6262412165222926,3024.583454434919
5.724,1.6261492663290862,3022.4343421541103
5.7250000000000005,1.6260576731904963,3020.2883770539715
5.726,1.6259664348773222,3018.1455285464813
5.727,1.6258755490745003,3016.005765502291
5.728,1.6257850133817011,3013.8690562602856
5.729,1.6256948253139527,3011.7353686372508
5.73,1.6256049823022787,3009.604669937654
5.731,1.6255154816943584,3007.476926963528
5.732,1.6254263207552093,3005.3521060244675
5.7330000000000005,1.625337496667885,3003.2301729477167
5.734,1.6252490065341945,3001.1110930883633
5.735,1.6251608473754424,2998.994831339628
5.736,1.6250730161331848,2996.881352143242
5.737,1.624985509670006,2994.7706194999223
5.738,1.6248983247703168,2992.662596979929
5.739,1.6248114581411643,2990.5572477337096
5.74,1.6247249064130675,2988.4545345026254
5.7410000000000005,1.6246386661408647,2986.354419629759
5.742,1.6245527338045869,2984.2568650707876
5.743,1.624467105810337,2982.161832404946
5.744,1.6243817784911987,2980.0692828460474
5.745,1.6242967481081556,2977.9791772535737
5.746,1.624212010851029,2975.8914761438327
5.747,1.6241275628394332,2973.8061397011775
5.748,1.624043400123745,2971.723127789278
5.7490000000000006,1.6239595186860938,2969.642399962456
5.75,1.6238759144413641,2967.563915477066
5.751,1.623792583238215,2965.4876333029306
5.752,1.6237095208601162,2963.4135121348186
5.753,1.6236267230263963,2961.341510403965
5.754,1.6235441853933128,2959.271586289642
5.755,1.6234619035551277,2957.2036977307503
5.756,1.623379873045206,2955.1378024374603
5.757000000000001,1.6232980893371236,2953.0738579028766
5.758,1.6232165478457918,2951.011821414732
5.759,1.6231352439285918,2948.951650067108
5.76,1.6230541728865293,2946.893300772177
5.761,1.622973329965396,2944.8367302719644
5.7620000000000005,1.6228927103569462,2942.781895150125
5.763,1.6228123092000863,2940.728751843734
5.764,1.6227321215820794,2938.677256655091
5.765,1.6226521425397546,2936.6273657635234
5.766,1.622572367060736,2934.5790352372032
5.767,1.6224927900846777,2932.532221044959
5.768,1.6224134065045142,2930.4868790680885
5.769,1.6223342111677173,2928.442965112164
5.7700000000000005,1.6222551988775669,2926.4004349188353
5.771,1.6221763643944311,2924.3592441776136
5.772,1.622097702437055,2922.3193485376505
5.773,1.6220192076838609,2920.2807036194945
5.774,1.6219408747742567,2918.2432650268292
5.775,1.6218626983099556,2916.2069883581908
5.776,1.621784672856298,2914.171829218657
5.777,1.6217067929435907,2912.137743231511
5.7780000000000005,1.6216290530684483,2910.104686049873
5.779,1.6215514476951425,2908.072613368292
5.78,1.6214739712569624,2906.0414809343138
5.781,1.6213966181575767,2904.0112445599934
5.782,1.6213193827724077,2901.981860133378
5.783,1.6212422594500078,2899.953283629934
5.784,1.621165242513444,2897.925471123933
5.785,1.6210883262616886,2895.898378799785
5.7860000000000005,1.6210115049710132,2893.8719629633124
5.787,1.6209347728963905,2891.846180052979
5.788,1.6208581242728974,2889.8209866510433
5.789,1.6207815533171255,2887.7963394946682
5.79,1.6207050542285941,2885.7721954869457
5.791,1.6206286211911682,2883.7485117078772
5.792,1.6205522483744774,2881.7252454252607
5.793,1.6204759299353415,2879.702354105523
5.7940000000000005,1.6203996600191939,2877.6797954244676
5.795,1.6203234327615115,2875.657527277945
5.796,1.6202472422892464,2873.635507792446
5.797,1.6201710827222557,2871.613695335612
5.798,1.6200949481747364,2869.5920485266543
5.799,1.6200188327566583,2867.5705262466936
5.8,1.6199427305752003,2865.5490876490016
5.801,1.619866635736185,2863.5276921691566
5.8020000000000005,1.6197905423455137,2861.506299535097
5.803,1.619714444510601,2859.484869777082
5.804,1.6196383363418083,2857.463363237554
5.805,1.6195622119538784,2855.4417405808917
5.806,1.6194860654673637,2853.4199628030656
5.807,1.6194098910100574,2851.397991241183
5.808,1.6193336827184226,2849.375787582928
5.809,1.6192574347390127,2847.353313875884
5.8100000000000005,1.6191811412298975,2845.33053253675
5.811,1.619104796362079,2843.307406360437
5.812,1.6190283943209098,2841.283898529048
5.813,1.618951929307501,2839.2599726207395
5.814,1.6188753955401316,2837.2355926184596
5.815,1.6187987872556504,2835.2107229185654
5.816,1.6187220987108746,2833.185328339314
5.817,1.6186453241839807,2831.1593741292236
5.8180000000000005,1.6185684579758937,2829.132825975307
5.819,1.6184914944116664,2827.1056500111777
5.82,1.6184144278418553,2825.0778128250176
5.821,1.6183372526438888,2823.0492814674117
5.822,1.6182599632234278,2821.0200234590493
5.823,1.6181825540157226,2818.9900067982835
5.824,1.618105019486957,2816.959199968553
5.825,1.6180273541355887,2814.9275719456627
5.8260000000000005,1.6179495524936793,2812.895092204919
5.827,1.6178716091282177,2810.861730728125
5.828,1.6177935186424337,2808.8274580104257
5.829,1.6177152756771003,2806.7922450670085
5.83,1.6176368749118315,2804.7560634396523
5.831,1.6175583110663667,2802.7188852031286
5.832,1.6174795789018455,2800.6806829714524
5.833,1.617400673222072,2798.641429903975
5.8340000000000005,1.617321588874771,2796.60109971133
5.835,1.6172423207528295,2794.5596666612155
5.836,1.6171628637955306,2792.5171055840283
5.837,1.617083212989772,2790.473391878335
5.838,1.6170033633712773,2788.428501516185
5.839,1.6169233100257887,2786.382411048268
5.84,1.6168430480902565,2784.3350976089037
5.841,1.6167625727540051,2782.2865389208782
5.8420000000000005,1.616681879259897,2780.236713300108
5.843,1.6166009629054727,2778.185599660149
5.844,1.6165198190440873,2776.133177516537
5.845,1.6164384430860257,2774.0794269909675
5.846,1.616356830499607,2772.0243288152956
5.847,1.6162749768122748,2769.9678643353936
5.848,1.6161928776116723,2767.9100155148167
5.849,1.616110528546701,2765.850764938317
5.8500000000000005,1.6160279253285703,2763.790095815181
5.851,1.6159450637318207,2761.7279919824023
5.852,1.6158619395953426,2759.6644379076824
5.853,1.615778548823375,2757.5994186922626
5.854,1.6156948873864851,2755.532920073584
5.855,1.6156109513225374,2753.464928427781
5.856,1.6155267367376407,2751.395430771998
5.857,1.6154422398070822,2749.324414766538
5.8580000000000005,1.6153574567762445,2747.251868716843
5.859,1.6152723839615015,2745.1777815752916
5.86,1.615187017751102,2743.10214294284
5.861,1.615101354606033,2741.0249430704785
5.862,1.6150153910608651,2738.946172860521
5.863,1.6149291237245795,2736.865823867725
5.864,1.61484254928138,2734.783888300234
5.865,1.6147556644914824,2732.7003590203512
5.8660000000000005,1.6146684661918882,2730.615229545142
5.867,1.6145809512971363,2728.5284940468637
5.868,1.614493116800042,2726.4401473532216
5.869,1.614404959772409,2724.350184947461
5.87,1.6143164773657273,2722.2586029682784
5.871,1.6142276668118507,2720.1653982095704
5.872,1.6141385254236538,2718.0705681200084
5.873,1.6140490505956697,2715.9741108024455
5.8740000000000006,1.613959239804708,2713.876025013152
5.875,1.6138690906104518,2711.776310160882
5.876,1.613778600656036,2709.6749663057767
5.877,1.6136877676686043,2707.571994158092
5.878,1.613596589459844,2705.467395076767
5.879,1.613505063926506,2703.361171067819
5.88,1.6134131890508958,2701.2533247825813
5.881,1.61332096290135,2699.143859515765
5.882000000000001,1.6132283836326917,2697.0327792033668
5.883,1.6131354494866583,2694.9200884204092
5.884,1.6130421587923163,2692.805792378518
5.885,1.6129485099664516,2690.68989692334
5.886,1.6128545015139353,2688.572408531795
5.8870000000000005,1.612760132028074,2686.4533343091784
5.888,1.6126654001909337,2684.332681986096
5.889,1.6125703047736448,2682.2104599152435
5.89,1.6124748446366834,2680.086677068034
5.891,1.612379018730135,2677.9613430310624
5.892,1.6122828260939284,2675.834468002426
5.893,1.6121862658580586,2673.7060627878805
5.894,1.6120893372427785,2671.5761387968555
5.8950000000000005,1.6119920395587726,2669.4447080383125
5.896,1.6118943722073098,2667.311783116457
5.897,1.6117963346803708,2665.1773772263005
5.898,1.611697926560757,2663.041504149081
5.899,1.611599147522175,2660.9041782475324
5.9,1.611499997329301,2658.765414461017
5.901,1.6114004758378193,2656.6252283005115
5.902,1.6113005829944447,2654.483635843454
5.9030000000000005,1.6112003188369166,2652.3406537284545
5.904,1.6110996834939748,2650.196299149865
5.905,1.6109986771853138,2648.050589852216
5.906,1.610897300221511,2645.9035441245205
5.907,1.6107955530039362,2643.75518079444
5.908,1.6106934360246403,2641.605519222329
5.909,1.6105909498662168,2639.454579295143
5.91,1.6104880952016458,2637.302381420225
5.9110000000000005,1.6103848727941155,2635.148946518965
5.912,1.6102812834968199,2632.9942960203316
5.913,1.610177328252738,2630.8384518542944
5.914,1.6100730080943861,2628.6814364451125
5.915,1.6099683241435534,2626.523272704515
5.916,1.6098632776110136,2624.363984024766
5.917,1.6097578697962154,2622.203594271609
5.918,1.6096521020869525,2620.0421277771065
5.9190000000000005,1.6095459759590087,2617.8796093323663
5.92,1.6094394929757856,2615.716064180165
5.921,1.6093326547879085,2613.5515180074594
5.922,1.6092254631328093,2611.385996937799
5.923,1.609117919834289,2609.2195275236363
5.924,1.6090100268020608,2607.0521367385395
5.925,1.6089017860312713,2604.883851969306
5.926,1.6087931996019993,2602.7147010079807
5.9270000000000005,1.6086842696787376,2600.544712043788
5.928,1.608574998509853,2598.373913654963
5.929,1.6084653884270224,2596.2023348005064
5.93,1.608355441844656,2594.0300048118443
5.931,1.6082451612592936,2591.8569533844097
5.932,1.6081345492489845,2589.6832105691406
5.933,1.6080236084726474,2587.5088067639026
5.934,1.6079123416694105,2585.333772704831
5.9350000000000005,1.6078007516579316,2583.1581394575987
5.936,1.6076888413356984,2580.9819384086204
5.937,1.6075766136783136,2578.8052012561725
5.938,1.6074640717387563,2576.627960001463
5.939,1.607351218646625,2574.450246939625
5.94,1.6072380576073686,2572.2720946506506
5.941,1.60712459190149,2570.0935359902696
5.942,1.6070108248837376,2567.9146040807664
5.9430000000000005,1.606896759982276,2565.7353323017423
5.944,1.6067824006978417,2563.5557542808297
5.945,1.6066677506028784,2561.375903884351
5.946,1.6065528133406568,2559.1958152079333
5.947,1.6064375926243752,2557.0155225670787
5.948,1.6063220922362471,2554.8350604876914
5.949,1.6062063160265687,2552.6544636965646
5.95,1.6060902679127698,2550.4737671118282
5.9510000000000005,1.6059739518784508,2548.2930058333686
5.952,1.6058573719724039,2546.1122151332083
5.953,1.6057405323076146,2543.9314304458608
5.954,1.6056234370602522,2541.750687358656
5.955,1.6055060904686433,2539.5700216020405
5.956,1.6053884968322296,2537.389469039861
5.957,1.6052706605105116,2535.20906565962
5.958,1.605152585921978,2533.0288475627217
5.9590000000000005,1.605034277543022,2530.848850954698
5.96,1.60491573990684,2528.669112135428
5.961,1.6047969776023212,2526.4896674893425
5.962,1.6046779952729193,2524.3105534756264
5.963,1.6045587976155158,2522.1318066184135
5.964,1.604439389379267,2519.9534634969827
5.965,1.6043197753644367,2517.7755607359522
5.966,1.604199960421225,2515.5981349954773
5.9670000000000005,1.604079949448573,2513.4212229614564
5.968,1.6039597473929665,2511.2448613357437
5.969,1.6038393592472222,2509.069086826372
5.97,1.6037187900492644,2506.8939361377925
5.971,1.60359804488089,2504.7194459611246
5.972,1.603477128866526,2502.545652964428
5.973,1.6033560471719728,2500.372593783
5.974,1.6032348050031389,2498.2003050096846
5.9750000000000005,1.6031134076047684,2496.0288231852182
5.976,1.602991860259155,2493.858184788599
5.977,1.6028701682848503,2491.688426227489
5.978,1.602748337035361,2489.519583828645
5.979,1.6026263718978409,2487.351693828391
5.98,1.6025042782917711,2485.184792363126
5.981,1.6023820616676343,2483.0189154598693
5.982,1.602259727505582,2480.854099026855
5.9830000000000005,1.6021372813140942,2478.6903788441655
5.984,1.6020147286286321,2476.527790554418
5.985,1.6018920750102839,2474.366369653497
5.986,1.601769326044407,2472.2061514813367
5.987,1.6016464873392589,2470.0471712127674
5.988,1.6015235645246297,2467.889463848409
5.989,1.6014005632504646,2465.7330642056286
5.99,1.6012774891854828,2463.578006909557
5.9910000000000005,1.6011543480157915,2461.4243263841718
5.992,1.6010311454434973,2459.272056843443
5.993,1.6009078871853135,2457.1212322825477
5.994,1.6007845789711614,2454.971886469158
5.995,1.6006612265427709,2452.8240529347963
5.996,1.60053783565228,2450.677764966267
5.997,1.6004144120608261,2448.5330555971673
5.998,1.6002909615371406,2446.3899575994737
5.9990000000000006,1.6001674898561415,2444.248503475208
6.0,1.6000440027975196,2442.1087254481918
6.001,1.5999205061443291,2439.97065545588
6.002,1.5997970056815753,2437.8343251412844
6.003,1.5996735071948012,2435.699765844982
6.004,1.5995500164686753,2433.5670085972224
6.005,1.5994265392855793,2431.436084110117
6.006,1.5993030814241962,2429.3070227699327
6.007000000000001,1.5991796486580987,2427.179854629473
6.008,1.5990562467543414,2425.054609400567
6.009,1.5989328814720516,2422.9313164466485
6.01,1.5988095585610247,2420.810004775444
6.011,1.598686283760319,2418.6907030317634
6.0120000000000005,1.5985630627968566,2416.573439490391
6.013,1.598439901384025,2414.4582420490906
6.014,1.5983168052202823,2412.345138221714
6.015000000000001,1.5981937799877668,2410.234155131422
6.016,1.598070831350911,2408.125319504018
6.017,1.5979479649550585,2406.0186576613933
6.018,1.5978251864250856,2403.914195515088
6.019,1.5977025013640311,2401.8119585599684
6.0200000000000005,1.597579915351726,2399.7119718680246
6.021,1.5974574339434362,2397.614260082285
6.022,1.5973350626685017,2395.518847410852
6.023,1.5972128070289917,2393.4257576210603
6.024,1.5970906724983611,2391.3350140337598
6.025,1.596968664520114,2389.246639517724
6.026,1.5968467885064765,2387.1606564841804
6.027,1.5967250498370762,2385.0770868814743
6.0280000000000005,1.59660345385763,2382.9959521898577
6.029,1.5964820058786389,2380.9172734164076
6.03,1.5963607111740938,2378.841071090079
6.031,1.5962395749801883,2376.7673652568856
6.032,1.5961186024940404,2374.6961754752165
6.033,1.5959977988724263,2372.627520811288
6.034,1.5958771692305211,2370.561419834728
6.035,1.5957567186406518,2368.497890614297
6.0360000000000005,1.59563645213106,2366.43695071375
6.037,1.595516374684673,2364.378617187832
6.038,1.5953964912378926,2362.3229065784126
6.039,1.5952768066793865,2360.269834910766
6.04,1.5951573258488985,2358.2194176899843
6.041,1.595038053536065,2356.171669897538
6.042,1.5949189944792526,2354.126605987973
6.043,1.5948001533643936,2352.0842398857544
6.0440000000000005,1.5946815348238497,2350.044584982255
6.045,1.5945631434352794,2348.0076541328813
6.046,1.5944449837205201,2345.9734596543494
6.047,1.5943270601444874,2343.9420133221083
6.048,1.5942093771140846,2341.913326367897
6.049,1.5940919389771262,2339.8874094774633
6.05,1.5939747500212798,2337.8642727884167
6.051,1.5938578144730182,2335.843925888235
6.0520000000000005,1.5937411364965888,2333.826377812413
6.053,1.5936247201929965,2331.8116370427642
6.054,1.5935085695990046,2329.7997115058647
6.055,1.5933926886861494,2327.7906085716477
6.056,1.5932770813597703,2325.7843350521484
6.057,1.5931617514580572,2323.7808972003904
6.058,1.593046702751114,2321.780300709429
6.059,1.5929319389400378,2319.7825507115335
6.0600000000000005,1.5928174636560182,2317.787651777526
6.061,1.592703280459446,2315.795607916266
6.062,1.59258939283905,2313.806422574279
6.063,1.5924758042110407,2311.8200986355414
6.064,1.5923625179182788,2309.836638421407
6.065,1.5922495372294592,2307.8560436906837
6.066,1.5921368653383112,2305.8783156398595
6.067,1.5920245053628208,2303.9034549034723
6.0680000000000005,1.5919124603444683,2301.931461554632
6.069,1.5918007332474846,2299.9623351056835
6.07,1.5916893269581294,2297.9960745090248
6.071,1.591578244283984,2296.0326781580598
6.072,1.5914674879532684,2294.0721438883097
6.073,1.591357060614172,2292.114468978658
6.074,1.5912469648342067,2290.159650152751
6.075,1.5911372030995814,2288.2076835805306
6.0760000000000005,1.5910277778145936,2286.258564879927
6.077,1.5909186913010405,2284.312289118676
6.078,1.5908099457976537,2282.368850816293
6.079,1.590701543459549,2280.428243946185
6.08,1.5905934863577023,2278.4904619378976
6.081,1.590485776478441,2276.555497679512
6.082,1.5903784157229586,2274.6233435201757
6.083,1.59027140590685,2272.6939912727735
6.0840000000000005,1.590164748759665,2270.767432216733
6.085,1.5900584459244895,2268.843657100977
6.086,1.5899524989575378,2266.9226561469973
6.087,1.5898469093277732,2265.004419052078
6.088,1.5897416784165492,2263.0889349926456
6.089,1.589636807517271,2261.1761926277486
6.09,1.5895322978350745,2259.266180102681
6.091,1.5894281504865349,2257.358885052724
6.0920000000000005,1.5893243664993897,2255.4542946070255
6.093,1.589220946812287,2253.5523953926077
6.094,1.5891178922745546,2251.6531735384965
6.095,1.589015203645991,2249.756614679985
6.096,1.5889128815966758,2247.862703963017
6.097,1.5888109267068078,2245.971426048696
6.098,1.588709339466558,2244.0827651179156
6.099,1.5886081202759494,2242.196704876113
6.1000000000000005,1.5885072694447568,2240.313228558141
6.101,1.58840678719243,2238.432318933257
6.102,1.5883066736480345,2236.5539583102327
6.103,1.5882069288502225,2234.678128542574
6.104,1.5881075527472168,2232.8048110338614
6.105,1.588008545196823,2230.9339867431972
6.106,1.5879099059664616,2229.065636190767
6.107,1.5878116347332218,2227.199739463508
6.1080000000000005,1.5877137310839373,2225.336276220888
6.109,1.5876161945152856,2223.4752257007895
6.11,1.5875190244339064,2221.616566725495
6.111,1.587422220156546,2219.7602777077827
6.112,1.5873257809102186,2217.9063366571154
6.113,1.587229705832394,2216.0547211859334
6.114,1.5871339939712048,2214.2054085160435
6.115,1.5870386442856748,2212.358375485106
6.1160000000000005,1.5869436556459717,2210.5135985532133
6.117,1.5868490268336783,2208.6710538095604
6.118,1.5867547565420885,2206.8307169792106
6.119,1.586660843376521,2204.992563429943
6.12,1.586567285854658,2203.1565681791926
6.121,1.5864740824069048,2201.322705901073
6.122,1.586381231376766,2199.490950933483
6.123,1.5862887310212521,2197.6612772852905
6.1240000000000006,1.5861965795112958,2195.833658643602
6.125,1.5861047749322006,2194.008068381102
6.126,1.5860133152840998,2192.1844795634743
6.127,1.5859221984824463,2190.362864956891
6.128,1.5858314223585137,2188.543197035577
6.129,1.5857409846599237,2186.7254479894395
6.13,1.5856508830511953,2184.9095897317675
6.131,1.585561115114307,2183.095593906994
6.132000000000001,1.5854716783492864,2181.283431898524
6.133,1.5853825701748165,2179.4730748366214
6.134,1.5852937879288618,2177.6644936063503
6.135,1.5852053288693144,2175.8576588555834
6.136,1.5851171901746621,2174.052541003054
6.1370000000000005,1.5850293689446704,2172.249110246466
6.138,1.5849418622010893,2170.4473365706535
6.139,1.5848546668883758,2168.647189755785
6.140000000000001,1.5847677798744373,2166.8486393856183
6.141,1.5846811979513913,2165.051654855795
6.142,1.5845949178363457,2163.2562053821757
6.143,1.5845089361721976,2161.4622600092207
6.144,1.5844232495284474,2159.669787618398
6.1450000000000005,1.5843378544020341,2157.8787569366345
6.146,1.584252747218188,2156.089136544796
6.147,1.5841679243312974,2154.300894886193
6.148,1.5840833820257967,2152.5140002751255
6.149,1.5839991165170704,2150.7284209054415
6.15,1.5839151239523728,2148.9441248591265
6.151,1.5838314004117657,2147.161080114912
6.152,1.5837479419090714,2145.3792545569027
6.1530000000000005,1.5836647443928438,2143.598615983221
6.154,1.5835818037473535,2141.8191321146624
6.155,1.583499115793588,2140.0407706033716
6.156,1.5834166762902724,2138.2634990415163
6.157,1.5833344809348966,2136.487284969981
6.158,1.5832525253647671,2134.7120958870555
6.159,1.5831708051580677,2132.9378992571337
6.16,1.5830893158349348,2131.1646625194107
6.1610000000000005,1.583008052858549,2129.392353096577
6.162,1.5829270116362393,2127.620938403513
6.163,1.5828461875206037,2125.850385855968
6.164,1.5827655758106371,2124.080662879247
6.165,1.5826851717528811,2122.3117369168704
6.166,1.5826049705425767,2120.5435754392324
6.167,1.5825249673248396,2118.776145952236
6.168,1.5824451571958393,2117.0094160059207
6.1690000000000005,1.5823655352039954,2115.2433532030577
6.17,1.5822860963511851,2113.4779252077387
6.171,1.582206835593959,2111.713099753925
6.172,1.5821277478447717,2109.9488446539835
6.173,1.5820488279732214,2108.185127807187
6.174,1.5819700708073006,2106.421917208187
6.175,1.5818914711346574,2104.6591809554507
6.176,1.581813023703864,2102.896887259668
6.1770000000000005,1.5817347232256995,2101.135004452117
6.178,1.5816565643744394,2099.3735009929947
6.179,1.5815785417891517,2097.6123454797
6.18,1.5815006500750086,2095.851506655079
6.181,1.581422883804598,2094.0909534156262
6.182,1.5813452375192505,2092.330654819628
6.183,1.5812677057303681,2090.570580095269
6.184,1.581190282920767,2088.8106986486796
6.1850000000000005,1.58111296354602,2087.050980071929
6.186,1.581035742035811,2085.2913941509682
6.187,1.5809586127952955,2083.5319108735052
6.188,1.5808815702064631,2081.7725004368344
6.189,1.5808046086295116,2080.0131332555893
6.19,1.5807277224042222,2078.2537799694437
6.191,1.5806509058513407,2076.4944114507357
6.192,1.5805741532739663,2074.7349988120372
6.1930000000000005,1.58049745895894,2072.9755134136403
6.194,1.5804208171782417,2071.215926870984
6.195,1.5803442221903874,2069.4562110619954
6.196,1.5802676682418333,2067.6963381343703
6.197,1.58019114956838,2065.9362805127603
6.198,1.5801146603965808,2064.1760109058982
6.199,1.5800381949451514,2062.415502313626
6.2,1.5799617474263856,2060.6547280338536
6.2010000000000005,1.5798853120475655,2058.8936616694273
6.202,1.5798088830123795,2057.1322771349114
6.203,1.5797324545223403,2055.370548663287
6.204,1.5796560207781984,2053.6084508125555
6.205,1.5795795759813642,2051.845958472257
6.206,1.579503114335322,2050.083046869894
6.207,1.5794266300470508,2048.3196915772583
6.208,1.5793501173284386,2046.555868516664
6.2090000000000005,1.5792735703976986,2044.791553967088
6.21,1.5791969834807846,2043.026724570203
6.211,1.579120350812802,2041.261357336317
6.212,1.5790436666394194,2039.4954296502078
6.213,1.5789669252182774,2037.7289192768571
6.214,1.5788901208203912,2035.961804367076
6.215,1.5788132477315568,2034.1940634630273
6.216,1.578736300253746,2032.4256755036433
6.2170000000000005,1.5786592727065045,2030.656619829926
6.218,1.5785821594283411,2028.8868761901474
6.219,1.5785049547781147,2027.1164247449337
6.22,1.578427653136416,2025.3452460722367
6.221,1.5783502489069439,2023.5733211721918
6.222,1.578272736517877,2021.800631471865
6.223,1.5781951104232392,2020.027158829877
6.224,1.5781173651042586,2018.2528855409169
6.2250000000000005,1.5780394950707188,2016.4777943401336
6.226,1.5779614948623077,2014.701868407411
6.227,1.5778833590499541,2012.9250913715175
6.228,1.57780508223716,2011.147447314143
6.229,1.577726659061324,2009.3689207738048
6.23,1.5776480841950569,2007.5894967496372
6.231,1.5775693523474892,2005.809160705051
6.232,1.5774904582655687,2004.027898571275
6.2330000000000005,1.5774113967353505,2002.2456967507662
6.234,1.5773321625832768,2000.4625421204953
6.235,1.577252750677447,1998.6784220351067
6.236,1.5771731559288789,1996.893324329947
6.237,1.5770933732927572,1995.1072373239685
6.238,1.577013397769675,1993.3201498225012
6.239,1.5769332244068603,1991.5320511198947
6.24,1.576852848299394,1989.7429310020311
6.2410000000000005,1.5767722645914175,1987.9527797487053
6.242,1.5766914684773232,1986.1615881358744
6.243,1.5766104552029407,1984.3693474377756
6.244,1.5765292200667025,1982.5760494289098
6.245,1.5764477584208039,1980.781686385892
6.246,1.5763660656723453,1978.986251089173
6.247,1.5762841372844636,1977.189736824621
6.248,1.5762019687774496,1975.3921373849716
6.2490000000000006,1.57611955572985,1973.5934470711463
6.25,1.5760368937795606,1971.793660693433
6.251,1.5759539786248966,1969.99277357253
6.252,1.5758708060256572,1968.1907815404625
6.253,1.5757873718041686,1966.3876809413553
6.254,1.575703671846317,1964.5834686320754
6.255,1.575619702102562,1962.7781419827388
6.256,1.5755354585889376,1960.9716988770806
6.257000000000001,1.5754509373880345,1959.1641377126894
6.258,1.5753661346499699,1957.35545740111
6.259,1.5752810465933378,1955.5456573678046
6.26,1.5751956695061449,1953.7347375519867
6.261,1.5751099997467275,1951.9226984063114
6.2620000000000005,1.575024033744652,1950.1095408964393
6.263,1.5749377680016021,1948.2952665004593
6.264,1.5748511990922427,1946.4798772081797
6.265000000000001,1.574764323665069,1944.6633755202865
6.266,1.5746771384432376,1942.8457644473656
6.267,1.5745896402253798,1941.027047508791
6.268,1.5745018258863965,1939.2072287314827
6.269,1.5744136923782324,1937.3863126485314
6.2700000000000005,1.574325236730636,1935.5643042976883
6.271,1.5742364560518975,1933.741209219725
6.272,1.5741473475295662,1931.9170334566643
6.273,1.5740579084311548,1930.0917835498767
6.274,1.573968136104817,1928.2654665380473
6.275,1.5738780279800106,1926.438089955016
6.276,1.5737875815681392,1924.6096618274878
6.277,1.5736967944631735,1922.780190672611
6.2780000000000005,1.5736056643422534,1920.949685495435
6.279,1.573514188966269,1919.118155786236
6.28,1.5734223661804247,1917.2856115177174
6.281,1.573330193914776,1915.4520631420878
6.282,1.573237670184752,1913.6175215880132
6.283,1.5731447930916556,1911.7819982574442
6.284,1.5730515608231408,1909.9455050223244
6.285,1.5729579716536701,1908.108054221173
6.2860000000000005,1.5728640239449534,1906.2696586555503
6.287,1.5727697161463605,1904.4303315864015
6.288,1.5726750467953179,1902.590086730284
6.289,1.572580014517679,1900.7489382554731
6.29,1.5724846180280774,1898.9069007779592
6.291,1.5723888561302553,1897.063989357318
6.292,1.5722927277173726,1895.2202194924782
6.293,1.572196231772291,1893.3756071173693
6.2940000000000005,1.5720993673678418,1891.5301685964596
6.295,1.5720021336670638,1889.6839207201842
6.296,1.5719045299234278,1887.8368807002623
6.297,1.5718065554810345,1885.9890661649072
6.298,1.5717082097747885,1884.1404951539305
6.299,1.571609492330555,1882.2911861137395
6.3,1.571510402765292,1880.4411578922318
6.301,1.5714109407871584,1878.5904297335862
6.3020000000000005,1.571311106195604,1876.739021272953
6.303,1.5712108988814333,1874.886952531046
6.304,1.5711103188268496,1873.034243908632
6.305,1.571009366105477,1871.1809161809294
6.306,1.5709080408823566,1869.326990491907
6.307,1.5708063434139248,1867.47248834849
6.308,1.5707042740479675,1865.6174316146758
6.309,1.570601833223551,1863.7618425055573
6.3100000000000005,1.5704990214709311,1861.905743581258
6.311,1.570395839411443,1860.049157740778
6.312,1.5702922877573628,1858.1921082157592
6.313,1.5701883673117545,1856.3346185641603
6.314,1.570084078968285,1854.4767126638542
6.315,1.5699794237110296,1852.618414706142
6.316,1.5698744026142428,1850.7597491891897
6.317,1.5697690168421152,1848.9007409113874
6.3180000000000005,1.5696632676485065,1847.041414964633
6.319,1.5695571563766542,1845.1817967275417
6.32,1.5694506844588638,1843.3219118585864
6.321,1.5693438534161754,1841.4617862891644
6.322,1.5692366648580083,1839.6014462165983
6.323,1.5691291204817857,1837.7409180970722
6.324,1.5690212220725352,1835.8802286384994
6.325,1.568912971502471,1834.0194047933305
6.3260000000000005,1.5688043707305521,1832.1584737513035
6.327,1.56869542180202,1830.297462932127
6.328,1.5685861268479178,1828.4363999781172
6.329,1.5684764880845832,1826.5753127467713
6.33,1.5683665078131255,1824.7142293032953
6.331,1.5682561884188781,1822.8531779130742
6.332,1.5681455323708344,1820.9921870340995
6.333,1.5680345422210573,1819.1312853093468
6.3340000000000005,1.567923220604076,1817.2705015591075
6.335,1.5678115702362558,1815.4098647732812
6.336,1.5676995939151495,1813.5494041036252
6.337,1.5675872945188318,1811.689148855965
6.338,1.5674746750052133,1809.8291284823686
6.339,1.567361738411327,1807.969372573288
6.34,1.5672484878526114,1806.109910849666
6.341,1.567134926522156,1804.2507731550108
6.3420000000000005,1.5670210576899413,1802.3919894474484
6.343,1.5669068847020533,1800.533589791743
6.344,1.566792410979883,1798.6756043512953
6.345,1.5666776400193023,1796.8180633801176
6.346,1.5665625753898273,1794.9609972147928
6.347,1.5664472207337594,1793.10443626641
6.348,1.5663315797653101,1791.2484110124865
6.349,1.5662156562697087,1789.3929519888798
6.3500000000000005,1.5660994541022908,1787.538089781681
6.351,1.5659829771875697,1785.6838550191062
6.352,1.5658662295182935,1783.830278363373
6.353,1.565749215154481,1781.9773905025797
6.354,1.5656319382224446,1780.1252221425757
6.355,1.5655144029137946,1778.273803998832
6.356,1.565396613484429,1776.4231667883143
6.357,1.565278574253506,1774.5733412213601
6.3580000000000005,1.5651602896024006,1772.7243579935575
6.359,1.5650417639736491,1770.8762477776352
6.36,1.5649230018698739,1769.0290412153602
6.361,1.564804007852695,1767.1827689094473
6.362,1.5646847865416302,1765.3374614154845
6.363,1.564565342612974,1763.493149233871
6.364,1.5644456807986709,1761.649862801775
6.365,1.5643258058851668,1759.8076324851118
6.3660000000000005,1.564205722712253,1757.966488570544
6.367,1.5640854361718923,1756.1264612575058
6.368,1.5639649512070364,1754.2875806502527
6.369,1.5638442728104263,1752.4498767499408
6.37,1.5637234060233838,1750.6133794467369
6.371,1.5636023559345902,1748.778118511958
6.372,1.5634811276788496,1746.9441235902502
6.373,1.5633597264358476,1745.1114241918008
6.3740000000000006,1.5632381574288898,1743.2800496845873
6.375,1.5631164259236388,1741.4500292866728
6.376,1.562994537226834,1739.6213920585385
6.377,1.5628724966850012,1737.7941668954622
6.378,1.562750309683159,1735.968382519945
6.379,1.5626279816435062,1734.144067474183
6.38,1.562505518024106,1732.3212501125952
6.381,1.5623829243175593,1730.4999585943954
6.382000000000001,1.5622602060496695,1728.680220876226
6.383,1.5621373687780975,1726.862064704843
6.384,1.562014418091012,1725.0455176098624
6.385,1.5618913596057282,1723.2306068965634
6.386,1.561768198967341,1721.4173596387548
6.3870000000000005,1.5616449418473524,1719.605802671705
6.388,1.5615215939422873,1717.7959625851372
6.389,1.561398160972309,1715.9878657162924
6.390000000000001,1.561274648679826,1714.1815381430574
6.391,1.5611510628280902,1712.3770056771727
6.392,1.5610274091997935,1710.5742938574995
6.393,1.5609036935956604,1708.7734279433737
6.394,1.5607799218330292,1706.9744329080268
6.3950000000000005,1.560656099744436,1705.1773334320906
6.396,1.560532233176192,1703.382153897176
6.397,1.5604083279869547,1701.5889183795348
6.398000000000001,1.5602843900463004,1699.7976506438054
6.399,1.560160425233289,1698.0083741368394
6.4,1.5600364394350301,1696.2211119816184
6.401,1.5599124385452432,1694.435886971251
6.402,1.5597884284628205,1692.6527215630667
6.4030000000000005,1.559664415090382,1690.8716378727927
6.404,1.559540404332835,1689.092657668828
6.405,1.5594164020959296,1687.3158023666067
6.406,1.559292414284814,1685.5410930230582
6.407,1.55916844680259,1683.7685503311632
6.408,1.5590445055488698,1681.9981946146058
6.409,1.5589205964183306,1680.230045822524
6.41,1.5587967252992712,1678.4641235243648
6.4110000000000005,1.5586728980721722,1676.7004469048327
6.412,1.5585491206082531,1674.9390347589492
6.413,1.5584253987680368,1673.1799054872104
6.414,1.558301738399909,1671.4230770908514
6.415,1.5581781453386896,1669.6685671672192
6.416,1.5580546254041983,1667.916392905249
6.417,1.5579311843998287,1666.1665710810523
6.418,1.5578078281111236,1664.419118053615
6.4190000000000005,1.5576845623043565,1662.674049760602
6.42,1.5575613927251162,1660.9313817142797
6.421,1.557438325096893,1659.191128997548
6.422,1.557315365119678,1657.453306260083
6.423,1.557192518468558,1655.7179277146047
6.424,1.5570697907923226,1653.9850071332485
6.425,1.556947187712077,1652.254557844061
6.426,1.5568247148198575,1650.5265927276118
6.4270000000000005,1.5567023776772564,1648.8011242137216
6.428,1.5565801818140554,1647.0781642783127
6.429,1.556458132726862,1645.3577244403778
6.43,1.5563362358777577,1643.6398157590677
6.431,1.5562144966929516,1641.924448830905
6.432,1.556092920561445,1640.2116337871166
6.433,1.5559715128337024,1638.5013802910894
6.434,1.5558502788203314,1636.7936975359503
6.4350000000000005,1.555729223790775,1635.0885942422701
6.436,1.5556083529720093,1633.3860786558917
6.437,1.5554876715472559,1631.6861585458832
6.438,1.5553671846546997,1629.988841202618
6.439,1.5552468973862208,1628.2941334359778
6.44,1.5551268147861375,1626.602041573687
6.441,1.5550069418499566,1624.912571459769
6.442,1.5548872835231418,1623.2257284531343
6.4430000000000005,1.5547678446998863,1621.5415174262916
6.444,1.554648630221905,1619.8599427641914
6.445,1.5545296448772323,1618.181008363193
6.446,1.5544108933990397,1616.5047176301657
6.447,1.5542923804644597,1614.8310734817128
6.448,1.554174110693427,1613.1600783435283
6.449,1.554056088647534,1611.491734149881
6.45,1.553938318828897,1609.8260423432268
6.4510000000000005,1.5538208056790381,1608.163003873952
6.452,1.5537035535777826,1606.5026192002456
6.453,1.5535865668421704,1604.8448882880966
6.454,1.5534698497253818,1603.1898106114284
6.455,1.5533534064156795,1601.5373851523534
6.456,1.5532372410353648,1599.8876104015615
6.457,1.5531213576397505,1598.240484358837
6.458,1.5530057602161522,1596.5960045337038
6.4590000000000005,1.5528904526828906,1594.9541679461981
6.46,1.552775438888314,1593.3149711277683
6.461,1.552660722609839,1591.6784101223082
6.462,1.5525463075530026,1590.0444804873082
6.463,1.5524321973505386,1588.4131772951446
6.464,1.552318395561465,1586.784495134489
6.465,1.5522049056701936,1585.158428111844
6.466,1.5520917310856575,1583.5349698532098
6.4670000000000005,1.5519788751404513,1581.9141135058703
6.468,1.5518663410899975,1580.2958517403108
6.469,1.5517541321117254,1578.6801767522525
6.47,1.5516422513042722,1577.06708026482
6.471,1.5515307016867015,1575.4565535308243
6.472,1.551419486197742,1573.8485873351747
6.473,1.5513086076950429,1572.2431719974059
6.474,1.551198068954454,1570.640297374336
6.4750000000000005,1.5510878726693202,1569.0399528628348
6.476,1.5509780214497992,1567.4421274027218
6.477,1.5508685178221986,1565.8468094797754
6.478,1.5507593642283315,1564.2539871288668
6.479,1.5506505630248952,1562.6636479372055
6.48,1.5505421164828697,1561.0757790477078
6.481,1.5504340267869354,1559.490367162476
6.482,1.5503262960349136,1557.9073985463956
6.4830000000000005,1.5502189262372252,1556.3268590308435
6.484,1.5501119193163762,1554.7487340175132
6.485,1.5500052771064579,1553.1730084823473
6.486,1.5498990013526721,1551.5996669795854
6.487,1.5497930937108781,1550.0286936459174
6.488,1.5496875557471599,1548.4600722047485
6.489,1.5495823889374145,1546.8937859705707
6.49,1.549477594666966,1545.3298178534421
6.4910000000000005,1.549373174230198,1543.768150363567
6.492,1.549269128830206,1542.2087656159865
6.493,1.5491654595784803,1540.6516453353663
6.494,1.5490621674946021,1539.0967708608898
6.495,1.5489592535059675,1537.5441231512468
6.496,1.5488567184475308,1535.9936827897295
6.497,1.548754563061572,1534.4454299894144
6.498,1.5486527879974878,1532.8993445984515
6.4990000000000006,1.548551393811603,1531.35540610544
6.5,1.5484503809670034,1529.8135936449028
6.501,1.548349749833397,1528.2738860028498
6.502,1.5482495006869914,1526.7362616224339
6.503,1.5481496337103982,1525.200698609693
6.504,1.5480501489925587,1523.6671747393843
6.505,1.5479510465286925,1522.1356674608983
6.506,1.5478523262202697,1520.6061539042626
6.507000000000001,1.5477539878750037,1519.0786108862253
6.508,1.5476560312068703,1517.5530149164217
6.509,1.547558455836147,1516.0293422036193
6.51,1.5474612612894765,1514.5075686620407
6.511,1.547364446999952,1512.9876699177635
6.5120000000000005,1.5472680123072258,1511.4696213151944
6.513,1.5471719564576425,1509.953397923618
6.514,1.5470762786043921,1508.438974543813
6.515000000000001,1.5469809778076864,1506.9263257147413
6.516,1.5468860530349617,1505.415425720304
6.517,1.546791503161097,1503.9062485961626
6.518,1.5466973269686652,1502.3987681366266
6.519,1.5466035231481947,1500.8929579015985
6.5200000000000005,1.5465100902984656,1499.3887912235878
6.521,1.5464170269268172,1497.8862412147728
6.522,1.5463243314494872,1496.3852807741307
6.523000000000001,1.5462320021919689,1494.885882594615
6.524,1.5461400373893885,1493.3880191703888
6.525,1.546048435186911,1491.891662804109
6.526,1.54595719364016,1490.3967856142594
6.527,1.5458663107156678,1488.903359542534
6.5280000000000005,1.5457757842913415,1487.411356361262
6.529,1.545685612156953,1485.920747680879
6.53,1.5455957920146497,1484.4315049574393
6.531,1.54550632147949,1482.9435995001675
6.532,1.5454171980799944,1481.457002479048
6.533,1.5453284192587238,1479.9716849324514
6.534,1.5452399823728753,1478.4876177747938
6.535,1.5451518846949002,1477.0047718042265
6.5360000000000005,1.5450641234131435,1475.52311771036
6.537,1.544976695632501,1474.0426260820082
6.538,1.544889598375104,1472.5632674149683
6.539,1.5448028285810147,1471.085012119815
6.54,1.5447163831089503,1469.607830529724
6.541,1.5446302587370235,1468.1316929083093
6.542,1.5445444521635012,1466.6565694574822
6.543,1.5444589600075886,1465.1824303253234
6.5440000000000005,1.5443737788102254,1463.7092456139721
6.545,1.5442889050349076,1462.2369853875216
6.546,1.5442043350685268,1460.76561967993
6.547,1.5441200652222251,1459.2951185029328
6.548,1.5440360917322737,1457.8254518539645
6.549,1.5439524107609675,1456.3565897240849
6.55,1.5438690183975365,1454.8885021059004
6.551,1.543785910659081,1453.421159001493
6.5520000000000005,1.5437030834915169,1451.9545304303379
6.553,1.5436205327705452,1450.4885864372231
6.554,1.5435382543026364,1449.0232971001587
6.555,1.5434562438260309,1447.5586325382765
6.556,1.5433744970117589,1446.094562919722
6.557,1.5432930094646748,1444.631058469528
6.558,1.5432117767245108,1443.1680894774802
6.559,1.5431307942669448,1441.7056263059585
6.5600000000000005,1.5430500575046826,1440.243639397763
6.561,1.5429695617885602,1438.7820992839183
6.562,1.5428893024086576,1437.3209765914544
6.563,1.5428092745954318,1435.8602420511615
6.564,1.54272947352086,1434.3998665053184
6.565,1.5426498942996008,1432.9398209153906
6.566,1.5425705319901688,1431.4800763696994
6.567,1.5424913815961234,1430.0206040910539
6.5680000000000005,1.542412438067273,1428.5613754443527
6.569,1.5423336963008873,1427.1023619441423
6.57,1.5422551511429312,1425.6435352621436
6.571,1.5421767973893032,1424.1848672347294
6.572,1.5420986297870942,1422.726329870365
6.573,1.5420206430358514,1421.2678953570007
6.574,1.5419428317888602,1419.8095360694194
6.575,1.5418651906544336,1418.3512245765319
6.5760000000000005,1.5417877141972167,1416.8929336486258
6.577,1.5417103969394987,1415.4346362645583
6.578,1.5416332333625387,1413.9763056188979
6.579,1.5415562179078992,1412.517915129005
6.58,1.5414793449787936,1411.0594384420601
6.581,1.541402608941438,1409.6008494420266
6.582,1.54132600412642,1408.1421222565564
6.583,1.5412495248300688,1406.6832312638296
6.5840000000000005,1.5411731653158385,1405.2241510993276
6.585,1.5410969198157005,1403.7648566625421
6.586,1.5410207825315423,1402.3053231236154
6.587,1.5409447476365745,1400.8455259299037
6.588,1.5408688092767444,1399.385440812479
6.589,1.5407929615721603,1397.9250437925461
6.59,1.5407171986185177,1396.464311187794
6.591,1.5406415144885361,1395.00321961866
6.5920000000000005,1.5405659032333994,1393.5417460145236
6.593,1.5404903588842027,1392.079867619815
6.594,1.5404148754534062,1390.6175620000447
6.595,1.5403394469362917,1389.1548070477438
6.596,1.5402640673124248,1387.6915809883274
6.597,1.5401887305471225,1386.2278623858642
6.598,1.540113430592923,1384.7636301487628
6.599,1.5400381613910603,1383.2988635353636
6.6000000000000005,1.5399629168729418,1381.8335421594456
6.601,1.5398876909616304,1380.3676459956346
6.602,1.5398124775733246,1378.9011553847213
6.603,1.5397372706188481,1377.4340510388838
6.604,1.5396620640051335,1375.9663140468122
6.605,1.5395868516367122,1374.497925878734
6.606,1.5395116274172054,1373.0288683913452
6.607,1.5394363852508153,1371.5591238326351
6.6080000000000005,1.5393611190438128,1370.0886748466123
6.609,1.5392858227060326,1368.6175044779284
6.61,1.5392104901523633,1367.1455961763936
6.611,1.5391351153042363,1365.672933801392
6.612,1.5390596920911148,1364.199501626187
6.613,1.5389842144519854,1362.7252843421184
6.614,1.5389086763368391,1361.2502670626936
6.615,1.538833071708159,1359.7744353275684
6.6160000000000005,1.5387573945424002,1358.2977751064138
6.617,1.5386816388314686,1356.8202728026743
6.618,1.5386057985841974,1355.3419152572121
6.619,1.5385298678278176,1353.8626897518377
6.62,1.5384538406094268,1352.382584012726
6.621,1.5383777109974528,1350.9015862137155
6.622,1.5383014730831124,1349.419684979493
6.623,1.5382251209818654,1347.93686938866
6.6240000000000006,1.5381486488348648,1346.4531289766796
6.625,1.5380720508103978,1344.9684537387084
6.626,1.5379953211053239,1343.4828341323048
6.627,1.5379184539465052,1341.9962610800187
6.628,1.5378414435922294,1340.50872597186
6.629,1.5377642843336288,1339.0202206676458
6.63,1.5376869704960867,1337.5307374992267
6.631,1.5376094964406413,1336.0402692725843
6.632000000000001,1.5375318565653768,1334.5488092698151
6.633,1.5374540453068097,1333.0563512509812
6.634,1.5373760571412645,1331.5628894558427
6.635,1.5372978865862401,1330.068418605462
6.636,1.5372195282017669,1328.5729339036845
6.6370000000000005,1.5371409765917554,1327.0764310384927
6.638,1.5370622264053326,1325.5789061832347
6.639,1.536983272338168,1324.0803559977264
6.640000000000001,1.5369041091337914,1322.580777629228
6.641,1.5368247315848969,1321.0801687132905
6.642,1.5367451345346355,1319.5785273744798
6.643,1.5366653128778975,1318.0758522269684
6.644,1.5365852615625817,1316.5721423750042
6.6450000000000005,1.536504975590852,1315.0673974132476
6.646,1.5364244500203832,1313.561617426985
6.647,1.5363436799655903,1312.0548029922106
6.648000000000001,1.536262660598847,1310.5469551755834
6.649,1.5361813871516912,1309.0380755342544
6.65,1.5360998549160123,1307.5281661155682
6.651,1.5360180592452315,1306.0172294566328
6.652,1.5359359955554597,1304.5052685837688
6.6530000000000005,1.5358536593266459,1302.9922870118219
6.654,1.535771046103708,1301.478288743358
6.655,1.5356881514976508,1299.9632782677218
6.656000000000001,1.5356049711866628,1298.4472605599763
6.657,1.5355215009172054,1296.9302410797104
6.658,1.5354377365050782,1295.4122257697245
6.659,1.5353536738364717,1293.8932210545836
6.66,1.5352693088690026,1292.3732338390541
6.6610000000000005,1.5351846376327318,1290.8522715064064
6.662,1.5350996562311658,1289.3303419165977
6.663,1.5350143608422395,1287.80745340433
6.664,1.5349287477192821,1286.2836147769829
6.665,1.5348428131919647,1284.7588353124224
6.666,1.5347565536672303,1283.2331247566915
6.667,1.5346699656302034,1281.7064933215715
6.668,1.5345830456450846,1280.1789516820288
6.6690000000000005,1.534495790356021,1278.650510973534
6.67,1.534408196487963,1277.1211827892685
6.671,1.5343202608474977,1275.5909791772024
6.672,1.534231980323665,1274.059912637063
6.673,1.5341433518887517,1272.5279961171775
6.674,1.53405437259907,1270.995243011204
6.675,1.53396503959571,1269.4616671547412
6.676,1.5338753501052749,1267.9272828218286
6.6770000000000005,1.5337853014405978,1266.3921047213244
6.678,1.5336948910014327,1264.8561479931782
6.679,1.5336041162751297,1263.319428204583
6.68,1.5335129748372853,1261.7819613460215
6.681,1.5334214643523723,1260.2437638271986
6.682,1.5333295825743511,1258.7048524728623
6.683,1.5332373273472548,1257.1652445185225
6.684,1.5331446966057574,1255.6249576060545
6.6850000000000005,1.533051688375715,1254.0840097792006
6.686,1.5329583007746899,1252.5424194789662
6.687,1.5328645320124494,1251.0002055389095
6.688,1.5327703803914434,1249.457387180331
6.689,1.5326758443072597,1247.913984007358
6.69,1.532580922249056,1246.3700160019328
6.691,1.5324856127999709,1244.8255035186971
6.692,1.5323899146375102,1243.2804672797843
6.6930000000000005,1.5322938265339099,1241.734928369506
6.694,1.5321973473564816,1240.188908228957
6.695,1.5321004760679264,1238.6424286505107
6.696,1.532003211726632,1237.095511772237
6.697,1.5319055534869457,1235.5481800722177
6.698,1.5318075005994212,1234.0004563627786
6.699,1.5317090524110448,1232.452363784632
6.7,1.531610208365438,1230.903925800933
6.7010000000000005,1.5315109680030332,1229.3551661912493
6.702,1.531411330961233,1227.8061090454507
6.703,1.5313112969745375,1226.2567787575113
6.704,1.5312108658746535,1224.7072000192388
6.705,1.5311100375905793,1223.1573978139186
6.706,1.5310088121486631,1221.607397409883
6.707,1.5309071896726423,1220.0572243540073
6.708,1.530805170383653,1218.5069044651286
6.7090000000000005,1.5307027546002216,1216.9564638273935
6.71,1.5305999427382302,1215.405928783538
6.711,1.5304967353108556,1213.8553259280943
6.712,1.53039313292849,1212.3046821005369
6.713,1.5302891362986344,1210.7540243783537
6.714,1.5301847462257672,1209.203380070067
6.715,1.5300799636111924,1207.6527767081793
6.716,1.5299747894528637,1206.1022420420707
6.7170000000000005,1.5298692248451797,1204.551804030831
6.718,1.5297632709787645,1203.0014908360379
6.719,1.529656929140217,1201.4513308144838
6.72,1.5295502007118384,1199.9013525108435
6.721,1.5294430871713405,1198.3515846503003
6.722,1.529335590091526,1196.8020561311155
6.723,1.5292277111399448,1195.252796017155
6.724,1.529119452078533,1193.7038335303723
6.7250000000000005,1.529010814763221,1192.155198043245
6.726,1.528901801143526,1190.6069190711735
6.727,1.5287924132621145,1189.0590262648395
6.728,1.5286826532543458,1187.5115494025285
6.729,1.528572523347796,1185.964518382414
6.73,1.5284620258617483,1184.4179632148155
6.731,1.528351163206675,1182.8719140144162
6.732,1.5282399378836846,1181.326400992462
6.7330000000000005,1.5281283524839544,1179.7814544489227
6.734,1.5280164096881368,1178.2371047646384
6.735,1.527904112265746,1176.6933823934369
6.736,1.5277914630745209,1175.1503178542293
6.737,1.5276784650597677,1173.607941723092
6.738,1.527565121253679,1172.0662846253274
6.739,1.5274514347746337,1170.5253772275107
6.74,1.5273374088264737,1168.9852502295264
6.7410000000000005,1.5272230466977588,1167.4459343565893
6.742,1.5271083517610053,1165.9074603512622
6.743,1.5269933274718968,1164.3698589654628
6.744,1.5268779773684784,1162.8331609524691
6.745,1.5267623050703334,1161.2973970589198
6.746,1.5266463142777313,1159.7625980168164
6.747,1.526530008770764,1158.2287945355251
6.748,1.526413392408457,1156.6960172937852
6.7490000000000006,1.5262964691278653,1155.1642969317181
6.75,1.5261792429431429,1153.6336640428513
6.751,1.5260617179446025,1152.1041491661467
6.752,1.5259438982977471,1150.575782778042
6.753,1.5258257882422892,1149.0485952845079
6.754,1.5257073920911486,1147.522617013121
6.755,1.5255887142294302,1145.9978782051526
6.756,1.5254697591133906,1144.4744090076795
6.757000000000001,1.5253505312693774,1142.9522394657167
6.758,1.5252310352927578,1141.4313995143768
6.759,1.525111275846828,1139.911918971049
6.76,1.5249912576617037,1138.393827527614
6.761,1.5248709855331977,1136.877154742684
6.7620000000000005,1.5247504643216758,1135.3619300338794
6.763,1.5246296989509012,1133.848182670133
6.764,1.524508694406859,1132.33594176404
6.765000000000001,1.5243874557365695,1130.825236264237
6.766,1.5242659880468816,1129.3160949478288
6.767,1.524144296503252,1127.8085464128499
6.768,1.5240223863285116,1126.3026190707799
6.769,1.5239002628016163,1124.798341139094
6.7700000000000005,1.5237779312563824,1123.2957406338724
6.771,1.52365539708021,1121.7948453624492
6.772,1.5235326657127886,1120.2956829161226
6.773000000000001,1.5234097426447974,1118.7982806629116
6.774,1.5232866334165829,1117.302665740375
6.775,1.5231633436168297,1115.8088650484801
6.776,1.5230398788812192,1114.3169052425396
6.777,1.5229162448910716,1112.8268127262015
6.7780000000000005,1.5227924473719816,1111.3386136445088
6.779,1.5226684920924383,1109.852333877018
6.78,1.5225443848624363,1108.3679990309918
6.781000000000001,1.5224201315320751,1106.8856344346505
6.782,1.5222957379901496,1105.4052651305033
6.783,1.5221712101627274,1103.9269158687448
6.784,1.5220465540117185,1102.4506111007277
6.785,1.5219217755334375,1100.9763749725118
6.7860000000000005,1.5217968807571511,1099.5042313184886
6.787,1.5216718757436218,1098.0342036550826
6.788,1.5215467665836417,1096.5663151745393
6.789,1.5214215593965585,1095.1005887387869
6.79,1.5212962603287912,1093.6370468733903
6.791,1.521170875552344,1092.1757117615805
6.792,1.5210454112633074,1090.7166052383816
6.793,1.5209198736803562,1089.2597487848157
6.7940000000000005,1.52079426904324,1087.8051635222064
6.795,1.5206686036112689,1086.3528702065657
6.796,1.5205428836617911,1084.9028892230817
6.797,1.5204171154886699,1083.4552405806921
6.798,1.52029130540075,1082.009943906761
6.799,1.5201654597203247,1080.5670184418473
6.8,1.5200395847815962,1079.1264830345754
6.801,1.5199136869291325,1077.6883561366005
6.8020000000000005,1.5197877725163231,1076.2526557976828
6.803,1.5196618479038273,1074.8193996608545
6.804,1.5195359194580254,1073.3886049577022
6.805,1.5194099935494638,1071.960288503739
6.806,1.5192840765512987,1070.5344666939
6.807,1.519158174837742,1069.1111554981294
6.808,1.5190322947825015,1067.6903704570889
6.809,1.5189064427572212,1066.2721266779656
6.8100000000000005,1.5187806251299254,1064.8564388303973
6.811,1.5186548482634583,1063.4433211425073
6.812,1.5185291185139262,1062.0327873970525
6.813,1.5184034422291386,1060.624850927683
6.814,1.5182778257470557,1059.2195246153215
6.815,1.518152275394229,1057.816820884656
6.816,1.5180267974842527,1056.4167517007459
6.817,1.5179013983162133,1055.0193285657535
6.8180000000000005,1.517776084173139,1053.6245625157876
6.819,1.517650861320458,1052.2324641178686
6.82,1.5175257360044576,1050.843043467015
6.821,1.5174007144507473,1049.456310183451
6.822,1.5172758028627251,1048.0722734099336
6.823,1.51715100742005,1046.6909418092027
6.824,1.51702633427712,1045.3123235615617
6.825,1.5169017895615526,1043.936426362568
6.8260000000000005,1.5167773793726749,1042.5632574208619
6.827,1.5166531097800164,1041.1928234561121
6.828,1.51652898682181,1039.8251306970915
6.829,1.5164050165035001,1038.4601848798754
6.83,1.516281204796258,1037.0979912461723
6.831,1.516157557635502,1035.7385545417737
6.832,1.5160340809194306,1034.3818790151413
6.833,1.5159107805075587,1033.0279684161133
6.8340000000000005,1.515787662219267,1031.6768259947462
6.835,1.5156647318323575,1030.3284545002798
6.836,1.5155419950816178,1028.982856180239
6.837,1.5154194576574003,1027.6400327796528
6.838,1.5152971252042038,1026.2999855404184
6.839,1.5151750033192721,1024.9627152007818
6.84,1.5150530975512004,1023.6282219949564
6.841,1.514931413398552,1022.2965056528678
6.8420000000000005,1.5148099563084902,1020.9675654000329
6.843,1.5146887316754163,1019.6413999575645
6.844,1.5145677448396264,1018.3180075423119
6.845,1.5144470010859747,1016.9973858671249
6.846,1.5143265056425539,1015.6795321412567
6.847,1.5142062636793854,1014.3644430708914
6.848,1.5140862803071273,1013.0521148598023
6.849,1.5139665605757897,1011.7425432101428
6.8500000000000005,1.513847109473472,1010.4357233233667
6.851,1.513727931925108,1009.131649901275
6.852,1.5136090327912282,1007.8303171471989
6.853,1.5134904168667387,1006.5317187673049
6.854,1.5133720888797135,1005.2358479720351
6.855,1.5132540534902017,1003.9426974776725
6.856,1.5131363152890538,1002.6522595080364
6.857,1.5130188787967607,1001.3645257963041
6.8580000000000005,1.5129017484623126,1000.0794875869642
6.859,1.512784928662071,998.7971356378924
6.86,1.5126684236986612,997.517460222556
6.861,1.5125522377998801,996.2404511323454
6.862,1.5124363751176233,994.9660976790304
6.863,1.5123208397268275,993.6943886973415
6.864,1.5122056356244349,992.425312547676
6.865,1.512090766728371,991.1588571189252
6.8660000000000005,1.5119762368765475,989.8950098314326
6.867,1.5118620498258781,988.6337576400625
6.868,1.5117482092513175,987.3750870374018
6.869,1.5116347187449173,986.1189840570753
6.87,1.5115215818149046,984.8654342771836
6.871,1.5114088018847756,983.6144228238616
6.872,1.5112963822924164,982.3659343749517
6.873,1.5111843262892373,981.1199531637992
6.8740000000000006,1.5110726370393321,979.8764629831592
6.875,1.5109613176186565,978.6354471892238
6.876,1.510850371014227,977.3968887057607
6.877,1.5107398001233432,976.1607700283665
6.878,1.51062960775283,974.9270732288337
6.879,1.5105197966183013,973.6957799596258
6.88,1.5104103693434447,972.4668714584674
6.881,1.5103013284593327,971.24032855304
6.882000000000001,1.5101926764037494,970.0161316657877
6.883,1.5100844155205448,968.7942608188276
6.884,1.50997654805901,967.5746956389703
6.885,1.5098690761732743,966.3574153628381
6.886,1.5097620019217244,965.1423988420945
6.8870000000000005,1.5096553272664521,963.9296245487673
6.888,1.5095490540727172,962.7190705806805
6.889,1.509443184108439,961.5107146669767
6.890000000000001,1.5093377190437105,960.3045341737458
6.891,1.5092326604503337,959.1005061097429
6.892,1.5091280098013835,957.898607132207
6.893,1.5090237684707881,956.6988135527683
6.894,1.5089199377329423,955.5011013434525
6.8950000000000005,1.508816518762336,954.3054461427698
6.896,1.5087135126332145,953.1118232618987
6.897,1.5086109203192566,951.9202076909548
6.898000000000001,1.508508742693281,950.7305741053444
6.899,1.508406980526978,949.5428968722028
6.9,1.5083056344906598,948.3571500569185
6.901,1.5082047051530432,947.1733074297337
6.902,1.5081041929810517,945.991342472427
6.9030000000000005,1.5080040983396419,944.8112283850757
6.904,1.5079044214916602,943.6329380928879
6.905,1.507805162597716,942.4564442531147
6.906000000000001,1.5077063217160893,941.2817192620341
6.907,1.507607898802654,940.1087352620034
6.908,1.5075098937108324,938.9374641485817
6.909,1.5074123061915723,937.7678775777205
6.91,1.5073151358933488,936.5999469730184
6.9110000000000005,1.507218382362193,935.4336435330409
6.912,1.5071220450417413,934.2689382387013
6.913,1.507026123273317,933.1058018606998
6.914,1.5069306162960279,931.9442049670232
6.915,1.5068355232468982,930.7841179304994
6.916,1.506740843161016,929.6255109364067
6.917,1.5066465749717146,928.4683539901337
6.918,1.5065527175107711,927.3126169248917
6.9190000000000005,1.5064592695086363,926.1582694094747
6.92,1.506366229594684,925.005280956065
6.921,1.5062735962974887,923.8536209280837
6.922,1.5061813680451264,922.7032585480856
6.923,1.5060895431655006,921.5541629056887
6.924,1.505998119886693,920.4063029655513
6.925,1.5059070963373384,919.259647575375
6.926,1.5058164705470247,918.1141654739514
6.9270000000000005,1.5057262404467147,916.9698252992355
6.928,1.5056364038691958,915.8265955964489
6.929,1.5055469585495542,914.6844448262179
6.93,1.505457902125667,913.5433413727274
6.931,1.5053692321387258,912.4032535519079
6.932,1.5052809460337795,911.2641496196397
6.933,1.5051930411603034,910.1259977799784
6.934,1.5051055147727903,908.9887661933973
6.9350000000000005,1.505018364031364,907.8524229850474
6.936,1.504931586002421,906.7169362530275
6.937,1.5048451776592886,905.5822740766687
6.938,1.5047591358829135,904.4484045248284
6.939,1.5046734574625658,903.3152956641886
6.94,1.5045881390965705,902.1829155675612
6.941,1.504503177393063,901.0512323221968
6.942,1.5044185688707614,899.9202140380937
6.9430000000000005,1.5043343099597641,898.7898288563041
6.944,1.5042503970023728,897.6600449572381
6.945,1.5041668262539305,896.5308305689641
6.946,1.5040835938836872,895.4021539754982
6.947,1.5040006959756829,894.2739835250829
6.948,1.5039181285296548,893.1462876384616
6.949,1.503835887461965,892.0190348171255
6.95,1.5037539686065473,890.8921936515607
6.9510000000000005,1.5036723677158756,889.7657328294615
6.952,1.5035910804619546,888.6396211439333
6.953,1.5035101024373274,887.5138275016693
6.954,1.5034294291561063,886.3883209311043
6.955,1.5033490560550213,885.2630705905365
6.956,1.503268978494487,884.1380457762298
6.957,1.5031891917596927,883.0132159304734
6.958,1.503109691061707,881.8885506496213
6.9590000000000005,1.5030304715386054,880.7640196920842
6.96,1.5029515282566117,879.639592986294
6.961,1.5028728562112623,878.515240638623
6.962,1.502794450328585,877.3909329412643
6.963,1.5027163054662953,876.2666403800687
6.964,1.5026384164150155,875.1423336423359
6.965,1.5025607778995018,874.0179836245579
6.966,1.5024833845798964,872.8935614401142
6.9670000000000005,1.5024062310529926,871.7690384269149
6.968,1.5023293118535146,870.6443861549898
6.969,1.5022526214554166,869.519576434022
6.97,1.5021761542731953,868.3945813208284
6.971,1.5020999046632184,867.2693731267723
6.972,1.502023866925067,866.1439244251259
6.973,1.501948035302896,865.0182080583583
6.974,1.5018724039868023,863.8921971453672
6.9750000000000005,1.5017969671142157,862.7658650886406
6.976,1.5017217187712957,861.6391855813486
6.977,1.501646652994345,860.5121326143651
6.978,1.5015717637712385,859.3846804832206
6.979,1.5014970450428586,858.2568037949735
6.98,1.501422490704549,857.1284774750131
6.981,1.501348094607578,855.9996767737798
6.982,1.501273850560611,854.8703772734069
6.9830000000000005,1.5011997523312002,853.7405548942819
6.984,1.50112579364728,852.610185901525
6.985,1.5010519681986734,851.4792469113781
6.986,1.500978269638613,850.347714897517
6.987,1.500904691585265,849.2155671972646
6.988,1.5008312276232718,848.0827815177219
6.989,1.5007578713052923,846.949335941805
6.99,1.5006846161535614,845.8152089341875
6.9910000000000005,1.500611455661452,844.6803793471518
6.992,1.500538383295046,843.5448264263421
6.993,1.5004653924947162,842.4085298164206
6.994,1.500392476676707,841.2714695666224
6.995,1.5003196292347345,840.1336261362131
6.996,1.5002468435415812,838.994980399844
6.997,1.500174112950705,837.8555136527989
6.998,1.5001014307978475,836.7152076161436
6.9990000000000006,1.500028790402655,835.5740444417632
7.0,1.499956185070296,834.4320067172932
7.001,1.4998836080930913,833.2890774709451
7.002,1.4998110527521413,832.1452401762153
7.003,1.4997385123189637,831.0004787564901
7.004,1.499665980057127,829.8547775895295
7.005,1.4995934492238947,828.708121511845
7.006,1.4995209130718665,827.5604958229579
7.007000000000001,1.499448364850624,826.4118862895418
7.008,1.499375797808378,825.262279149448
7.009,1.4993032051936168,824.1116611156128
7.01,1.4992305802567563,822.9600193798461
7.011,1.4991579162517885,821.8073416164926
7.0120000000000005,1.4990852064379334,820.6536159859854
7.013,1.4990124440812873,819.4988311382613
7.014,1.4989396224564735,818.3429762160633
7.015000000000001,1.4988667348482907,817.1860408581135
7.016,1.4987937745533577,816.0280152021631
7.017,1.4987207348817613,814.8688898879138
7.018,1.4986476091586975,813.7086560598157
7.019,1.4985743907261115,812.5473053697325
7.0200000000000005,1.498501072944336,811.3848299794836
7.021,1.4984276491937236,810.2212225632511
7.022,1.498354112876278,809.056476309863
7.023000000000001,1.498280457417278,807.8905849249403
7.024,1.4982066762669006,806.7235426329153
7.025,1.4981327629018357,805.555344178918
7.026,1.4980587108268957,804.3859848305307
7.027,1.4979845135766223,803.2154603794065
7.0280000000000005,1.497910164716885,802.0437671427591
7.029,1.4978356578464709,800.8709019647126
7.03,1.4977609865986712,799.6968622175241
7.031000000000001,1.4976861446428589,798.5216458026662
7.032,1.4976111256860594,797.3452511517744
7.033,1.497535923474509,796.1676772274635
7.034,1.4974605317952117,794.988923524003
7.035,1.4973849444774816,793.8089900678611
7.0360000000000005,1.497309155394477,792.6278774181079
7.037,1.497233158464729,791.4455866666864
7.038,1.4971569476536515,790.262119438544
7.039000000000001,1.497080516975051,789.0774778916291
7.04,1.4970038604926172,787.8916647167503
7.041,1.4969269723214067,786.7046831372976
7.042,1.496849846629316,785.5165369088305
7.043,1.4967724776385376,784.3272303185234
7.0440000000000005,1.4966948596270087,783.13676818448
7.045,1.4966169869298465,781.9451558549067
7.046,1.4965388539407682,780.7523992071549
7.047,1.4964604551134995,779.5585046466181
7.048,1.4963817849631693,778.3634791055034
7.049,1.4963028380676904,777.1673300414573
7.05,1.4962236090691239,775.9700654360645
7.051,1.4961440926750322,774.7716937932026
7.0520000000000005,1.4960642836598144,773.5722241372711
7.053,1.495984176866028,772.3716660112752
7.054,1.4959037672056916,771.1700294747861
7.055,1.4958230496615779,769.9673251017596
7.056,1.495742019288482,768.763563978225
7.057,1.4956606712144813,767.558757699838
7.058,1.4955790006421705,766.3529183693063
7.059,1.4954970028498877,765.1460585936794
7.0600000000000005,1.4954146731929143,763.9381914815071
7.061,1.4953320071046643,762.72933063987
7.062,1.4952490000978493,761.5194901712794
7.063,1.4951656477656312,760.308684670445
7.064,1.4950819457827482,759.0969292209198
7.065,1.4949978899066303,757.884239391612
7.066,1.49491347597849,756.6706312331747
7.067,1.4948286999243936,755.456121274263
7.0680000000000005,1.4947435577563144,754.2407265176759
7.069,1.4946580455731655,753.0244644363628
7.07,1.4945721595618096,751.8073529693164
7.071,1.4944858959980523,750.5894105173385
7.072,1.49439925124761,749.3706559386817
7.073,1.4943122217670604,748.1511085445791
7.074,1.4942248041047688,746.9307880946461
7.075,1.4941369949017935,745.7097147921712
7.0760000000000005,1.49404879089277,744.4879092792825
7.077,1.4939601889067713,743.2653926320064
7.078,1.4938711858681486,742.0421863552056
7.079,1.4937817787973466,740.8183123774054
7.08,1.493691964811696,739.5937930455091
7.081,1.4936017411261868,738.3686511193999
7.082,1.4935111050542125,737.1429097664363
7.083,1.4934200540082954,735.9165925558374
7.0840000000000005,1.493328585500787,734.6897234529598
7.085,1.4932366971445432,733.4623268134718
7.086,1.4931443866535774,732.2344273774227
7.087,1.4930516518436885,731.006050263208
7.088,1.4929584906330648,729.7772209614336
7.089,1.4928649010428625,728.547965328684
7.09,1.4927708811977605,727.3183095811847
7.091,1.4926764293264911,726.0882802883771
7.0920000000000005,1.4925815437623453,724.8579043663884
7.093,1.4924862229436475,723.6272090714191
7.094,1.4923904654142173,722.3962219930279
7.095,1.492294269823794,721.1649710473341
7.096,1.492197634928441,719.933484470127
7.097,1.4921005595909238,718.701790809891
7.098,1.4920030427810629,717.4699189207441
7.099,1.4919050835760592,716.2378979552925
7.1000000000000005,1.4918066811607955,715.005757357407
7.101,1.4917078348281112,713.7735268549134
7.102,1.4916085439790492,712.5412364522125
7.103,1.4915088081230798,711.3089164228162
7.104,1.4914086268782951,710.0765973018148
7.105,1.4913079999715817,708.8443098782695
7.106,1.4912069272387605,707.6120851875348
7.107,1.4911054086247058,706.379954503511
7.1080000000000005,1.4910034441834343,705.1479493308319
7.109,1.4909010340781719,703.9161013969859
7.11,1.4907981785813877,702.6844426443749
7.111,1.490694878074808,701.4530052223131
7.112,1.4905911330493964,700.2218214789652
7.113,1.4904869441053163,698.9909239532286
7.114,1.4903823119518598,697.7603453665622
7.115,1.4902772374073507,696.5301186147572
7.1160000000000005,1.4901717213990262,695.300276759665
7.117,1.4900657649628828,694.070853020869
7.118,1.489959369243506,692.8418807673146
7.119,1.4898525354938668,691.6133935088919
7.12,1.4897452650750915,690.3854248879783
7.121,1.489637559456209,689.158008670937
7.122,1.4895294202138691,687.9311787395835
7.123,1.489420849032034,686.7049690826084
7.1240000000000006,1.4893118477016447,685.4794137869743
7.125,1.4892024181202612,684.2545470292737
7.126,1.4890925622916746,683.0304030670633
7.127,1.488982282325497,681.8070162301659
7.128,1.4888715804367187,680.584420911952
7.129,1.4887604589452488,679.3626515605956
7.13,1.4886489202754198,678.1417426703083
7.131,1.4885369669554738,676.921728772557
7.132000000000001,1.4884246016170204,675.7026444272681
7.133,1.4883118269944688,674.4845242140058
7.134,1.4881986459244354,673.2674027231574
7.135,1.488085061345124,672.05131454709
7.136,1.4879710762956853,670.8362942713137
7.1370000000000005,1.487856693915545,669.6223764656312
7.138,1.4877419174437143,668.4095956752893
7.139,1.4876267502180678,667.1979864121279
7.140000000000001,1.4875111956746043,665.9875831457314
7.141,1.4873952573466775,664.7784202945805
7.142,1.4872789388642071,663.5705322172178
7.143,1.4871622439528602,662.3639532034138
7.144,1.487045176433216,661.1587174653475
7.1450000000000005,1.486927740219898,659.9548591287988
7.146,1.4868099393206924,658.7524122243586
7.147,1.4866917778356366,657.5514106786509
7.148000000000001,1.4865732599560835,656.3518883055814
7.149,1.486454389963751,655.1538787975999
7.15,1.4863351722297384,653.9574157169956
7.151,1.4862156112135303,652.7625324872112
7.152,1.4860957114619688,651.569262384191
7.1530000000000005,1.4859754776082112,650.3776385277556
7.154,1.4858549143706625,649.187693873013
7.155,1.4857340265518877,647.9994612018025
7.156000000000001,1.4856128190374998,646.812973114178
7.157,1.4854912967950307,645.628262019928
7.158,1.4853694648727809,644.4453601301419
7.159,1.4852473283986438,643.2642994488145
7.16,1.4851248925789182,642.0851117645026
7.1610000000000005,1.4850021626970908,640.9078286420255
7.162,1.48487914411261,639.7324814142179
7.163,1.48475584225963,638.5591011737346
7.164000000000001,1.484632262645743,637.3877187649114
7.165,1.4845084108506892,636.2183647756792
7.166,1.4843842925250486,635.0510695295425
7.167,1.4842599133889165,633.8858630776143
7.168,1.484135279230559,632.7227751907151
7.1690000000000005,1.4840103959050508,631.5618353515376
7.17,1.483885269332899,630.4030727468812
7.171,1.4837599054986437,629.2465162599476
7.172,1.48363431044945,628.0921944627191
7.173,1.483508490293677,626.9401356083987
7.174,1.4833824511994336,625.7903676239342
7.175,1.4832561993931186,624.6429181026132
7.176,1.4831297411579467,623.4978142967418
7.1770000000000005,1.4830030828324565,622.3550831104008
7.178,1.4828762308090067,621.2147510922874
7.179,1.4827491915322564,620.0768444286388
7.18,1.4826219714976325,618.9413889362469
7.181,1.4824945772497842,617.808410055555
7.182,1.4823670153810213,616.6779328438512
7.183,1.482239292529744,615.5499819685505
7.184,1.4821114153788584,614.424581700571
7.1850000000000005,1.481983390654177,613.3017559078066
7.186,1.4818552251228136,612.1815280486971
7.187,1.4817269255915606,611.0639211658945
7.188,1.4815984989052626,609.9489578800361
7.189,1.4814699519451708,608.8366603836128
7.19,1.4813412916272952,607.727050434948
7.191,1.4812125249007422,606.6201493522772
7.192,1.4810836587460448,605.5159780079373
7.1930000000000005,1.4809547001734844,604.4145568226647
7.194,1.4808256562214028,603.3159057600033
7.195,1.4806965339545048,602.2200443208228
7.196,1.4805673404621587,601.1269915379551
7.197,1.4804380828566812,600.0367659709382
7.198,1.4803087682716234,598.9493857008838
7.199,1.480179403860045,597.8648683254575
7.2,1.4800499967927847,596.7832309539796
7.2010000000000005,1.4799205542567249,595.7044902026464
7.202,1.4797910834530486,594.6286621898741
7.203,1.4796615915954976,593.5557625317617
7.204,1.4795320859086185,592.4858063376836
7.205,1.4794025736260104,591.418808206002
7.206,1.4792730619885666,590.3547822199126
7.207,1.4791435582427148,589.2937419434097
7.208,1.4790140696386522,588.2357004173871
7.209,1.4788846034285807,587.1806701558656
7.21,1.4787551668649381,586.1286631423528
7.211,1.4786257671986303,585.0796908263334
7.212,1.478496411677261,584.0337641198951
7.213,1.4783671075433602,582.9908933944845
7.214,1.478237862032614,581.9510884778038
7.215,1.478108682372094,580.9143586508364
7.216,1.477979575778488,579.8807126450147
7.217,1.47785054945633,578.8501586395244
7.218,1.4777216105962345,577.822704258743
7.219,1.4775927663731316,576.7983565698228
7.22,1.477464023944503,575.7771220804132
7.221,1.477335390448623,574.7590067365167
7.222,1.4772068730028023,573.7440159204963
7.223,1.4770784787016353,572.732154449217
7.224,1.476950214615251,571.7234265723325
7.225,1.4768220877875686,570.7178359707153
7.226,1.4766941052345597,569.7153857550289
7.227,1.4765662739425147,568.7160784644452
7.228,1.4764386008663144,567.7199160655052
7.229,1.476311092927707,566.726899951124
7.23,1.4761837570135974,565.7370309397453
7.231,1.4760565999743358,564.7503092746344
7.232,1.4759296286220194,563.7667346233219
7.233,1.4758028497288,562.7863060771925
7.234,1.4756762700252006,561.8090221512218
7.235,1.475549896198439,560.8348807838519
7.236,1.4754237348907633,559.8638793370261
7.237,1.4752977926977962,558.8960145963584
7.238,1.4751720761668872,557.9312827714587
7.239,1.475046591795479,556.969679496399
7.24,1.4749213460294799,556.0111998303295
7.241,1.4747963452616524,555.0558382582395
7.242,1.4746715958300114,554.1035886918698
7.243,1.4745471040162326,553.1544444707647
7.244,1.4744228760440745,552.208398363476
7.245,1.4742989180778172,551.2654425689101
7.246,1.4741752362207066,550.325568717825
7.247,1.4740518365134192,549.3887678744692
7.248,1.4739287249325375,548.4550305383684
7.249,1.473805907389039,547.5243466462562
7.25,1.4736833897268045,546.5967055741519
7.251,1.4735611777211353,545.6720961395804
7.252,1.4734392770772895,544.7505066039381
7.253,1.473317693429035,543.8319246749991
7.254,1.4731964323372166,542.9163375095703
7.255,1.473075499288339,542.0037317162829
7.256,1.4729548996931703,541.0940933585294
7.257000000000001,1.4728346388853588,540.1874079575426
7.258,1.4727147221200707,539.2836604956101
7.259,1.4725951545726423,538.3828354194364
7.26,1.4724759413372537,537.4849166436386
7.261,1.4723570874256204,536.5898875543805
7.262,1.4722385977657029,535.6977310131505
7.263,1.472120477200435,534.8084293606676
7.264,1.472002730486474,533.9219644209314
7.265000000000001,1.4718853622929706,533.0383175054012
7.266,1.4717683772003554,532.1574694173124
7.267,1.471651779699151,531.2794004561267
7.268,1.4715355741888025,530.4040904221114
7.269,1.471419764976528,529.5315186210512
7.27,1.4713043562761936,528.6616638690934
7.271,1.4711893522072064,527.794504497715
7.272,1.4710747567934348,526.930018358825
7.273000000000001,1.4709605739621443,526.0681828299874
7.274,1.4708468075429628,525.2089748197752
7.275,1.4707334612668634,524.3523707732408
7.276,1.470620538765174,523.4983466775192
7.277,1.4705080435686082,522.6468780675444
7.278,1.4703959791063184,521.7979400318895
7.279,1.4702843487049782,520.9515072187264
7.28,1.4701731555878854,520.1075538419008
7.281000000000001,1.470062402874086,519.2660536871256
7.282,1.469952093577531,518.4269801182872
7.283,1.4698422306062482,517.5903060838644
7.284,1.4697328167615498,516.756004123461
7.285,1.4696238547372564,515.9240463744457
7.286,1.469515347118949,515.0944045787056
7.287,1.4694072963832516,514.2670500894976
7.288,1.4692997048971308,513.4419538784142
7.289000000000001,1.4691925749172292,512.6190865424477
7.29,1.4690859085892212,511.79841831115647
7.291,1.4689797079471958,510.9799190539333
7.292,1.4688739749130673,510.1635582873717
7.293,1.4687687112960104,509.34930518272483
7.294,1.4686639187919242,508.5371285734677
7.295,1.4685595989829234,507.7269969629419
7.296,1.4684557533368539,506.9188785321001
7.297,1.4683523832068404,506.1127411473351
7.298,1.468249489830857,505.3085523683978
7.299,1.4681470743313276,504.50627945639883
7.3,1.468045137714755,503.7058893818988
7.301,1.467943680871374,502.9073488330707
7.302,1.4678427045748386,502.1106242239538
7.303,1.4677422094819308,501.31568170277285
7.304,1.467642196132301,500.52248716034285
7.305,1.4675426649482377,499.73100623854
7.306,1.4674436162344613,498.9412043388499
7.307,1.4673450501779515,498.1530466309791
7.308,1.467246966847799,497.36649806153974
7.309,1.4671493661950863,496.5815233627925
7.31,1.467052248052802,495.79808706145946
7.311,1.4669556121357739,495.0161534875931
7.312,1.4668594580406418,494.2356867835049
7.313,1.4667637852458508,493.45665091275004
7.314,1.466668593111676,492.67900966916693
7.315,1.4665738808802802,491.90272668596765
7.316,1.46647964767579,491.12776544488037
7.317,1.4663858925044122,490.3540892853331
7.318,1.466292614254571,489.58166141369196
7.319,1.4661998116970771,488.8104449125318
7.32,1.4661074834853265,488.04040274995566
7.321,1.4660156281555246,487.27149778894847
7.322,1.4659242441269413,486.50369279676687
7.323,1.4658333297021946,485.736950454361
7.324,1.465742883067562,484.9712333658333
7.325,1.4656529022933227,484.2065040679174
7.326,1.4655633853341237,483.442725039493
7.327,1.465474330029379,482.6798587111149
7.328,1.4653857341036933,481.91786747457246
7.329,1.4652975951673188,481.156713692463
7.33,1.4652099107166348,480.3963597077834
7.331,1.465122678134657,479.63676785353573
7.332,1.4650358946915785,478.87790046234755
7.333,1.4649495575453346,478.11971987609707
7.334,1.4648636637421937,477.3621884555518
7.335,1.4647782102173834,476.6052685900037
7.336,1.4646931937957341,475.8489227069161
7.337,1.4646086111923595,475.0931132815623
7.338,1.4645244590133575,474.3378028466677
7.339,1.4644407337565424,473.5829540020414
7.34,1.4643574318121992,472.8285294242081
7.341,1.464274549463872,472.07449187601964
7.342,1.464192082889172,471.3208042162665
7.343,1.4641100281606145,470.56742940926205
7.344,1.4640283812464836,469.81433053442055
7.345,1.4639471380117217,469.06147079580967
7.346,1.4638662942188438,468.30881353167985
7.347,1.4637858455288808,467.5563222239755
7.348,1.4637057875023423,466.803960507813
7.349,1.4636261156002128,466.0516921809309
7.35,1.4635468251849644,465.2994812131144
7.351,1.4634679115216016,464.54729175557435
7.352,1.4633893697787261,463.79508815030096
7.353,1.4633111950296271,463.04283493937135
7.354,1.4632333822533972,462.29049687422014
7.355,1.4631559263360694,461.5380389248634
7.356,1.463078822071781,460.7854262890784
7.357,1.4630020641639574,460.0326244015327
7.358,1.4629256472265213,459.27959894286784
7.359,1.462849565785125,458.52631584872245
7.36,1.4627738142784021,457.7727413187068
7.361,1.4626983870592463,457.01884182531376
7.362,1.4626232783961073,456.26458412277645
7.363,1.4625484824743111,455.50993525585443
7.364,1.4624739933974025,454.7548625685672
7.365,1.4623998051885052,453.9993337128476
7.366,1.462325911791705,453.2433166571392
7.367,1.462252307073455,452.4867796949098
7.368,1.462178984823997,451.72969145310276
7.369,1.4621059387588051,450.9720209005024
7.37,1.462033162520049,450.21373735603197
7.371,1.4619606496780753,449.4548104969611
7.372,1.461888393732907,448.6952103670376
7.373,1.4618163881157658,447.9349073845332
7.374,1.4617446261906035,447.1738723502018
7.375,1.4616731012556627,446.4120764551514
7.376,1.461601806545045,445.64949128862264
7.377,1.4615307352303006,444.8860888456753
7.378,1.4614598804220356,444.12184153478285
7.379,1.4613892351715319,443.35672218532443
7.38,1.4613187924723867,442.59070405498653
7.381,1.4612485452621642,441.8237608370529
7.382000000000001,1.4611784864240653,441.05586666760394
7.383,1.46110860878861,440.2869961326013
7.384,1.461038905135335,439.5171242748708
7.385,1.4609693681945048,438.7462266009789
7.386,1.4608999906488367,437.9742790879942
7.387,1.4608307651352386,437.201258190139
7.388,1.4607616842465603,436.42714084532935
7.389,1.4606927405333556,435.65190448159376
7.390000000000001,1.460623926505657,434.87552702338473
7.391,1.4605552346347646,434.0979868977575
7.392,1.4604866573550377,433.3192630404404
7.393,1.4604181870657094,432.5393349017769
7.394,1.4603498161327007,431.75818245254493
7.395,1.4602815368904485,430.9757861896484
7.396,1.460213341643745,430.19212714168754
7.397,1.4601452226695812,429.40718687439346
7.398000000000001,1.460077172219004,428.6209474959393
7.399,1.4600091825189763,427.83339166211147
7.4,1.4599412457742484,427.0445025813582
7.401,1.4598733541692361,426.25426401969486
7.402,1.4598054998699017,425.4626603054773
7.403,1.459737675025648,424.66967633403834
7.404,1.4596698717712107,423.8752975721852
7.405,1.459602082228562,423.07951006255445
7.406000000000001,1.4595342985088162,422.2823004278315
7.407,1.4594665127141384,421.4836558748227
7.408,1.4593987169396612,420.68356419838744
7.409,1.4593309032754018,419.88201378522285
7.41,1.4592630638081838,419.0789936175073
7.411,1.4591951906235583,418.27449327638953
7.412,1.459127275807732,417.46850294534147
7.413,1.4590593114494939,416.6610134133482
7.414000000000001,1.4589912896421433,415.8520160779623
7.415,1.458923202485419,415.0415029481968
7.416,1.4588550420874293,414.2294666472733
7.417,1.4587868005665807,413.4159004152136
7.418,1.458718470053507,412.6007981112809
7.419,1.4586500426929958,411.7841542162653
7.42,1.4585815106459146,410.96596383461673
7.421,1.458512866091136,410.1462226964179
7.422000000000001,1.4584441012274556,409.3249271592091
7.423,1.4583752082755135,408.5020742096465
7.424,1.458306179479707,407.67766146501265
7.425,1.4582370071101016,406.85168717456185
7.426,1.4581676834643382,406.0241502207134
7.427,1.4580982008695322,405.1950501200787
7.428,1.4580285516841731,404.3643870243364
7.429,1.4579587283000113,403.53216172094375
7.43,1.457888723143944,402.69837563369094
7.431,1.4578185286798915,401.8630308230899
7.432,1.4577481374106693,401.0261299866099
7.433,1.457677541879847,400.1876764587448
7.434,1.4576067346736068,399.3476742109276
7.435,1.4575357084225846,398.5061278512752
7.436,1.4574644558037109,397.6630426241787
7.437,1.4573929695420362,396.81842440972827
7.438,1.457321242412548,395.9722797229808
7.439,1.4572492672419788,395.1246157130609
7.44,1.4571770369106019,394.2754401621057
7.441,1.4571045443540156,393.4247614840451
7.442,1.4570317825649184,392.57258872322313
7.443,1.4569587445948673,391.7189315528565
7.444,1.4568854235560291,390.8638002733359
7.445,1.4568118126229146,390.0072058103608
7.446,1.4567379050340998,389.1491597129219
7.447,1.4566636940939357,388.2896741511172
7.448,1.456589173174242,387.42876191381265
7.449,1.456514335715986,386.56643640614243
7.45,1.4564391752309458,385.7027116468506
7.451,1.45636368530336,384.83760226547463
7.452,1.4562878595915605,383.9711234993725
7.453,1.4562116918295878,383.1032911905908
7.454,1.4561351758287904,382.23412178258116
7.455,1.4560583054794074,381.36363231675296
7.456,1.4559810747521345,380.4918404288792
7.457,1.4559034776996675,379.6187643453445
7.458,1.4558255084582339,378.74442287923955
7.459,1.4557471612490995,377.8688354263022
7.46,1.4556684303800616,376.9920219607101
7.461,1.4555893102469195,376.1140030307181
7.462,1.455509795334922,375.23479975415023
7.463,1.455429880220203,374.354433813737
7.464,1.4553495595711896,373.4729274523107
7.465,1.4552688281499901,372.5903034678511
7.466,1.4551876808137645,371.7065852083828
7.467,1.4551061125160678,370.821796566732
7.468,1.4550241183081754,369.9359619751378
7.469,1.4549416933403863,369.0491063997198
7.47,1.4548588328632999,368.1612553348084
7.471,1.4547755322290739,367.2724347971292
7.472,1.4546917868926539,366.3826713198553
7.473,1.4546075924129858,365.4919919465175
7.474,1.4545229444542003,364.6004242247807
7.475,1.4544378387867702,363.707996200086
7.476,1.454352271288651,362.8147364091582
7.477,1.4542662379463884,361.9206738733828
7.478,1.454179734856206,361.02583809205396
7.479,1.454092758225066,360.13025903549203
7.48,1.454005304371703,359.2339671380342
7.481,1.4539173697276317,358.3369932909013
7.482,1.4538289508381326,357.4393688349411
7.483,1.4537400443632031,356.54112555324673
7.484,1.4536506470784898,355.64229566365907
7.485,1.4535607558761898,354.7429118111455
7.486,1.4534703677659233,353.84300706006786
7.487,1.4533794798755821,352.94261488632964
7.488,1.4532880894521485,352.04176916941424
7.489,1.4531961938624867,351.14050418431043
7.49,1.4531037905941038,350.23885459332854
7.491,1.4530108772558878,349.33685543780706
7.492,1.4529174515788084,348.4345421297204
7.493,1.4528235114165975,347.53195044317295
7.494,1.4527290547463965,346.6291165058036
7.495,1.4526340796693744,345.7260767900789
7.496,1.4525385844113157,344.82286810449875
7.497,1.4524425673231818,343.91952758469967
7.498,1.4523460268816408,343.01609268447123
7.499,1.4522489616895655,342.1126011666745
7.5,1.452151370476506,341.20909109407825
7.501,1.4520532520991265,340.30560082010334
7.502,1.4519546055416175,339.4021689794864
7.503,1.4518554299160717,338.49883447885975
7.504,1.4517557244628336,337.595636487251
7.505,1.4516554885508193,336.6926144265054
7.506,1.4515547216777993,335.7898079616337
7.507000000000001,1.4514534234706564,334.88725699108545
7.508,1.451351593685611,333.9850016369545
7.509,1.4512492322084136,333.0830822351102
7.51,1.4511463390545083,332.18153932527196
7.511,1.4510429143691637,331.28041364101205
7.512,1.450938958427574,330.3797460996994
7.513,1.4508344716349246,329.4795777923903
7.514,1.4507294545264338,328.57994997365444
7.515000000000001,1.450623907767355,327.6809040513531
7.516,1.4505178321529548,326.782481576365
7.517,1.4504112286084503,325.8847242322613
7.518,1.4503040981889268,324.98767382493975
7.519,1.4501964420792124,324.09137227220754
7.52,1.4500882615937307,323.1958615933305
7.521,1.449979558176313,322.30118389854005
7.522,1.4498703333999876,321.40738137850457
7.523000000000001,1.4497605889667318,320.514496293767
7.524,1.449650326707193,319.622570964156
7.525,1.4495395485803828,318.7316477581617
7.526,1.4494282566733325,317.84176908229415
7.527,1.4493164532007248,316.9529773704111
7.528,1.4492041405044878,316.0653150730331
7.529,1.449091321053363,315.1788246466345
7.53,1.4489779974424373,314.29354854292467
7.531000000000001,1.4488641723926494,313.40952919811457
7.532,1.4487498487502586,312.52680902217446
7.533,1.44863502948629,311.64543038808205
7.534,1.4485197176959421,310.7654356210743
7.535,1.4484039165979696,309.8868669878873
7.536,1.4482876295340308,309.009766686005
7.537,1.448170859968008,308.1341768329104
7.538,1.4480536114852958,307.2601394553409
7.539000000000001,1.4479358877920592,306.3876964785537
7.54,1.4478176927144646,305.5168897156073
7.541,1.4476990301978747,304.64776085664965
7.542,1.4475799043060222,303.78035145823435
7.543,1.4474603192201447,302.91470293264547
7.544,1.4473402792380994,302.05085653725365
7.545,1.4472197887734413,301.18885336389457
7.546,1.4470988523544754,300.32873432827535
7.547000000000001,1.4469774746232813,299.47054015941205
7.548,1.446855660334709,298.61431138910166
7.549,1.4467334143553412,297.7600883414282
7.55,1.4466107416624363,296.90791112231045
7.551,1.446487647342836,296.0578196090879
7.552,1.4463641365918496,295.2098534401548
7.553,1.4462402147121076,294.36405200463713
7.554,1.446115887112391,293.5204544321226
7.555,1.4459911593064325,292.6790995824381
7.556,1.4458660369116911,291.84002603548737
7.557,1.4457405256480993,291.0032720811421
7.558,1.445614631336787,290.1688757091954
7.559,1.4454883598987742,289.33687459937323
7.56,1.4453617173536457,288.5073061114184
7.561,1.4452347098181937,287.68020727523356
7.562,1.4451073435050392,286.85561478110316
7.563,1.4449796247212277,286.0335649699798
7.564,1.444851559866799,285.21409382385167
7.565,1.4447231554333375,284.39723695618426
7.566,1.444594418002493,283.5830296024455
7.567,1.4444653542444825,282.77150661070925
7.568,1.4443359709165662,281.9627024323492
7.569,1.4442062748615037,281.1566511128133
7.57,1.4440762730059848,280.3533862824967
7.571,1.443945972359039,279.5529411476989
7.572,1.4438153800104259,278.75534848168166
7.573,1.4436845031290015,277.960640615819
7.574,1.4435533489610641,277.168849430852
7.575,1.4434219248286815,276.38000634823965
7.576,1.4432902381279937,275.59414232161754
7.577,1.443158296327503,274.81128782836265
7.578,1.4430261069663366,274.03147286126284
7.579,1.442893677652497,273.25472692030144
7.58,1.4427610160610898,272.48107900455375
7.581,1.4426281299325334,271.7105576041952
7.582,1.4424950270707555,270.94319069263236
7.583,1.4423617153413641,270.1790057187468
7.584,1.442228202669812,269.41802959926616
7.585,1.4420944970395326,268.660288711255
7.586,1.4419606064900727,267.9058088847328
7.587,1.4418265391151976,267.1546153954175
7.588,1.4416923030609916,266.4067329576009
7.589,1.4415579065239341,265.6621857171533
7.59,1.44142335774897,264.9209972446638
7.591,1.441288665027558,264.183190528712
7.592,1.4411538366957153,263.44878796928054
7.593,1.4410188811320386,262.71781137130444
7.594,1.4408838067557208,261.9902819383615
7.595,1.4407486220245518,261.26622026650375
7.596,1.4406133354329098,260.5456463382365
7.597,1.4404779555097378,259.8285795166373
7.598,1.4403424908165159,259.11503853962955
7.599,1.440206949945217,258.40504151439796
7.6,1.4400713415162556,257.6986059119597
7.601,1.4399356741764284,256.99574856188565
7.602,1.4397999565968462,256.296485647175
7.603,1.439664197470854,255.60083269928487
7.604,1.4395284055119475,254.90880459331882
7.605,1.4393925894516815,254.22041554336909
7.606,1.4392567580375704,253.53567909802325
7.607,1.4391209200309827,252.85460813602577
7.608,1.438985084205032,252.17721486210652
7.609,1.438849259342457,251.50351080296966
7.61,1.4387134542335072,250.83350680344802
7.611,1.4385776776738124,250.1672130228209
7.612,1.4384419384622544,249.5046389313031
7.613,1.4383062453988407,248.84579330669524
7.614,1.4381706072825633,248.19068423120908
7.615,1.4380350329092668,247.5393190884589
7.616,1.4378995310695069,246.89170456062462
7.617,1.437764110546414,246.2478466257863
7.618,1.4376287801135506,245.60775055543309
7.619,1.4374935485327736,244.971420912141
7.62,1.437358424552091,244.33886154743206
7.621,1.4372234169035265,243.71007559980046
7.622,1.4370885343009816,243.08506549292125
7.623,1.4369537854380987,242.46383293402917
7.624,1.4368191789861275,241.84637891248107
7.625,1.436684723591798,241.23270369848987
7.626,1.436550427875192,240.62280684204183
7.627,1.4364163004276196,240.01668717198623
7.628,1.4362823498095036,239.41434279531228
7.629,1.4361485845482647,238.8157710965965
7.63,1.4360150131362146,238.2209687376381
7.631,1.4358816440284554,237.62993165726857
7.632000000000001,1.4357484856407834,237.04265507134633
7.633,1.4356155463476021,236.45913347292674
7.634,1.4354828344798427,235.8793606326189
7.635,1.4353503583228913,235.30332959911908
7.636,1.4352181261145256,234.73103269992816
7.637,1.4350861460428606,234.16246154224655
7.638,1.434954426244304,233.5976070140568
7.639,1.4348229748015222,233.03645928537892
7.640000000000001,1.4346917997414161,232.47900780971375
7.641,1.4345609090331073,231.9252413256655
7.642,1.434430310585938,231.37514785874174
7.643,1.4343000122474818,230.82871472333863
7.644,1.4341700218015674,230.28592852490482
7.645,1.434040346966314,229.746775162282
7.646,1.4339109953921838,229.2112398302332
7.647,1.433781974660043,228.67930702214048
7.648000000000001,1.4336532922792449,228.1509605328896
7.649,1.433524955685719,227.62618346192846
7.65,1.433396972240084,227.10495821650645
7.651,1.4332693492257715,226.58726651508627
7.652,1.4331420938471675,226.07308939093951
7.653,1.4330152132277711,225.56240719591085
7.654,1.4328887144083726,225.05519960436425
7.655,1.4327626043452442,224.5514456172976
7.656000000000001,1.4326368899083528,224.05112356663648
7.657,1.4325115778795932,223.55421111969633
7.658,1.4323866749510352,223.060685283821
7.659,1.4322621877231951,222.57052241118768
7.66,1.4321381227033236,222.08369820378704
7.661,1.4320144863037179,221.6001877185672
7.662,1.431891284840051,221.11996537275198
7.663,1.4317685245297251,220.64300494931894
7.664000000000001,1.431646211490246,220.16927960264996
7.665,1.4315243517376188,219.6987618643423
7.666,1.4314029511847663,219.23142364918442
7.667,1.4312820156399724,218.7672362612942
7.668,1.4311615508053461,218.30617040041804
7.669,1.4310415622753112,217.84819616838737
7.67,1.4309220555351196,217.39328307573896
7.671,1.4308030359593884,216.94140004848333
7.672000000000001,1.4306845088106641,216.49251543503712
7.673,1.4305664792380088,216.04659701330192
7.674,1.4304489522756163,215.6036119979024
7.675,1.4303319328414499,215.16352704756628
7.676,1.430215425735909,214.72630827266295
7.677,1.4300994356405228,214.2919212428803
7.678,1.4299839671166712,213.86033099505403
7.679,1.4298690246043295,213.4315020411368
7.68,1.4297546124208462,213.00539837631052
7.681,1.4296407347597455,212.5819834872396
7.682,1.4295273956895596,212.16122036046193
7.683,1.429414599152688,211.74307149091362
7.684,1.4293023489642893,211.32749889059562
7.685,1.4291906488111976,210.91446409736233
7.686,1.4290795022508729,210.50392818385245
7.687,1.4289689127103793,210.09585176653655
7.688,1.4288588834853921,209.69019501490118
7.689,1.4287494177392406,209.28691766075107
7.69,1.4286405185019735,208.88597900763529
7.691,1.428532188669463,208.4873379403939
7.692,1.4284244310025358,208.0909529348229
7.693,1.4283172481261368,207.69678206745056
7.694,1.4282106425285257,207.30478302543497
7.695,1.4281046165605018,206.9149131165633
7.696,1.427999172434666,206.52712927936838
7.697,1.4278943122247116,206.14138809334335
7.698,1.42779003786475,205.75764578926785
7.699,1.4276863511486664,205.37585825962964
7.7,1.427583253729511,204.9959810691497
7.701,1.4274807471189235,204.6179694653998
7.702,1.4273788326865882,204.24177838951874
7.703,1.4272775116597276,203.8673624870147
7.704,1.427176785122623,203.4946761186614
7.705,1.4270766540161735,203.12367337147947
7.706,1.426977119137492,202.75430806979773
7.707,1.4268781811395248,202.38653378640208
7.708,1.4267798405307182,202.02030385375707
7.709,1.4266820976747099,201.65557137530595
7.71,1.4265849527900587,201.29228923684605
7.711,1.4264884059500107,200.93041011796865
7.712,1.4263924570822948,200.5698865035723
7.713,1.4262971059689606,200.21067069543773
7.714,1.4262023522462415,199.85271482386662
7.715,1.4261081954044628,199.49597085937745
7.716,1.426014634787978,199.14039062446085
7.717,1.4259216695951418,198.78592580538572
7.718,1.4258292988783214,198.43252796405977
7.719,1.4257375215439365,198.08014854993115
7.72,1.4256463363525413,197.72873891194487
7.721,1.4255557419189393,197.37825031053376
7.722,1.4254657367123293,197.0286339296504
7.723,1.4253763190564932,196.6798408888365
7.724,1.4252874871300159,196.3318222553267
7.725,1.4251992389665384,195.98452905617808
7.726,1.4251115724550514,195.637912290435
7.727,1.4250244853402179,195.29192294130794
7.728,1.4249379752227365,194.94651198838352
7.729,1.4248520395597362,194.6016304198485
7.73,1.4247666756652069,194.2572292447286
7.731,1.4246818807104684,193.91325950514127
7.732,1.4245976517246663,193.56967228855888
7.733,1.4245139855953126,193.22641874007462
7.734,1.4244308790688547,192.88345007467683
7.735,1.4243483287512793,192.54071758951926
7.736,1.4242663311087547,192.19817267619123
7.737,1.4241848824683037,191.85576683298044
7.738,1.4241039790185115,191.5134516771296
7.739,1.4240236168102718,191.1711789570768
7.74,1.4239437917575597,190.82890056468648
7.741,1.4238644996382464,190.4865685474569
7.742,1.423785736094941,190.14413512071144
7.743,1.4237074966358712,189.80155267976198
7.744,1.423629776635794,189.4587738120494
7.745,1.42355257133694,189.11575130924828
7.746,1.4234758758499935,188.77243817934556
7.747,1.4233996851551023,188.42878765867343
7.748,1.4233239941029225,188.0847532239159
7.749,1.423248797415694,187.74028860405906
7.75,1.4231740896883502,187.39534779230766
7.751,1.4230998653896565,187.04988505794495
7.752,1.4230261188633853,186.7038549581473
7.753,1.4229528443295187,186.3572123497396
7.754,1.4228800358854854,186.00991240089877
7.755,1.4228076875074238,185.6619106027906
7.756,1.4227357930514835,185.31316278114872
7.757000000000001,1.422664346255151,184.9636251077843
7.758,1.4225933407386069,184.61325411202674
7.759,1.4225227700061165,184.26200669209572
7.76,1.4224526274474456,183.90984012639257
7.761,1.422382906339307,183.55671208471722
7.762,1.4223135998468406,183.2025806394057
7.763,1.4222447010251127,182.84740427637894
7.764,1.422176202820656,182.4911419061109
7.765000000000001,1.4221080980730236,182.13375287450228
7.766,1.422040379516385,181.77519697366571
7.767,1.421973039781138,181.4154344526124
7.768,1.4219060713955554,181.0544260278455
7.769,1.4218394667874543,180.69213289384865
7.77,1.4217732182858926,180.32851673347375
7.771,1.4217073181228923,179.96353972821947
7.772,1.4216417584351873,179.59716456840758
7.773000000000001,1.4215765312659971,179.2293544632389
7.774,1.4215116285668261,178.86007315074437
7.775,1.4214470421992849,178.48928490761145
7.776,1.4213827639369372,178.11695455889623
7.777,1.4213187854671716,177.7430474876125
7.778,1.4212550983930932,177.36752964419503
7.779,1.4211916942354412,176.99036755583637
7.78,1.4211285644345273,176.6115283356973
7.781000000000001,1.4210657003521963,176.23097969197852
7.782,1.4210030932738063,175.84868993686734
7.783,1.420940734410235,175.46462799533631
7.784,1.4208786148999006,175.07876341381382
7.785,1.4208167258108064,174.6910663687056
7.786,1.4207550581426027,174.3015076747751
7.787,1.4206936028286725,173.91005879337723
7.788,1.4206323507382286,173.51669184054555
7.789000000000001,1.4205712926784357,173.1213795949247
7.79,1.4205104193965463,172.72409550555545
7.791,1.4204497215820553,172.3248136994981
7.792,1.4203891898688707,171.9235089893064
7.793,1.4203288148375024,171.5201568803368
7.794,1.420268587017262,171.1147335778981
7.795,1.420208496888486,170.70721599423774
7.796,1.4201485348847631,170.2975817553647
7.797000000000001,1.420088691395187,169.88580920770073
7.798,1.420028956766613,169.47187742456956
7.799,1.4199693213059355,169.05576621250714
7.8,1.419909775282372,168.63745611740688
7.801,1.4198503089297643,168.21692843048305
7.802,1.4197909124488879,167.7941651940655
7.803,1.4197315760097744,167.36914920720835
7.804,1.419672289754042,166.94186403112883
7.805000000000001,1.419613043797239,166.5122939944526
7.806,1.4195538282311957,166.08042419828973
7.807,1.4194946331263838,165.64624052111503
7.808,1.419435448534286,165.2097296234698
7.809,1.419376264489771,164.77087895247286
7.81,1.419317071013479,164.3296767461453
7.811,1.4192578581142106,163.8861120375405
7.812,1.419198615791326,163.44017465869013
7.813,1.4191393340371428,162.99185524435137
7.814,1.419080002839346,162.5411452355639
7.815,1.4190206121833995,162.08803688300773
7.816,1.4189611520549597,161.6325232501719
7.817,1.4189016124422944,161.1745982163179
7.818,1.4188419833387058,160.7142564792523
7.819,1.4187822547449502,160.25149355789335
7.82,1.4187224166716668,159.7863057946434
7.821,1.4186624591417998,159.318690357555
7.822,1.4186023721930274,158.84864524230028
7.823,1.4185421458801866,158.37616927393253
7.824,1.418481770277698,157.90126210844772
7.825,1.4184212354819898,157.42392423414194
7.826,1.4183605316139203,156.94415697276074
7.827,1.4182996488211965,156.46196248044583
7.828,1.4182385772807913,155.97734374847806
7.829,1.4181773072013542,155.49030460380453
7.83,1.4181158288256215,155.00084970937323
7.831,1.4180541324328204,154.50898456424545
7.832,1.4179922083410628,154.01471550351164
7.833,1.4179300469097442,153.51804969799343
7.834,1.4178676385419218,153.01899515373879
7.835,1.4178049736866989,152.51756071130887
7.836,1.4177420428415919,152.01375604485676
7.837,1.4176788365548938,151.50759166099576
7.838,1.4176153454280285,150.99907889746197
7.839,1.417551560117892,150.48822992156408
7.84,1.4174874713391903,149.9750577284276
7.841,1.4174230698667591,149.4595761390297
7.842,1.4173583465378783,148.9417997980247
7.843,1.4172932922545713,148.42174417136084
7.844,1.417227897985894,147.89942554369225
7.845,1.4171621547702098,147.37486101557906
7.846,1.4170960537174504,146.84806850048307
7.847,1.417029586011366,146.31906672155466
7.848,1.4169627429117566,145.78787520821587
7.849,1.4168955157566911,145.25451429253224
7.85,1.4168278959647116,144.71900510538634
7.851,1.416759875037016,144.18136957244013
7.852,1.4166914445596317,143.64163040989786
7.853,1.416622596205567,143.0998111200613
7.854,1.4165533217369446,142.55593598668804
7.855,1.4164836130071186,142.010030070139
7.856,1.4164134619627742,141.46211920233694
7.857,1.4163428606460025,140.91222998151397
7.858,1.4162718011963606,140.36038976676525
7.859,1.4162002758529102,139.8066266724054
7.86,1.4161282769562333,139.25096956212514
7.861,1.416055796950427,138.69344804295224
7.862,1.4159828283850802,138.13409245902142
7.863,1.4159093639172204,137.57293388514617
7.864,1.4158353963132453,137.01000412020085
7.865,1.4157609184508257,136.44533568031085
7.866,1.4156859233207884,135.87896179185515
7.867,1.4156104040289685,135.3109163842774
7.868,1.4155343537980463,134.7412340827145
7.869,1.415457765969349,134.1699502004349
7.87,1.4153806340046329,133.59710073109852
7.871,1.415302951487838,133.02272234083165
7.872,1.4152247121268149,132.44685236012145
7.873,1.4151459097550243,131.86952877553344
7.874,1.4150665383332104,131.29079022125174
7.875,1.4149865919510454,130.71067597043978
7.876,1.414906064828745,130.12922592643793
7.877,1.414824951318656,129.5464806137773
7.878,1.4147432459068146,128.96248116903433
7.879,1.4146609432144723,128.37726933150992
7.88,1.4145780379995976,127.79088743375138
7.881,1.4144945251583396,127.20337839190083
7.882000000000001,1.4144103997264663,126.61478569589337
7.883,1.4143256568807698,126.02515339948695
7.884,1.4142402919404393,125.43452611013919
7.885,1.4141543003684025,124.84294897872951
7.886,1.414067677772635,124.25046768912776
7.887,1.4139804199074355,123.6571284476139
7.888,1.4138925226746697,123.06297797214881
7.889,1.4138039821249795,122.46806348149829
7.890000000000001,1.4137147944589585,121.87243268421798
7.891,1.4136249560282939,121.27613376749238
7.892,1.413534463336874,120.67921538584193
7.893,1.4134433130418589,120.08172664968842
7.894,1.4133515019547198,119.4837171137925
7.895,1.4132590270422387,118.88523676555658
7.896,1.4131658854274771,118.28633601320348
7.897,1.413072074390704,117.68706567382958
7.898000000000001,1.4129775913702913,117.08747696133321
7.899,1.4128824339635702,116.4876214742253
7.9,1.4127865999276537,115.88755118332423
7.901,1.4126900871802182,115.28731841933416
7.902,1.4125928938002525,114.68697586031715
7.903,1.4124950180287645,114.08657651904889
7.904,1.4123964582694548,113.48617373027852
7.905,1.4122972130893487,112.8858211378793
7.906000000000001,1.4121972812193928,112.28557268190397
7.907,1.4120966615550108,111.68548258554
7.908,1.4119953531566236,111.08560534197699
7.909,1.4118933552501294,110.48599570117705
7.91,1.4117906672273424,109.88670865656619
7.911,1.411687288646398,109.28779943163133
7.912,1.4115832192321152,108.68932346644812
7.913,1.4114784588763183,108.0913364041212
7.914000000000001,1.4113730076381243,107.49389407715623
7.915,1.4112668657441851,106.8970524937568
7.916,1.4111600335888947,106.30086782405638
7.917,1.4110525117345523,105.70539638628208
7.918,1.4109443009114906,105.11069463286105
7.919,1.4108354020181584,104.51681913646365
7.92,1.410725816121169,103.9238265759962
7.921,1.4106155444553032,103.33177372254087
7.922000000000001,1.4105045884234764,102.74071742524444
7.923,1.410392949596662,102.15071459716586
7.924,1.410280629713777,101.56182220108252
7.925,1.410167630681528,100.97409723525445
7.926,1.410053954574213,100.38759671915784
7.927,1.4099396036334861,99.8023776791861
7.928,1.4098245802680818,99.2184971343226
7.929,1.409708887053497,98.63601208178923
7.930000000000001,1.4095925267316363,98.05497948267623
7.931,1.4094755022104117,97.47545624755003
7.932,1.4093578165633063,96.89749922205291
7.933,1.409239473028898,96.32116517248662
7.934,1.4091204750103399,95.74651077139634
7.935,1.4090008260748017,95.17359258314144
7.936,1.4088805299528744,94.60246704947724
7.937,1.40875959053793,94.03319047513219
7.938,1.408638011885445,93.46581901339664
7.939,1.4085157982122822,92.90040865171972
7.94,1.408392953895934,92.33701519732449
7.941,1.4082694834737264,91.77569426283583
7.942,1.4081453916419826,91.21650125193537
7.943,1.4080206832551476,90.65949134503376
7.944,1.4078953633248739,90.10471948498287
7.945,1.4077694370190685,89.55224036280583
7.946,1.4076429096609016,89.00210840347745
7.947,1.4075157867277757,88.45437775173002
7.948,1.4073880738502567,87.90910225791328
7.949,1.4072597768109658,87.3663354638918
7.95,1.407130901543437,86.82613058899909
7.951,1.4070014541309321,86.28854051603957
7.952,1.4068714408052208,85.75361777735031
7.953,1.406740867945323,85.22141454092235
7.954,1.4066097420762147,84.69198259658538
7.955,1.4064780698674957,84.16537334226041
7.956,1.406345858132022,83.6416377702825
7.957,1.4062131138245002,83.12082645379786
7.958,1.4060798440400488,82.60298953323968
7.959,1.40594605601272,82.08817670288175
7.96,1.4058117571139892,81.5764371974825
7.961,1.4056769548512087,81.06781977901028
7.962,1.4055416568660248,80.56237272346527
7.963,1.405405870932763,80.06014380779163
7.964,1.4052696049567759,79.56118029689287
7.965,1.4051328669727607,79.06552893074343
7.966,1.404995665143042,78.5732359116102
7.967,1.4048580077558186,78.08434689137573
7.968,1.404719903223383,77.59890695897855
7.969,1.404581360080303,77.11696062796676
7.97,1.4044423869815754,76.63855182416665
7.971,1.4043029927007458,76.16372387347485
7.972,1.4041631861279975,75.69251948977546
7.973,1.4040229762682117,75.22498076298086
7.974,1.4038823722389924,74.76114914720984
7.975,1.4037413832686678,74.30106544908983
7.976,1.4036000186942557,73.84476981620548
7.977,1.403458287959405,73.3923017256821
7.978,1.4033162006123057,72.9436999729113
7.979,1.4031737663035697,72.49900266042482
7.98,1.4030309947840884,72.05824718691758
7.981,1.402887895902857,71.62147023641853
7.982,1.402744479604777,71.18870776762333
7.983,1.4026007559284293,70.75999500337622
7.984,1.4024567350038213,70.33536642031834
7.985,1.402312427050113,69.91485573869875
7.986,1.402167842373311,69.49849591234795
7.987,1.4020229913639435,69.08631911882355
7.988,1.4018778844947115,68.67835674972741
7.989,1.4017325323181122,68.27463940119264
7.99,1.4015869454640446,67.8751968645555
7.991,1.4014411346373892,67.48005811719838
7.992,1.401295110615568,67.0892513135783
7.993,1.4011488842460822,66.70280377644178
7.994,1.4010024664440313,66.32074198822426
7.995,1.400855868189606,65.94309158263752
7.996,1.4007091005255718,65.56987733645371
7.997,1.4005621745547234,65.20112316147777
7.998,1.4004151014373258,64.83685209672046
7.999,1.400267892388539,64.4770863007692
8.0,1.4001205586758192,64.1218470443581
